_url,name,points,uci_points,length,climb_total,profile,startlist_quality,average_temperature,is_tarmac,is_cobbled,is_gravel,climb/length
tour-de-france/1978/stage-6,Tour de France,100,,162000,1101,1,1241,,1,0,0,0.006796296296296296
vuelta-a-espana/2016/stage-14,Vuelta a España,80,100,196000,5575,5,821,,1,0,0,0.02844387755102041
tour-de-france/2019/stage-21,Tour de France,100,120,128000,781,1,1699,,1,0,0,0.0061015625
volta-a-catalunya/1999/prologue,Volta Ciclista a Catalunya,50,,8100,,,804,,1,0,0,
tour-de-france/2022/stage-9,Tour de France,100,120,192900,3743,3,1551,24,1,0,0,0.01940383618455158
vuelta-a-espana/2017/stage-20,Vuelta a España,80,100,117500,3817,5,899,,1,0,0,0.032485106382978725
tour-de-france/1978/stage-14,Tour de France,100,,52000,1351,5,1241,,1,0,0,0.02598076923076923
volta-a-catalunya/2018/stage-7,Volta Ciclista a Catalunya,50,50,154800,2008,2,659,,1,0,0,0.012971576227390182
volta-a-catalunya/1981/stage-2b,Volta Ciclista a Catalunya,50,,30000,,,388,,1,0,0,
paris-nice/1994/stage-8b,Paris - Nice,50,,12500,,,900,,1,0,0,
tirreno-adriatico/1984/stage-1,Tirreno-Adriatico,50,,189000,,,541,,1,0,0,
dauphine/1991/stage-2,Critérium du Dauphiné Libéré,50,,222000,,,830,,1,0,0,
dauphine/2022/stage-7,Critérium du Dauphiné,50,60,134800,3828,5,789,22,1,0,0,0.028397626112759644
ronde-van-vlaanderen/1980/result,Ronde van Vlaanderen / Tour des Flandres,275,,265000,,,602,,0,0,0,
volta-a-catalunya/2015/stage-4,Volta Ciclista a Catalunya,50,6,188400,3867,3,817,,1,0,0,0.02052547770700637
milano-sanremo/2004/result,Milano-Sanremo,275,,294000,,,1400,,0,0,0,
tour-de-suisse/1997/stage-6,Tour de Suisse,50,,193900,,,1161,,1,0,0,
tirreno-adriatico/2005/stage-2,Tirreno-Adriatico,50,,181000,,3,1040,,1,0,0,
giro-d-italia/2019/stage-14,Giro d'Italia,80,100,131000,4187,4,896,,1,0,0,0.0319618320610687
tirreno-adriatico/1984/stage-5,Tirreno-Adriatico,50,,211000,,,541,,1,0,0,
vuelta-a-espana/1994/stage-3,Vuelta a España,80,,239000,1082,,791,,1,0,0,0.0045271966527196655
vuelta-a-espana/1993/stage-21,Vuelta a España,80,,44600,818,,819,,1,0,0,0.018340807174887893
tour-de-suisse/2021/stage-4,Tour de Suisse,50,60,171000,1940,2,670,,1,0,0,0.011345029239766082
gran-camino/2022/stage-2,Gran Camiño,20,14,177600,3006,3,225,,1,0,0,0.016925675675675676
vuelta-a-espana/1980/stage-19,Vuelta a España,80,,84000,,,520,,1,0,0,
giro-d-italia/1999/stage-8,Giro d'Italia,80,,253000,,5,1057,,1,0,0,
tour-de-suisse/1983/stage-5b,Tour de Suisse,50,,19000,,,809,,1,0,0,
vuelta-a-espana/1988/stage-21,Vuelta a España,80,,202000,2500,,828,,1,0,0,0.012376237623762377
volta-a-catalunya/2022/stage-3,Volta Ciclista a Catalunya,50,50,161100,3394,5,722,,1,0,0,0.02106765983860956
vuelta-a-espana/1984/stage-11,Vuelta a España,80,,182000,,,747,,1,0,0,
tour-de-france/2022/stage-2,Tour de France,100,120,202200,1149,1,1551,22,1,0,0,0.005682492581602374
tour-de-romandie/2009/stage-1,Tour de Romandie,50,,87000,,,714,,1,0,0,
tirreno-adriatico/2005/stage-6,Tirreno-Adriatico,50,,164000,,1,1040,,1,0,0,
paris-nice/1985/stage-6,Paris - Nice,50,,171000,,,815,,1,0,0,
volta-a-catalunya/2004/stage-6,Volta a Catalunya,50,,148100,,3,376,,1,0,0,
giro-d-italia/2004/stage-18,Giro d'Italia,80,,118000,3813,5,621,,1,0,0,0.0323135593220339
volta-a-catalunya/2012/stage-2,Volta Ciclista a Catalunya,50,,161000,,2,760,,1,0,0,
vuelta-a-espana/2019/stage-9,La Vuelta ciclista a España,80,100,94400,3300,5,798,,1,0,0,0.034957627118644065
giro-d-italia/2016/stage-6,Giro d'Italia,80,100,157000,3749,5,933,,1,0,0,0.023878980891719744
tour-de-france/1997/stage-15,Tour de France,100,,208500,5000,4,1994,,1,0,0,0.023980815347721823
tour-de-france/2000/stage-8,Tour de France,100,,203500,2570,1,1437,,1,0,0,0.01262899262899263
tour-de-france/1981/stage-2,Tour de France,100,,254000,3500,1,1362,,1,0,0,0.013779527559055118
volta-a-catalunya/1993/prologue,Volta Ciclista a Catalunya,50,,6800,,,884,,1,0,0,
tirreno-adriatico/1999/stage-4,Tirreno-Adriatico,50,,197000,,,1150,,1,0,0,
tour-de-france/1981/stage-15,Tour de France,100,,231000,4000,4,1362,,1,0,0,0.017316017316017316
tour-de-suisse/1998/stage-1,Tour de Suisse,50,,178000,,,971,,1,0,0,
giro-d-italia/2017/stage-15,Giro d'Italia,80,100,199000,2255,2,881,,1,0,0,0.011331658291457287
dauphine/1983/stage-6,Critérium du Dauphiné Libéré,50,,190000,,,621,,1,0,0,
la-fleche-wallone/2015/result,La Flèche Wallonne,225,,205500,3030,3,1112,,0,0,0,0.014744525547445255
vuelta-a-espana/2014/stage-9,Vuelta a España,80,16,185000,3080,5,1175,,1,0,0,0.016648648648648647
giro-d-italia/2011/stage-13,Giro d'Italia,80,16,167000,4208,5,891,,1,0,0,0.025197604790419163
giro-d-italia/2010/stage-9,Giro d'Italia,80,16,188000,1018,3,878,,1,0,0,0.005414893617021277
e3-harelbeke/2002/result,E3-Prijs Harelbeke,125,,209000,,2,400,,0,0,0,
paris-nice/2018/stage-3,Paris - Nice,50,60,210000,2380,2,936,,1,0,0,0.011333333333333334
vuelta-a-espana/2020/stage-7,La Vuelta ciclista a España,80,100,159700,2657,2,692,,1,0,0,0.016637445209768315
tirreno-adriatico/1994/stage-6,Tirreno-Adriatico,50,,137000,,,727,,1,0,0,
itzulia-basque-country/2007/stage-3,Vuelta al País Vasco,50,,173000,,,1002,,1,0,0,
itzulia-basque-country/2012/stage-1,Vuelta Ciclista al País Vasco,50,6,154000,2703,,928,,1,0,0,0.01755194805194805
tirreno-adriatico/2018/stage-2,Tirreno-Adriatico,50,60,167000,776,1,1196,,1,0,0,0.0046467065868263475
vuelta-a-espana/1988/stage-18,Vuelta a España,80,,212500,3610,,828,,1,0,0,0.016988235294117648
tour-de-france/2002/stage-14,Tour de France,100,,221000,4000,5,1489,,1,0,0,0.01809954751131222
tirreno-adriatico/2020/stage-2,Tirreno-Adriatico,50,60,201000,1492,2,687,,1,0,0,0.0074228855721393035
vuelta-a-espana/1980/stage-18,Vuelta a España,80,,197000,,,520,,1,0,0,
vuelta-a-espana/1994/stage-8,Vuelta a España,80,,39500,403,,791,,1,0,0,0.01020253164556962
vuelta-a-espana/1993/stage-4,Vuelta a España,80,,233400,1375,,819,,1,0,0,0.005891173950299915
tirreno-adriatico/1996/stage-4,Tirreno-Adriatico,50,,205000,,,585,,1,0,0,
tour-de-suisse/1986/stage-2,Tour de Suisse,50,,136500,,,835,,1,0,0,
tour-de-suisse/1987/stage-4,Tour de Suisse,50,,25000,,,673,,1,0,0,
vuelta-a-espana/1980/stage-8,Vuelta a España,80,,160000,,,520,,1,0,0,
liege-bastogne-liege/1999/result,Liège - Bastogne - Liège,275,,264000,,,1328,,0,0,0,
giro-d-italia/2021/stage-14,Giro d'Italia,80,100,205000,3580,5,885,,1,0,0,0.017463414634146343
tour-de-romandie/1989/stage-6,Tour de Romandie,50,,189200,,,502,,1,0,0,
tour-de-france/1997/stage-2,Tour de France,100,,262000,2808,1,1994,,1,0,0,0.010717557251908398
giro-d-italia/2015/stage-21,Giro d'Italia,80,16,185000,142,1,861,,1,0,0,0.0007675675675675675
paris-roubaix/2021/result,Paris-Roubaix,275,500,257700,1360,1,982,13,0,0,0,0.005277454404346139
giro-d-italia/1998/stage-3,Giro d'Italia,80,,196000,,,923,,1,0,0,
vuelta-a-espana/2018/stage-9,La Vuelta ciclista a España,80,100,200800,4399,5,1036,,1,0,0,0.021907370517928286
tour-de-france/2013/stage-12,Tour de France,100,20,218000,1425,1,1690,,1,0,0,0.006536697247706422
vuelta-a-espana/1985/stage-9,Vuelta a España,80,,253000,3500,,925,,1,0,0,0.01383399209486166
paris-nice/2004/stage-5,Paris - Nice,50,,215000,,,989,,1,0,0,
paris-nice/2016/stage-5,Paris - Nice,50,60,198000,3089,4,1109,,1,0,0,0.015601010101010102
vuelta-a-espana/2002/stage-10,Vuelta a España,80,,36500,355,1,1084,,1,0,0,0.009726027397260273
vuelta-a-espana/1989/stage-21,Vuelta a España,80,,188500,4695,,803,,1,0,0,0.024907161803713527
giro-d-italia/1997/stage-21,Giro d'Italia,80,,238000,,,792,,1,0,0,
tour-de-suisse/1988/stage-5,Tour de Suisse,50,,199000,,,548,,1,0,0,
volta-a-catalunya/2009/stage-2,Volta Ciclista a Catalunya,50,,163100,,2,668,,1,0,0,
vuelta-a-espana/1993/stage-6,Vuelta a España,80,,24100,814,,819,,1,0,0,0.03377593360995851
tour-de-suisse/1999/stage-8,Tour de Suisse,50,,168600,,,900,,1,0,0,
tour-de-france/2011/stage-1,Tour de France,100,20,191500,1286,3,1713,,1,0,0,0.0067154046997389034
tour-de-france/2008/stage-10,Tour de France,100,,156000,3794,5,1520,,1,0,0,0.02432051282051282
tour-de-france/1990/stage-1,Tour de France,100,,138500,1232,1,1959,,1,0,0,0.008895306859205776
tour-de-romandie/2015/stage-6,Tour de Romandie,50,6,17300,214,2,883,,1,0,0,0.012369942196531793
volta-a-catalunya/1993/stage-5,Volta Ciclista a Catalunya,50,,201000,5049,,884,,1,0,0,0.02511940298507463
volta-a-catalunya/1998/stage-1a,Volta Ciclista a Catalunya,50,,79200,,,859,,1,0,0,
tour-de-france/1992/stage-7,Tour de France,100,,196500,2010,1,2047,,1,0,0,0.010229007633587786
dauphine/2017/stage-7,Critérium du Dauphiné,50,60,167500,4717,5,1024,,1,0,0,0.028161194029850747
vuelta-a-espana/1984/stage-13,Vuelta a España,80,,170000,,,747,,1,0,0,
tour-de-suisse/1992/stage-10,Tour de Suisse,50,,188000,,,533,,1,0,0,
tour-de-suisse/1996/stage-1,Tour de Suisse,50,,190100,,,971,,1,0,0,
vuelta-a-espana/1989/stage-13,Vuelta a España,80,,161000,2500,,803,,1,0,0,0.015527950310559006
giro-d-italia/2016/stage-9,Giro d'Italia,80,100,40500,561,2,933,,1,0,0,0.013851851851851851
la-fleche-wallone/2000/result,La Flèche Wallonne,225,,198000,,3,819,,0,0,0,
tour-de-france/1983/stage-11,Tour de France,100,,177000,1202,1,1269,,1,0,0,0.006790960451977401
tour-de-suisse/1992/stage-4,Tour de Suisse,50,,32200,,,533,,1,0,0,
uae-tour/2019/stage-2,UAE Tour,50,40,184000,255,1,751,,1,0,0,0.0013858695652173912
liege-bastogne-liege/2002/result,Liège - Bastogne - Liège,275,,258000,,,1202,,0,0,0,
volta-a-catalunya/1970/stage-9,Volta Ciclista a Catalunya,50,,124200,,,570,,1,0,0,
tour-de-suisse/1986/stage-3,Tour de Suisse,50,,217500,,,835,,1,0,0,
gran-camino/2022/stage-3,Gran Camiño,20,14,148400,2669,2,225,,1,0,0,0.017985175202156336
tour-de-france/2012/stage-17,Tour de France,100,20,143500,4383,5,1703,,1,0,0,0.03054355400696864
world-championship/2002/result,World Championships ME - Road Race,350,,256000,1608,,1416,,0,0,0,0.00628125
tour-de-romandie/1987/stage-4,Tour de Romandie,50,,156000,,,251,,1,0,0,
vuelta-a-espana/2001/stage-1,Vuelta a España,80,,12300,95,1,971,,1,0,0,0.007723577235772358
paris-nice/2017/stage-8,Paris - Nice,50,60,115500,2292,4,1158,,1,0,0,0.019844155844155845
tour-de-france/1978/stage-16,Tour de France,100,,240500,5492,5,1241,,1,0,0,0.022835758835758835
amstel-gold-race/2018/result,Amstel Gold Race,225,500,263000,3496,2,1139,,0,0,0,0.013292775665399239
tour-de-suisse/1982/prologue,Tour de Suisse,50,,4000,,,657,,1,0,0,
vuelta-a-espana/2020/stage-11,La Vuelta ciclista a España,80,100,170000,5098,5,692,,1,0,0,0.029988235294117645
tour-de-suisse/2015/stage-4,Tour de Suisse,50,6,193200,2323,3,1048,,1,0,0,0.012023809523809523
tour-de-romandie/1991/stage-6,Tour de Romandie,50,,194500,,,521,,1,0,0,
giro-d-italia/1996/stage-15,Giro d'Italia,80,,235000,,,1034,,1,0,0,
paris-nice/2019/stage-3,Paris - Nice,50,60,200000,896,1,1099,,1,0,0,0.00448
paris-nice/2000/prologue,Paris - Nice,50,,7900,,,880,,1,0,0,
itzulia-basque-country/2009/stage-6,Vuelta Ciclista al País Vasco,50,,24000,,,1029,,1,0,0,
tour-de-suisse/1977/stage-7,Tour de Suisse,50,,151000,,,627,,1,0,0,
tour-de-france/1981/stage-14,Tour de France,100,,38500,334,1,1362,,1,0,0,0.008675324675324675
vuelta-a-espana/2018/stage-15,La Vuelta ciclista a España,80,100,178200,4586,5,1036,,1,0,0,0.0257351290684624
dwars-door-vlaanderen/1999/result,Dwars door België / À travers la Belgique,75,,200000,,,340,,0,0,0,
tour-de-suisse/1990/stage-4,Tour de Suisse,50,,98000,,,767,,1,0,0,
dauphine/2005/stage-5,Critérium du Dauphiné Libéré,50,,219000,,,933,,1,0,0,
dauphine/2004/stage-7,Critérium du Dauphiné Libéré,50,,200000,,,737,,1,0,0,
vuelta-a-espana/2009/stage-1,Vuelta a España,80,,4800,13,1,1220,,1,0,0,0.0027083333333333334
itzulia-basque-country/2018/stage-6,Itzulia Basque Country,50,50,122200,2853,5,824,,1,0,0,0.02334697217675941
e3-harelbeke/2001/result,E3-Prijs Harelbeke,125,,209000,,2,369,,0,0,0,
tour-de-suisse/1987/stage-2,Tour de Suisse,50,,178500,,,673,,1,0,0,
tour-de-france/1999/stage-19,Tour de France,70,,57000,543,1,1255,,1,0,0,0.009526315789473685
amstel-gold-race/2006/result,Amstel Gold Race,225,,253100,,,1019,,0,0,0,
vuelta-a-espana/2007/stage-8,Vuelta a España,80,,49000,97,1,995,,1,0,0,0.001979591836734694
tirreno-adriatico/2022/stage-5,Tirreno-Adriatico,50,60,155000,2402,3,1059,,1,0,0,0.015496774193548387
vuelta-a-espana/1999/prologue,Vuelta a España,80,,6000,63,,1342,,1,0,0,0.0105
vuelta-a-espana/2022/stage-2,La Vuelta ciclista a España,80,100,175100,518,1,968,24,1,0,0,0.0029583095374071957
tour-de-suisse/2004/stage-9,Tour de Suisse,50,,25600,,,676,,1,0,0,
tour-de-france/1979/stage-15,Tour de France,100,,55500,1900,5,1381,,1,0,0,0.03423423423423423
amstel-gold-race/2022/result,Amstel Gold Race,225,500,254100,3460,2,705,10,0,0,0,0.01361668634395907
tour-de-suisse/2016/stage-9,Tour de Suisse,50,60,57000,2625,2,680,,1,0,0,0.046052631578947366
paris-nice/1997/stage-4,Paris - Nice,50,,197500,,,779,,1,0,0,
vuelta-a-espana/2010/stage-10,Vuelta a España,80,16,173700,2459,2,1123,,1,0,0,0.014156591824985607
itzulia-basque-country/2004/stage-5b,Vuelta al País Vasco,50,,8500,,,1020,,1,0,0,
tour-de-france/1984/stage-13,Tour de France,100,,220500,2799,2,1632,,1,0,0,0.012693877551020407
milano-sanremo/1983/result,Milano-Sanremo,275,,294000,,,1251,,0,0,0,
tour-de-france/1985/stage-10,Tour de France,100,,204500,3000,5,1470,,1,0,0,0.014669926650366748
dauphine/2009/stage-5,Critérium du Dauphiné Libéré,50,,154000,,,708,,1,0,0,
giro-d-italia/2014/stage-11,Giro d'Italia,80,16,249000,3435,2,892,,1,0,0,0.013795180722891567
vuelta-a-espana/1982/stage-1b,Vuelta a España,80,,97000,,,523,,1,0,0,
tirreno-adriatico/1990/stage-7,Tirreno-Adriatico,50,,178000,,,590,,1,0,0,
tour-de-suisse/1989/stage-6,Tour de Suisse,50,,203000,,,604,,1,0,0,
paris-nice/1995/stage-2,Paris - Nice,50,,187000,,,861,,1,0,0,
giro-d-italia/1999/stage-19,Giro d'Italia,80,,166000,,5,1057,,1,0,0,
giro-d-italia/2010/stage-21,Giro d'Italia,80,16,15300,288,2,878,,1,0,0,0.018823529411764704
dauphine/2023/stage-7,Critérium du Dauphiné,50,60,147900,4015,5,781,19,1,0,0,0.027146720757268424
dauphine/2004/stage-3,Critérium du Dauphiné Libéré,50,,180000,,,737,,1,0,0,
tour-de-france/1981/stage-12b,Tour de France,100,,133800,969,1,1362,,1,0,0,0.007242152466367713
uae-tour/2022/stage-1,UAE Tour,50,40,184000,1303,1,621,,1,0,0,0.007081521739130435
tour-de-romandie/1996/stage-2,Tour de Romandie,50,,188000,,,614,,1,0,0,
tour-de-france/1990/stage-9,Tour de France,100,,196000,2381,2,1959,,1,0,0,0.012147959183673469
vuelta-a-espana/1998/stage-7,Vuelta a España,80,,186000,1594,,1309,,1,0,0,0.00856989247311828
tour-de-suisse/2022/stage-8,Tour de Suisse,50,60,25600,131,1,767,,1,0,0,0.0051171875
paris-nice/1975/stage-7a,Paris - Nice,50,,105000,,,951,,1,0,0,
vuelta-a-espana/1984/stage-8,Vuelta a España,80,,269000,,,747,,1,0,0,
tour-de-france/1987/stage-24,Tour de France,100,,38000,472,2,1812,,1,0,0,0.012421052631578947
paris-nice/1992/stage-6,Paris - Nice,50,,180000,,,877,,1,0,0,
tour-de-france/2016/stage-13,Tour de France,100,120,37500,752,3,1758,,1,0,0,0.020053333333333333
paris-nice/1997/stage-6,Paris - Nice,50,,160500,,,779,,1,0,0,
tour-de-romandie/2012/stage-2,Tour de Romandie,50,6,149100,2459,4,727,,1,0,0,0.016492287055667337
vuelta-a-espana/1986/stage-12,Vuelta a España,80,,258000,4880,,843,,1,0,0,0.01891472868217054
tour-de-suisse/2008/stage-6,Tour de Suisse,50,,188100,,,1041,,1,0,0,
tour-de-france/2021/stage-18,Tour de France,100,120,129700,3561,5,1646,,1,0,0,0.02745566692367001
vuelta-a-espana/2003/stage-5,Vuelta a España,80,,166700,835,1,935,,1,0,0,0.005008998200359928
tour-de-suisse/2003/stage-6,Tour de Suisse,50,,135000,,,660,,1,0,0,
vuelta-a-espana/1988/stage-7,Vuelta a España,80,,160000,479,,828,,1,0,0,0.00299375
la-fleche-wallone/1996/result,La Flèche Wallonne,225,,200500,,,961,,0,0,0,
world-championship/1996/result,World Championships - Road Race,350,,252000,4981,,1238,,0,0,0,0.019765873015873014
tour-de-france/2001/stage-1,Tour de France,100,,194500,1885,1,1496,,1,0,0,0.009691516709511568
giro-d-italia/2020/stage-21,Giro d'Italia,80,100,15700,3,1,765,,1,0,0,0.0001910828025477707
dauphine/2000/stage-4,Criterium du Dauphiné Libére,50,,159000,,,494,,1,0,0,
tour-de-france/1991/stage-12,Tour de France,100,,192000,4000,4,1933,,1,0,0,0.020833333333333332
tour-de-romandie/1989/stage-3,Tour de Romandie,50,,123100,,,502,,1,0,0,
tour-de-romandie/2013/stage-2,Tour de Romandie,50,6,190300,2403,2,956,,1,0,0,0.012627430373095112
tour-de-france/1989/stage-17,Tour de France,100,,165000,5000,5,1849,,1,0,0,0.030303030303030304
tirreno-adriatico/2008/stage-2,Tirreno-Adriatico,50,,203000,,3,1136,,1,0,0,
vuelta-a-espana/1993/stage-12,Vuelta a España,80,,220700,1003,,819,,1,0,0,0.00454463072043498
tour-de-suisse/1970/stage-3,Tour de Suisse,50,,144000,,,393,,1,0,0,
volta-a-catalunya/2006/stage-6,Volta Ciclista a Catalunya,50,,166400,,2,882,,1,0,0,
tour-de-romandie/2001/stage-5,Tour de Romandie,50,,178000,,,597,,1,0,0,
tirreno-adriatico/2018/stage-5,Tirreno-Adriatico,50,60,178000,1946,3,1196,,1,0,0,0.01093258426966292
tirreno-adriatico/1997/stage-2,Tirreno-Adriatico,50,,131000,,,692,,1,0,0,
amstel-gold-race/1977/result,Amstel Gold Race,225,,230000,,,874,,0,0,0,
giro-d-italia/1991/stage-13,Giro d'Italia,80,,192000,,,908,,1,0,0,
ronde-van-vlaanderen/1990/result,Ronde van Vlaanderen / Tour des Flandres,275,,265000,,,888,,0,0,0,
tour-de-france/1979/stage-11,Tour de France,100,,33400,352,1,1381,,1,0,0,0.010538922155688623
uae-tour/2023/stage-5,UAE Tour,50,40,170000,522,1,530,29,1,0,0,0.0030705882352941175
volta-a-catalunya/2010/stage-6,Volta Ciclista a Catalunya,50,6,161900,,,722,,1,0,0,
giro-d-italia/1993/stage-5,Giro d'Italia,80,,212000,,,1089,,1,0,0,
e3-harelbeke/1978/result,E3-Prijs Harelbeke,125,,230000,,,446,,0,0,0,
giro-d-italia/2018/stage-10,Giro d'Italia,80,100,244000,4133,2,838,,1,0,0,0.016938524590163935
tour-de-france/1987/stage-1,Tour de France,100,,105500,723,1,1812,,1,0,0,0.006853080568720379
vuelta-a-espana/1993/stage-20,Vuelta a España,80,,247000,2363,,819,,1,0,0,0.009566801619433199
omloop-het-nieuwsblad/1995/result,Omloop Het Volk,125,,205000,,,373,,0,0,0,
tour-de-france/1997/stage-5,Tour de France,100,,261300,2212,1,1994,,1,0,0,0.008465365480290853
tour-de-france/1992/stage-15,Tour de France,100,,198000,2662,2,2047,,1,0,0,0.013444444444444445
tour-de-suisse/1998/stage-9,Tour de Suisse,50,,180000,,,971,,1,0,0,
tour-de-france/1996/stage-15,Tour de France,100,,176000,2629,1,1872,,1,0,0,0.0149375
tirreno-adriatico/1992/stage-5,Tirreno-Adriatico,50,,214000,,,638,,1,0,0,
giro-d-italia/2019/stage-16,Giro d'Italia,80,100,194000,5207,4,896,,1,0,0,0.02684020618556701
dauphine/2022/stage-3,Critérium du Dauphiné,50,60,169000,2707,5,789,20,1,0,0,0.01601775147928994
paris-nice/1989/stage-5,Paris - Nice,50,,178000,,,794,,1,0,0,
liege-bastogne-liege/1992/result,Liège - Bastogne - Liège,275,,262000,,,932,,0,0,0,
tirreno-adriatico/2013/stage-7,Tirreno-Adriatico,50,6,9200,6,1,1331,,1,0,0,0.0006521739130434783
dauphine/2017/stage-8,Critérium du Dauphiné,50,60,115000,4113,5,1024,,1,0,0,0.035765217391304345
tour-de-suisse/1976/stage-8,Tour de Suisse,50,,188000,,,377,,1,0,0,
itzulia-basque-country/2023/stage-2,Itzulia Basque Country,50,50,193800,3261,2,719,11,1,0,0,0.016826625386996905
paris-nice/1970/stage-2,Paris - Nice,50,,226000,,,1121,,1,0,0,
vuelta-a-espana/1991/stage-17,Vuelta a España,80,,152000,2561,,1042,,1,0,0,0.016848684210526314
vuelta-a-espana/1997/stage-20,Vuelta a España,80,,190000,2978,,1165,,1,0,0,0.015673684210526315
amstel-gold-race/2009/result,Amstel Gold Race,225,,258600,,3,1105,,0,0,0,
tour-de-france/2005/stage-13,Tour de France,100,,174000,1117,1,1535,,1,0,0,0.006419540229885058
tour-de-france/1982/stage-1,Tour de France,100,,207000,3367,2,1492,,1,0,0,0.016265700483091786
volta-a-catalunya/2011/stage-7,Volta Ciclista a Catalunya,50,6,124500,,,732,,1,0,0,
giro-d-italia/2000/stage-14,Giro d'Italia,80,,205000,4776,4,866,,1,0,0,0.023297560975609755
giro-d-italia/2002/prologue,Giro d'Italia,80,,6500,21,1,920,,1,0,0,0.0032307692307692306
tour-de-france/1978/stage-19,Tour de France,100,,182000,2000,2,1241,,1,0,0,0.01098901098901099
tour-de-suisse/2012/stage-4,Tour de Suisse,50,6,192700,2499,,917,,1,0,0,0.012968344577062791
tour-de-france/2023/stage-4,Tour de France,100,210,181800,1427,1,1584,25,1,0,0,0.00784928492849285
e3-harelbeke/1998/result,E3-Prijs Harelbeke,125,,201000,,,653,,0,0,0,
san-sebastian/2016/result,Clasica Ciclista San Sebastian,225,400,220200,3851,2,906,,0,0,0,0.017488646684831972
tour-de-france/1997/stage-8,Tour de France,100,,161500,1346,1,1994,,1,0,0,0.008334365325077399
tour-de-romandie/1993/stage-2,Tour de Romandie,50,,203700,,,551,,1,0,0,
paris-roubaix/1973/result,Paris - Roubaix,275,,272500,,,611,,0,0,0,
volta-a-catalunya/2021/stage-1,Volta Ciclista a Catalunya,50,50,178400,2819,4,772,,1,0,0,0.015801569506726457
vuelta-a-espana/2012/stage-12,Vuelta a España,80,16,184600,2589,3,852,,1,0,0,0.014024918743228603
paris-roubaix/2009/result,Paris - Roubaix,275,,259000,,1,607,,0,0,0,
vuelta-a-espana/1994/stage-10,Vuelta a España,80,,205000,3958,,791,,1,0,0,0.01930731707317073
vuelta-a-espana/2010/stage-20,Vuelta a España,80,,168800,4189,5,1123,,1,0,0,0.024816350710900475
vuelta-a-espana/2004/stage-6,Vuelta a España,80,,157000,1931,2,1177,,1,0,0,0.01229936305732484
amstel-gold-race/1974/result,Amstel Gold Race,225,,238000,,,389,,0,0,0,
paris-nice/1975/stage-3,Paris - Nice,50,,234000,,,951,,1,0,0,
tour-de-france/1983/stage-14,Tour de France,100,,149000,2500,4,1269,,1,0,0,0.016778523489932886
vuelta-a-espana/2010/stage-6,Vuelta a España,80,16,144000,1243,2,1123,,1,0,0,0.008631944444444444
tour-de-suisse/2001/stage-1,Tour de Suisse,50,,178800,,,873,,1,0,0,
tour-de-france/1985/stage-9,Tour de France,100,,173500,2890,3,1470,,1,0,0,0.01665706051873199
volta-a-catalunya/2017/stage-6,Volta Ciclista a Catalunya,50,50,189700,3163,4,883,,1,0,0,0.016673695308381656
itzulia-basque-country/2002/stage-4,Vuelta al País Vasco,50,,154000,,,966,,1,0,0,
paris-nice/2008/stage-4,Paris - Nice,30,,176000,,,775,,1,0,0,
tour-de-france/2011/stage-5,Tour de France,100,20,164500,1652,1,1713,,1,0,0,0.010042553191489362
giro-d-italia/1997/stage-18,Giro d'Italia,80,,40000,,,792,,1,0,0,
dauphine/2021/stage-2,Critérium du Dauphiné,50,60,172800,3224,2,790,,1,0,0,0.018657407407407407
la-fleche-wallone/1997/result,La Flèche Wallonne,225,,200500,,,1090,,0,0,0,
tour-de-suisse/1971/stage-3a,Tour de Suisse,50,,91000,,,302,,1,0,0,
tour-de-romandie/1983/stage-1,Tour de Romandie,50,,197000,,,478,,1,0,0,
san-sebastian/2006/result,Clasica Ciclista San Sebastian,225,,227000,,2,952,,0,0,0,
tirreno-adriatico/2010/stage-1,Tirreno-Adriatico,50,6,148000,1282,1,1176,,1,0,0,0.008662162162162161
tirreno-adriatico/2015/stage-5,Tirreno-Adriatico,50,6,196900,4335,5,1017,,1,0,0,0.02201625190452006
giro-d-italia/2002/stage-1,Giro d'Italia,80,,215000,452,1,920,,1,0,0,0.002102325581395349
giro-d-italia/2016/stage-13,Giro d'Italia,80,100,170000,3669,4,933,,1,0,0,0.02158235294117647
vuelta-a-espana/2018/stage-20,La Vuelta ciclista a España,80,100,97300,3429,5,1036,,1,0,0,0.0352415210688592
san-sebastian/2004/result,Clasica Ciclista San Sebastian,225,,227000,,2,1278,,0,0,0,
itzulia-basque-country/2019/stage-3,Itzulia Basque Country,50,50,191400,2356,3,762,,1,0,0,0.012309299895506791
vuelta-a-espana/1995/stage-14,Vuelta a España,80,,207000,1781,,883,,1,0,0,0.008603864734299516
vuelta-a-espana/1987/stage-10,Vuelta a España,80,,213000,3500,,838,,1,0,0,0.01643192488262911
dauphine/1977/stage-2,Critérium du Dauphiné Libéré,50,,204000,,,809,,1,0,0,
tour-de-suisse/1992/stage-7,Tour de Suisse,50,,225000,,,533,,1,0,0,
tour-de-romandie/2022/stage-1,Tour de Romandie,50,60,178000,2729,3,508,15,1,0,0,0.015331460674157303
tour-de-france/2007/stage-3,Tour de France,100,,236500,1397,1,1612,,1,0,0,0.0059069767441860465
giro-d-italia/2013/stage-12,Giro d'Italia,80,16,134000,1064,1,930,,1,0,0,0.007940298507462687
tour-de-suisse/1980/stage-9,Tour de Suisse,50,,265500,,,477,,1,0,0,
tour-de-france/2009/stage-17,Tour de France,100,,169500,4781,4,1557,,1,0,0,0.028206489675516224
tour-de-suisse/2011/stage-9,Tour de Suisse,50,6,32100,,,972,,1,0,0,
volta-a-catalunya/2013/stage-4,Volta Ciclista a Catalunya,50,6,217700,4777,5,811,,1,0,0,0.021943040881947633
vuelta-a-espana/1985/stage-12,Vuelta a España,80,,16000,1099,,925,,1,0,0,0.0686875
tour-de-romandie/2001/stage-2,Tour de Romandie,50,,171700,,,597,,1,0,0,
tour-de-france/1988/stage-4,Tour de France,100,,158000,1567,3,1941,,1,0,0,0.009917721518987342
tour-de-france/1982/stage-17,Tour de France,100,,251000,5000,4,1492,,1,0,0,0.0199203187250996
vuelta-a-espana/1984/stage-15,Vuelta a España,80,,121000,,,747,,1,0,0,
omloop-het-nieuwsblad/2005/result,Omloop Het Volk,125,,201000,,2,692,,0,0,0,
giro-d-italia/1995/stage-3,Giro d'Italia,80,,161000,,,1365,,1,0,0,
tour-de-romandie/2012/stage-1,Tour de Romandie,50,6,184500,2950,2,727,,1,0,0,0.015989159891598916
paris-nice/1985/stage-5,Paris - Nice,50,,211000,,,815,,1,0,0,
tour-de-france/2004/prologue,Tour de France,100,,6100,177,1,1555,,1,0,0,0.02901639344262295
strade-bianche/2019/result,Strade Bianche,225,300,184000,2993,3,680,,0,0,0,0.016266304347826086
dauphine/2001/stage-6,Criterium du Dauphiné Libére,50,,193000,,,442,,1,0,0,
san-sebastian/1993/result,Clasica Ciclista San Sebastian,225,,238000,,,1443,,0,0,0,
tour-de-france/2014/stage-6,Tour de France,100,20,194000,1422,1,1612,,1,0,0,0.0073298969072164944
tour-de-suisse/1993/stage-1,Tour de Suisse,50,,161000,,,655,,1,0,0,
il-lombardia/1975/result,Giro di Lombardia,275,,266000,,,393,,0,0,0,
tour-de-france/2008/stage-2,Tour de France,100,,164500,1888,3,1520,,1,0,0,0.011477203647416414
tour-de-romandie/2001/stage-3,Tour de Romandie,50,,25450,,,597,,1,0,0,
tour-de-suisse/2003/stage-4,Tour de Suisse,50,,168000,,,660,,1,0,0,
vuelta-a-espana/1990/stage-11,Vuelta a España,80,,203000,4500,,807,,1,0,0,0.022167487684729065
paris-nice/2021/stage-7,Paris - Nice,50,60,119200,3127,5,1044,,1,0,0,0.02623322147651007
tirreno-adriatico/1983/prologue,Tirreno-Adriatico,50,,9500,,,463,,1,0,0,
tour-de-suisse/1980/stage-7,Tour de Suisse,50,,163000,,,477,,1,0,0,
dwars-door-vlaanderen/1983/result,Dwars door België / À travers la Belgique,75,,222000,,,200,,0,0,0,
tour-de-suisse/1980/stage-4,Tour de Suisse,50,,110000,,,477,,1,0,0,
vuelta-a-espana/2017/stage-6,Vuelta a España,80,100,204400,2704,2,899,,1,0,0,0.013228962818003913
giro-d-italia/1993/stage-3,Giro d'Italia,80,,153000,,,1089,,1,0,0,
tour-de-france/2010/stage-16,Tour de France,100,20,199500,4721,4,1685,,1,0,0,0.023664160401002506
paris-nice/1982/prologue,Paris - Nice,50,,5700,,,721,,1,0,0,
tour-de-france/1978/stage-3,Tour de France,100,,244000,1705,3,1241,,1,0,0,0.006987704918032787
vuelta-a-espana/2005/stage-14,Vuelta a España,80,,172300,3655,5,960,,1,0,0,0.021213000580383053
vuelta-a-espana/2018/stage-7,La Vuelta ciclista a España,80,100,185700,2535,2,1036,,1,0,0,0.013651050080775445
tour-de-suisse/1988/stage-3,Tour de Suisse,50,,217000,,,548,,1,0,0,
dauphine/2016/stage-4,Criterium du Dauphiné,50,60,176000,1479,3,1182,,1,0,0,0.008403409090909092
itzulia-basque-country/2008/stage-5,Vuelta Ciclista al País Vasco,50,,162000,,,838,,1,0,0,
giro-d-italia/1996/stage-17,Giro d'Italia,80,,236000,,,1034,,1,0,0,
vuelta-a-espana/1982/stage-12,Vuelta a España,80,,200000,,,523,,1,0,0,
tour-de-suisse/2003/stage-8,Tour de Suisse,50,,32500,,,660,,1,0,0,
tour-de-france/1999/stage-5,Tour de France,100,,233500,1924,1,1255,,1,0,0,0.00823982869379015
milano-sanremo/2020/result,Milano-Sanremo,275,500,305000,2803,2,1005,,0,0,0,0.00919016393442623
tour-de-france/2011/stage-21,Tour de France,100,20,95000,436,1,1713,,1,0,0,0.004589473684210526
tour-de-suisse/1990/stage-10,Tour de Suisse,50,,199000,,,767,,1,0,0,
tour-de-france/1990/stage-18,Tour de France,100,,202000,321,1,1959,,1,0,0,0.001589108910891089
amstel-gold-race/1980/result,Amstel Gold Race,225,,238000,,,698,,0,0,0,
tirreno-adriatico/2019/stage-7,Tirreno-Adriatico,50,60,10100,9,1,1067,,1,0,0,0.0008910891089108911
tour-de-romandie/1973/stage-5,Tour de Romandie,50,,189100,,,352,,1,0,0,
tour-de-suisse/2002/stage-5,Tour de Suisse,50,,149000,,,673,,1,0,0,
vuelta-a-espana/2010/stage-17,Vuelta a España,80,,46000,101,1,1123,,1,0,0,0.0021956521739130434
tour-de-france/1989/stage-12,Tour de France,100,,242000,2648,2,1849,,1,0,0,0.010942148760330579
giro-d-italia/1997/stage-12,Giro d'Italia,80,,214000,,,792,,1,0,0,
tour-de-france/1982/stage-7,Tour de France,100,,234000,2596,1,1492,,1,0,0,0.011094017094017094
paris-nice/2002/stage-5,Paris - Nice,50,,188500,,,883,,1,0,0,
giro-d-italia/1990/stage-2,Giro d'Italia,80,,239000,,,1061,,1,0,0,
tour-de-france/2013/stage-19,Tour de France,100,20,204500,5567,4,1690,,1,0,0,0.027222493887530563
volta-a-catalunya/2005/stage-7,Volta Ciclista a Catalunya,50,,113100,,,850,,1,0,0,
volta-a-catalunya/2005/stage-4,Volta Ciclista a Catalunya,50,,237700,,5,850,,1,0,0,
tour-de-france/1979/stage-19,Tour de France,100,,162000,1568,2,1381,,1,0,0,0.009679012345679012
dauphine/2015/stage-8,Critérium du Dauphiné,50,6,156500,2979,5,997,,1,0,0,0.019035143769968052
tour-de-france/2016/stage-19,Tour de France,100,120,146000,4436,5,1758,,1,0,0,0.030383561643835617
volta-a-catalunya/1995/stage-1,Volta Ciclista a Catalunya,50,,191000,4475,,737,,1,0,0,0.02342931937172775
tour-de-france/1982/stage-3,Tour de France,100,,134000,1591,5,1492,,1,0,0,0.01187313432835821
paris-nice/1998/stage-4,Paris - Nice,50,,113000,,,960,,1,0,0,
giro-d-italia/1997/stage-11,Giro d'Italia,80,,155000,,,792,,1,0,0,
tour-de-suisse/1979/stage-7,Tour de Suisse,50,,139000,,,538,,1,0,0,
vuelta-a-espana/1983/stage-19,Vuelta a España,80,,135000,,,705,,1,0,0,
giro-d-italia/2007/stage-2,Giro d'Italia,80,,206000,2247,2,844,,1,0,0,0.010907766990291261
tour-de-romandie/2017/stage-3,Tour de Romandie,50,60,187000,2034,2,636,,1,0,0,0.010877005347593583
vuelta-a-espana/1983/stage-6,Vuelta a España,80,,235000,,,705,,1,0,0,
san-sebastian/2007/result,Clasica Ciclista San Sebastian,150,,225000,,2,869,,0,0,0,
dauphine/2001/prologue,Criterium du Dauphiné Libére,50,,4000,,,442,,1,0,0,
tour-de-suisse/1985/stage-6a,Tour de Suisse,50,,73000,,,699,,1,0,0,
giro-d-italia/2005/stage-12,Giro d'Italia,80,,178000,2120,4,929,,1,0,0,0.011910112359550562
vuelta-a-espana/1985/stage-19,Vuelta a España,80,,175000,1616,,925,,1,0,0,0.009234285714285714
paris-nice/1995/stage-8b,Paris - Nice,50,,12500,,,861,,1,0,0,
tour-de-suisse/1990/stage-1,Tour de Suisse,50,,158000,,,767,,1,0,0,
vuelta-a-espana/2014/stage-18,Vuelta a España,80,16,157000,2384,3,1175,,1,0,0,0.015184713375796178
vuelta-a-espana/2011/stage-5,Vuelta a España,80,16,187000,3510,3,1170,,1,0,0,0.018770053475935827
tour-de-suisse/1993/stage-3,Tour de Suisse,50,,195000,,,655,,1,0,0,
paris-nice/1982/stage-7b,Paris - Nice,50,,11000,,,721,,1,0,0,
tour-de-suisse/1994/stage-9,Tour de Suisse,50,,239000,,,616,,1,0,0,
volta-a-catalunya/1977/stage-1,Volta Ciclista a Catalunya,50,,213600,,,490,,1,0,0,
vuelta-a-espana/2009/stage-7,Vuelta a España,80,,30300,40,1,1220,,1,0,0,0.0013201320132013201
vuelta-a-espana/1991/stage-12,Vuelta a España,80,,111000,2646,,1042,,1,0,0,0.023837837837837838
milano-sanremo/1988/result,Milano-Sanremo,275,,294000,,,1063,,0,0,0,
tour-de-suisse/2014/stage-9,Tour de Suisse,50,6,156500,3834,5,944,,1,0,0,0.024498402555910542
dauphine/2006/stage-7,Critérium du Dauphiné Libéré,50,,131000,,,800,,1,0,0,
tour-de-france/1995/stage-2,Tour de France,100,,241000,2723,1,1871,,1,0,0,0.011298755186721991
volta-a-catalunya/2022/stage-1,Volta Ciclista a Catalunya,50,50,171200,1688,3,722,,1,0,0,0.00985981308411215
vuelta-a-espana/1996/stage-14,Vuelta a España,80,,202600,3067,,988,,1,0,0,0.015138203356367227
giro-d-italia/2018/stage-18,Giro d'Italia,80,100,196000,2314,5,838,,1,0,0,0.011806122448979592
paris-nice/1984/stage-7b,Paris - Nice,50,,10000,,,778,,1,0,0,
giro-d-italia/1994/stage-21,Giro d'Italia,80,,121000,,,1292,,1,0,0,
paris-nice/2014/stage-6,Paris - Nice,50,6,221500,2789,3,971,,1,0,0,0.012591422121896163
paris-nice/2012/stage-2,Paris - Nice,50,6,185000,826,1,1079,,1,0,0,0.004464864864864864
la-fleche-wallone/1986/result,La Flèche Wallonne,225,,248000,,,874,,0,0,0,
tour-de-france/2004/stage-9,Tour de France,100,,160500,2000,1,1555,,1,0,0,0.012461059190031152
paris-nice/2011/stage-6,Paris - Nice,50,6,27000,286,2,1038,,1,0,0,0.010592592592592593
tour-de-suisse/2007/prologue,Tour de Suisse,50,,3800,,,1089,,1,0,0,
e3-harelbeke/1996/result,E3-Prijs Harelbeke,125,,206000,,,480,,0,0,0,
vuelta-a-espana/1983/stage-5,Vuelta a España,80,,195000,,,705,,1,0,0,
tour-de-suisse/2005/stage-1,Tour de Suisse,50,,170000,,,971,,1,0,0,
tirreno-adriatico/2010/stage-5,Tirreno-Adriatico,50,6,216000,3210,4,1176,,1,0,0,0.014861111111111111
tour-de-suisse/2021/stage-2,Tour de Suisse,50,60,178000,2392,2,670,,1,0,0,0.01343820224719101
tour-de-france/2017/stage-21,Tour de France,100,120,105000,519,1,1791,,1,0,0,0.004942857142857143
dauphine/1975/stage-1b,Critérium du Dauphiné Libéré,50,,93000,,,889,,1,0,0,
tour-de-france/2009/stage-20,Tour de France,100,,167000,3767,5,1557,,1,0,0,0.02255688622754491
volta-a-catalunya/2022/stage-4,Volta Ciclista a Catalunya,50,50,166700,3538,5,722,,1,0,0,0.02122375524895021
gran-camino/2023/stage-4,O Gran Camiño,20,14,18100,308,2,156,11,1,0,0,0.01701657458563536
gp-quebec/2012/result,Grand Prix Cycliste de Quebec,225,,201600,,3,857,,0,0,0,
tour-de-france/2000/stage-18,Tour de France,100,,246500,2137,1,1437,,1,0,0,0.008669371196754564
volta-a-catalunya/2012/stage-4,Volta Ciclista a Catalunya,50,6,199000,,4,760,,1,0,0,
tirreno-adriatico/1973/stage-5a,Tirreno-Adriatico,50,,107000,,,536,,1,0,0,
tirreno-adriatico/1991/stage-1,Tirreno-Adriatico,50,,185000,,,710,,1,0,0,
tour-de-france/1984/stage-22,Tour de France,100,,51000,744,2,1632,,1,0,0,0.014588235294117647
tour-de-suisse/2012/stage-3,Tour de Suisse,50,6,188800,2778,,917,,1,0,0,0.014713983050847458
vuelta-a-espana/1983/stage-2,Vuelta a España,80,,152000,,,705,,1,0,0,
tour-de-france/1992/stage-16,Tour de France,100,,212000,3500,3,2047,,1,0,0,0.01650943396226415
ronde-van-vlaanderen/1981/result,Ronde van Vlaanderen / Tour des Flandres,275,,267000,,,605,,0,0,0,
tour-de-france/2022/stage-3,Tour de France,100,120,182000,1280,1,1551,23,1,0,0,0.007032967032967033
giro-d-italia/2010/stage-16,Giro d'Italia,80,,12900,1084,5,878,,1,0,0,0.08403100775193799
giro-d-italia/2008/stage-7,Giro d'Italia,80,,180000,3936,3,1058,,1,0,0,0.021866666666666666
il-lombardia/1990/result,Giro di Lombardia,275,,246000,,,724,,0,0,0,
paris-nice/2021/stage-4,Paris - Nice,50,60,187600,3540,3,1044,,1,0,0,0.018869936034115138
paris-nice/1984/stage-1,Paris - Nice,50,,172000,,,778,,1,0,0,
tour-de-france/2017/stage-15,Tour de France,100,120,189500,3164,2,1791,,1,0,0,0.016696569920844326
tour-de-romandie/1981/stage-5a,Tour de Romandie,50,,142900,,,439,,1,0,0,
paris-roubaix/1982/result,Paris - Roubaix,275,,270000,,,608,,0,0,0,
gp-montreal/2017/result,Grand Prix Cycliste de Montréal,225,500,205700,3779,2,824,,0,0,0,0.018371414681575108
tour-de-france/1990/stage-19,Tour de France,100,,182500,1114,1,1959,,1,0,0,0.006104109589041096
giro-d-italia/1995/stage-5,Giro d'Italia,80,,182000,,,1365,,1,0,0,
ronde-van-vlaanderen/1997/result,Ronde van Vlaanderen / Tour des Flandres,275,,256000,,2,771,,0,0,0,
tour-de-france/2022/stage-16,Tour de France,100,120,178500,3418,4,1551,31,1,0,0,0.0191484593837535
itzulia-basque-country/2004/stage-3,Vuelta al País Vasco,50,,169000,,,1020,,1,0,0,
paris-nice/1972/stage-5,Paris - Nice,50,,175000,,,1086,,1,0,0,
giro-d-italia/2020/stage-17,Giro d'Italia,80,100,203000,5650,5,765,,1,0,0,0.027832512315270935
giro-d-italia/2021/stage-20,Giro d'Italia,80,100,164000,3867,5,885,,1,0,0,0.023579268292682927
paris-nice/1996/stage-8b,Paris - Nice,50,,18000,,,766,,1,0,0,
tour-de-france/1995/stage-7,Tour de France,100,,200000,3572,2,1871,,1,0,0,0.01786
tour-de-romandie/1983/stage-5b,Tour de Romandie,50,,28000,,,478,,1,0,0,
tour-de-france/1996/stage-17,Tour de France,100,,262000,6000,4,1872,,1,0,0,0.022900763358778626
giro-d-italia/1991/stage-1,Giro d'Italia,80,,193000,,,908,,1,0,0,
paris-nice/1999/stage-2,Paris - Nice,50,,214000,,,792,,1,0,0,
tour-de-france/1990/stage-7,Tour de France,100,,61500,845,1,1959,,1,0,0,0.013739837398373984
tour-de-suisse/1975/stage-6,Tour de Suisse,50,,152000,,,549,,1,0,0,
volta-a-catalunya/1996/stage-7,Volta Ciclista a Catalunya,50,,129000,2521,,327,,1,0,0,0.019542635658914728
tour-de-france/1985/stage-16,Tour de France,100,,247000,3500,2,1470,,1,0,0,0.01417004048582996
tour-de-suisse/1981/stage-7a,Tour de Suisse,50,,84000,,,516,,1,0,0,
tour-de-suisse/2005/stage-7,Tour de Suisse,50,,193000,,,971,,1,0,0,
giro-d-italia/1996/stage-7,Giro d'Italia,80,,164000,,,1034,,1,0,0,
vuelta-a-espana/2017/stage-16,Vuelta a España,80,100,40200,411,1,899,,1,0,0,0.010223880597014925
vuelta-a-espana/1997/stage-6,Vuelta a España,80,,147000,2169,,1165,,1,0,0,0.014755102040816327
san-sebastian/2011/result,Clasica Ciclista San Sebastian,225,,234000,,2,806,,0,0,0,
vuelta-a-espana/1992/stage-13,Vuelta a España,80,,178300,1942,,1033,,1,0,0,0.010891755468311833
tour-de-france/2000/stage-10,Tour de France,100,,205000,5202,5,1437,,1,0,0,0.02537560975609756
volta-a-catalunya/2018/stage-1,Volta Ciclista a Catalunya,50,50,152300,2612,2,659,,1,0,0,0.017150361129349968
tour-de-france/1988/stage-8,Tour de France,100,,219000,1820,2,1941,,1,0,0,0.008310502283105023
giro-d-italia/2012/stage-5,Giro d'Italia,80,16,209000,842,1,886,,1,0,0,0.004028708133971292
giro-d-italia/2000/stage-10,Giro d'Italia,80,,257000,1880,2,866,,1,0,0,0.0073151750972762645
dauphine/2023/stage-6,Critérium du Dauphiné,50,60,170200,3406,5,781,21,1,0,0,0.020011750881316098
vuelta-a-espana/1987/stage-8,Vuelta a España,80,,219000,2000,,838,,1,0,0,0.0091324200913242
tour-de-suisse/1982/stage-7,Tour de Suisse,50,,197000,,,657,,1,0,0,
tour-de-romandie/2016/stage-3,Tour de Romandie,50,60,15110,278,2,917,,1,0,0,0.018398411647915287
tour-de-romandie/2008/stage-1,Tour de Romandie,50,,182800,,,590,,1,0,0,
tour-de-france/1978/stage-11,Tour de France,100,,161000,4500,5,1241,,1,0,0,0.027950310559006212
giro-d-italia/2021/stage-8,Giro d'Italia,80,100,170000,3085,3,885,,1,0,0,0.018147058823529412
tour-de-france/1999/stage-18,Tour de France,100,,182000,1691,1,1255,,1,0,0,0.009291208791208792
giro-d-italia/2011/stage-16,Giro d'Italia,80,16,12700,708,5,891,,1,0,0,0.05574803149606299
giro-d-italia/2003/stage-18,Giro d'Italia,80,,175000,5211,5,734,,1,0,0,0.029777142857142856
tirreno-adriatico/2007/stage-2,Tirreno-Adriatico,50,,202000,,1,1148,,1,0,0,
vuelta-a-espana/2000/stage-1,Vuelta a España,80,,13300,146,,981,,1,0,0,0.010977443609022556
tour-de-suisse/1995/stage-3,Tour de Suisse,50,,259000,,,764,,1,0,0,
tour-de-france/1989/stage-19,Tour de France,100,,125000,2500,4,1849,,1,0,0,0.02
paris-nice/1975/stage-6b,Paris - Nice,50,,117000,,,951,,1,0,0,
paris-nice/1990/stage-2,Paris - Nice,50,,245000,,,995,,1,0,0,
vuelta-a-espana/2007/stage-3,Vuelta a España,80,,153000,2789,3,995,,1,0,0,0.01822875816993464
giro-d-italia/1998/stage-13,Giro d'Italia,80,,166000,,,923,,1,0,0,
vuelta-a-espana/1987/stage-5,Vuelta a España,80,,165000,2500,,838,,1,0,0,0.015151515151515152
tour-de-france/2019/stage-5,Tour de France,100,120,175500,2325,2,1699,,1,0,0,0.013247863247863248
tour-de-france/2015/stage-15,Tour de France,100,20,183000,1993,2,1812,,1,0,0,0.010890710382513661
tour-de-suisse/1990/stage-6,Tour de Suisse,50,,253500,,,767,,1,0,0,
paris-nice/1981/stage-7b,Paris - Nice,50,,11000,,,821,,1,0,0,
tour-de-suisse/1999/prologue,Tour de Suisse,50,,6000,,,900,,1,0,0,
vuelta-a-espana/1984/stage-12,Vuelta a España,80,,199000,,,747,,1,0,0,
uae-tour/2022/stage-3,UAE Tour,50,40,9000,9,1,621,,1,0,0,0.001
tour-de-romandie/1981/stage-2,Tour de Romandie,50,,171500,,,439,,1,0,0,
volta-a-catalunya/1977/prologue,Volta Ciclista a Catalunya,50,,4200,,,490,,1,0,0,
giro-d-italia/1991/stage-5,Giro d'Italia,80,,246000,,,908,,1,0,0,
dauphine/1998/stage-1,Critérium du Dauphiné Libéré,50,,190000,,,721,,1,0,0,
tour-de-suisse/1997/stage-2,Tour de Suisse,50,,202100,,,1161,,1,0,0,
tour-de-france/2002/stage-20,Tour de France,100,,140000,1423,1,1489,,1,0,0,0.010164285714285714
la-fleche-wallone/2013/result,La Flèche Wallonne,225,,205000,2130,3,1053,,0,0,0,0.010390243902439025
tour-de-france/2009/stage-7,Tour de France,100,,224000,4910,5,1557,,1,0,0,0.021919642857142856
tirreno-adriatico/1983/stage-1,Tirreno-Adriatico,50,,193000,,,463,,1,0,0,
tour-de-suisse/1970/stage-8,Tour de Suisse,50,,165000,,,393,,1,0,0,
tour-de-suisse/2022/stage-1,Tour de Suisse,50,60,177600,2746,2,767,29,1,0,0,0.015461711711711712
vuelta-a-espana/2017/stage-15,Vuelta a España,80,100,129400,3549,5,899,,1,0,0,0.027426584234930447
tour-de-suisse/1978/stage-6,Tour de Suisse,50,,178000,,,691,,1,0,0,
tour-de-france/1987/stage-13,Tour de France,100,,219000,4500,4,1812,,1,0,0,0.02054794520547945
dauphine/2017/stage-6,Critérium du Dauphiné,50,60,145500,2592,4,1024,,1,0,0,0.017814432989690723
tirreno-adriatico/2007/stage-4,Tirreno-Adriatico,50,,161000,,3,1148,,1,0,0,
giro-d-italia/1997/stage-7,Giro d'Italia,80,,210000,,,792,,1,0,0,
paris-nice/1995/stage-6,Paris - Nice,50,,178000,,,861,,1,0,0,
vuelta-a-espana/1981/stage-2,Vuelta a España,80,,159000,,,457,,1,0,0,
amstel-gold-race/1994/result,Amstel Gold Race,225,,250000,,,666,,0,0,0,
omloop-het-nieuwsblad/1992/result,Omloop Het Volk,125,,208000,,,758,,0,0,0,
itzulia-basque-country/2019/stage-5,Itzulia Basque Country,50,50,149800,3231,2,762,,1,0,0,0.021568758344459277
paris-nice/1983/stage-5,Paris - Nice,50,,183000,,,658,,1,0,0,
giro-d-italia/2022/stage-16,Giro d'Italia,80,100,202000,5268,4,817,20,1,0,0,0.026079207920792078
paris-nice/1988/stage-5,Paris - Nice,50,,167000,,,1146,,1,0,0,
san-sebastian/2014/result,Clasica Ciclista San Sebastian,225,,219200,3796,2,741,,0,0,0,0.017317518248175182
vuelta-a-espana/1982/stage-6,Vuelta a España,80,,190000,,,523,,1,0,0,
vuelta-a-espana/1983/stage-7,Vuelta a España,80,,137000,,,705,,1,0,0,
dauphine/2021/stage-1,Critérium du Dauphiné,50,60,181800,2308,2,790,,1,0,0,0.012695269526952695
tour-de-france/2013/stage-8,Tour de France,100,20,195000,3839,5,1690,,1,0,0,0.019687179487179487
tour-de-suisse/1985/stage-6b,Tour de Suisse,50,,12000,,,699,,1,0,0,
giro-d-italia/1993/stage-8,Giro d'Italia,80,,140000,,,1089,,1,0,0,
dauphine/2012/stage-3,Critérium du Dauphiné,50,6,167000,2683,,1117,,1,0,0,0.016065868263473053
tour-de-france/2013/stage-3,Tour de France,100,20,145500,2426,2,1690,,1,0,0,0.016673539518900344
giro-d-italia/2005/stage-18,Giro d'Italia,80,,34000,518,2,929,,1,0,0,0.015235294117647059
vuelta-a-espana/1992/stage-20,Vuelta a España,80,,188300,3267,,1033,,1,0,0,0.017349973446627722
vuelta-a-espana/2000/stage-16,Vuelta a España,80,,168000,4005,5,981,,1,0,0,0.023839285714285716
giro-d-italia/2009/stage-19,Giro d'Italia,80,,164000,3921,5,975,,1,0,0,0.023908536585365854
dauphine/2017/stage-3,Critérium du Dauphiné,50,60,184000,1990,2,1024,,1,0,0,0.010815217391304349
e3-harelbeke/1997/result,E3-Prijs Harelbeke,125,,206000,,,518,,0,0,0,
tour-de-france/1993/stage-11,Tour de France,100,,179000,5339,5,1804,,1,0,0,0.0298268156424581
paris-nice/1992/stage-2,Paris - Nice,50,,176000,,,877,,1,0,0,
vuelta-a-espana/2021/stage-15,La Vuelta ciclista a España,80,100,197500,3860,4,1023,27,1,0,0,0.019544303797468354
tour-de-suisse/1981/stage-9,Tour de Suisse,50,,210000,,,516,,1,0,0,
itzulia-basque-country/2007/stage-4,Vuelta al País Vasco,50,,176000,,,1002,,1,0,0,
tour-de-suisse/2018/stage-6,Tour de Suisse,50,60,186000,3436,5,956,,1,0,0,0.01847311827956989
tour-de-france/1986/stage-20,Tour de France,100,,58000,1035,2,1872,,1,0,0,0.017844827586206896
tour-de-suisse/1995/stage-1,Tour de Suisse,50,,201000,,,764,,1,0,0,
vuelta-a-espana/1987/stage-15,Vuelta a España,80,,185000,3000,,838,,1,0,0,0.016216216216216217
paris-nice/1993/prologue,Paris - Nice,50,,7700,,,1182,,1,0,0,
tour-de-suisse/2003/stage-2,Tour de Suisse,50,,175000,,,660,,1,0,0,
dauphine/1975/stage-7b,Critérium du Dauphiné Libéré,50,,30000,,,889,,1,0,0,
gran-camino/2022/stage-1,Gran Camiño,20,14,165000,1993,2,225,,1,0,0,0.012078787878787878
tour-de-france/2022/stage-13,Tour de France,100,120,192600,2109,2,1551,32,1,0,0,0.010950155763239875
tour-de-suisse/2013/stage-5,Tour de Suisse,50,6,178400,1759,2,960,,1,0,0,0.009859865470852018
vuelta-a-espana/2005/stage-5,Vuelta a España,80,,176000,1470,1,960,,1,0,0,0.008352272727272727
giro-d-italia/2011/stage-7,Giro d'Italia,80,16,110000,2333,5,891,,1,0,0,0.02120909090909091
san-sebastian/2008/result,Clasica Ciclista San Sebastian,225,,225000,,2,847,,0,0,0,
paris-nice/1987/stage-5,Paris - Nice,50,,208000,,,1164,,1,0,0,
tour-de-france/1980/stage-18,Tour de France,100,,196000,5000,5,1224,,1,0,0,0.025510204081632654
giro-d-italia/1996/stage-16,Giro d'Italia,80,,180000,,,1034,,1,0,0,
tirreno-adriatico/2015/stage-6,Tirreno-Adriatico,50,6,210000,2326,2,1017,,1,0,0,0.011076190476190476
vuelta-a-espana/1981/stage-1,Vuelta a España,80,,221000,,,457,,1,0,0,
volta-a-catalunya/2016/stage-1,Volta Ciclista a Catalunya,50,50,175800,2644,2,1045,,1,0,0,0.015039817974971559
tour-de-romandie/1973/stage-3,Tour de Romandie,50,,175000,,,352,,1,0,0,
volta-a-catalunya/2002/stage-2,Volta a Catalunya,50,,182900,,,431,,1,0,0,
uae-tour/2019/stage-3,UAE Tour,50,40,179000,1436,5,751,,1,0,0,0.008022346368715084
tour-de-suisse/2005/stage-3,Tour de Suisse,50,,154000,,,971,,1,0,0,
tour-de-france/1980/stage-9,Tour de France,100,,203500,1845,1,1224,,1,0,0,0.009066339066339066
giro-d-italia/2002/stage-8,Giro d'Italia,80,,237000,2328,3,920,,1,0,0,0.009822784810126581
vuelta-a-espana/2014/stage-19,Vuelta a España,80,16,180500,2319,2,1175,,1,0,0,0.012847645429362882
volta-a-catalunya/1977/stage-4b,Volta Ciclista a Catalunya,50,,92100,,,490,,1,0,0,
giro-d-italia/2011/stage-15,Giro d'Italia,80,16,229000,6939,5,891,,1,0,0,0.030301310043668123
tour-de-suisse/1977/stage-6,Tour de Suisse,50,,172500,,,627,,1,0,0,
tour-de-france/1997/stage-14,Tour de France,100,,148000,5000,5,1994,,1,0,0,0.033783783783783786
tirreno-adriatico/2008/stage-3,Tirreno-Adriatico,50,,195000,,3,1136,,1,0,0,
tirreno-adriatico/2021/stage-7,Tirreno-Adriatico,50,60,10100,11,1,1108,,1,0,0,0.0010891089108910892
tour-de-france/2021/stage-1,Tour de France,100,120,197800,2843,3,1646,,1,0,0,0.014373104145601617
vuelta-a-espana/2011/stage-8,Vuelta a España,80,16,183000,3835,3,1170,,1,0,0,0.020956284153005465
vuelta-a-espana/1988/stage-4,Vuelta a España,80,,210000,1126,,828,,1,0,0,0.005361904761904762
paris-roubaix/2023/result,Paris-Roubaix,275,800,256600,1380,1,775,16,0,0,0,0.005378020265003897
vuelta-a-espana/1984/stage-10,Vuelta a España,80,,148000,,,747,,1,0,0,
itzulia-basque-country/2011/stage-5,Vuelta Ciclista al País Vasco,50,6,179000,2966,,935,,1,0,0,0.016569832402234638
tour-de-suisse/1982/stage-3,Tour de Suisse,50,,192000,,,657,,1,0,0,
paris-nice/1989/prologue,Paris - Nice,50,,5300,,,794,,1,0,0,
tirreno-adriatico/1999/stage-8,Tirreno-Adriatico,50,,164000,,,1150,,1,0,0,
paris-nice/1981/stage-2a,Paris - Nice,50,,101000,,,821,,1,0,0,
tour-de-romandie/1988/stage-1,Tour de Romandie,50,,162900,,,439,,1,0,0,
paris-nice/1997/stage-3,Paris - Nice,50,,165000,,,779,,1,0,0,
dauphine/2000/stage-1,Criterium du Dauphiné Libére,50,,189000,,,494,,1,0,0,
paris-nice/2000/stage-4,Paris - Nice,50,,194200,,,880,,1,0,0,
tour-de-romandie/2001/prologue,Tour de Romandie,50,,6900,,,597,,1,0,0,
dauphine/1994/stage-3,Critérium du Dauphiné Libéré,50,,38000,,,362,,1,0,0,
vuelta-a-espana/1981/stage-13,Vuelta a España,80,,187000,,,457,,1,0,0,
vuelta-a-espana/1981/stage-3,Vuelta a España,80,,195000,,,457,,1,0,0,
vuelta-a-espana/2017/stage-21,Vuelta a España,80,100,117600,913,1,899,,1,0,0,0.0077636054421768705
giro-d-italia/2023/stage-17,Giro d'Italia,80,180,197000,523,1,835,24,1,0,0,0.0026548223350253805
tour-de-france/2016/stage-1,Tour de France,100,120,188000,1071,2,1758,,1,0,0,0.0056968085106382975
vuelta-a-espana/2016/stage-6,Vuelta a España,80,100,163200,2824,2,821,,1,0,0,0.01730392156862745
volta-a-catalunya/2004/stage-7,Volta a Catalunya,50,,132800,,2,376,,1,0,0,
tour-de-france/1980/stage-8,Tour de France,100,,164000,1574,1,1224,,1,0,0,0.009597560975609756
tour-de-romandie/1987/stage-1,Tour de Romandie,50,,206000,,,251,,1,0,0,
volta-a-catalunya/1981/stage-7b,Volta Ciclista a Catalunya,50,,126000,,,388,,1,0,0,
tirreno-adriatico/1996/stage-1,Tirreno-Adriatico,50,,156000,,,585,,1,0,0,
dauphine/2009/stage-2,Critérium du Dauphiné Libéré,50,,228000,,,708,,1,0,0,
giro-d-italia/2016/stage-3,Giro d'Italia,80,100,190000,691,1,933,,1,0,0,0.003636842105263158
vuelta-a-espana/2008/stage-4,Vuelta a España,80,,170300,2760,1,1101,,1,0,0,0.016206694069289488
vuelta-a-espana/2020/stage-4,La Vuelta ciclista a España,80,100,191700,1160,1,692,,1,0,0,0.006051121544079291
tour-de-romandie/1996/stage-4,Tour de Romandie,50,,160200,,,614,,1,0,0,
giro-d-italia/2003/stage-3,Giro d'Italia,80,,145000,1332,3,734,,1,0,0,0.009186206896551724
giro-d-italia/1991/stage-19,Giro d'Italia,80,,185000,,,908,,1,0,0,
tour-de-suisse/1980/stage-10a,Tour de Suisse,50,,81000,,,477,,1,0,0,
dauphine/2019/stage-4,Critérium du Dauphiné,50,60,26100,341,2,973,,1,0,0,0.013065134099616859
vuelta-a-espana/1993/stage-19,Vuelta a España,80,,153000,2715,,819,,1,0,0,0.017745098039215687
volta-a-catalunya/1977/stage-6,Volta Ciclista a Catalunya,50,,181400,,,490,,1,0,0,
giro-d-italia/2008/stage-18,Giro d'Italia,80,,147000,2241,2,1058,,1,0,0,0.015244897959183674
tour-de-france/2017/stage-10,Tour de France,100,120,178000,1407,1,1791,,1,0,0,0.007904494382022472
giro-d-italia/2000/stage-2,Giro d'Italia,80,,225000,2650,4,866,,1,0,0,0.011777777777777778
tour-de-france/1990/stage-12,Tour de France,100,,33500,970,3,1959,,1,0,0,0.028955223880597014
vuelta-a-espana/2005/stage-8,Vuelta a España,80,,189000,1671,1,960,,1,0,0,0.00884126984126984
paris-roubaix/1997/result,Paris - Roubaix,275,,267000,,1,579,,0,0,0,
vuelta-a-espana/1982/stage-19,Vuelta a España,80,,84000,,,523,,1,0,0,
vuelta-a-espana/1992/stage-10,Vuelta a España,80,,196000,2969,,1033,,1,0,0,0.01514795918367347
vuelta-a-espana/1996/stage-16,Vuelta a España,80,,220900,2213,,988,,1,0,0,0.010018107741059303
itzulia-basque-country/2013/stage-5,Vuelta Ciclista al País Vasco,50,6,166100,3715,4,927,,1,0,0,0.022366044551475017
tour-de-suisse/2014/stage-3,Tour de Suisse,50,6,202900,2970,5,944,,1,0,0,0.014637752587481519
vuelta-a-espana/2000/stage-19,Vuelta a España,80,,130000,919,1,981,,1,0,0,0.0070692307692307695
volta-a-catalunya/2017/stage-3,Volta Ciclista a Catalunya,50,50,188300,4151,5,883,,1,0,0,0.022044609665427508
omloop-het-nieuwsblad/1999/result,Omloop Het Volk,125,,202000,,2,774,,0,0,0,
tour-de-suisse/2000/stage-4,Tour de Suisse,50,,156000,,,895,,1,0,0,
vuelta-a-espana/1987/stage-19,Vuelta a España,80,,213000,5281,,838,,1,0,0,0.02479342723004695
tour-de-france/1979/stage-24,Tour de France,100,,180000,1894,1,1381,,1,0,0,0.010522222222222223
tour-de-romandie/2006/stage-1,Tour de Romandie,50,,169000,,,772,,1,0,0,
ronde-van-vlaanderen/2018/result,Ronde van Vlaanderen - Tour des Flandres ME,275,500,264700,2166,2,920,,0,0,0,0.008182848507744617
dauphine/1991/stage-5,Critérium du Dauphiné Libéré,50,,155000,,,830,,1,0,0,
vuelta-a-espana/1995/stage-2,Vuelta a España,80,,223500,2590,,883,,1,0,0,0.011588366890380314
tour-de-france/1978/prologue,Tour de France,100,,5200,27,1,1241,,1,0,0,0.005192307692307692
tour-de-romandie/1984/stage-2,Tour de Romandie,50,,181500,,,491,,1,0,0,
tour-de-suisse/2012/stage-6,Tour de Suisse,50,6,34300,607,,917,,1,0,0,0.01769679300291545
vuelta-a-espana/2013/stage-18,Vuelta a España,80,16,186500,3879,5,1128,,1,0,0,0.020798927613941018
tour-de-suisse/1971/stage-1,Tour de Suisse,50,,167000,,,302,,1,0,0,
paris-nice/1981/stage-3,Paris - Nice,50,,217000,,,821,,1,0,0,
il-lombardia/2006/result,Giro di Lombardia,275,,245000,4036,,926,,0,0,0,0.016473469387755103
tour-de-suisse/1976/stage-3,Tour de Suisse,50,,179000,,,377,,1,0,0,
giro-d-italia/2018/stage-1,Giro d'Italia,80,100,9700,155,3,838,,1,0,0,0.015979381443298968
giro-d-italia/1996/stage-20,Giro d'Italia,80,,220000,,,1034,,1,0,0,
paris-nice/2006/stage-5,Paris - Nice,50,,201500,,4,795,,1,0,0,
omloop-het-nieuwsblad/1987/result,Omloop Het Volk,125,,237000,,,533,,0,0,0,
vuelta-a-espana/1994/stage-7,Vuelta a España,80,,256500,842,,791,,1,0,0,0.0032826510721247564
vuelta-a-espana/1992/stage-5,Vuelta a España,80,,213500,896,,1033,,1,0,0,0.00419672131147541
giro-d-italia/1993/stage-12,Giro d'Italia,80,,236000,,,1089,,1,0,0,
tour-de-france/2000/stage-20,Tour de France,100,,254500,2404,1,1437,,1,0,0,0.009445972495088408
paris-nice/2000/stage-2,Paris - Nice,50,,203700,,,880,,1,0,0,
tour-de-france/2018/stage-17,Tour de France,100,120,65000,3274,5,1689,,1,0,0,0.05036923076923077
amstel-gold-race/2012/result,Amstel Gold Race,225,,256500,3300,2,1251,,0,0,0,0.012865497076023392
volta-a-catalunya/1993/stage-4,Volta Ciclista a Catalunya,50,,164200,4208,,884,,1,0,0,0.025627283800243605
giro-d-italia/1995/stage-1,Giro d'Italia,80,,205000,2625,,1365,,1,0,0,0.012804878048780487
tour-de-suisse/1988/stage-2,Tour de Suisse,50,,185000,,,548,,1,0,0,
tour-de-france/1980/stage-5,Tour de France,100,,236500,1461,1,1224,,1,0,0,0.006177589852008457
giro-d-italia/2007/stage-14,Giro d'Italia,80,,192000,3633,4,844,,1,0,0,0.018921875
tour-de-france/2005/stage-11,Tour de France,100,,173000,4280,4,1535,,1,0,0,0.024739884393063585
giro-d-italia/2010/stage-18,Giro d'Italia,80,16,143000,1047,2,878,,1,0,0,0.007321678321678322
tour-de-france/2010/stage-20,Tour de France,100,20,102500,481,1,1685,,1,0,0,0.004692682926829268
vuelta-a-espana/1983/stage-15b,Vuelta a España,80,,22000,,,705,,1,0,0,
vuelta-a-espana/1986/prologue,Vuelta a España,80,,5700,135,,843,,1,0,0,0.02368421052631579
tour-de-suisse/2014/stage-1,Tour de Suisse,50,6,9400,210,4,944,,1,0,0,0.022340425531914895
dauphine/1977/stage-6,Critérium du Dauphiné Libéré,50,,192000,,,809,,1,0,0,
giro-d-italia/2012/stage-3,Giro d'Italia,80,16,190000,1184,1,886,,1,0,0,0.006231578947368421
milano-sanremo/1991/result,Milano-Sanremo,275,,294000,,,1434,,0,0,0,
paris-nice/1999/stage-5,Paris - Nice,50,,211000,,,792,,1,0,0,
tour-de-france/2009/stage-16,Tour de France,100,,159000,3895,4,1557,,1,0,0,0.02449685534591195
tour-de-suisse/1983/stage-3,Tour de Suisse,50,,153000,,,809,,1,0,0,
vuelta-a-espana/2013/stage-9,Vuelta a España,80,16,163700,2677,3,1128,,1,0,0,0.016353084911423336
vuelta-a-espana/2009/stage-11,Vuelta a España,80,,191000,3226,2,1220,,1,0,0,0.01689005235602094
tour-de-france/2016/stage-20,Tour de France,100,120,146500,4127,4,1758,,1,0,0,0.02817064846416382
vuelta-a-espana/2019/stage-7,La Vuelta ciclista a España,80,100,183200,2842,5,798,,1,0,0,0.015513100436681223
vuelta-a-espana/2003/stage-3,Vuelta a España,80,,154300,1786,1,935,,1,0,0,0.011574854180168502
vuelta-a-espana/2000/stage-20,Vuelta a España,80,,125000,2376,5,981,,1,0,0,0.019008
vuelta-a-espana/1986/stage-20,Vuelta a España,80,,239000,4000,,843,,1,0,0,0.016736401673640166
tour-de-france/1992/stage-1,Tour de France,100,,194500,2500,2,2047,,1,0,0,0.012853470437017995
world-championship/1973/result,World Championships - Road Race,350,,248670,2601,,1275,,0,0,0,0.01045964531306551
la-fleche-wallone/2023/result,La Flèche Wallonne,225,400,194300,3092,3,915,14,0,0,0,0.015913535769428718
tirreno-adriatico/2004/stage-5,Tirreno-Adriatico,50,,215000,,2,926,,1,0,0,
tour-de-france/2017/stage-20,Tour de France,100,120,22500,160,1,1791,,1,0,0,0.0071111111111111115
tour-de-france/1990/stage-10,Tour de France,100,,118500,2501,5,1959,,1,0,0,0.02110548523206751
tour-de-france/1982/stage-2,Tour de France,100,,246000,2500,3,1492,,1,0,0,0.01016260162601626
gp-quebec/2016/result,Grand Prix Cycliste de Quebec,225,500,201600,2824,3,914,,0,0,0,0.014007936507936507
giro-d-italia/2022/stage-14,Giro d'Italia,80,100,147000,3167,2,817,29,1,0,0,0.02154421768707483
giro-d-italia/2019/stage-9,Giro d'Italia,80,100,34800,723,3,896,,1,0,0,0.020775862068965516
tour-de-france/1982/stage-6,Tour de France,100,,233000,1184,1,1492,,1,0,0,0.005081545064377683
ronde-van-vlaanderen/1979/result,Ronde van Vlaanderen / Tour des Flandres,275,,267000,,,492,,0,0,0,
paris-nice/1980/stage-6,Paris - Nice,50,,143000,,,1128,,1,0,0,
paris-roubaix/2019/result,Paris-Roubaix,275,500,257000,1334,1,690,,0,0,0,0.005190661478599222
vuelta-a-espana/2012/stage-10,Vuelta a España,80,16,166400,2240,1,852,,1,0,0,0.013461538461538462
paris-nice/1981/stage-5,Paris - Nice,50,,175000,,,821,,1,0,0,
volta-a-catalunya/2017/stage-7,Volta Ciclista a Catalunya,50,50,138700,1774,2,883,,1,0,0,0.012790194664744053
itzulia-basque-country/2016/stage-2,Vuelta Ciclista al País Vasco,50,50,174200,3291,5,943,,1,0,0,0.01889207807118255
vuelta-a-espana/2012/stage-14,Vuelta a España,80,16,152000,3951,5,852,,1,0,0,0.02599342105263158
vuelta-a-espana/1983/stage-1,Vuelta a España,80,,235000,,,705,,1,0,0,
vuelta-a-espana/2018/stage-10,La Vuelta ciclista a España,80,100,177000,1306,1,1036,,1,0,0,0.007378531073446328
giro-d-italia/1995/stage-11,Giro d'Italia,80,,175000,,,1365,,1,0,0,
vuelta-a-espana/1996/stage-17,Vuelta a España,80,,165700,3535,,988,,1,0,0,0.021333735666867835
san-sebastian/1988/result,Clasica Ciclista San Sebastian,225,,244000,,,731,,0,0,0,
tour-de-romandie/2004/prologue,Tour de Romandie,50,,3400,,,507,,1,0,0,
tour-de-france/1989/stage-21,Tour de France,100,,24500,200,1,1849,,1,0,0,0.00816326530612245
vuelta-a-espana/1992/stage-19,Vuelta a España,80,,37900,294,,1033,,1,0,0,0.007757255936675461
vuelta-a-espana/2017/stage-19,Vuelta a España,80,100,149700,2484,2,899,,1,0,0,0.01659318637274549
tour-de-france/1983/stage-18,Tour de France,100,,247500,6589,4,1269,,1,0,0,0.02662222222222222
tour-de-france/1984/stage-5,Tour de France,100,,207000,1843,1,1632,,1,0,0,0.008903381642512077
volta-a-catalunya/2021/stage-3,Volta Ciclista a Catalunya,50,50,203100,3755,5,772,,1,0,0,0.018488429345150173
tirreno-adriatico/2012/stage-4,Tirreno-Adriatico,50,6,251000,3470,3,1188,,1,0,0,0.013824701195219124
tour-de-france/1979/stage-20,Tour de France,100,,240000,1949,2,1381,,1,0,0,0.008120833333333334
tirreno-adriatico/2008/stage-6,Tirreno-Adriatico,50,,196000,,3,1136,,1,0,0,
omloop-het-nieuwsblad/1975/result,Omloop Het Volk,125,,198000,,,700,,0,0,0,
vuelta-a-espana/1994/stage-11,Vuelta a España,80,,195300,4112,,791,,1,0,0,0.02105478750640041
vuelta-a-espana/2005/stage-11,Vuelta a España,80,,192600,4757,5,960,,1,0,0,0.024698857736240913
tour-de-france/2012/stage-9,Tour de France,100,20,41500,499,1,1703,,1,0,0,0.012024096385542169
tour-de-france/1987/stage-7,Tour de France,100,,211000,1894,1,1812,,1,0,0,0.008976303317535544
tour-de-france/2009/stage-13,Tour de France,100,,200000,3019,4,1557,,1,0,0,0.015095
giro-d-italia/1999/stage-22,Giro d'Italia,80,,170000,,,1057,,1,0,0,
tirreno-adriatico/2023/stage-2,Tirreno-Adriatico,50,60,210000,1592,2,1044,14,1,0,0,0.007580952380952381
dwars-door-vlaanderen/2019/result,Dwars door Vlaanderen - A travers la Flandre ME,225,300,182600,1213,2,680,,0,0,0,0.0066429353778751365
omloop-het-nieuwsblad/1971/result,Omloop Het Volk,125,,198000,,,574,,0,0,0,
vuelta-a-espana/1994/stage-13,Vuelta a España,80,,201600,969,,791,,1,0,0,0.004806547619047619
vuelta-a-espana/1982/stage-18,Vuelta a España,80,,184000,,,523,,1,0,0,
vuelta-a-espana/2017/stage-12,Vuelta a España,80,100,160100,2681,2,899,,1,0,0,0.01674578388507183
giro-d-italia/1997/stage-9,Giro d'Italia,80,,232000,,,792,,1,0,0,
tour-de-france/2017/stage-7,Tour de France,100,120,213500,1578,1,1791,,1,0,0,0.007391100702576112
san-sebastian/1986/result,Clasica Ciclista San Sebastian,225,,244000,,,463,,0,0,0,
dauphine/1977/stage-4a,Critérium du Dauphiné Libéré,50,,119000,,,809,,1,0,0,
tour-de-romandie/1988/stage-4a,Tour de Romandie,50,,89800,,,439,,1,0,0,
dauphine/1989/stage-1,Critérium du Dauphiné Libéré,50,,186000,,,603,,1,0,0,
tour-de-suisse/1985/stage-10b,Tour de Suisse,50,,123500,,,699,,1,0,0,
tour-de-suisse/2019/stage-1,Tour de Suisse,50,60,9500,52,1,802,,1,0,0,0.0054736842105263155
tour-de-france/1989/prologue,Tour de France,100,,7800,152,1,1849,,1,0,0,0.019487179487179488
tirreno-adriatico/1993/stage-8,Tirreno-Adriatico,50,,161000,,,568,,1,0,0,
uae-tour/2022/stage-5,UAE Tour,50,40,182000,544,1,621,,1,0,0,0.002989010989010989
giro-d-italia/2004/stage-8,Giro d'Italia,80,,214000,2474,2,621,,1,0,0,0.011560747663551401
tour-de-suisse/1978/stage-9b,Tour de Suisse,50,,20500,,,691,,1,0,0,
dauphine/2007/stage-2,Critérium du Dauphiné Libéré,50,,157000,,,816,,1,0,0,
vuelta-a-espana/1981/prologue,Vuelta a España,80,,6300,,,457,,1,0,0,
paris-nice/2023/stage-1,Paris - Nice,50,60,169400,1405,2,981,,1,0,0,0.008293978748524203
gp-montreal/2014/result,Grand Prix Cycliste de Montréal,225,,205700,,2,709,,0,0,0,
tour-de-france/1978/stage-12b,Tour de France,100,,96000,646,1,1241,,1,0,0,0.006729166666666666
giro-d-italia/2016/stage-2,Giro d'Italia,80,100,190000,732,1,933,,1,0,0,0.0038526315789473684
tour-de-france/1997/stage-19,Tour de France,100,,172000,1776,1,1994,,1,0,0,0.010325581395348837
paris-nice/1988/stage-1,Paris - Nice,50,,194000,,,1146,,1,0,0,
tour-de-suisse/1998/stage-6,Tour de Suisse,50,,164000,,,971,,1,0,0,
tour-de-romandie/1997/stage-5,Tour de Romandie,50,,69300,,,922,,1,0,0,
giro-d-italia/2019/stage-18,Giro d'Italia,80,100,222000,1478,2,896,,1,0,0,0.0066576576576576575
tirreno-adriatico/2000/stage-2,Tirreno-Adriatico,50,,189000,,,1197,,1,0,0,
giro-d-italia/2009/stage-4,Giro d'Italia,50,,165000,2685,5,975,,1,0,0,0.016272727272727272
vuelta-a-espana/2003/stage-13,Vuelta a España,80,,53300,155,1,935,,1,0,0,0.002908067542213884
vuelta-a-espana/2003/stage-14,Vuelta a España,80,,167400,910,1,935,,1,0,0,0.0054360812425328555
giro-d-italia/1991/stage-7,Giro d'Italia,80,,179000,,,908,,1,0,0,
paris-nice/2012/stage-6,Paris - Nice,50,6,176500,2225,1,1079,,1,0,0,0.012606232294617563
giro-d-italia/2016/stage-14,Giro d'Italia,80,100,210000,6001,4,933,,1,0,0,0.028576190476190477
tour-de-suisse/1972/stage-8a,Tour de Suisse,50,,117000,,,433,,1,0,0,
tour-de-suisse/1992/stage-2,Tour de Suisse,50,,185000,,,533,,1,0,0,
volta-a-catalunya/1988/stage-1,Volta Ciclista a Catalunya,50,,156800,,,343,,1,0,0,
tour-de-france/1995/stage-5,Tour de France,100,,264000,2194,1,1871,,1,0,0,0.00831060606060606
paris-nice/1981/stage-6,Paris - Nice,50,,175000,,,821,,1,0,0,
tour-de-france/2014/stage-10,Tour de France,100,20,161500,3906,5,1612,,1,0,0,0.02418575851393189
giro-d-italia/2023/stage-21,Giro d'Italia,80,180,126000,692,1,835,26,1,0,0,0.005492063492063492
paris-nice/2008/prologue,Paris - Nice,30,,4600,,,775,,1,0,0,
vuelta-a-espana/2011/stage-13,Vuelta a España,80,16,150000,3923,4,1170,,1,0,0,0.026153333333333334
vuelta-a-espana/2012/stage-9,Vuelta a España,80,16,194000,2442,3,852,,1,0,0,0.012587628865979382
vuelta-a-espana/2014/stage-12,Vuelta a España,80,16,166400,1070,1,1175,,1,0,0,0.006430288461538461
volta-a-catalunya/2011/stage-1,Volta Ciclista a Catalunya,50,6,166900,,,732,,1,0,0,
tirreno-adriatico/1984/stage-2,Tirreno-Adriatico,50,,180000,,,541,,1,0,0,
giro-d-italia/2008/stage-12,Giro d'Italia,80,,169000,325,1,1058,,1,0,0,0.0019230769230769232
tour-de-romandie/1998/stage-4a,Tour de Romandie,50,,100400,,,857,,1,0,0,
giro-d-italia/2004/stage-4,Giro d'Italia,80,,184000,1936,2,621,,1,0,0,0.010521739130434783
san-sebastian/2019/result,Clásica Ciclista San Sebastián,225,400,227300,3980,2,785,,0,0,0,0.017509898812142544
tour-de-romandie/1983/stage-3,Tour de Romandie,50,,192500,,,478,,1,0,0,
tour-de-romandie/1993/stage-1,Tour de Romandie,50,,162900,,,551,,1,0,0,
tour-de-france/2012/stage-4,Tour de France,100,20,214500,1698,1,1703,,1,0,0,0.007916083916083916
dauphine/2003/prologue,Critérium du Dauphiné Libéré,50,,5100,,,572,,1,0,0,
tour-de-suisse/1999/stage-5,Tour de Suisse,50,,29500,,,900,,1,0,0,
dauphine/1993/stage-3,Critérium du Dauphiné Libéré,50,,43000,,,386,,1,0,0,
tour-de-romandie/1975/stage-1,Tour de Romandie,50,,169000,,,429,,1,0,0,
world-championship/1977/result,World Championships - Road Race,350,,255000,3915,,1212,,0,0,0,0.015352941176470588
world-championship/2013/result,World Championships ME - Road Race,350,,272200,3923,2,1630,,0,0,0,0.014412196914033799
vuelta-a-espana/2009/stage-16,Vuelta a España,80,,170300,2760,2,1220,,1,0,0,0.016206694069289488
vuelta-a-espana/2012/stage-19,Vuelta a España,80,16,178400,1719,3,852,,1,0,0,0.009635650224215246
tour-de-france/2000/stage-7,Tour de France,100,,205500,1997,1,1437,,1,0,0,0.009717761557177615
vuelta-a-espana/1985/stage-18,Vuelta a España,80,,200000,4268,,925,,1,0,0,0.02134
volta-a-catalunya/1996/stage-1,Volta Ciclista a Catalunya,50,,190000,5192,,327,,1,0,0,0.027326315789473685
giro-d-italia/2020/stage-18,Giro d'Italia,80,100,207000,5848,4,765,,1,0,0,0.0282512077294686
tour-de-france/2017/stage-9,Tour de France,100,120,181500,4696,4,1791,,1,0,0,0.025873278236914602
tour-de-france/2002/stage-16,Tour de France,100,,179500,5161,5,1489,,1,0,0,0.02875208913649025
tour-de-suisse/2017/stage-9,Tour de Suisse,50,60,28600,416,2,855,,1,0,0,0.014545454545454545
ronde-van-vlaanderen/1995/result,Ronde van Vlaanderen / Tour des Flandres,275,,261000,,2,780,,0,0,0,
tirreno-adriatico/2010/stage-2,Tirreno-Adriatico,50,6,165000,2026,2,1176,,1,0,0,0.012278787878787879
vuelta-a-espana/1982/stage-5,Vuelta a España,80,,230000,,,523,,1,0,0,
ronde-van-vlaanderen/1991/result,Ronde van Vlaanderen / Tour des Flandres,275,,261000,,,782,,0,0,0,
giro-d-italia/1993/stage-10,Giro d'Italia,80,,28000,,,1089,,1,0,0,
tour-de-suisse/1975/stage-9b,Tour de Suisse,50,,20400,,,549,,1,0,0,
tirreno-adriatico/2008/stage-1,Tirreno-Adriatico,50,,160000,,1,1136,,1,0,0,
itzulia-basque-country/2001/stage-4,Vuelta al País Vasco,50,,182000,,,898,,1,0,0,
paris-nice/1996/stage-5,Paris - Nice,50,,162600,,,766,,1,0,0,
tour-de-suisse/1988/stage-10,Tour de Suisse,50,,180500,,,548,,1,0,0,
vuelta-a-espana/2009/stage-5,Vuelta a España,80,,174000,1802,1,1220,,1,0,0,0.01035632183908046
volta-a-catalunya/1981/stage-7a,Volta Ciclista a Catalunya,50,,36900,,,388,,1,0,0,
giro-d-italia/2021/stage-21,Giro d'Italia,80,100,30300,24,1,885,,1,0,0,0.0007920792079207921
uae-tour/2020/stage-3,UAE Tour,50,40,184000,1555,5,747,,1,0,0,0.008451086956521739
tirreno-adriatico/2003/stage-7,Tirreno-Adriatico,50,,162000,,,882,,1,0,0,
tour-de-suisse/2014/stage-6,Tour de Suisse,50,6,183500,2896,4,944,,1,0,0,0.015782016348773843
san-sebastian/1987/result,Clasica Ciclista San Sebastian,225,,244000,,,890,,0,0,0,
paris-nice/2010/stage-4,Paris - Nice,30,6,173500,,3,1192,,1,0,0,
volta-a-catalunya/2016/stage-2,Volta Ciclista a Catalunya,50,50,178700,2163,2,1045,,1,0,0,0.012104085058757694
tirreno-adriatico/1994/stage-2,Tirreno-Adriatico,50,,186500,,,727,,1,0,0,
tirreno-adriatico/2005/stage-7,Tirreno-Adriatico,50,,164000,,1,1040,,1,0,0,
giro-d-italia/2000/stage-16,Giro d'Italia,80,,102000,527,1,866,,1,0,0,0.005166666666666667
tour-de-suisse/2012/stage-2,Tour de Suisse,50,6,194700,1899,,917,,1,0,0,0.00975346687211094
dauphine/1994/prologue,Critérium du Dauphiné Libéré,50,,6700,,,362,,1,0,0,
dauphine/2004/stage-1,Critérium du Dauphiné Libéré,50,,231000,,,737,,1,0,0,
itzulia-basque-country/2011/stage-1,Vuelta Ciclista al País Vasco,50,6,149500,2975,,935,,1,0,0,0.019899665551839463
ronde-van-vlaanderen/1988/result,Ronde van Vlaanderen / Tour des Flandres,275,,279000,,,940,,0,0,0,
giro-d-italia/1995/stage-6,Giro d'Italia,80,,165000,,,1365,,1,0,0,
vuelta-a-espana/2002/stage-14,Vuelta a España,80,,190200,2003,2,1084,,1,0,0,0.010531019978969505
vuelta-a-espana/1987/stage-11,Vuelta a España,80,,179000,4500,,838,,1,0,0,0.025139664804469275
giro-d-italia/2021/stage-3,Giro d'Italia,80,100,190000,1870,2,885,,1,0,0,0.009842105263157895
tour-de-suisse/1976/stage-2,Tour de Suisse,50,,155000,,,377,,1,0,0,
tour-de-france/2022/stage-19,Tour de France,100,120,188300,1316,3,1551,30,1,0,0,0.006988847583643123
tour-de-france/2004/stage-3,Tour de France,100,,210000,1615,1,1555,,1,0,0,0.00769047619047619
tour-de-suisse/1986/stage-11,Tour de Suisse,50,,170000,,,835,,1,0,0,
paris-nice/1989/stage-1,Paris - Nice,50,,167000,,,794,,1,0,0,
vuelta-a-espana/1991/stage-5,Vuelta a España,80,,227800,1749,,1042,,1,0,0,0.007677787532923617
tour-de-france/2017/stage-14,Tour de France,100,120,181500,1786,1,1791,,1,0,0,0.009840220385674931
tour-de-france/2005/stage-21,Tour de France,100,,144000,851,1,1535,,1,0,0,0.0059097222222222225
tour-de-france/1984/stage-8,Tour de France,100,,192000,1277,1,1632,,1,0,0,0.006651041666666667
dauphine/2015/stage-1,Critérium du Dauphiné,50,6,132000,1519,2,997,,1,0,0,0.011507575757575758
uae-tour/2023/stage-7,UAE Tour,50,40,153000,1378,5,530,32,1,0,0,0.009006535947712418
volta-a-catalunya/2008/prologue,Volta Ciclista a Catalunya,50,,3700,,1,616,,1,0,0,
il-lombardia/1993/result,Giro di Lombardia,275,,242000,,,701,,0,0,0,
tour-de-france/1980/stage-11,Tour de France,100,,51000,721,3,1224,,1,0,0,0.014137254901960784
tour-de-suisse/1972/stage-6b,Tour de Suisse,50,,234000,,,433,,1,0,0,
dauphine/2013/stage-5,Critérium du Dauphiné,50,6,139000,2447,5,985,,1,0,0,0.01760431654676259
vuelta-a-espana/1986/stage-7,Vuelta a España,80,,180000,3500,,843,,1,0,0,0.019444444444444445
giro-d-italia/2008/stage-6,Giro d'Italia,80,,232000,2387,3,1058,,1,0,0,0.010288793103448275
tour-de-suisse/2001/prologue,Tour de Suisse,50,,7900,,,873,,1,0,0,
tour-de-suisse/1985/stage-9,Tour de Suisse,50,,135500,,,699,,1,0,0,
vuelta-a-espana/2013/stage-21,Vuelta a España,80,16,109600,741,1,1128,,1,0,0,0.006760948905109489
tour-de-france/1995/stage-14,Tour de France,100,,159000,3500,5,1871,,1,0,0,0.0220125786163522
dauphine/2022/stage-1,Critérium du Dauphiné,50,60,191800,2473,4,789,25,1,0,0,0.01289363920750782
tour-de-suisse/2019/stage-5,Tour de Suisse,50,60,177000,2705,4,802,,1,0,0,0.015282485875706214
tirreno-adriatico/1987/stage-4,Tirreno-Adriatico,50,,181000,,,438,,1,0,0,
tour-de-france/1996/stage-20,Tour de France,100,,63500,640,1,1872,,1,0,0,0.010078740157480314
tour-de-france/2018/stage-2,Tour de France,100,120,182500,1395,1,1689,,1,0,0,0.007643835616438356
giro-d-italia/1999/stage-16,Giro d'Italia,80,,232000,,,1057,,1,0,0,
tour-de-france/2002/stage-5,Tour de France,100,,195000,1503,1,1489,,1,0,0,0.007707692307692308
itzulia-basque-country/2023/stage-3,Itzulia Basque Country,50,50,162800,2799,3,719,13,1,0,0,0.017192874692874692
giro-d-italia/2007/stage-16,Giro d'Italia,80,,189000,3309,2,844,,1,0,0,0.017507936507936507
itzulia-basque-country/2008/stage-3,Vuelta Ciclista al País Vasco,50,,195000,,,838,,1,0,0,
volta-a-catalunya/1981/stage-3,Volta Ciclista a Catalunya,50,,155500,,,388,,1,0,0,
vuelta-a-espana/1982/stage-16,Vuelta a España,80,,176000,,,523,,1,0,0,
volta-a-catalunya/2014/stage-3,Volta Ciclista a Catalunya,50,6,162900,3545,5,896,,1,0,0,0.021761817065684468
tirreno-adriatico/2011/stage-2,Tirreno-Adriatico,50,6,202000,1783,1,1216,,1,0,0,0.008826732673267326
vuelta-a-espana/1989/stage-1,Vuelta a España,80,,20100,588,,803,,1,0,0,0.029253731343283584
paris-nice/2008/stage-3,Paris - Nice,30,,164500,,,775,,1,0,0,
vuelta-a-espana/2003/stage-9,Vuelta a España,80,,174800,4201,5,935,,1,0,0,0.024033180778032036
paris-nice/2016/stage-1,Paris - Nice,50,60,195000,935,1,1109,,1,0,0,0.004794871794871795
paris-roubaix/1994/result,Paris - Roubaix,275,,270000,,,391,,0,0,0,
tour-de-france/2000/stage-2,Tour de France,100,,194000,1383,1,1437,,1,0,0,0.007128865979381443
paris-nice/2003/stage-6,Paris - Nice,50,,194500,,,831,,1,0,0,
volta-a-catalunya/2005/stage-5,Volta Ciclista a Catalunya,50,,17100,,5,850,,1,0,0,
tour-de-france/2000/stage-15,Tour de France,100,,173500,5231,5,1437,,1,0,0,0.03014985590778098
tour-de-france/1995/stage-19,Tour de France,100,,46000,1097,1,1871,,1,0,0,0.02384782608695652
dauphine/1990/stage-8,Critérium du Dauphiné Libéré,50,,37800,,,637,,1,0,0,
tour-de-france/1996/stage-8,Tour de France,100,,30500,1556,5,1872,,1,0,0,0.05101639344262295
tour-de-france/1981/stage-9,Tour de France,100,,196500,1781,1,1362,,1,0,0,0.009063613231552163
tour-de-france/2022/stage-1,Tour de France,100,120,13200,21,1,1551,,1,0,0,0.001590909090909091
tour-de-france/2022/stage-18,Tour de France,100,120,143200,4036,5,1551,27,1,0,0,0.028184357541899442
volta-a-catalunya/2000/stage-2,Volta a Catalunya,50,,160000,,,697,,1,0,0,
tour-de-france/2001/stage-7,Tour de France,100,,162000,3300,2,1496,,1,0,0,0.020370370370370372
dauphine/1987/stage-3b,Critérium du Dauphiné Libéré,50,,32000,,,505,,1,0,0,
dauphine/2006/stage-6,Critérium du Dauphiné Libéré,50,,169000,,,800,,1,0,0,
liege-bastogne-liege/1971/result,Liège - Bastogne - Liège,275,,251000,,,447,,0,0,0,
tour-de-france/1982/stage-18,Tour de France,100,,233000,2500,2,1492,,1,0,0,0.01072961373390558
il-lombardia/2003/result,Giro di Lombardia,275,,249000,4113,,1100,,0,0,0,0.016518072289156627
world-championship/2005/result,World Championships ME - Road Race,350,,273000,3404,,1110,,0,0,0,0.01246886446886447
giro-d-italia/2006/stage-14,Giro d'Italia,80,,189000,496,1,997,,1,0,0,0.002624338624338624
tour-de-france/2023/stage-17,Tour de France,100,210,165700,5399,4,1584,24,1,0,0,0.03258298129149065
tour-de-suisse/1989/stage-2,Tour de Suisse,50,,197500,,,604,,1,0,0,
tour-de-france/1985/stage-11,Tour de France,100,,195000,3500,5,1470,,1,0,0,0.017948717948717947
tour-de-france/2002/stage-10,Tour de France,100,,147000,1183,1,1489,,1,0,0,0.008047619047619048
tour-de-france/2023/stage-14,Tour de France,100,210,151800,4281,4,1584,28,1,0,0,0.028201581027667986
vuelta-a-espana/1996/stage-21,Vuelta a España,80,,43000,591,,988,,1,0,0,0.013744186046511628
vuelta-a-espana/1998/stage-6,Vuelta a España,80,,202000,1959,,1309,,1,0,0,0.009698019801980198
tour-de-france/2010/stage-6,Tour de France,100,20,227500,2345,1,1685,,1,0,0,0.010307692307692308
tour-de-suisse/1979/stage-1,Tour de Suisse,50,,180000,,,538,,1,0,0,
tour-de-france/1991/stage-22,Tour de France,100,,178000,2412,1,1933,,1,0,0,0.01355056179775281
tour-de-romandie/1973/stage-1,Tour de Romandie,50,,192500,,,352,,1,0,0,
san-sebastian/2023/result,Donostia San Sebastian Klasikoa,225,400,230300,4057,2,787,24,0,0,0,0.01761615284411637
volta-a-catalunya/1984/stage-4b,Volta Ciclista a Catalunya,50,,92000,,,319,,1,0,0,
tour-de-suisse/2022/stage-4,Tour de Suisse,50,60,190800,2062,2,767,29,1,0,0,0.01080712788259958
dauphine/1984/stage-7a,Critérium du Dauphiné Libéré,50,,104000,,,529,,1,0,0,
paris-nice/2005/stage-1,Paris - Nice,50,,186500,,1,1091,,1,0,0,
vuelta-a-espana/1996/stage-12,Vuelta a España,80,,191700,1935,,988,,1,0,0,0.010093896713615023
paris-nice/2022/stage-7,Paris - Nice,50,60,155200,3582,5,1182,,1,0,0,0.023079896907216495
itzulia-basque-country/2011/stage-2,Vuelta Ciclista al País Vasco,50,6,167000,2997,,935,,1,0,0,0.017946107784431137
paris-roubaix/1988/result,Paris - Roubaix,275,,266000,,,611,,0,0,0,
vuelta-a-espana/2007/stage-1,Vuelta a España,80,,146400,2160,2,995,,1,0,0,0.014754098360655738
tour-de-suisse/1979/stage-4,Tour de Suisse,50,,196000,,,538,,1,0,0,
liege-bastogne-liege/2018/result,Liège - Bastogne - Liège,275,500,258500,4109,3,1168,,0,0,0,0.015895551257253386
giro-d-italia/2000/stage-11,Giro d'Italia,80,,42000,23,1,866,,1,0,0,0.0005476190476190477
itzulia-basque-country/2021/stage-2,Itzulia Basque Country,50,50,154800,2616,3,936,,1,0,0,0.01689922480620155
tour-de-suisse/1970/prologue,Tour de Suisse,50,,4000,,,393,,1,0,0,
tour-de-suisse/1982/stage-5,Tour de Suisse,50,,141000,,,657,,1,0,0,
milano-sanremo/1993/result,Milano-Sanremo,275,,297000,,,1704,,0,0,0,
tour-de-romandie/2012/stage-5,Tour de Romandie,50,6,16500,586,2,727,,1,0,0,0.035515151515151513
tour-de-france/2003/stage-18,Tour de France,100,,202500,1678,1,1688,,1,0,0,0.00828641975308642
e3-harelbeke/1972/result,E3-Prijs Harelbeke,125,,226000,,,394,,0,0,0,
vuelta-a-espana/1981/stage-16,Vuelta a España,80,,209000,,,457,,1,0,0,
vuelta-a-espana/2014/stage-14,Vuelta a España,80,16,200800,4198,5,1175,,1,0,0,0.020906374501992033
dauphine/2008/stage-4,Critérium du Dauphiné Libéré,50,,31000,,,644,,1,0,0,
dauphine/2011/prologue,Critérium du Dauphiné,50,6,5400,58,,958,,1,0,0,0.01074074074074074
omloop-het-nieuwsblad/1972/result,Omloop Het Volk,125,,198000,,,502,,0,0,0,
vuelta-a-espana/2014/stage-16,Vuelta a España,80,16,160500,4908,5,1175,,1,0,0,0.03057943925233645
paris-nice/2012/stage-7,Paris - Nice,50,6,219500,3382,2,1079,,1,0,0,0.015407744874715261
volta-a-catalunya/1996/stage-2,Volta Ciclista a Catalunya,50,,147100,1910,,327,,1,0,0,0.012984364377974168
dauphine/1983/stage-2b,Critérium du Dauphiné Libéré,50,,75000,,,621,,1,0,0,
tour-de-suisse/1977/stage-9a,Tour de Suisse,50,,149000,,,627,,1,0,0,
vuelta-a-espana/2018/stage-5,La Vuelta ciclista a España,80,100,188700,3178,4,1036,,1,0,0,0.016841547429782725
tour-de-france/1981/stage-16,Tour de France,100,,199500,5000,4,1362,,1,0,0,0.02506265664160401
il-lombardia/1973/result,Giro di Lombardia,275,,266000,,,544,,0,0,0,
vuelta-a-espana/2017/stage-9,Vuelta a España,80,100,174000,2041,3,899,,1,0,0,0.011729885057471265
tour-de-france/1997/stage-9,Tour de France,100,,182000,5000,4,1994,,1,0,0,0.027472527472527472
vuelta-a-espana/1982/stage-15a,Vuelta a España,80,,119000,,,523,,1,0,0,
tour-de-france/2002/stage-15,Tour de France,100,,226500,4619,5,1489,,1,0,0,0.020392935982339957
vuelta-a-espana/2022/stage-17,La Vuelta ciclista a España,80,100,162300,2755,1,968,27,1,0,0,0.016974738139248307
tour-de-france/1996/stage-14,Tour de France,100,,186500,3000,3,1872,,1,0,0,0.0160857908847185
vuelta-a-espana/1998/stage-10,Vuelta a España,80,,200000,4219,,1309,,1,0,0,0.021095
itzulia-basque-country/2013/stage-6,Vuelta Ciclista al País Vasco,50,6,24000,437,2,927,,1,0,0,0.018208333333333333
dwars-door-vlaanderen/2003/result,Dwars door Vlaanderen,75,,200000,,2,526,,0,0,0,
dauphine/2007/stage-1,Critérium du Dauphiné Libéré,50,,219000,,,816,,1,0,0,
dauphine/2006/stage-3,Critérium du Dauphiné Libéré,30,,43000,,,800,,1,0,0,
tour-de-france/2002/stage-17,Tour de France,100,,142000,4000,4,1489,,1,0,0,0.028169014084507043
tour-de-france/1984/prologue,Tour de France,100,,5400,,1,1632,,1,0,0,
tour-de-france/1987/stage-6,Tour de France,100,,169000,2646,4,1812,,1,0,0,0.01565680473372781
paris-nice/1996/stage-7,Paris - Nice,50,,193700,,,766,,1,0,0,
e3-harelbeke/1973/result,E3-Prijs Harelbeke,125,,226000,,,480,,0,0,0,
san-sebastian/2009/result,Clasica Ciclista San Sebastian,225,,237000,,2,864,,0,0,0,
paris-nice/2015/stage-4,Paris - Nice,50,6,204000,3295,5,1225,,1,0,0,0.016151960784313725
vuelta-a-espana/2008/stage-2,Vuelta a España,80,,167300,2224,3,1101,,1,0,0,0.013293484757919905
milano-sanremo/1997/result,Milano-Sanremo,275,,294000,,,1530,,0,0,0,
tour-de-suisse/1997/stage-3,Tour de Suisse,50,,183200,,,1161,,1,0,0,
itzulia-basque-country/2015/stage-4,Vuelta Ciclista al País Vasco,50,6,162200,3498,3,970,,1,0,0,0.02156596794081381
tour-de-romandie/1983/stage-5a,Tour de Romandie,50,,85100,,,478,,1,0,0,
giro-d-italia/2021/stage-1,Giro d'Italia,80,100,8600,48,1,885,,1,0,0,0.005581395348837209
tour-de-france/1984/stage-19,Tour de France,100,,186000,5500,4,1632,,1,0,0,0.02956989247311828
giro-d-italia/2020/stage-9,Giro d'Italia,80,100,208000,4544,5,765,,1,0,0,0.021846153846153845
paris-nice/2005/prologue,Paris - Nice,50,,4000,,1,1091,,1,0,0,
paris-nice/2005/stage-7,Paris - Nice,50,,135000,,4,1091,,1,0,0,
vuelta-a-espana/1982/stage-11,Vuelta a España,80,,143000,,,523,,1,0,0,
tour-de-france/1989/stage-10,Tour de France,100,,136000,4750,5,1849,,1,0,0,0.034926470588235295
paris-roubaix/2002/result,Paris - Roubaix,275,,261000,,1,565,,0,0,0,
tour-de-france/2021/stage-17,Tour de France,100,120,178400,4375,5,1646,,1,0,0,0.024523542600896862
tour-de-romandie/2018/stage-2,Tour de Romandie,50,60,173900,2195,2,566,,1,0,0,0.012622196664749856
volta-a-catalunya/2023/stage-6,Volta Ciclista a Catalunya,50,50,174100,2534,2,704,18,1,0,0,0.014554853532452613
paris-nice/2017/stage-4,Paris - Nice,50,60,14500,333,3,1158,,1,0,0,0.02296551724137931
paris-roubaix/1974/result,Paris - Roubaix,275,,274000,,,681,,0,0,0,
volta-a-catalunya/1994/stage-3,Volta Ciclista a Catalunya,50,,217500,2230,,379,,1,0,0,0.010252873563218391
giro-d-italia/2020/stage-3,Giro d'Italia,80,100,150000,3516,5,765,,1,0,0,0.02344
vuelta-a-espana/2018/stage-19,La Vuelta ciclista a España,80,100,154400,3183,5,1036,,1,0,0,0.020615284974093265
vuelta-a-espana/2006/stage-4,Vuelta a España,80,,142000,1005,1,1026,,1,0,0,0.007077464788732394
tour-de-suisse/1994/stage-7,Tour de Suisse,50,,186500,,,616,,1,0,0,
il-lombardia/1996/result,Giro di Lombardia,275,,250000,,,741,,0,0,0,
vuelta-a-espana/2002/stage-18,Vuelta a España,80,,193700,3989,5,1084,,1,0,0,0.02059370160041301
tirreno-adriatico/2018/stage-6,Tirreno-Adriatico,50,60,153000,1933,2,1196,,1,0,0,0.012633986928104576
tour-de-france/2017/stage-5,Tour de France,100,120,160500,2348,5,1791,,1,0,0,0.014629283489096574
tour-de-suisse/1978/stage-7,Tour de Suisse,50,,191500,,,691,,1,0,0,
tour-de-suisse/2018/stage-8,Tour de Suisse,50,60,123000,824,3,956,,1,0,0,0.006699186991869919
tour-de-suisse/1983/stage-6,Tour de Suisse,50,,177500,,,809,,1,0,0,
dauphine/2012/stage-5,Critérium du Dauphiné,50,6,186500,3216,,1117,,1,0,0,0.017243967828418232
tour-de-france/2014/stage-20,Tour de France,100,20,54000,611,3,1612,,1,0,0,0.011314814814814814
omloop-het-nieuwsblad/1973/result,Omloop Het Volk,125,,198000,,,473,,0,0,0,
strade-bianche/2014/result,Strade Bianche,75,,197000,3103,3,651,,0,0,0,0.015751269035532995
paris-nice/2002/stage-7,Paris - Nice,50,,157000,,,883,,1,0,0,
tour-de-suisse/2007/stage-5,Tour de Suisse,50,,95000,,,1089,,1,0,0,
tour-de-france/2017/stage-6,Tour de France,100,120,216000,1735,1,1791,,1,0,0,0.008032407407407408
volta-a-catalunya/1995/stage-5,Volta Ciclista a Catalunya,50,,163300,2639,,737,,1,0,0,0.01616044090630741
tour-de-suisse/2016/stage-8,Tour de Suisse,50,60,16800,260,2,680,,1,0,0,0.015476190476190477
paris-nice/1996/stage-4,Paris - Nice,50,,162600,,,766,,1,0,0,
dauphine/2008/stage-6,Critérium du Dauphiné Libéré,50,,125000,,,644,,1,0,0,
tour-de-france/2000/stage-11,Tour de France,100,,218500,2632,1,1437,,1,0,0,0.012045766590389017
tour-de-france/2002/stage-8,Tour de France,100,,217500,2436,1,1489,,1,0,0,0.0112
itzulia-basque-country/2017/stage-6,Vuelta al País Vasco,50,50,27700,522,2,811,,1,0,0,0.018844765342960288
giro-d-italia/2023/stage-7,Giro d'Italia,80,180,218000,4143,5,835,14,1,0,0,0.0190045871559633
omloop-het-nieuwsblad/2011/result,Omloop Het Nieuwsblad ME,125,,203000,,2,599,,0,0,0,
tirreno-adriatico/1970/stage-5b,Tirreno-Adriatico,50,,18000,,,455,,1,0,0,
paris-nice/1985/stage-4a,Paris - Nice,50,,98000,,,815,,1,0,0,
dwars-door-vlaanderen/2023/result,Dwars door Vlaanderen - A travers la Flandre ME,225,300,183700,1459,2,866,15,0,0,0,0.00794229722373435
giro-d-italia/2011/stage-10,Giro d'Italia,80,16,159000,1207,3,891,,1,0,0,0.0075911949685534596
vuelta-a-espana/2003/stage-19,Vuelta a España,80,,164000,2579,4,935,,1,0,0,0.01572560975609756
tour-de-suisse/2006/stage-9,Tour de Suisse,30,,30700,,,972,,1,0,0,
tour-de-france/2015/stage-6,Tour de France,100,20,191500,1694,3,1812,,1,0,0,0.008845953002610965
giro-d-italia/2015/stage-14,Giro d'Italia,80,16,59400,593,3,861,,1,0,0,0.009983164983164983
giro-d-italia/1992/stage-17,Giro d'Italia,80,,200000,,,953,,1,0,0,
itzulia-basque-country/2004/stage-2,Vuelta al País Vasco,50,,180000,,,1020,,1,0,0,
tour-de-france/2012/stage-14,Tour de France,100,20,191000,3284,4,1703,,1,0,0,0.017193717277486913
dauphine/2012/stage-6,Critérium du Dauphiné,50,6,167500,4158,,1117,,1,0,0,0.024823880597014927
giro-d-italia/1993/stage-18,Giro d'Italia,80,,150000,,,1089,,1,0,0,
giro-d-italia/2022/stage-9,Giro d'Italia,80,100,191000,5080,5,817,22,1,0,0,0.026596858638743455
tour-de-romandie/1989/stage-2,Tour de Romandie,50,,157100,,,502,,1,0,0,
paris-nice/2001/stage-2,Paris - Nice,50,,195400,,,902,,1,0,0,
vuelta-a-espana/1999/stage-4,Vuelta a España,80,,185000,1607,,1342,,1,0,0,0.008686486486486487
il-lombardia/2022/result,Il Lombardia,275,500,253000,4852,2,1019,20,0,0,0,0.019177865612648223
tour-de-france/1981/stage-19,Tour de France,100,,117500,1996,2,1362,,1,0,0,0.01698723404255319
vuelta-a-espana/1988/stage-9,Vuelta a España,80,,6800,425,,828,,1,0,0,0.0625
tour-de-suisse/2010/stage-7,Tour de Suisse,50,6,172400,,,1198,,1,0,0,
giro-d-italia/2016/stage-16,Giro d'Italia,80,100,132000,2737,4,933,,1,0,0,0.020734848484848484
tour-de-france/2007/stage-6,Tour de France,100,,199500,1484,1,1612,,1,0,0,0.00743859649122807
la-fleche-wallone/1984/result,La Flèche Wallonne,225,,246000,,,811,,0,0,0,
dwars-door-vlaanderen/2011/result,Dwars door Vlaanderen,75,,201000,,2,556,,0,0,0,
dauphine/2020/stage-1,Critérium du Dauphiné,50,60,218500,3575,5,1243,,1,0,0,0.016361556064073225
giro-d-italia/1997/stage-22,Giro d'Italia,80,,165000,,,792,,1,0,0,
tour-de-suisse/2003/stage-1,Tour de Suisse,50,,163000,,,660,,1,0,0,
tirreno-adriatico/2010/stage-4,Tirreno-Adriatico,50,6,243000,3603,3,1176,,1,0,0,0.01482716049382716
tirreno-adriatico/2022/stage-3,Tirreno-Adriatico,50,60,170000,2063,2,1059,,1,0,0,0.012135294117647058
vuelta-a-espana/1998/stage-18,Vuelta a España,80,,223000,751,,1309,,1,0,0,0.003367713004484305
vuelta-a-espana/1997/stage-8,Vuelta a España,80,,175000,1863,,1165,,1,0,0,0.010645714285714286
giro-d-italia/2007/stage-13,Giro d'Italia,80,,13000,728,5,844,,1,0,0,0.056
giro-d-italia/2009/stage-17,Giro d'Italia,50,,83000,2085,5,975,,1,0,0,0.025120481927710842
tour-de-france/1990/stage-8,Tour de France,100,,181900,805,1,1959,,1,0,0,0.004425508521165475
tirreno-adriatico/2006/stage-4,Tirreno-Adriatico,50,,219000,,2,1210,,1,0,0,
vuelta-a-espana/2005/stage-15,Vuelta a España,80,,191000,3940,5,960,,1,0,0,0.0206282722513089
dauphine/2000/stage-6,Criterium du Dauphiné Libére,50,,218000,,,494,,1,0,0,
volta-a-catalunya/1996/prologue,Volta Ciclista a Catalunya,50,,8200,,,327,,1,0,0,
tour-de-france/2009/stage-14,Tour de France,100,,199000,1709,2,1557,,1,0,0,0.008587939698492463
vuelta-a-espana/2017/stage-10,Vuelta a España,80,100,164800,1568,2,899,,1,0,0,0.009514563106796117
giro-d-italia/2020/stage-16,Giro d'Italia,80,100,229000,4056,3,765,,1,0,0,0.0177117903930131
vuelta-a-espana/2021/stage-6,La Vuelta ciclista a España,80,100,158300,902,3,1023,,1,0,0,0.005698041692987998
vuelta-a-espana/1997/stage-5,Vuelta a España,80,,229000,2771,,1165,,1,0,0,0.012100436681222708
vuelta-a-espana/1983/stage-14,Vuelta a España,80,,185000,,,705,,1,0,0,
vuelta-a-espana/2011/stage-7,Vuelta a España,80,,185000,2128,2,1170,,1,0,0,0.011502702702702703
gran-camino/2023/stage-2,O Gran Camiño,20,14,184300,2456,3,156,,1,0,0,0.013326098752034726
tour-de-suisse/2021/stage-7,Tour de Suisse,50,60,23200,654,4,670,,1,0,0,0.028189655172413793
tirreno-adriatico/2003/stage-5,Tirreno-Adriatico,50,,181000,,,882,,1,0,0,
giro-d-italia/2004/stage-3,Giro d'Italia,80,,191000,3526,5,621,,1,0,0,0.018460732984293193
tirreno-adriatico/1994/stage-8,Tirreno-Adriatico,50,,155000,,,727,,1,0,0,
amstel-gold-race/2017/result,Amstel Gold Race,225,500,261000,3328,2,949,,0,0,0,0.01275095785440613
dauphine/1983/stage-5,Critérium du Dauphiné Libéré,50,,243000,,,621,,1,0,0,
tour-de-suisse/2016/stage-5,Tour de Suisse,50,60,126400,3550,5,680,,1,0,0,0.028085443037974684
vuelta-a-espana/2016/stage-18,Vuelta a España,80,100,200600,2550,2,821,,1,0,0,0.012711864406779662
giro-d-italia/2015/stage-17,Giro d'Italia,80,16,134000,1857,2,861,,1,0,0,0.013858208955223881
volta-a-catalunya/2013/stage-1,Volta Ciclista a Catalunya,50,6,159300,2101,4,811,,1,0,0,0.013188951663527935
vuelta-a-espana/1991/stage-21,Vuelta a España,80,,169600,888,,1042,,1,0,0,0.005235849056603774
dauphine/2014/stage-7,Critérium du Dauphiné,50,6,160000,4130,5,941,,1,0,0,0.0258125
giro-d-italia/1995/stage-16,Giro d'Italia,80,,234000,,,1365,,1,0,0,
vuelta-a-espana/1996/stage-9,Vuelta a España,80,,203500,1408,,988,,1,0,0,0.006918918918918919
vuelta-a-espana/1980/stage-14,Vuelta a España,80,,156000,,,520,,1,0,0,
itzulia-basque-country/2021/stage-5,Itzulia Basque Country,50,50,160200,2258,2,936,,1,0,0,0.014094881398252185
vuelta-a-espana/2000/stage-8,Vuelta a España,80,,170000,1269,,981,,1,0,0,0.007464705882352941
volta-a-catalunya/2004/stage-3,Volta a Catalunya,50,,200700,,5,376,,1,0,0,
giro-d-italia/2009/stage-10,Giro d'Italia,35,,250000,4215,4,975,,1,0,0,0.01686
itzulia-basque-country/2014/stage-2,Vuelta Ciclista al País Vasco,50,6,155800,2738,2,912,,1,0,0,0.017573812580231066
giro-d-italia/2004/stage-17,Giro d'Italia,80,,153000,2279,2,621,,1,0,0,0.014895424836601306
tour-de-suisse/1988/stage-4,Tour de Suisse,50,,210000,,,548,,1,0,0,
tour-de-france/1983/stage-1,Tour de France,100,,163000,1287,1,1269,,1,0,0,0.007895705521472392
tour-de-suisse/1974/stage-3b,Tour de Suisse,50,,8400,,,541,,1,0,0,
tour-de-suisse/1976/stage-6,Tour de Suisse,50,,172500,,,377,,1,0,0,
giro-d-italia/2014/stage-14,Giro d'Italia,80,16,164000,3691,5,892,,1,0,0,0.02250609756097561
ronde-van-vlaanderen/1986/result,Ronde van Vlaanderen / Tour des Flandres,275,,275000,,,601,,0,0,0,
itzulia-basque-country/2003/stage-5a,Vuelta al País Vasco,50,,91000,,,910,,1,0,0,
tirreno-adriatico/2001/stage-8,Tirreno-Adriatico,50,,161000,,,1092,,1,0,0,
giro-d-italia/2012/stage-12,Giro d'Italia,80,16,155000,2665,2,886,,1,0,0,0.017193548387096774
tour-de-suisse/2011/stage-7,Tour de Suisse,50,6,222800,,,972,,1,0,0,
vuelta-a-espana/2013/stage-20,Vuelta a España,80,16,142200,3728,5,1128,,1,0,0,0.026216596343178623
dwars-door-vlaanderen/1970/result,Dwars door België / À travers la Belgique,75,,195000,,,171,,0,0,0,
tour-de-romandie/2016/stage-2,Tour de Romandie,50,60,173900,3196,5,917,,1,0,0,0.018378378378378378
dauphine/2011/stage-4,Critérium du Dauphiné,50,6,173500,1647,,958,,1,0,0,0.009492795389048991
tirreno-adriatico/2012/stage-7,Tirreno-Adriatico,50,6,9300,6,1,1188,,1,0,0,0.0006451612903225806
vuelta-a-espana/1985/stage-5,Vuelta a España,80,,238000,3500,,925,,1,0,0,0.014705882352941176
paris-nice/1980/stage-5,Paris - Nice,50,,185000,,,1128,,1,0,0,
paris-nice/1998/stage-6,Paris - Nice,50,,223000,,,960,,1,0,0,
tour-de-romandie/1997/stage-3,Tour de Romandie,50,,171700,,,922,,1,0,0,
giro-d-italia/2022/stage-18,Giro d'Italia,80,100,156000,1219,2,817,25,1,0,0,0.007814102564102565
giro-d-italia/2000/stage-9,Giro d'Italia,80,,140000,3508,5,866,,1,0,0,0.025057142857142858
paris-nice/1986/stage-1,Paris - Nice,50,,148000,,,746,,1,0,0,
giro-d-italia/1994/stage-15,Giro d'Italia,80,,195000,,4,1292,,1,0,0,
paris-nice/2014/stage-7,Paris - Nice,50,6,195500,3928,3,971,,1,0,0,0.020092071611253197
tour-de-france/1990/stage-13,Tour de France,100,,149000,1734,2,1959,,1,0,0,0.01163758389261745
il-lombardia/1978/result,Giro di Lombardia,275,,266000,,,512,,0,0,0,
tour-de-france/1988/stage-20,Tour de France,100,,223500,2365,2,1941,,1,0,0,0.01058165548098434
giro-d-italia/2023/stage-3,Giro d'Italia,80,180,213000,1777,2,835,20,1,0,0,0.008342723004694836
gran-camino/2022/stage-4,Gran Camiño,20,14,15800,208,1,225,,1,0,0,0.013164556962025316
tour-de-france/2011/stage-15,Tour de France,100,20,192500,1464,1,1713,,1,0,0,0.007605194805194805
strade-bianche/2018/result,Strade Bianche,225,300,184000,2990,3,902,,0,0,0,0.01625
dauphine/2002/stage-3,Critérium du Dauphiné Libéré,50,,41000,,,602,,1,0,0,
vuelta-a-espana/1980/stage-17,Vuelta a España,80,,138000,,,520,,1,0,0,
tour-de-france/2023/stage-21,Tour de France,100,210,115100,577,1,1584,23,1,0,0,0.005013032145960035
giro-d-italia/2022/stage-11,Giro d'Italia,80,100,203000,369,1,817,26,1,0,0,0.0018177339901477832
vuelta-a-espana/1992/stage-8,Vuelta a España,80,,240500,4120,,1033,,1,0,0,0.01713097713097713
vuelta-a-espana/1996/stage-1,Vuelta a España,80,,162000,862,,988,,1,0,0,0.005320987654320987
vuelta-a-espana/2022/stage-6,La Vuelta ciclista a España,80,100,181200,4120,5,968,21,1,0,0,0.022737306843267108
giro-d-italia/2020/stage-1,Giro d'Italia,80,100,15100,74,1,765,,1,0,0,0.00490066225165563
giro-d-italia/2002/stage-3,Giro d'Italia,80,,206000,2516,2,920,,1,0,0,0.01221359223300971
volta-a-catalunya/1992/stage-7,Volta Ciclista a Catalunya,50,,172000,1903,,758,,1,0,0,0.011063953488372092
tour-de-suisse/2000/stage-5,Tour de Suisse,50,,30000,,,895,,1,0,0,
il-lombardia/1995/result,Giro di Lombardia,275,,252000,,,646,,0,0,0,
paris-nice/1989/stage-7a,Paris - Nice,50,,101000,,,794,,1,0,0,
milano-sanremo/2023/result,Milano-Sanremo,275,800,294000,2154,2,1047,14,0,0,0,0.007326530612244898
itzulia-basque-country/2016/stage-5,Vuelta Ciclista al País Vasco,50,50,159000,3586,5,943,,1,0,0,0.022553459119496855
tour-de-suisse/1995/stage-4,Tour de Suisse,50,,192700,,,764,,1,0,0,
e3-harelbeke/1976/result,E3-Prijs Harelbeke,125,,228000,,,302,,0,0,0,
tour-de-france/2003/stage-3,Tour de France,100,,167500,1605,1,1688,,1,0,0,0.009582089552238805
tour-de-suisse/2005/stage-8,Tour de Suisse,50,,162000,,,971,,1,0,0,
tour-de-france/1996/stage-21,Tour de France,100,,147500,1740,1,1872,,1,0,0,0.011796610169491526
paris-nice/2011/stage-2,Paris - Nice,50,6,199000,886,1,1038,,1,0,0,0.004452261306532664
omloop-het-nieuwsblad/1997/result,Omloop Het Volk,125,,200000,,,540,,0,0,0,
vuelta-a-espana/1990/stage-17,Vuelta a España,80,,151000,2500,,807,,1,0,0,0.016556291390728478
vuelta-a-espana/1980/stage-11,Vuelta a España,80,,219000,,,520,,1,0,0,
tour-de-romandie/2017/stage-4,Tour de Romandie,50,60,163500,3145,5,636,,1,0,0,0.019235474006116207
tour-de-france/1985/stage-7,Tour de France,100,,217000,2341,2,1470,,1,0,0,0.010788018433179723
giro-d-italia/2015/stage-8,Giro d'Italia,80,16,186000,3842,5,861,,1,0,0,0.020655913978494624
tirreno-adriatico/2020/stage-5,Tirreno-Adriatico,50,60,202000,4429,5,687,,1,0,0,0.021925742574257424
vuelta-a-espana/1990/stage-5,Vuelta a España,80,,198000,5000,,807,,1,0,0,0.025252525252525252
dwars-door-vlaanderen/2001/result,Dwars door Vlaanderen,75,,201000,,2,269,,0,0,0,
paris-nice/1970/stage-7a,Paris - Nice,50,,73000,,,1121,,1,0,0,
vuelta-a-espana/1983/stage-13,Vuelta a España,80,,188000,,,705,,1,0,0,
volta-a-catalunya/2002/stage-5,Volta a Catalunya,50,,141300,,,431,,1,0,0,
giro-d-italia/2014/stage-12,Giro d'Italia,80,16,42200,654,1,892,,1,0,0,0.015497630331753555
vuelta-a-espana/2008/stage-17,Vuelta a España,80,,148200,915,1,1101,,1,0,0,0.006174089068825911
tour-de-romandie/2012/stage-3,Tour de Romandie,50,6,157600,2352,4,727,,1,0,0,0.014923857868020305
paris-nice/1981/stage-7a,Paris - Nice,50,,57500,,,821,,1,0,0,
paris-nice/1985/stage-2,Paris - Nice,50,,181000,,,815,,1,0,0,
tour-de-suisse/2005/stage-2,Tour de Suisse,30,,36000,,,971,,1,0,0,
vuelta-a-espana/2001/stage-8,Vuelta a España,80,,195000,2472,5,971,,1,0,0,0.012676923076923077
tirreno-adriatico/2000/stage-5,Tirreno-Adriatico,50,,26500,,,1197,,1,0,0,
paris-nice/2010/stage-3,Paris - Nice,30,6,155000,,2,1192,,1,0,0,
strade-bianche/2016/result,Strade Bianche,125,200,176000,2907,3,666,,0,0,0,0.016517045454545454
vuelta-a-espana/2009/stage-9,Vuelta a España,80,,188800,3873,4,1220,,1,0,0,0.02051377118644068
dauphine/2001/stage-1,Criterium du Dauphiné Libére,50,,227000,,,442,,1,0,0,
volta-a-catalunya/2015/stage-1,Volta Ciclista a Catalunya,50,6,185200,2557,2,817,,1,0,0,0.013806695464362851
tirreno-adriatico/2015/stage-7,Tirreno-Adriatico,50,6,10000,8,1,1017,,1,0,0,0.0008
tirreno-adriatico/1983/stage-5,Tirreno-Adriatico,50,,18300,,,463,,1,0,0,
tour-de-france/1991/stage-10,Tour de France,100,,207500,2047,1,1933,,1,0,0,0.009865060240963855
tour-de-suisse/1990/stage-8,Tour de Suisse,50,,214500,,,767,,1,0,0,
tour-de-suisse/1986/stage-1,Tour de Suisse,50,,177600,,,835,,1,0,0,
vuelta-a-espana/2021/stage-7,La Vuelta ciclista a España,80,100,152000,3744,5,1023,,1,0,0,0.02463157894736842
giro-d-italia/1996/stage-6,Giro d'Italia,80,,179000,,,1034,,1,0,0,
world-championship/1979/result,World Championships - Road Race,350,,274800,2584,,1377,,0,0,0,0.009403202328966522
paris-roubaix/1977/result,Paris - Roubaix,275,,250500,,,762,,0,0,0,
e3-harelbeke/2015/result,E3 Harelbeke,225,,215300,1866,2,717,,0,0,0,0.00866697631212262
giro-d-italia/1997/stage-2,Giro d'Italia,80,,211000,,,792,,1,0,0,
tour-de-suisse/1977/stage-2,Tour de Suisse,50,,216000,,,627,,1,0,0,
paris-nice/2001/stage-3,Paris - Nice,50,,217900,,,902,,1,0,0,
tour-de-romandie/1993/stage-4a,Tour de Romandie,50,,71400,,,551,,1,0,0,
tirreno-adriatico/1994/stage-3,Tirreno-Adriatico,50,,198700,,,727,,1,0,0,
itzulia-basque-country/2002/stage-3,Vuelta al País Vasco,50,,170000,,,966,,1,0,0,
tour-de-romandie/2017/prologue,Tour de Romandie,50,60,4800,55,1,636,,1,0,0,0.011458333333333333
tour-de-suisse/1987/stage-10,Tour de Suisse,50,,170000,,,673,,1,0,0,
vuelta-a-espana/2008/stage-18,Vuelta a España,80,,167400,1448,2,1101,,1,0,0,0.008649940262843488
tour-de-france/1994/stage-15,Tour de France,100,,231000,3876,4,1731,,1,0,0,0.01677922077922078
tour-de-france/1995/stage-13,Tour de France,100,,223000,3500,2,1871,,1,0,0,0.01569506726457399
volta-a-catalunya/1970/stage-1a,Volta Ciclista a Catalunya,50,,180400,,,570,,1,0,0,
vuelta-a-espana/2018/stage-18,La Vuelta ciclista a España,80,100,186100,1040,1,1036,,1,0,0,0.0055883933369156365
tour-de-romandie/2006/stage-3,Tour de Romandie,50,,164600,,,772,,1,0,0,
tour-de-suisse/1996/stage-3,Tour de Suisse,50,,198400,,,971,,1,0,0,
tour-de-suisse/1988/stage-7,Tour de Suisse,50,,207000,,,548,,1,0,0,
ronde-van-vlaanderen/2009/result,Ronde van Vlaanderen / Tour des Flandres ME,275,,260000,,2,754,,0,0,0,
giro-d-italia/2017/stage-9,Giro d'Italia,80,100,152000,2921,5,881,,1,0,0,0.019217105263157896
vuelta-a-espana/2017/stage-18,Vuelta a España,80,100,169000,3476,3,899,,1,0,0,0.020568047337278107
la-fleche-wallone/2016/result,La Flèche Wallonne,225,400,196000,3042,3,909,,0,0,0,0.015520408163265307
giro-d-italia/2017/stage-14,Giro d'Italia,80,100,131000,1106,5,881,,1,0,0,0.008442748091603053
giro-d-italia/1992/stage-21,Giro d'Italia,80,,66000,,,953,,1,0,0,
tirreno-adriatico/2021/stage-3,Tirreno-Adriatico,50,60,219000,3001,3,1108,,1,0,0,0.013703196347031963
tour-de-suisse/1988/stage-8,Tour de Suisse,50,,247000,,,548,,1,0,0,
giro-d-italia/1998/stage-2,Giro d'Italia,80,,160000,,,923,,1,0,0,
tour-de-france/1991/stage-21,Tour de France,100,,57000,864,1,1933,,1,0,0,0.015157894736842105
vuelta-a-espana/2019/stage-15,La Vuelta ciclista a España,80,100,154400,4114,5,798,,1,0,0,0.026645077720207255
vuelta-a-espana/2005/stage-20,Vuelta a España,80,,38900,201,1,960,,1,0,0,0.005167095115681234
vuelta-a-espana/1989/stage-16,Vuelta a España,80,,193500,2500,,803,,1,0,0,0.012919896640826873
paris-roubaix/1979/result,Paris - Roubaix,275,,264000,,,560,,0,0,0,
tirreno-adriatico/2021/stage-2,Tirreno-Adriatico,50,60,202000,2372,3,1108,,1,0,0,0.011742574257425743
itzulia-basque-country/2011/stage-4,Vuelta Ciclista al País Vasco,50,6,177000,3112,,935,,1,0,0,0.0175819209039548
tour-de-romandie/2015/stage-3,Tour de Romandie,50,6,173200,2337,4,883,,1,0,0,0.013493071593533487
tour-de-france/2010/prologue,Tour de France,100,20,8900,43,1,1685,,1,0,0,0.004831460674157303
liege-bastogne-liege/1982/result,Liège - Bastogne - Liège,275,,244700,,,491,,0,0,0,
tour-de-france/1999/stage-3,Tour de France,100,,194500,1506,1,1255,,1,0,0,0.0077429305912596405
tour-de-france/1996/stage-9,Tour de France,100,,46000,4750,5,1872,,1,0,0,0.10326086956521739
san-sebastian/2015/result,Clasica Ciclista San Sebastian,225,,219000,3796,2,929,,0,0,0,0.017333333333333333
paris-nice/2010/stage-1,Paris - Nice,30,,201500,,1,1192,,1,0,0,
paris-nice/2000/stage-6,Paris - Nice,50,,10000,,,880,,1,0,0,
il-lombardia/1984/result,Giro di Lombardia,275,,251000,,,692,,0,0,0,
vuelta-a-espana/1995/stage-6,Vuelta a España,80,,264000,3390,,883,,1,0,0,0.01284090909090909
volta-a-catalunya/2000/stage-4,Volta a Catalunya,50,,158000,,,697,,1,0,0,
tour-de-france/1992/stage-5,Tour de France,100,,196000,1538,1,2047,,1,0,0,0.007846938775510204
tour-de-france/1987/stage-4,Tour de France,100,,79000,1017,2,1812,,1,0,0,0.012873417721518987
tirreno-adriatico/2023/stage-4,Tirreno-Adriatico,50,60,218000,2503,3,1044,17,1,0,0,0.01148165137614679
tour-de-france/1995/stage-4,Tour de France,100,,154000,1845,1,1871,,1,0,0,0.01198051948051948
tour-de-france/2019/stage-20,Tour de France,100,120,59500,2228,5,1699,,1,0,0,0.037445378151260506
tour-de-france/1989/stage-15,Tour de France,100,,39000,1453,5,1849,,1,0,0,0.03725641025641026
tour-de-romandie/1973/stage-4a,Tour de Romandie,50,,90600,,,352,,1,0,0,
tirreno-adriatico/2016/stage-4,Tirreno-Adriatico,50,60,222000,2716,2,1133,,1,0,0,0.012234234234234235
tour-de-romandie/2007/stage-5,Tour de Romandie,50,,20400,,,674,,1,0,0,
giro-d-italia/2011/stage-2,Giro d'Italia,80,16,244000,944,1,891,,1,0,0,0.0038688524590163934
volta-a-catalunya/1970/stage-3,Volta Ciclista a Catalunya,50,,139200,,,570,,1,0,0,
giro-d-italia/2013/stage-6,Giro d'Italia,80,16,169000,550,1,930,,1,0,0,0.003254437869822485
paris-nice/2014/stage-4,Paris - Nice,50,6,201500,2070,2,971,,1,0,0,0.010272952853598015
tirreno-adriatico/2001/stage-1,Tirreno-Adriatico,50,,132000,,,1092,,1,0,0,
la-fleche-wallone/2012/result,La Flèche Wallonne,225,,194000,2320,3,975,,0,0,0,0.011958762886597939
tour-de-france/1983/stage-9,Tour de France,100,,207000,1461,2,1269,,1,0,0,0.007057971014492754
tour-de-france/1987/stage-14,Tour de France,100,,166000,5000,5,1812,,1,0,0,0.030120481927710843
giro-d-italia/2002/stage-10,Giro d'Italia,80,,118000,1570,3,920,,1,0,0,0.013305084745762712
tour-de-romandie/1996/stage-6,Tour de Romandie,50,,29800,,,614,,1,0,0,
milano-sanremo/1989/result,Milano-Sanremo,275,,294000,,,1242,,0,0,0,
dauphine/1984/stage-5,Critérium du Dauphiné Libéré,50,,154000,,,529,,1,0,0,
e3-harelbeke/2012/result,E3 Prijs Vlaanderen,225,,203000,1876,2,845,,0,0,0,0.009241379310344827
tour-de-france/2014/stage-18,Tour de France,100,20,145500,3748,5,1612,,1,0,0,0.025759450171821307
tour-de-france/2019/stage-11,Tour de France,100,120,167000,1827,2,1699,,1,0,0,0.010940119760479042
ronde-van-vlaanderen/2021/result,Ronde van Vlaanderen - Tour des Flandres ME,275,500,254300,2198,2,872,,0,0,0,0.008643334644121117
tour-de-suisse/2002/stage-3,Tour de Suisse,50,,158000,,,673,,1,0,0,
omloop-het-nieuwsblad/2012/result,Omloop Het Nieuwsblad ME,125,,199600,1577,2,557,,0,0,0,0.007900801603206413
tour-de-france/1991/stage-18,Tour de France,100,,255000,5000,3,1933,,1,0,0,0.0196078431372549
tirreno-adriatico/1973/stage-1,Tirreno-Adriatico,50,,169000,,,536,,1,0,0,
vuelta-a-espana/2014/stage-15,Vuelta a España,80,16,152200,2976,5,1175,,1,0,0,0.019553219448094614
vuelta-a-espana/2008/stage-9,Vuelta a España,80,,200800,3319,2,1101,,1,0,0,0.016528884462151394
e3-harelbeke/2022/result,E3 Saxo Bank Classic,225,400,203900,2010,2,640,16,0,0,0,0.009857773418342325
tour-de-suisse/2002/stage-6,Tour de Suisse,50,,177000,,,673,,1,0,0,
paris-roubaix/1984/result,Paris - Roubaix,275,,265000,,,473,,0,0,0,
vuelta-a-espana/2006/stage-2,Vuelta a España,80,,167000,2099,1,1026,,1,0,0,0.012568862275449101
vuelta-a-espana/1987/stage-12,Vuelta a España,80,,142000,2500,,838,,1,0,0,0.017605633802816902
la-fleche-wallone/1980/result,La Flèche Wallonne,225,,248000,,,749,,0,0,0,
tour-de-france/2005/stage-17,Tour de France,100,,240000,2830,2,1535,,1,0,0,0.011791666666666667
paris-nice/2014/stage-2,Paris - Nice,50,6,205000,1515,1,971,,1,0,0,0.007390243902439024
tour-de-france/2011/stage-18,Tour de France,100,20,189000,5268,5,1713,,1,0,0,0.027873015873015872
vuelta-a-espana/2003/stage-15,Vuelta a España,80,,172100,2505,5,935,,1,0,0,0.014555490993608367
vuelta-a-espana/2004/stage-14,Vuelta a España,80,,167000,2835,4,1177,,1,0,0,0.01697604790419162
volta-a-catalunya/2015/stage-5,Volta Ciclista a Catalunya,50,6,195400,2020,2,817,,1,0,0,0.010337768679631525
giro-d-italia/1999/stage-1,Giro d'Italia,80,,175000,2176,,1057,,1,0,0,0.012434285714285714
tour-de-suisse/1977/stage-1,Tour de Suisse,50,,159000,,,627,,1,0,0,
vuelta-a-espana/1997/stage-1,Vuelta a España,80,,160000,1959,,1165,,1,0,0,0.01224375
dauphine/2017/stage-2,Critérium du Dauphiné,50,60,171000,2544,2,1024,,1,0,0,0.01487719298245614
tour-de-france/2019/stage-10,Tour de France,100,120,217500,3031,2,1699,,1,0,0,0.013935632183908047
tirreno-adriatico/2015/stage-4,Tirreno-Adriatico,50,6,226000,3212,2,1017,,1,0,0,0.014212389380530974
vuelta-a-espana/2000/stage-21,Vuelta a España,80,,38000,334,,981,,1,0,0,0.008789473684210526
itzulia-basque-country/2012/stage-2,Vuelta Ciclista al País Vasco,50,6,165700,2631,,928,,1,0,0,0.01587809293904647
tour-de-suisse/2008/stage-7,Tour de Suisse,50,,170600,,,1041,,1,0,0,
tirreno-adriatico/2005/stage-5,Tirreno-Adriatico,50,,170400,,2,1040,,1,0,0,
vuelta-a-espana/2019/stage-14,La Vuelta ciclista a España,80,100,188000,2432,3,798,,1,0,0,0.012936170212765958
la-fleche-wallone/2021/result,La Flèche Wallonne,225,400,193600,2981,3,1071,,0,0,0,0.015397727272727273
la-fleche-wallone/1992/result,La Flèche Wallonne,225,,207000,,,615,,0,0,0,
omloop-het-nieuwsblad/1981/result,Omloop Het Volk,125,,224000,,,428,,0,0,0,
giro-d-italia/2015/stage-5,Giro d'Italia,80,16,152000,3066,5,861,,1,0,0,0.020171052631578947
world-championship/1983/result,World Championships - Road Race,350,,269890,4248,,1485,,0,0,0,0.015739745822372076
tour-de-france/1986/stage-16,Tour de France,100,,246500,2500,2,1872,,1,0,0,0.010141987829614604
vuelta-a-espana/1980/prologue,Vuelta a España,80,,10000,,,520,,1,0,0,
tour-de-suisse/1997/prologue,Tour de Suisse,50,,7200,,,1161,,1,0,0,
paris-nice/2019/stage-1,Paris - Nice,50,60,138500,1107,1,1099,,1,0,0,0.007992779783393501
tirreno-adriatico/1999/stage-5,Tirreno-Adriatico,50,,198000,,,1150,,1,0,0,
tour-de-suisse/2016/stage-1,Tour de Suisse,50,60,6400,46,3,680,,1,0,0,0.0071875
tour-de-france/1986/stage-5,Tour de France,100,,124500,1140,2,1872,,1,0,0,0.009156626506024097
giro-d-italia/2014/stage-21,Giro d'Italia,80,16,172000,1092,1,892,,1,0,0,0.006348837209302326
itzulia-basque-country/2009/stage-3,Vuelta Ciclista al País Vasco,50,,172500,,,1029,,1,0,0,
volta-a-catalunya/1993/stage-2,Volta Ciclista a Catalunya,50,,180000,2325,,884,,1,0,0,0.012916666666666667
tirreno-adriatico/1988/stage-3,Tirreno-Adriatico,50,,182000,,,724,,1,0,0,
giro-d-italia/2016/stage-7,Giro d'Italia,80,100,211000,2301,2,933,,1,0,0,0.01090521327014218
vuelta-a-espana/2002/stage-3,Vuelta a España,80,,134200,721,1,1084,,1,0,0,0.0053725782414307
vuelta-a-espana/1981/stage-18,Vuelta a España,80,,175000,,,457,,1,0,0,
liege-bastogne-liege/2012/result,Liège - Bastogne - Liège,275,,257500,4325,3,1189,,0,0,0,0.01679611650485437
tirreno-adriatico/2012/stage-5,Tirreno-Adriatico,50,6,196000,4406,5,1188,,1,0,0,0.022479591836734696
tour-de-france/2016/stage-4,Tour de France,100,120,237500,1934,2,1758,,1,0,0,0.008143157894736842
dauphine/1991/stage-7,Critérium du Dauphiné Libéré,50,,33000,,,830,,1,0,0,
dauphine/2015/stage-5,Critérium du Dauphiné,50,6,161000,4225,5,997,,1,0,0,0.026242236024844722
tour-de-france/2010/stage-1,Tour de France,100,20,223500,420,1,1685,,1,0,0,0.0018791946308724832
la-fleche-wallone/1974/result,La Flèche Wallonne,225,,225000,,,792,,0,0,0,
giro-d-italia/2021/stage-7,Giro d'Italia,80,100,181000,1725,3,885,,1,0,0,0.009530386740331492
paris-nice/2018/stage-1,Paris - Nice,50,60,135000,1224,3,936,,1,0,0,0.009066666666666667
strade-bianche/2007/result,Monte Paschi Eroica,75,,180000,,3,323,,0,0,0,
la-fleche-wallone/1977/result,La Flèche Wallonne,225,,223000,,,762,,0,0,0,
world-championship/2020/result,World Championships ME - Road Race,350,600,258200,4662,2,1008,,0,0,0,0.018055770720371806
milano-sanremo/1982/result,Milano-Sanremo,275,,294000,,,837,,0,0,0,
itzulia-basque-country/2004/stage-5a,Vuelta al País Vasco,50,,88000,,,1020,,1,0,0,
tour-de-romandie/1995/prologue,Tour de Romandie,50,,6100,,,798,,1,0,0,
itzulia-basque-country/2000/stage-5a,Vuelta al País Vasco,50,,105000,,,992,,1,0,0,
tour-de-france/1983/stage-8,Tour de France,100,,222000,1617,1,1269,,1,0,0,0.007283783783783784
tour-de-romandie/2011/prologue,Tour de Romandie,50,6,3500,14,,660,,1,0,0,0.004
paris-nice/1993/stage-3,Paris - Nice,50,,153000,,,1182,,1,0,0,
tour-de-romandie/1997/stage-6,Tour de Romandie,50,,21700,,,922,,1,0,0,
vuelta-a-espana/2022/stage-21,La Vuelta ciclista a España,80,100,96700,773,1,968,34,1,0,0,0.00799379524301965
tour-de-suisse/1997/stage-7,Tour de Suisse,50,,174300,,,1161,,1,0,0,
vuelta-a-espana/1990/stage-2a,Vuelta a España,80,,108000,704,,807,,1,0,0,0.006518518518518518
tour-de-france/1983/stage-15,Tour de France,100,,15000,1101,5,1269,,1,0,0,0.0734
volta-a-catalunya/1977/stage-5,Volta Ciclista a Catalunya,50,,165600,,,490,,1,0,0,
itzulia-basque-country/2000/stage-2,Vuelta al País Vasco,50,,190000,,,992,,1,0,0,
paris-nice/1970/stage-3,Paris - Nice,50,,208000,,,1121,,1,0,0,
giro-d-italia/2013/stage-4,Giro d'Italia,80,16,246000,3519,2,930,,1,0,0,0.014304878048780488
tour-de-france/1980/stage-14,Tour de France,100,,189500,3130,2,1224,,1,0,0,0.016517150395778363
tour-de-france/2023/stage-8,Tour de France,100,210,200700,1996,2,1584,31,1,0,0,0.0099451918285999
tour-de-france/1994/stage-1,Tour de France,100,,234000,1782,1,1731,,1,0,0,0.007615384615384615
tour-de-suisse/1997/stage-5,Tour de Suisse,50,,147500,,,1161,,1,0,0,
liege-bastogne-liege/1983/result,Liège - Bastogne - Liège,275,,244700,,,807,,0,0,0,
milano-sanremo/1984/result,Milano-Sanremo,275,,294000,,,949,,0,0,0,
vuelta-a-espana/2000/stage-13,Vuelta a España,80,,143300,1447,,981,,1,0,0,0.010097697138869505
paris-roubaix/1986/result,Paris - Roubaix,275,,268000,,,605,,0,0,0,
volta-a-catalunya/1995/prologue,Volta Ciclista a Catalunya,50,,3100,,,737,,1,0,0,
tirreno-adriatico/2001/stage-4,Tirreno-Adriatico,50,,170000,,,1092,,1,0,0,
tour-de-france/2004/stage-1,Tour de France,100,,202500,2864,2,1555,,1,0,0,0.01414320987654321
paris-nice/1976/stage-1,Paris - Nice,50,,228500,,,779,,1,0,0,
tour-de-france/1987/stage-21,Tour de France,100,,185500,6000,5,1812,,1,0,0,0.03234501347708895
tour-de-suisse/2013/stage-9,Tour de Suisse,50,6,26800,976,3,960,,1,0,0,0.036417910447761194
vuelta-a-espana/2021/stage-5,La Vuelta ciclista a España,80,100,184400,640,1,1023,,1,0,0,0.0034707158351409977
paris-roubaix/2003/result,Paris - Roubaix,275,,261000,,1,641,,0,0,0,
giro-d-italia/2006/stage-16,Giro d'Italia,80,,121000,2243,5,997,,1,0,0,0.01853719008264463
vuelta-a-espana/1995/stage-16,Vuelta a España,80,,197300,3736,,883,,1,0,0,0.018935631018753167
tour-de-france/2023/stage-18,Tour de France,100,210,184900,1216,1,1584,28,1,0,0,0.006576527852893456
giro-d-italia/1993/stage-7,Giro d'Italia,80,,242000,,,1089,,1,0,0,
vuelta-a-espana/2005/stage-10,Vuelta a España,80,,206300,4570,5,960,,1,0,0,0.022152205525933107
tirreno-adriatico/1992/stage-3,Tirreno-Adriatico,50,,191000,,,638,,1,0,0,
vuelta-a-espana/1983/stage-4,Vuelta a España,80,,192000,,,705,,1,0,0,
vuelta-a-espana/2018/stage-8,La Vuelta ciclista a España,80,100,195100,2112,3,1036,,1,0,0,0.010825217837006663
vuelta-a-espana/2019/stage-5,La Vuelta ciclista a España,80,100,170700,3764,5,798,,1,0,0,0.02205038078500293
tirreno-adriatico/2019/stage-5,Tirreno-Adriatico,50,60,180000,2902,3,1067,,1,0,0,0.016122222222222222
vuelta-a-espana/1997/stage-3,Vuelta a España,80,,173000,748,,1165,,1,0,0,0.004323699421965318
tirreno-adriatico/2023/stage-1,Tirreno-Adriatico,50,60,11500,3,1,1044,13,1,0,0,0.0002608695652173913
tour-de-france/1980/stage-7b,Tour de France,100,,92000,1081,1,1224,,1,0,0,0.01175
dauphine/2003/stage-4,Critérium du Dauphiné Libéré,50,,237000,,,572,,1,0,0,
tour-de-suisse/2010/prologue,Tour de Suisse,50,6,7600,,,1198,,1,0,0,
tour-de-france/2004/stage-17,Tour de France,70,,204500,6000,4,1555,,1,0,0,0.029339853300733496
tour-de-romandie/2002/stage-3,Tour de Romandie,50,,180300,,,535,,1,0,0,
world-championship/1970/result,World Championships - Road Race,350,,271960,1222,,1230,,0,0,0,0.004493307839388145
vuelta-a-espana/1985/stage-2,Vuelta a España,80,,262000,3726,,925,,1,0,0,0.014221374045801526
il-lombardia/1979/result,Giro di Lombardia,275,,249000,,,740,,0,0,0,
vuelta-a-espana/2004/stage-12,Vuelta a España,80,,145000,4254,5,1177,,1,0,0,0.029337931034482758
dauphine/2016/stage-1,Criterium du Dauphiné,50,60,186000,1878,2,1182,,1,0,0,0.010096774193548387
tour-de-suisse/2008/stage-8,Tour de Suisse,50,,25000,,,1041,,1,0,0,
tour-de-france/1985/stage-22,Tour de France,100,,217000,1998,1,1470,,1,0,0,0.009207373271889401
volta-a-catalunya/2010/stage-1,Volta Ciclista a Catalunya,50,6,3600,,,722,,1,0,0,
tour-de-france/1996/stage-7,Tour de France,100,,199000,5000,5,1872,,1,0,0,0.02512562814070352
tour-de-france/1987/stage-11,Tour de France,100,,255000,3532,3,1812,,1,0,0,0.013850980392156863
tour-de-france/2005/stage-5,Tour de France,100,,183000,1018,1,1535,,1,0,0,0.005562841530054645
giro-d-italia/2017/stage-17,Giro d'Italia,80,100,219000,4576,4,881,,1,0,0,0.020894977168949773
dauphine/2018/prologue,Critérium du Dauphiné,50,60,6600,30,1,762,,1,0,0,0.004545454545454545
itzulia-basque-country/2009/stage-2,Vuelta Ciclista al País Vasco,50,,160000,,,1029,,1,0,0,
volta-a-catalunya/2021/stage-5,Volta Ciclista a Catalunya,50,50,201100,2952,4,772,,1,0,0,0.014679264047737443
tour-de-suisse/1997/stage-9,Tour de Suisse,50,,191300,,,1161,,1,0,0,
vuelta-a-espana/1998/stage-15,Vuelta a España,80,,178800,1284,,1309,,1,0,0,0.007181208053691275
tour-de-romandie/2004/stage-5,Tour de Romandie,50,,20400,,,507,,1,0,0,
vuelta-a-espana/2013/stage-14,Vuelta a España,80,16,155700,3340,5,1128,,1,0,0,0.02145150931278099
itzulia-basque-country/2008/stage-6,Vuelta Ciclista al País Vasco,50,,20000,,,838,,1,0,0,
milano-sanremo/2022/result,Milano-Sanremo,275,500,293000,2096,2,938,,0,0,0,0.007153583617747441
paris-nice/2006/stage-1,Paris - Nice,50,,193000,,1,795,,1,0,0,
giro-d-italia/2001/stage-5,Giro d'Italia,80,,229000,1095,2,920,,1,0,0,0.0047816593886462885
strade-bianche/2023/result,Strade Bianche,225,400,184000,3107,3,688,13,0,0,0,0.01688586956521739
dauphine/2016/stage-6,Criterium du Dauphiné,50,60,141000,4528,5,1182,,1,0,0,0.032113475177304965
tour-de-france/1983/stage-19,Tour de France,100,,15000,1069,5,1269,,1,0,0,0.07126666666666667
tour-de-romandie/2010/prologue,Tour de Romandie,50,6,4300,,,678,,1,0,0,
paris-nice/2001/stage-7,Paris - Nice,50,,157100,,,902,,1,0,0,
tour-de-france/1980/stage-22,Tour de France,100,,186000,1917,1,1224,,1,0,0,0.010306451612903226
vuelta-a-espana/1994/stage-20,Vuelta a España,80,,53000,401,,791,,1,0,0,0.0075660377358490565
vuelta-a-espana/1980/stage-2,Vuelta a España,80,,170000,,,520,,1,0,0,
tour-de-france/1984/stage-11,Tour de France,100,,226500,4500,5,1632,,1,0,0,0.019867549668874173
giro-d-italia/2014/stage-18,Giro d'Italia,80,16,171000,4295,5,892,,1,0,0,0.025116959064327486
tour-de-france/1996/stage-18,Tour de France,100,,154500,3000,2,1872,,1,0,0,0.019417475728155338
giro-d-italia/2009/stage-8,Giro d'Italia,80,,208000,3042,4,975,,1,0,0,0.014625
itzulia-basque-country/2013/stage-4,Vuelta Ciclista al País Vasco,50,6,151600,2775,3,927,,1,0,0,0.018304749340369394
vuelta-a-espana/2015/stage-4,Vuelta a España,80,16,209600,2141,3,1115,,1,0,0,0.01021469465648855
tour-de-suisse/2019/stage-2,Tour de Suisse,50,60,159600,2598,2,802,,1,0,0,0.016278195488721805
vuelta-a-espana/2022/stage-15,La Vuelta ciclista a España,80,100,152600,4033,5,968,28,1,0,0,0.02642857142857143
itzulia-basque-country/2015/stage-1,Vuelta Ciclista al País Vasco,50,6,162700,2638,2,970,,1,0,0,0.016213890596189304
tour-de-suisse/1984/stage-7,Tour de Suisse,50,,273500,,,646,,1,0,0,
paris-roubaix/2016/result,Paris - Roubaix,275,500,257500,1296,1,676,,0,0,0,0.005033009708737864
tour-de-suisse/2008/stage-9,Tour de Suisse,50,,168400,,,1041,,1,0,0,
vuelta-a-espana/2003/stage-17,Vuelta a España,80,,188400,1857,2,935,,1,0,0,0.009856687898089172
paris-nice/2013/stage-5,Paris - Nice,50,6,176000,3482,5,917,,1,0,0,0.019784090909090907
omloop-het-nieuwsblad/2021/result,Omloop Het Nieuwsblad ME,225,300,200500,1654,2,643,,0,0,0,0.00824937655860349
tour-de-suisse/2023/stage-2,Tour de Suisse,50,60,173700,1893,2,855,25,1,0,0,0.010898100172711572
vuelta-a-espana/1991/stage-16,Vuelta a España,80,,186600,2939,,1042,,1,0,0,0.0157502679528403
volta-a-catalunya/1996/stage-3,Volta Ciclista a Catalunya,50,,13500,901,,327,,1,0,0,0.06674074074074074
tour-de-france/2021/stage-3,Tour de France,100,120,182900,1534,2,1646,,1,0,0,0.008387096774193548
tour-de-france/2021/stage-16,Tour de France,100,120,169000,3260,4,1646,,1,0,0,0.019289940828402366
tirreno-adriatico/2013/stage-5,Tirreno-Adriatico,50,6,230000,4084,5,1331,,1,0,0,0.017756521739130435
dauphine/2003/stage-5,Critérium du Dauphiné Libéré,50,,192000,,,572,,1,0,0,
tour-de-romandie/2017/stage-2,Tour de Romandie,50,60,136000,2161,5,636,,1,0,0,0.01588970588235294
vuelta-a-espana/1995/stage-21,Vuelta a España,80,,171200,1664,,883,,1,0,0,0.0097196261682243
volta-a-catalunya/2013/stage-2,Volta Ciclista a Catalunya,50,6,160700,1473,2,811,,1,0,0,0.009166148102053516
dauphine/2007/prologue,Critérium du Dauphiné Libéré,50,,4200,,,816,,1,0,0,
giro-d-italia/2001/stage-12,Giro d'Italia,80,,139000,345,1,920,,1,0,0,0.0024820143884892085
vuelta-a-espana/2013/stage-3,Vuelta a España,80,16,184800,1878,3,1128,,1,0,0,0.010162337662337663
tour-de-france/2019/stage-15,Tour de France,100,120,185000,4345,5,1699,,1,0,0,0.023486486486486487
vuelta-a-espana/1981/stage-6,Vuelta a España,80,,199000,,,457,,1,0,0,
giro-d-italia/2015/stage-7,Giro d'Italia,80,16,264000,2873,3,861,,1,0,0,0.010882575757575758
milano-sanremo/1986/result,Milano-Sanremo,275,,293000,,,1085,,0,0,0,
paris-nice/1987/stage-7a,Paris - Nice,50,,104000,,,1164,,1,0,0,
vuelta-a-espana/1999/stage-8,Vuelta a España,80,,175600,4200,,1342,,1,0,0,0.023917995444191344
dauphine/1983/stage-7a,Critérium du Dauphiné Libéré,50,,93000,,,621,,1,0,0,
vuelta-a-espana/2003/stage-18,Vuelta a España,80,,143800,1818,1,935,,1,0,0,0.012642559109874826
tour-de-romandie/2012/stage-4,Tour de Romandie,50,6,184000,2875,4,727,,1,0,0,0.015625
paris-nice/2023/stage-8,Paris - Nice,50,60,117200,2465,2,981,17,1,0,0,0.021032423208191126
tour-de-france/2019/stage-7,Tour de France,100,120,230000,2367,2,1699,,1,0,0,0.010291304347826087
omloop-het-nieuwsblad/1982/result,Omloop Het Volk,125,,217000,,,700,,0,0,0,
giro-d-italia/1992/stage-4,Giro d'Italia,80,,198000,,,953,,1,0,0,
tour-de-france/2015/stage-10,Tour de France,100,20,167000,2655,5,1812,,1,0,0,0.01589820359281437
tour-de-romandie/1983/stage-4,Tour de Romandie,50,,174500,,,478,,1,0,0,
tirreno-adriatico/1973/stage-4a,Tirreno-Adriatico,50,,95000,,,536,,1,0,0,
vuelta-a-espana/2011/stage-17,Vuelta a España,80,16,212500,3207,5,1170,,1,0,0,0.015091764705882353
volta-a-catalunya/2014/stage-6,Volta Ciclista a Catalunya,50,6,163900,1869,2,896,,1,0,0,0.011403294691885295
giro-d-italia/1991/stage-20,Giro d'Italia,80,,68000,,,908,,1,0,0,
vuelta-a-espana/1980/stage-4,Vuelta a España,80,,214000,,,520,,1,0,0,
uae-tour/2021/stage-1,UAE Tour,50,40,176000,436,1,755,,1,0,0,0.0024772727272727273
milano-sanremo/1981/result,Milano-Sanremo,275,,288000,,,883,,0,0,0,
giro-d-italia/1990/stage-12,Giro d'Italia,80,,193000,,,1061,,1,0,0,
tour-de-france/2021/stage-13,Tour de France,100,120,219900,2023,2,1646,,1,0,0,0.009199636198271941
vuelta-a-espana/1993/stage-17,Vuelta a España,80,,179500,3304,,819,,1,0,0,0.0184066852367688
tour-de-suisse/2000/stage-10,Tour de Suisse,50,,175000,,,895,,1,0,0,
giro-d-italia/2002/stage-5,Giro d'Italia,50,,150000,1825,5,920,,1,0,0,0.012166666666666666
paris-roubaix/1981/result,Paris - Roubaix,275,,263000,,,633,,0,0,0,
itzulia-basque-country/2019/stage-6,Itzulia Basque Country,50,50,118200,2850,2,762,,1,0,0,0.024111675126903553
tour-de-france/1985/stage-21,Tour de France,100,,45700,1004,2,1470,,1,0,0,0.021969365426695843
tour-de-suisse/2005/stage-5,Tour de Suisse,50,,172000,,,971,,1,0,0,
paris-nice/1990/stage-7b,Paris - Nice,50,,12000,,,995,,1,0,0,
paris-nice/1985/prologue,Paris - Nice,50,,6400,,,815,,1,0,0,
giro-d-italia/2005/stage-6,Giro d'Italia,80,,153000,1549,2,929,,1,0,0,0.010124183006535947
giro-d-italia/1994/stage-11,Giro d'Italia,80,,165000,,,1292,,1,0,0,
amstel-gold-race/1971/result,Amstel Gold Race,225,,233000,,,523,,0,0,0,
tour-de-france/1997/stage-3,Tour de France,100,,224000,2568,3,1994,,1,0,0,0.011464285714285715
vuelta-a-espana/2015/stage-6,Vuelta a España,80,16,200300,2908,3,1115,,1,0,0,0.014518222666000998
paris-nice/1990/stage-4,Paris - Nice,50,,179000,,,995,,1,0,0,
tour-de-france/2016/stage-17,Tour de France,100,120,184500,3891,5,1758,,1,0,0,0.021089430894308942
itzulia-basque-country/2021/stage-4,Itzulia Basque Country,50,50,189200,2646,2,936,,1,0,0,0.013985200845665962
vuelta-a-espana/1997/stage-2,Vuelta a España,80,,224000,1648,,1165,,1,0,0,0.007357142857142857
tour-de-suisse/1983/stage-4,Tour de Suisse,50,,232000,,,809,,1,0,0,
giro-d-italia/2015/stage-16,Giro d'Italia,80,16,177000,4951,5,861,,1,0,0,0.02797175141242938
paris-nice/2016/stage-2,Paris - Nice,50,60,214000,1792,1,1109,,1,0,0,0.008373831775700934
vuelta-a-espana/1988/stage-13,Vuelta a España,80,,178200,4000,,828,,1,0,0,0.02244668911335578
tour-de-suisse/1997/stage-8,Tour de Suisse,50,,195900,,,1161,,1,0,0,
tour-de-suisse/2007/stage-7,Tour de Suisse,50,,152500,,,1089,,1,0,0,
tour-de-france/2018/stage-13,Tour de France,100,120,169500,1302,1,1689,,1,0,0,0.00768141592920354
tour-de-france/1992/stage-11,Tour de France,100,,249500,4500,2,2047,,1,0,0,0.018036072144288578
tour-de-france/1981/stage-12a,Tour de France,100,,105500,1052,1,1362,,1,0,0,0.009971563981042654
volta-a-catalunya/1994/stage-4,Volta Ciclista a Catalunya,50,,166700,4475,5,379,,1,0,0,0.026844631073785243
liege-bastogne-liege/1990/result,Liège - Bastogne - Liège,275,,256000,,,1232,,0,0,0,
tour-de-france/2001/stage-16,Tour de France,100,,227500,3500,3,1496,,1,0,0,0.015384615384615385
world-championship/2016/result,World Championships ME - Road Race,350,600,257300,401,1,998,,0,0,0,0.001558492032646716
tour-de-romandie/1997/prologue,Tour de Romandie,50,,8100,,,922,,1,0,0,
vuelta-a-espana/2000/stage-18,Vuelta a España,80,,160000,2713,2,981,,1,0,0,0.01695625
dauphine/2019/stage-8,Critérium du Dauphiné,50,60,113500,2993,4,973,,1,0,0,0.026370044052863435
tour-de-france/2012/stage-20,Tour de France,100,20,120000,699,1,1703,,1,0,0,0.005825
tour-de-france/1997/stage-18,Tour de France,100,,175500,3500,2,1994,,1,0,0,0.019943019943019943
tirreno-adriatico/1991/stage-4,Tirreno-Adriatico,50,,220000,,,710,,1,0,0,
itzulia-basque-country/2008/stage-1,Vuelta Ciclista al País Vasco,50,,137000,,,838,,1,0,0,
dauphine/1989/stage-6b,Critérium du Dauphiné Libéré,50,,30000,,,603,,1,0,0,
paris-nice/2013/stage-2,Paris - Nice,50,6,200500,1810,1,917,,1,0,0,0.009027431421446384
vuelta-a-espana/1990/stage-12,Vuelta a España,80,,156000,3000,,807,,1,0,0,0.019230769230769232
paris-nice/2015/stage-1,Paris - Nice,50,,192000,748,1,1225,,1,0,0,0.003895833333333333
tour-de-suisse/1998/stage-8,Tour de Suisse,50,,30000,,,971,,1,0,0,
giro-d-italia/2019/stage-5,Giro d'Italia,80,100,140000,2056,2,896,,1,0,0,0.014685714285714286
tour-de-suisse/2004/stage-6,Tour de Suisse,50,,185400,,,676,,1,0,0,
giro-d-italia/2014/stage-3,Giro d'Italia,80,16,187000,1243,1,892,,1,0,0,0.006647058823529412
dauphine/1975/stage-2,Critérium du Dauphiné Libéré,50,,113000,,,889,,1,0,0,
vuelta-a-espana/2016/stage-20,Vuelta a España,80,100,193200,5036,5,821,,1,0,0,0.02606625258799172
paris-nice/2014/stage-5,Paris - Nice,50,6,152500,2389,2,971,,1,0,0,0.015665573770491804
tour-de-romandie/2000/prologue,Tour de Romandie,50,,6500,,,764,,1,0,0,
vuelta-a-espana/1995/stage-12,Vuelta a España,80,,238000,4251,,883,,1,0,0,0.017861344537815127
paris-nice/2021/stage-3,Paris - Nice,50,60,14400,102,1,1044,,1,0,0,0.007083333333333333
tour-de-romandie/1991/stage-1,Tour de Romandie,50,,174000,,,521,,1,0,0,
tirreno-adriatico/1991/stage-6,Tirreno-Adriatico,50,,176000,,,710,,1,0,0,
giro-d-italia/1999/stage-2,Giro d'Italia,80,,133000,,,1057,,1,0,0,
vuelta-a-espana/1994/stage-5,Vuelta a España,80,,166900,1547,,791,,1,0,0,0.0092690233672858
vuelta-a-espana/1997/stage-18,Vuelta a España,80,,185000,830,,1165,,1,0,0,0.004486486486486486
tirreno-adriatico/2023/stage-7,Tirreno-Adriatico,50,60,154000,1660,1,1044,12,1,0,0,0.010779220779220779
vuelta-a-espana/1988/stage-19,Vuelta a España,80,,150000,3207,,828,,1,0,0,0.02138
tour-de-france/2007/stage-1,Tour de France,100,,203000,1709,1,1612,,1,0,0,0.00841871921182266
tour-de-france/2014/stage-7,Tour de France,100,20,234500,2076,2,1612,,1,0,0,0.008852878464818763
giro-d-italia/1997/stage-8,Giro d'Italia,80,,212000,,,792,,1,0,0,
dauphine/2016/stage-7,Criterium du Dauphiné,50,60,151000,3794,3,1182,,1,0,0,0.025125827814569537
tour-de-france/2003/stage-9,Tour de France,100,,184500,4500,4,1688,,1,0,0,0.024390243902439025
ronde-van-vlaanderen/1977/result,Ronde van Vlaanderen / Tour des Flandres,275,,264000,,,595,,0,0,0,
dauphine/1977/stage-4b,Critérium du Dauphiné Libéré,50,,129000,,,809,,1,0,0,
giro-d-italia/1998/stage-19,Giro d'Italia,80,,243000,,,923,,1,0,0,
vuelta-a-espana/1999/stage-15,Vuelta a España,80,,193400,931,,1342,,1,0,0,0.004813857290589452
dauphine/2000/prologue,Criterium du Dauphiné Libére,50,,3600,,,494,,1,0,0,
tour-de-france/2015/stage-14,Tour de France,100,20,178500,2772,5,1812,,1,0,0,0.015529411764705882
giro-d-italia/1998/stage-9,Giro d'Italia,80,,169000,,,923,,1,0,0,
ronde-van-vlaanderen/1992/result,Ronde van Vlaanderen / Tour des Flandres,275,,260000,,,988,,0,0,0,
tour-de-france/2016/stage-15,Tour de France,100,120,159000,4386,4,1758,,1,0,0,0.027584905660377357
paris-nice/2009/stage-3,Paris - Nice,30,,178000,,2,796,,1,0,0,
tour-de-suisse/2013/stage-8,Tour de Suisse,50,6,180500,1759,2,960,,1,0,0,0.009745152354570637
giro-d-italia/2018/stage-12,Giro d'Italia,80,100,214000,874,2,838,,1,0,0,0.00408411214953271
giro-d-italia/1991/stage-15,Giro d'Italia,80,,132000,,,908,,1,0,0,
vuelta-a-espana/2010/stage-19,Vuelta a España,80,16,200000,2554,1,1123,,1,0,0,0.01277
tour-de-france/1979/stage-12,Tour de France,100,,193000,2696,1,1381,,1,0,0,0.013968911917098446
vuelta-a-espana/1999/stage-20,Vuelta a España,80,,46000,971,,1342,,1,0,0,0.021108695652173912
tour-de-france/2004/stage-18,Tour de France,100,,166500,2500,2,1555,,1,0,0,0.015015015015015015
ronde-van-vlaanderen/2013/result,Ronde van Vlaanderen / Tour des Flandres ME,275,,256200,2066,2,868,,0,0,0,0.008064012490241999
tirreno-adriatico/1996/stage-5b,Tirreno-Adriatico,50,,28200,,,585,,1,0,0,
tour-de-romandie/2021/stage-5,Tour de Romandie,50,60,16190,338,3,560,,1,0,0,0.020877084620135888
tour-de-suisse/1992/stage-1,Tour de Suisse,50,,150000,,,533,,1,0,0,
vuelta-a-espana/1992/stage-2a,Vuelta a España,80,,135500,872,,1033,,1,0,0,0.006435424354243543
giro-d-italia/1996/stage-5,Giro d'Italia,80,,196000,,,1034,,1,0,0,
tour-de-romandie/2010/stage-2,Tour de Romandie,50,6,171800,,1,678,,1,0,0,
tour-de-suisse/2002/stage-9,Tour de Suisse,50,,34900,,,673,,1,0,0,
tour-de-france/1980/prologue,Tour de France,100,,7600,,1,1224,,1,0,0,
giro-d-italia/2012/stage-2,Giro d'Italia,80,16,206000,671,1,886,,1,0,0,0.003257281553398058
vuelta-a-espana/1986/stage-15,Vuelta a España,80,,207000,1176,,843,,1,0,0,0.005681159420289855
paris-nice/2007/stage-6,Paris - Nice,50,,200000,,2,823,,1,0,0,
tour-de-france/1992/stage-19,Tour de France,100,,64000,624,2,2047,,1,0,0,0.00975
giro-d-italia/1994/stage-3,Giro d'Italia,80,,185000,,,1292,,1,0,0,
vuelta-a-espana/2001/stage-15,Vuelta a España,80,,207200,3575,5,971,,1,0,0,0.017253861003861004
vuelta-a-espana/1983/stage-18,Vuelta a España,80,,204000,,,705,,1,0,0,
vuelta-a-espana/2012/stage-21,Vuelta a España,80,16,111900,751,1,852,,1,0,0,0.006711349419124218
uae-tour/2023/stage-1,UAE Tour,50,40,151000,518,1,530,21,1,0,0,0.0034304635761589404
vuelta-a-espana/1998/stage-13,Vuelta a España,80,,208500,1942,,1309,,1,0,0,0.009314148681055156
tour-de-france/2018/stage-18,Tour de France,100,120,171000,1312,1,1689,,1,0,0,0.007672514619883041
volta-a-catalunya/2014/stage-5,Volta Ciclista a Catalunya,50,6,222200,2863,2,896,,1,0,0,0.012884788478847884
tirreno-adriatico/2014/stage-2,Tirreno-Adriatico,50,6,166000,1353,2,1269,,1,0,0,0.008150602409638554
giro-d-italia/2012/stage-20,Giro d'Italia,80,16,219000,6068,5,886,,1,0,0,0.027707762557077624
tour-de-france/2013/stage-9,Tour de France,100,20,168500,4411,4,1690,,1,0,0,0.026178041543026706
vuelta-a-espana/1999/stage-16,Vuelta a España,80,,200400,2692,,1342,,1,0,0,0.01343313373253493
amstel-gold-race/1998/result,Amstel Gold Race,225,,257300,,,1476,,0,0,0,
vuelta-a-espana/2012/stage-15,Vuelta a España,80,16,186700,3549,5,852,,1,0,0,0.019009105516871988
tour-de-suisse/1984/stage-8a,Tour de Suisse,50,,19500,,,646,,1,0,0,
tour-de-france/1999/stage-1,Tour de France,100,,208000,1829,1,1255,,1,0,0,0.008793269230769231
dauphine/2009/stage-3,Critérium du Dauphiné Libéré,50,,182000,,,708,,1,0,0,
paris-nice/1996/stage-8a,Paris - Nice,50,,71700,,,766,,1,0,0,
tirreno-adriatico/2000/stage-3,Tirreno-Adriatico,50,,160000,,,1197,,1,0,0,
vuelta-a-espana/2012/stage-8,Vuelta a España,80,16,175000,3565,5,852,,1,0,0,0.02037142857142857
tour-de-france/2012/stage-18,Tour de France,100,20,222500,2146,1,1703,,1,0,0,0.00964494382022472
giro-d-italia/1997/stage-14,Giro d'Italia,80,,240000,,,792,,1,0,0,
tour-de-france/1999/stage-13,Tour de France,100,,237000,4000,2,1255,,1,0,0,0.016877637130801686
gp-quebec/2017/result,Grand Prix Cycliste de Québec,225,500,201600,2824,3,824,,0,0,0,0.014007936507936507
tour-de-france/2003/stage-14,Tour de France,100,,191500,5000,4,1688,,1,0,0,0.02610966057441253
volta-a-catalunya/2008/stage-6,Volta Ciclista a Catalunya,50,,106400,,2,616,,1,0,0,
strade-bianche/2008/result,Monte Paschi Eroica,75,80,181000,,3,426,,0,0,0,
giro-d-italia/1990/stage-14,Giro d'Italia,80,,164000,,,1061,,1,0,0,
tour-de-suisse/2008/stage-5,Tour de Suisse,50,,189700,,,1041,,1,0,0,
il-lombardia/2014/result,Il Lombardia,275,,254000,4066,2,1166,,0,0,0,0.016007874015748033
tour-de-france/1984/stage-12,Tour de France,100,,111000,1050,1,1632,,1,0,0,0.00945945945945946
volta-a-catalunya/2006/stage-7,Volta Ciclista a Catalunya,50,,121600,,2,882,,1,0,0,
tour-de-suisse/2002/stage-7,Tour de Suisse,50,,170900,,,673,,1,0,0,
dauphine/2006/stage-1,Critérium du Dauphiné Libéré,50,,207000,,,800,,1,0,0,
itzulia-basque-country/2016/stage-1,Vuelta Ciclista al País Vasco,50,50,144000,3271,2,943,,1,0,0,0.02271527777777778
tirreno-adriatico/1995/stage-5,Tirreno-Adriatico,50,,175000,,,749,,1,0,0,
dauphine/2005/stage-4,Critérium du Dauphiné Libéré,50,,182000,,,933,,1,0,0,
itzulia-basque-country/2001/stage-2,Vuelta al País Vasco,50,,175000,,,898,,1,0,0,
vuelta-a-espana/2017/stage-8,Vuelta a España,80,100,199500,2593,2,899,,1,0,0,0.01299749373433584
paris-nice/1988/stage-2,Paris - Nice,50,,200000,,,1146,,1,0,0,
vuelta-a-espana/2008/stage-13,Vuelta a España,80,,209500,4413,5,1101,,1,0,0,0.021064439140811457
tour-de-suisse/2000/stage-3,Tour de Suisse,50,,182000,,,895,,1,0,0,
tour-de-france/2018/stage-7,Tour de France,100,120,231000,2255,1,1689,,1,0,0,0.009761904761904762
amstel-gold-race/1976/result,Amstel Gold Race,225,,230000,,,443,,0,0,0,
giro-d-italia/2002/stage-4,Giro d'Italia,80,,232000,1668,2,920,,1,0,0,0.007189655172413793
dwars-door-vlaanderen/2021/result,Dwars door Vlaanderen - A travers la Flandre ME,225,300,184100,1446,2,819,,0,0,0,0.007854426941879414
giro-d-italia/2013/stage-14,Giro d'Italia,80,16,181000,2952,5,930,,1,0,0,0.01630939226519337
paris-nice/2007/stage-4,Paris - Nice,50,,169500,,3,823,,1,0,0,
tour-de-suisse/1978/prologue,Tour de Suisse,50,,4000,,,691,,1,0,0,
paris-nice/1984/prologue,Paris - Nice,50,,4900,,,778,,1,0,0,
itzulia-basque-country/2017/stage-1,Vuelta al País Vasco,50,50,153300,1822,2,811,,1,0,0,0.011885192433137638
tour-de-france/1985/stage-17,Tour de France,100,,209500,5000,5,1470,,1,0,0,0.02386634844868735
vuelta-a-espana/2003/stage-7,Vuelta a España,80,,190000,4432,5,935,,1,0,0,0.023326315789473685
omloop-het-nieuwsblad/1974/result,Omloop Het Volk,125,,193000,,,615,,0,0,0,
paris-nice/1976/stage-3,Paris - Nice,50,,129000,,,779,,1,0,0,
tour-de-suisse/1991/stage-5,Tour de Suisse,50,,22400,,,796,,1,0,0,
giro-d-italia/2000/stage-3,Giro d'Italia,80,,177000,2507,2,866,,1,0,0,0.014163841807909604
dauphine/2003/stage-7,Critérium du Dauphiné Libéré,50,,174000,,,572,,1,0,0,
tour-de-france/2003/stage-19,Tour de France,100,,49000,395,1,1688,,1,0,0,0.008061224489795918
tour-de-suisse/1990/stage-3,Tour de Suisse,50,,162000,,,767,,1,0,0,
giro-d-italia/2022/stage-6,Giro d'Italia,80,100,192000,1498,2,817,21,1,0,0,0.007802083333333334
giro-d-italia/1993/stage-4,Giro d'Italia,80,,179000,,,1089,,1,0,0,
vuelta-a-espana/1996/stage-8,Vuelta a España,80,,220000,1842,,988,,1,0,0,0.008372727272727273
omloop-het-nieuwsblad/1988/result,Omloop Het Volk,125,,246000,,,649,,0,0,0,
tour-de-france/2021/stage-5,Tour de France,100,120,27200,356,1,1646,,1,0,0,0.013088235294117647
tour-de-suisse/1979/stage-9b,Tour de Suisse,50,,20000,,,538,,1,0,0,
dwars-door-vlaanderen/2018/result,Dwars door Vlaanderen - A travers la Flandre ME,225,300,180000,1313,2,853,,0,0,0,0.0072944444444444445
e3-harelbeke/2013/result,E3 Prijs Vlaanderen - Harelbeke,225,,211000,1899,2,775,,0,0,0,0.009
e3-harelbeke/1975/result,E3-Prijs Harelbeke,125,,226000,,,261,,0,0,0,
giro-d-italia/2002/stage-6,Giro d'Italia,80,,190000,2357,2,920,,1,0,0,0.012405263157894737
vuelta-a-espana/2022/stage-14,La Vuelta ciclista a España,80,100,160300,3312,5,968,30,1,0,0,0.02066126013724267
world-championship/1988/result,World Championships - Road Race,350,,274000,3689,,1677,,0,0,0,0.013463503649635037
tour-de-france/1995/stage-10,Tour de France,100,,159000,5500,5,1871,,1,0,0,0.03459119496855346
giro-d-italia/2017/stage-20,Giro d'Italia,80,100,190000,3721,4,881,,1,0,0,0.01958421052631579
tour-de-suisse/2001/stage-9,Tour de Suisse,50,,175900,,,873,,1,0,0,
amstel-gold-race/2001/result,Amstel Gold Race,225,,257000,,,1115,,0,0,0,
giro-d-italia/1990/stage-8,Giro d'Italia,80,,188000,,,1061,,1,0,0,
giro-d-italia/2021/stage-16,Giro d'Italia,80,100,153000,3942,4,885,,1,0,0,0.02576470588235294
volta-a-catalunya/2007/stage-2,Volta Ciclista a Catalunya,50,,170000,,2,816,,1,0,0,
tour-de-france/2005/stage-1,Tour de France,50,,19000,27,1,1535,,1,0,0,0.0014210526315789475
giro-d-italia/2000/stage-18,Giro d'Italia,80,,176000,3725,5,866,,1,0,0,0.021164772727272727
tour-de-france/2000/stage-6,Tour de France,100,,198500,1522,1,1437,,1,0,0,0.007667506297229219
tour-de-romandie/1990/stage-4,Tour de Romandie,50,,191000,,,684,,1,0,0,
vuelta-a-espana/2005/stage-1,Vuelta a España,80,,7000,162,1,960,,1,0,0,0.023142857142857142
omloop-het-nieuwsblad/2015/result,Omloop Het Nieuwsblad ME,125,,200200,,2,590,,0,0,0,
il-lombardia/1986/result,Giro di Lombardia,275,,262000,,,427,,0,0,0,
vuelta-a-espana/2012/stage-7,Vuelta a España,80,16,160000,1300,2,852,,1,0,0,0.008125
volta-a-catalunya/2014/stage-7,Volta Ciclista a Catalunya,50,6,120700,1838,2,896,,1,0,0,0.015227837613918807
giro-d-italia/2009/stage-5,Giro d'Italia,80,,125000,2851,5,975,,1,0,0,0.022808
giro-d-italia/2004/stage-9,Giro d'Italia,80,,142000,867,2,621,,1,0,0,0.0061056338028169016
vuelta-a-espana/2013/stage-6,Vuelta a España,80,16,175000,1620,1,1128,,1,0,0,0.009257142857142858
giro-d-italia/2019/stage-3,Giro d'Italia,80,100,220000,1790,2,896,,1,0,0,0.008136363636363636
milano-sanremo/2021/result,Milano-Sanremo,275,500,299000,2020,2,1088,,0,0,0,0.0067558528428093645
tour-de-romandie/2014/stage-1,Tour de Romandie,50,6,88600,1012,4,847,,1,0,0,0.011422121896162528
vuelta-a-espana/1995/stage-13,Vuelta a España,80,,181000,1311,,883,,1,0,0,0.007243093922651934
tour-de-france/1978/stage-1a,Tour de France,100,,135000,438,1,1241,,1,0,0,0.0032444444444444443
tour-de-suisse/1974/stage-8,Tour de Suisse,50,,197000,,,541,,1,0,0,
dauphine/1983/stage-1,Critérium du Dauphiné Libéré,50,,186000,,,621,,1,0,0,
tirreno-adriatico/1992/stage-7,Tirreno-Adriatico,50,,18300,,,638,,1,0,0,
tour-de-france/2004/stage-10,Tour de France,100,,237000,4500,3,1555,,1,0,0,0.0189873417721519
volta-a-catalunya/1998/stage-5,Volta Ciclista a Catalunya,50,,18000,,,859,,1,0,0,
tour-de-suisse/1990/stage-11,Tour de Suisse,50,,173500,,,767,,1,0,0,
tour-de-suisse/1979/stage-5,Tour de Suisse,50,,160000,,,538,,1,0,0,
tour-de-france/2013/stage-5,Tour de France,100,20,228500,2775,2,1690,,1,0,0,0.012144420131291028
paris-nice/2015/stage-5,Paris - Nice,50,6,192000,1789,3,1225,,1,0,0,0.009317708333333334
itzulia-basque-country/2022/stage-2,Itzulia Basque Country,50,50,207920,2625,2,741,11,1,0,0,0.012625048095421317
liege-bastogne-liege/2021/result,Liège-Bastogne-Liège,275,500,259100,4352,2,1147,,0,0,0,0.01679660362794288
tour-de-france/1984/stage-7,Tour de France,100,,67000,606,1,1632,,1,0,0,0.009044776119402985
vuelta-a-espana/1988/stage-12,Vuelta a España,80,,197500,3353,,828,,1,0,0,0.01697721518987342
vuelta-a-espana/2014/stage-4,Vuelta a España,80,16,164700,1474,1,1175,,1,0,0,0.008949605343047966
paris-nice/2006/stage-3,Paris - Nice,50,,168500,,4,795,,1,0,0,
paris-roubaix/2015/result,Paris - Roubaix,275,,253500,1033,1,815,,0,0,0,0.004074950690335305
tour-de-suisse/1992/stage-8,Tour de Suisse,50,,237000,,,533,,1,0,0,
volta-a-catalunya/2000/stage-5,Volta a Catalunya,50,,159000,,,697,,1,0,0,
giro-d-italia/2019/stage-13,Giro d'Italia,80,100,196000,5187,5,896,,1,0,0,0.026464285714285714
tirreno-adriatico/1996/stage-7,Tirreno-Adriatico,50,,174000,,,585,,1,0,0,
tour-de-suisse/1989/stage-1,Tour de Suisse,50,,148000,,,604,,1,0,0,
tour-de-france/1992/stage-21,Tour de France,100,,141000,1808,2,2047,,1,0,0,0.012822695035460992
tour-de-france/1990/stage-21,Tour de France,100,,182500,1285,1,1959,,1,0,0,0.007041095890410959
tour-de-france/1994/stage-13,Tour de France,100,,223000,1848,1,1731,,1,0,0,0.008286995515695067
tour-de-suisse/2021/stage-6,Tour de Suisse,50,60,130100,2719,4,670,,1,0,0,0.020899308224442737
vuelta-a-espana/2007/stage-7,Vuelta a España,80,,176300,1792,1,995,,1,0,0,0.010164492342597845
tour-de-france/1978/stage-22,Tour de France,100,,162000,1774,1,1241,,1,0,0,0.010950617283950618
tour-de-france/2013/stage-16,Tour de France,100,20,168000,3073,4,1690,,1,0,0,0.018291666666666668
vuelta-a-espana/2012/stage-17,Vuelta a España,80,16,187300,3834,5,852,,1,0,0,0.0204698344901228
tirreno-adriatico/2019/stage-4,Tirreno-Adriatico,50,60,221000,3350,2,1067,,1,0,0,0.015158371040723982
vuelta-a-espana/2007/stage-19,Vuelta a España,80,,133000,3294,5,995,,1,0,0,0.024766917293233083
tour-de-france/2011/stage-16,Tour de France,100,20,162500,2372,4,1713,,1,0,0,0.014596923076923077
tour-de-france/2018/stage-9,Tour de France,100,120,156500,618,1,1689,,1,0,0,0.00394888178913738
vuelta-a-espana/2014/stage-7,Vuelta a España,80,16,169000,2744,3,1175,,1,0,0,0.016236686390532544
paris-nice/2003/stage-1,Paris - Nice,50,,191000,,,831,,1,0,0,
vuelta-a-espana/1985/stage-17,Vuelta a España,80,,43000,531,,925,,1,0,0,0.012348837209302325
volta-a-catalunya/2003/stage-3,Volta a Catalunya,50,,216600,,,515,,1,0,0,
giro-d-italia/1996/stage-1,Giro d'Italia,80,,170000,1355,,1034,,1,0,0,0.007970588235294118
giro-d-italia/2001/stage-10,Giro d'Italia,80,,212000,1400,2,920,,1,0,0,0.006603773584905661
tour-de-france/1996/stage-1,Tour de France,100,,209000,1139,1,1872,,1,0,0,0.005449760765550239
e3-harelbeke/2010/result,E3 Prijs Vlaanderen,125,,203000,,2,699,,0,0,0,
amstel-gold-race/2000/result,Amstel Gold Race,225,,257000,,,1352,,0,0,0,
giro-d-italia/1995/stage-8,Giro d'Italia,80,,209000,,,1365,,1,0,0,
tour-de-suisse/2015/stage-2,Tour de Suisse,50,6,161100,2023,2,1048,,1,0,0,0.01255741775294848
giro-d-italia/2009/stage-16,Giro d'Italia,80,,237000,5699,5,975,,1,0,0,0.024046413502109704
vuelta-a-espana/1993/stage-7,Vuelta a España,80,,184000,1705,,819,,1,0,0,0.009266304347826087
vuelta-a-espana/2003/stage-21,Vuelta a España,80,,145800,898,1,935,,1,0,0,0.006159122085048011
paris-nice/1984/stage-4a,Paris - Nice,50,,64000,,,778,,1,0,0,
giro-d-italia/2006/stage-20,Giro d'Italia,80,,140000,430,1,997,,1,0,0,0.0030714285714285713
tour-de-suisse/1978/stage-1,Tour de Suisse,50,,197500,,,691,,1,0,0,
itzulia-basque-country/2013/stage-1,Vuelta Ciclista al País Vasco,50,6,156500,2729,4,927,,1,0,0,0.017437699680511183
volta-a-catalunya/1977/stage-3b,Volta Ciclista a Catalunya,50,,78800,,,490,,1,0,0,
volta-a-catalunya/2002/stage-6,Volta a Catalunya,50,,180100,,,431,,1,0,0,
tour-de-suisse/1995/prologue,Tour de Suisse,50,,7100,,,764,,1,0,0,
tour-de-france/1997/stage-21,Tour de France,100,,149500,1630,1,1994,,1,0,0,0.010903010033444816
vuelta-a-espana/1993/stage-3,Vuelta a España,80,,171400,2178,,819,,1,0,0,0.012707117852975496
volta-a-catalunya/1992/stage-2,Volta Ciclista a Catalunya,50,,202300,,,758,,1,0,0,
vuelta-a-espana/2018/stage-16,La Vuelta ciclista a España,80,100,32000,501,1,1036,,1,0,0,0.01565625
paris-nice/1983/stage-6,Paris - Nice,50,,173000,,,658,,1,0,0,
volta-a-catalunya/1983/stage-7b,Volta Ciclista a Catalunya,50,,33000,,,583,,1,0,0,
vuelta-a-espana/1985/prologue,Vuelta a España,80,,5600,99,,925,,1,0,0,0.01767857142857143
itzulia-basque-country/2015/stage-5,Vuelta Ciclista al País Vasco,50,6,155500,3377,3,970,,1,0,0,0.021717041800643086
tour-de-suisse/2006/stage-8,Tour de Suisse,50,,166300,,,972,,1,0,0,
amstel-gold-race/2008/result,Amstel Gold Race,225,,257400,,,1045,,0,0,0,
giro-d-italia/2018/stage-19,Giro d'Italia,80,100,184000,5216,5,838,,1,0,0,0.02834782608695652
giro-d-italia/1991/stage-2a,Giro d'Italia,80,,127000,,,908,,1,0,0,
dauphine/2000/stage-3,Criterium du Dauphiné Libére,50,,35700,,,494,,1,0,0,
giro-d-italia/2001/stage-9,Giro d'Italia,80,,142000,153,1,920,,1,0,0,0.0010774647887323943
giro-d-italia/2005/stage-8,Giro d'Italia,50,,45000,579,2,929,,1,0,0,0.012866666666666667
tour-de-france/1980/stage-15,Tour de France,100,,160000,1057,3,1224,,1,0,0,0.00660625
giro-d-italia/2015/stage-10,Giro d'Italia,80,16,200000,841,1,861,,1,0,0,0.004205
giro-d-italia/2019/stage-6,Giro d'Italia,80,100,238000,2881,2,896,,1,0,0,0.012105042016806723
tour-de-romandie/2019/stage-5,Tour de Romandie,50,60,16850,162,1,570,,1,0,0,0.009614243323442136
giro-d-italia/1990/stage-18,Giro d'Italia,80,,180000,,,1061,,1,0,0,
itzulia-basque-country/2003/stage-1,Vuelta al País Vasco,50,,129000,,,910,,1,0,0,
giro-d-italia/2018/stage-8,Giro d'Italia,80,100,209000,3248,5,838,,1,0,0,0.01554066985645933
tour-de-france/1994/stage-14,Tour de France,100,,202000,2500,2,1731,,1,0,0,0.012376237623762377
dauphine/1977/prologue,Critérium du Dauphiné Libéré,50,,5000,,,809,,1,0,0,
dauphine/2014/stage-6,Critérium du Dauphiné,50,6,178500,1967,2,941,,1,0,0,0.011019607843137255
paris-nice/1982/stage-6,Paris - Nice,50,,185000,,,721,,1,0,0,
paris-nice/2020/stage-2,Paris - Nice,50,60,166500,1173,1,1082,,1,0,0,0.007045045045045045
giro-d-italia/2007/stage-19,Giro d'Italia,80,,178000,2710,4,844,,1,0,0,0.015224719101123595
vuelta-a-espana/2012/stage-3,Vuelta a España,80,16,153000,2470,4,852,,1,0,0,0.0161437908496732
tour-de-suisse/2022/stage-3,Tour de Suisse,50,60,176900,3125,2,767,26,1,0,0,0.017665347654041832
tour-de-france/2008/stage-11,Tour de France,100,,167500,2863,4,1520,,1,0,0,0.017092537313432837
itzulia-basque-country/2014/stage-4,Vuelta Ciclista al País Vasco,50,6,151000,2821,2,912,,1,0,0,0.01868211920529801
tour-de-france/1983/stage-7,Tour de France,100,,216000,881,1,1269,,1,0,0,0.004078703703703703
tour-de-france/1983/stage-12,Tour de France,100,,254000,2500,3,1269,,1,0,0,0.00984251968503937
paris-nice/1998/stage-3,Paris - Nice,50,,194500,,,960,,1,0,0,
tirreno-adriatico/2007/stage-5,Tirreno-Adriatico,50,,20500,,2,1148,,1,0,0,
giro-d-italia/2006/stage-6,Giro d'Italia,80,,236000,4513,5,997,,1,0,0,0.0191228813559322
tirreno-adriatico/1995/stage-4,Tirreno-Adriatico,50,,200000,,,749,,1,0,0,
dauphine/1993/stage-1,Critérium du Dauphiné Libéré,50,,188000,,,386,,1,0,0,
la-fleche-wallone/2008/result,La Flèche Wallonne,225,,200000,,3,1070,,0,0,0,
vuelta-a-espana/2022/stage-11,La Vuelta ciclista a España,80,100,191200,1592,1,968,30,1,0,0,0.008326359832635983
tour-de-france/2004/stage-11,Tour de France,100,,164000,3248,2,1555,,1,0,0,0.019804878048780488
tour-de-france/1981/stage-22,Tour de France,100,,186800,2180,1,1362,,1,0,0,0.011670235546038544
tour-de-suisse/2006/stage-4,Tour de Suisse,50,,161300,,,972,,1,0,0,
giro-d-italia/2006/stage-15,Giro d'Italia,80,,173000,3405,5,997,,1,0,0,0.019682080924855492
vuelta-a-espana/1981/stage-5,Vuelta a España,80,,152000,,,457,,1,0,0,
tirreno-adriatico/2008/stage-7,Tirreno-Adriatico,50,,176000,,1,1136,,1,0,0,
tirreno-adriatico/2009/stage-4,Tirreno-Adriatico,50,,171000,2307,3,1206,,1,0,0,0.01349122807017544
dauphine/2008/stage-3,Critérium du Dauphiné Libéré,50,,184000,,,644,,1,0,0,
itzulia-basque-country/2017/stage-2,Vuelta al País Vasco,50,50,173400,2496,4,811,,1,0,0,0.01439446366782007
vuelta-a-espana/2021/stage-16,La Vuelta ciclista a España,80,100,180000,2279,2,1023,24,1,0,0,0.01266111111111111
tour-de-romandie/1994/stage-4,Tour de Romandie,50,,101100,,,780,,1,0,0,
giro-d-italia/2020/stage-5,Giro d'Italia,80,100,225000,4705,4,765,,1,0,0,0.02091111111111111
tour-de-suisse/1986/stage-9,Tour de Suisse,50,,195000,,,835,,1,0,0,
vuelta-a-espana/1996/stage-15,Vuelta a España,80,,220000,4265,,988,,1,0,0,0.019386363636363636
vuelta-a-espana/2005/stage-19,Vuelta a España,80,,142900,2287,2,960,,1,0,0,0.016004198740377888
itzulia-basque-country/2022/stage-6,Itzulia Basque Country,50,50,135700,3636,3,741,13,1,0,0,0.02679439941046426
tirreno-adriatico/1978/prologue,Tirreno-Adriatico,50,,8000,,,512,,1,0,0,
tour-de-france/2007/stage-16,Tour de France,100,,218500,6031,5,1612,,1,0,0,0.02760183066361556
vuelta-a-espana/1991/stage-7,Vuelta a España,80,,188000,1964,,1042,,1,0,0,0.010446808510638297
volta-a-catalunya/2016/stage-5,Volta Ciclista a Catalunya,50,50,187200,2280,2,1045,,1,0,0,0.01217948717948718
tour-de-romandie/2008/prologue,Tour de Romandie,50,,1900,,1,590,,1,0,0,
dauphine/2004/stage-5,Critérium du Dauphiné Libéré,50,,149000,,,737,,1,0,0,
giro-d-italia/1992/stage-14,Giro d'Italia,80,,171000,,,953,,1,0,0,
paris-nice/1970/stage-6,Paris - Nice,50,,126000,,,1121,,1,0,0,
vuelta-a-espana/1989/stage-10,Vuelta a España,80,,202000,2000,,803,,1,0,0,0.009900990099009901
tour-de-france/2004/stage-13,Tour de France,70,,205500,5500,5,1555,,1,0,0,0.0267639902676399
vuelta-a-espana/1996/stage-2,Vuelta a España,80,,210000,2390,,988,,1,0,0,0.01138095238095238
tour-de-suisse/1977/stage-4,Tour de Suisse,50,,227000,,,627,,1,0,0,
giro-d-italia/2007/stage-8,Giro d'Italia,80,,197000,2906,2,844,,1,0,0,0.014751269035532994
paris-nice/2012/stage-8,Paris - Nice,50,6,9600,511,,1079,,1,0,0,0.05322916666666667
tour-de-suisse/2000/stage-2,Tour de Suisse,50,,197000,,,895,,1,0,0,
vuelta-a-espana/2003/stage-6,Vuelta a España,80,,43800,305,1,935,,1,0,0,0.0069634703196347035
vuelta-a-espana/2005/stage-7,Vuelta a España,80,,212500,2754,1,960,,1,0,0,0.01296
tour-de-suisse/1981/stage-3b,Tour de Suisse,50,,12000,,,516,,1,0,0,
giro-d-italia/2001/stage-1,Giro d'Italia,80,,202000,2822,2,920,,1,0,0,0.01397029702970297
gp-quebec/2018/result,Grand Prix Cycliste de Québec,225,500,201600,2508,3,742,,0,0,0,0.012440476190476191
tour-de-suisse/1994/stage-4,Tour de Suisse,50,,207500,,,616,,1,0,0,
amstel-gold-race/1973/result,Amstel Gold Race,225,,238000,,,441,,0,0,0,
paris-nice/2013/stage-6,Paris - Nice,50,6,220000,3210,4,917,,1,0,0,0.01459090909090909
vuelta-a-espana/1991/stage-9,Vuelta a España,80,,140000,1435,,1042,,1,0,0,0.01025
volta-a-catalunya/1997/stage-7,Volta Ciclista a Catalunya,50,,234000,,,419,,1,0,0,
tirreno-adriatico/1993/stage-5,Tirreno-Adriatico,50,,163000,,,568,,1,0,0,
ronde-van-vlaanderen/2002/result,Ronde van Vlaanderen / Tour des Flandres,275,,264000,,2,748,,0,0,0,
vuelta-a-espana/2012/stage-16,Vuelta a España,80,16,185000,5159,5,852,,1,0,0,0.027886486486486485
dauphine/1987/stage-1,Critérium du Dauphiné Libéré,50,,202000,,,505,,1,0,0,
tour-de-france/1989/stage-18,Tour de France,100,,91500,2560,5,1849,,1,0,0,0.027978142076502732
giro-d-italia/2006/stage-10,Giro d'Italia,50,,50000,69,1,997,,1,0,0,0.00138
vuelta-a-espana/2000/stage-3,Vuelta a España,80,,198000,1495,,981,,1,0,0,0.0075505050505050506
giro-d-italia/2003/stage-2,Giro d'Italia,80,,177000,1057,2,734,,1,0,0,0.005971751412429379
paris-roubaix/1991/result,Paris - Roubaix,275,,266000,,,861,,0,0,0,
paris-nice/1970/stage-8b,Paris - Nice,50,,9500,,,1121,,1,0,0,
vuelta-a-espana/2009/stage-18,Vuelta a España,80,,165000,3363,4,1220,,1,0,0,0.02038181818181818
e3-harelbeke/2007/result,E3 Prijs Vlaanderen,125,,203000,,2,821,,0,0,0,
dauphine/1992/stage-1,Critérium du Dauphiné Libéré,50,,147800,,,492,,1,0,0,
giro-d-italia/2006/prologue,Giro d'Italia,80,,6200,171,1,997,,1,0,0,0.027580645161290322
la-fleche-wallone/1975/result,La Flèche Wallonne,225,,225000,,,763,,0,0,0,
tour-de-suisse/2011/stage-8,Tour de Suisse,50,6,167300,,,972,,1,0,0,
vuelta-a-espana/2020/stage-18,La Vuelta ciclista a España,80,100,139600,1492,2,692,,1,0,0,0.010687679083094556
tour-de-france/1984/stage-18,Tour de France,100,,185000,6000,5,1632,,1,0,0,0.032432432432432434
liege-bastogne-liege/1994/result,Liège - Bastogne - Liège,275,,268500,,,997,,0,0,0,
volta-a-catalunya/1996/stage-5,Volta Ciclista a Catalunya,50,,188000,3742,,327,,1,0,0,0.019904255319148936
tour-de-romandie/2021/prologue,Tour de Romandie,50,60,4050,82,1,560,,1,0,0,0.020246913580246915
paris-nice/1976/stage-7a,Paris - Nice,50,,78000,,,779,,1,0,0,
volta-a-catalunya/2008/stage-2,Volta Ciclista a Catalunya,50,,191900,,4,616,,1,0,0,
e3-harelbeke/2016/result,E3 Harelbeke,225,400,206000,1779,2,697,,0,0,0,0.008635922330097088
giro-d-italia/2017/stage-11,Giro d'Italia,80,100,161000,3912,4,881,,1,0,0,0.024298136645962733
e3-harelbeke/1995/result,E3-Prijs Harelbeke,125,,206000,,,341,,0,0,0,
giro-d-italia/2003/stage-4,Giro d'Italia,80,,170000,1810,2,734,,1,0,0,0.010647058823529412
la-fleche-wallone/2001/result,La Flèche Wallonne,225,,198000,,3,896,,0,0,0,
tour-de-france/2013/stage-13,Tour de France,100,20,173000,1036,1,1690,,1,0,0,0.005988439306358381
tour-de-france/1996/stage-5,Tour de France,100,,242000,2518,1,1872,,1,0,0,0.01040495867768595
tirreno-adriatico/2017/stage-7,Tirreno-Adriatico,50,60,10050,13,1,1036,,1,0,0,0.0012935323383084577
giro-d-italia/2017/stage-18,Giro d'Italia,80,100,137000,3961,5,881,,1,0,0,0.028912408759124087
tour-de-suisse/1993/stage-7,Tour de Suisse,50,,185000,,,655,,1,0,0,
giro-d-italia/2018/stage-4,Giro d'Italia,80,100,202000,3428,3,838,,1,0,0,0.01697029702970297
tour-de-romandie/1998/stage-3,Tour de Romandie,50,,151100,,,857,,1,0,0,
tour-de-suisse/1971/stage-3b,Tour de Suisse,50,,7000,,,302,,1,0,0,
volta-a-catalunya/1999/stage-2,Volta Ciclista a Catalunya,50,,172500,,,804,,1,0,0,
tour-de-france/2005/stage-2,Tour de France,100,,182000,432,1,1535,,1,0,0,0.0023736263736263735
tour-de-france/1992/stage-20,Tour de France,100,,222000,1489,2,2047,,1,0,0,0.006707207207207207
giro-d-italia/2012/stage-13,Giro d'Italia,80,16,121000,1740,1,886,,1,0,0,0.0143801652892562
tour-de-france/1982/stage-14,Tour de France,100,,32000,551,3,1492,,1,0,0,0.01721875
giro-d-italia/2008/stage-15,Giro d'Italia,80,,153000,4864,5,1058,,1,0,0,0.031790849673202615
giro-d-italia/1990/stage-4a,Giro d'Italia,80,,31000,,,1061,,1,0,0,
tour-de-france/1978/stage-18,Tour de France,100,,137000,2500,3,1241,,1,0,0,0.01824817518248175
volta-a-catalunya/1998/stage-3,Volta Ciclista a Catalunya,50,,151300,,,859,,1,0,0,
paris-nice/2020/stage-4,Paris - Nice,50,60,15100,225,2,1082,,1,0,0,0.014900662251655629
liege-bastogne-liege/1979/result,Liège - Bastogne - Liège,275,,241700,,,602,,0,0,0,
giro-d-italia/2007/stage-5,Giro d'Italia,80,,173000,1720,2,844,,1,0,0,0.009942196531791908
dauphine/2014/stage-4,Critérium du Dauphiné,50,6,169500,2290,2,941,,1,0,0,0.013510324483775812
tour-de-france/1984/stage-2,Tour de France,100,,250000,2397,1,1632,,1,0,0,0.009588
tour-de-france/2012/stage-13,Tour de France,100,20,217000,1795,1,1703,,1,0,0,0.00827188940092166
tour-de-france/1994/stage-5,Tour de France,100,,187000,2223,1,1731,,1,0,0,0.011887700534759358
paris-nice/2007/stage-5,Paris - Nice,50,,178000,,2,823,,1,0,0,
tour-de-suisse/1993/stage-9,Tour de Suisse,50,,178700,,,655,,1,0,0,
gp-montreal/2015/result,Grand Prix Cycliste de Montréal,225,,205600,,2,888,,0,0,0,
vuelta-a-espana/2007/stage-13,Vuelta a España,80,,176400,1240,1,995,,1,0,0,0.007029478458049887
tour-de-france/1987/stage-17,Tour de France,100,,229000,2500,2,1812,,1,0,0,0.010917030567685589
vuelta-a-espana/2001/stage-3,Vuelta a España,80,,140500,567,1,971,,1,0,0,0.004035587188612099
paris-nice/1970/stage-8a,Paris - Nice,50,,108000,,,1121,,1,0,0,
vuelta-a-espana/1994/stage-1,Vuelta a España,80,,9000,65,,791,,1,0,0,0.007222222222222222
giro-d-italia/2007/stage-15,Giro d'Italia,80,,184000,5159,5,844,,1,0,0,0.02803804347826087
vuelta-a-espana/2005/stage-18,Vuelta a España,80,,197500,3625,4,960,,1,0,0,0.018354430379746836
giro-d-italia/1991/stage-12,Giro d'Italia,80,,182000,,,908,,1,0,0,
vuelta-a-espana/2002/stage-20,Vuelta a España,80,,141200,1059,1,1084,,1,0,0,0.0075
volta-a-catalunya/2006/stage-5,Volta Ciclista a Catalunya,50,,161500,,2,882,,1,0,0,
volta-a-catalunya/2002/stage-3,Volta a Catalunya,50,,10800,,,431,,1,0,0,
giro-d-italia/2015/stage-11,Giro d'Italia,80,16,153000,2949,2,861,,1,0,0,0.019274509803921567
giro-d-italia/2014/stage-16,Giro d'Italia,80,16,139000,4545,5,892,,1,0,0,0.03269784172661871
liege-bastogne-liege/1988/result,Liège - Bastogne - Liège,275,,260000,,,808,,0,0,0,
liege-bastogne-liege/1970/result,Liège - Bastogne - Liège,275,,235000,,,451,,0,0,0,
vuelta-a-espana/2001/stage-2,Vuelta a España,80,,147200,673,1,971,,1,0,0,0.004572010869565217
vuelta-a-espana/2009/stage-12,Vuelta a España,80,,179300,5234,5,1220,,1,0,0,0.029191299498047964
tour-de-france/2019/stage-12,Tour de France,100,120,209500,3088,4,1699,,1,0,0,0.014739856801909307
amstel-gold-race/2010/result,Amstel Gold Race,225,,257000,,,1012,,0,0,0,
itzulia-basque-country/2014/stage-1,Vuelta Ciclista al País Vasco,50,6,153400,2994,2,912,,1,0,0,0.01951760104302477
amstel-gold-race/1970/result,Amstel Gold Race,225,,240000,,,372,,0,0,0,
tour-de-france/1987/stage-19,Tour de France,100,,185000,4842,4,1812,,1,0,0,0.026172972972972972
itzulia-basque-country/2014/stage-6,Vuelta Ciclista al País Vasco,50,6,25900,664,2,912,,1,0,0,0.025637065637065637
vuelta-a-espana/1995/stage-9,Vuelta a España,80,,122500,2247,,883,,1,0,0,0.018342857142857143
vuelta-a-espana/1990/stage-10,Vuelta a España,80,,230000,1174,,807,,1,0,0,0.005104347826086956
giro-d-italia/2003/stage-15,Giro d'Italia,80,,42500,304,2,734,,1,0,0,0.0071529411764705885
san-sebastian/1981/result,Clásica San Sebastián,225,,230000,,,250,,0,0,0,
giro-d-italia/2005/stage-1,Giro d'Italia,80,,208000,1785,3,929,,1,0,0,0.008581730769230769
gp-montreal/2022/result,Grand Prix Cycliste de Montréal,225,500,221400,4124,2,864,22,0,0,0,0.01862691960252936
volta-a-catalunya/2006/stage-2,Volta Ciclista a Catalunya,50,,156800,,2,882,,1,0,0,
tour-de-france/1989/stage-16,Tour de France,100,,175000,4000,5,1849,,1,0,0,0.022857142857142857
tirreno-adriatico/1991/stage-2,Tirreno-Adriatico,50,,206000,,,710,,1,0,0,
volta-a-catalunya/2017/stage-1,Volta Ciclista a Catalunya,50,50,178900,2923,4,883,,1,0,0,0.016338736724427053
e3-harelbeke/2008/result,E3 Prijs Vlaanderen,125,,203000,,2,708,,0,0,0,
vuelta-a-espana/1987/stage-13,Vuelta a España,80,,223000,3500,,838,,1,0,0,0.01569506726457399
giro-d-italia/2019/stage-8,Giro d'Italia,80,100,239000,1998,2,896,,1,0,0,0.008359832635983264
tour-de-romandie/1998/stage-2,Tour de Romandie,50,,183300,,,857,,1,0,0,
liege-bastogne-liege/2020/result,Liège-Bastogne-Liège,275,500,257000,4353,2,867,,0,0,0,0.016937743190661478
vuelta-a-espana/1989/stage-7,Vuelta a España,80,,157000,2186,,803,,1,0,0,0.013923566878980892
tour-de-france/2016/stage-2,Tour de France,100,120,183000,1985,3,1758,,1,0,0,0.010846994535519126
tour-de-suisse/1992/stage-6,Tour de Suisse,50,,235500,,,533,,1,0,0,
tour-de-romandie/1990/stage-6,Tour de Romandie,50,,198500,,,684,,1,0,0,
tour-de-romandie/1975/stage-5b,Tour de Romandie,50,,25200,,,429,,1,0,0,
paris-nice/2003/stage-4,Paris - Nice,50,,16500,,,831,,1,0,0,
vuelta-a-espana/1992/stage-1,Vuelta a España,80,,9200,90,,1033,,1,0,0,0.009782608695652175
dwars-door-vlaanderen/2008/result,Dwars door Vlaanderen,75,,200000,,2,460,,0,0,0,
vuelta-a-espana/1999/stage-7,Vuelta a España,80,,217000,564,,1342,,1,0,0,0.0025990783410138247
tour-de-suisse/1995/stage-6,Tour de Suisse,50,,169200,,,764,,1,0,0,
tour-de-france/2000/stage-17,Tour de France,100,,155000,2455,2,1437,,1,0,0,0.015838709677419356
tour-de-france/2017/stage-2,Tour de France,100,120,203500,1278,1,1791,,1,0,0,0.00628009828009828
giro-d-italia/2022/stage-2,Giro d'Italia,80,100,9200,81,1,817,,1,0,0,0.008804347826086956
paris-nice/2015/prologue,Paris - Nice,50,6,6700,61,1,1225,,1,0,0,0.009104477611940298
ronde-van-vlaanderen/1971/result,Ronde van Vlaanderen / Tour des Flandres,275,,268000,,,1026,,0,0,0,
giro-d-italia/2013/stage-3,Giro d'Italia,80,16,222000,3908,2,930,,1,0,0,0.017603603603603604
tour-de-france/2016/stage-8,Tour de France,100,120,184000,4597,4,1758,,1,0,0,0.024983695652173912
vuelta-a-espana/1987/stage-4,Vuelta a España,80,,169000,2500,,838,,1,0,0,0.014792899408284023
vuelta-a-espana/1980/stage-7,Vuelta a España,80,,216000,,,520,,1,0,0,
volta-a-catalunya/2007/stage-5,Volta Ciclista a Catalunya,50,,17100,,5,816,,1,0,0,
giro-d-italia/2007/stage-18,Giro d'Italia,80,,208000,360,1,844,,1,0,0,0.0017307692307692308
giro-d-italia/2006/stage-9,Giro d'Italia,80,,187000,2652,3,997,,1,0,0,0.014181818181818183
giro-d-italia/2010/stage-5,Giro d'Italia,80,16,168000,1067,2,878,,1,0,0,0.006351190476190476
vuelta-a-espana/1992/stage-15,Vuelta a España,80,,163000,1997,,1033,,1,0,0,0.012251533742331289
tour-de-suisse/1985/stage-4,Tour de Suisse,50,,208000,,,699,,1,0,0,
tour-de-france/1999/stage-11,Tour de France,100,,199000,2500,2,1255,,1,0,0,0.01256281407035176
tour-de-suisse/1984/stage-3,Tour de Suisse,50,,183000,,,646,,1,0,0,
paris-nice/1987/stage-2,Paris - Nice,50,,203000,,,1164,,1,0,0,
volta-a-catalunya/2005/stage-3,Volta Ciclista a Catalunya,50,,157800,,,850,,1,0,0,
tour-de-france/2003/stage-16,Tour de France,100,,197500,4000,4,1688,,1,0,0,0.020253164556962026
vuelta-a-espana/1986/stage-19,Vuelta a España,80,,234000,2000,,843,,1,0,0,0.008547008547008548
giro-d-italia/2013/stage-13,Giro d'Italia,80,16,254000,1897,1,930,,1,0,0,0.007468503937007874
tour-de-suisse/1971/stage-8b,Tour de Suisse,50,,24600,,,302,,1,0,0,
tour-de-suisse/1978/stage-8,Tour de Suisse,50,,218500,,,691,,1,0,0,
tour-de-france/1981/stage-5,Tour de France,100,,117500,3500,5,1362,,1,0,0,0.029787234042553193
paris-nice/2014/stage-3,Paris - Nice,50,6,180000,2011,1,971,,1,0,0,0.011172222222222222
tour-de-suisse/2015/stage-8,Tour de Suisse,50,6,152500,2138,3,1048,,1,0,0,0.014019672131147541
tirreno-adriatico/2001/stage-3,Tirreno-Adriatico,50,,156000,,,1092,,1,0,0,
itzulia-basque-country/2017/stage-3,Vuelta al País Vasco,50,50,160500,2540,4,811,,1,0,0,0.015825545171339564
vuelta-a-espana/2002/stage-8,Vuelta a España,80,,173500,3155,4,1084,,1,0,0,0.01818443804034582
vuelta-a-espana/2021/stage-14,La Vuelta ciclista a España,80,100,165700,3448,5,1023,28,1,0,0,0.0208086904043452
san-sebastian/1999/result,Clasica Ciclista San Sebastian,225,,232000,,2,1068,,0,0,0,
giro-d-italia/1997/stage-6,Giro d'Italia,80,,210000,,,792,,1,0,0,
tour-de-france/2008/stage-16,Tour de France,100,,157000,4174,4,1520,,1,0,0,0.026585987261146495
paris-nice/1988/stage-3,Paris - Nice,50,,179000,,,1146,,1,0,0,
uae-tour/2021/stage-2,UAE Tour,50,40,13000,94,1,755,,1,0,0,0.007230769230769231
vuelta-a-espana/2002/stage-4,Vuelta a España,80,,149500,1254,1,1084,,1,0,0,0.008387959866220736
e3-harelbeke/1983/result,E3-Prijs Harelbeke,125,,236000,,,194,,0,0,0,
giro-d-italia/2013/stage-8,Giro d'Italia,80,16,54800,887,3,930,,1,0,0,0.016186131386861313
tour-de-suisse/1987/stage-1,Tour de Suisse,50,,170000,,,673,,1,0,0,
dauphine/1993/stage-7,Critérium du Dauphiné Libéré,50,,140000,,,386,,1,0,0,
paris-nice/2015/stage-2,Paris - Nice,50,6,172000,1074,1,1225,,1,0,0,0.0062441860465116275
tirreno-adriatico/2013/stage-4,Tirreno-Adriatico,50,6,173000,3293,5,1331,,1,0,0,0.019034682080924854
tour-de-suisse/2013/stage-3,Tour de Suisse,50,6,204900,2833,2,960,,1,0,0,0.013826256710590531
giro-d-italia/1991/stage-21,Giro d'Italia,80,,153000,,,908,,1,0,0,
volta-a-catalunya/2013/stage-3,Volta Ciclista a Catalunya,50,6,180100,3486,5,811,,1,0,0,0.01935591338145475
tirreno-adriatico/2010/stage-7,Tirreno-Adriatico,50,6,164000,1301,1,1176,,1,0,0,0.007932926829268293
tour-de-romandie/1990/stage-5,Tour de Romandie,50,,168700,,,684,,1,0,0,
paris-nice/1994/stage-1,Paris - Nice,50,,185500,,,900,,1,0,0,
tirreno-adriatico/1988/stage-5,Tirreno-Adriatico,50,,207000,,,724,,1,0,0,
paris-nice/2006/stage-4,Paris - Nice,50,,193000,,1,795,,1,0,0,
vuelta-a-espana/2001/stage-13,Vuelta a España,80,,206000,2050,2,971,,1,0,0,0.009951456310679611
tour-de-france/2000/stage-14,Tour de France,100,,249000,6425,5,1437,,1,0,0,0.025803212851405622
volta-a-catalunya/2008/stage-3,Volta Ciclista a Catalunya,50,,217200,,2,616,,1,0,0,
paris-nice/2007/stage-7,Paris - Nice,50,,129500,,4,823,,1,0,0,
tour-de-suisse/2001/stage-5,Tour de Suisse,50,,174500,,,873,,1,0,0,
tour-de-romandie/2018/prologue,Tour de Romandie,50,60,4020,102,3,566,,1,0,0,0.025373134328358207
tour-de-france/2018/stage-10,Tour de France,100,120,158500,4254,4,1689,,1,0,0,0.0268391167192429
giro-d-italia/2006/stage-2,Giro d'Italia,80,,202000,1873,3,997,,1,0,0,0.009272277227722772
tour-de-france/1978/stage-21,Tour de France,100,,207000,1942,1,1241,,1,0,0,0.009381642512077295
tour-de-france/1997/stage-20,Tour de France,100,,63000,541,1,1994,,1,0,0,0.008587301587301588
tirreno-adriatico/2015/stage-2,Tirreno-Adriatico,50,6,153000,738,1,1017,,1,0,0,0.004823529411764706
tour-de-france/2008/stage-21,Tour de France,100,,143000,807,1,1520,,1,0,0,0.0056433566433566435
vuelta-a-espana/2002/stage-12,Vuelta a España,80,,210500,1204,1,1084,,1,0,0,0.005719714964370546
vuelta-a-espana/2000/stage-7,Vuelta a España,80,,175000,1530,,981,,1,0,0,0.008742857142857142
giro-d-italia/2023/stage-8,Giro d'Italia,80,180,207000,2790,2,835,16,1,0,0,0.013478260869565217
tour-de-france/2005/stage-8,Tour de France,100,,231000,2493,4,1535,,1,0,0,0.010792207792207792
tour-de-france/1993/stage-2,Tour de France,100,,227500,1349,1,1804,,1,0,0,0.00592967032967033
tour-de-suisse/1988/stage-1,Tour de Suisse,50,,127500,,,548,,1,0,0,
tour-de-france/2008/stage-7,Tour de France,100,,159000,2431,4,1520,,1,0,0,0.015289308176100629
tour-de-france/1978/stage-9,Tour de France,100,,233000,1453,1,1241,,1,0,0,0.006236051502145922
vuelta-a-espana/2014/stage-10,Vuelta a España,80,16,36700,444,1,1175,,1,0,0,0.012098092643051771
san-sebastian/1990/result,Clásica Ciclista San Sebastián,225,,248000,,,1359,,0,0,0,
dauphine/2020/stage-5,Critérium du Dauphiné,50,60,142500,4391,5,1243,,1,0,0,0.030814035087719297
tour-de-france/2019/stage-17,Tour de France,100,120,200000,2472,2,1699,,1,0,0,0.01236
paris-nice/1995/stage-7,Paris - Nice,50,,200000,,,861,,1,0,0,
uae-tour/2022/stage-7,UAE Tour,50,40,148000,1364,5,621,,1,0,0,0.009216216216216216
dauphine/2020/stage-4,Critérium du Dauphiné,50,60,148500,4669,5,1243,,1,0,0,0.03144107744107744
dwars-door-vlaanderen/2009/result,Dwars door Vlaanderen,75,,200000,,2,557,,0,0,0,
dauphine/1991/stage-3,Critérium du Dauphiné Libéré,50,,184000,,,830,,1,0,0,
giro-d-italia/2023/stage-5,Giro d'Italia,80,180,171000,2529,2,835,15,1,0,0,0.014789473684210526
tour-de-suisse/2015/stage-7,Tour de Suisse,50,6,164600,1604,2,1048,,1,0,0,0.00974483596597813
giro-d-italia/1991/stage-2b,Giro d'Italia,80,,7000,,,908,,1,0,0,
volta-a-catalunya/1997/stage-1b,Volta Ciclista a Catalunya,50,,7800,,,419,,1,0,0,
dauphine/1975/stage-7a,Critérium du Dauphiné Libéré,50,,153000,,,889,,1,0,0,
itzulia-basque-country/2016/stage-4,Vuelta Ciclista al País Vasco,50,50,165000,3017,2,943,,1,0,0,0.018284848484848484
tour-de-france/1978/stage-8,Tour de France,100,,59300,815,1,1241,,1,0,0,0.013743676222596965
tour-de-france/2011/stage-12,Tour de France,100,20,211000,4563,5,1713,,1,0,0,0.02162559241706161
tour-de-france/2004/stage-2,Tour de France,100,,197000,1852,1,1555,,1,0,0,0.009401015228426396
omloop-het-nieuwsblad/2022/result,Omloop Het Nieuwsblad ME,225,300,204200,1666,2,749,,0,0,0,0.008158667972575907
volta-a-catalunya/1995/stage-3,Volta Ciclista a Catalunya,50,,169500,2651,,737,,1,0,0,0.015640117994100294
tour-de-france/2001/prologue,Tour de France,100,,8200,66,1,1496,,1,0,0,0.008048780487804878
vuelta-a-espana/1992/stage-18,Vuelta a España,80,,218900,3604,,1033,,1,0,0,0.01646413887619918
vuelta-a-espana/2021/stage-10,La Vuelta ciclista a España,80,100,189000,2390,2,1023,,1,0,0,0.012645502645502646
vuelta-a-espana/2007/stage-14,Vuelta a España,80,,207000,3664,2,995,,1,0,0,0.017700483091787438
giro-d-italia/2003/stage-17,Giro d'Italia,80,,117000,489,1,734,,1,0,0,0.004179487179487179
tour-de-suisse/1979/stage-9a,Tour de Suisse,50,,134000,,,538,,1,0,0,
omloop-het-nieuwsblad/2013/result,Omloop Het Nieuwsblad ME,125,,198600,1577,2,594,,0,0,0,0.007940584088620342
itzulia-basque-country/2009/stage-5,Vuelta Ciclista al País Vasco,50,,169000,,,1029,,1,0,0,
tour-de-france/2003/stage-6,Tour de France,100,,230000,2000,2,1688,,1,0,0,0.008695652173913044
tirreno-adriatico/1993/stage-6,Tirreno-Adriatico,50,,170000,,,568,,1,0,0,
liege-bastogne-liege/1986/result,Liège - Bastogne - Liège,275,,252000,,,674,,0,0,0,
liege-bastogne-liege/2019/result,Liège-Bastogne-Liège,275,500,256000,4075,2,1087,,0,0,0,0.01591796875
il-lombardia/1992/result,Giro di Lombardia,275,,241000,,,746,,0,0,0,
dauphine/1984/stage-1b,Critérium du Dauphiné Libéré,50,,83000,,,529,,1,0,0,
tirreno-adriatico/1988/stage-2,Tirreno-Adriatico,50,,202000,,,724,,1,0,0,
tour-de-france/2002/stage-9,Tour de France,100,,52000,616,1,1489,,1,0,0,0.011846153846153847
tour-de-france/1982/prologue,Tour de France,100,,7000,112,1,1492,,1,0,0,0.016
tour-de-suisse/2021/stage-5,Tour de Suisse,50,60,175200,2501,5,670,,1,0,0,0.014275114155251142
vuelta-a-espana/1999/stage-6,Vuelta a España,80,,46400,193,,1342,,1,0,0,0.00415948275862069
tour-de-france/1993/stage-20,Tour de France,100,,196500,2395,1,1804,,1,0,0,0.012188295165394401
vuelta-a-espana/2015/stage-15,Vuelta a España,80,16,175800,3740,5,1115,,1,0,0,0.021274175199089876
tour-de-suisse/2012/stage-5,Tour de Suisse,50,6,198500,1951,,917,,1,0,0,0.009828715365239295
giro-d-italia/1998/stage-14,Giro d'Italia,80,,165000,,,923,,1,0,0,
e3-harelbeke/2011/result,E3 Prijs Vlaanderen,125,,200000,,2,431,,0,0,0,
giro-d-italia/1994/stage-22,Giro d'Italia,80,,198000,,,1292,,1,0,0,
giro-d-italia/2000/stage-4,Giro d'Italia,80,,233000,2808,2,866,,1,0,0,0.012051502145922747
itzulia-basque-country/2014/stage-5,Vuelta Ciclista al País Vasco,50,6,160200,2892,2,912,,1,0,0,0.018052434456928838
dauphine/2006/stage-5,Critérium du Dauphiné Libéré,50,,155000,,,800,,1,0,0,
tirreno-adriatico/2021/stage-5,Tirreno-Adriatico,50,60,205000,2639,3,1108,,1,0,0,0.012873170731707318
dauphine/2023/stage-2,Critérium du Dauphiné,50,60,167300,2865,3,781,20,1,0,0,0.0171249252839211
tour-de-france/2005/stage-16,Tour de France,100,,181000,3560,4,1535,,1,0,0,0.01966850828729282
world-championship/2012/result,World Championships ME - Road Race,350,,267400,2436,2,1458,,0,0,0,0.009109947643979058
tour-de-suisse/1996/stage-9,Tour de Suisse,50,,180500,,,971,,1,0,0,
vuelta-a-espana/2009/stage-19,Vuelta a España,80,,179800,3363,4,1220,,1,0,0,0.01870411568409344
tour-de-france/1986/stage-1,Tour de France,100,,85000,936,3,1872,,1,0,0,0.011011764705882353
vuelta-a-espana/2007/stage-21,Vuelta a España,80,,104200,952,1,995,,1,0,0,0.009136276391554702
vuelta-a-espana/2006/stage-20,Vuelta a España,80,,27500,356,1,1026,,1,0,0,0.012945454545454545
volta-a-catalunya/1997/stage-5,Volta Ciclista a Catalunya,50,,22100,,,419,,1,0,0,
giro-d-italia/1995/stage-12,Giro d'Italia,80,,196000,,,1365,,1,0,0,
tour-de-france/1980/stage-19,Tour de France,100,,136500,2439,4,1224,,1,0,0,0.017868131868131867
la-fleche-wallone/2020/result,La Flèche Wallonne,225,400,202000,3124,3,601,,0,0,0,0.015465346534653465
san-sebastian/2010/result,Clasica Ciclista San Sebastian,225,,234000,,2,971,,0,0,0,
paris-nice/2004/stage-8,Paris - Nice,50,,144000,,,989,,1,0,0,
tour-de-romandie/2019/prologue,Tour de Romandie,50,60,3870,38,1,570,,1,0,0,0.009819121447028423
vuelta-a-espana/2014/stage-21,Vuelta a España,80,16,9700,121,1,1175,,1,0,0,0.012474226804123712
giro-d-italia/2007/stage-6,Giro d'Italia,80,,179000,3660,4,844,,1,0,0,0.020446927374301677
la-fleche-wallone/1999/result,La Flèche Wallonne,225,,201000,,,559,,0,0,0,
amstel-gold-race/2016/result,Amstel Gold Race,225,500,248700,3320,2,1120,,0,0,0,0.013349416968234822
giro-d-italia/2023/stage-4,Giro d'Italia,80,180,175000,3667,4,835,16,1,0,0,0.020954285714285713
san-sebastian/1982/result,Clásica San Sebastián,225,,229000,,,304,,0,0,0,
tour-de-france/2017/stage-12,Tour de France,100,120,214500,4903,5,1791,,1,0,0,0.02285780885780886
tour-de-suisse/1994/stage-3,Tour de Suisse,50,,176500,,,616,,1,0,0,
volta-a-catalunya/1970/stage-5,Volta Ciclista a Catalunya,50,,165000,,,570,,1,0,0,
world-championship/1993/result,World Championships - Road Race,350,,257600,3237,,1594,,0,0,0,0.012565993788819875
vuelta-a-espana/1991/stage-3,Vuelta a España,80,,233200,1685,,1042,,1,0,0,0.007225557461406518
tour-de-france/2014/stage-3,Tour de France,100,20,155000,834,1,1612,,1,0,0,0.005380645161290323
giro-d-italia/2006/stage-13,Giro d'Italia,80,,223000,3455,4,997,,1,0,0,0.015493273542600897
giro-d-italia/2017/stage-4,Giro d'Italia,80,100,181000,4170,5,881,,1,0,0,0.023038674033149173
volta-a-catalunya/1993/stage-3,Volta Ciclista a Catalunya,50,,148000,1806,,884,,1,0,0,0.012202702702702703
tour-de-france/1991/stage-6,Tour de France,100,,259000,2593,1,1933,,1,0,0,0.010011583011583012
tour-de-france/2023/stage-3,Tour de France,100,210,193500,2667,2,1584,23,1,0,0,0.013782945736434108
tour-de-france/2002/prologue,Tour de France,70,,7000,207,1,1489,,1,0,0,0.02957142857142857
itzulia-basque-country/2016/stage-6,Vuelta Ciclista al País Vasco,50,50,16500,628,2,943,,1,0,0,0.03806060606060606
giro-d-italia/2019/stage-10,Giro d'Italia,80,100,145000,160,1,896,,1,0,0,0.001103448275862069
dauphine/1989/stage-5,Critérium du Dauphiné Libéré,50,,230000,,,603,,1,0,0,
tour-de-suisse/2002/prologue,Tour de Suisse,50,,5700,,,673,,1,0,0,
paris-nice/1980/prologue,Paris - Nice,50,,4300,,,1128,,1,0,0,
vuelta-a-espana/2020/stage-5,La Vuelta ciclista a España,80,100,184400,3407,3,692,,1,0,0,0.018476138828633405
tour-de-france/2005/stage-10,Tour de France,100,,181000,4197,5,1535,,1,0,0,0.023187845303867402
tirreno-adriatico/2013/stage-6,Tirreno-Adriatico,50,6,209000,3832,2,1331,,1,0,0,0.018334928229665072
vuelta-a-espana/2008/stage-21,Vuelta a España,80,,102200,609,1,1101,,1,0,0,0.005958904109589041
strade-bianche/2012/result,Montepaschi Strade Bianche - Eroica Toscana,75,,190000,2933,3,588,,0,0,0,0.015436842105263159
paris-nice/1984/stage-7a,Paris - Nice,50,,94000,,,778,,1,0,0,
tour-de-france/1996/stage-11,Tour de France,100,,202000,3000,2,1872,,1,0,0,0.01485148514851485
paris-roubaix/2007/result,Paris - Roubaix,275,,259500,,1,733,,0,0,0,
paris-nice/2001/stage-4,Paris - Nice,50,,195600,,,902,,1,0,0,
paris-nice/1998/stage-5,Paris - Nice,50,,189000,,,960,,1,0,0,
tour-de-france/1986/stage-22,Tour de France,100,,196000,1312,1,1872,,1,0,0,0.006693877551020408
giro-d-italia/2003/stage-21,Giro d'Italia,80,,33000,40,1,734,,1,0,0,0.0012121212121212121
tour-de-romandie/2009/stage-4,Tour de Romandie,50,,157500,,,714,,1,0,0,
vuelta-a-espana/1996/stage-3,Vuelta a España,80,,167000,872,,988,,1,0,0,0.005221556886227545
tour-de-suisse/1986/stage-8,Tour de Suisse,50,,226500,,,835,,1,0,0,
volta-a-catalunya/2023/stage-2,Volta Ciclista a Catalunya,50,50,165400,3291,5,704,16,1,0,0,0.019897218863361547
volta-a-catalunya/2009/stage-1,Volta Ciclista a Catalunya,50,,3600,,1,668,,1,0,0,
vuelta-a-espana/1986/stage-4,Vuelta a España,80,,192000,1810,,843,,1,0,0,0.009427083333333334
vuelta-a-espana/1989/stage-8,Vuelta a España,80,,235500,1324,,803,,1,0,0,0.00562208067940552
san-sebastian/2022/result,Donostia San Sebastian Klasikoa,225,400,224800,4147,2,724,23,0,0,0,0.018447508896797152
paris-nice/2005/stage-4,Paris - Nice,50,,104500,,2,1091,,1,0,0,
milano-sanremo/2009/result,Milano-Sanremo,275,,298000,,,1122,,0,0,0,
paris-nice/1989/stage-2,Paris - Nice,50,,207000,,,794,,1,0,0,
vuelta-a-espana/1998/stage-3,Vuelta a España,80,,193000,1084,,1309,,1,0,0,0.005616580310880829
itzulia-basque-country/2007/stage-6,Vuelta al País Vasco,50,,14000,,,1002,,1,0,0,
tour-de-romandie/2010/stage-1,Tour de Romandie,50,6,175600,,,678,,1,0,0,
giro-d-italia/2001/stage-16,Giro d'Italia,80,,142000,259,1,920,,1,0,0,0.001823943661971831
paris-nice/1980/stage-7a,Paris - Nice,50,,57000,,,1128,,1,0,0,
dauphine/2010/stage-3,Critérium du Dauphiné,50,6,177000,,,673,,1,0,0,
il-lombardia/1989/result,Giro di Lombardia,275,,260000,4544,,652,,0,0,0,0.017476923076923077
tour-de-france/2014/stage-15,Tour de France,100,20,222000,1675,1,1612,,1,0,0,0.007545045045045045
tirreno-adriatico/2011/stage-6,Tirreno-Adriatico,50,6,178000,2695,3,1216,,1,0,0,0.015140449438202247
tour-de-france/2008/stage-4,Tour de France,100,,29500,338,1,1520,,1,0,0,0.011457627118644068
giro-d-italia/2003/stage-5,Giro d'Italia,80,,176000,2094,2,734,,1,0,0,0.011897727272727273
giro-d-italia/2013/stage-1,Giro d'Italia,80,16,130000,1114,1,930,,1,0,0,0.00856923076923077
tour-de-france/2015/stage-21,Tour de France,100,,109500,562,1,1812,,1,0,0,0.005132420091324201
ronde-van-vlaanderen/1973/result,Ronde van Vlaanderen / Tour des Flandres,275,,260000,,,532,,0,0,0,
paris-nice/1987/prologue,Paris - Nice,50,,5500,,,1164,,1,0,0,
uae-tour/2023/stage-3,UAE Tour,50,40,185000,2741,5,530,24,1,0,0,0.014816216216216217
giro-d-italia/2023/stage-16,Giro d'Italia,80,180,203000,5852,5,835,23,1,0,0,0.02882758620689655
uae-tour/2021/stage-4,UAE Tour,50,40,204000,695,1,755,,1,0,0,0.0034068627450980393
tirreno-adriatico/2014/stage-6,Tirreno-Adriatico,50,6,189000,1346,1,1269,,1,0,0,0.007121693121693122
paris-nice/2011/stage-5,Paris - Nice,50,6,194000,3449,3,1038,,1,0,0,0.017778350515463916
tour-de-romandie/2016/stage-1,Tour de Romandie,50,60,100500,2212,2,917,,1,0,0,0.022009950248756217
tour-de-suisse/2023/stage-8,Tour de Suisse,50,60,25700,363,1,855,27,1,0,0,0.014124513618677044
tour-de-france/1988/stage-16,Tour de France,100,,38000,203,1,1941,,1,0,0,0.0053421052631578946
vuelta-a-espana/1980/stage-16b,Vuelta a España,80,,22800,,,520,,1,0,0,
dauphine/2016/stage-2,Criterium du Dauphiné,50,60,168000,2890,3,1182,,1,0,0,0.01720238095238095
tour-de-france/1980/stage-17,Tour de France,100,,242000,5500,4,1224,,1,0,0,0.022727272727272728
tour-de-france/2021/stage-19,Tour de France,100,120,207000,1181,2,1646,,1,0,0,0.005705314009661836
itzulia-basque-country/2012/stage-4,Vuelta Ciclista al País Vasco,50,6,151000,3043,,928,,1,0,0,0.0201523178807947
volta-a-catalunya/2003/stage-4,Volta a Catalunya,50,,157400,,,515,,1,0,0,
dauphine/2010/stage-5,Critérium du Dauphiné,50,6,210500,,5,673,,1,0,0,
paris-nice/2001/prologue,Paris - Nice,50,,6200,,,902,,1,0,0,
volta-a-catalunya/2019/stage-5,Volta Ciclista a Catalunya,50,50,188100,2705,4,918,,1,0,0,0.014380648591174907
tour-de-france/2021/stage-11,Tour de France,100,120,198900,4671,4,1646,,1,0,0,0.023484162895927602
giro-d-italia/2009/stage-13,Giro d'Italia,80,,176000,745,1,975,,1,0,0,0.004232954545454546
giro-d-italia/2016/stage-1,Giro d'Italia,80,100,9800,37,1,933,,1,0,0,0.003775510204081633
giro-d-italia/1994/stage-20,Giro d'Italia,80,,201000,,,1292,,1,0,0,
tour-de-suisse/1975/stage-3,Tour de Suisse,50,,179000,,,549,,1,0,0,
giro-d-italia/1996/stage-3,Giro d'Italia,80,,199000,,,1034,,1,0,0,
vuelta-a-espana/2000/stage-2,Vuelta a España,80,,167500,1495,,981,,1,0,0,0.008925373134328358
tour-de-france/2009/stage-18,Tour de France,100,,40500,344,2,1557,,1,0,0,0.008493827160493827
tour-de-suisse/1999/stage-6,Tour de Suisse,50,,162000,,,900,,1,0,0,
vuelta-a-espana/1994/stage-18,Vuelta a España,80,,189000,3357,,791,,1,0,0,0.017761904761904763
vuelta-a-espana/1989/stage-6,Vuelta a España,80,,197500,4759,,803,,1,0,0,0.02409620253164557
itzulia-basque-country/2022/stage-4,Itzulia Basque Country,50,50,185600,2703,2,741,19,1,0,0,0.014563577586206897
tour-de-romandie/2016/stage-5,Tour de Romandie,50,60,177400,2154,2,917,,1,0,0,0.01214205186020293
vuelta-a-espana/1981/stage-4,Vuelta a España,80,,206000,,,457,,1,0,0,
il-lombardia/2002/result,Giro di Lombardia,275,,251000,4089,,1084,,0,0,0,0.016290836653386456
vuelta-a-espana/2001/stage-7,Vuelta a España,80,,44200,516,2,971,,1,0,0,0.01167420814479638
tour-de-suisse/1982/stage-9,Tour de Suisse,50,,199000,,,657,,1,0,0,
tour-de-france/2000/stage-21,Tour de France,100,,138000,402,1,1437,,1,0,0,0.0029130434782608694
dauphine/1994/stage-1,Critérium du Dauphiné Libéré,50,,224000,,,362,,1,0,0,
il-lombardia/2011/result,Il Lombardia,275,,241000,4524,2,947,,0,0,0,0.018771784232365144
giro-d-italia/2009/stage-18,Giro d'Italia,80,,181000,2106,2,975,,1,0,0,0.0116353591160221
giro-d-italia/1998/stage-21,Giro d'Italia,80,,34000,,,923,,1,0,0,
tour-de-france/2002/stage-7,Tour de France,100,,176000,2234,3,1489,,1,0,0,0.012693181818181819
tour-de-france/1987/stage-25,Tour de France,100,,186000,1937,1,1812,,1,0,0,0.010413978494623655
tour-de-suisse/1989/stage-5b,Tour de Suisse,50,,7500,,,604,,1,0,0,
tour-de-romandie/1977/stage-1,Tour de Romandie,50,,168800,,,489,,1,0,0,
vuelta-a-espana/1981/stage-19,Vuelta a España,80,,84000,,,457,,1,0,0,
gp-montreal/2016/result,Grand Prix Cycliste de Montréal,225,500,205700,3779,3,914,,0,0,0,0.018371414681575108
dauphine/2018/stage-4,Critérium du Dauphiné,50,60,181000,3227,5,762,,1,0,0,0.017828729281767954
tour-de-france/2002/stage-1,Tour de France,100,,192500,3000,3,1489,,1,0,0,0.015584415584415584
world-championship/1987/result,World Championships - Road Race,350,,276000,4620,,1526,,0,0,0,0.016739130434782607
tour-de-france/2004/stage-6,Tour de France,100,,196000,1398,1,1555,,1,0,0,0.00713265306122449
paris-nice/2013/stage-1,Paris - Nice,50,6,195000,1248,1,917,,1,0,0,0.0064
vuelta-a-espana/1985/stage-16,Vuelta a España,80,,252000,1975,,925,,1,0,0,0.007837301587301587
tour-de-france/2008/stage-3,Tour de France,100,,208000,1507,1,1520,,1,0,0,0.0072451923076923075
ronde-van-vlaanderen/1989/result,Ronde van Vlaanderen / Tour des Flandres,275,,264000,,,684,,0,0,0,
volta-a-catalunya/1999/stage-7,Volta Ciclista a Catalunya,50,,14200,,,804,,1,0,0,
ronde-van-vlaanderen/2014/result,Ronde van Vlaanderen / Tour des Flandres ME,275,,259100,2095,2,816,,0,0,0,0.008085681204168275
giro-d-italia/1991/stage-17,Giro d'Italia,80,,169000,,,908,,1,0,0,
giro-d-italia/2002/stage-15,Giro d'Italia,80,,156000,540,2,920,,1,0,0,0.0034615384615384616
tour-de-suisse/2011/stage-5,Tour de Suisse,50,6,204200,,,972,,1,0,0,
tour-de-suisse/1995/stage-7,Tour de Suisse,50,,191900,,,764,,1,0,0,
vuelta-a-espana/2022/stage-20,La Vuelta ciclista a España,80,100,181000,3977,4,968,26,1,0,0,0.021972375690607737
vuelta-a-espana/2009/stage-13,Vuelta a España,80,,172400,4763,5,1220,,1,0,0,0.027627610208816704
giro-d-italia/1991/stage-4,Giro d'Italia,80,,170000,,,908,,1,0,0,
paris-nice/1989/stage-6,Paris - Nice,50,,190000,,,794,,1,0,0,
omloop-het-nieuwsblad/2001/result,Omloop Het Volk,125,,200000,,2,783,,0,0,0,
gp-montreal/2011/result,Grand Prix Cycliste de Montréal,225,,205700,,2,735,,0,0,0,
paris-nice/2023/stage-7,Paris - Nice,50,60,142900,3554,5,981,17,1,0,0,0.024870538838348496
giro-d-italia/2000/stage-5,Giro d'Italia,80,,232000,1999,3,866,,1,0,0,0.008616379310344828
vuelta-a-espana/1987/stage-22,Vuelta a España,80,,173000,2000,,838,,1,0,0,0.011560693641618497
liege-bastogne-liege/2003/result,Liège - Bastogne - Liège,275,,258000,,,1201,,0,0,0,
vuelta-a-espana/1984/stage-7,Vuelta a España,80,,184000,,,747,,1,0,0,
giro-d-italia/1993/stage-1b,Giro d'Italia,80,,9000,,,1089,,1,0,0,
giro-d-italia/2000/stage-21,Giro d'Italia,80,,198000,267,1,866,,1,0,0,0.0013484848484848484
paris-nice/2010/stage-5,Paris - Nice,30,,157000,,2,1192,,1,0,0,
tour-de-suisse/1978/stage-5,Tour de Suisse,50,,188500,,,691,,1,0,0,
tour-de-france/2018/stage-15,Tour de France,100,120,181000,2917,4,1689,,1,0,0,0.016116022099447513
paris-nice/1990/stage-7a,Paris - Nice,50,,102000,,,995,,1,0,0,
vuelta-a-espana/2000/stage-10,Vuelta a España,80,,165800,3321,,981,,1,0,0,0.02003015681544029
tour-de-france/1980/stage-16,Tour de France,100,,207500,3500,5,1224,,1,0,0,0.016867469879518072
giro-d-italia/2006/stage-7,Giro d'Italia,80,,171000,2227,5,997,,1,0,0,0.013023391812865498
giro-d-italia/2007/stage-7,Giro d'Italia,80,,254000,2047,2,844,,1,0,0,0.008059055118110236
vuelta-a-espana/2000/stage-4,Vuelta a España,80,,159000,596,,981,,1,0,0,0.0037484276729559747
tour-de-suisse/1993/stage-2,Tour de Suisse,50,,181000,,,655,,1,0,0,
vuelta-a-espana/1986/stage-14,Vuelta a España,80,,165000,2411,,843,,1,0,0,0.014612121212121212
tour-de-france/2023/stage-11,Tour de France,100,210,179300,1873,2,1584,23,1,0,0,0.010446179587283881
vuelta-a-espana/2022/stage-5,La Vuelta ciclista a España,80,100,187200,2978,2,968,29,1,0,0,0.015908119658119658
dauphine/1995/prologue,Critérium du Dauphiné Libéré,50,,6700,,,479,,1,0,0,
ronde-van-vlaanderen/1982/result,Ronde van Vlaanderen / Tour des Flandres,275,,267000,,,586,,0,0,0,
volta-a-catalunya/1984/stage-3,Volta Ciclista a Catalunya,50,,186000,,,319,,1,0,0,
tour-de-france/2021/stage-4,Tour de France,100,120,150400,1404,1,1646,,1,0,0,0.009335106382978723
vuelta-a-espana/1989/stage-17,Vuelta a España,80,,228000,4000,,803,,1,0,0,0.017543859649122806
tour-de-france/2009/stage-15,Tour de France,100,,207500,3659,5,1557,,1,0,0,0.017633734939759036
tirreno-adriatico/1998/stage-6,Tirreno-Adriatico,50,,167000,,,769,,1,0,0,
amstel-gold-race/1992/result,Amstel Gold Race,225,,247500,,,959,,0,0,0,
tour-de-france/2011/stage-19,Tour de France,100,20,109500,3571,5,1713,,1,0,0,0.03261187214611872
vuelta-a-espana/2008/stage-12,Vuelta a España,80,,186400,2900,2,1101,,1,0,0,0.01555793991416309
itzulia-basque-country/1991/stage-5b,Vuelta Ciclista al País Vasco,50,,7200,,,546,,1,0,0,
dauphine/1977/stage-5,Critérium du Dauphiné Libéré,50,,214000,,,809,,1,0,0,
volta-a-catalunya/2007/stage-6,Volta Ciclista a Catalunya,50,,177100,,2,816,,1,0,0,
world-championship/1992/result,World Championships - Road Race,350,,261600,,,1603,,0,0,0,
paris-nice/2004/stage-1,Paris - Nice,50,,13200,,,989,,1,0,0,
giro-d-italia/2004/stage-11,Giro d'Italia,80,,228000,2401,2,621,,1,0,0,0.010530701754385965
volta-a-catalunya/2008/stage-4,Volta Ciclista a Catalunya,50,,163500,,2,616,,1,0,0,
paris-nice/2021/stage-6,Paris - Nice,50,60,202400,3181,3,1044,,1,0,0,0.015716403162055335
tour-de-suisse/1980/stage-5,Tour de Suisse,50,,23500,,,477,,1,0,0,
vuelta-a-espana/1994/stage-21,Vuelta a España,80,,165700,1455,,791,,1,0,0,0.008780929390464695
tour-de-france/1987/stage-9,Tour de France,100,,260000,1675,1,1812,,1,0,0,0.0064423076923076925
volta-a-catalunya/1997/stage-1a,Volta Ciclista a Catalunya,50,,72000,,,419,,1,0,0,
dauphine/2018/stage-7,Critérium du Dauphiné,50,60,136000,4222,5,762,,1,0,0,0.031044117647058823
vuelta-a-espana/1987/stage-14,Vuelta a España,80,,152000,2463,,838,,1,0,0,0.016203947368421054
tour-de-romandie/1984/stage-5b,Tour de Romandie,50,,26100,,,491,,1,0,0,
volta-a-catalunya/2005/stage-6,Volta Ciclista a Catalunya,50,,198700,,,850,,1,0,0,
tour-de-romandie/1987/stage-2,Tour de Romandie,50,,185400,,,251,,1,0,0,
tour-de-france/2004/stage-20,Tour de France,100,,163000,1453,1,1555,,1,0,0,0.008914110429447853
giro-d-italia/2006/stage-1,Giro d'Italia,80,,197000,1364,1,997,,1,0,0,0.006923857868020304
world-championship/1998/result,World Championships - Road Race,350,,258000,2355,,1133,,0,0,0,0.009127906976744185
dauphine/1993/stage-5,Critérium du Dauphiné Libéré,50,,192000,,,386,,1,0,0,
tour-de-france/2014/stage-12,Tour de France,100,20,185500,2530,2,1612,,1,0,0,0.013638814016172507
giro-d-italia/2009/stage-9,Giro d'Italia,80,,155000,195,1,975,,1,0,0,0.0012580645161290322
vuelta-a-espana/2001/stage-10,Vuelta a España,80,,168400,3669,5,971,,1,0,0,0.021787410926365797
vuelta-a-espana/1988/stage-14,Vuelta a España,80,,190300,4500,,828,,1,0,0,0.023646873357856018
giro-d-italia/1998/stage-15,Giro d'Italia,80,,40000,,,923,,1,0,0,
il-lombardia/1997/result,Giro di Lombardia,275,,250000,,,636,,0,0,0,
tour-de-france/2023/stage-15,Tour de France,100,210,179000,4483,5,1584,25,1,0,0,0.025044692737430166
tour-de-france/2004/stage-19,Tour de France,70,,55000,1042,3,1555,,1,0,0,0.018945454545454547
tour-de-suisse/1995/stage-5,Tour de Suisse,50,,21600,,,764,,1,0,0,
strade-bianche/2011/result,Montepaschi Strade Bianche - Eroica Toscana,75,,190000,2933,3,590,,0,0,0,0.015436842105263159
paris-nice/1993/stage-7b,Paris - Nice,50,,12500,,,1182,,1,0,0,
giro-d-italia/2008/stage-9,Giro d'Italia,80,,218000,1146,2,1058,,1,0,0,0.0052568807339449545
vuelta-a-espana/1986/stage-2,Vuelta a España,80,,182000,2500,,843,,1,0,0,0.013736263736263736
tour-de-france/2007/stage-11,Tour de France,100,,182500,854,1,1612,,1,0,0,0.00467945205479452
giro-d-italia/2001/stage-8,Giro d'Italia,80,,185000,4026,4,920,,1,0,0,0.021762162162162164
paris-nice/2015/stage-3,Paris - Nice,50,6,179000,2085,1,1225,,1,0,0,0.01164804469273743
vuelta-a-espana/1989/stage-4,Vuelta a España,80,,160500,3000,,803,,1,0,0,0.018691588785046728
giro-d-italia/2003/stage-6,Giro d'Italia,80,,218000,2289,2,734,,1,0,0,0.0105
tour-de-france/1995/stage-20,Tour de France,100,,150000,1878,1,1871,,1,0,0,0.01252
volta-a-catalunya/2009/stage-6,Volta Ciclista a Catalunya,50,,150500,,1,668,,1,0,0,
tirreno-adriatico/2017/stage-2,Tirreno-Adriatico,50,60,229000,2370,3,1036,,1,0,0,0.010349344978165939
il-lombardia/1981/result,Giro di Lombardia,275,,259000,,,388,,0,0,0,
tour-de-romandie/1991/stage-5b,Tour de Romandie,50,,19400,,,521,,1,0,0,
amstel-gold-race/1988/result,Amstel Gold Race,225,,242000,,,829,,0,0,0,
paris-nice/2008/stage-1,Paris - Nice,30,,93500,,,775,,1,0,0,
amstel-gold-race/1982/result,Amstel Gold Race,225,,237000,,,513,,0,0,0,
giro-d-italia/2013/stage-21,Giro d'Italia,80,16,197000,671,1,930,,1,0,0,0.0034060913705583756
tour-de-france/1993/stage-7,Tour de France,100,,199000,2203,1,1804,,1,0,0,0.01107035175879397
vuelta-a-espana/2015/stage-2,Vuelta a España,80,16,158700,2597,3,1115,,1,0,0,0.016364209199747952
giro-d-italia/2003/stage-8,Giro d'Italia,80,,214000,1765,2,734,,1,0,0,0.00824766355140187
paris-nice/2018/stage-5,Paris - Nice,50,60,163500,2611,4,936,,1,0,0,0.015969418960244647
tirreno-adriatico/2006/stage-5,Tirreno-Adriatico,50,,20000,,1,1210,,1,0,0,
liege-bastogne-liege/2008/result,Liège - Bastogne - Liège,275,,261000,,,1158,,0,0,0,
e3-harelbeke/1992/result,E3-Prijs Harelbeke,125,,205000,,,376,,0,0,0,
tour-de-suisse/1983/stage-9,Tour de Suisse,50,,181000,,,809,,1,0,0,
tirreno-adriatico/2006/stage-7,Tirreno-Adriatico,50,,166000,,1,1210,,1,0,0,
volta-a-catalunya/2014/stage-2,Volta Ciclista a Catalunya,50,6,171200,1583,2,896,,1,0,0,0.009246495327102804
tour-de-suisse/1980/stage-2,Tour de Suisse,50,,191000,,,477,,1,0,0,
tour-de-romandie/2007/stage-2,Tour de Romandie,50,,166900,,,674,,1,0,0,
paris-nice/2005/stage-6,Paris - Nice,50,,184000,,2,1091,,1,0,0,
giro-d-italia/2014/stage-6,Giro d'Italia,80,16,257000,1997,3,892,,1,0,0,0.007770428015564202
tirreno-adriatico/2022/stage-6,Tirreno-Adriatico,50,60,215000,3817,5,1059,,1,0,0,0.017753488372093024
tirreno-adriatico/2002/stage-3,Tirreno-Adriatico,50,,180000,,,1056,,1,0,0,
il-lombardia/2008/result,Giro di Lombardia,275,,242000,3789,2,693,,0,0,0,0.01565702479338843
vuelta-a-espana/2014/stage-20,Vuelta a España,80,16,185700,4447,5,1175,,1,0,0,0.023947226709746902
tour-de-france/2009/stage-9,Tour de France,100,,160500,2915,4,1557,,1,0,0,0.018161993769470405
tirreno-adriatico/2011/stage-7,Tirreno-Adriatico,50,6,9300,8,1,1216,,1,0,0,0.0008602150537634409
tour-de-suisse/1979/stage-6,Tour de Suisse,50,,254000,,,538,,1,0,0,
vuelta-a-espana/1992/stage-21,Vuelta a España,80,,175000,1663,,1033,,1,0,0,0.009502857142857143
tour-de-suisse/2019/stage-6,Tour de Suisse,50,60,120200,1901,5,802,,1,0,0,0.0158153078202995
vuelta-a-espana/2003/stage-20,Vuelta a España,80,,11200,617,5,935,,1,0,0,0.055089285714285716
tour-de-france/2017/stage-3,Tour de France,100,120,212500,2706,1,1791,,1,0,0,0.012734117647058823
liege-bastogne-liege/2015/result,Liège - Bastogne - Liège,275,,253000,4106,3,1163,,0,0,0,0.016229249011857707
paris-nice/2017/stage-6,Paris - Nice,50,60,193500,3263,4,1158,,1,0,0,0.016863049095607235
paris-nice/1993/stage-5,Paris - Nice,50,,192000,,,1182,,1,0,0,
tour-de-france/2008/stage-5,Tour de France,100,,232000,1299,1,1520,,1,0,0,0.005599137931034483
giro-d-italia/2023/stage-10,Giro d'Italia,80,180,196000,3020,2,835,11,1,0,0,0.015408163265306122
paris-nice/2007/stage-1,Paris - Nice,50,,186000,,1,823,,1,0,0,
tour-de-suisse/1984/stage-9,Tour de Suisse,50,,208500,,,646,,1,0,0,
vuelta-a-espana/1980/stage-5,Vuelta a España,80,,200000,,,520,,1,0,0,
tour-de-romandie/1992/stage-6,Tour de Romandie,50,,171000,,,343,,1,0,0,
gp-quebec/2014/result,Grand Prix Cycliste de Québec,225,80,199100,,3,719,,0,0,0,
vuelta-a-espana/2016/stage-2,Vuelta a España,80,100,160800,2168,2,821,,1,0,0,0.013482587064676617
itzulia-basque-country/2004/stage-4,Vuelta al País Vasco,50,,182000,,,1020,,1,0,0,
vuelta-a-espana/2016/stage-12,Vuelta a España,80,100,193200,2996,2,821,,1,0,0,0.015507246376811595
vuelta-a-espana/1997/stage-22,Vuelta a España,80,,154000,1159,,1165,,1,0,0,0.007525974025974026
tour-de-romandie/2002/stage-4,Tour de Romandie,50,,86000,,,535,,1,0,0,
vuelta-a-espana/2001/stage-4,Vuelta a España,80,,175000,1942,2,971,,1,0,0,0.011097142857142858
tirreno-adriatico/1998/stage-2,Tirreno-Adriatico,50,,164000,,,769,,1,0,0,
dauphine/1984/stage-6,Critérium du Dauphiné Libéré,50,,178500,,,529,,1,0,0,
milano-sanremo/2001/result,Milano-Sanremo,275,,287000,,,1331,,0,0,0,
giro-d-italia/1998/stage-18,Giro d'Italia,80,,115000,,,923,,1,0,0,
vuelta-a-espana/1995/stage-3,Vuelta a España,80,,206000,2722,,883,,1,0,0,0.013213592233009708
tour-de-france/2014/stage-9,Tour de France,100,20,170000,3373,4,1612,,1,0,0,0.019841176470588234
paris-nice/1998/stage-7,Paris - Nice,50,,161400,,,960,,1,0,0,
vuelta-a-espana/2021/stage-4,La Vuelta ciclista a España,80,100,163900,1534,3,1023,,1,0,0,0.009359365466748017
giro-d-italia/2017/stage-1,Giro d'Italia,80,100,206000,2176,2,881,,1,0,0,0.010563106796116505
tour-de-romandie/2006/stage-2,Tour de Romandie,50,,171200,,,772,,1,0,0,
giro-d-italia/2013/stage-10,Giro d'Italia,80,16,167000,3678,5,930,,1,0,0,0.022023952095808385
vuelta-a-espana/1993/stage-8,Vuelta a España,80,,225100,544,,819,,1,0,0,0.002416703687250111
dauphine/1979/prologue,Critérium du Dauphiné Libéré,50,,3600,,,634,,1,0,0,
giro-d-italia/1997/stage-20,Giro d'Italia,80,,176000,,,792,,1,0,0,
vuelta-a-espana/2004/stage-21,Vuelta a España,80,,28200,318,1,1177,,1,0,0,0.01127659574468085
vuelta-a-espana/1997/stage-13,Vuelta a España,80,,196000,3887,,1165,,1,0,0,0.019831632653061225
e3-harelbeke/2009/result,E3 Prijs Vlaanderen,125,,203000,,2,556,,0,0,0,
tour-de-france/1985/stage-4,Tour de France,100,,239500,3047,1,1470,,1,0,0,0.012722338204592901
amstel-gold-race/2021/result,Amstel Gold Race,225,500,218600,2893,2,1089,,0,0,0,0.013234217749313815
paris-nice/1992/stage-7a,Paris - Nice,50,,105000,,,877,,1,0,0,
dauphine/2020/stage-3,Critérium du Dauphiné,50,60,157000,3472,5,1243,,1,0,0,0.022114649681528663
giro-d-italia/1990/stage-6,Giro d'Italia,80,,200000,,,1061,,1,0,0,
tour-de-france/1996/prologue,Tour de France,100,,9400,84,1,1872,,1,0,0,0.008936170212765958
giro-d-italia/2005/stage-9,Giro d'Italia,80,,139000,1354,2,929,,1,0,0,0.009741007194244604
tour-de-france/1978/stage-7,Tour de France,100,,242000,1980,1,1241,,1,0,0,0.008181818181818182
vuelta-a-espana/1986/stage-17,Vuelta a España,80,,172000,4979,,843,,1,0,0,0.02894767441860465
giro-d-italia/1994/stage-1a,Giro d'Italia,80,,86000,212,,1292,,1,0,0,0.0024651162790697676
san-sebastian/2012/result,Clasica Ciclista San Sebastian,225,,234000,3514,2,854,,0,0,0,0.015017094017094017
vuelta-a-espana/2006/stage-6,Vuelta a España,80,,177000,732,1,1026,,1,0,0,0.004135593220338983
tour-de-romandie/2022/stage-3,Tour de Romandie,50,60,165100,2441,2,508,19,1,0,0,0.014784978800726833
vuelta-a-espana/1998/stage-14,Vuelta a España,80,,145500,731,,1309,,1,0,0,0.00502405498281787
tirreno-adriatico/1994/stage-5,Tirreno-Adriatico,50,,191000,,,727,,1,0,0,
tour-de-france/1988/stage-10,Tour de France,100,,149500,2322,2,1941,,1,0,0,0.015531772575250836
tour-de-romandie/2005/stage-5,Tour de Romandie,50,,20400,,,799,,1,0,0,
dauphine/2019/stage-2,Critérium du Dauphiné,50,60,180000,3127,2,973,,1,0,0,0.017372222222222223
tour-de-france/2022/stage-7,Tour de France,100,120,176300,2526,5,1551,22,1,0,0,0.014327850255246738
tour-de-france/2013/stage-15,Tour de France,100,20,242500,4146,5,1690,,1,0,0,0.017096907216494844
paris-nice/2010/stage-6,Paris - Nice,30,6,220000,,2,1192,,1,0,0,
paris-nice/2020/stage-3,Paris - Nice,50,60,212500,1787,1,1082,,1,0,0,0.008409411764705882
tour-de-france/1992/stage-17,Tour de France,100,,189000,2500,2,2047,,1,0,0,0.013227513227513227
paris-nice/1984/stage-5,Paris - Nice,50,,174500,,,778,,1,0,0,
giro-d-italia/2023/stage-9,Giro d'Italia,80,180,35000,84,1,835,14,1,0,0,0.0024
tirreno-adriatico/1994/stage-7,Tirreno-Adriatico,50,,167000,,,727,,1,0,0,
giro-d-italia/2004/stage-16,Giro d'Italia,80,,217000,4914,2,621,,1,0,0,0.02264516129032258
vuelta-a-espana/1999/stage-21,Vuelta a España,80,,163000,944,,1342,,1,0,0,0.0057914110429447855
giro-d-italia/2014/stage-9,Giro d'Italia,80,16,172000,2409,5,892,,1,0,0,0.014005813953488372
paris-nice/1991/stage-6,Paris - Nice,50,,178000,,,832,,1,0,0,
vuelta-a-espana/1993/stage-13,Vuelta a España,80,,37100,103,,819,,1,0,0,0.0027762803234501346
tour-de-suisse/1986/stage-4,Tour de Suisse,50,,256000,,,835,,1,0,0,
giro-d-italia/2017/stage-12,Giro d'Italia,80,100,229000,2407,2,881,,1,0,0,0.010510917030567685
tour-de-france/2019/stage-18,Tour de France,100,120,208000,5215,4,1699,,1,0,0,0.025072115384615384
paris-nice/2020/stage-7,Paris - Nice,50,60,166500,3969,5,1082,,1,0,0,0.023837837837837838
tour-de-romandie/2002/stage-5,Tour de Romandie,50,,18300,,,535,,1,0,0,
tour-de-france/2002/stage-3,Tour de France,100,,174500,1351,1,1489,,1,0,0,0.007742120343839542
vuelta-a-espana/1987/stage-17,Vuelta a España,80,,221000,2059,,838,,1,0,0,0.009316742081447964
giro-d-italia/1992/stage-2,Giro d'Italia,80,,174000,,,953,,1,0,0,
giro-d-italia/1998/stage-12,Giro d'Italia,80,,202000,,,923,,1,0,0,
vuelta-a-espana/2018/stage-1,La Vuelta ciclista a España,80,100,8000,66,1,1036,,1,0,0,0.00825
volta-a-catalunya/1970/stage-7a,Volta Ciclista a Catalunya,50,,159100,,,570,,1,0,0,
paris-nice/1975/stage-1,Paris - Nice,50,,238000,,,951,,1,0,0,
vuelta-a-espana/1998/stage-22,Vuelta a España,80,,163000,944,,1309,,1,0,0,0.0057914110429447855
tour-de-france/2021/stage-7,Tour de France,100,120,249100,3120,2,1646,,1,0,0,0.012525090325170614
world-championship/2014/result,World Championships ME - Road Race,350,,254800,4520,2,1535,,0,0,0,0.017739403453689167
tirreno-adriatico/1992/stage-2,Tirreno-Adriatico,50,,191000,,,638,,1,0,0,
tour-de-france/2022/stage-14,Tour de France,100,120,192500,3441,2,1551,27,1,0,0,0.017875324675324676
itzulia-basque-country/2011/stage-6,Vuelta Ciclista al País Vasco,50,6,24000,561,,935,,1,0,0,0.023375
vuelta-a-espana/1980/stage-3,Vuelta a España,80,,207000,,,520,,1,0,0,
vuelta-a-espana/1996/stage-5,Vuelta a España,80,,208000,1247,,988,,1,0,0,0.005995192307692307
tour-de-romandie/2014/stage-5,Tour de Romandie,50,6,18500,231,2,847,,1,0,0,0.012486486486486486
dauphine/2021/stage-7,Critérium du Dauphiné,50,60,171100,4163,5,790,,1,0,0,0.024330800701344243
vuelta-a-espana/2000/stage-5,Vuelta a España,80,,152000,1113,,981,,1,0,0,0.007322368421052631
giro-d-italia/2007/stage-12,Giro d'Italia,80,,163000,3864,4,844,,1,0,0,0.02370552147239264
tour-de-france/1988/stage-17,Tour de France,100,,210000,1155,1,1941,,1,0,0,0.0055
volta-a-catalunya/1970/stage-2,Volta Ciclista a Catalunya,50,,173700,,,570,,1,0,0,
vuelta-a-espana/2016/stage-3,Vuelta a España,80,100,176400,2983,3,821,,1,0,0,0.016910430839002268
giro-d-italia/1991/stage-16,Giro d'Italia,80,,220000,,,908,,1,0,0,
paris-roubaix/1989/result,Paris - Roubaix,275,,265000,,,454,,0,0,0,
tour-de-france/2018/stage-19,Tour de France,100,120,200500,5046,4,1689,,1,0,0,0.02516708229426434
tour-de-france/1985/stage-5,Tour de France,100,,224000,1898,1,1470,,1,0,0,0.008473214285714285
tirreno-adriatico/1984/stage-6,Tirreno-Adriatico,50,,12500,,,541,,1,0,0,
dwars-door-vlaanderen/2005/result,Dwars door Vlaanderen,75,,202000,,2,335,,0,0,0,
amstel-gold-race/1991/result,Amstel Gold Race,225,,244000,,,1254,,0,0,0,
giro-d-italia/1995/stage-20,Giro d'Italia,80,,208000,,,1365,,1,0,0,
vuelta-a-espana/1986/stage-1,Vuelta a España,80,,190000,2407,,843,,1,0,0,0.012668421052631579
giro-d-italia/1993/stage-15,Giro d'Italia,80,,263000,,,1089,,1,0,0,
giro-d-italia/1997/stage-10,Giro d'Italia,80,,189000,,,792,,1,0,0,
tour-de-france/2011/stage-4,Tour de France,100,20,172500,2250,3,1713,,1,0,0,0.013043478260869565
tirreno-adriatico/1991/stage-8,Tirreno-Adriatico,50,,18300,,,710,,1,0,0,
tour-de-france/2023/stage-1,Tour de France,100,210,182000,3221,3,1584,23,1,0,0,0.017697802197802197
giro-d-italia/2000/prologue,Giro d'Italia,80,,4600,26,1,866,,1,0,0,0.005652173913043478
dauphine/2008/stage-2,Critérium du Dauphiné Libéré,50,,194000,,,644,,1,0,0,
vuelta-a-espana/2021/stage-12,La Vuelta ciclista a España,80,100,175000,2018,2,1023,35,1,0,0,0.011531428571428571
giro-d-italia/2011/stage-14,Giro d'Italia,80,16,172000,4170,5,891,,1,0,0,0.02424418604651163
amstel-gold-race/1989/result,Amstel Gold Race,225,,242000,,,1061,,0,0,0,
tour-de-suisse/2014/stage-2,Tour de Suisse,50,,181800,4008,4,944,,1,0,0,0.022046204620462046
tour-de-france/2012/stage-10,Tour de France,100,20,194500,3350,4,1703,,1,0,0,0.017223650385604115
tour-de-france/1992/stage-9,Tour de France,100,,65000,880,2,2047,,1,0,0,0.01353846153846154
tour-de-suisse/2006/stage-3,Tour de Suisse,50,,189500,,,972,,1,0,0,
vuelta-a-espana/1990/stage-18,Vuelta a España,80,,178000,4000,,807,,1,0,0,0.02247191011235955
tour-de-romandie/2021/stage-1,Tour de Romandie,50,60,168100,1981,2,560,,1,0,0,0.011784651992861392
tour-de-france/1978/stage-1b,Tour de France,100,,100000,398,1,1241,,1,0,0,0.00398
e3-harelbeke/1974/result,E3-Prijs Harelbeke,125,,226000,,,433,,0,0,0,
vuelta-a-espana/2004/stage-9,Vuelta a España,80,,162000,3954,5,1177,,1,0,0,0.02440740740740741
paris-nice/2022/stage-2,Paris - Nice,50,60,159200,707,1,1182,,1,0,0,0.004440954773869347
giro-d-italia/2018/stage-5,Giro d'Italia,80,100,153000,2237,3,838,,1,0,0,0.014620915032679739
tirreno-adriatico/1998/stage-3,Tirreno-Adriatico,50,,167000,,,769,,1,0,0,
vuelta-a-espana/2006/stage-13,Vuelta a España,80,,180000,2541,2,1026,,1,0,0,0.014116666666666666
e3-harelbeke/1982/result,E3-Prijs Harelbeke,125,,223000,,,328,,0,0,0,
dauphine/1984/stage-4,Critérium du Dauphiné Libéré,50,,192000,,,529,,1,0,0,
tirreno-adriatico/2017/stage-6,Tirreno-Adriatico,50,60,168000,2063,2,1036,,1,0,0,0.012279761904761904
tour-de-france/1991/stage-11,Tour de France,100,,246000,2402,1,1933,,1,0,0,0.009764227642276423
tour-de-suisse/2011/stage-4,Tour de Suisse,50,6,198400,,,972,,1,0,0,
giro-d-italia/1990/stage-1,Giro d'Italia,80,,13000,,,1061,,1,0,0,
paris-nice/1992/stage-1,Paris - Nice,50,,180000,,,877,,1,0,0,
giro-d-italia/1992/prologue,Giro d'Italia,80,,8000,70,,953,,1,0,0,0.00875
volta-a-catalunya/2010/stage-3,Volta Ciclista a Catalunya,50,6,185900,,,722,,1,0,0,
tirreno-adriatico/2006/stage-6,Tirreno-Adriatico,30,,182000,,2,1210,,1,0,0,
e3-harelbeke/1979/result,E3-Prijs Harelbeke,125,,226000,,,434,,0,0,0,
giro-d-italia/1993/stage-6,Giro d'Italia,80,,130000,,,1089,,1,0,0,
tour-de-france/1981/stage-3,Tour de France,100,,232000,1568,1,1362,,1,0,0,0.006758620689655172
giro-d-italia/2005/stage-14,Giro d'Italia,80,,210000,5889,4,929,,1,0,0,0.028042857142857144
tour-de-romandie/1983/prologue,Tour de Romandie,50,,6900,,,478,,1,0,0,
giro-d-italia/2018/stage-9,Giro d'Italia,80,100,225000,4034,5,838,,1,0,0,0.01792888888888889
giro-d-italia/2009/stage-2,Giro d'Italia,80,,156000,646,1,975,,1,0,0,0.004141025641025641
milano-sanremo/1998/result,Milano-Sanremo,275,,294000,,,1608,,0,0,0,
e3-harelbeke/1994/result,E3-Prijs Harelbeke,125,,206000,,,505,,0,0,0,
vuelta-a-espana/2022/stage-4,La Vuelta ciclista a España,80,100,152500,2319,3,968,28,1,0,0,0.01520655737704918
tour-de-suisse/1989/stage-8,Tour de Suisse,50,,200000,,,604,,1,0,0,
giro-d-italia/1999/stage-11,Giro d'Italia,80,,125000,,,1057,,1,0,0,
tour-de-france/1993/stage-18,Tour de France,100,,199500,1215,1,1804,,1,0,0,0.006090225563909774
tour-de-france/2022/stage-17,Tour de France,100,120,129700,3364,5,1551,23,1,0,0,0.025936777178103314
vuelta-a-espana/1998/stage-19,Vuelta a España,80,,170400,2417,,1309,,1,0,0,0.014184272300469484
vuelta-a-espana/1997/stage-12,Vuelta a España,80,,147000,2454,,1165,,1,0,0,0.01669387755102041
paris-nice/2011/stage-1,Paris - Nice,50,6,154500,1212,1,1038,,1,0,0,0.007844660194174758
giro-d-italia/1999/stage-18,Giro d'Italia,80,,45000,,,1057,,1,0,0,
tour-de-france/1995/stage-6,Tour de France,100,,191000,1310,1,1871,,1,0,0,0.006858638743455497
giro-d-italia/1998/stage-20,Giro d'Italia,80,,143000,,,923,,1,0,0,
giro-d-italia/1997/stage-15,Giro d'Italia,80,,173000,,,792,,1,0,0,
tour-de-france/2008/stage-17,Tour de France,100,,210500,5405,5,1520,,1,0,0,0.025676959619952495
world-championship/2004/result,World Championships ME - Road Race,350,,265500,4005,,1247,,0,0,0,0.015084745762711864
tour-de-france/2023/stage-10,Tour de France,100,210,167200,3151,2,1584,30,1,0,0,0.018845693779904304
tour-de-france/2016/stage-18,Tour de France,100,120,17000,676,5,1758,,1,0,0,0.03976470588235294
dwars-door-vlaanderen/1979/result,Dwars door België / À travers la Belgique,75,,198000,,,228,,0,0,0,
tour-de-romandie/1997/stage-4,Tour de Romandie,50,,149400,,,922,,1,0,0,
paris-nice/1982/stage-2,Paris - Nice,50,,214500,,,721,,1,0,0,
tirreno-adriatico/1999/stage-7,Tirreno-Adriatico,50,,160000,,,1150,,1,0,0,
vuelta-a-espana/1984/stage-3,Vuelta a España,80,,204000,,,747,,1,0,0,
tour-de-romandie/1993/stage-4b,Tour de Romandie,50,,14500,,,551,,1,0,0,
tour-de-france/2014/stage-2,Tour de France,100,20,201000,3347,2,1612,,1,0,0,0.01665174129353234
tour-de-france/2015/stage-7,Tour de France,100,20,190500,1694,1,1812,,1,0,0,0.00889238845144357
vuelta-a-espana/2004/stage-4,Vuelta a España,80,,167000,797,1,1177,,1,0,0,0.00477245508982036
tour-de-suisse/2022/stage-5,Tour de Suisse,50,60,190100,2610,3,767,31,1,0,0,0.013729615991583377
vuelta-a-espana/2015/stage-9,Vuelta a España,80,16,168300,2044,3,1115,,1,0,0,0.012144979203802734
vuelta-a-espana/2015/stage-8,Vuelta a España,80,16,182500,1386,2,1115,,1,0,0,0.007594520547945205
itzulia-basque-country/2021/stage-3,Itzulia Basque Country,50,50,167700,2591,3,936,,1,0,0,0.015450208706022659
tour-de-france/2016/stage-11,Tour de France,100,120,162500,1381,2,1758,,1,0,0,0.008498461538461538
world-championship/1981/result,World Championships - Road Race,350,,281400,,,1485,,0,0,0,
paris-nice/1997/prologue,Paris - Nice,50,,7100,,,779,,1,0,0,
tour-de-suisse/2004/stage-2,Tour de Suisse,50,,169900,,,676,,1,0,0,
paris-nice/1994/stage-6,Paris - Nice,50,,195000,,,900,,1,0,0,
tirreno-adriatico/2006/stage-3,Tirreno-Adriatico,50,,183000,,3,1210,,1,0,0,
volta-a-catalunya/2018/stage-5,Volta Ciclista a Catalunya,50,50,212900,3681,4,659,,1,0,0,0.017289807421324566
tour-de-france/2011/stage-20,Tour de France,100,20,42500,709,2,1713,,1,0,0,0.01668235294117647
tour-de-france/1986/stage-21,Tour de France,100,,190000,4219,5,1872,,1,0,0,0.02220526315789474
itzulia-basque-country/2017/stage-5,Vuelta al País Vasco,50,50,139800,2769,5,811,,1,0,0,0.0198068669527897
tour-de-france/2005/stage-9,Tour de France,100,,171000,2805,4,1535,,1,0,0,0.016403508771929826
giro-d-italia/1995/stage-14,Giro d'Italia,80,,233000,,,1365,,1,0,0,
milano-sanremo/2016/result,Milano-Sanremo,275,500,293000,2233,2,1080,,0,0,0,0.007621160409556314
tirreno-adriatico/1999/stage-2,Tirreno-Adriatico,50,,178000,,,1150,,1,0,0,
giro-d-italia/1998/stage-7,Giro d'Italia,80,,235000,,,923,,1,0,0,
vuelta-a-espana/2021/stage-1,La Vuelta ciclista a España,80,100,7100,87,2,1023,,1,0,0,0.012253521126760564
vuelta-a-espana/1998/stage-20,Vuelta a España,80,,209000,3963,,1309,,1,0,0,0.018961722488038277
vuelta-a-espana/2007/stage-6,Vuelta a España,80,,184300,1570,1,995,,1,0,0,0.008518719479110147
giro-d-italia/2016/stage-20,Giro d'Italia,80,100,134000,4500,5,933,,1,0,0,0.033582089552238806
vuelta-a-espana/2002/stage-9,Vuelta a España,80,,130200,1330,2,1084,,1,0,0,0.01021505376344086
dauphine/1992/stage-6,Critérium du Dauphiné Libéré,50,,204000,,,492,,1,0,0,
e3-harelbeke/1988/result,E3-Prijs Harelbeke,125,,231000,,,262,,0,0,0,
giro-d-italia/2009/stage-15,Giro d'Italia,80,,159000,3104,2,975,,1,0,0,0.01952201257861635
tour-de-suisse/1992/stage-5,Tour de Suisse,50,,237000,,,533,,1,0,0,
vuelta-a-espana/2014/stage-2,Vuelta a España,80,16,174400,1308,1,1175,,1,0,0,0.0075
giro-d-italia/1995/stage-7,Giro d'Italia,80,,216000,,,1365,,1,0,0,
giro-d-italia/1998/stage-11,Giro d'Italia,80,,214000,,,923,,1,0,0,
tour-de-france/2017/stage-16,Tour de France,100,120,165000,2033,1,1791,,1,0,0,0.012321212121212122
milano-sanremo/2003/result,Milano-Sanremo,275,,297000,,,1216,,0,0,0,
tour-de-france/2003/stage-8,Tour de France,100,,219000,5500,5,1688,,1,0,0,0.02511415525114155
tour-de-france/1997/stage-11,Tour de France,100,,192000,3000,2,1994,,1,0,0,0.015625
ronde-van-vlaanderen/1993/result,Ronde van Vlaanderen / Tour des Flandres,275,,263000,,,918,,0,0,0,
tour-de-france/1985/stage-15,Tour de France,100,,237500,4000,4,1470,,1,0,0,0.016842105263157894
dauphine/2008/stage-7,Critérium du Dauphiné Libéré,50,,233000,,,644,,1,0,0,
volta-a-catalunya/1997/stage-8,Volta Ciclista a Catalunya,50,,186600,,,419,,1,0,0,
tour-de-suisse/1985/stage-1,Tour de Suisse,50,,6500,,,699,,1,0,0,
giro-d-italia/2005/stage-15,Giro d'Italia,80,,154000,950,1,929,,1,0,0,0.006168831168831169
tirreno-adriatico/2012/stage-6,Tirreno-Adriatico,50,6,181000,3273,3,1188,,1,0,0,0.018082872928176796
vuelta-a-espana/2010/stage-14,Vuelta a España,80,16,178800,3248,5,1123,,1,0,0,0.018165548098434004
dauphine/1975/stage-5,Critérium du Dauphiné Libéré,50,,216000,,,889,,1,0,0,
dwars-door-vlaanderen/1995/result,Dwars door België / À travers la Belgique,75,,210000,,,339,,0,0,0,
tour-de-france/2017/stage-4,Tour de France,100,120,207500,1404,1,1791,,1,0,0,0.006766265060240964
giro-d-italia/2020/stage-10,Giro d'Italia,80,100,177000,2057,2,765,,1,0,0,0.011621468926553672
vuelta-a-espana/1990/stage-14,Vuelta a España,80,,207000,3000,,807,,1,0,0,0.014492753623188406
volta-a-catalunya/2013/stage-5,Volta Ciclista a Catalunya,50,6,156500,1344,4,811,,1,0,0,0.008587859424920128
vuelta-a-espana/2015/stage-3,Vuelta a España,80,16,158400,2613,2,1115,,1,0,0,0.01649621212121212
tour-de-france/1982/stage-16,Tour de France,100,,123000,3000,5,1492,,1,0,0,0.024390243902439025
volta-a-catalunya/2000/stage-6,Volta a Catalunya,50,,164000,,,697,,1,0,0,
milano-sanremo/2011/result,Milano-Sanremo,275,,298000,2380,2,1235,,0,0,0,0.007986577181208054
vuelta-a-espana/2013/stage-10,Vuelta a España,80,16,178000,3755,5,1128,,1,0,0,0.021095505617977527
vuelta-a-espana/2000/stage-6,Vuelta a España,80,,155500,794,,981,,1,0,0,0.005106109324758842
tour-de-romandie/1997/stage-2,Tour de Romandie,50,,172700,,,922,,1,0,0,
tour-de-suisse/1987/stage-8,Tour de Suisse,50,,253500,,,673,,1,0,0,
itzulia-basque-country/1984/stage-3,Vuelta Ciclista al País Vasco,50,,197000,,,484,,1,0,0,
giro-d-italia/2009/stage-3,Giro d'Italia,80,,198000,1155,3,975,,1,0,0,0.005833333333333334
dwars-door-vlaanderen/2012/result,Dwars door Vlaanderen,75,,199500,,2,504,,0,0,0,
dwars-door-vlaanderen/2014/result,Dwars door Vlaanderen / A travers la Flandre,125,,201000,,2,451,,0,0,0,
vuelta-a-espana/2007/stage-4,Vuelta a España,80,,185100,3119,5,995,,1,0,0,0.016850351161534306
vuelta-a-espana/2006/stage-10,Vuelta a España,80,,199300,2355,3,1026,,1,0,0,0.011816357250376316
tour-de-suisse/1998/stage-7,Tour de Suisse,50,,180000,,,971,,1,0,0,
tour-de-romandie/2004/stage-2,Tour de Romandie,50,,156200,,,507,,1,0,0,
giro-d-italia/1997/stage-4,Giro d'Italia,80,,156000,,,792,,1,0,0,
tour-de-suisse/1992/stage-9,Tour de Suisse,50,,155000,,,533,,1,0,0,
vuelta-a-espana/2016/stage-5,Vuelta a España,80,100,171300,2467,2,821,,1,0,0,0.014401634559252773
vuelta-a-espana/1998/stage-1,Vuelta a España,80,,162000,1117,,1309,,1,0,0,0.006895061728395061
paris-roubaix/1992/result,Paris - Roubaix,275,,267500,,,695,,0,0,0,
tour-de-france/2018/stage-11,Tour de France,100,120,108500,4093,5,1689,,1,0,0,0.03772350230414746
tour-de-france/1990/stage-11,Tour de France,100,,182500,4877,5,1959,,1,0,0,0.026723287671232877
giro-d-italia/1996/stage-2,Giro d'Italia,80,,235000,,,1034,,1,0,0,
tour-de-romandie/2000/stage-4,Tour de Romandie,50,,160000,,,764,,1,0,0,
vuelta-a-espana/2004/stage-19,Vuelta a España,80,,142000,2608,2,1177,,1,0,0,0.018366197183098593
world-championship/2006/result,World Championships ME - Road Race,350,,265800,2925,,1259,,0,0,0,0.01100451467268623
volta-a-catalunya/1998/stage-6,Volta Ciclista a Catalunya,50,,180400,,,859,,1,0,0,
tour-de-romandie/1988/stage-3,Tour de Romandie,50,,197200,,,439,,1,0,0,
e3-harelbeke/2000/result,E3-Prijs Harelbeke,125,,209000,,2,824,,0,0,0,
vuelta-a-espana/2015/stage-10,Vuelta a España,80,16,146600,1520,2,1115,,1,0,0,0.010368349249658937
itzulia-basque-country/2001/stage-1,Vuelta al País Vasco,50,,118000,,,898,,1,0,0,
tirreno-adriatico/2023/stage-5,Tirreno-Adriatico,50,60,165600,3682,5,1044,16,1,0,0,0.022234299516908213
liege-bastogne-liege/1996/result,Liège - Bastogne - Liège,275,,263000,,,771,,0,0,0,
tour-de-france/2012/stage-2,Tour de France,100,20,207500,1509,1,1703,,1,0,0,0.007272289156626506
dauphine/1989/stage-2,Critérium du Dauphiné Libéré,50,,186000,,,603,,1,0,0,
giro-d-italia/2020/stage-8,Giro d'Italia,80,100,200000,2197,2,765,,1,0,0,0.010985
tour-de-france/2014/stage-4,Tour de France,100,20,163500,1118,1,1612,,1,0,0,0.006837920489296636
vuelta-a-espana/1990/stage-21,Vuelta a España,80,,188000,4695,,807,,1,0,0,0.02497340425531915
dauphine/1994/stage-6,Critérium du Dauphiné Libéré,50,,203000,,,362,,1,0,0,
liege-bastogne-liege/1985/result,Liège - Bastogne - Liège,275,,244700,,,978,,0,0,0,
tour-de-romandie/2004/stage-1,Tour de Romandie,50,,175200,,,507,,1,0,0,
vuelta-a-espana/1987/stage-3,Vuelta a España,80,,34800,314,,838,,1,0,0,0.009022988505747126
tour-de-france/1981/stage-11,Tour de France,100,,246000,1790,1,1362,,1,0,0,0.007276422764227642
tirreno-adriatico/1996/stage-8,Tirreno-Adriatico,50,,159000,,,585,,1,0,0,
itzulia-basque-country/2017/stage-4,Vuelta al País Vasco,50,50,174100,2668,4,811,,1,0,0,0.015324526134405514
tour-de-romandie/2022/stage-5,Tour de Romandie,50,60,15840,884,5,508,,1,0,0,0.05580808080808081
tirreno-adriatico/1988/stage-4,Tirreno-Adriatico,50,,228000,,,724,,1,0,0,
tour-de-france/2023/stage-20,Tour de France,100,210,133500,3471,4,1584,22,1,0,0,0.026
dauphine/1984/stage-1a,Critérium du Dauphiné Libéré,50,,102000,,,529,,1,0,0,
paris-nice/1983/stage-4,Paris - Nice,50,,186000,,,658,,1,0,0,
tour-de-suisse/1975/stage-7,Tour de Suisse,50,,168000,,,549,,1,0,0,
giro-d-italia/1997/stage-19,Giro d'Italia,80,,222000,,,792,,1,0,0,
vuelta-a-espana/1982/stage-15b,Vuelta a España,80,,35000,,,523,,1,0,0,
tour-de-france/2017/stage-18,Tour de France,100,120,179500,4059,5,1791,,1,0,0,0.022612813370473536
tour-de-france/1979/stage-6,Tour de France,100,,239000,1974,2,1381,,1,0,0,0.008259414225941423
dauphine/2013/stage-4,Critérium du Dauphiné,50,6,32500,152,1,985,,1,0,0,0.004676923076923077
tour-de-suisse/1991/prologue,Tour de Suisse,50,,1700,,,796,,1,0,0,
paris-nice/2007/prologue,Paris - Nice,50,,4700,,1,823,,1,0,0,
tour-de-france/2014/stage-11,Tour de France,100,20,187500,2711,2,1612,,1,0,0,0.014458666666666667
tour-de-romandie/1977/stage-2,Tour de Romandie,50,,181100,,,489,,1,0,0,
vuelta-a-espana/2005/stage-21,Vuelta a España,80,,136500,1349,1,960,,1,0,0,0.009882783882783883
milano-sanremo/1985/result,Milano-Sanremo,275,,294000,,2,1233,,0,0,0,
world-championship/2003/result,World Championships ME - Road Race,350,,260400,4566,,1249,,0,0,0,0.017534562211981568
tour-de-france/1993/stage-17,Tour de France,100,,189500,4000,4,1804,,1,0,0,0.021108179419525065
amstel-gold-race/2019/result,Amstel Gold Race,225,500,265700,3536,2,1020,,0,0,0,0.013308242378622506
tour-de-suisse/1994/stage-8,Tour de Suisse,50,,193500,,,616,,1,0,0,
tour-de-france/1979/stage-22,Tour de France,100,,189000,2360,2,1381,,1,0,0,0.012486772486772487
vuelta-a-espana/2022/stage-13,La Vuelta ciclista a España,80,100,168400,1766,1,968,31,1,0,0,0.010486935866983373
tour-de-suisse/2015/prologue,Tour de Suisse,50,6,5100,24,1,1048,,1,0,0,0.004705882352941176
giro-d-italia/2004/prologue,Giro d'Italia,80,,6900,112,1,621,,1,0,0,0.016231884057971015
tour-de-france/1989/stage-5,Tour de France,100,,73000,785,3,1849,,1,0,0,0.010753424657534247
paris-nice/2022/stage-1,Paris - Nice,50,60,159800,1723,1,1182,,1,0,0,0.010782227784730914
tour-de-romandie/2021/stage-2,Tour de Romandie,50,60,165700,3305,4,560,,1,0,0,0.019945684972842485
tour-de-france/2023/stage-7,Tour de France,100,210,169900,808,1,1584,32,1,0,0,0.004755738669805768
vuelta-a-espana/2000/stage-17,Vuelta a España,80,,155500,632,1,981,,1,0,0,0.004064308681672026
liege-bastogne-liege/2006/result,Liège - Bastogne - Liège,275,,262000,,,1229,,0,0,0,
vuelta-a-espana/2021/stage-8,La Vuelta ciclista a España,80,100,173700,923,1,1023,,1,0,0,0.0053137593552101325
vuelta-a-espana/1999/stage-14,Vuelta a España,80,,94400,1786,,1342,,1,0,0,0.01891949152542373
paris-nice/2019/stage-5,Paris - Nice,50,60,25500,157,1,1099,,1,0,0,0.00615686274509804
vuelta-a-espana/2000/stage-14,Vuelta a España,80,,146500,2412,5,981,,1,0,0,0.016464163822525597
tour-de-france/1994/prologue,Tour de France,100,,7200,78,1,1731,,1,0,0,0.010833333333333334
giro-d-italia/1993/stage-21,Giro d'Italia,80,,166000,,,1089,,1,0,0,
tour-de-france/2021/stage-15,Tour de France,100,120,191300,4572,4,1646,,1,0,0,0.023899634082592786
dauphine/1984/stage-3,Critérium du Dauphiné Libéré,50,,216000,,,529,,1,0,0,
tour-de-france/2001/stage-10,Tour de France,70,,209000,5864,5,1496,,1,0,0,0.028057416267942583
tirreno-adriatico/2002/stage-1,Tirreno-Adriatico,50,,124000,,,1056,,1,0,0,
tour-de-france/2013/stage-10,Tour de France,100,20,197000,1762,1,1690,,1,0,0,0.008944162436548223
tour-de-france/1999/prologue,Tour de France,70,,6800,110,1,1255,,1,0,0,0.016176470588235296
giro-d-italia/1995/stage-22,Giro d'Italia,80,,148000,,,1365,,1,0,0,
la-fleche-wallone/1979/result,La Flèche Wallonne,225,,248000,,,785,,0,0,0,
giro-d-italia/2002/stage-13,Giro d'Italia,80,,190000,3486,5,920,,1,0,0,0.018347368421052633
tour-de-france/2013/stage-7,Tour de France,100,20,205500,2675,2,1690,,1,0,0,0.013017031630170317
vuelta-a-espana/2010/stage-15,Vuelta a España,80,16,170000,2673,5,1123,,1,0,0,0.015723529411764706
tour-de-romandie/1988/stage-6,Tour de Romandie,50,,188300,,,439,,1,0,0,
vuelta-a-espana/2013/stage-15,Vuelta a España,80,16,224900,5278,5,1128,,1,0,0,0.023468208092485548
tour-de-france/1992/stage-2,Tour de France,100,,255000,4000,2,2047,,1,0,0,0.01568627450980392
paris-nice/1994/stage-8a,Paris - Nice,50,,100000,,,900,,1,0,0,
vuelta-a-espana/1989/stage-14,Vuelta a España,80,,165000,1540,,803,,1,0,0,0.009333333333333334
la-fleche-wallone/1993/result,La Flèche Wallonne,225,,206000,,,842,,0,0,0,
dauphine/2007/stage-6,Critérium du Dauphiné Libéré,50,,198000,,,816,,1,0,0,
giro-d-italia/2005/stage-7,Giro d'Italia,80,,211000,2323,2,929,,1,0,0,0.011009478672985781
giro-d-italia/2021/stage-17,Giro d'Italia,80,100,193000,3703,5,885,,1,0,0,0.019186528497409327
paris-roubaix/2005/result,Paris - Roubaix,275,,259000,,1,682,,0,0,0,
giro-d-italia/2023/stage-19,Giro d'Italia,80,180,183000,5423,5,835,18,1,0,0,0.029633879781420767
vuelta-a-espana/1990/stage-4,Vuelta a España,80,,233200,1453,,807,,1,0,0,0.006230703259005146
tour-de-suisse/2007/stage-8,Tour de Suisse,50,,34200,,,1089,,1,0,0,
vuelta-a-espana/1991/stage-6,Vuelta a España,80,,236500,970,,1042,,1,0,0,0.0041014799154334034
tour-de-france/2008/stage-15,Tour de France,100,,183000,3739,5,1520,,1,0,0,0.020431693989071038
giro-d-italia/2010/stage-12,Giro d'Italia,80,16,206000,1651,2,878,,1,0,0,0.008014563106796116
giro-d-italia/2003/stage-16,Giro d'Italia,80,,207000,791,1,734,,1,0,0,0.003821256038647343
tour-de-suisse/1983/stage-5a,Tour de Suisse,50,,64000,,,809,,1,0,0,
tour-de-france/2007/stage-19,Tour de France,100,,55500,480,1,1612,,1,0,0,0.008648648648648649
vuelta-a-espana/2010/stage-2,Vuelta a España,80,16,173000,2506,1,1123,,1,0,0,0.014485549132947978
giro-d-italia/2019/stage-12,Giro d'Italia,80,100,158000,1918,4,896,,1,0,0,0.012139240506329113
liege-bastogne-liege/1975/result,Liège - Bastogne - Liège,275,,246700,,,668,,0,0,0,
tour-de-france/1996/stage-2,Tour de France,100,,247500,1382,1,1872,,1,0,0,0.005583838383838384
paris-nice/1991/stage-5,Paris - Nice,50,,164000,,,832,,1,0,0,
giro-d-italia/1992/stage-10,Giro d'Italia,80,,233000,,,953,,1,0,0,
vuelta-a-espana/2007/stage-2,Vuelta a España,80,,148700,2334,2,995,,1,0,0,0.015696032279757903
dauphine/2021/stage-6,Critérium du Dauphiné,50,60,167200,2706,3,790,,1,0,0,0.01618421052631579
tour-de-romandie/2005/stage-2,Tour de Romandie,50,,171900,,,799,,1,0,0,
vuelta-a-espana/1986/stage-5,Vuelta a España,80,,202000,2500,,843,,1,0,0,0.012376237623762377
dauphine/1989/stage-3,Critérium du Dauphiné Libéré,50,,183500,,,603,,1,0,0,
tour-de-romandie/1977/prologue,Tour de Romandie,50,,2550,,,489,,1,0,0,
vuelta-a-espana/2006/stage-21,Vuelta a España,80,,142200,1173,1,1026,,1,0,0,0.008248945147679324
tour-de-suisse/2023/stage-5,Tour de Suisse,50,60,211000,4654,4,855,18,1,0,0,0.02205687203791469
tour-de-romandie/1993/prologue,Tour de Romandie,50,,7300,,,551,,1,0,0,
dwars-door-vlaanderen/2002/result,Dwars door Vlaanderen,75,,201000,,2,416,,0,0,0,
vuelta-a-espana/2007/stage-20,Vuelta a España,80,,20000,199,1,995,,1,0,0,0.00995
amstel-gold-race/1985/result,Amstel Gold Race,225,,242000,,,281,,0,0,0,
tour-de-suisse/2022/stage-6,Tour de Suisse,50,60,177500,4155,5,767,25,1,0,0,0.023408450704225352
paris-nice/1972/stage-1,Paris - Nice,50,,184000,,,1086,,1,0,0,
ronde-van-vlaanderen/2023/result,Ronde van Vlaanderen - Tour des Flandres ME,275,800,273400,2185,2,918,,0,0,0,0.007991953182150695
paris-nice/1987/stage-4,Paris - Nice,50,,193000,,,1164,,1,0,0,
paris-nice/1986/stage-7b,Paris - Nice,50,,10000,,,746,,1,0,0,
san-sebastian/2002/result,Clasica Ciclista San Sebastian,225,,227000,,2,1024,,0,0,0,
dauphine/2012/prologue,Critérium du Dauphiné,50,6,5700,11,,1117,,1,0,0,0.0019298245614035089
tirreno-adriatico/2000/stage-6,Tirreno-Adriatico,50,,149000,,,1197,,1,0,0,
paris-nice/1988/stage-4,Paris - Nice,50,,175000,,,1146,,1,0,0,
dauphine/2013/stage-7,Critérium du Dauphiné,50,6,184000,4693,5,985,,1,0,0,0.025505434782608697
vuelta-a-espana/2022/stage-18,La Vuelta ciclista a España,80,100,192000,3680,5,968,26,1,0,0,0.019166666666666665
vuelta-a-espana/1994/stage-2,Vuelta a España,80,,178400,767,,791,,1,0,0,0.0042993273542600895
paris-nice/2018/stage-4,Paris - Nice,50,60,18400,383,2,936,,1,0,0,0.020815217391304347
tour-de-suisse/2007/stage-4,Tour de Suisse,50,,194100,,,1089,,1,0,0,
tour-de-suisse/1994/stage-5,Tour de Suisse,50,,30000,,,616,,1,0,0,
tour-de-romandie/2008/stage-5,Tour de Romandie,50,,159400,,,590,,1,0,0,
tour-de-suisse/2012/stage-7,Tour de Suisse,50,6,148200,2505,,917,,1,0,0,0.016902834008097167
tour-de-suisse/1991/stage-2,Tour de Suisse,50,,172000,,,796,,1,0,0,
tour-de-romandie/2007/stage-4,Tour de Romandie,50,,155900,,,674,,1,0,0,
omloop-het-nieuwsblad/2002/result,Omloop Het Volk,125,,202000,,2,625,,0,0,0,
vuelta-a-espana/1988/stage-15,Vuelta a España,80,,166000,1831,,828,,1,0,0,0.01103012048192771
paris-roubaix/2012/result,Paris - Roubaix,275,,257500,1428,1,630,,0,0,0,0.005545631067961165
dauphine/1989/prologue,Critérium du Dauphiné Libéré,50,,5000,,,603,,1,0,0,
vuelta-a-espana/2010/stage-21,Vuelta a España,80,16,85000,750,1,1123,,1,0,0,0.008823529411764706
giro-d-italia/2000/stage-20,Giro d'Italia,80,,34000,1304,5,866,,1,0,0,0.03835294117647059
tour-de-france/1986/stage-17,Tour de France,100,,190000,5000,5,1872,,1,0,0,0.02631578947368421
volta-a-catalunya/1981/stage-5,Volta Ciclista a Catalunya,50,,179500,,,388,,1,0,0,
il-lombardia/1994/result,Giro di Lombardia,275,,244000,,,740,,0,0,0,
il-lombardia/1976/result,Giro di Lombardia,275,,253000,,,584,,0,0,0,
vuelta-a-espana/2006/stage-3,Vuelta a España,80,,220000,2570,1,1026,,1,0,0,0.011681818181818182
san-sebastian/1994/result,Clasica Ciclista San Sebastian,225,,238000,,,1140,,0,0,0,
world-championship/1984/result,World Championships - Road Race,350,,255550,,,1486,,0,0,0,
vuelta-a-espana/1988/stage-5,Vuelta a España,80,,234000,1744,,828,,1,0,0,0.007452991452991453
tour-de-france/1981/stage-17,Tour de France,100,,230500,5245,5,1362,,1,0,0,0.022754880694143168
giro-d-italia/2009/stage-14,Giro d'Italia,80,,174000,2675,3,975,,1,0,0,0.015373563218390805
vuelta-a-espana/2012/stage-11,Vuelta a España,80,16,39400,738,2,852,,1,0,0,0.018730964467005076
tour-de-france/1995/stage-11,Tour de France,100,,198000,2500,2,1871,,1,0,0,0.012626262626262626
tour-de-france/2010/stage-11,Tour de France,100,20,184500,1264,2,1685,,1,0,0,0.006850948509485095
paris-nice/2004/stage-3,Paris - Nice,50,,227500,,,989,,1,0,0,
paris-nice/2003/stage-2,Paris - Nice,50,,182500,,,831,,1,0,0,
giro-d-italia/1998/prologue,Giro d'Italia,80,,7000,11,,923,,1,0,0,0.0015714285714285715
paris-nice/2010/stage-2,Paris - Nice,30,6,201500,,1,1192,,1,0,0,
tour-de-suisse/2021/stage-3,Tour de Suisse,50,60,182100,2492,3,670,,1,0,0,0.013684788577704558
paris-nice/2002/stage-6,Paris - Nice,50,,175000,,,883,,1,0,0,
paris-nice/1991/stage-3,Paris - Nice,50,,167000,,,832,,1,0,0,
vuelta-a-espana/1985/stage-8,Vuelta a España,80,,224000,2282,,925,,1,0,0,0.0101875
tour-de-romandie/2000/stage-3a,Tour de Romandie,50,,66600,,,764,,1,0,0,
tour-de-suisse/2018/stage-5,Tour de Suisse,50,60,155000,2668,5,956,,1,0,0,0.01721290322580645
paris-nice/1970/stage-5,Paris - Nice,50,,220000,,,1121,,1,0,0,
tour-de-france/1979/stage-3,Tour de France,100,,180000,3500,4,1381,,1,0,0,0.019444444444444445
tirreno-adriatico/1973/stage-3,Tirreno-Adriatico,50,,125000,,,536,,1,0,0,
vuelta-a-espana/1994/stage-15,Vuelta a España,80,,209300,2095,,791,,1,0,0,0.010009555661729575
tirreno-adriatico/1988/stage-6a,Tirreno-Adriatico,50,,82000,,,724,,1,0,0,
paris-nice/2008/stage-5,Paris - Nice,18,,172500,,,775,,1,0,0,
giro-d-italia/1994/stage-14,Giro d'Italia,80,,235000,,,1292,,1,0,0,
tour-de-france/1982/stage-20,Tour de France,100,,161000,1417,1,1492,,1,0,0,0.008801242236024845
tour-de-suisse/1980/prologue,Tour de Suisse,50,,3500,,,477,,1,0,0,
tour-de-france/1984/stage-23,Tour de France,100,,196500,1951,1,1632,,1,0,0,0.009928753180661578
tour-de-france/1992/stage-13,Tour de France,100,,254500,6974,5,2047,,1,0,0,0.027402750491159134
world-championship/1976/result,World Championships - Road Race,350,,288000,2944,,1290,,0,0,0,0.010222222222222223
vuelta-a-espana/1998/stage-17,Vuelta a España,80,,188500,627,,1309,,1,0,0,0.0033262599469496023
e3-harelbeke/1985/result,E3-Prijs Harelbeke,125,,215000,,,282,,0,0,0,
tour-de-france/2014/stage-19,Tour de France,100,20,208500,1659,1,1612,,1,0,0,0.0079568345323741
vuelta-a-espana/2009/stage-6,Vuelta a España,80,,185700,2308,1,1220,,1,0,0,0.012428648357565967
omloop-het-nieuwsblad/1984/result,Omloop Het Volk,125,,226000,,,303,,0,0,0,
tirreno-adriatico/2019/stage-3,Tirreno-Adriatico,50,60,226000,2873,2,1067,,1,0,0,0.012712389380530974
paris-nice/1982/stage-1,Paris - Nice,50,,194500,,,721,,1,0,0,
tour-de-france/2010/stage-17,Tour de France,100,20,174000,4681,5,1685,,1,0,0,0.026902298850574713
tour-de-suisse/1981/stage-5,Tour de Suisse,50,,231000,,,516,,1,0,0,
liege-bastogne-liege/2007/result,Liège - Bastogne - Liège,275,,262000,,,1253,,0,0,0,
paris-nice/2011/stage-8,Paris - Nice,50,6,124000,2227,2,1038,,1,0,0,0.01795967741935484
giro-d-italia/2012/stage-15,Giro d'Italia,80,16,169000,4075,5,886,,1,0,0,0.024112426035502958
tour-de-france/1986/stage-3,Tour de France,100,,214000,1861,1,1872,,1,0,0,0.00869626168224299
tour-de-romandie/2013/stage-1,Tour de Romandie,50,6,176400,2297,4,956,,1,0,0,0.013021541950113378
il-lombardia/1987/result,Giro di Lombardia,275,,256000,,,282,,0,0,0,
vuelta-a-espana/2016/stage-9,Vuelta a España,80,100,164500,2780,3,821,,1,0,0,0.01689969604863222
paris-nice/1989/stage-7b,Paris - Nice,50,,10000,,,794,,1,0,0,
vuelta-a-espana/2018/stage-11,La Vuelta ciclista a España,80,100,207800,3755,2,1036,,1,0,0,0.018070259865255053
dauphine/2004/stage-4,Critérium du Dauphiné Libéré,50,,21600,,,737,,1,0,0,
liege-bastogne-liege/1981/result,Liège - Bastogne - Liège,275,,244000,,,424,,0,0,0,
tirreno-adriatico/1983/stage-3,Tirreno-Adriatico,50,,210000,,,463,,1,0,0,
giro-d-italia/1997/stage-3,Giro d'Italia,80,,18000,,,792,,1,0,0,
volta-a-catalunya/2013/stage-7,Volta Ciclista a Catalunya,50,6,122200,1708,2,811,,1,0,0,0.01397708674304419
volta-a-catalunya/1993/stage-6,Volta Ciclista a Catalunya,50,,18900,499,,884,,1,0,0,0.026402116402116402
giro-d-italia/1992/stage-12,Giro d'Italia,80,,204000,,,953,,1,0,0,
giro-d-italia/2018/stage-7,Giro d'Italia,80,100,159000,1023,1,838,,1,0,0,0.006433962264150943
dauphine/1983/stage-3,Critérium du Dauphiné Libéré,50,,228000,,,621,,1,0,0,
giro-d-italia/2023/stage-18,Giro d'Italia,80,180,161000,4153,5,835,21,1,0,0,0.02579503105590062
dauphine/2013/stage-1,Critérium du Dauphiné,50,6,121000,2582,2,985,,1,0,0,0.02133884297520661
tirreno-adriatico/1995/stage-1,Tirreno-Adriatico,50,,174000,,,749,,1,0,0,
tour-de-romandie/1993/stage-3,Tour de Romandie,50,,123500,,,551,,1,0,0,
tour-de-suisse/1974/stage-2,Tour de Suisse,50,,193000,,,541,,1,0,0,
vuelta-a-espana/2015/stage-5,Vuelta a España,80,16,167300,816,1,1115,,1,0,0,0.004877465630603706
paris-nice/1992/stage-5,Paris - Nice,50,,187000,,,877,,1,0,0,
tour-de-france/1980/stage-6,Tour de France,100,,219500,1541,1,1224,,1,0,0,0.007020501138952164
giro-d-italia/2010/stage-8,Giro d'Italia,80,16,189000,3424,5,878,,1,0,0,0.018116402116402117
vuelta-a-espana/1997/stage-4,Vuelta a España,80,,193000,1003,,1165,,1,0,0,0.0051968911917098445
vuelta-a-espana/2009/stage-14,Vuelta a España,80,,157000,3197,5,1220,,1,0,0,0.020363057324840766
giro-d-italia/2002/stage-19,Giro d'Italia,80,,44300,364,1,920,,1,0,0,0.008216704288939052
tour-de-france/2008/stage-1,Tour de France,100,,197500,2324,3,1520,,1,0,0,0.011767088607594936
dwars-door-vlaanderen/1998/result,Dwars door België / À travers la Belgique,75,,203000,,,489,,0,0,0,
giro-d-italia/2000/stage-6,Giro d'Italia,80,,170000,1059,3,866,,1,0,0,0.006229411764705883
tour-de-romandie/1987/stage-5b,Tour de Romandie,50,,22000,,,251,,1,0,0,
giro-d-italia/2003/stage-14,Giro d'Italia,80,,162000,4275,5,734,,1,0,0,0.02638888888888889
amstel-gold-race/2004/result,Amstel Gold Race,225,,251100,,,1208,,0,0,0,
vuelta-a-espana/2005/stage-9,Vuelta a España,80,,48000,606,1,960,,1,0,0,0.012625
paris-nice/2023/stage-2,Paris - Nice,50,60,163700,815,1,981,,1,0,0,0.004978619425778864
tour-de-france/2008/stage-19,Tour de France,100,,165500,1814,1,1520,,1,0,0,0.0109607250755287
omloop-het-nieuwsblad/2000/result,Omloop Het Volk,125,,204000,,2,806,,0,0,0,
giro-d-italia/1990/stage-11,Giro d'Italia,80,,241000,,,1061,,1,0,0,
tour-de-romandie/2023/stage-2,Tour de Romandie,50,60,162700,2653,2,539,15,1,0,0,0.016306084818684695
tour-de-romandie/2019/stage-3,Tour de Romandie,50,60,160000,2527,3,570,,1,0,0,0.01579375
tour-de-france/2018/stage-12,Tour de France,100,120,175500,5362,5,1689,,1,0,0,0.030552706552706553
tour-de-suisse/1972/stage-2,Tour de Suisse,50,,97000,,,433,,1,0,0,
vuelta-a-espana/2018/stage-21,La Vuelta ciclista a España,80,100,112300,603,1,1036,,1,0,0,0.005369545859305432
tour-de-france/2023/stage-9,Tour de France,100,210,182400,3441,5,1584,30,1,0,0,0.01886513157894737
paris-nice/1988/stage-6b,Paris - Nice,50,,10000,,,1146,,1,0,0,
tour-de-france/2007/stage-18,Tour de France,100,,211000,1938,2,1612,,1,0,0,0.009184834123222749
itzulia-basque-country/2022/stage-3,Itzulia Basque Country,50,50,181700,3278,2,741,13,1,0,0,0.018040726472206933
tour-de-suisse/1999/stage-1,Tour de Suisse,50,,200000,,,900,,1,0,0,
tour-de-france/2009/stage-5,Tour de France,100,,196500,1014,1,1557,,1,0,0,0.005160305343511451
tour-de-suisse/2013/stage-6,Tour de Suisse,50,6,187900,2189,2,960,,1,0,0,0.011649813730707823
tour-de-romandie/2017/stage-5,Tour de Romandie,50,60,18300,364,2,636,,1,0,0,0.019890710382513662
giro-d-italia/1998/stage-16,Giro d'Italia,80,,236000,,,923,,1,0,0,
vuelta-a-espana/1990/stage-20,Vuelta a España,80,,39000,545,,807,,1,0,0,0.013974358974358975
tour-de-france/2016/stage-10,Tour de France,100,120,197000,2432,4,1758,,1,0,0,0.01234517766497462
vuelta-a-espana/2010/stage-8,Vuelta a España,80,16,188800,3870,4,1123,,1,0,0,0.020497881355932203
la-fleche-wallone/1973/result,La Flèche Wallonne,225,,249000,,,845,,0,0,0,
giro-d-italia/2019/stage-2,Giro d'Italia,80,100,205000,2242,2,896,,1,0,0,0.010936585365853659
liege-bastogne-liege/1974/result,Liège - Bastogne - Liège,275,,246000,,,590,,0,0,0,
itzulia-basque-country/2005/stage-5a,Vuelta al País Vasco,50,,93000,,,1217,,1,0,0,
vuelta-a-espana/2011/stage-2,Vuelta a España,80,,171500,1305,1,1170,,1,0,0,0.00760932944606414
tour-de-romandie/1996/prologue,Tour de Romandie,50,,4300,,,614,,1,0,0,
vuelta-a-espana/2003/stage-8,Vuelta a España,80,,166000,4060,5,935,,1,0,0,0.024457831325301205
tour-de-suisse/1978/stage-4a,Tour de Suisse,50,,123000,,,691,,1,0,0,
tour-de-france/1980/stage-10,Tour de France,100,,162000,1161,1,1224,,1,0,0,0.007166666666666667
giro-d-italia/1990/stage-17,Giro d'Italia,80,,223000,,,1061,,1,0,0,
tour-de-france/1979/stage-14,Tour de France,100,,248000,3500,2,1381,,1,0,0,0.014112903225806451
paris-nice/1984/stage-6,Paris - Nice,50,,182000,,,778,,1,0,0,
la-fleche-wallone/1981/result,La Flèche Wallonne,225,,240000,,,1294,,0,0,0,
dauphine/1992/stage-2,Critérium du Dauphiné Libéré,50,,206000,,,492,,1,0,0,
vuelta-a-espana/2000/stage-9,Vuelta a España,80,,38000,167,,981,,1,0,0,0.004394736842105263
tour-de-suisse/1995/stage-8,Tour de Suisse,50,,174100,,,764,,1,0,0,
tirreno-adriatico/1992/prologue,Tirreno-Adriatico,50,,8000,,,638,,1,0,0,
vuelta-a-espana/1990/stage-8,Vuelta a España,80,,199600,2595,,807,,1,0,0,0.013001002004008015
giro-d-italia/2008/stage-13,Giro d'Italia,80,,177000,202,1,1058,,1,0,0,0.0011412429378531075
e3-harelbeke/2006/result,E3 Prijs Vlaanderen,125,,198000,,2,578,,0,0,0,
il-lombardia/2017/result,Il Lombardia,275,500,247000,4115,2,1134,,0,0,0,0.016659919028340082
tour-de-france/2010/stage-3,Tour de France,100,20,213000,1168,1,1685,,1,0,0,0.005483568075117371
ronde-van-vlaanderen/1985/result,Ronde van Vlaanderen / Tour des Flandres,275,,271000,,,399,,0,0,0,
volta-a-catalunya/2021/stage-2,Volta Ciclista a Catalunya,50,50,18500,198,1,772,,1,0,0,0.010702702702702703
volta-a-catalunya/2006/stage-4,Volta Ciclista a Catalunya,50,,225000,,5,882,,1,0,0,
tour-de-suisse/1985/stage-3,Tour de Suisse,50,,186000,,,699,,1,0,0,
tour-de-france/1983/stage-5,Tour de France,100,,257000,2658,2,1269,,1,0,0,0.010342412451361869
tour-de-france/1993/stage-8,Tour de France,100,,184500,1843,1,1804,,1,0,0,0.009989159891598915
san-sebastian/2001/result,Clasica Ciclista San Sebastian,225,,227000,,2,1048,,0,0,0,
paris-nice/1992/prologue,Paris - Nice,50,,5700,,,877,,1,0,0,
giro-d-italia/2004/stage-1,Giro d'Italia,80,,143000,1779,2,621,,1,0,0,0.01244055944055944
giro-d-italia/1997/stage-17,Giro d'Italia,80,,200000,,,792,,1,0,0,
volta-a-catalunya/2021/stage-6,Volta Ciclista a Catalunya,50,50,193800,2671,3,772,,1,0,0,0.013782249742002064
tour-de-romandie/2019/stage-4,Tour de Romandie,50,60,107600,1839,4,570,,1,0,0,0.017091078066914497
vuelta-a-espana/1982/stage-2,Vuelta a España,80,,240000,,,523,,1,0,0,
tour-de-france/2009/stage-8,Tour de France,100,,176500,3582,4,1557,,1,0,0,0.020294617563739376
dauphine/2016/stage-5,Criterium du Dauphiné,50,60,140000,3369,5,1182,,1,0,0,0.024064285714285715
vuelta-a-espana/1980/stage-6,Vuelta a España,80,,131000,,,520,,1,0,0,
tirreno-adriatico/1992/stage-4,Tirreno-Adriatico,50,,168000,,,638,,1,0,0,
paris-nice/2023/stage-4,Paris - Nice,50,60,164700,2470,5,981,13,1,0,0,0.014996964177292045
tirreno-adriatico/2020/stage-1,Tirreno-Adriatico,50,60,133000,948,2,687,,1,0,0,0.007127819548872181
dauphine/1994/stage-5,Critérium du Dauphiné Libéré,50,,173000,,,362,,1,0,0,
tirreno-adriatico/1984/prologue,Tirreno-Adriatico,50,,4850,,,541,,1,0,0,
vuelta-a-espana/2014/stage-5,Vuelta a España,80,16,180000,2149,1,1175,,1,0,0,0.01193888888888889
tour-de-france/2001/stage-2,Tour de France,100,,220500,1044,1,1496,,1,0,0,0.0047346938775510205
paris-nice/2009/stage-1,Paris - Nice,30,,9300,,1,796,,1,0,0,
paris-nice/1994/stage-7,Paris - Nice,50,,199000,,,900,,1,0,0,
vuelta-a-espana/1998/stage-4,Vuelta a España,80,,174000,2300,,1309,,1,0,0,0.013218390804597701
vuelta-a-espana/1992/stage-14,Vuelta a España,80,,213400,3293,,1033,,1,0,0,0.015431115276476101
dauphine/2007/stage-3,Critérium du Dauphiné Libéré,50,,40700,,,816,,1,0,0,
tour-de-france/2015/stage-5,Tour de France,100,20,189500,1606,1,1812,,1,0,0,0.008474934036939314
vuelta-a-espana/2010/stage-12,Vuelta a España,80,16,196000,2133,1,1123,,1,0,0,0.01088265306122449
dauphine/2002/stage-1,Critérium du Dauphiné Libéré,50,,173000,,,602,,1,0,0,
paris-nice/1994/stage-3,Paris - Nice,50,,202000,,,900,,1,0,0,
tour-de-france/2009/stage-1,Tour de France,100,,15500,316,1,1557,,1,0,0,0.02038709677419355
paris-nice/1990/stage-6,Paris - Nice,50,,178000,,,995,,1,0,0,
tour-de-france/1990/stage-15,Tour de France,100,,170000,1731,2,1959,,1,0,0,0.01018235294117647
milano-sanremo/1999/result,Milano-Sanremo,275,,294000,,2,1585,,0,0,0,
tour-de-france/2010/stage-15,Tour de France,100,20,187500,3542,4,1685,,1,0,0,0.018890666666666667
paris-nice/2012/stage-3,Paris - Nice,50,6,194000,2105,3,1079,,1,0,0,0.010850515463917526
tour-de-france/2005/stage-14,Tour de France,100,,174000,4188,5,1535,,1,0,0,0.02406896551724138
amstel-gold-race/1993/result,Amstel Gold Race,225,,249000,,,917,,0,0,0,
tour-de-suisse/1989/stage-9,Tour de Suisse,50,,277500,,,604,,1,0,0,
volta-a-catalunya/2011/stage-3,Volta Ciclista a Catalunya,50,6,183900,,,732,,1,0,0,
giro-d-italia/1996/stage-11,Giro d'Italia,80,,130000,,,1034,,1,0,0,
tour-de-suisse/1974/prologue,Tour de Suisse,50,,9600,,,541,,1,0,0,
vuelta-a-espana/2021/stage-9,La Vuelta ciclista a España,80,100,188000,4725,5,1023,,1,0,0,0.025132978723404257
vuelta-a-espana/2004/stage-7,Vuelta a España,80,,165000,1513,1,1177,,1,0,0,0.00916969696969697
giro-d-italia/2013/stage-11,Giro d'Italia,80,16,182000,2824,3,930,,1,0,0,0.015516483516483517
milano-sanremo/2017/result,Milano-Sanremo,275,500,291000,2166,2,1054,,0,0,0,0.007443298969072165
e3-harelbeke/2017/result,Record Bank E3 Harelbeke,225,400,206100,1863,2,727,,0,0,0,0.009039301310043667
tour-de-france/2004/stage-8,Tour de France,100,,168000,2306,3,1555,,1,0,0,0.013726190476190477
tour-de-suisse/1999/stage-3,Tour de Suisse,50,,167500,,,900,,1,0,0,
paris-nice/2009/stage-5,Paris - Nice,30,,204000,,2,796,,1,0,0,
amstel-gold-race/1999/result,Amstel Gold Race,225,,253000,,,1404,,0,0,0,
tirreno-adriatico/2000/stage-1,Tirreno-Adriatico,50,,131000,,,1197,,1,0,0,
paris-roubaix/1972/result,Paris - Roubaix,275,,272000,,,777,,0,0,0,
dauphine/2013/stage-6,Critérium du Dauphiné,50,6,143000,2207,4,985,,1,0,0,0.015433566433566434
liege-bastogne-liege/2011/result,Liège - Bastogne - Liège,275,,255500,,,1201,,0,0,0,
tour-de-france/2022/stage-8,Tour de France,100,120,186300,2556,3,1551,23,1,0,0,0.013719806763285025
itzulia-basque-country/2005/stage-4,Vuelta al País Vasco,50,,167000,,,1217,,1,0,0,
tour-de-romandie/1995/stage-1,Tour de Romandie,50,,203300,,,798,,1,0,0,
vuelta-a-espana/2016/stage-11,Vuelta a España,80,100,168600,2351,5,821,,1,0,0,0.013944246737841044
tour-de-suisse/1983/prologue,Tour de Suisse,50,,9000,,,809,,1,0,0,
tour-de-france/1981/stage-21,Tour de France,100,,207000,1803,1,1362,,1,0,0,0.008710144927536231
dauphine/1990/stage-6,Critérium du Dauphiné Libéré,50,,209000,,,637,,1,0,0,
vuelta-a-espana/2008/stage-15,Vuelta a España,80,,202000,3130,2,1101,,1,0,0,0.015495049504950495
vuelta-a-espana/1982/stage-9,Vuelta a España,80,,182000,,,523,,1,0,0,
tour-de-suisse/1991/stage-10,Tour de Suisse,50,,215000,,,796,,1,0,0,
tour-de-france/1983/stage-6,Tour de France,100,,58000,506,1,1269,,1,0,0,0.008724137931034482
tirreno-adriatico/1995/stage-3,Tirreno-Adriatico,50,,167000,,,749,,1,0,0,
la-fleche-wallone/2004/result,La Flèche Wallonne,225,,199500,,3,1159,,0,0,0,
tour-de-france/2023/stage-19,Tour de France,100,210,172800,1934,2,1584,21,1,0,0,0.01119212962962963
tour-de-france/1982/stage-11,Tour de France,100,,57000,588,2,1492,,1,0,0,0.01031578947368421
dauphine/2003/stage-3,Critérium du Dauphiné Libéré,50,,33400,,,572,,1,0,0,
giro-d-italia/2021/stage-13,Giro d'Italia,80,100,198000,199,1,885,,1,0,0,0.001005050505050505
tour-de-suisse/1977/stage-5,Tour de Suisse,50,,226500,,,627,,1,0,0,
vuelta-a-espana/2009/stage-3,Vuelta a España,80,,189700,601,1,1220,,1,0,0,0.003168160253031102
vuelta-a-espana/1993/stage-14,Vuelta a España,80,,197200,2376,,819,,1,0,0,0.01204868154158215
dwars-door-vlaanderen/2015/result,Dwars door Vlaanderen / A travers la Flandre,125,,200200,,2,479,,0,0,0,
tour-de-france/1996/stage-12,Tour de France,100,,143500,3000,2,1872,,1,0,0,0.020905923344947737
tour-de-france/1995/stage-15,Tour de France,100,,207000,6000,5,1871,,1,0,0,0.028985507246376812
giro-d-italia/2005/stage-19,Giro d'Italia,80,,190000,4674,5,929,,1,0,0,0.0246
tirreno-adriatico/1998/stage-5,Tirreno-Adriatico,50,,208000,,,769,,1,0,0,
itzulia-basque-country/2011/stage-3,Vuelta Ciclista al País Vasco,50,6,177000,2560,,935,,1,0,0,0.014463276836158192
tour-de-france/2019/stage-14,Tour de France,100,120,111000,3376,5,1699,,1,0,0,0.030414414414414413
tour-de-romandie/2010/stage-5,Tour de Romandie,50,6,121800,,,678,,1,0,0,
giro-d-italia/2017/stage-21,Giro d'Italia,80,100,29300,25,1,881,,1,0,0,0.0008532423208191126
giro-d-italia/2014/stage-4,Giro d'Italia,80,16,112000,309,1,892,,1,0,0,0.0027589285714285715
giro-d-italia/1997/stage-13,Giro d'Italia,80,,150000,,,792,,1,0,0,
tour-de-france/2012/stage-11,Tour de France,100,,148000,4987,5,1703,,1,0,0,0.033695945945945945
tour-de-suisse/1993/stage-5,Tour de Suisse,50,,219500,,,655,,1,0,0,
giro-d-italia/1992/stage-19,Giro d'Italia,80,,201000,,,953,,1,0,0,
giro-d-italia/1999/stage-20,Giro d'Italia,80,,175000,,,1057,,1,0,0,
volta-a-catalunya/2007/stage-4,Volta Ciclista a Catalunya,50,,203100,,5,816,,1,0,0,
tour-de-france/2022/stage-4,Tour de France,100,120,171500,1785,1,1551,20,1,0,0,0.010408163265306122
giro-d-italia/2020/stage-4,Giro d'Italia,80,100,140000,1791,4,765,,1,0,0,0.012792857142857142
tirreno-adriatico/2013/stage-3,Tirreno-Adriatico,50,6,190000,2018,2,1331,,1,0,0,0.010621052631578948
giro-d-italia/1990/stage-10,Giro d'Italia,80,,68000,,,1061,,1,0,0,
giro-d-italia/2021/stage-2,Giro d'Italia,80,100,179000,707,1,885,,1,0,0,0.0039497206703910616
giro-d-italia/1994/stage-7,Giro d'Italia,80,,119000,,,1292,,1,0,0,
dauphine/2009/stage-1,Critérium du Dauphiné Libéré,50,,12100,,,708,,1,0,0,
vuelta-a-espana/2002/stage-21,Vuelta a España,80,,41200,373,1,1084,,1,0,0,0.009053398058252428
vuelta-a-espana/2016/stage-13,Vuelta a España,80,100,213400,3716,2,821,,1,0,0,0.017413308341143394
giro-d-italia/2017/stage-19,Giro d'Italia,80,100,191000,3551,5,881,,1,0,0,0.018591623036649213
tirreno-adriatico/2020/stage-8,Tirreno-Adriatico,50,60,10100,12,1,687,,1,0,0,0.001188118811881188
tour-de-suisse/1975/stage-2,Tour de Suisse,50,,199000,,,549,,1,0,0,
tour-de-romandie/2021/stage-3,Tour de Romandie,50,60,168700,1974,2,560,,1,0,0,0.011701244813278009
giro-d-italia/2022/stage-8,Giro d'Italia,80,100,153000,2243,2,817,22,1,0,0,0.014660130718954249
giro-d-italia/2004/stage-12,Giro d'Italia,80,,210000,171,1,621,,1,0,0,0.0008142857142857143
tour-de-suisse/1983/stage-2,Tour de Suisse,50,,209000,,,809,,1,0,0,
paris-nice/1982/stage-5,Paris - Nice,50,,158000,,,721,,1,0,0,
vuelta-a-espana/2018/stage-3,La Vuelta ciclista a España,80,100,178200,3160,4,1036,,1,0,0,0.017732884399551067
giro-d-italia/1994/stage-17,Giro d'Italia,80,,200000,,,1292,,1,0,0,
dauphine/2012/stage-2,Critérium du Dauphiné,50,6,160000,3002,,1117,,1,0,0,0.0187625
tour-de-france/1979/stage-13,Tour de France,100,,202000,2993,5,1381,,1,0,0,0.014816831683168316
tour-de-suisse/2019/stage-8,Tour de Suisse,50,60,19200,95,1,802,,1,0,0,0.0049479166666666664
il-lombardia/2007/result,Giro di Lombardia,275,,242000,3798,2,996,,0,0,0,0.015694214876033057
dwars-door-vlaanderen/2004/result,Dwars door Vlaanderen,75,,204000,,2,539,,0,0,0,
ronde-van-vlaanderen/2020/result,Ronde van Vlaanderen - Tour des Flandres ME,275,500,243300,2014,1,804,,0,0,0,0.00827784628031237
vuelta-a-espana/2000/stage-12,Vuelta a España,80,,132000,392,1,981,,1,0,0,0.00296969696969697
vuelta-a-espana/1983/stage-12,Vuelta a España,80,,147000,,,705,,1,0,0,
amstel-gold-race/1986/result,Amstel Gold Race,225,,242000,,,471,,0,0,0,
tirreno-adriatico/2021/stage-1,Tirreno-Adriatico,50,60,156000,1032,1,1108,,1,0,0,0.006615384615384615
omloop-het-nieuwsblad/1985/result,Omloop Het Volk,125,,223000,,,410,,0,0,0,
volta-a-catalunya/1970/stage-7b,Volta Ciclista a Catalunya,50,,32200,,,570,,1,0,0,
world-championship/2007/result,World Championships ME - Road Race,350,,267000,4576,,1275,,0,0,0,0.017138576779026218
giro-d-italia/2011/stage-19,Giro d'Italia,80,16,209000,3018,5,891,,1,0,0,0.014440191387559809
vuelta-a-espana/2005/stage-17,Vuelta a España,80,,165600,2973,4,960,,1,0,0,0.017952898550724638
tour-de-france/1995/prologue,Tour de France,100,,7300,280,1,1871,,1,0,0,0.038356164383561646
vuelta-a-espana/1987/stage-18,Vuelta a España,80,,24000,146,,838,,1,0,0,0.006083333333333333
vuelta-a-espana/1995/stage-11,Vuelta a España,80,,187000,2465,,883,,1,0,0,0.013181818181818182
world-championship/1971/result,World Championships - Road Race,350,,268800,3440,,1386,,0,0,0,0.012797619047619047
tirreno-adriatico/1992/stage-6,Tirreno-Adriatico,50,,184500,,,638,,1,0,0,
giro-d-italia/2014/stage-8,Giro d'Italia,80,16,179000,3515,5,892,,1,0,0,0.019636871508379887
tour-de-france/1986/stage-18,Tour de France,100,,162500,5000,5,1872,,1,0,0,0.03076923076923077
tirreno-adriatico/2009/stage-6,Tirreno-Adriatico,50,,235000,5262,5,1206,,1,0,0,0.022391489361702127
tour-de-france/1995/stage-18,Tour de France,100,,154000,2476,1,1871,,1,0,0,0.016077922077922076
dauphine/2021/stage-4,Critérium du Dauphiné,50,60,16400,317,3,790,,1,0,0,0.019329268292682927
tour-de-romandie/2011/stage-3,Tour de Romandie,50,6,166500,1569,,660,,1,0,0,0.009423423423423423
tour-de-france/2001/stage-13,Tour de France,70,,194000,5500,5,1496,,1,0,0,0.028350515463917526
paris-nice/1995/stage-3,Paris - Nice,50,,168000,,,861,,1,0,0,
tour-de-france/1980/stage-13,Tour de France,100,,200000,5500,4,1224,,1,0,0,0.0275
tour-de-suisse/1990/stage-9,Tour de Suisse,50,,194000,,,767,,1,0,0,
giro-d-italia/2001/stage-4,Giro d'Italia,80,,169000,2828,5,920,,1,0,0,0.016733727810650887
giro-d-italia/2012/stage-1,Giro d'Italia,80,16,8700,77,1,886,,1,0,0,0.008850574712643678
tirreno-adriatico/1979/prologue,Tirreno-Adriatico,50,,8000,,,446,,1,0,0,
tour-de-france/1993/stage-3,Tour de France,100,,189500,2317,1,1804,,1,0,0,0.012226912928759895
paris-nice/2012/stage-5,Paris - Nice,50,6,178000,3037,3,1079,,1,0,0,0.01706179775280899
vuelta-a-espana/2004/stage-16,Vuelta a España,80,,190000,732,1,1177,,1,0,0,0.0038526315789473684
tour-de-suisse/1970/stage-1,Tour de Suisse,50,,185000,,,393,,1,0,0,
vuelta-a-espana/1989/stage-3b,Vuelta a España,80,,101000,2255,,803,,1,0,0,0.022326732673267326
vuelta-a-espana/2002/stage-17,Vuelta a España,80,,145600,833,1,1084,,1,0,0,0.005721153846153846
tour-de-france/1979/stage-9,Tour de France,100,,203000,1137,1,1381,,1,0,0,0.0056009852216748765
paris-nice/1994/stage-5,Paris - Nice,50,,199300,,,900,,1,0,0,
tour-de-romandie/1987/stage-3,Tour de Romandie,50,,163400,,,251,,1,0,0,
omloop-het-nieuwsblad/1989/result,Omloop Het Volk,125,,244000,,,872,,0,0,0,
dauphine/2023/stage-4,Critérium du Dauphiné,50,60,31100,408,2,781,27,1,0,0,0.013118971061093247
tirreno-adriatico/2001/stage-5,Tirreno-Adriatico,50,,14200,,,1092,,1,0,0,
tour-de-suisse/2023/stage-1,Tour de Suisse,50,60,12700,76,1,855,23,1,0,0,0.005984251968503937
tour-de-france/1990/stage-17,Tour de France,100,,150000,2586,4,1959,,1,0,0,0.01724
dauphine/1970/stage-5b,Critérium du Dauphiné Libéré,50,,34000,,,766,,1,0,0,
tour-de-romandie/2014/stage-2,Tour de Romandie,50,6,166500,1834,4,847,,1,0,0,0.011015015015015015
gp-montreal/2013/result,Grand Prix Cycliste de Montréal,225,,205700,,1,912,,0,0,0,
tour-de-france/2007/stage-10,Tour de France,100,,229500,1917,2,1612,,1,0,0,0.008352941176470589
tour-de-suisse/2005/stage-9,Tour de Suisse,50,,100000,,,971,,1,0,0,
liege-bastogne-liege/2017/result,Liège - Bastogne - Liège,275,500,258000,4187,3,998,,0,0,0,0.016228682170542637
la-fleche-wallone/2007/result,La Flèche Wallonne,225,,202000,,3,1143,,0,0,0,
dauphine/1975/stage-4,Critérium du Dauphiné Libéré,50,,149000,,,889,,1,0,0,
omloop-het-nieuwsblad/2007/result,Omloop Het Volk ME,125,,200000,,2,605,,0,0,0,
uae-tour/2020/stage-4,UAE Tour,50,40,173000,541,1,747,,1,0,0,0.0031271676300578034
vuelta-a-espana/1993/stage-5,Vuelta a España,80,,219800,3595,,819,,1,0,0,0.016355777979981802
vuelta-a-espana/1985/stage-13,Vuelta a España,80,,193000,2500,,925,,1,0,0,0.012953367875647668
vuelta-a-espana/2016/stage-7,Vuelta a España,80,100,158500,2616,2,821,,1,0,0,0.01650473186119874
paris-roubaix/2022/result,Paris-Roubaix,275,500,257200,1362,1,747,17,0,0,0,0.005295489891135303
la-fleche-wallone/2011/result,La Flèche Wallonne,225,,201000,,3,1109,,0,0,0,
tour-de-romandie/2013/stage-5,Tour de Romandie,50,6,18600,34,1,956,,1,0,0,0.0018279569892473118
tour-de-france/2000/stage-12,Tour de France,100,,149000,3830,5,1437,,1,0,0,0.02570469798657718
tour-de-france/2016/stage-6,Tour de France,100,120,190500,2025,2,1758,,1,0,0,0.01062992125984252
paris-nice/1988/stage-6a,Paris - Nice,50,,100000,,,1146,,1,0,0,
volta-a-catalunya/1981/stage-4,Volta Ciclista a Catalunya,50,,180500,,,388,,1,0,0,
dauphine/1994/stage-2,Critérium du Dauphiné Libéré,50,,208000,,,362,,1,0,0,
ronde-van-vlaanderen/1974/result,Ronde van Vlaanderen / Tour des Flandres,275,,256000,,,816,,0,0,0,
tirreno-adriatico/2018/stage-7,Tirreno-Adriatico,50,60,10050,9,1,1196,,1,0,0,0.0008955223880597015
tour-de-france/1988/stage-11,Tour de France,100,,232000,4000,3,1941,,1,0,0,0.017241379310344827
vuelta-a-espana/2013/stage-11,Vuelta a España,80,16,38800,687,2,1128,,1,0,0,0.01770618556701031
tour-de-france/1999/stage-8,Tour de France,70,,56500,708,1,1255,,1,0,0,0.012530973451327433
tour-de-france/2013/stage-1,Tour de France,100,20,213000,1529,1,1690,,1,0,0,0.007178403755868545
vuelta-a-espana/2006/stage-14,Vuelta a España,80,,33000,429,1,1026,,1,0,0,0.013
vuelta-a-espana/2016/stage-15,Vuelta a España,80,100,118500,3877,5,821,,1,0,0,0.03271729957805907
vuelta-a-espana/2022/stage-19,La Vuelta ciclista a España,80,100,138300,2278,4,968,29,1,0,0,0.016471438900939987
volta-a-catalunya/2019/stage-7,Volta Ciclista a Catalunya,50,50,143100,2225,2,918,,1,0,0,0.015548567435359888
giro-d-italia/1992/stage-8,Giro d'Italia,80,,165000,,,953,,1,0,0,
tour-de-romandie/2002/prologue,Tour de Romandie,50,,3200,,,535,,1,0,0,
volta-a-catalunya/2006/stage-1,Volta Ciclista a Catalunya,50,,12600,,1,882,,1,0,0,
tour-de-suisse/2010/stage-5,Tour de Suisse,50,6,213300,,,1198,,1,0,0,
giro-d-italia/1999/stage-13,Giro d'Italia,80,,243000,,,1057,,1,0,0,
paris-nice/1994/stage-2,Paris - Nice,50,,161000,,,900,,1,0,0,
paris-roubaix/1999/result,Paris - Roubaix,275,,273000,,1,783,,0,0,0,
tour-de-romandie/2005/stage-4,Tour de Romandie,50,,150200,,,799,,1,0,0,
paris-nice/1980/stage-1b,Paris - Nice,50,,116000,,,1128,,1,0,0,
vuelta-a-espana/1997/stage-16,Vuelta a España,80,,169000,2070,,1165,,1,0,0,0.012248520710059172
volta-a-catalunya/2019/stage-4,Volta Ciclista a Catalunya,50,50,150300,3500,4,918,,1,0,0,0.023286759813705923
tour-de-france/2018/stage-1,Tour de France,100,120,201000,454,1,1689,,1,0,0,0.0022587064676616916
giro-d-italia/2012/stage-9,Giro d'Italia,80,16,166000,1298,1,886,,1,0,0,0.007819277108433735
tour-de-romandie/1991/stage-3,Tour de Romandie,50,,179000,,,521,,1,0,0,
paris-nice/1985/stage-1,Paris - Nice,50,,179500,,,815,,1,0,0,
tour-de-france/1996/stage-13,Tour de France,100,,177000,3000,3,1872,,1,0,0,0.01694915254237288
itzulia-basque-country/2005/stage-2,Vuelta al País Vasco,50,,166000,,,1217,,1,0,0,
paris-nice/1992/stage-7b,Paris - Nice,50,,12000,,,877,,1,0,0,
tour-de-suisse/1970/stage-2,Tour de Suisse,50,,160000,,,393,,1,0,0,
tour-de-france/1984/stage-4,Tour de France,100,,83000,428,1,1632,,1,0,0,0.005156626506024096
tirreno-adriatico/1993/stage-1,Tirreno-Adriatico,50,,189000,,,568,,1,0,0,
tour-de-suisse/1984/stage-5,Tour de Suisse,50,,174500,,,646,,1,0,0,
san-sebastian/2018/result,Clasica Ciclista San Sebastian,225,400,228700,4130,2,790,,0,0,0,0.01805859204197639
itzulia-basque-country/2019/stage-4,Itzulia Basque Country,50,50,163600,2223,2,762,,1,0,0,0.0135880195599022
uae-tour/2020/stage-1,UAE Tour,50,40,148000,1556,1,747,,1,0,0,0.010513513513513513
paris-nice/2000/stage-5,Paris - Nice,50,,196200,,,880,,1,0,0,
vuelta-a-espana/2008/stage-14,Vuelta a España,80,,158400,3589,5,1101,,1,0,0,0.022657828282828283
amstel-gold-race/2002/result,Amstel Gold Race,225,,254400,,,977,,0,0,0,
paris-nice/2017/stage-5,Paris - Nice,50,60,199500,2272,2,1158,,1,0,0,0.011388471177944863
giro-d-italia/2021/stage-15,Giro d'Italia,80,100,147000,1682,2,885,,1,0,0,0.0114421768707483
tour-de-france/1979/stage-16,Tour de France,100,,201000,5000,5,1381,,1,0,0,0.024875621890547265
tour-de-france/2008/stage-20,Tour de France,100,,53000,408,1,1520,,1,0,0,0.00769811320754717
paris-nice/2000/stage-1,Paris - Nice,50,,201000,,,880,,1,0,0,
itzulia-basque-country/2000/stage-4,Vuelta al País Vasco,50,,199000,,,992,,1,0,0,
vuelta-a-espana/2018/stage-6,La Vuelta ciclista a España,80,100,155700,1399,2,1036,,1,0,0,0.008985228002569044
omloop-het-nieuwsblad/1983/result,Omloop Het Volk,125,,220000,,,756,,0,0,0,
dauphine/2015/stage-7,Critérium du Dauphiné,50,6,155000,4282,5,997,,1,0,0,0.027625806451612903
dauphine/2000/stage-7,Criterium du Dauphiné Libére,50,,147000,,,494,,1,0,0,
tour-de-france/2018/stage-21,Tour de France,100,120,116000,732,1,1689,,1,0,0,0.006310344827586207
la-fleche-wallone/2010/result,La Flèche Wallonne,225,,198000,,3,1178,,0,0,0,
paris-roubaix/2011/result,Paris - Roubaix,275,,258000,,1,836,,0,0,0,
tour-de-romandie/2004/stage-4,Tour de Romandie,50,,127700,,,507,,1,0,0,
itzulia-basque-country/2009/stage-1,Vuelta Ciclista al País Vasco,50,,142500,,,1029,,1,0,0,
la-fleche-wallone/1998/result,La Flèche Wallonne,225,,201000,,,860,,0,0,0,
tour-de-france/2002/stage-18,Tour de France,100,,176500,3814,2,1489,,1,0,0,0.021609065155807364
vuelta-a-espana/2003/stage-12,Vuelta a España,80,,168800,743,1,935,,1,0,0,0.0044016587677725115
itzulia-basque-country/2000/stage-3,Vuelta al País Vasco,50,,190000,,,992,,1,0,0,
vuelta-a-espana/1995/stage-17,Vuelta a España,80,,179200,3845,,883,,1,0,0,0.021456473214285714
tour-de-suisse/2006/stage-5,Tour de Suisse,50,,229500,,,972,,1,0,0,
giro-d-italia/2004/stage-19,Giro d'Italia,80,,122000,3428,4,621,,1,0,0,0.028098360655737706
itzulia-basque-country/2008/stage-4,Vuelta Ciclista al País Vasco,50,,171000,,,838,,1,0,0,
giro-d-italia/2015/stage-12,Giro d'Italia,80,16,190000,1288,3,861,,1,0,0,0.006778947368421053
tirreno-adriatico/2014/stage-5,Tirreno-Adriatico,50,6,192000,3111,5,1269,,1,0,0,0.016203125
tour-de-suisse/2002/stage-8,Tour de Suisse,50,,228900,,,673,,1,0,0,
tour-de-france/2011/stage-17,Tour de France,100,20,179000,3193,4,1713,,1,0,0,0.017837988826815643
tour-de-france/2022/stage-11,Tour de France,100,120,151700,4070,5,1551,25,1,0,0,0.026829268292682926
tour-de-suisse/1996/prologue,Tour de Suisse,50,,5400,,,971,,1,0,0,
vuelta-a-espana/2011/stage-19,Vuelta a España,80,16,157900,2708,2,1170,,1,0,0,0.01715009499683344
tour-de-france/2022/stage-12,Tour de France,100,120,165100,4660,5,1551,26,1,0,0,0.028225317989097515
vuelta-a-espana/1981/stage-8b,Vuelta a España,80,,30500,,,457,,1,0,0,
vuelta-a-espana/1980/stage-16a,Vuelta a España,80,,131000,,,520,,1,0,0,
tour-de-suisse/2004/stage-5,Tour de Suisse,50,,161700,,,676,,1,0,0,
giro-d-italia/2017/stage-8,Giro d'Italia,80,100,189000,2127,2,881,,1,0,0,0.011253968253968254
vuelta-a-espana/1988/stage-17,Vuelta a España,80,,244400,1721,,828,,1,0,0,0.007041734860883797
tirreno-adriatico/1991/stage-5,Tirreno-Adriatico,50,,154500,,,710,,1,0,0,
milano-sanremo/2018/result,Milano-Sanremo,275,500,294000,2143,2,1096,,0,0,0,0.007289115646258504
paris-nice/1972/prologue,Paris - Nice,50,,1700,,,1086,,1,0,0,
tour-de-france/2015/stage-2,Tour de France,100,20,166000,241,1,1812,,1,0,0,0.0014518072289156627
vuelta-a-espana/2022/stage-8,La Vuelta ciclista a España,80,100,153400,3741,5,968,20,1,0,0,0.02438722294654498
tour-de-france/2016/stage-16,Tour de France,100,120,209000,1967,2,1758,,1,0,0,0.009411483253588517
vuelta-a-espana/2018/stage-12,La Vuelta ciclista a España,80,100,181100,3021,2,1036,,1,0,0,0.016681391496410822
tour-de-france/1988/stage-18,Tour de France,100,,93500,1489,3,1941,,1,0,0,0.015925133689839572
tour-de-suisse/1995/stage-9,Tour de Suisse,50,,195600,,,764,,1,0,0,
tour-de-suisse/1977/prologue,Tour de Suisse,50,,4000,,,627,,1,0,0,
volta-a-catalunya/2018/stage-4,Volta Ciclista a Catalunya,50,50,170800,4173,5,659,,1,0,0,0.02443208430913349
tour-de-france/2014/stage-14,Tour de France,100,20,177000,4838,5,1612,,1,0,0,0.027333333333333334
paris-nice/1976/stage-6a,Paris - Nice,50,,96000,,,779,,1,0,0,
tour-de-france/1978/stage-17,Tour de France,100,,225000,6500,4,1241,,1,0,0,0.028888888888888888
tour-de-suisse/2019/stage-9,Tour de Suisse,50,60,101500,3071,4,802,,1,0,0,0.03025615763546798
dauphine/2010/stage-7,Critérium du Dauphiné,50,6,151500,,5,673,,1,0,0,
tirreno-adriatico/1996/stage-6,Tirreno-Adriatico,50,,192000,,,585,,1,0,0,
paris-nice/2022/stage-5,Paris - Nice,50,60,188800,3408,4,1182,,1,0,0,0.01805084745762712
la-fleche-wallone/1994/result,La Flèche Wallonne,225,,205000,,,636,,0,0,0,
la-fleche-wallone/2017/result,La Flèche Wallonne,225,400,200500,2596,3,865,,0,0,0,0.012947630922693267
vuelta-a-espana/2004/stage-5,Vuelta a España,80,,186500,2240,3,1177,,1,0,0,0.012010723860589812
ronde-van-vlaanderen/1983/result,Ronde van Vlaanderen / Tour des Flandres,275,,272000,,,433,,0,0,0,
vuelta-a-espana/2020/stage-9,La Vuelta ciclista a España,80,100,157700,1163,1,692,,1,0,0,0.007374762206721623
tirreno-adriatico/2004/stage-3,Tirreno-Adriatico,50,,168000,,3,926,,1,0,0,
tour-de-suisse/1977/stage-9b,Tour de Suisse,50,,19400,,,627,,1,0,0,
itzulia-basque-country/2009/stage-4,Vuelta Ciclista al País Vasco,50,,161000,,,1029,,1,0,0,
tour-de-romandie/2008/stage-3,Tour de Romandie,50,,18800,,,590,,1,0,0,
giro-d-italia/2008/stage-17,Giro d'Italia,80,,146000,1417,2,1058,,1,0,0,0.009705479452054794
giro-d-italia/2002/stage-14,Giro d'Italia,80,,30300,471,1,920,,1,0,0,0.015544554455445544
tour-de-romandie/1996/stage-3,Tour de Romandie,50,,177000,,,614,,1,0,0,
vuelta-a-espana/2018/stage-14,La Vuelta ciclista a España,80,100,171000,3314,4,1036,,1,0,0,0.019380116959064327
paris-nice/2002/prologue,Paris - Nice,50,,5200,,,883,,1,0,0,
tour-de-france/1999/stage-9,Tour de France,70,,215000,5500,5,1255,,1,0,0,0.02558139534883721
vuelta-a-espana/2019/stage-20,La Vuelta ciclista a España,80,100,190400,4559,5,798,,1,0,0,0.023944327731092438
tour-de-france/1997/stage-4,Tour de France,100,,223000,1809,1,1994,,1,0,0,0.008112107623318385
dauphine/2017/stage-4,Critérium du Dauphiné,50,60,23500,321,1,1024,,1,0,0,0.013659574468085106
vuelta-a-espana/1998/stage-5,Vuelta a España,80,,166000,662,,1309,,1,0,0,0.003987951807228916
liege-bastogne-liege/2005/result,Liège - Bastogne - Liège,275,,260000,,,1112,,0,0,0,
volta-a-catalunya/2011/stage-5,Volta Ciclista a Catalunya,50,6,213500,,,732,,1,0,0,
la-fleche-wallone/1983/result,La Flèche Wallonne,225,,248000,,,685,,0,0,0,
itzulia-basque-country/2022/stage-1,Itzulia Basque Country,50,50,7510,100,2,741,,1,0,0,0.013315579227696404
tour-de-suisse/1979/stage-3a,Tour de Suisse,50,,20000,,,538,,1,0,0,
tour-de-france/2019/stage-8,Tour de France,100,120,200000,3844,2,1699,,1,0,0,0.01922
tour-de-suisse/1994/stage-2,Tour de Suisse,50,,192000,,,616,,1,0,0,
paris-nice/1972/stage-4a,Paris - Nice,50,,88000,,,1086,,1,0,0,
paris-nice/1980/stage-4,Paris - Nice,50,,131000,,,1128,,1,0,0,
giro-d-italia/2008/stage-16,Giro d'Italia,80,,12900,1084,5,1058,,1,0,0,0.08403100775193799
e3-harelbeke/1989/result,E3-Prijs Harelbeke,125,,211000,,,330,,0,0,0,
tour-de-france/1997/stage-13,Tour de France,100,,203500,3500,5,1994,,1,0,0,0.0171990171990172
volta-a-catalunya/1977/stage-2,Volta Ciclista a Catalunya,50,,150900,,,490,,1,0,0,
giro-d-italia/2013/stage-17,Giro d'Italia,80,16,214000,887,2,930,,1,0,0,0.004144859813084112
tirreno-adriatico/1981/prologue,Tirreno-Adriatico,50,,4300,,,554,,1,0,0,
giro-d-italia/2008/stage-14,Giro d'Italia,80,,195000,5091,5,1058,,1,0,0,0.026107692307692307
volta-a-catalunya/2001/stage-7,Volta a Catalunya,50,,176100,,5,617,,1,0,0,
amstel-gold-race/1972/result,Amstel Gold Race,225,,237000,,,339,,0,0,0,
vuelta-a-espana/1993/stage-18,Vuelta a España,80,,170000,2247,,819,,1,0,0,0.01321764705882353
tirreno-adriatico/1995/stage-7,Tirreno-Adriatico,50,,180000,,,749,,1,0,0,
vuelta-a-espana/1989/stage-22,Vuelta a España,80,,177000,2500,,803,,1,0,0,0.014124293785310734
tour-de-romandie/1984/stage-5a,Tour de Romandie,50,,103800,,,491,,1,0,0,
tour-de-france/2015/stage-20,Tour de France,100,20,110500,3164,5,1812,,1,0,0,0.028633484162895927
il-lombardia/1971/result,Giro di Lombardia,275,,266000,,,575,,0,0,0,
tour-de-suisse/1984/stage-4,Tour de Suisse,50,,22500,,,646,,1,0,0,
giro-d-italia/2023/stage-13,Giro d'Italia,80,180,74600,2456,5,835,12,1,0,0,0.03292225201072386
gran-camino/2023/stage-3,O Gran Camiño,20,14,123400,2280,5,156,,1,0,0,0.018476499189627228
tour-de-france/2009/stage-12,Tour de France,100,,211500,2340,2,1557,,1,0,0,0.011063829787234043
vuelta-a-espana/2020/stage-2,La Vuelta ciclista a España,80,100,151600,2435,4,692,,1,0,0,0.016062005277044857
vuelta-a-espana/2013/stage-2,Vuelta a España,80,16,177700,2317,5,1128,,1,0,0,0.013038829487900958
vuelta-a-espana/2015/stage-11,Vuelta a España,80,16,138000,5421,5,1115,,1,0,0,0.03928260869565217
dauphine/2005/prologue,Critérium du Dauphiné Libéré,30,,7900,,,933,,1,0,0,
vuelta-a-espana/1985/stage-3,Vuelta a España,80,,197000,3500,,925,,1,0,0,0.017766497461928935
tour-de-suisse/1970/stage-9,Tour de Suisse,50,,182000,,,393,,1,0,0,
tour-de-france/1978/stage-20,Tour de France,100,,72000,719,2,1241,,1,0,0,0.00998611111111111
volta-a-catalunya/1984/stage-6,Volta Ciclista a Catalunya,50,,179000,,,319,,1,0,0,
tour-de-romandie/1998/prologue,Tour de Romandie,50,,4800,,,857,,1,0,0,
vuelta-a-espana/1986/stage-8,Vuelta a España,80,,9700,494,,843,,1,0,0,0.05092783505154639
giro-d-italia/2015/stage-20,Giro d'Italia,80,16,196000,3355,5,861,,1,0,0,0.01711734693877551
tour-de-france/2010/stage-12,Tour de France,100,20,210500,3485,3,1685,,1,0,0,0.016555819477434678
itzulia-basque-country/2019/stage-1,Itzulia Basque Country,50,50,11300,269,2,762,,1,0,0,0.023805309734513273
tour-de-france/2010/stage-18,Tour de France,100,20,198000,1056,1,1685,,1,0,0,0.005333333333333333
tour-de-suisse/1979/stage-3b,Tour de Suisse,50,,151000,,,538,,1,0,0,
giro-d-italia/1998/stage-17,Giro d'Italia,80,,215000,,,923,,1,0,0,
giro-d-italia/2003/stage-19,Giro d'Italia,80,,239000,2652,5,734,,1,0,0,0.011096234309623431
dauphine/2021/stage-3,Critérium du Dauphiné,50,60,172200,2096,3,790,,1,0,0,0.012171893147502904
itzulia-basque-country/2023/stage-6,Itzulia Basque Country,50,50,137800,3472,4,719,20,1,0,0,0.025195936139332367
tirreno-adriatico/1999/stage-1,Tirreno-Adriatico,50,,131000,,,1150,,1,0,0,
tour-de-suisse/2011/prologue,Tour de Suisse,50,6,7300,,,972,,1,0,0,
tour-de-suisse/1974/stage-7,Tour de Suisse,50,,177000,,,541,,1,0,0,
dwars-door-vlaanderen/2022/result,Dwars door Vlaanderen - A travers la Flandre ME,225,300,183700,1649,2,648,28,0,0,0,0.008976592270005444
giro-d-italia/2002/stage-9,Giro d'Italia,80,,201000,1546,2,920,,1,0,0,0.007691542288557214
liege-bastogne-liege/2022/result,Liège-Bastogne-Liège,275,500,257200,4342,2,1101,14,0,0,0,0.01688180404354588
volta-a-catalunya/2022/stage-6,Volta Ciclista a Catalunya,50,50,168600,2706,2,722,36,1,0,0,0.01604982206405694
giro-d-italia/2016/stage-11,Giro d'Italia,80,100,227000,777,2,933,,1,0,0,0.003422907488986784
liege-bastogne-liege/1991/result,Liège - Bastogne - Liège,275,,267000,,,1263,,0,0,0,
vuelta-a-espana/2006/stage-12,Vuelta a España,80,,169300,1866,1,1026,,1,0,0,0.011021854695806261
vuelta-a-espana/1982/stage-10,Vuelta a España,80,,181000,,,523,,1,0,0,
vuelta-a-espana/2020/stage-12,La Vuelta ciclista a España,80,100,109400,3125,5,692,,1,0,0,0.02856489945155393
vuelta-a-espana/2022/stage-3,La Vuelta ciclista a España,80,100,193200,255,1,968,23,1,0,0,0.0013198757763975156
uae-tour/2023/stage-4,UAE Tour,50,40,174000,304,1,530,29,1,0,0,0.0017471264367816092
tirreno-adriatico/2023/stage-3,Tirreno-Adriatico,50,60,216000,2601,2,1044,15,1,0,0,0.012041666666666668
dauphine/2009/stage-7,Critérium du Dauphiné Libéré,50,,157000,,,708,,1,0,0,
tour-de-france/1984/stage-6,Tour de France,100,,202000,1822,2,1632,,1,0,0,0.00901980198019802
paris-nice/1970/stage-1,Paris - Nice,50,,141000,,,1121,,1,0,0,
tirreno-adriatico/1990/stage-6,Tirreno-Adriatico,50,,192000,,,590,,1,0,0,
giro-d-italia/2020/stage-7,Giro d'Italia,80,100,143000,450,1,765,,1,0,0,0.003146853146853147
paris-nice/2022/stage-6,Paris - Nice,50,60,213600,2878,2,1182,,1,0,0,0.01347378277153558
giro-d-italia/2020/stage-6,Giro d'Italia,80,100,188000,2821,2,765,,1,0,0,0.01500531914893617
tour-de-france/2016/stage-3,Tour de France,100,120,223500,1975,2,1758,,1,0,0,0.00883668903803132
tour-de-suisse/1999/stage-9,Tour de Suisse,50,,225200,,,900,,1,0,0,
giro-d-italia/1993/stage-16,Giro d'Italia,80,,181000,,,1089,,1,0,0,
giro-d-italia/2023/stage-15,Giro d'Italia,80,180,195000,4040,4,835,20,1,0,0,0.020717948717948718
giro-d-italia/2020/stage-19,Giro d'Italia,80,100,124000,406,1,765,,1,0,0,0.003274193548387097
paris-nice/2009/stage-7,Paris - Nice,30,,191000,,3,796,,1,0,0,
dauphine/2002/stage-5,Critérium du Dauphiné Libéré,50,,204000,,,602,,1,0,0,
omloop-het-nieuwsblad/2019/result,Omloop Het Nieuwsblad ME,225,300,200000,1653,2,747,,0,0,0,0.008265
tirreno-adriatico/2015/stage-1,Tirreno-Adriatico,50,6,5400,2,1,1017,,1,0,0,0.00037037037037037035
vuelta-a-espana/1999/stage-18,Vuelta a España,80,,166300,2976,,1342,,1,0,0,0.017895369813589898
giro-d-italia/2023/stage-2,Giro d'Italia,80,180,202000,1831,2,835,23,1,0,0,0.009064356435643564
volta-a-catalunya/2016/stage-4,Volta Ciclista a Catalunya,50,50,172200,4644,5,1045,,1,0,0,0.026968641114982577
giro-d-italia/2008/stage-21,Giro d'Italia,80,,28000,12,1,1058,,1,0,0,0.00042857142857142855
paris-nice/2015/stage-6,Paris - Nice,50,6,181500,3591,4,1225,,1,0,0,0.01978512396694215
vuelta-a-espana/1987/stage-7,Vuelta a España,80,,186000,4500,,838,,1,0,0,0.024193548387096774
tour-de-france/1984/stage-20,Tour de France,100,,140500,3484,5,1632,,1,0,0,0.02479715302491103
tirreno-adriatico/2006/stage-2,Tirreno-Adriatico,50,,171000,,1,1210,,1,0,0,
tour-de-france/2019/stage-1,Tour de France,100,120,194500,1582,3,1699,,1,0,0,0.008133676092544987
san-sebastian/1997/result,Clasica Ciclista San Sebastian,225,,234000,,2,1116,,0,0,0,
tour-de-suisse/1998/stage-4,Tour de Suisse,50,,230000,,,971,,1,0,0,
volta-a-catalunya/2008/stage-5,Volta Ciclista a Catalunya,50,,163900,,2,616,,1,0,0,
paris-nice/2017/stage-7,Paris - Nice,50,60,177000,4487,5,1158,,1,0,0,0.025350282485875706
vuelta-a-espana/2001/stage-14,Vuelta a España,80,,170500,1376,1,971,,1,0,0,0.008070381231671555
tour-de-suisse/1974/stage-3a,Tour de Suisse,50,,110500,,,541,,1,0,0,
tirreno-adriatico/2002/stage-2,Tirreno-Adriatico,50,,212000,,,1056,,1,0,0,
tirreno-adriatico/1997/stage-3,Tirreno-Adriatico,50,,213000,,,692,,1,0,0,
tour-de-romandie/2010/stage-4,Tour de Romandie,50,6,157900,,,678,,1,0,0,
giro-d-italia/1995/stage-15,Giro d'Italia,80,,185000,,,1365,,1,0,0,
tour-de-france/1983/stage-13,Tour de France,100,,210000,3500,2,1269,,1,0,0,0.016666666666666666
world-championship/1997/result,World Championships - Road Race,350,,265500,2893,,1398,,0,0,0,0.010896421845574388
volta-a-catalunya/1995/stage-4,Volta Ciclista a Catalunya,50,,226800,6687,,737,,1,0,0,0.029484126984126984
itzulia-basque-country/2013/stage-2,Vuelta Ciclista al País Vasco,50,6,170200,2080,2,927,,1,0,0,0.012220916568742655
tour-de-france/2017/stage-1,Tour de France,100,120,14000,61,1,1791,,1,0,0,0.004357142857142857
tour-de-france/2012/stage-16,Tour de France,100,20,197000,5291,4,1703,,1,0,0,0.026857868020304567
tour-de-suisse/2006/stage-7,Tour de Suisse,50,,233700,,,972,,1,0,0,
giro-d-italia/1998/stage-6,Giro d'Italia,80,,160000,,,923,,1,0,0,
tour-de-romandie/1989/stage-4,Tour de Romandie,50,,16800,,,502,,1,0,0,
giro-d-italia/2003/stage-10,Giro d'Italia,80,,211000,3431,2,734,,1,0,0,0.016260663507109006
vuelta-a-espana/2006/stage-17,Vuelta a España,80,,167000,3598,4,1026,,1,0,0,0.02154491017964072
paris-nice/2014/stage-1,Paris - Nice,50,6,162500,1235,1,971,,1,0,0,0.0076
giro-d-italia/2004/stage-7,Giro d'Italia,80,,214000,2599,5,621,,1,0,0,0.012144859813084111
giro-d-italia/2022/stage-5,Giro d'Italia,80,100,174000,1968,2,817,20,1,0,0,0.011310344827586206
tirreno-adriatico/2022/stage-1,Tirreno-Adriatico,50,60,13900,4,1,1059,,1,0,0,0.00028776978417266187
uae-tour/2020/stage-5,UAE Tour,50,40,162000,1408,5,747,,1,0,0,0.008691358024691358
liege-bastogne-liege/1987/result,Liège - Bastogne - Liège,275,,260000,,,862,,0,0,0,
vuelta-a-espana/1985/stage-1,Vuelta a España,80,,177000,789,,925,,1,0,0,0.004457627118644068
giro-d-italia/1992/stage-18,Giro d'Italia,80,,260000,,,953,,1,0,0,
gp-montreal/2010/result,Grand Prix Cycliste de Montréal,225,,193600,,2,815,,0,0,0,
tirreno-adriatico/1994/stage-4,Tirreno-Adriatico,50,,180000,,,727,,1,0,0,
tour-de-france/1986/stage-14,Tour de France,100,,154000,1171,1,1872,,1,0,0,0.007603896103896104
e3-harelbeke/2003/result,E3 Prijs Vlaanderen,125,,209000,,2,684,,0,0,0,
dauphine/2000/stage-5,Criterium du Dauphiné Libére,50,,201000,,,494,,1,0,0,
vuelta-a-espana/1994/stage-19,Vuelta a España,80,,171000,3433,,791,,1,0,0,0.020076023391812865
giro-d-italia/2007/stage-17,Giro d'Italia,80,,142000,3432,5,844,,1,0,0,0.024169014084507043
tour-de-france/2017/stage-13,Tour de France,100,120,101000,2856,4,1791,,1,0,0,0.028277227722772278
vuelta-a-espana/1992/stage-4,Vuelta a España,80,,229000,1700,,1033,,1,0,0,0.007423580786026201
vuelta-a-espana/1985/stage-7,Vuelta a España,80,,190000,4500,,925,,1,0,0,0.02368421052631579
itzulia-basque-country/2003/stage-3,Vuelta al País Vasco,50,,191000,,,910,,1,0,0,
tour-de-france/2008/stage-6,Tour de France,100,,195500,3280,5,1520,,1,0,0,0.016777493606138106
giro-d-italia/1996/stage-21,Giro d'Italia,80,,250000,,,1034,,1,0,0,
tour-de-suisse/2016/stage-4,Tour de Suisse,50,60,193000,2305,3,680,,1,0,0,0.01194300518134715
tour-de-suisse/2019/stage-4,Tour de Suisse,50,60,163900,1953,2,802,,1,0,0,0.011915802318486882
paris-nice/2002/stage-3,Paris - Nice,50,,147500,,,883,,1,0,0,
il-lombardia/1972/result,Giro di Lombardia,275,,266000,,,530,,0,0,0,
vuelta-a-espana/1984/stage-9,Vuelta a España,80,,159000,,,747,,1,0,0,
giro-d-italia/2002/stage-2,Giro d'Italia,50,,209000,2677,3,920,,1,0,0,0.012808612440191387
tour-de-france/1989/stage-6,Tour de France,100,,259000,1854,1,1849,,1,0,0,0.007158301158301158
vuelta-a-espana/1984/stage-14,Vuelta a España,80,,12000,,,747,,1,0,0,
dauphine/1983/prologue,Critérium du Dauphiné Libéré,50,,4500,,,621,,1,0,0,
tour-de-france/2002/stage-19,Tour de France,70,,50000,857,1,1489,,1,0,0,0.01714
giro-d-italia/1999/stage-5,Giro d'Italia,80,,147000,,,1057,,1,0,0,
giro-d-italia/2011/stage-6,Giro d'Italia,80,16,216000,3121,3,891,,1,0,0,0.014449074074074074
e3-harelbeke/1984/result,E3-Prijs Harelbeke,125,,225000,,,216,,0,0,0,
giro-d-italia/1991/stage-10,Giro d'Italia,80,,43000,,,908,,1,0,0,
dauphine/1977/stage-7b,Critérium du Dauphiné Libéré,50,,36500,,,809,,1,0,0,
la-fleche-wallone/2018/result,La Flèche Wallonne,225,400,198500,3257,3,1053,,0,0,0,0.016408060453400503
tour-de-suisse/1982/stage-4a,Tour de Suisse,50,,114000,,,657,,1,0,0,
amstel-gold-race/2005/result,Amstel Gold Race,225,,251100,,,1178,,0,0,0,
tour-de-france/2017/stage-19,Tour de France,100,120,222500,2613,1,1791,,1,0,0,0.011743820224719101
tour-de-suisse/1991/stage-6,Tour de Suisse,50,,252000,,,796,,1,0,0,
dauphine/1983/stage-2a,Critérium du Dauphiné Libéré,50,,54000,,,621,,1,0,0,
tour-de-suisse/1971/stage-2,Tour de Suisse,50,,150000,,,302,,1,0,0,
tour-de-suisse/2011/stage-6,Tour de Suisse,50,6,157700,,,972,,1,0,0,
tour-de-suisse/1990/stage-2,Tour de Suisse,50,,200500,,,767,,1,0,0,
itzulia-basque-country/2013/stage-3,Vuelta Ciclista al País Vasco,50,6,164700,2308,3,927,,1,0,0,0.014013357619914997
dauphine/1994/stage-4,Critérium du Dauphiné Libéré,50,,196000,,,362,,1,0,0,
tirreno-adriatico/2022/stage-2,Tirreno-Adriatico,50,60,219000,2144,2,1059,,1,0,0,0.009789954337899543
giro-d-italia/2009/stage-6,Giro d'Italia,80,,242000,3252,4,975,,1,0,0,0.013438016528925619
vuelta-a-espana/1989/stage-19,Vuelta a España,80,,159000,851,,803,,1,0,0,0.005352201257861635
tour-de-france/2016/stage-14,Tour de France,100,120,208500,1958,2,1758,,1,0,0,0.009390887290167866
tour-de-romandie/1996/stage-7,Tour de Romandie,50,,174400,,,614,,1,0,0,
vuelta-a-espana/2013/stage-7,Vuelta a España,80,16,205900,1779,1,1128,,1,0,0,0.00864011656143759
tour-de-suisse/1970/stage-6,Tour de Suisse,50,,195000,,,393,,1,0,0,
world-championship/2010/result,World Championships ME - Road Race,350,,262700,2492,,1307,,0,0,0,0.009486105824133994
world-championship/1982/result,World Championships - Road Race,350,,275130,2665,,1614,,0,0,0,0.009686330098498891
tour-de-france/1988/stage-22,Tour de France,100,,172500,1859,1,1941,,1,0,0,0.0107768115942029
tirreno-adriatico/1997/stage-7,Tirreno-Adriatico,50,,159000,,,692,,1,0,0,
tour-de-france/2007/stage-2,Tour de France,100,,168500,337,1,1612,,1,0,0,0.002
tour-de-france/2021/stage-21,Tour de France,100,120,108400,699,1,1646,,1,0,0,0.006448339483394834
tour-de-france/2015/stage-16,Tour de France,100,20,201000,2322,4,1812,,1,0,0,0.01155223880597015
world-championship/1972/result,World Championships - Road Race,350,,272570,3869,,1305,,0,0,0,0.01419451883919727
tour-de-france/2008/stage-9,Tour de France,100,,224000,3778,4,1520,,1,0,0,0.016866071428571428
e3-harelbeke/1993/result,E3-Prijs Harelbeke,125,,208000,,,718,,0,0,0,
tour-de-france/2012/stage-7,Tour de France,100,20,199000,2736,5,1703,,1,0,0,0.013748743718592965
tour-de-france/2007/stage-14,Tour de France,100,,197000,4370,5,1612,,1,0,0,0.02218274111675127
paris-nice/1986/stage-3,Paris - Nice,50,,206000,,,746,,1,0,0,
vuelta-a-espana/1993/stage-16,Vuelta a España,80,,160000,3757,,819,,1,0,0,0.02348125
omloop-het-nieuwsblad/1990/result,Omloop Het Volk,125,,198000,,,234,,0,0,0,
tour-de-france/1992/stage-6,Tour de France,100,,167000,2168,1,2047,,1,0,0,0.012982035928143712
tour-de-france/2022/stage-5,Tour de France,100,120,157000,601,1,1551,24,1,0,0,0.0038280254777070064
tour-de-romandie/2022/prologue,Tour de Romandie,50,60,5120,39,1,508,,1,0,0,0.0076171875
paris-roubaix/2004/result,Paris - Roubaix,275,,261000,,1,597,,0,0,0,
volta-a-catalunya/1984/stage-5,Volta Ciclista a Catalunya,50,,142000,,,319,,1,0,0,
tour-de-france/2010/stage-10,Tour de France,100,20,179000,3187,2,1685,,1,0,0,0.017804469273743018
tour-de-france/1996/stage-16,Tour de France,100,,199000,3541,5,1872,,1,0,0,0.017793969849246232
tour-de-suisse/1976/stage-4b,Tour de Suisse,50,,25000,,,377,,1,0,0,
giro-d-italia/2012/stage-14,Giro d'Italia,80,16,206000,3452,5,886,,1,0,0,0.01675728155339806
tour-de-france/2014/stage-13,Tour de France,100,20,197500,3865,5,1612,,1,0,0,0.019569620253164558
giro-d-italia/2022/stage-4,Giro d'Italia,80,100,172000,3626,5,817,18,1,0,0,0.02108139534883721
giro-d-italia/2007/stage-21,Giro d'Italia,80,,185000,1192,2,844,,1,0,0,0.006443243243243244
tour-de-france/1991/stage-1,Tour de France,100,,114500,1653,1,1933,,1,0,0,0.014436681222707424
giro-d-italia/1990/stage-20,Giro d'Italia,80,,90000,,,1061,,1,0,0,
tour-de-france/1985/prologue,Tour de France,100,,6800,128,1,1470,,1,0,0,0.018823529411764704
tirreno-adriatico/1983/stage-4,Tirreno-Adriatico,50,,206000,,,463,,1,0,0,
vuelta-a-espana/2008/stage-8,Vuelta a España,80,,151000,3571,4,1101,,1,0,0,0.023649006622516556
giro-d-italia/2014/stage-15,Giro d'Italia,80,16,225000,2344,5,892,,1,0,0,0.010417777777777778
milano-sanremo/2008/result,Milano-Sanremo,275,,298000,,,1294,,0,0,0,
vuelta-a-espana/2021/stage-3,La Vuelta ciclista a España,80,100,202800,2787,5,1023,,1,0,0,0.013742603550295858
tour-de-france/2023/stage-12,Tour de France,100,210,168800,3120,2,1584,25,1,0,0,0.01848341232227488
vuelta-a-espana/2001/stage-11,Vuelta a España,80,,154200,3728,5,971,,1,0,0,0.024176394293125812
vuelta-a-espana/1990/stage-16,Vuelta a España,80,,165000,1540,,807,,1,0,0,0.009333333333333334
tour-de-france/2018/stage-4,Tour de France,100,120,195000,1155,1,1689,,1,0,0,0.005923076923076923
tour-de-suisse/2008/stage-1,Tour de Suisse,50,,156500,,,1041,,1,0,0,
tour-de-suisse/1979/prologue,Tour de Suisse,50,,4000,,,538,,1,0,0,
tour-de-france/1980/stage-20,Tour de France,100,,34500,580,3,1224,,1,0,0,0.01681159420289855
vuelta-a-espana/2010/stage-5,Vuelta a España,80,16,194000,1763,1,1123,,1,0,0,0.00908762886597938
tour-de-france/2017/stage-17,Tour de France,100,120,183000,5064,4,1791,,1,0,0,0.027672131147540982
giro-d-italia/2008/stage-19,Giro d'Italia,80,,228000,3480,5,1058,,1,0,0,0.015263157894736841
paris-nice/1972/stage-3,Paris - Nice,50,,209000,,,1086,,1,0,0,
paris-nice/1985/stage-3,Paris - Nice,50,,176000,,,815,,1,0,0,
tour-de-suisse/2017/stage-8,Tour de Suisse,50,60,100000,1250,2,855,,1,0,0,0.0125
dauphine/2006/stage-2,Critérium du Dauphiné Libéré,50,,203000,,,800,,1,0,0,
dauphine/1987/prologue,Critérium du Dauphiné Libéré,50,,3000,,,505,,1,0,0,
tour-de-suisse/1974/stage-1,Tour de Suisse,50,,157000,,,541,,1,0,0,
vuelta-a-espana/1987/stage-16,Vuelta a España,80,,237000,4000,,838,,1,0,0,0.016877637130801686
tirreno-adriatico/2003/stage-2,Tirreno-Adriatico,50,,213000,,,882,,1,0,0,
tour-de-france/2000/stage-19,Tour de France,70,,58500,235,1,1437,,1,0,0,0.004017094017094017
tour-de-suisse/1982/stage-2,Tour de Suisse,50,,189000,,,657,,1,0,0,
itzulia-basque-country/2015/stage-3,Vuelta Ciclista al País Vasco,50,6,170700,2937,2,970,,1,0,0,0.017205623901581722
tour-de-suisse/1994/prologue,Tour de Suisse,50,,6800,,,616,,1,0,0,
tour-de-france/1983/stage-3,Tour de France,100,,152000,800,1,1269,,1,0,0,0.005263157894736842
dauphine/2011/stage-7,Critérium du Dauphiné,50,,117500,3217,5,958,,1,0,0,0.02737872340425532
tour-de-romandie/1987/prologue,Tour de Romandie,50,,4900,,,251,,1,0,0,
dauphine/2021/stage-8,Critérium du Dauphiné,50,60,147000,4190,4,790,,1,0,0,0.028503401360544217
tirreno-adriatico/1997/stage-4,Tirreno-Adriatico,50,,117000,,,692,,1,0,0,
tour-de-france/1988/stage-3,Tour de France,100,,213500,1484,1,1941,,1,0,0,0.006950819672131147
giro-d-italia/2003/stage-1,Giro d'Italia,80,,201000,1259,1,734,,1,0,0,0.006263681592039801
e3-harelbeke/1986/result,E3-Prijs Harelbeke,125,,225000,,,136,,0,0,0,
giro-d-italia/1990/stage-5,Giro d'Italia,80,,247000,,,1061,,1,0,0,
volta-a-catalunya/2014/stage-4,Volta Ciclista a Catalunya,50,6,166400,3748,5,896,,1,0,0,0.02252403846153846
tour-de-france/1985/stage-18b,Tour de France,100,,83500,2000,4,1470,,1,0,0,0.023952095808383235
gp-quebec/2011/result,Grand Prix Cycliste de Quebec,225,,201600,,3,735,,0,0,0,
tour-de-romandie/2006/prologue,Tour de Romandie,50,,3400,,,772,,1,0,0,
vuelta-a-espana/2001/stage-5,Vuelta a España,80,,160800,2946,5,971,,1,0,0,0.01832089552238806
giro-d-italia/1993/stage-14,Giro d'Italia,80,,245000,,4,1089,,1,0,0,
vuelta-a-espana/2018/stage-2,La Vuelta ciclista a España,80,100,163500,2826,2,1036,,1,0,0,0.01728440366972477
tour-de-france/1989/stage-8,Tour de France,100,,157000,1838,2,1849,,1,0,0,0.011707006369426752
dauphine/1970/stage-5a,Critérium du Dauphiné Libéré,50,,146000,,,766,,1,0,0,
tour-de-suisse/2019/stage-3,Tour de Suisse,50,60,162300,1733,2,802,,1,0,0,0.010677757239679606
paris-nice/1983/stage-7b,Paris - Nice,50,,11000,,,658,,1,0,0,
tirreno-adriatico/2007/stage-1,Tirreno-Adriatico,50,,175000,,1,1148,,1,0,0,
tour-de-france/2003/stage-7,Tour de France,100,,230500,4500,4,1688,,1,0,0,0.019522776572668113
san-sebastian/1998/result,Clasica Ciclista San Sebastian,225,,232000,,2,1428,,0,0,0,
tour-de-france/2015/stage-18,Tour de France,100,20,186500,4424,4,1812,,1,0,0,0.02372117962466488
giro-d-italia/2005/stage-16,Giro d'Italia,80,,210000,1267,2,929,,1,0,0,0.006033333333333333
tour-de-france/1991/stage-3,Tour de France,100,,210500,1532,1,1933,,1,0,0,0.00727790973871734
tour-de-france/2005/stage-12,Tour de France,100,,187000,3021,4,1535,,1,0,0,0.016155080213903744
tour-de-france/2018/stage-20,Tour de France,100,120,31000,543,3,1689,,1,0,0,0.017516129032258066
tour-de-france/1989/stage-20,Tour de France,100,,130000,1286,1,1849,,1,0,0,0.009892307692307692
giro-d-italia/2001/stage-2,Giro d'Italia,80,,167000,1018,3,920,,1,0,0,0.006095808383233533
vuelta-a-espana/2020/stage-3,La Vuelta ciclista a España,80,100,166100,2779,5,692,,1,0,0,0.016730885009030704
giro-d-italia/1991/stage-6,Giro d'Italia,80,,205000,,,908,,1,0,0,
il-lombardia/2019/result,Il Lombardia,275,500,243000,4087,4,1039,,0,0,0,0.016818930041152265
paris-nice/2006/stage-2,Paris - Nice,50,,200000,,1,795,,1,0,0,
tour-de-france/1984/stage-16,Tour de France,100,,22000,1036,5,1632,,1,0,0,0.04709090909090909
vuelta-a-espana/1986/stage-11,Vuelta a España,80,,29100,234,,843,,1,0,0,0.008041237113402062
vuelta-a-espana/1989/stage-15,Vuelta a España,80,,24000,1523,,803,,1,0,0,0.06345833333333334
tour-de-france/1991/stage-16,Tour de France,100,,215000,2500,1,1933,,1,0,0,0.011627906976744186
paris-nice/1987/stage-3,Paris - Nice,50,,244000,,,1164,,1,0,0,
dauphine/1975/stage-3,Critérium du Dauphiné Libéré,50,,207000,,,889,,1,0,0,
tour-de-romandie/1994/stage-3,Tour de Romandie,50,,160100,,,780,,1,0,0,
vuelta-a-espana/2011/stage-3,Vuelta a España,80,16,164000,1956,2,1170,,1,0,0,0.011926829268292683
paris-roubaix/2013/result,Paris - Roubaix,275,,254500,997,1,759,,0,0,0,0.003917485265225933
tour-de-suisse/2021/stage-1,Tour de Suisse,50,60,10900,36,1,670,,1,0,0,0.0033027522935779817
tour-de-france/1991/stage-15,Tour de France,100,,235000,3000,1,1933,,1,0,0,0.01276595744680851
vuelta-a-espana/1997/stage-17,Vuelta a España,80,,195000,2083,,1165,,1,0,0,0.010682051282051281
e3-harelbeke/1970/result,E3-Prijs Harelbeke,125,,210000,,,439,,0,0,0,
dauphine/1975/stage-1a,Critérium du Dauphiné Libéré,50,,213000,,,889,,1,0,0,
vuelta-a-espana/1990/stage-15,Vuelta a España,80,,24000,1523,,807,,1,0,0,0.06345833333333334
paris-nice/1998/stage-2,Paris - Nice,50,,195800,,,960,,1,0,0,
tour-de-suisse/1999/stage-7,Tour de Suisse,50,,47500,,,900,,1,0,0,
tour-de-france/1979/stage-21,Tour de France,100,,49000,817,2,1381,,1,0,0,0.016673469387755102
vuelta-a-espana/2001/stage-17,Vuelta a España,80,,159500,1387,1,971,,1,0,0,0.008695924764890282
dauphine/2001/stage-5,Criterium du Dauphiné Libére,50,,151000,,,442,,1,0,0,
dauphine/2010/prologue,Critérium du Dauphiné,50,6,6800,,2,673,,1,0,0,
tirreno-adriatico/2001/stage-2,Tirreno-Adriatico,50,,163000,,,1092,,1,0,0,
volta-a-catalunya/1998/stage-1b,Volta Ciclista a Catalunya,50,,7800,,,859,,1,0,0,
tour-de-romandie/1995/stage-5b,Tour de Romandie,50,,26300,,,798,,1,0,0,
vuelta-a-espana/1999/stage-12,Vuelta a España,80,,147000,4730,,1342,,1,0,0,0.03217687074829932
paris-nice/1980/stage-3,Paris - Nice,50,,187000,,,1128,,1,0,0,
tour-de-france/1979/prologue,Tour de France,100,,5000,116,1,1381,,1,0,0,0.0232
giro-d-italia/1992/stage-20,Giro d'Italia,80,,92000,,,953,,1,0,0,
dauphine/2023/stage-5,Critérium du Dauphiné,50,60,191100,2018,2,781,26,1,0,0,0.010559916274201988
tirreno-adriatico/1995/stage-2,Tirreno-Adriatico,50,,182000,,,749,,1,0,0,
giro-d-italia/1996/stage-22,Giro d'Italia,80,,176000,,,1034,,1,0,0,
volta-a-catalunya/2001/stage-4,Volta a Catalunya,50,,115800,,,617,,1,0,0,
vuelta-a-espana/2020/stage-16,La Vuelta ciclista a España,80,100,162000,2762,2,692,,1,0,0,0.01704938271604938
paris-nice/1985/stage-7b,Paris - Nice,50,,11000,,,815,,1,0,0,
vuelta-a-espana/2004/stage-17,Vuelta a España,80,,170000,4216,5,1177,,1,0,0,0.0248
giro-d-italia/1994/stage-6,Giro d'Italia,80,,215000,,,1292,,1,0,0,
giro-d-italia/2022/stage-13,Giro d'Italia,80,100,150000,1817,2,817,24,1,0,0,0.012113333333333334
vuelta-a-espana/1995/stage-7,Vuelta a España,80,,41000,207,,883,,1,0,0,0.005048780487804878
vuelta-a-espana/2009/stage-15,Vuelta a España,80,,167700,2048,2,1220,,1,0,0,0.012212283840190817
omloop-het-nieuwsblad/2014/result,Omloop Het Nieuwsblad ME,125,,198400,1717,2,498,,0,0,0,0.008654233870967741
world-championship/1980/result,World Championships - Road Race,350,,268000,,,1480,,0,0,0,
vuelta-a-espana/2007/stage-9,Vuelta a España,80,,167600,3893,5,995,,1,0,0,0.023227923627684964
tour-de-romandie/1988/prologue,Tour de Romandie,50,,7900,,,439,,1,0,0,
vuelta-a-espana/1993/stage-10,Vuelta a España,80,,206000,1288,,819,,1,0,0,0.006252427184466019
tour-de-france/2001/stage-19,Tour de France,100,,149500,1022,1,1496,,1,0,0,0.006836120401337792
giro-d-italia/2014/stage-7,Giro d'Italia,80,16,211000,2645,2,892,,1,0,0,0.012535545023696682
tour-de-suisse/1996/stage-4,Tour de Suisse,50,,218500,,,971,,1,0,0,
ronde-van-vlaanderen/2016/result,Ronde van Vlaanderen / Tour des Flandres ME,275,500,255000,2220,2,791,,0,0,0,0.008705882352941176
giro-d-italia/2007/stage-10,Giro d'Italia,80,,249000,4494,5,844,,1,0,0,0.018048192771084336
itzulia-basque-country/2018/stage-3,Itzulia Basque Country,50,50,184800,2988,4,824,,1,0,0,0.01616883116883117
vuelta-a-espana/2017/stage-7,Vuelta a España,80,100,207000,3034,2,899,,1,0,0,0.014657004830917874
dauphine/2003/stage-6,Critérium du Dauphiné Libéré,50,,153000,,,572,,1,0,0,
vuelta-a-espana/2019/stage-12,La Vuelta ciclista a España,80,100,171400,2072,2,798,,1,0,0,0.012088681446907818
giro-d-italia/2006/stage-19,Giro d'Italia,80,,211000,5411,4,997,,1,0,0,0.025644549763033174
tour-de-france/2022/stage-6,Tour de France,100,120,219900,2477,3,1551,19,1,0,0,0.011264211005002274
giro-d-italia/2021/stage-18,Giro d'Italia,80,100,231000,1398,2,885,,1,0,0,0.006051948051948052
tour-de-france/1990/prologue,Tour de France,100,,6300,184,1,1959,,1,0,0,0.029206349206349208
tour-de-suisse/1994/stage-1,Tour de Suisse,50,,161500,,,616,,1,0,0,
giro-d-italia/1994/stage-4,Giro d'Italia,80,,204000,,,1292,,1,0,0,
vuelta-a-espana/1997/stage-14,Vuelta a España,80,,160000,2677,,1165,,1,0,0,0.01673125
tour-de-france/1993/stage-6,Tour de France,100,,158000,1533,1,1804,,1,0,0,0.00970253164556962
volta-a-catalunya/2015/stage-3,Volta Ciclista a Catalunya,50,6,156600,2219,2,817,,1,0,0,0.0141698595146871
amstel-gold-race/1997/result,Amstel Gold Race,225,,258000,,,1154,,0,0,0,
giro-d-italia/1999/stage-6,Giro d'Italia,80,,257000,,,1057,,1,0,0,
dauphine/2019/stage-6,Critérium du Dauphiné,50,60,229000,3715,4,973,,1,0,0,0.016222707423580784
tour-de-suisse/2002/stage-4,Tour de Suisse,50,,160000,,,673,,1,0,0,
dauphine/2018/stage-1,Critérium du Dauphiné,50,60,179000,2841,4,762,,1,0,0,0.01587150837988827
tour-de-suisse/1991/stage-4,Tour de Suisse,50,,176500,,,796,,1,0,0,
tour-de-romandie/2023/stage-5,Tour de Romandie,50,60,170800,2287,2,539,15,1,0,0,0.013389929742388758
giro-d-italia/2000/stage-19,Giro d'Italia,80,,177000,3955,5,866,,1,0,0,0.022344632768361582
tour-de-france/2014/stage-21,Tour de France,100,20,137500,805,1,1612,,1,0,0,0.005854545454545454
tour-de-suisse/1981/stage-1,Tour de Suisse,50,,205000,,,516,,1,0,0,
volta-a-catalunya/1984/stage-7a,Volta Ciclista a Catalunya,50,,18000,,,319,,1,0,0,
paris-nice/2021/stage-1,Paris - Nice,50,60,165800,1525,2,1044,,1,0,0,0.0091978287092883
dauphine/1983/stage-4,Critérium du Dauphiné Libéré,50,,155000,,,621,,1,0,0,
vuelta-a-espana/1999/stage-5,Vuelta a España,80,,160000,2728,,1342,,1,0,0,0.01705
la-fleche-wallone/1991/result,La Flèche Wallonne,225,,203000,,,865,,0,0,0,
tour-de-suisse/1970/stage-5,Tour de Suisse,50,,197000,,,393,,1,0,0,
tour-de-france/2007/stage-17,Tour de France,100,,188500,1734,2,1612,,1,0,0,0.00919893899204244
itzulia-basque-country/2002/stage-5a,Vuelta al País Vasco,50,,94000,,,966,,1,0,0,
vuelta-a-espana/2001/stage-12,Vuelta a España,80,,17100,943,5,971,,1,0,0,0.05514619883040936
volta-a-catalunya/2010/stage-7,Volta Ciclista a Catalunya,50,6,117800,,,722,,1,0,0,
tour-de-romandie/1990/prologue,Tour de Romandie,50,,4600,,,684,,1,0,0,
giro-d-italia/2008/stage-11,Giro d'Italia,80,,199000,4320,4,1058,,1,0,0,0.021708542713567838
volta-a-catalunya/2011/stage-6,Volta Ciclista a Catalunya,50,6,189500,,,732,,1,0,0,
vuelta-a-espana/1984/stage-4,Vuelta a España,80,,197000,,,747,,1,0,0,
vuelta-a-espana/2008/stage-7,Vuelta a España,80,,223200,4842,5,1101,,1,0,0,0.021693548387096775
tour-de-romandie/1981/prologue,Tour de Romandie,50,,2000,,,439,,1,0,0,
tirreno-adriatico/2009/stage-3,Tirreno-Adriatico,50,,166000,1297,1,1206,,1,0,0,0.007813253012048193
volta-a-catalunya/1995/stage-6,Volta Ciclista a Catalunya,50,,17000,,,737,,1,0,0,
vuelta-a-espana/2001/stage-18,Vuelta a España,80,,154200,1197,1,971,,1,0,0,0.0077626459143968875
tour-de-france/1993/stage-16,Tour de France,100,,230000,5500,5,1804,,1,0,0,0.02391304347826087
vuelta-a-espana/2004/stage-8,Vuelta a España,50,,40100,72,1,1177,,1,0,0,0.0017955112219451373
volta-a-catalunya/1994/stage-1,Volta Ciclista a Catalunya,50,,5900,,,379,,1,0,0,
dauphine/2014/stage-1,Critérium du Dauphiné,50,6,10400,84,1,941,,1,0,0,0.008076923076923077
volta-a-catalunya/2021/stage-4,Volta Ciclista a Catalunya,50,50,166500,3980,5,772,,1,0,0,0.023903903903903904
tour-de-romandie/2019/stage-1,Tour de Romandie,50,60,168400,3094,4,570,,1,0,0,0.0183729216152019
tirreno-adriatico/2011/stage-3,Tirreno-Adriatico,50,6,189000,1438,1,1216,,1,0,0,0.007608465608465609
tirreno-adriatico/1993/stage-2,Tirreno-Adriatico,50,,179000,,,568,,1,0,0,
ronde-van-vlaanderen/2006/result,Ronde van Vlaanderen / Tour des Flandres ME,275,,259000,,2,845,,0,0,0,
tour-de-france/1994/stage-2,Tour de France,100,,203500,1948,1,1731,,1,0,0,0.009572481572481573
dauphine/2004/stage-6,Critérium du Dauphiné Libéré,50,,144000,,,737,,1,0,0,
vuelta-a-espana/2019/stage-3,La Vuelta ciclista a España,80,100,188000,1730,2,798,,1,0,0,0.009202127659574469
tour-de-romandie/2014/stage-3,Tour de Romandie,50,6,180200,3768,4,847,,1,0,0,0.02091009988901221
tour-de-suisse/1976/stage-1,Tour de Suisse,50,,181000,,,377,,1,0,0,
tour-de-france/1991/stage-17,Tour de France,100,,125000,,5,1933,,1,0,0,
tour-de-france/2018/stage-6,Tour de France,100,120,181000,2027,3,1689,,1,0,0,0.01119889502762431
vuelta-a-espana/1999/stage-11,Vuelta a España,80,,201000,3245,,1342,,1,0,0,0.016144278606965174
vuelta-a-espana/1997/stage-19,Vuelta a España,80,,184000,2538,,1165,,1,0,0,0.013793478260869565
tirreno-adriatico/2009/stage-7,Tirreno-Adriatico,50,,169000,1413,1,1206,,1,0,0,0.00836094674556213
vuelta-a-espana/2008/stage-19,Vuelta a España,80,,145500,2446,2,1101,,1,0,0,0.016810996563573884
vuelta-a-espana/2017/stage-3,Vuelta a España,80,100,158500,3623,4,899,,1,0,0,0.022858044164037854
vuelta-a-espana/1982/prologue,Vuelta a España,80,,6700,,,523,,1,0,0,
world-championship/2015/result,World Championships ME - Road Race,350,600,261400,2089,3,1353,,0,0,0,0.00799158377964805
vuelta-a-espana/2012/stage-5,Vuelta a España,80,16,172000,1079,1,852,,1,0,0,0.006273255813953488
itzulia-basque-country/2005/stage-5b,Vuelta al País Vasco,50,,9300,,,1217,,1,0,0,
liege-bastogne-liege/1977/result,Liège - Bastogne - Liège,275,,243500,,,623,,0,0,0,
tirreno-adriatico/1997/stage-1,Tirreno-Adriatico,50,,192000,,,692,,1,0,0,
la-fleche-wallone/1982/result,La Flèche Wallonne,225,,251000,,,763,,0,0,0,
tirreno-adriatico/2012/stage-3,Tirreno-Adriatico,50,6,178000,1550,1,1188,,1,0,0,0.008707865168539325
vuelta-a-espana/1991/stage-19,Vuelta a España,80,,53200,103,,1042,,1,0,0,0.0019360902255639097
paris-nice/2010/prologue,Paris - Nice,30,6,8000,,1,1192,,1,0,0,
vuelta-a-espana/2007/stage-15,Vuelta a España,80,,201400,3301,4,995,,1,0,0,0.016390268123138034
giro-d-italia/2015/stage-9,Giro d'Italia,80,16,224000,4264,4,861,,1,0,0,0.019035714285714284
vuelta-a-espana/1993/stage-9,Vuelta a España,80,,224000,602,,819,,1,0,0,0.0026875
vuelta-a-espana/1989/stage-5,Vuelta a España,80,,247000,2345,,803,,1,0,0,0.009493927125506074
paris-nice/2016/prologue,Paris - Nice,50,60,6100,73,1,1109,,1,0,0,0.011967213114754098
giro-d-italia/2023/stage-20,Giro d'Italia,80,180,18600,1070,5,835,18,1,0,0,0.057526881720430106
giro-d-italia/2016/stage-12,Giro d'Italia,80,100,182000,122,1,933,,1,0,0,0.0006703296703296704
giro-d-italia/1994/stage-5,Giro d'Italia,80,,158000,,,1292,,1,0,0,
paris-nice/1986/prologue,Paris - Nice,50,,5900,,,746,,1,0,0,
paris-nice/1981/stage-1,Paris - Nice,50,,177000,,,821,,1,0,0,
paris-nice/2008/stage-6,Paris - Nice,30,,203500,,,775,,1,0,0,
paris-nice/2002/stage-4,Paris - Nice,50,,175000,,,883,,1,0,0,
vuelta-a-espana/1991/stage-1,Vuelta a España,80,,8800,66,,1042,,1,0,0,0.0075
tour-de-suisse/1977/stage-8,Tour de Suisse,50,,166000,,,627,,1,0,0,
paris-nice/1989/stage-4,Paris - Nice,50,,203000,,,794,,1,0,0,
vuelta-a-espana/1981/stage-12,Vuelta a España,80,,217000,,,457,,1,0,0,
tour-de-france/1981/prologue,Tour de France,100,,5850,63,1,1362,,1,0,0,0.010769230769230769
vuelta-a-espana/2012/stage-2,Vuelta a España,80,16,180000,1915,2,852,,1,0,0,0.010638888888888889
amstel-gold-race/1987/result,Amstel Gold Race,225,,242000,,,488,,0,0,0,
giro-d-italia/1995/stage-13,Giro d'Italia,80,,218000,,,1365,,1,0,0,
tirreno-adriatico/1993/stage-7,Tirreno-Adriatico,50,,160000,,,568,,1,0,0,
vuelta-a-espana/1983/stage-10,Vuelta a España,80,,134000,,,705,,1,0,0,
giro-d-italia/1990/stage-16,Giro d'Italia,80,,171000,,,1061,,1,0,0,
volta-a-catalunya/2016/stage-3,Volta Ciclista a Catalunya,50,50,172100,3947,5,1045,,1,0,0,0.022934340499709473
liege-bastogne-liege/2001/result,Liège - Bastogne - Liège,275,,258000,,,1186,,0,0,0,
dwars-door-vlaanderen/2000/result,Dwars door Vlaanderen,75,,206000,,2,320,,0,0,0,
vuelta-a-espana/2011/stage-4,Vuelta a España,80,16,170200,3687,5,1170,,1,0,0,0.021662749706227967
dwars-door-vlaanderen/2010/result,Dwars door Vlaanderen,75,,204000,,2,527,,0,0,0,
tour-de-france/1993/stage-9,Tour de France,100,,59000,649,1,1804,,1,0,0,0.011
tirreno-adriatico/2019/stage-6,Tirreno-Adriatico,50,60,195000,2257,2,1067,,1,0,0,0.011574358974358974
tour-de-france/1988/stage-19,Tour de France,100,,188000,4079,5,1941,,1,0,0,0.021696808510638297
tour-de-suisse/1971/stage-7,Tour de Suisse,50,,209000,,,302,,1,0,0,
paris-roubaix/1978/result,Paris - Roubaix,275,,263000,,,558,,0,0,0,
tour-de-romandie/2012/prologue,Tour de Romandie,50,6,3340,11,1,727,,1,0,0,0.0032934131736526945
tour-de-france/2003/stage-2,Tour de France,100,,204500,2461,2,1688,,1,0,0,0.012034229828850856
vuelta-a-espana/1988/stage-10,Vuelta a España,80,,197300,2000,,828,,1,0,0,0.01013684744044602
giro-d-italia/2018/stage-14,Giro d'Italia,80,100,186000,4477,5,838,,1,0,0,0.02406989247311828
tirreno-adriatico/2011/stage-5,Tirreno-Adriatico,50,6,240000,3941,2,1216,,1,0,0,0.016420833333333332
tour-de-france/1979/stage-18,Tour de France,100,,119000,3500,5,1381,,1,0,0,0.029411764705882353
dauphine/2013/stage-3,Critérium du Dauphiné,50,6,167000,1525,2,985,,1,0,0,0.009131736526946108
tour-de-france/1981/stage-18,Tour de France,100,,131000,4000,5,1362,,1,0,0,0.030534351145038167
tour-de-suisse/1976/stage-4a,Tour de Suisse,50,,108000,,,377,,1,0,0,
tour-de-france/2015/stage-11,Tour de France,100,20,188000,4099,5,1812,,1,0,0,0.021803191489361703
giro-d-italia/2016/stage-8,Giro d'Italia,80,100,186000,1985,3,933,,1,0,0,0.010672043010752688
uae-tour/2021/stage-5,UAE Tour,50,40,170000,2633,5,755,,1,0,0,0.015488235294117646
ronde-van-vlaanderen/2005/result,Ronde van Vlaanderen / Tour des Flandres ME,275,,256000,,2,809,,0,0,0,
volta-a-catalunya/2003/stage-7,Volta a Catalunya,50,,128000,,,515,,1,0,0,
tour-de-france/2007/stage-4,Tour de France,100,,193000,1652,1,1612,,1,0,0,0.008559585492227979
volta-a-catalunya/2004/stage-5,Volta a Catalunya,50,,180600,,2,376,,1,0,0,
vuelta-a-espana/2019/stage-6,La Vuelta ciclista a España,80,100,198900,3294,3,798,,1,0,0,0.016561085972850678
tour-de-france/1985/stage-14,Tour de France,100,,179000,3000,4,1470,,1,0,0,0.01675977653631285
tour-de-suisse/1984/stage-8b,Tour de Suisse,50,,148000,,,646,,1,0,0,
tour-de-france/2021/stage-20,Tour de France,100,120,30800,246,1,1646,,1,0,0,0.007987012987012987
volta-a-catalunya/1999/stage-6,Volta Ciclista a Catalunya,50,,196800,,,804,,1,0,0,
vuelta-a-espana/2013/stage-16,Vuelta a España,80,16,146800,3220,5,1128,,1,0,0,0.021934604904632154
tour-de-france/2012/stage-15,Tour de France,100,20,158500,2173,1,1703,,1,0,0,0.013709779179810725
amstel-gold-race/1995/result,Amstel Gold Race,225,,256000,,,758,,0,0,0,
giro-d-italia/1994/stage-2,Giro d'Italia,80,,232000,,,1292,,1,0,0,
paris-nice/1972/stage-7a,Paris - Nice,50,,153000,,,1086,,1,0,0,
paris-nice/1996/stage-6,Paris - Nice,50,,199500,,,766,,1,0,0,
giro-d-italia/2010/stage-14,Giro d'Italia,80,16,205000,2214,4,878,,1,0,0,0.0108
tour-de-france/2009/stage-3,Tour de France,100,,196500,987,1,1557,,1,0,0,0.005022900763358778
vuelta-a-espana/1984/prologue,Vuelta a España,80,,6600,,,747,,1,0,0,
il-lombardia/1988/result,Giro di Lombardia,275,,260000,,,403,,0,0,0,
vuelta-a-espana/2006/stage-8,Vuelta a España,80,,181600,2290,3,1026,,1,0,0,0.012610132158590309
giro-d-italia/2022/stage-15,Giro d'Italia,80,100,177000,4019,5,817,26,1,0,0,0.022706214689265536
paris-nice/1999/prologue,Paris - Nice,50,,9000,,,792,,1,0,0,
vuelta-a-espana/2011/stage-6,Vuelta a España,80,16,193400,2181,2,1170,,1,0,0,0.011277145811789038
paris-nice/2001/stage-6,Paris - Nice,50,,10000,,,902,,1,0,0,
tour-de-france/2016/stage-12,Tour de France,100,120,178000,2416,5,1758,,1,0,0,0.01357303370786517
tour-de-romandie/2016/stage-4,Tour de Romandie,50,60,172700,3346,5,917,,1,0,0,0.01937463810075275
uae-tour/2021/stage-7,UAE Tour,50,40,147000,183,1,755,,1,0,0,0.0012448979591836735
tour-de-france/1994/stage-6,Tour de France,100,,270500,2769,1,1731,,1,0,0,0.0102365988909427
tour-de-suisse/1975/stage-9a,Tour de Suisse,50,,105000,,,549,,1,0,0,
liege-bastogne-liege/1973/result,Liège - Bastogne - Liège,275,,236000,,,742,,0,0,0,
tour-de-france/1986/stage-7,Tour de France,100,,201000,2459,1,1872,,1,0,0,0.012233830845771143
paris-roubaix/1985/result,Paris - Roubaix,275,,265000,,,483,,0,0,0,
omloop-het-nieuwsblad/1996/result,Omloop Het Volk,125,,209000,,,445,,0,0,0,
itzulia-basque-country/2001/stage-5b,Vuelta al País Vasco,50,,10000,,,898,,1,0,0,
giro-d-italia/2008/stage-8,Giro d'Italia,80,,208000,2357,3,1058,,1,0,0,0.01133173076923077
volta-a-catalunya/2009/stage-3,Volta Ciclista a Catalunya,50,,182900,,4,668,,1,0,0,
tirreno-adriatico/1993/stage-4,Tirreno-Adriatico,50,,225000,,,568,,1,0,0,
dauphine/2011/stage-3,Critérium du Dauphiné,50,6,42500,732,,958,,1,0,0,0.017223529411764707
liege-bastogne-liege/1995/result,Liège - Bastogne - Liège,275,,261500,,,898,,0,0,0,
volta-a-catalunya/1970/stage-8,Volta Ciclista a Catalunya,50,,170000,,,570,,1,0,0,
vuelta-a-espana/1984/stage-18b,Vuelta a España,80,,33000,,,747,,1,0,0,
paris-nice/1997/stage-2,Paris - Nice,50,,173000,,,779,,1,0,0,
tour-de-france/2007/stage-5,Tour de France,100,,182500,2703,2,1612,,1,0,0,0.014810958904109588
tour-de-suisse/1987/stage-7,Tour de Suisse,50,,211500,,,673,,1,0,0,
volta-a-catalunya/2023/stage-3,Volta Ciclista a Catalunya,50,50,180600,3998,5,704,18,1,0,0,0.022137320044296787
paris-nice/2011/stage-4,Paris - Nice,50,6,191000,3109,2,1038,,1,0,0,0.016277486910994763
tour-de-france/1987/stage-23,Tour de France,100,,212000,3130,2,1812,,1,0,0,0.014764150943396226
tour-de-suisse/1978/stage-4b,Tour de Suisse,50,,12000,,,691,,1,0,0,
uae-tour/2022/stage-2,UAE Tour,50,40,176000,337,1,621,,1,0,0,0.0019147727272727272
vuelta-a-espana/1985/stage-4,Vuelta a España,80,,162000,2724,,925,,1,0,0,0.016814814814814814
vuelta-a-espana/1998/stage-9,Vuelta a España,80,,40000,119,,1309,,1,0,0,0.002975
giro-d-italia/1992/stage-9,Giro d'Italia,80,,204000,,,953,,1,0,0,
itzulia-basque-country/2000/stage-5b,Vuelta al País Vasco,50,,8500,,,992,,1,0,0,
tour-de-suisse/1977/stage-3b,Tour de Suisse,50,,9800,,,627,,1,0,0,
volta-a-catalunya/2000/stage-3,Volta a Catalunya,50,,154000,,,697,,1,0,0,
tour-de-suisse/2000/stage-8,Tour de Suisse,50,,170000,,,895,,1,0,0,
vuelta-a-espana/1999/stage-1,Vuelta a España,80,,179000,908,,1342,,1,0,0,0.005072625698324023
giro-d-italia/1992/stage-16,Giro d'Italia,80,,203000,,,953,,1,0,0,
la-fleche-wallone/1972/result,La Flèche Wallonne,225,,249500,,,683,,0,0,0,
tour-de-france/2021/stage-2,Tour de France,100,120,183500,2210,3,1646,,1,0,0,0.01204359673024523
dwars-door-vlaanderen/1986/result,Dwars door België / À travers la Belgique,75,,204000,,,226,,0,0,0,
paris-nice/2007/stage-3,Paris - Nice,50,,215500,,2,823,,1,0,0,
vuelta-a-espana/1983/stage-16,Vuelta a España,80,,162000,,,705,,1,0,0,
paris-nice/1995/stage-5,Paris - Nice,50,,176000,,,861,,1,0,0,
paris-roubaix/1993/result,Paris - Roubaix,275,,267500,,,563,,0,0,0,
san-sebastian/2021/result,Donostia San Sebastian Klasikoa,225,400,223500,4113,2,645,,0,0,0,0.01840268456375839
tour-de-romandie/2008/stage-2,Tour de Romandie,50,,172100,,,590,,1,0,0,
vuelta-a-espana/1986/stage-13,Vuelta a España,80,,148000,3181,,843,,1,0,0,0.021493243243243244
ronde-van-vlaanderen/1994/result,Ronde van Vlaanderen / Tour des Flandres,275,,268000,,,707,,0,0,0,
vuelta-a-espana/2012/stage-4,Vuelta a España,80,16,155400,2870,5,852,,1,0,0,0.018468468468468467
tour-de-france/1990/stage-3,Tour de France,100,,233000,1874,1,1959,,1,0,0,0.008042918454935622
tour-de-romandie/1975/stage-2,Tour de Romandie,50,,187000,,,429,,1,0,0,
tour-de-france/1994/stage-12,Tour de France,100,,204500,5500,5,1731,,1,0,0,0.02689486552567237
volta-a-catalunya/2007/stage-3,Volta Ciclista a Catalunya,50,,182100,,2,816,,1,0,0,
tour-de-france/2023/stage-2,Tour de France,100,210,208900,2949,2,1584,21,1,0,0,0.01411680229775012
vuelta-a-espana/2019/stage-10,La Vuelta ciclista a España,80,100,36200,525,2,798,,1,0,0,0.014502762430939226
tour-de-france/1994/stage-21,Tour de France,100,,175000,1965,1,1731,,1,0,0,0.011228571428571428
liege-bastogne-liege/1978/result,Liège - Bastogne - Liège,275,,241700,,,637,,0,0,0,
giro-d-italia/2017/stage-5,Giro d'Italia,80,100,159000,1780,2,881,,1,0,0,0.01119496855345912
tour-de-france/1989/stage-14,Tour de France,100,,240000,3500,2,1849,,1,0,0,0.014583333333333334
tour-de-france/1984/stage-15,Tour de France,100,,241500,3500,4,1632,,1,0,0,0.014492753623188406
vuelta-a-espana/2004/stage-10,Vuelta a España,80,,174500,2573,4,1177,,1,0,0,0.014744985673352435
giro-d-italia/2017/stage-6,Giro d'Italia,80,100,217000,2247,2,881,,1,0,0,0.01035483870967742
il-lombardia/1982/result,Giro di Lombardia,275,,248000,,,631,,0,0,0,
tour-de-romandie/1999/stage-3a,Tour de Romandie,50,,66600,,,893,,1,0,0,
milano-sanremo/2006/result,Milano-Sanremo,275,,294000,,,1313,,0,0,0,
tour-de-suisse/1979/stage-8,Tour de Suisse,50,,186000,,,538,,1,0,0,
giro-d-italia/1990/stage-7,Giro d'Italia,80,,197000,,,1061,,1,0,0,
giro-d-italia/1990/stage-9,Giro d'Italia,80,,176000,,,1061,,1,0,0,
volta-a-catalunya/2017/stage-5,Volta Ciclista a Catalunya,50,50,182000,2277,5,883,,1,0,0,0.01251098901098901
vuelta-a-espana/2014/stage-8,Vuelta a España,80,16,207000,1663,1,1175,,1,0,0,0.008033816425120773
giro-d-italia/2003/stage-12,Giro d'Italia,80,,185000,3321,5,734,,1,0,0,0.01795135135135135
tour-de-france/2003/stage-10,Tour de France,100,,219500,2000,2,1688,,1,0,0,0.009111617312072893
paris-nice/2022/stage-3,Paris - Nice,50,60,190800,1929,1,1182,,1,0,0,0.01011006289308176
vuelta-a-espana/2005/stage-4,Vuelta a España,80,,232300,1119,1,960,,1,0,0,0.004817046922083513
vuelta-a-espana/2003/stage-11,Vuelta a España,80,,162000,1468,1,935,,1,0,0,0.009061728395061728
tour-de-suisse/2005/stage-6,Tour de Suisse,50,,158000,,,971,,1,0,0,
tirreno-adriatico/2001/stage-7,Tirreno-Adriatico,50,,223000,,,1092,,1,0,0,
tour-de-france/2000/stage-16,Tour de France,100,,196000,4992,4,1437,,1,0,0,0.02546938775510204
tour-de-france/2016/stage-7,Tour de France,100,120,162500,2578,4,1758,,1,0,0,0.015864615384615383
tour-de-france/1993/stage-13,Tour de France,100,,181500,1289,1,1804,,1,0,0,0.007101928374655647
tour-de-suisse/1979/stage-2,Tour de Suisse,50,,178000,,,538,,1,0,0,
giro-d-italia/2001/stage-11,Giro d'Italia,80,,187000,2648,2,920,,1,0,0,0.014160427807486631
tour-de-romandie/2008/stage-4,Tour de Romandie,50,,112400,,,590,,1,0,0,
paris-nice/1984/stage-4b,Paris - Nice,50,,96000,,,778,,1,0,0,
tour-de-romandie/2019/stage-2,Tour de Romandie,50,60,174400,1936,4,570,,1,0,0,0.01110091743119266
giro-d-italia/2016/stage-15,Giro d'Italia,80,100,10800,785,5,933,,1,0,0,0.07268518518518519
giro-d-italia/2011/stage-12,Giro d'Italia,80,16,184000,488,1,891,,1,0,0,0.0026521739130434784
tirreno-adriatico/1990/stage-4,Tirreno-Adriatico,50,,205000,,,590,,1,0,0,
vuelta-a-espana/1983/stage-3,Vuelta a España,80,,241000,,,705,,1,0,0,
volta-a-catalunya/1997/stage-4,Volta Ciclista a Catalunya,50,,130000,,,419,,1,0,0,
e3-harelbeke/2019/result,E3 BinckBank Classic,225,400,204000,2619,2,795,,0,0,0,0.012838235294117647
dauphine/1991/prologue,Critérium du Dauphiné Libéré,50,,10000,,,830,,1,0,0,
vuelta-a-espana/1984/stage-18a,Vuelta a España,80,,145000,,,747,,1,0,0,
paris-nice/2017/stage-1,Paris - Nice,50,60,148500,1311,1,1158,,1,0,0,0.008828282828282828
tour-de-france/2003/stage-20,Tour de France,100,,152000,757,1,1688,,1,0,0,0.004980263157894737
strade-bianche/2015/result,Strade Bianche,125,,200000,3103,3,684,,0,0,0,0.015515
paris-roubaix/2008/result,Paris - Roubaix,275,,259500,,1,719,,0,0,0,
itzulia-basque-country/2006/stage-1,Vuelta al País Vasco,50,,130000,,,842,,1,0,0,
tour-de-romandie/1973/stage-2,Tour de Romandie,50,,210400,,,352,,1,0,0,
vuelta-a-espana/2000/stage-11,Vuelta a España,80,,136500,3628,5,981,,1,0,0,0.02657875457875458
paris-nice/2004/stage-2,Paris - Nice,50,,166500,,,989,,1,0,0,
giro-d-italia/2011/stage-17,Giro d'Italia,80,16,230000,3852,2,891,,1,0,0,0.016747826086956522
tour-de-france/2019/stage-3,Tour de France,100,120,215000,2299,3,1699,,1,0,0,0.010693023255813953
dauphine/2001/stage-3,Criterium du Dauphiné Libére,50,,184000,,,442,,1,0,0,
paris-nice/1983/prologue,Paris - Nice,50,,5500,,,658,,1,0,0,
giro-d-italia/2008/stage-20,Giro d'Italia,80,,232000,4900,4,1058,,1,0,0,0.021120689655172414
tour-de-france/2019/stage-16,Tour de France,100,120,177000,1626,2,1699,,1,0,0,0.009186440677966102
giro-d-italia/1994/stage-19,Giro d'Italia,80,,212000,,,1292,,1,0,0,
il-lombardia/2010/result,Giro di Lombardia,275,,260000,4394,2,1106,,0,0,0,0.0169
giro-d-italia/2012/stage-21,Giro d'Italia,80,16,28200,33,1,886,,1,0,0,0.001170212765957447
dauphine/1990/stage-4,Critérium du Dauphiné Libéré,50,,183000,,,637,,1,0,0,
vuelta-a-espana/2021/stage-19,La Vuelta ciclista a España,80,100,191200,3540,2,1023,,1,0,0,0.018514644351464434
dauphine/2010/stage-6,Critérium du Dauphiné,50,6,143500,,,673,,1,0,0,
vuelta-a-espana/1988/stage-16,Vuelta a España,80,,192000,2722,,828,,1,0,0,0.014177083333333333
vuelta-a-espana/1994/stage-14,Vuelta a España,80,,174000,2417,,791,,1,0,0,0.013890804597701149
liege-bastogne-liege/2010/result,Liège - Bastogne - Liège,275,,258000,,,1328,,0,0,0,
giro-d-italia/2002/stage-16,Giro d'Italia,80,,163000,4671,4,920,,1,0,0,0.02865644171779141
tour-de-suisse/1996/stage-5,Tour de Suisse,50,,169000,,,971,,1,0,0,
vuelta-a-espana/1980/stage-15,Vuelta a España,80,,164000,,,520,,1,0,0,
dauphine/1992/stage-5,Critérium du Dauphiné Libéré,50,,190000,,,492,,1,0,0,
giro-d-italia/1999/stage-9,Giro d'Italia,80,,32000,,,1057,,1,0,0,
dwars-door-vlaanderen/2016/result,Dwars door Vlaanderen / A travers la Flandre,125,200,199700,1318,2,460,,0,0,0,0.006599899849774662
tour-de-france/2011/stage-8,Tour de France,100,20,190000,3019,5,1713,,1,0,0,0.015889473684210526
vuelta-a-espana/2017/stage-11,Vuelta a España,80,100,187500,3878,5,899,,1,0,0,0.020682666666666665
dauphine/2023/stage-1,Critérium du Dauphiné,50,60,158000,2753,2,781,20,1,0,0,0.017424050632911393
giro-d-italia/2015/stage-18,Giro d'Italia,80,16,170000,2195,4,861,,1,0,0,0.012911764705882353
vuelta-a-espana/1984/stage-1,Vuelta a España,80,,272000,,,747,,1,0,0,
dauphine/2023/stage-8,Critérium du Dauphiné,50,60,152800,4160,5,781,22,1,0,0,0.027225130890052355
tour-de-france/1989/stage-4,Tour de France,100,,255000,2076,1,1849,,1,0,0,0.008141176470588235
giro-d-italia/2010/stage-11,Giro d'Italia,80,16,262000,4024,3,878,,1,0,0,0.015358778625954198
omloop-het-nieuwsblad/1979/result,Omloop Het Volk,125,,215000,,,484,,0,0,0,
tour-de-france/1988/stage-9,Tour de France,100,,160500,2271,4,1941,,1,0,0,0.014149532710280374
liege-bastogne-liege/1997/result,Liège - Bastogne - Liège,275,,262000,,,1251,,0,0,0,
tour-de-france/1999/stage-16,Tour de France,100,,192000,4500,4,1255,,1,0,0,0.0234375
tour-de-france/1986/prologue,Tour de France,100,,4600,63,1,1872,,1,0,0,0.013695652173913043
tour-de-romandie/2021/stage-4,Tour de Romandie,50,60,161300,4269,5,560,,1,0,0,0.026466212027278363
paris-nice/1972/stage-2,Paris - Nice,50,,214000,,,1086,,1,0,0,
dwars-door-vlaanderen/2006/result,Dwars door Vlaanderen,75,,204000,,2,515,,0,0,0,
vuelta-a-espana/1990/stage-19,Vuelta a España,80,,223000,2000,,807,,1,0,0,0.008968609865470852
paris-nice/2013/stage-4,Paris - Nice,50,6,199500,3176,2,917,,1,0,0,0.01591979949874687
volta-a-catalunya/1999/stage-4,Volta Ciclista a Catalunya,50,,182400,,,804,,1,0,0,
tour-de-france/1985/stage-19,Tour de France,100,,200000,1637,1,1470,,1,0,0,0.008185
giro-d-italia/1999/stage-14,Giro d'Italia,80,,187000,,4,1057,,1,0,0,
paris-nice/2005/stage-3,Paris - Nice,50,,117500,,2,1091,,1,0,0,
uae-tour/2021/stage-3,UAE Tour,50,40,166000,1430,3,755,,1,0,0,0.008614457831325301
giro-d-italia/2016/stage-18,Giro d'Italia,80,100,244000,1637,2,933,,1,0,0,0.006709016393442623
tour-de-france/1992/stage-18,Tour de France,100,,212000,1610,2,2047,,1,0,0,0.00759433962264151
giro-d-italia/1994/stage-8,Giro d'Italia,80,,44000,,,1292,,1,0,0,
ronde-van-vlaanderen/2022/result,Ronde van Vlaanderen - Tour des Flandres ME,275,500,272500,2289,2,759,,0,0,0,0.0084
giro-d-italia/2010/stage-3,Giro d'Italia,80,16,224000,322,1,878,,1,0,0,0.0014375
tour-de-france/1981/stage-20,Tour de France,100,,46500,508,2,1362,,1,0,0,0.010924731182795699
tour-de-france/2007/stage-7,Tour de France,100,,197500,3250,4,1612,,1,0,0,0.016455696202531647
tour-de-france/2004/stage-12,Tour de France,100,,197500,3867,5,1555,,1,0,0,0.01957974683544304
dauphine/2002/prologue,Critérium du Dauphiné Libéré,50,,3600,,,602,,1,0,0,
vuelta-a-espana/1989/stage-2,Vuelta a España,80,,209000,3500,,803,,1,0,0,0.01674641148325359
liege-bastogne-liege/1993/result,Liège - Bastogne - Liège,275,,261000,,,1243,,0,0,0,
tour-de-suisse/1993/stage-8,Tour de Suisse,50,,197000,,,655,,1,0,0,
paris-nice/2003/stage-7,Paris - Nice,50,,160000,,,831,,1,0,0,
tour-de-france/2001/stage-9,Tour de France,100,,185000,2500,2,1496,,1,0,0,0.013513513513513514
giro-d-italia/2021/stage-10,Giro d'Italia,80,100,139000,1460,2,885,,1,0,0,0.010503597122302158
tour-de-suisse/2004/stage-4,Tour de Suisse,50,,211600,,,676,,1,0,0,
tirreno-adriatico/1997/stage-6,Tirreno-Adriatico,50,,160000,,,692,,1,0,0,
volta-a-catalunya/2010/stage-2,Volta Ciclista a Catalunya,50,6,182600,,1,722,,1,0,0,
tirreno-adriatico/1996/stage-5a,Tirreno-Adriatico,50,,85000,,,585,,1,0,0,
vuelta-a-espana/2005/stage-12,Vuelta a España,80,,133000,1680,1,960,,1,0,0,0.01263157894736842
giro-d-italia/2004/stage-13,Giro d'Italia,80,,52000,753,2,621,,1,0,0,0.014480769230769231
giro-d-italia/2019/stage-19,Giro d'Italia,80,100,151000,3169,5,896,,1,0,0,0.020986754966887417
tour-de-france/1980/stage-4,Tour de France,100,,33400,667,2,1224,,1,0,0,0.019970059880239522
giro-d-italia/2009/stage-21,Giro d'Italia,80,,15300,128,1,975,,1,0,0,0.008366013071895426
paris-roubaix/1995/result,Paris - Roubaix,275,,266000,,1,527,,0,0,0,
vuelta-a-espana/2004/stage-15,Vuelta a España,80,,29600,1487,5,1177,,1,0,0,0.05023648648648649
paris-nice/1987/stage-6,Paris - Nice,50,,155000,,,1164,,1,0,0,
giro-d-italia/2004/stage-14,Giro d'Italia,80,,175000,1918,2,621,,1,0,0,0.01096
tour-de-romandie/2014/stage-4,Tour de Romandie,50,6,174000,2500,2,847,,1,0,0,0.014367816091954023
vuelta-a-espana/1987/stage-9,Vuelta a España,80,,180000,1965,,838,,1,0,0,0.010916666666666667
paris-nice/2016/stage-4,Paris - Nice,50,60,193500,2461,2,1109,,1,0,0,0.012718346253229974
la-fleche-wallone/1995/result,La Flèche Wallonne,225,,205500,,,977,,0,0,0,
tour-de-france/1986/stage-15,Tour de France,100,,225500,2022,1,1872,,1,0,0,0.008966740576496674
vuelta-a-espana/1986/stage-9,Vuelta a España,80,,180000,4000,,843,,1,0,0,0.022222222222222223
vuelta-a-espana/1990/stage-9,Vuelta a España,80,,192700,3052,,807,,1,0,0,0.015838090295796574
il-lombardia/1999/result,Giro di Lombardia,275,,262000,4284,,536,,0,0,0,0.01635114503816794
milano-sanremo/1994/result,Milano-Sanremo,275,,294000,,,1626,,0,0,0,
san-sebastian/1985/result,Clasica Ciclista San Sebastian,225,,244000,,,602,,0,0,0,
paris-nice/2006/stage-6,Paris - Nice,50,,179000,,2,795,,1,0,0,
dauphine/2007/stage-4,Critérium du Dauphiné Libéré,50,,197000,,,816,,1,0,0,
vuelta-a-espana/1995/stage-5,Vuelta a España,80,,179800,3101,,883,,1,0,0,0.01724694104560623
giro-d-italia/1991/stage-3,Giro d'Italia,80,,231000,,,908,,1,0,0,
tour-de-france/1991/stage-4,Tour de France,100,,286000,2950,1,1933,,1,0,0,0.010314685314685315
tour-de-suisse/1999/stage-4,Tour de Suisse,50,,171400,,,900,,1,0,0,
vuelta-a-espana/1985/stage-11,Vuelta a España,80,,124000,3500,,925,,1,0,0,0.028225806451612902
giro-d-italia/1994/stage-13,Giro d'Italia,80,,234000,,,1292,,1,0,0,
vuelta-a-espana/2019/stage-4,La Vuelta ciclista a España,80,100,175500,1233,2,798,,1,0,0,0.007025641025641026
vuelta-a-espana/2021/stage-20,La Vuelta ciclista a España,80,100,202200,4214,3,1023,,1,0,0,0.020840751730959447
vuelta-a-espana/2013/stage-19,Vuelta a España,80,16,181000,3052,5,1128,,1,0,0,0.016861878453038673
amstel-gold-race/1990/result,Amstel Gold Race,225,,249000,,,1030,,0,0,0,
giro-d-italia/1992/stage-7,Giro d'Italia,80,,184000,,,953,,1,0,0,
giro-d-italia/2001/prologue,Giro d'Italia,80,,7600,6,1,920,,1,0,0,0.0007894736842105263
tour-de-france/2010/stage-14,Tour de France,100,20,184500,3796,5,1685,,1,0,0,0.020574525745257453
tirreno-adriatico/2016/stage-2,Tirreno-Adriatico,50,60,207000,1953,2,1133,,1,0,0,0.009434782608695652
tour-de-france/1978/stage-5,Tour de France,100,,244000,2323,1,1241,,1,0,0,0.009520491803278689
giro-d-italia/2015/stage-13,Giro d'Italia,80,16,147000,131,1,861,,1,0,0,0.000891156462585034
tour-de-france/1987/stage-22,Tour de France,100,,186000,5500,4,1812,,1,0,0,0.02956989247311828
paris-nice/1991/prologue,Paris - Nice,50,,6500,,,832,,1,0,0,
vuelta-a-espana/2015/stage-14,Vuelta a España,80,16,215000,3941,5,1115,,1,0,0,0.018330232558139536
volta-a-catalunya/1970/stage-6,Volta Ciclista a Catalunya,50,,185900,,,570,,1,0,0,
vuelta-a-espana/2010/stage-18,Vuelta a España,80,16,148900,964,1,1123,,1,0,0,0.006474143720617865
tour-de-france/2015/stage-8,Tour de France,100,20,181500,2057,3,1812,,1,0,0,0.011333333333333334
paris-roubaix/2014/result,Paris - Roubaix,275,,257000,1318,1,727,,0,0,0,0.0051284046692607
dauphine/1990/stage-3,Critérium du Dauphiné Libéré,50,,171000,,,637,,1,0,0,
volta-a-catalunya/1977/stage-3a,Volta Ciclista a Catalunya,50,,114600,,,490,,1,0,0,
tour-de-france/2000/stage-5,Tour de France,100,,202000,2014,1,1437,,1,0,0,0.00997029702970297
dauphine/2011/stage-6,Critérium du Dauphiné,50,6,192500,4407,5,958,,1,0,0,0.022893506493506494
giro-d-italia/1990/stage-15,Giro d'Italia,80,,226000,,,1061,,1,0,0,
vuelta-a-espana/2011/stage-16,Vuelta a España,80,16,180000,1044,1,1170,,1,0,0,0.0058
giro-d-italia/2014/stage-13,Giro d'Italia,80,16,157000,780,1,892,,1,0,0,0.004968152866242038
tour-de-france/2011/stage-14,Tour de France,100,,168500,5420,5,1713,,1,0,0,0.032166172106824924
tour-de-romandie/1999/stage-5,Tour de Romandie,50,,180200,,,893,,1,0,0,
tour-de-france/1982/stage-15,Tour de France,100,,208000,4500,5,1492,,1,0,0,0.021634615384615384
tour-de-suisse/2003/prologue,Tour de Suisse,50,,6500,,,660,,1,0,0,
vuelta-a-espana/2013/stage-5,Vuelta a España,80,16,174300,3200,2,1128,,1,0,0,0.01835915088927137
tour-de-france/1994/stage-10,Tour de France,100,,160500,2000,1,1731,,1,0,0,0.012461059190031152
tour-de-france/2014/stage-17,Tour de France,100,20,124500,3810,5,1612,,1,0,0,0.030602409638554217
tour-de-france/1983/stage-16,Tour de France,100,,144500,3028,2,1269,,1,0,0,0.020955017301038062
giro-d-italia/1991/stage-9,Giro d'Italia,80,,229000,,,908,,1,0,0,
giro-d-italia/2013/stage-15,Giro d'Italia,80,16,149000,4069,5,930,,1,0,0,0.027308724832214765
giro-d-italia/2011/stage-11,Giro d'Italia,80,16,144000,2612,3,891,,1,0,0,0.01813888888888889
tirreno-adriatico/2002/stage-5,Tirreno-Adriatico,50,,150000,,,1056,,1,0,0,
vuelta-a-espana/1997/stage-15,Vuelta a España,80,,159000,2995,,1165,,1,0,0,0.018836477987421385
itzulia-basque-country/2008/stage-2,Vuelta Ciclista al País Vasco,50,,153000,,,838,,1,0,0,
dauphine/2001/stage-2,Criterium du Dauphiné Libére,50,,170000,,,442,,1,0,0,
vuelta-a-espana/2010/stage-4,Vuelta a España,80,16,177000,3442,3,1123,,1,0,0,0.01944632768361582
tour-de-france/2007/stage-9,Tour de France,100,,159500,3458,4,1612,,1,0,0,0.02168025078369906
vuelta-a-espana/1986/stage-10,Vuelta a España,80,,193000,1025,,843,,1,0,0,0.005310880829015544
giro-d-italia/2023/stage-12,Giro d'Italia,80,180,185000,2348,2,835,15,1,0,0,0.012691891891891892
tour-de-romandie/2001/stage-1,Tour de Romandie,50,,165700,,,597,,1,0,0,
vuelta-a-espana/1999/stage-17,Vuelta a España,80,,225000,2309,,1342,,1,0,0,0.010262222222222223
giro-d-italia/2013/stage-16,Giro d'Italia,80,16,238000,2803,2,930,,1,0,0,0.011777310924369748
tour-de-france/2003/prologue,Tour de France,100,,6500,184,1,1688,,1,0,0,0.028307692307692308
vuelta-a-espana/1996/stage-6,Vuelta a España,80,,196500,2027,,988,,1,0,0,0.010315521628498728
giro-d-italia/2010/stage-19,Giro d'Italia,80,16,195000,4641,5,878,,1,0,0,0.0238
tour-de-france/2008/stage-12,Tour de France,100,,168500,1197,1,1520,,1,0,0,0.007103857566765579
tour-de-romandie/2005/stage-1,Tour de Romandie,50,,166900,,,799,,1,0,0,
tour-de-suisse/1974/stage-5,Tour de Suisse,50,,165000,,,541,,1,0,0,
tirreno-adriatico/2014/stage-7,Tirreno-Adriatico,50,6,9100,8,1,1269,,1,0,0,0.0008791208791208791
tour-de-suisse/1980/stage-6,Tour de Suisse,50,,233000,,,477,,1,0,0,
la-fleche-wallone/1985/result,La Flèche Wallonne,225,,246000,,,850,,0,0,0,
paris-roubaix/1976/result,Paris - Roubaix,275,,270500,,,605,,0,0,0,
liege-bastogne-liege/2004/result,Liège - Bastogne - Liège,275,,258500,,,1277,,0,0,0,
tour-de-suisse/2023/stage-7,Tour de Suisse,50,60,183500,2453,2,855,25,1,0,0,0.013367847411444141
vuelta-a-espana/1996/stage-18,Vuelta a España,80,,219500,1791,,988,,1,0,0,0.008159453302961276
volta-a-catalunya/2013/stage-6,Volta Ciclista a Catalunya,50,6,178700,2312,4,811,,1,0,0,0.01293788472299944
vuelta-a-espana/1998/stage-12,Vuelta a España,80,,166000,2221,,1309,,1,0,0,0.013379518072289157
tour-de-france/1988/stage-12,Tour de France,100,,227000,6000,5,1941,,1,0,0,0.02643171806167401
tirreno-adriatico/2004/stage-1,Tirreno-Adriatico,50,,172000,,1,926,,1,0,0,
tour-de-france/2022/stage-20,Tour de France,100,120,40700,434,3,1551,,1,0,0,0.010663390663390664
giro-d-italia/2021/stage-5,Giro d'Italia,80,100,177000,363,1,885,,1,0,0,0.0020508474576271187
dauphine/1990/stage-5,Critérium du Dauphiné Libéré,50,,196000,,,637,,1,0,0,
paris-nice/1993/stage-7a,Paris - Nice,50,,104300,,,1182,,1,0,0,
tour-de-france/1999/stage-6,Tour de France,100,,171500,1542,1,1255,,1,0,0,0.008991253644314868
tour-de-france/1983/stage-21,Tour de France,100,,50000,817,2,1269,,1,0,0,0.01634
tour-de-suisse/1988/stage-9,Tour de Suisse,50,,201500,,,548,,1,0,0,
world-championship/1990/result,World Championships - Road Race,350,,261000,,,1436,,0,0,0,
tour-de-suisse/1974/stage-4,Tour de Suisse,50,,179000,,,541,,1,0,0,
tour-de-france/2015/stage-4,Tour de France,100,20,223500,1552,1,1812,,1,0,0,0.00694407158836689
tour-de-romandie/2018/stage-4,Tour de Romandie,50,60,149200,3684,4,566,,1,0,0,0.024691689008042896
tour-de-suisse/2016/stage-7,Tour de Suisse,50,60,224300,5041,5,680,,1,0,0,0.022474364690147124
tour-de-romandie/1991/stage-4a,Tour de Romandie,50,,73600,,,521,,1,0,0,
vuelta-a-espana/2020/stage-14,La Vuelta ciclista a España,80,100,204700,3057,3,692,,1,0,0,0.014934049829018076
tour-de-france/1981/stage-10,Tour de France,100,,258500,2060,1,1362,,1,0,0,0.007969052224371373
tirreno-adriatico/2014/stage-4,Tirreno-Adriatico,50,6,244000,3796,5,1269,,1,0,0,0.015557377049180327
tour-de-france/2011/stage-6,Tour de France,100,20,226500,2373,3,1713,,1,0,0,0.01047682119205298
uae-tour/2023/stage-6,UAE Tour,50,40,166000,146,1,530,32,1,0,0,0.0008795180722891567
tour-de-suisse/1981/stage-2,Tour de Suisse,50,,205000,,,516,,1,0,0,
vuelta-a-espana/2001/stage-19,Vuelta a España,80,,168000,1874,1,971,,1,0,0,0.011154761904761905
dauphine/2019/stage-1,Critérium du Dauphiné,50,60,142000,2500,4,973,,1,0,0,0.017605633802816902
volta-a-catalunya/1996/stage-6,Volta Ciclista a Catalunya,50,,20400,,,327,,1,0,0,
tour-de-suisse/2010/stage-2,Tour de Suisse,50,6,196600,,,1198,,1,0,0,
vuelta-a-espana/2020/stage-6,La Vuelta ciclista a España,80,100,146400,3020,5,692,,1,0,0,0.02062841530054645
tirreno-adriatico/2020/stage-7,Tirreno-Adriatico,50,60,181000,2736,3,687,,1,0,0,0.015116022099447514
vuelta-a-espana/2012/stage-18,Vuelta a España,80,16,186400,1082,1,852,,1,0,0,0.005804721030042918
paris-nice/2021/stage-5,Paris - Nice,50,60,200200,926,1,1044,,1,0,0,0.004625374625374625
liege-bastogne-liege/1998/result,Liège - Bastogne - Liège,275,,265500,,,962,,0,0,0,
giro-d-italia/2015/stage-15,Giro d'Italia,80,16,165000,4634,5,861,,1,0,0,0.028084848484848483
tour-de-france/1986/stage-12,Tour de France,100,,217500,4500,4,1872,,1,0,0,0.020689655172413793
vuelta-a-espana/2016/stage-4,Vuelta a España,80,100,163500,3196,3,821,,1,0,0,0.019547400611620795
liege-bastogne-liege/1972/result,Liège - Bastogne - Liège,275,,239000,,,597,,0,0,0,
vuelta-a-espana/2010/stage-16,Vuelta a España,80,16,181400,4431,5,1123,,1,0,0,0.02442668136714443
vuelta-a-espana/2019/stage-19,La Vuelta ciclista a España,80,100,165200,1771,3,798,,1,0,0,0.010720338983050847
tour-de-suisse/2010/stage-8,Tour de Suisse,50,6,26900,,,1198,,1,0,0,
world-championship/2018/result,World Championships ME - Road Race,350,600,258000,5020,4,1374,,0,0,0,0.019457364341085272
paris-roubaix/1971/result,Paris - Roubaix,275,,265200,,,819,,0,0,0,
tour-de-france/1986/stage-13,Tour de France,100,,186000,5500,5,1872,,1,0,0,0.02956989247311828
volta-a-catalunya/1995/stage-2,Volta Ciclista a Catalunya,50,,172400,2158,,737,,1,0,0,0.012517401392111369
tour-de-france/2012/stage-1,Tour de France,100,20,198000,2680,3,1703,,1,0,0,0.013535353535353536
volta-a-catalunya/2003/stage-5,Volta a Catalunya,50,,166300,,,515,,1,0,0,
volta-a-catalunya/1992/stage-5a,Volta Ciclista a Catalunya,50,,74000,881,,758,,1,0,0,0.011905405405405405
paris-nice/1972/stage-7b,Paris - Nice,50,,9500,,,1086,,1,0,0,
giro-d-italia/2005/stage-13,Giro d'Italia,80,,218000,5994,5,929,,1,0,0,0.0274954128440367
paris-nice/2022/stage-8,Paris - Nice,50,60,115600,2436,4,1182,,1,0,0,0.021072664359861593
tirreno-adriatico/2006/stage-1,Tirreno-Adriatico,50,,167000,,3,1210,,1,0,0,
il-lombardia/1974/result,Giro di Lombardia,275,,266000,,,559,,0,0,0,
ronde-van-vlaanderen/1984/result,Ronde van Vlaanderen / Tour des Flandres,275,,268000,,,563,,0,0,0,
tour-de-suisse/2002/stage-1,Tour de Suisse,50,,171900,,,673,,1,0,0,
tour-de-suisse/2019/stage-7,Tour de Suisse,50,60,216600,4336,5,802,,1,0,0,0.020018467220683286
giro-d-italia/2019/stage-1,Giro d'Italia,80,100,8000,291,3,896,,1,0,0,0.036375
volta-a-catalunya/2011/stage-4,Volta Ciclista a Catalunya,50,6,195000,,,732,,1,0,0,
tirreno-adriatico/2021/stage-4,Tirreno-Adriatico,50,60,148000,3023,5,1108,,1,0,0,0.020425675675675676
dauphine/1992/stage-7,Critérium du Dauphiné Libéré,50,,177000,,,492,,1,0,0,
il-lombardia/2015/result,Il Lombardia,275,,245000,3946,2,1138,,0,0,0,0.01610612244897959
tour-de-romandie/2011/stage-5,Tour de Romandie,50,6,164600,2168,,660,,1,0,0,0.013171324422843257
volta-a-catalunya/2011/stage-2,Volta Ciclista a Catalunya,50,6,169300,,,732,,1,0,0,
vuelta-a-espana/1996/stage-11,Vuelta a España,80,,188000,2018,,988,,1,0,0,0.01073404255319149
giro-d-italia/1994/stage-16,Giro d'Italia,80,,220000,,,1292,,1,0,0,
la-fleche-wallone/2005/result,La Flèche Wallonne,225,,201500,,3,1094,,0,0,0,
tour-de-france/2001/stage-3,Tour de France,100,,198500,2098,3,1496,,1,0,0,0.010569269521410579
omloop-het-nieuwsblad/1980/result,Omloop Het Volk,125,,216000,,,580,,0,0,0,
tour-de-romandie/1994/prologue,Tour de Romandie,50,,5800,,,780,,1,0,0,
giro-d-italia/1994/stage-1b,Giro d'Italia,80,,7000,,,1292,,1,0,0,
dauphine/2010/stage-8,Critérium du Dauphiné,50,6,148000,,,673,,1,0,0,
liege-bastogne-liege/1976/result,Liège - Bastogne - Liège,275,,246700,,,611,,0,0,0,
tour-de-suisse/2004/stage-1,Tour de Suisse,50,,176000,,,676,,1,0,0,
vuelta-a-espana/1995/stage-8,Vuelta a España,80,,219800,3790,,883,,1,0,0,0.01724294813466788
giro-d-italia/1992/stage-11,Giro d'Italia,80,,214000,,,953,,1,0,0,
tour-de-romandie/2017/stage-1,Tour de Romandie,50,60,173300,2302,5,636,,1,0,0,0.013283323716099249
paris-nice/2006/stage-7,Paris - Nice,50,,135000,,4,795,,1,0,0,
tour-de-france/1993/stage-15,Tour de France,100,,231500,6000,5,1804,,1,0,0,0.02591792656587473
milano-sanremo/1987/result,Milano-Sanremo,275,,294000,,,1352,,0,0,0,
paris-nice/1993/stage-6,Paris - Nice,50,,196500,,,1182,,1,0,0,
tour-de-france/1990/stage-14,Tour de France,100,,205000,2812,5,1959,,1,0,0,0.013717073170731708
tour-de-france/1993/stage-14,Tour de France,100,,223000,1500,1,1804,,1,0,0,0.006726457399103139
tour-de-romandie/2013/prologue,Tour de Romandie,50,6,7450,291,5,956,,1,0,0,0.03906040268456376
giro-d-italia/2016/stage-21,Giro d'Italia,80,100,163000,879,1,933,,1,0,0,0.0053926380368098156
la-fleche-wallone/1978/result,La Flèche Wallonne,225,,223000,,,700,,0,0,0,
vuelta-a-espana/2002/stage-2,Vuelta a España,80,,144700,1892,2,1084,,1,0,0,0.013075328265376641
tour-de-romandie/2007/stage-3,Tour de Romandie,50,,162600,,,674,,1,0,0,
itzulia-basque-country/2018/stage-5,Itzulia Basque Country,50,50,164700,2269,4,824,,1,0,0,0.013776563448694596
tour-de-france/1996/stage-10,Tour de France,100,,208500,3000,2,1872,,1,0,0,0.014388489208633094
vuelta-a-espana/1982/stage-17,Vuelta a España,80,,178000,,,523,,1,0,0,
paris-nice/2019/stage-6,Paris - Nice,50,60,176500,2029,4,1099,,1,0,0,0.011495750708215298
tour-de-france/1984/stage-10,Tour de France,100,,198000,1808,1,1632,,1,0,0,0.00913131313131313
tour-de-france/1986/stage-9,Tour de France,100,,61500,466,1,1872,,1,0,0,0.007577235772357724
volta-a-catalunya/2004/stage-2,Volta a Catalunya,50,,145400,,3,376,,1,0,0,
vuelta-a-espana/1999/stage-10,Vuelta a España,80,,183200,584,,1342,,1,0,0,0.003187772925764192
giro-d-italia/2013/stage-20,Giro d'Italia,80,16,210000,3663,5,930,,1,0,0,0.017442857142857142
tour-de-france/2003/stage-12,Tour de France,100,,47000,712,2,1688,,1,0,0,0.015148936170212766
ronde-van-vlaanderen/2012/result,Ronde van Vlaanderen / Tour des Flandres ME,275,,256000,1900,2,887,,0,0,0,0.007421875
volta-a-catalunya/2009/stage-7,Volta Ciclista a Catalunya,50,,110800,,1,668,,1,0,0,
tour-de-france/2007/stage-13,Tour de France,100,,54000,533,2,1612,,1,0,0,0.00987037037037037
tour-de-france/1979/stage-5,Tour de France,100,,145000,811,1,1381,,1,0,0,0.005593103448275862
tirreno-adriatico/2001/stage-6,Tirreno-Adriatico,50,,136000,,,1092,,1,0,0,
tour-de-france/1993/stage-19,Tour de France,100,,48000,608,1,1804,,1,0,0,0.012666666666666666
paris-nice/1991/stage-2,Paris - Nice,50,,157000,,,832,,1,0,0,
volta-a-catalunya/2001/stage-8,Volta a Catalunya,50,,13100,,5,617,,1,0,0,
paris-nice/1993/stage-4,Paris - Nice,50,,210000,,,1182,,1,0,0,
giro-d-italia/1994/stage-10,Giro d'Italia,80,,115000,,,1292,,1,0,0,
tour-de-france/1981/stage-1a,Tour de France,100,,97000,2000,2,1362,,1,0,0,0.020618556701030927
vuelta-a-espana/2008/stage-11,Vuelta a España,80,,178000,2019,2,1101,,1,0,0,0.011342696629213483
tour-de-suisse/2005/stage-4,Tour de Suisse,50,,208000,,,971,,1,0,0,
tour-de-france/2005/stage-3,Tour de France,100,,212000,1465,1,1535,,1,0,0,0.006910377358490566
vuelta-a-espana/1991/stage-10,Vuelta a España,80,,229000,3428,,1042,,1,0,0,0.01496943231441048
giro-d-italia/2003/stage-7,Giro d'Italia,80,,146000,2681,5,734,,1,0,0,0.018363013698630137
tour-de-france/1995/stage-1,Tour de France,100,,228000,2500,1,1871,,1,0,0,0.010964912280701754
giro-d-italia/2004/stage-6,Giro d'Italia,80,,164000,2044,2,621,,1,0,0,0.012463414634146342
giro-d-italia/2013/stage-9,Giro d'Italia,80,16,170000,3032,2,930,,1,0,0,0.01783529411764706
tour-de-france/2017/stage-11,Tour de France,100,120,203500,1163,1,1791,,1,0,0,0.005714987714987715
vuelta-a-espana/1995/stage-20,Vuelta a España,80,,41600,376,,883,,1,0,0,0.009038461538461539
tour-de-suisse/1971/stage-4,Tour de Suisse,50,,175000,,,302,,1,0,0,
tour-de-france/1989/stage-11,Tour de France,100,,158500,1911,2,1849,,1,0,0,0.012056782334384859
dauphine/1991/stage-4,Critérium du Dauphiné Libéré,50,,186500,,,830,,1,0,0,
tour-de-suisse/2015/stage-9,Tour de Suisse,50,6,38400,529,2,1048,,1,0,0,0.013776041666666667
tirreno-adriatico/1973/stage-5b,Tirreno-Adriatico,50,,18000,,,536,,1,0,0,
paris-nice/2019/stage-7,Paris - Nice,50,60,181500,4332,5,1099,,1,0,0,0.023867768595041323
itzulia-basque-country/2012/stage-5,Vuelta Ciclista al País Vasco,50,6,183000,2997,,928,,1,0,0,0.01637704918032787
tour-de-france/1992/stage-14,Tour de France,100,,186500,6000,5,2047,,1,0,0,0.032171581769437
giro-d-italia/2009/stage-12,Giro d'Italia,80,,60600,1497,2,975,,1,0,0,0.024702970297029704
dauphine/2007/stage-7,Critérium du Dauphiné Libéré,50,,129000,,,816,,1,0,0,
ronde-van-vlaanderen/1975/result,Ronde van Vlaanderen / Tour des Flandres,275,,255000,,,666,,0,0,0,
tour-de-france/1988/stage-15,Tour de France,100,,187500,6000,5,1941,,1,0,0,0.032
tirreno-adriatico/2020/stage-3,Tirreno-Adriatico,50,60,217000,3108,3,687,,1,0,0,0.01432258064516129
giro-d-italia/2001/stage-20,Giro d'Italia,80,,181000,3331,4,920,,1,0,0,0.018403314917127073
tour-de-romandie/2011/stage-1,Tour de Romandie,50,6,171500,2365,,660,,1,0,0,0.013790087463556852
milano-sanremo/2012/result,Milano-Sanremo,275,,298000,2380,2,1079,,0,0,0,0.007986577181208054
dauphine/2015/stage-4,Critérium du Dauphiné,50,6,228000,2369,2,997,,1,0,0,0.010390350877192983
volta-a-catalunya/2019/stage-6,Volta Ciclista a Catalunya,50,50,169100,2025,2,918,,1,0,0,0.011975162625665286
tirreno-adriatico/1992/stage-1,Tirreno-Adriatico,50,,192000,,,638,,1,0,0,
il-lombardia/2020/result,Il Lombardia,275,500,231000,3975,2,589,,0,0,0,0.017207792207792207
tour-de-france/2002/stage-13,Tour de France,100,,171000,2180,2,1489,,1,0,0,0.012748538011695907
volta-a-catalunya/2019/stage-2,Volta Ciclista a Catalunya,50,50,166700,1725,3,918,,1,0,0,0.010347930413917216
tour-de-france/1980/stage-3,Tour de France,100,,282000,3500,2,1224,,1,0,0,0.012411347517730497
il-lombardia/2013/result,Il Lombardia,275,,242000,4112,2,1256,,0,0,0,0.01699173553719008
volta-a-catalunya/2023/stage-7,Volta Ciclista a Catalunya,50,50,135800,1842,2,704,20,1,0,0,0.013564064801178203
milano-sanremo/2007/result,Milano-Sanremo,275,,294000,,,1303,,0,0,0,
paris-nice/2016/stage-7,Paris - Nice,50,60,141000,2728,4,1109,,1,0,0,0.019347517730496453
tour-de-suisse/1995/stage-2,Tour de Suisse,50,,207100,,,764,,1,0,0,
tour-de-romandie/2006/stage-4,Tour de Romandie,50,,127700,,,772,,1,0,0,
dauphine/2012/stage-1,Critérium du Dauphiné,50,6,187000,2048,,1117,,1,0,0,0.010951871657754011
itzulia-basque-country/2023/stage-5,Itzulia Basque Country,50,50,164500,3187,2,719,22,1,0,0,0.01937386018237082
tour-de-romandie/1989/stage-5,Tour de Romandie,50,,168200,,,502,,1,0,0,
dauphine/2019/stage-3,Critérium du Dauphiné,50,60,177000,1424,2,973,,1,0,0,0.008045197740112994
tour-de-suisse/1997/stage-4,Tour de Suisse,50,,31500,,,1161,,1,0,0,
volta-a-catalunya/1984/stage-2,Volta Ciclista a Catalunya,50,,192000,,,319,,1,0,0,
dauphine/2012/stage-7,Critérium du Dauphiné,50,6,124500,2375,,1117,,1,0,0,0.019076305220883535
giro-d-italia/2015/stage-2,Giro d'Italia,80,16,177000,1868,2,861,,1,0,0,0.010553672316384181
giro-d-italia/1998/stage-22,Giro d'Italia,80,,101000,,,923,,1,0,0,
paris-nice/2018/stage-6,Paris - Nice,50,60,198000,3189,4,936,,1,0,0,0.016106060606060606
giro-d-italia/1996/stage-13,Giro d'Italia,80,,115000,,,1034,,1,0,0,
amstel-gold-race/2015/result,Amstel Gold Race,225,,258000,3558,3,1175,,0,0,0,0.013790697674418605
paris-roubaix/2018/result,Paris-Roubaix,275,500,257000,1309,1,811,,0,0,0,0.005093385214007782
tirreno-adriatico/2007/stage-3,Tirreno-Adriatico,50,,213000,,3,1148,,1,0,0,
giro-d-italia/1995/stage-17,Giro d'Italia,80,,43000,1230,,1365,,1,0,0,0.0286046511627907
paris-nice/2013/prologue,Paris - Nice,50,6,2900,51,1,917,,1,0,0,0.017586206896551725
giro-d-italia/2022/stage-7,Giro d'Italia,80,100,196000,4730,4,817,19,1,0,0,0.02413265306122449
tour-de-france/2018/stage-14,Tour de France,100,120,188000,3365,2,1689,,1,0,0,0.017898936170212765
vuelta-a-espana/1992/stage-17,Vuelta a España,80,,200600,616,,1033,,1,0,0,0.003070787637088734
vuelta-a-espana/2020/stage-13,La Vuelta ciclista a España,80,100,33700,536,3,692,,1,0,0,0.015905044510385758
dauphine/1977/stage-1,Critérium du Dauphiné Libéré,50,,228000,,,809,,1,0,0,
giro-d-italia/2017/stage-16,Giro d'Italia,80,100,222000,5845,4,881,,1,0,0,0.02632882882882883
il-lombardia/1985/result,Giro di Lombardia,275,,255000,,,439,,0,0,0,
vuelta-a-espana/1990/stage-7,Vuelta a España,80,,187300,1380,,807,,1,0,0,0.007367859049652963
omloop-het-nieuwsblad/1976/result,Omloop Het Volk,125,,202000,,,449,,0,0,0,
vuelta-a-espana/2008/stage-16,Vuelta a España,80,,186400,1481,1,1101,,1,0,0,0.007945278969957082
il-lombardia/1983/result,Giro di Lombardia,275,,253000,,,828,,0,0,0,
giro-d-italia/2019/stage-20,Giro d'Italia,80,100,194000,5754,5,896,,1,0,0,0.02965979381443299
tour-de-romandie/2015/stage-4,Tour de Romandie,50,6,169800,2216,4,883,,1,0,0,0.013050647820965842
world-championship/1995/result,World Championships - Road Race,350,,265500,5319,,869,,0,0,0,0.020033898305084747
world-championship/1975/result,World Championships - Road Race,350,,266000,4234,,1211,,0,0,0,0.01591729323308271
tour-de-france/1989/stage-1,Tour de France,100,,135500,2028,2,1849,,1,0,0,0.014966789667896678
tour-de-suisse/2018/stage-3,Tour de Suisse,50,60,182000,2260,2,956,,1,0,0,0.012417582417582418
amstel-gold-race/1981/result,Amstel Gold Race,225,,237000,,,807,,0,0,0,
vuelta-a-espana/1987/stage-2,Vuelta a España,80,,217000,2000,,838,,1,0,0,0.009216589861751152
vuelta-a-espana/2006/stage-15,Vuelta a España,80,,182000,1571,1,1026,,1,0,0,0.008631868131868132
tirreno-adriatico/1990/stage-3,Tirreno-Adriatico,50,,6800,,,590,,1,0,0,
volta-a-catalunya/1970/stage-4,Volta Ciclista a Catalunya,50,,225000,,,570,,1,0,0,
paris-nice/1991/stage-4,Paris - Nice,50,,179000,,,832,,1,0,0,
vuelta-a-espana/2011/stage-21,Vuelta a España,80,,94000,828,1,1170,,1,0,0,0.008808510638297873
dauphine/2011/stage-1,Critérium du Dauphiné,50,6,144000,2189,,958,,1,0,0,0.01520138888888889
tour-de-suisse/2003/stage-9,Tour de Suisse,50,,152000,,,660,,1,0,0,
tour-de-france/2001/stage-12,Tour de France,100,,166000,4000,5,1496,,1,0,0,0.024096385542168676
giro-d-italia/2018/stage-15,Giro d'Italia,80,100,176000,4112,4,838,,1,0,0,0.023363636363636364
giro-d-italia/1993/stage-2,Giro d'Italia,80,,224000,,,1089,,1,0,0,
giro-d-italia/1999/stage-10,Giro d'Italia,80,,189000,,,1057,,1,0,0,
giro-d-italia/2012/stage-10,Giro d'Italia,80,16,186000,2424,3,886,,1,0,0,0.013032258064516128
vuelta-a-espana/2009/stage-4,Vuelta a España,80,,225500,1888,1,1220,,1,0,0,0.008372505543237251
dauphine/2014/stage-8,Critérium du Dauphiné,50,6,130500,3029,5,941,,1,0,0,0.023210727969348657
tirreno-adriatico/2003/stage-3,Tirreno-Adriatico,50,,175000,,,882,,1,0,0,
volta-a-catalunya/2018/stage-6,Volta Ciclista a Catalunya,50,50,117000,1469,4,659,,1,0,0,0.012555555555555556
tour-de-romandie/2004/stage-3,Tour de Romandie,50,,145700,,,507,,1,0,0,
paris-nice/2005/stage-2,Paris - Nice,50,,46500,,1,1091,,1,0,0,
tour-de-suisse/1991/stage-7,Tour de Suisse,50,,256000,,,796,,1,0,0,
giro-d-italia/1992/stage-1,Giro d'Italia,80,,194000,,,953,,1,0,0,
tirreno-adriatico/1990/stage-5,Tirreno-Adriatico,50,,249500,,,590,,1,0,0,
tour-de-france/1999/stage-15,Tour de France,100,,174000,5500,5,1255,,1,0,0,0.031609195402298854
volta-a-catalunya/1986/stage-4,Volta Ciclista a Catalunya,50,,171000,,5,561,,1,0,0,
ronde-van-vlaanderen/2004/result,Ronde van Vlaanderen / Tour des Flandres ME,275,,257000,,2,1018,,0,0,0,
itzulia-basque-country/2004/stage-1,Vuelta al País Vasco,50,,139000,,,1020,,1,0,0,
tour-de-suisse/2000/stage-6,Tour de Suisse,50,,103000,,,895,,1,0,0,
giro-d-italia/2015/stage-4,Giro d'Italia,80,16,150000,3050,2,861,,1,0,0,0.02033333333333333
vuelta-a-espana/1981/stage-9,Vuelta a España,80,,204000,,,457,,1,0,0,
giro-d-italia/2000/stage-12,Giro d'Italia,80,,184000,1700,2,866,,1,0,0,0.00923913043478261
tirreno-adriatico/2004/stage-6,Tirreno-Adriatico,50,,185000,,1,926,,1,0,0,
tour-de-france/1991/stage-9,Tour de France,100,,161000,1679,1,1933,,1,0,0,0.01042857142857143
giro-d-italia/1999/stage-3,Giro d'Italia,80,,176000,,,1057,,1,0,0,
volta-a-catalunya/2023/stage-1,Volta Ciclista a Catalunya,50,50,164600,2091,3,704,14,1,0,0,0.012703523693803159
tour-de-france/2021/stage-10,Tour de France,100,120,190700,1488,2,1646,,1,0,0,0.007802831672784478
paris-roubaix/1998/result,Paris - Roubaix,275,,266000,,1,828,,0,0,0,
tour-de-france/2012/stage-5,Tour de France,100,20,196500,1250,1,1703,,1,0,0,0.006361323155216285
vuelta-a-espana/1994/stage-17,Vuelta a España,80,,150400,2228,,791,,1,0,0,0.014813829787234042
tour-de-france/2022/stage-15,Tour de France,100,120,202500,2416,2,1551,36,1,0,0,0.011930864197530864
volta-a-catalunya/1998/stage-8,Volta Ciclista a Catalunya,50,,189800,,,859,,1,0,0,
vuelta-a-espana/2012/stage-13,Vuelta a España,80,16,172700,2443,1,852,,1,0,0,0.014145917776491025
dauphine/2014/stage-3,Critérium du Dauphiné,50,6,194000,2668,2,941,,1,0,0,0.01375257731958763
vuelta-a-espana/1991/stage-2a,Vuelta a España,80,,134500,667,,1042,,1,0,0,0.00495910780669145
paris-nice/1986/stage-4a,Paris - Nice,50,,118000,,,746,,1,0,0,
itzulia-basque-country/2012/stage-3,Vuelta Ciclista al País Vasco,50,6,152000,3049,,928,,1,0,0,0.02005921052631579
world-championship/2022/result,World Championships ME - Road Race,350,600,266900,4167,2,1052,,0,0,0,0.015612588984638442
vuelta-a-espana/1991/stage-15,Vuelta a España,80,,219500,1978,,1042,,1,0,0,0.00901138952164009
tour-de-france/1997/stage-6,Tour de France,100,,217500,1443,1,1994,,1,0,0,0.006634482758620689
tour-de-france/2005/stage-18,Tour de France,100,,189000,2947,2,1535,,1,0,0,0.015592592592592592
tour-de-suisse/2018/stage-2,Tour de Suisse,50,60,155000,1817,2,956,,1,0,0,0.01172258064516129
tour-de-suisse/2016/stage-6,Tour de Suisse,50,10,162800,3763,5,680,,1,0,0,0.023114250614250615
giro-d-italia/2019/stage-4,Giro d'Italia,80,100,235000,2995,3,896,,1,0,0,0.01274468085106383
tour-de-france/2000/stage-3,Tour de France,100,,161500,1331,1,1437,,1,0,0,0.008241486068111455
dauphine/2022/stage-5,Critérium du Dauphiné,50,60,162300,1991,2,789,18,1,0,0,0.012267406038200862
volta-a-catalunya/2008/stage-1,Volta Ciclista a Catalunya,50,,167800,,1,616,,1,0,0,
san-sebastian/2000/result,Clasica Ciclista San Sebastian,225,,232000,,2,1269,,0,0,0,
giro-d-italia/2011/stage-3,Giro d'Italia,80,16,173000,2009,2,891,,1,0,0,0.01161271676300578
paris-nice/2004/stage-7,Paris - Nice,50,,185500,,,989,,1,0,0,
tirreno-adriatico/1999/stage-6,Tirreno-Adriatico,50,,170000,,,1150,,1,0,0,
vuelta-a-espana/2007/stage-5,Vuelta a España,80,,157400,3374,4,995,,1,0,0,0.021435832274459974
il-lombardia/1980/result,Giro di Lombardia,275,,255000,,,241,,0,0,0,
e3-harelbeke/1991/result,E3-Prijs Harelbeke,125,,203000,,,352,,0,0,0,
paris-nice/2020/stage-6,Paris - Nice,50,60,161500,2895,4,1082,,1,0,0,0.017925696594427245
tirreno-adriatico/2021/stage-6,Tirreno-Adriatico,50,60,169000,1628,1,1108,,1,0,0,0.009633136094674557
vuelta-a-espana/1982/stage-13,Vuelta a España,80,,195000,,,523,,1,0,0,
tour-de-france/2019/stage-9,Tour de France,100,120,170500,2717,2,1699,,1,0,0,0.015935483870967743
tour-de-france/1990/stage-20,Tour de France,100,,45500,1097,1,1959,,1,0,0,0.02410989010989011
tour-de-france/2004/stage-15,Tour de France,70,,180500,4818,3,1555,,1,0,0,0.026692520775623268
vuelta-a-espana/2011/stage-10,Vuelta a España,80,16,47000,414,1,1170,,1,0,0,0.008808510638297873
giro-d-italia/2012/stage-17,Giro d'Italia,80,16,186000,5317,4,886,,1,0,0,0.028586021505376345
tour-de-france/2022/stage-21,Tour de France,100,120,115600,748,1,1551,32,1,0,0,0.006470588235294118
vuelta-a-espana/2015/stage-18,Vuelta a España,80,16,204000,3218,2,1115,,1,0,0,0.015774509803921567
tirreno-adriatico/2019/stage-2,Tirreno-Adriatico,50,60,195000,2168,3,1067,,1,0,0,0.011117948717948719
tour-de-suisse/1980/stage-3,Tour de Suisse,50,,245000,,,477,,1,0,0,
paris-nice/2020/stage-5,Paris - Nice,50,60,227000,2681,4,1082,,1,0,0,0.01181057268722467
tour-de-france/1988/stage-6,Tour de France,100,,52000,266,1,1941,,1,0,0,0.005115384615384615
tour-de-suisse/1991/stage-8,Tour de Suisse,50,,202000,,,796,,1,0,0,
volta-a-catalunya/2015/stage-7,Volta Ciclista a Catalunya,50,6,126600,1629,2,817,,1,0,0,0.012867298578199052
giro-d-italia/1994/stage-18,Giro d'Italia,80,,35000,,,1292,,1,0,0,
tour-de-suisse/1980/stage-8a,Tour de Suisse,50,,66000,,,477,,1,0,0,
il-lombardia/2000/result,Giro di Lombardia,275,,258000,4103,,1123,,0,0,0,0.015903100775193798
volta-a-catalunya/2002/stage-7,Volta a Catalunya,50,,115900,,,431,,1,0,0,
giro-d-italia/1996/stage-14,Giro d'Italia,80,,202000,,,1034,,1,0,0,
tour-de-romandie/1999/prologue,Tour de Romandie,50,,4900,,,893,,1,0,0,
giro-d-italia/2000/stage-17,Giro d'Italia,80,,224000,949,2,866,,1,0,0,0.004236607142857143
il-lombardia/2009/result,Giro di Lombardia,275,,242000,3789,2,865,,0,0,0,0.01565702479338843
giro-d-italia/1997/stage-16,Giro d'Italia,80,,158000,,,792,,1,0,0,
tour-de-suisse/1975/prologue,Tour de Suisse,50,,3700,,,549,,1,0,0,
san-sebastian/1996/result,Clasica Ciclista San Sebastian,225,,234000,,2,1309,,0,0,0,
paris-nice/1975/stage-2,Paris - Nice,50,,209000,,,951,,1,0,0,
giro-d-italia/2006/stage-17,Giro d'Italia,80,,210000,3033,4,997,,1,0,0,0.014442857142857143
dauphine/2005/stage-7,Critérium du Dauphiné Libéré,30,,128000,,,933,,1,0,0,
tour-de-france/2011/stage-9,Tour de France,100,20,208000,3975,2,1713,,1,0,0,0.019110576923076925
tour-de-suisse/2022/stage-2,Tour de Suisse,50,60,198000,2746,2,767,23,1,0,0,0.013868686868686869
tour-de-romandie/1999/stage-4,Tour de Romandie,50,,156800,,,893,,1,0,0,
giro-d-italia/1991/stage-14,Giro d'Italia,80,,231000,,,908,,1,0,0,
tour-de-france/1985/stage-13,Tour de France,100,,31800,746,2,1470,,1,0,0,0.023459119496855346
tour-de-suisse/1974/stage-9a,Tour de Suisse,50,,137000,,,541,,1,0,0,
vuelta-a-espana/2003/stage-16,Vuelta a España,80,,162000,3368,5,935,,1,0,0,0.020790123456790124
vuelta-a-espana/2006/stage-16,Vuelta a España,80,,145000,4567,5,1026,,1,0,0,0.03149655172413793
tour-de-suisse/1989/stage-5a,Tour de Suisse,50,,78000,,,604,,1,0,0,
paris-roubaix/1980/result,Paris - Roubaix,275,,264000,,,472,,0,0,0,
vuelta-a-espana/2002/stage-19,Vuelta a España,80,,177800,3005,2,1084,,1,0,0,0.016901012373453317
vuelta-a-espana/1986/stage-6,Vuelta a España,80,,191000,4000,,843,,1,0,0,0.020942408376963352
tour-de-suisse/2003/stage-3,Tour de Suisse,50,,205000,,,660,,1,0,0,
tour-de-france/2011/stage-11,Tour de France,100,20,168500,1695,2,1713,,1,0,0,0.010059347181008902
vuelta-a-espana/2015/stage-16,Vuelta a España,80,16,185000,5207,5,1115,,1,0,0,0.028145945945945945
liege-bastogne-liege/2009/result,Liège - Bastogne - Liège,275,,261000,,,1179,,0,0,0,
tour-de-france/2011/stage-10,Tour de France,100,20,161000,1933,2,1713,,1,0,0,0.012006211180124224
amstel-gold-race/2023/result,Amstel Gold Race,225,500,253600,3290,2,770,,0,0,0,0.012973186119873817
giro-d-italia/1995/stage-2,Giro d'Italia,80,,19000,258,,1365,,1,0,0,0.013578947368421053
tour-de-france/1993/stage-1,Tour de France,100,,215000,1859,1,1804,,1,0,0,0.008646511627906977
paris-nice/2002/stage-2,Paris - Nice,50,,170000,,,883,,1,0,0,
dauphine/2022/stage-8,Critérium du Dauphiné,50,60,138800,3782,5,789,26,1,0,0,0.027247838616714697
paris-nice/1999/stage-1,Paris - Nice,50,,184700,,,792,,1,0,0,
tour-de-france/1986/stage-6,Tour de France,100,,200000,1857,3,1872,,1,0,0,0.009285
vuelta-a-espana/1994/stage-4,Vuelta a España,80,,235600,894,,791,,1,0,0,0.003794567062818336
paris-nice/2014/stage-8,Paris - Nice,50,6,128000,2406,2,971,,1,0,0,0.018796875
itzulia-basque-country/2007/stage-1,Vuelta al País Vasco,50,,139000,,,1002,,1,0,0,
vuelta-a-espana/1980/stage-13,Vuelta a España,80,,195000,,,520,,1,0,0,
vuelta-a-espana/2016/stage-21,Vuelta a España,80,100,104100,847,1,821,,1,0,0,0.00813640730067243
tour-de-suisse/1982/stage-1,Tour de Suisse,50,,184000,,,657,,1,0,0,
paris-nice/1998/stage-1,Paris - Nice,50,,170200,,,960,,1,0,0,
e3-harelbeke/1987/result,E3-Prijs Harelbeke,125,,225000,,,232,,0,0,0,
paris-nice/1976/stage-5,Paris - Nice,50,,188000,,,779,,1,0,0,
giro-d-italia/2017/stage-10,Giro d'Italia,80,100,39800,505,2,881,,1,0,0,0.012688442211055277
giro-d-italia/2013/stage-7,Giro d'Italia,80,16,177000,3115,2,930,,1,0,0,0.017598870056497174
paris-nice/1997/stage-5,Paris - Nice,50,,182000,,,779,,1,0,0,
itzulia-basque-country/2006/stage-5,Vuelta al País Vasco,50,,178000,,,842,,1,0,0,
amstel-gold-race/2014/result,Amstel Gold Race,225,,251400,3495,2,1140,,0,0,0,0.013902147971360381
tour-de-suisse/1980/stage-1,Tour de Suisse,50,,202500,,,477,,1,0,0,
giro-d-italia/1991/stage-8,Giro d'Italia,80,,163000,,,908,,1,0,0,
tour-de-suisse/1985/stage-2,Tour de Suisse,50,,146500,,,699,,1,0,0,
dwars-door-vlaanderen/1997/result,Dwars door België / À travers la Belgique,75,,203000,,,191,,0,0,0,
dauphine/2017/stage-1,Critérium du Dauphiné,50,60,170000,3011,2,1024,,1,0,0,0.017711764705882354
giro-d-italia/1995/stage-18,Giro d'Italia,80,,221000,,,1365,,1,0,0,
tour-de-france/2012/stage-19,Tour de France,100,20,53500,249,1,1703,,1,0,0,0.004654205607476636
tour-de-france/2010/stage-4,Tour de France,100,20,153500,1107,1,1685,,1,0,0,0.007211726384364821
dauphine/1991/stage-1,Critérium du Dauphiné Libéré,50,,153000,,,830,,1,0,0,
e3-harelbeke/1977/result,E3-Prijs Harelbeke,125,,233000,,,492,,0,0,0,
giro-d-italia/1990/stage-4b,Giro d'Italia,80,,164000,,,1061,,1,0,0,
dauphine/2009/stage-6,Critérium du Dauphiné Libéré,50,,106000,,,708,,1,0,0,
tour-de-france/2001/stage-14,Tour de France,100,,141500,5174,5,1496,,1,0,0,0.036565371024734984
giro-d-italia/2018/stage-20,Giro d'Italia,80,100,214000,4254,5,838,,1,0,0,0.019878504672897195
giro-d-italia/2020/stage-15,Giro d'Italia,80,100,185000,4515,5,765,,1,0,0,0.024405405405405405
itzulia-basque-country/2015/stage-2,Vuelta Ciclista al País Vasco,50,6,175400,3064,2,970,,1,0,0,0.017468643101482325
tour-de-france/1999/stage-7,Tour de France,100,,227000,2347,1,1255,,1,0,0,0.01033920704845815
tour-de-suisse/2011/stage-3,Tour de Suisse,50,6,107600,,,972,,1,0,0,
tour-de-suisse/1982/stage-4b,Tour de Suisse,50,,7000,,,657,,1,0,0,
tour-de-france/1999/stage-14,Tour de France,100,,189000,2514,1,1255,,1,0,0,0.013301587301587302
tirreno-adriatico/2008/stage-5,Tirreno-Adriatico,50,,26000,,1,1136,,1,0,0,
tour-de-suisse/2012/stage-8,Tour de Suisse,50,6,215800,4434,,917,,1,0,0,0.020546802594995365
dauphine/2003/stage-2,Critérium du Dauphiné Libéré,50,,195000,,,572,,1,0,0,
itzulia-basque-country/2001/stage-5a,Vuelta al País Vasco,50,,105000,,,898,,1,0,0,
tour-de-suisse/1991/stage-1,Tour de Suisse,50,,190000,,,796,,1,0,0,
tour-de-suisse/2001/stage-8,Tour de Suisse,50,402,166800,,,873,,1,0,0,
tour-de-france/2013/stage-20,Tour de France,100,20,125000,3909,5,1690,,1,0,0,0.031272
tour-de-suisse/2017/stage-3,Tour de Suisse,50,60,159300,1618,3,855,,1,0,0,0.010156936597614564
tour-de-romandie/1997/stage-1,Tour de Romandie,50,,167800,,,922,,1,0,0,
il-lombardia/2004/result,Giro di Lombardia,275,,246000,4417,,872,,0,0,0,0.017955284552845528
paris-nice/2009/stage-2,Paris - Nice,30,,195500,,1,796,,1,0,0,
vuelta-a-espana/1995/stage-1,Vuelta a España,80,,186600,1251,,883,,1,0,0,0.006704180064308681
dauphine/1993/stage-2,Critérium du Dauphiné Libéré,50,,162000,,,386,,1,0,0,
tirreno-adriatico/1991/stage-3,Tirreno-Adriatico,50,,169200,,,710,,1,0,0,
tour-de-romandie/1999/stage-3b,Tour de Romandie,50,,18500,,,893,,1,0,0,
tour-de-france/2007/stage-8,Tour de France,100,,165000,4933,5,1612,,1,0,0,0.029896969696969696
giro-d-italia/1992/stage-5,Giro d'Italia,80,,223000,,,953,,1,0,0,
dauphine/2017/stage-5,Critérium du Dauphiné,50,60,175000,2319,2,1024,,1,0,0,0.013251428571428572
paris-nice/1991/stage-7,Paris - Nice,50,,12000,,,832,,1,0,0,
dauphine/1984/prologue,Critérium du Dauphiné Libéré,50,,3300,,,529,,1,0,0,
tirreno-adriatico/2014/stage-3,Tirreno-Adriatico,50,6,210000,1950,3,1269,,1,0,0,0.009285714285714286
vuelta-a-espana/2016/stage-8,Vuelta a España,80,100,181500,1279,5,821,,1,0,0,0.007046831955922865
tour-de-france/1994/stage-17,Tour de France,100,,149000,5500,5,1731,,1,0,0,0.03691275167785235
vuelta-a-espana/1990/stage-6,Vuelta a España,80,,195200,3500,,807,,1,0,0,0.017930327868852458
tirreno-adriatico/2009/stage-2,Tirreno-Adriatico,50,,177000,1619,1,1206,,1,0,0,0.009146892655367231
volta-a-catalunya/2019/stage-3,Volta Ciclista a Catalunya,50,50,179000,3899,5,918,,1,0,0,0.021782122905027932
dauphine/1975/stage-6,Critérium du Dauphiné Libéré,50,,185000,,,889,,1,0,0,
tour-de-suisse/1984/stage-1,Tour de Suisse,50,,186500,,,646,,1,0,0,
dauphine/1994/stage-7,Critérium du Dauphiné Libéré,50,,157000,,,362,,1,0,0,
la-fleche-wallone/1971/result,La Flèche Wallonne,225,,225000,,,661,,0,0,0,
dauphine/2018/stage-5,Critérium du Dauphiné,50,60,130000,2635,5,762,,1,0,0,0.02026923076923077
ronde-van-vlaanderen/2008/result,Ronde van Vlaanderen / Tour des Flandres ME,275,,264000,,2,964,,0,0,0,
itzulia-basque-country/2018/stage-4,Itzulia Basque Country,50,50,19400,63,1,824,,1,0,0,0.0032474226804123712
tour-de-france/2013/stage-2,Tour de France,100,20,156000,2373,4,1690,,1,0,0,0.015211538461538462
tirreno-adriatico/2020/stage-4,Tirreno-Adriatico,50,60,194000,3285,4,687,,1,0,0,0.01693298969072165
giro-d-italia/2012/stage-16,Giro d'Italia,80,16,173000,2579,2,886,,1,0,0,0.014907514450867052
omloop-het-nieuwsblad/2006/result,Omloop Het Volk,125,,202000,,2,542,,0,0,0,
vuelta-a-espana/1983/prologue,Vuelta a España,80,,6800,,,705,,1,0,0,
amstel-gold-race/2011/result,Amstel Gold Race,225,,261000,,,1086,,0,0,0,
tour-de-romandie/1973/stage-4b,Tour de Romandie,50,,27000,,,352,,1,0,0,
vuelta-a-espana/2002/stage-5,Vuelta a España,80,,198000,4874,5,1084,,1,0,0,0.024616161616161616
tour-de-suisse/1986/stage-5,Tour de Suisse,50,,24000,,,835,,1,0,0,
tour-de-suisse/1989/stage-4,Tour de Suisse,50,,166500,,,604,,1,0,0,
tour-de-france/2015/stage-13,Tour de France,100,20,198500,2299,2,1812,,1,0,0,0.011581863979848867
vuelta-a-espana/2017/stage-2,Vuelta a España,80,100,203400,588,1,899,,1,0,0,0.0028908554572271384
tour-de-suisse/2016/stage-3,Tour de Suisse,50,60,192600,2129,2,680,,1,0,0,0.011053997923156802
tour-de-suisse/2010/stage-1,Tour de Suisse,50,6,167500,,,1198,,1,0,0,
tour-de-suisse/1971/stage-6,Tour de Suisse,50,,196000,,,302,,1,0,0,
paris-nice/2009/stage-6,Paris - Nice,30,,182500,,5,796,,1,0,0,
giro-d-italia/1990/stage-19,Giro d'Italia,80,,39000,,,1061,,1,0,0,
itzulia-basque-country/2003/stage-4,Vuelta al País Vasco,50,,171000,,,910,,1,0,0,
tour-de-france/1982/stage-12,Tour de France,100,,249000,4000,4,1492,,1,0,0,0.01606425702811245
il-lombardia/1998/result,Giro di Lombardia,275,,253000,,,502,,0,0,0,
world-championship/2011/result,World Championships ME - Road Race,350,,266000,1925,1,1319,,0,0,0,0.007236842105263158
il-lombardia/2016/result,Il Lombardia,275,500,240000,5236,4,1191,,0,0,0,0.021816666666666668
volta-a-catalunya/1984/stage-7b,Volta Ciclista a Catalunya,50,,116000,,,319,,1,0,0,
paris-nice/1983/stage-2,Paris - Nice,50,,212000,,,658,,1,0,0,
world-championship/2017/result,World Championships ME - Road Race,350,600,267500,,2,1327,,0,0,0,
vuelta-a-espana/2007/stage-17,Vuelta a España,80,,175000,1116,1,995,,1,0,0,0.006377142857142857
tour-de-france/1983/stage-20,Tour de France,100,,291000,3000,2,1269,,1,0,0,0.010309278350515464
giro-d-italia/1998/stage-10,Giro d'Italia,80,,212000,,,923,,1,0,0,
vuelta-a-espana/2004/stage-13,Vuelta a España,80,,172000,1804,1,1177,,1,0,0,0.010488372093023255
tour-de-france/1999/stage-12,Tour de France,100,,197000,4243,3,1255,,1,0,0,0.021538071065989848
e3-harelbeke/1971/result,E3-Prijs Harelbeke,125,,235000,,,474,,0,0,0,
itzulia-basque-country/2006/stage-2,Vuelta al País Vasco,50,,155000,,,842,,1,0,0,
vuelta-a-espana/1992/stage-6,Vuelta a España,80,,202800,727,,1033,,1,0,0,0.0035848126232741616
tour-de-france/1983/stage-10,Tour de France,100,,201000,5500,4,1269,,1,0,0,0.02736318407960199
tour-de-france/1978/stage-10,Tour de France,100,,192000,3500,2,1241,,1,0,0,0.018229166666666668
volta-a-catalunya/2022/stage-7,Volta Ciclista a Catalunya,50,50,138600,2121,2,722,17,1,0,0,0.015303030303030303
tour-de-suisse/1992/stage-3,Tour de Suisse,50,,166000,,,533,,1,0,0,
vuelta-a-espana/2019/stage-8,La Vuelta ciclista a España,80,100,166900,2291,2,798,,1,0,0,0.013726782504493709
tour-de-suisse/2001/stage-3,Tour de Suisse,50,,144000,,,873,,1,0,0,
tour-de-france/1981/stage-8,Tour de France,100,,182000,1267,1,1362,,1,0,0,0.006961538461538462
vuelta-a-espana/2002/stage-7,Vuelta a España,80,,196800,2014,1,1084,,1,0,0,0.010233739837398373
tirreno-adriatico/2002/stage-6,Tirreno-Adriatico,50,,208000,,,1056,,1,0,0,
volta-a-catalunya/1989/stage-6a,Volta Ciclista a Catalunya,50,,122000,,,552,,1,0,0,
vuelta-a-espana/1996/stage-7,Vuelta a España,80,,171000,2093,,988,,1,0,0,0.012239766081871346
vuelta-a-espana/2005/stage-6,Vuelta a España,80,,217000,3559,5,960,,1,0,0,0.016400921658986174
tour-de-france/2010/stage-19,Tour de France,100,20,52000,167,1,1685,,1,0,0,0.0032115384615384614
dauphine/2008/prologue,Critérium du Dauphiné Libéré,50,,5600,,,644,,1,0,0,
giro-d-italia/1992/stage-13,Giro d'Italia,80,,205000,,,953,,1,0,0,
giro-d-italia/1999/stage-21,Giro d'Italia,80,,190000,,,1057,,1,0,0,
tour-de-france/1996/stage-6,Tour de France,100,,207000,1182,2,1872,,1,0,0,0.005710144927536232
milano-sanremo/1992/result,Milano-Sanremo,275,,294000,,,1723,,0,0,0,
paris-nice/1999/stage-3,Paris - Nice,50,,204800,,,792,,1,0,0,
tour-de-france/1981/stage-7,Tour de France,100,,227000,1731,1,1362,,1,0,0,0.007625550660792952
vuelta-a-espana/1991/stage-13,Vuelta a España,80,,219000,1013,,1042,,1,0,0,0.004625570776255708
tour-de-france/2013/stage-11,Tour de France,100,20,33000,283,1,1690,,1,0,0,0.008575757575757575
dwars-door-vlaanderen/1978/result,Dwars door België / À travers la Belgique,75,,198000,,,115,,0,0,0,
tour-de-suisse/2002/stage-2,Tour de Suisse,50,,191000,,,673,,1,0,0,
giro-d-italia/2022/stage-19,Giro d'Italia,80,100,178000,3489,5,817,27,1,0,0,0.01960112359550562
tour-de-romandie/2000/stage-3b,Tour de Romandie,50,,24200,,,764,,1,0,0,
paris-nice/1976/prologue,Paris - Nice,50,,6500,,,779,,1,0,0,
volta-a-catalunya/2003/stage-6,Volta a Catalunya,50,,13100,,,515,,1,0,0,
tour-de-france/1986/stage-23,Tour de France,100,,246500,2011,1,1872,,1,0,0,0.008158215010141988
giro-d-italia/1996/stage-9,Giro d'Italia,80,,184000,,,1034,,1,0,0,
tour-de-france/2015/stage-19,Tour de France,100,20,138000,4545,5,1812,,1,0,0,0.03293478260869565
volta-a-catalunya/1999/stage-1,Volta Ciclista a Catalunya,50,,161200,,,804,,1,0,0,
tour-de-suisse/1978/stage-3,Tour de Suisse,50,,162000,,,691,,1,0,0,
omloop-het-nieuwsblad/1994/result,Omloop Het Volk,125,,200000,,,621,,0,0,0,
giro-d-italia/1993/stage-19,Giro d'Italia,80,,55000,,,1089,,1,0,0,
il-lombardia/2012/result,Il Lombardia,275,,251000,4576,2,1150,,0,0,0,0.018231075697211156
tour-de-suisse/2008/stage-2,Tour de Suisse,50,,197400,,,1041,,1,0,0,
tour-de-romandie/2018/stage-5,Tour de Romandie,50,60,181800,1980,2,566,,1,0,0,0.01089108910891089
tour-de-romandie/1988/stage-5b,Tour de Romandie,50,,90000,,,439,,1,0,0,
tour-de-suisse/2004/stage-3,Tour de Suisse,50,,185000,,,676,,1,0,0,
dauphine/2007/stage-5,Critérium du Dauphiné Libéré,50,,195000,,,816,,1,0,0,
tour-de-romandie/2001/stage-4,Tour de Romandie,50,,171500,,,597,,1,0,0,
itzulia-basque-country/1998/stage-2,Vuelta Ciclista al País Vasco,50,,239000,,,982,,1,0,0,
paris-nice/2018/stage-7,Paris - Nice,50,60,175000,4044,5,936,,1,0,0,0.02310857142857143
tour-de-suisse/2012/prologue,Tour de Suisse,50,6,7300,134,,917,,1,0,0,0.018356164383561645
paris-nice/1987/stage-7b,Paris - Nice,50,,10000,,,1164,,1,0,0,
uae-tour/2020/stage-2,UAE Tour,50,40,168000,2770,2,747,,1,0,0,0.01648809523809524
uae-tour/2019/stage-5,UAE Tour,50,40,181000,1223,2,751,,1,0,0,0.006756906077348066
paris-roubaix/1970/result,Paris - Roubaix,275,,266000,,,661,,0,0,0,
paris-nice/1995/stage-8a,Paris - Nice,50,,91400,,,861,,1,0,0,
paris-nice/2013/stage-3,Paris - Nice,50,6,170500,1658,1,917,,1,0,0,0.00972434017595308
paris-nice/2021/stage-2,Paris - Nice,50,60,188000,1057,1,1044,,1,0,0,0.005622340425531915
tour-de-suisse/1980/stage-10b,Tour de Suisse,50,,85000,,,477,,1,0,0,
world-championship/1999/result,World Championships - Road Race,350,,260000,3857,,1355,,0,0,0,0.014834615384615385
tour-de-suisse/1986/stage-7,Tour de Suisse,50,,142000,,,835,,1,0,0,
giro-d-italia/2006/stage-5,Giro d'Italia,80,,227000,329,1,997,,1,0,0,0.0014493392070484582
paris-nice/1970/stage-7b,Paris - Nice,50,,78000,,,1121,,1,0,0,
tour-de-suisse/1990/stage-7,Tour de Suisse,50,,194500,,,767,,1,0,0,
vuelta-a-espana/2001/stage-16,Vuelta a España,80,,153300,1118,2,971,,1,0,0,0.007292889758643183
tour-de-france/2000/stage-13,Tour de France,100,,185500,2270,1,1437,,1,0,0,0.012237196765498653
tour-de-suisse/2017/stage-5,Tour de Suisse,50,60,222000,3399,4,855,,1,0,0,0.01531081081081081
vuelta-a-espana/1996/stage-19,Vuelta a España,80,,217100,3307,,988,,1,0,0,0.015232611699677568
e3-harelbeke/1990/result,E3-Prijs Harelbeke,125,,201000,,,445,,0,0,0,
san-sebastian/1995/result,Clasica Ciclista San Sebastian,225,,234000,,2,1346,,0,0,0,
giro-d-italia/2001/stage-3,Giro d'Italia,80,,149000,1965,2,920,,1,0,0,0.013187919463087248
tour-de-france/1979/stage-10,Tour de France,100,,124000,1131,2,1381,,1,0,0,0.009120967741935484
tour-de-romandie/1984/prologue,Tour de Romandie,50,,6250,,,491,,1,0,0,
world-championship/2000/result,World Championships ME - Road Race,350,,268900,3351,,1306,,0,0,0,0.012461881740423949
tour-de-suisse/2018/stage-9,Tour de Suisse,50,60,34000,252,1,956,,1,0,0,0.007411764705882353
la-fleche-wallone/2006/result,La Flèche Wallonne,225,,202000,,3,1098,,0,0,0,
giro-d-italia/2001/stage-19,Giro d'Italia,80,,163000,518,1,920,,1,0,0,0.0031779141104294477
dauphine/2023/stage-3,Critérium du Dauphiné,50,60,194100,2089,2,781,24,1,0,0,0.010762493560020608
paris-nice/1999/stage-6,Paris - Nice,50,,198700,,,792,,1,0,0,
tour-de-france/1997/stage-10,Tour de France,100,,252500,6000,5,1994,,1,0,0,0.023762376237623763
tour-de-france/2003/stage-15,Tour de France,70,,159500,4500,5,1688,,1,0,0,0.02821316614420063
giro-d-italia/2016/stage-4,Giro d'Italia,80,100,200000,2418,2,933,,1,0,0,0.01209
dwars-door-vlaanderen/2017/result,Dwars door Vlaanderen / A travers la Flandre ME,225,300,203400,1432,2,656,,0,0,0,0.00704031465093412
giro-d-italia/2002/stage-20,Giro d'Italia,80,,142000,419,1,920,,1,0,0,0.0029507042253521126
liege-bastogne-liege/1984/result,Liège - Bastogne - Liège,275,,246700,,,742,,0,0,0,
tour-de-suisse/2010/stage-6,Tour de Suisse,50,6,204100,,,1198,,1,0,0,
uae-tour/2019/stage-6,UAE Tour,50,40,180000,1827,5,751,,1,0,0,0.01015
tour-de-romandie/2000/stage-1,Tour de Romandie,50,,224300,,,764,,1,0,0,
vuelta-a-espana/2005/stage-3,Vuelta a España,80,,153300,2029,1,960,,1,0,0,0.013235485975212003
uae-tour/2022/stage-6,UAE Tour,50,40,180000,388,1,621,,1,0,0,0.0021555555555555555
dauphine/2012/stage-4,Critérium du Dauphiné,50,6,53500,399,,1117,,1,0,0,0.007457943925233645
tour-de-france/1986/stage-4,Tour de France,100,,243000,2270,1,1872,,1,0,0,0.00934156378600823
tirreno-adriatico/1988/stage-6b,Tirreno-Adriatico,50,,18300,,,724,,1,0,0,
giro-d-italia/2011/stage-20,Giro d'Italia,80,16,242000,3512,5,891,,1,0,0,0.014512396694214877
tour-de-suisse/2022/stage-7,Tour de Suisse,50,60,194600,3881,5,767,28,1,0,0,0.019943473792394657
tour-de-france/1978/stage-15,Tour de France,100,,196000,4761,4,1241,,1,0,0,0.02429081632653061
paris-nice/2019/stage-8,Paris - Nice,50,60,110000,2165,4,1099,,1,0,0,0.019681818181818182
giro-d-italia/2005/stage-3,Giro d'Italia,80,,210000,2462,2,929,,1,0,0,0.011723809523809524
vuelta-a-espana/1995/stage-15,Vuelta a España,80,,154000,3099,,883,,1,0,0,0.020123376623376623
tour-de-romandie/1999/stage-1,Tour de Romandie,50,,165400,,,893,,1,0,0,
paris-nice/2011/stage-3,Paris - Nice,50,6,202500,1954,1,1038,,1,0,0,0.009649382716049383
tour-de-romandie/2006/stage-5,Tour de Romandie,50,,20400,,,772,,1,0,0,
vuelta-a-espana/2006/stage-7,Vuelta a España,80,,154000,2583,5,1026,,1,0,0,0.016772727272727272
tirreno-adriatico/2018/stage-4,Tirreno-Adriatico,50,60,219000,4704,5,1196,,1,0,0,0.02147945205479452
tour-de-france/1980/stage-21,Tour de France,100,,207000,1648,1,1224,,1,0,0,0.00796135265700483
vuelta-a-espana/1988/stage-1,Vuelta a España,80,,17400,297,,828,,1,0,0,0.01706896551724138
tour-de-suisse/1983/stage-8,Tour de Suisse,50,,206500,,,809,,1,0,0,
tour-de-france/1999/stage-2,Tour de France,100,,176000,936,1,1255,,1,0,0,0.005318181818181818
tour-de-suisse/1989/stage-7,Tour de Suisse,50,,208500,,,604,,1,0,0,
milano-sanremo/2014/result,Milano-Sanremo,275,,294000,2201,1,1130,,0,0,0,0.007486394557823129
tour-de-france/1986/stage-8,Tour de France,100,,204000,1991,1,1872,,1,0,0,0.009759803921568628
giro-d-italia/2001/stage-21,Giro d'Italia,80,,121000,219,1,920,,1,0,0,0.0018099173553719008
tour-de-suisse/2001/stage-2,Tour de Suisse,50,,162700,,,873,,1,0,0,
vuelta-a-espana/2001/stage-21,Vuelta a España,80,,38000,414,1,971,,1,0,0,0.010894736842105263
vuelta-a-espana/2013/stage-8,Vuelta a España,80,16,166600,2680,5,1128,,1,0,0,0.016086434573829533
tirreno-adriatico/1998/stage-7,Tirreno-Adriatico,50,,164000,,,769,,1,0,0,
vuelta-a-espana/1983/stage-17,Vuelta a España,80,,216000,,,705,,1,0,0,
tirreno-adriatico/2016/stage-3,Tirreno-Adriatico,50,60,176000,1946,2,1133,,1,0,0,0.011056818181818182
tour-de-france/1983/prologue,Tour de France,100,,5000,154,1,1269,,1,0,0,0.0308
tour-de-suisse/2006/stage-6,Tour de Suisse,50,,212200,,,972,,1,0,0,
tour-de-france/1987/stage-10,Tour de France,100,,87500,808,1,1812,,1,0,0,0.009234285714285714
vuelta-a-espana/1996/stage-4,Vuelta a España,80,,166500,917,,988,,1,0,0,0.005507507507507507
vuelta-a-espana/2002/stage-11,Vuelta a España,80,,166100,2609,4,1084,,1,0,0,0.015707405177603852
paris-nice/1990/prologue,Paris - Nice,50,,7900,,,995,,1,0,0,
e3-harelbeke/2005/result,E3 Prijs Vlaanderen,125,,200000,,2,560,,0,0,0,
san-sebastian/2005/result,Clasica Ciclista San Sebastian,225,,227000,,2,972,,0,0,0,
tour-de-france/2002/stage-11,Tour de France,70,,158000,4000,5,1489,,1,0,0,0.02531645569620253
vuelta-a-espana/2002/stage-16,Vuelta a España,80,,154700,2373,2,1084,,1,0,0,0.015339366515837104
giro-d-italia/2008/stage-5,Giro d'Italia,80,,203000,2835,3,1058,,1,0,0,0.01396551724137931
vuelta-a-espana/1999/stage-2,Vuelta a España,80,,206000,1735,,1342,,1,0,0,0.008422330097087379
strade-bianche/2009/result,Monte Paschi Eroica,75,,190000,,3,460,,0,0,0,
il-lombardia/2005/result,Giro di Lombardia,275,,246000,3895,,959,,0,0,0,0.015833333333333335
volta-a-catalunya/2010/stage-5,Volta Ciclista a Catalunya,50,6,181200,,,722,,1,0,0,
tirreno-adriatico/2007/stage-6,Tirreno-Adriatico,50,,164000,,5,1148,,1,0,0,
vuelta-a-espana/1988/stage-6,Vuelta a España,80,,202000,818,,828,,1,0,0,0.00404950495049505
giro-d-italia/1998/stage-4,Giro d'Italia,80,,239000,,,923,,1,0,0,
tour-de-france/1989/stage-13,Tour de France,100,,179000,1451,2,1849,,1,0,0,0.008106145251396649
omloop-het-nieuwsblad/1977/result,Omloop Het Volk,125,,201000,,,595,,0,0,0,
vuelta-a-espana/1990/stage-13,Vuelta a España,80,,193300,2000,,807,,1,0,0,0.010346611484738748
tour-de-france/1986/stage-19,Tour de France,100,,179500,3000,4,1872,,1,0,0,0.016713091922005572
vuelta-a-espana/2010/stage-9,Vuelta a España,80,16,187000,4329,2,1123,,1,0,0,0.023149732620320856
tour-de-france/1980/stage-12,Tour de France,100,,193500,2746,2,1224,,1,0,0,0.014191214470284238
dauphine/2013/stage-8,Critérium du Dauphiné,50,6,152000,3449,5,985,,1,0,0,0.02269078947368421
volta-a-catalunya/2006/stage-3,Volta Ciclista a Catalunya,50,,176700,,1,882,,1,0,0,
tour-de-romandie/1998/stage-4b,Tour de Romandie,50,,17600,,,857,,1,0,0,
tour-de-romandie/2013/stage-3,Tour de Romandie,50,6,181000,2075,2,956,,1,0,0,0.011464088397790055
paris-nice/2019/stage-4,Paris - Nice,50,60,212000,2969,2,1099,,1,0,0,0.014004716981132075
vuelta-a-espana/2016/stage-10,Vuelta a España,80,100,188700,3899,5,821,,1,0,0,0.020662427133015367
vuelta-a-espana/2010/stage-7,Vuelta a España,80,16,187100,1161,1,1123,,1,0,0,0.006205237840726884
giro-d-italia/2001/stage-13,Giro d'Italia,80,,225000,5906,5,920,,1,0,0,0.026248888888888888
dwars-door-vlaanderen/2013/result,Dwars door Vlaanderen,125,,199700,,2,378,,0,0,0,
volta-a-catalunya/1981/stage-6,Volta Ciclista a Catalunya,50,,183300,,,388,,1,0,0,
vuelta-a-espana/2006/stage-11,Vuelta a España,80,,173600,3158,2,1026,,1,0,0,0.018191244239631338
tour-de-suisse/1971/stage-8a,Tour de Suisse,50,,110000,,,302,,1,0,0,
tirreno-adriatico/2005/stage-1,Tirreno-Adriatico,50,,160000,,,1040,,1,0,0,
vuelta-a-espana/1987/stage-6,Vuelta a España,80,,220000,4500,,838,,1,0,0,0.020454545454545454
tour-de-france/2019/stage-13,Tour de France,100,120,27200,391,1,1699,,1,0,0,0.014375
vuelta-a-espana/1995/stage-19,Vuelta a España,80,,227700,1955,,883,,1,0,0,0.008585858585858586
giro-d-italia/2017/stage-2,Giro d'Italia,80,100,221000,3518,2,881,,1,0,0,0.015918552036199095
giro-d-italia/2010/stage-6,Giro d'Italia,80,16,172000,2420,2,878,,1,0,0,0.014069767441860465
volta-a-catalunya/2007/stage-7,Volta Ciclista a Catalunya,50,,119300,,3,816,,1,0,0,
paris-nice/1996/stage-3,Paris - Nice,50,,172500,,,766,,1,0,0,
vuelta-a-espana/1989/stage-11,Vuelta a España,80,,179000,2525,,803,,1,0,0,0.014106145251396649
giro-d-italia/2018/stage-2,Giro d'Italia,80,100,167000,988,2,838,,1,0,0,0.005916167664670659
ronde-van-vlaanderen/2010/result,Ronde van Vlaanderen / Tour des Flandres ME,275,,262000,,2,890,,0,0,0,
giro-d-italia/2005/stage-2,Giro d'Italia,80,,182000,1699,2,929,,1,0,0,0.009335164835164835
vuelta-a-espana/1997/stage-10,Vuelta a España,80,,235000,1345,,1165,,1,0,0,0.005723404255319149
volta-a-catalunya/2001/stage-2,Volta a Catalunya,50,,173500,,,617,,1,0,0,
tirreno-adriatico/2020/stage-6,Tirreno-Adriatico,50,60,171000,1480,2,687,,1,0,0,0.008654970760233919
tour-de-suisse/1981/stage-8,Tour de Suisse,50,,185000,,,516,,1,0,0,
vuelta-a-espana/2006/stage-9,Vuelta a España,80,,207400,5856,5,1026,,1,0,0,0.02823529411764706
tour-de-france/1984/stage-17,Tour de France,100,,151000,5473,5,1632,,1,0,0,0.03624503311258278
tour-de-france/1993/stage-10,Tour de France,100,,203000,5500,4,1804,,1,0,0,0.027093596059113302
vuelta-a-espana/2004/stage-11,Vuelta a España,50,,165000,1170,1,1177,,1,0,0,0.007090909090909091
vuelta-a-espana/2009/stage-2,Vuelta a España,80,,203700,355,1,1220,,1,0,0,0.0017427589592538047
volta-a-catalunya/2005/stage-2,Volta Ciclista a Catalunya,50,,186800,,,850,,1,0,0,
vuelta-a-espana/1981/stage-17,Vuelta a España,80,,150000,,,457,,1,0,0,
paris-nice/2000/stage-7,Paris - Nice,50,,160100,,,880,,1,0,0,
tour-de-romandie/1981/stage-4,Tour de Romandie,50,,121600,,,439,,1,0,0,
tour-de-suisse/2013/stage-4,Tour de Suisse,50,6,174400,1697,2,960,,1,0,0,0.009730504587155964
vuelta-a-espana/1998/stage-8,Vuelta a España,80,,182000,1954,,1309,,1,0,0,0.010736263736263737
volta-a-catalunya/2023/stage-4,Volta Ciclista a Catalunya,50,50,188200,2437,2,704,20,1,0,0,0.012948990435706695
dauphine/2018/stage-6,Critérium du Dauphiné,50,60,110000,4187,5,762,,1,0,0,0.03806363636363636
tour-de-romandie/2000/stage-5,Tour de Romandie,50,,177800,,,764,,1,0,0,
dauphine/2016/prologue,Criterium du Dauphiné,50,60,4000,348,5,1182,,1,0,0,0.087
tour-de-suisse/1976/stage-5,Tour de Suisse,50,,186500,,,377,,1,0,0,
paris-nice/2018/stage-2,Paris - Nice,50,60,187000,640,1,936,,1,0,0,0.003422459893048128
tour-de-romandie/1996/stage-5,Tour de Romandie,50,,105900,,,614,,1,0,0,
giro-d-italia/2005/stage-4,Giro d'Italia,80,,220000,1583,2,929,,1,0,0,0.007195454545454546
vuelta-a-espana/1982/stage-14,Vuelta a España,80,,153000,,,523,,1,0,0,
paris-nice/2019/stage-2,Paris - Nice,50,60,163500,753,1,1099,,1,0,0,0.0046055045871559635
vuelta-a-espana/1981/stage-15a,Vuelta a España,80,,146000,,,457,,1,0,0,
tour-de-france/2018/stage-5,Tour de France,100,120,204500,2704,3,1689,,1,0,0,0.013222493887530563
tour-de-france/1994/stage-9,Tour de France,100,,64000,829,1,1731,,1,0,0,0.012953125
paris-nice/1996/stage-2,Paris - Nice,50,,160800,,,766,,1,0,0,
paris-nice/2004/stage-6,Paris - Nice,50,,173500,,,989,,1,0,0,
tour-de-romandie/1996/stage-1,Tour de Romandie,50,,155800,,,614,,1,0,0,
dauphine/1993/stage-6,Critérium du Dauphiné Libéré,50,,200000,,,386,,1,0,0,
tour-de-romandie/1994/stage-1,Tour de Romandie,50,,171000,,,780,,1,0,0,
vuelta-a-espana/2014/stage-11,Vuelta a España,80,16,153400,2432,5,1175,,1,0,0,0.015853976531942635
vuelta-a-espana/2012/stage-6,Vuelta a España,80,16,174800,2291,3,852,,1,0,0,0.013106407322654463
giro-d-italia/2008/stage-10,Giro d'Italia,80,,39000,741,2,1058,,1,0,0,0.019
paris-nice/2021/stage-8,Paris - Nice,50,60,92700,2007,2,1044,,1,0,0,0.021650485436893203
giro-d-italia/2004/stage-20,Giro d'Italia,80,,149000,266,1,621,,1,0,0,0.0017852348993288591
paris-nice/1986/stage-7a,Paris - Nice,50,,101000,,,746,,1,0,0,
paris-nice/1970/stage-4,Paris - Nice,50,,198000,,,1121,,1,0,0,
volta-a-catalunya/1984/stage-1,Volta Ciclista a Catalunya,50,,175000,,,319,,1,0,0,
vuelta-a-espana/2020/stage-15,La Vuelta ciclista a España,80,100,230800,4448,2,692,,1,0,0,0.01927209705372617
tour-de-france/1989/stage-7,Tour de France,100,,258500,1619,1,1849,,1,0,0,0.006263056092843327
tour-de-france/1991/prologue,Tour de France,100,,5400,63,1,1933,,1,0,0,0.011666666666666667
tour-de-france/2004/stage-16,Tour de France,70,,15500,1384,5,1555,,1,0,0,0.08929032258064516
tour-de-romandie/1981/stage-1,Tour de Romandie,50,,213600,,,439,,1,0,0,
vuelta-a-espana/1994/stage-9,Vuelta a España,80,,166000,806,,791,,1,0,0,0.004855421686746988
tour-de-france/2001/stage-15,Tour de France,100,,232500,3300,1,1496,,1,0,0,0.014193548387096775
tirreno-adriatico/2007/stage-7,Tirreno-Adriatico,50,,177000,,1,1148,,1,0,0,
tour-de-france/1979/stage-1,Tour de France,100,,225000,4000,4,1381,,1,0,0,0.017777777777777778
giro-d-italia/2012/stage-11,Giro d'Italia,80,16,255000,2167,2,886,,1,0,0,0.008498039215686275
paris-nice/1976/stage-7b,Paris - Nice,50,,9500,,,779,,1,0,0,
uae-tour/2019/stage-7,UAE Tour,50,40,145000,420,1,751,,1,0,0,0.002896551724137931
giro-d-italia/2023/stage-14,Giro d'Italia,80,180,194000,2336,2,835,13,1,0,0,0.012041237113402062
volta-a-catalunya/2001/stage-5,Volta a Catalunya,50,,178200,,,617,,1,0,0,
giro-d-italia/1996/stage-12,Giro d'Italia,80,,195000,,,1034,,1,0,0,
tour-de-france/1988/stage-13,Tour de France,100,,38000,1415,5,1941,,1,0,0,0.03723684210526316
vuelta-a-espana/2019/stage-18,La Vuelta ciclista a España,80,100,178200,3689,5,798,,1,0,0,0.02070145903479237
tirreno-adriatico/1999/stage-3,Tirreno-Adriatico,50,,214000,,,1150,,1,0,0,
tour-de-france/1979/stage-7,Tour de France,100,,161100,1845,2,1381,,1,0,0,0.011452513966480447
amstel-gold-race/2003/result,Amstel Gold Race,225,,250700,,,1329,,0,0,0,
vuelta-a-espana/2002/stage-15,Vuelta a España,80,,176700,4541,5,1084,,1,0,0,0.025698924731182796
tour-de-france/1991/stage-7,Tour de France,100,,196500,1707,1,1933,,1,0,0,0.008687022900763359
world-championship/2001/result,World Championships ME - Road Race,350,,254100,4565,,1347,,0,0,0,0.017965367965367966
dauphine/2014/stage-5,Critérium du Dauphiné,50,6,184000,3479,2,941,,1,0,0,0.018907608695652174
vuelta-a-espana/2020/stage-10,La Vuelta ciclista a España,80,100,185000,2302,3,692,,1,0,0,0.012443243243243243
la-fleche-wallone/1990/result,La Flèche Wallonne,225,,208000,,,1071,,0,0,0,
giro-d-italia/2002/stage-7,Giro d'Italia,80,,159000,1235,2,920,,1,0,0,0.007767295597484277
itzulia-basque-country/2015/stage-6,Vuelta Ciclista al País Vasco,50,6,18300,522,3,970,,1,0,0,0.028524590163934428
giro-d-italia/2016/stage-5,Giro d'Italia,80,100,233000,3459,3,933,,1,0,0,0.014845493562231759
omloop-het-nieuwsblad/2018/result,Omloop Het Nieuwsblad ME,225,300,196200,1652,2,727,,0,0,0,0.008419979612640164
vuelta-a-espana/2008/stage-10,Vuelta a España,80,,151300,1225,1,1101,,1,0,0,0.008096497025776602
tour-de-france/2014/stage-5,Tour de France,100,20,155500,475,1,1612,,1,0,0,0.003054662379421222
vuelta-a-espana/1993/stage-2,Vuelta a España,80,,251100,1829,,819,,1,0,0,0.0072839506172839505
itzulia-basque-country/2023/stage-1,Itzulia Basque Country,50,50,165400,2514,3,719,11,1,0,0,0.015199516324062879
paris-nice/2011/stage-7,Paris - Nice,50,6,215500,3327,3,1038,,1,0,0,0.015438515081206496
san-sebastian/2013/result,Clasica Ciclista San Sebastian,225,,232000,3514,2,779,,0,0,0,0.015146551724137931
vuelta-a-espana/2021/stage-18,La Vuelta ciclista a España,80,100,162600,4951,5,1023,20,1,0,0,0.030448954489544895
il-lombardia/1977/result,Giro di Lombardia,275,,257000,,,467,,0,0,0,
giro-d-italia/2001/stage-15,Giro d'Italia,80,,55500,540,1,920,,1,0,0,0.00972972972972973
giro-d-italia/2000/stage-7,Giro d'Italia,80,,182000,2174,3,866,,1,0,0,0.011945054945054946
volta-a-catalunya/2002/stage-4,Volta a Catalunya,50,,52000,,5,431,,1,0,0,
giro-d-italia/2001/stage-7,Giro d'Italia,80,,239000,2338,2,920,,1,0,0,0.009782426778242677
vuelta-a-espana/2018/stage-17,La Vuelta ciclista a España,80,100,157000,3574,5,1036,,1,0,0,0.022764331210191082
milano-sanremo/2015/result,Milano-Sanremo,275,,293000,2354,2,1218,,0,0,0,0.008034129692832764
tour-de-france/2004/stage-5,Tour de France,100,,200500,2026,1,1555,,1,0,0,0.010104738154613466
tour-de-france/1985/stage-6,Tour de France,100,,221500,2354,1,1470,,1,0,0,0.010627539503386005
itzulia-basque-country/2006/stage-3,Vuelta al País Vasco,50,,170000,,,842,,1,0,0,
tour-de-france/2001/stage-17,Tour de France,100,,194000,3000,3,1496,,1,0,0,0.015463917525773196
vuelta-a-espana/1992/stage-7,Vuelta a España,80,,49500,234,,1033,,1,0,0,0.0047272727272727275
ronde-van-vlaanderen/2017/result,Ronde van Vlaanderen / Tour des Flandres ME,275,500,260000,2118,2,893,,0,0,0,0.008146153846153846
vuelta-a-espana/2011/stage-18,Vuelta a España,80,16,169700,3618,2,1170,,1,0,0,0.02131997642899234
giro-d-italia/2003/stage-9,Giro d'Italia,80,,160000,1319,2,734,,1,0,0,0.00824375
tour-de-suisse/1998/stage-5,Tour de Suisse,50,,156100,,,971,,1,0,0,
il-lombardia/2018/result,Il Lombardia,275,500,241000,3867,2,1025,,0,0,0,0.01604564315352697
giro-d-italia/1995/stage-21,Giro d'Italia,80,,190000,,,1365,,1,0,0,
tour-de-suisse/1976/stage-9a,Tour de Suisse,50,,81000,,,377,,1,0,0,
tirreno-adriatico/2016/stage-7,Tirreno-Adriatico,50,60,10050,16,1,1133,,1,0,0,0.0015920398009950248
tour-de-france/1997/prologue,Tour de France,100,,7300,128,1,1994,,1,0,0,0.017534246575342465
vuelta-a-espana/1989/stage-9,Vuelta a España,80,,228000,2500,,803,,1,0,0,0.010964912280701754
giro-d-italia/2022/stage-17,Giro d'Italia,80,100,168000,3950,4,817,16,1,0,0,0.02351190476190476
tour-de-france/1982/stage-10,Tour de France,100,,148000,1272,1,1492,,1,0,0,0.008594594594594595
tirreno-adriatico/1990/stage-1,Tirreno-Adriatico,50,,15900,,,590,,1,0,0,
tour-de-france/1985/stage-2,Tour de France,100,,242000,2752,1,1470,,1,0,0,0.01137190082644628
san-sebastian/1989/result,Clasica Ciclista San Sebastian,225,,244000,,,1296,,0,0,0,
tour-de-suisse/2014/stage-8,Tour de Suisse,50,6,219100,2938,5,944,,1,0,0,0.013409402099497945
ronde-van-vlaanderen/1970/result,Ronde van Vlaanderen / Tour des Flandres,275,,265000,,,747,,0,0,0,
vuelta-a-espana/1991/stage-4,Vuelta a España,80,,292000,1629,,1042,,1,0,0,0.005578767123287671
tour-de-romandie/1992/stage-5b,Tour de Romandie,50,,21800,,,343,,1,0,0,
volta-a-catalunya/2012/stage-5,Volta Ciclista a Catalunya,50,6,207100,,2,760,,1,0,0,
vuelta-a-espana/2004/stage-3,Vuelta a España,80,,157000,1332,3,1177,,1,0,0,0.008484076433121018
giro-d-italia/2015/stage-6,Giro d'Italia,80,16,183000,1625,2,861,,1,0,0,0.008879781420765027
giro-d-italia/1993/stage-11,Giro d'Italia,80,,184000,,,1089,,1,0,0,
tour-de-france/2010/stage-13,Tour de France,100,20,196000,2163,2,1685,,1,0,0,0.011035714285714286
tour-de-romandie/1989/stage-1,Tour de Romandie,50,,198400,,,502,,1,0,0,
volta-a-catalunya/2021/stage-7,Volta Ciclista a Catalunya,50,50,133000,2402,2,772,,1,0,0,0.01806015037593985
tirreno-adriatico/2000/stage-4,Tirreno-Adriatico,50,,207000,,,1197,,1,0,0,
paris-nice/1980/stage-7b,Paris - Nice,50,,11000,,,1128,,1,0,0,
tour-de-france/2018/stage-8,Tour de France,100,120,181000,1284,1,1689,,1,0,0,0.007093922651933701
tour-de-france/2023/stage-5,Tour de France,100,210,162700,3652,4,1584,22,1,0,0,0.022446220036877688
tour-de-france/1978/stage-2,Tour de France,100,,199000,1847,1,1241,,1,0,0,0.00928140703517588
tour-de-france/1995/stage-9,Tour de France,100,,166000,5000,5,1871,,1,0,0,0.030120481927710843
tour-de-france/1992/stage-3,Tour de France,100,,218000,1285,1,2047,,1,0,0,0.005894495412844036
vuelta-a-espana/2004/stage-18,Vuelta a España,80,,196000,3614,4,1177,,1,0,0,0.01843877551020408
amstel-gold-race/1979/result,Amstel Gold Race,225,,237000,,,393,,0,0,0,
tour-de-france/1979/stage-23,Tour de France,100,,205000,1674,3,1381,,1,0,0,0.008165853658536585
giro-d-italia/2018/stage-11,Giro d'Italia,80,100,156000,2027,3,838,,1,0,0,0.012993589743589743
paris-nice/1975/stage-7b,Paris - Nice,50,,9500,,,951,,1,0,0,
tirreno-adriatico/1984/stage-4,Tirreno-Adriatico,50,,217000,,,541,,1,0,0,
world-championship/2021/result,World Championships ME - Road Race,350,600,268300,2250,2,1357,21,0,0,0,0.008386134923592994
tirreno-adriatico/2009/stage-5,Tirreno-Adriatico,50,,30000,541,3,1206,,1,0,0,0.018033333333333332
itzulia-basque-country/2006/stage-6,Vuelta al País Vasco,50,,24000,,,842,,1,0,0,
dauphine/2009/stage-4,Critérium du Dauphiné Libéré,50,,42400,,,708,,1,0,0,
paris-nice/2005/stage-5,Paris - Nice,50,,172500,,5,1091,,1,0,0,
paris-nice/2022/stage-4,Paris - Nice,50,60,13400,188,1,1182,,1,0,0,0.014029850746268656
tour-de-suisse/1987/stage-5,Tour de Suisse,50,,129500,,,673,,1,0,0,
tour-de-romandie/1998/stage-5,Tour de Romandie,50,,167400,,,857,,1,0,0,
giro-d-italia/2022/stage-12,Giro d'Italia,80,100,204000,2867,2,817,23,1,0,0,0.014053921568627451
vuelta-a-espana/1981/stage-7,Vuelta a España,80,,181000,,,457,,1,0,0,
ronde-van-vlaanderen/2000/result,Ronde van Vlaanderen / Tour des Flandres,275,,269000,,2,995,,0,0,0,
tour-de-suisse/1991/stage-9,Tour de Suisse,50,,206000,,,796,,1,0,0,
tour-de-suisse/2007/stage-2,Tour de Suisse,50,,228700,,,1089,,1,0,0,
itzulia-basque-country/2016/stage-3,Vuelta Ciclista al País Vasco,50,50,193500,2839,2,943,,1,0,0,0.014671834625322998
gp-quebec/2019/result,Grand Prix Cycliste de Québec,225,500,201600,2508,3,869,,0,0,0,0.012440476190476191
vuelta-a-espana/1996/stage-22,Vuelta a España,80,,157600,1368,,988,,1,0,0,0.00868020304568528
vuelta-a-espana/1981/stage-10,Vuelta a España,80,,223000,,,457,,1,0,0,
tour-de-suisse/1987/stage-3,Tour de Suisse,50,,141500,,,673,,1,0,0,
paris-nice/1975/stage-5,Paris - Nice,50,,166000,,,951,,1,0,0,
tour-de-romandie/2023/stage-0,Tour de Romandie,50,60,6820,10,1,539,12,1,0,0,0.001466275659824047
tour-de-suisse/2000/stage-9,Tour de Suisse,50,,150000,,,895,,1,0,0,
omloop-het-nieuwsblad/2017/result,Omloop Het Nieuwsblad ME,225,300,198300,1778,2,699,,0,0,0,0.008966212808875442
tour-de-france/1980/stage-2,Tour de France,100,,276000,2228,1,1224,,1,0,0,0.008072463768115943
vuelta-a-espana/2009/stage-8,Vuelta a España,80,,204700,5017,5,1220,,1,0,0,0.02450903761602345
vuelta-a-espana/1986/stage-21,Vuelta a España,80,,22000,,,843,,1,0,0,
tour-de-suisse/1986/prologue,Tour de Suisse,50,,8000,,,835,,1,0,0,
vuelta-a-espana/1993/stage-1,Vuelta a España,80,,10000,81,,819,,1,0,0,0.0081
itzulia-basque-country/2007/stage-2,Vuelta al País Vasco,50,,191500,,,1002,,1,0,0,
paris-nice/1999/stage-7,Paris - Nice,50,,157100,,,792,,1,0,0,
tour-de-france/2003/stage-1,Tour de France,100,,168000,1476,2,1688,,1,0,0,0.008785714285714286
vuelta-a-espana/2011/stage-14,Vuelta a España,80,16,173200,3631,5,1170,,1,0,0,0.020964203233256352
omloop-het-nieuwsblad/1991/result,Omloop Het Volk,125,,201000,,,418,,0,0,0,
vuelta-a-espana/1984/stage-6,Vuelta a España,80,,113000,,,747,,1,0,0,
tour-de-france/1983/stage-22,Tour de France,100,,195000,2046,1,1269,,1,0,0,0.010492307692307693
tour-de-romandie/2011/stage-4,Tour de Romandie,50,6,20100,406,,660,,1,0,0,0.020199004975124377
tour-de-romandie/1995/stage-2,Tour de Romandie,50,,178700,,,798,,1,0,0,
giro-d-italia/2010/stage-2,Giro d'Italia,80,16,209000,684,1,878,,1,0,0,0.0032727272727272726
amstel-gold-race/1978/result,Amstel Gold Race,225,,230000,,,510,,0,0,0,
tour-de-suisse/1991/stage-3,Tour de Suisse,50,,228000,,,796,,1,0,0,
la-fleche-wallone/1988/result,La Flèche Wallonne,225,,243000,,,632,,0,0,0,
tour-de-romandie/1984/stage-1,Tour de Romandie,50,,209500,,,491,,1,0,0,
tour-de-france/2008/stage-18,Tour de France,100,,196500,1905,4,1520,,1,0,0,0.009694656488549619
vuelta-a-espana/1992/stage-11,Vuelta a España,80,,162900,780,,1033,,1,0,0,0.004788213627992633
tour-de-romandie/2014/prologue,Tour de Romandie,50,6,5570,6,1,847,,1,0,0,0.0010771992818671453
giro-d-italia/2020/stage-12,Giro d'Italia,80,100,204000,3815,2,765,,1,0,0,0.01870098039215686
dauphine/2021/stage-5,Critérium du Dauphiné,50,60,175400,2209,2,790,,1,0,0,0.012594070695553022
tour-de-france/2001/stage-8,Tour de France,100,,222500,2250,2,1496,,1,0,0,0.010112359550561797
vuelta-a-espana/2011/stage-11,Vuelta a España,80,16,171000,4166,5,1170,,1,0,0,0.024362573099415204
tour-de-romandie/2002/stage-1,Tour de Romandie,50,,187000,,,535,,1,0,0,
giro-d-italia/2000/stage-15,Giro d'Italia,80,,171000,1807,2,866,,1,0,0,0.010567251461988303
e3-harelbeke/2014/result,E3 Harelbeke,225,,211000,1886,2,734,,0,0,0,0.008938388625592417
tour-de-suisse/1998/stage-2,Tour de Suisse,50,,159000,,,971,,1,0,0,
tour-de-france/2015/stage-17,Tour de France,100,20,161000,4208,5,1812,,1,0,0,0.026136645962732918
volta-a-catalunya/2022/stage-2,Volta Ciclista a Catalunya,50,50,202400,2166,2,722,,1,0,0,0.010701581027667984
tour-de-suisse/2018/stage-7,Tour de Suisse,50,60,170000,2870,5,956,,1,0,0,0.01688235294117647
strade-bianche/2013/result,Strade Bianche,75,,188000,2933,3,538,,0,0,0,0.015601063829787234
il-lombardia/2001/result,Giro di Lombardia,275,,256000,4242,,1009,,0,0,0,0.0165703125
dwars-door-vlaanderen/1993/result,Dwars door België / À travers la Belgique,75,,200000,,,504,,0,0,0,
e3-harelbeke/1981/result,E3-Prijs Harelbeke,125,,226000,,,258,,0,0,0,
tour-de-suisse/2016/stage-2,Tour de Suisse,50,60,187600,2779,2,680,,1,0,0,0.014813432835820895
tour-de-france/2010/stage-7,Tour de France,100,20,165500,3446,5,1685,,1,0,0,0.020821752265861027
vuelta-a-espana/1990/stage-22,Vuelta a España,80,,176000,2500,,807,,1,0,0,0.014204545454545454
vuelta-a-espana/2009/stage-20,Vuelta a España,80,,27800,310,1,1220,,1,0,0,0.011151079136690648
tirreno-adriatico/2017/stage-4,Tirreno-Adriatico,50,60,171000,3453,5,1036,,1,0,0,0.02019298245614035
volta-a-catalunya/1992/stage-5b,Volta Ciclista a Catalunya,50,,119800,2616,,758,,1,0,0,0.021836393989983306
tour-de-suisse/1985/stage-7,Tour de Suisse,50,,249000,,,699,,1,0,0,
tour-de-romandie/2010/stage-3,Tour de Romandie,50,6,23400,,,678,,1,0,0,
world-championship/1989/result,World Championships - Road Race,350,,259350,,,1600,,0,0,0,
giro-d-italia/2011/stage-21,Giro d'Italia,80,16,26000,37,1,891,,1,0,0,0.0014230769230769232
vuelta-a-espana/1987/stage-1,Vuelta a España,80,,219000,2891,,838,,1,0,0,0.013200913242009133
tour-de-france/2019/stage-6,Tour de France,100,120,160500,3944,5,1699,,1,0,0,0.024573208722741432
itzulia-basque-country/2002/stage-1,Vuelta al País Vasco,50,,139000,,,966,,1,0,0,
paris-nice/1998/prologue,Paris - Nice,50,,10200,,,960,,1,0,0,
paris-roubaix/2017/result,Paris-Roubaix,275,500,257000,1299,1,737,,0,0,0,0.005054474708171206
giro-d-italia/2012/stage-8,Giro d'Italia,80,16,229000,4097,2,886,,1,0,0,0.017890829694323145
giro-d-italia/2003/stage-13,Giro d'Italia,80,,155000,1064,2,734,,1,0,0,0.006864516129032258
tour-de-france/1997/stage-1,Tour de France,100,,192000,2080,1,1994,,1,0,0,0.010833333333333334
paris-nice/1983/stage-7a,Paris - Nice,50,,60000,,,658,,1,0,0,
tirreno-adriatico/2018/stage-3,Tirreno-Adriatico,50,60,239000,3177,3,1196,,1,0,0,0.013292887029288703
vuelta-a-espana/1992/stage-12,Vuelta a España,80,,200100,2036,,1033,,1,0,0,0.010174912543728137
tour-de-romandie/1991/stage-2,Tour de Romandie,50,,141300,,,521,,1,0,0,
giro-d-italia/2005/prologue,Giro d'Italia,80,,1150,10,1,929,,1,0,0,0.008695652173913044
vuelta-a-espana/2006/stage-5,Vuelta a España,80,,178000,4451,5,1026,,1,0,0,0.02500561797752809
tour-de-france/1997/stage-16,Tour de France,100,,181000,3500,2,1994,,1,0,0,0.019337016574585635
vuelta-a-espana/1998/stage-2,Vuelta a España,80,,235000,686,,1309,,1,0,0,0.002919148936170213
vuelta-a-espana/2001/stage-20,Vuelta a España,80,,176300,2991,5,971,,1,0,0,0.016965399886557004
tour-de-france/2021/stage-12,Tour de France,100,120,159400,2052,2,1646,,1,0,0,0.0128732747804266
vuelta-a-espana/2022/stage-7,La Vuelta ciclista a España,80,100,190000,3359,2,968,22,1,0,0,0.01767894736842105
tour-de-suisse/1993/stage-6,Tour de Suisse,50,,12000,,,655,,1,0,0,
vuelta-a-espana/2022/stage-9,La Vuelta ciclista a España,80,100,171400,3675,5,968,24,1,0,0,0.02144107351225204
itzulia-basque-country/2006/stage-4,Vuelta al País Vasco,50,,172000,,,842,,1,0,0,
dauphine/2016/stage-3,Criterium du Dauphiné,50,60,187500,2386,2,1182,,1,0,0,0.012725333333333333
tour-de-france/2023/stage-16,Tour de France,100,210,22400,636,5,1584,31,1,0,0,0.028392857142857143
tour-de-suisse/2008/stage-4,Tour de Suisse,50,,170700,,,1041,,1,0,0,
giro-d-italia/2011/stage-5,Giro d'Italia,80,16,191000,2723,3,891,,1,0,0,0.014256544502617801
tour-de-romandie/1990/stage-1,Tour de Romandie,50,,174600,,,684,,1,0,0,
tour-de-france/1997/stage-17,Tour de France,100,,218500,15,1,1994,,1,0,0,6.864988558352403e-05
paris-nice/2015/stage-7,Paris - Nice,50,6,9600,518,5,1225,,1,0,0,0.05395833333333333
paris-nice/2016/stage-6,Paris - Nice,50,60,177000,4160,5,1109,,1,0,0,0.02350282485875706
giro-d-italia/2006/stage-12,Giro d'Italia,80,,218000,2766,4,997,,1,0,0,0.012688073394495413
vuelta-a-espana/2017/stage-5,Vuelta a España,80,100,157700,2909,3,899,,1,0,0,0.018446417247939124
tour-de-france/1985/stage-12,Tour de France,100,,269000,6000,5,1470,,1,0,0,0.022304832713754646
giro-d-italia/1999/stage-15,Giro d'Italia,80,,143000,,5,1057,,1,0,0,
dauphine/1989/stage-7,Critérium du Dauphiné Libéré,50,,163000,,,603,,1,0,0,
tour-de-france/1979/stage-17,Tour de France,100,,166500,6000,5,1381,,1,0,0,0.036036036036036036
paris-nice/2001/stage-5,Paris - Nice,50,,240300,,,902,,1,0,0,
vuelta-a-espana/1993/stage-11,Vuelta a España,80,,221000,4215,,819,,1,0,0,0.019072398190045248
dwars-door-vlaanderen/1976/result,Dwars door België / À travers la Belgique,75,,206000,,,141,,0,0,0,
tirreno-adriatico/2004/stage-2,Tirreno-Adriatico,50,,164000,,1,926,,1,0,0,
tour-de-france/2023/stage-6,Tour de France,100,210,144900,3894,5,1584,21,1,0,0,0.026873706004140786
tour-de-france/2012/stage-3,Tour de France,100,20,197000,1551,3,1703,,1,0,0,0.007873096446700508
paris-roubaix/2010/result,Paris - Roubaix,275,,259000,,1,752,,0,0,0,
tour-de-suisse/1998/prologue,Tour de Suisse,50,,5600,,,971,,1,0,0,
paris-nice/2009/stage-8,Paris - Nice,30,,119000,,4,796,,1,0,0,
giro-d-italia/2018/stage-6,Giro d'Italia,80,100,164000,3307,5,838,,1,0,0,0.020164634146341464
tour-de-suisse/1984/prologue,Tour de Suisse,50,,4000,,,646,,1,0,0,
giro-d-italia/2018/stage-16,Giro d'Italia,80,100,34200,223,1,838,,1,0,0,0.00652046783625731
tirreno-adriatico/2017/stage-5,Tirreno-Adriatico,50,60,209000,3410,3,1036,,1,0,0,0.01631578947368421
tour-de-france/1990/stage-6,Tour de France,100,,202500,2082,1,1959,,1,0,0,0.010281481481481482
vuelta-a-espana/1991/stage-8,Vuelta a España,80,,47000,332,,1042,,1,0,0,0.0070638297872340425
dauphine/2005/stage-3,Critérium du Dauphiné Libéré,50,,46500,,,933,,1,0,0,
tour-de-romandie/1987/stage-5a,Tour de Romandie,50,,66600,,,251,,1,0,0,
tour-de-suisse/2017/stage-7,Tour de Suisse,50,60,166300,2954,5,855,,1,0,0,0.01776307877330126
vuelta-a-espana/1996/stage-10,Vuelta a España,80,,46500,971,,988,,1,0,0,0.020881720430107525
vuelta-a-espana/1987/stage-21,Vuelta a España,80,,160000,3762,,838,,1,0,0,0.0235125
tour-de-suisse/1999/stage-2,Tour de Suisse,50,,220600,,,900,,1,0,0,
vuelta-a-espana/2014/stage-6,Vuelta a España,80,16,167100,2977,3,1175,,1,0,0,0.017815679233991622
tour-de-france/2013/stage-21,Tour de France,100,20,118000,766,1,1690,,1,0,0,0.006491525423728814
vuelta-a-espana/2003/stage-4,Vuelta a España,80,,151000,2287,2,935,,1,0,0,0.015145695364238411
itzulia-basque-country/2022/stage-5,Itzulia Basque Country,50,50,163760,3485,3,741,17,1,0,0,0.02128114313629702
dauphine/1990/stage-2,Critérium du Dauphiné Libéré,50,,183900,,,637,,1,0,0,
vuelta-a-espana/2022/stage-10,La Vuelta ciclista a España,80,100,30900,179,1,968,,1,0,0,0.005792880258899676
giro-d-italia/2018/stage-13,Giro d'Italia,80,100,180000,429,1,838,,1,0,0,0.0023833333333333332
tour-de-france/2010/stage-9,Tour de France,100,20,204500,5144,4,1685,,1,0,0,0.02515403422982885
tour-de-suisse/1986/stage-6,Tour de Suisse,50,,222000,,,835,,1,0,0,
vuelta-a-espana/1985/stage-15,Vuelta a España,80,,208000,2532,,925,,1,0,0,0.012173076923076924
world-championship/1985/result,World Championships - Road Race,350,,265500,3254,,1580,,0,0,0,0.012256120527306968
tour-de-suisse/1983/stage-10,Tour de Suisse,50,,166000,,,809,,1,0,0,
volta-a-catalunya/1992/stage-6,Volta Ciclista a Catalunya,50,,153000,,,758,,1,0,0,
tour-de-france/1992/stage-8,Tour de France,100,,206500,2609,1,2047,,1,0,0,0.012634382566585957
giro-d-italia/1996/stage-19,Giro d'Italia,80,,62000,,,1034,,1,0,0,
tour-de-france/1994/stage-20,Tour de France,100,,208500,2500,2,1731,,1,0,0,0.011990407673860911
tour-de-france/1978/stage-13,Tour de France,100,,221000,5174,5,1241,,1,0,0,0.023411764705882354
dauphine/2003/stage-1,Critérium du Dauphiné Libéré,50,,198000,,,572,,1,0,0,
ronde-van-vlaanderen/2001/result,Ronde van Vlaanderen / Tour des Flandres,275,,269000,,2,1028,,0,0,0,
volta-a-catalunya/1977/stage-7b,Volta Ciclista a Catalunya,50,,109800,,,490,,1,0,0,
vuelta-a-espana/1996/stage-20,Vuelta a España,80,,209500,4056,,988,,1,0,0,0.01936038186157518
la-fleche-wallone/1976/result,La Flèche Wallonne,225,,227000,,,542,,0,0,0,
tour-de-france/2007/stage-20,Tour de France,100,,146000,796,1,1612,,1,0,0,0.005452054794520548
ronde-van-vlaanderen/2011/result,Ronde van Vlaanderen / Tour des Flandres ME,275,,258000,2043,2,1013,,0,0,0,0.007918604651162791
vuelta-a-espana/1980/stage-9,Vuelta a España,80,,138000,,,520,,1,0,0,
giro-d-italia/2010/stage-20,Giro d'Italia,80,16,178000,4849,5,878,,1,0,0,0.027241573033707864
dauphine/2020/stage-2,Critérium du Dauphiné,50,60,135000,2878,5,1243,,1,0,0,0.021318518518518518
volta-a-catalunya/2009/stage-4,Volta Ciclista a Catalunya,50,,175700,,5,668,,1,0,0,
vuelta-a-espana/2010/stage-13,Vuelta a España,80,16,193700,2305,1,1123,,1,0,0,0.01189984512132163
la-fleche-wallone/2014/result,La Flèche Wallonne,225,,199000,2645,3,977,,0,0,0,0.01329145728643216
omloop-het-nieuwsblad/1978/result,Omloop Het Volk,125,,218000,,,493,,0,0,0,
tour-de-france/2004/stage-14,Tour de France,100,,192500,1808,1,1555,,1,0,0,0.009392207792207792
ronde-van-vlaanderen/2015/result,Ronde van Vlaanderen / Tour des Flandres ME,275,,264900,2174,2,829,,0,0,0,0.008206870517176293
paris-nice/1980/stage-2,Paris - Nice,50,,187000,,,1128,,1,0,0,
tour-de-suisse/1975/stage-5,Tour de Suisse,50,,228000,,,549,,1,0,0,
tour-de-suisse/2017/stage-6,Tour de Suisse,50,60,166700,4195,4,855,,1,0,0,0.02516496700659868
dauphine/2011/stage-5,Critérium du Dauphiné,50,6,210000,3282,,958,,1,0,0,0.01562857142857143
giro-d-italia/1993/stage-13,Giro d'Italia,80,,217000,,,1089,,1,0,0,
volta-a-catalunya/1992/stage-4,Volta Ciclista a Catalunya,50,,21500,,,758,,1,0,0,
dauphine/2008/stage-8,Critérium du Dauphiné Libéré,50,,128000,,,644,,1,0,0,
vuelta-a-espana/2021/stage-17,La Vuelta ciclista a España,80,100,185800,4519,5,1023,21,1,0,0,0.024321851453175457
tirreno-adriatico/2004/stage-7,Tirreno-Adriatico,50,,162000,,1,926,,1,0,0,
tour-de-france/1991/stage-5,Tour de France,100,,149500,1191,1,1933,,1,0,0,0.007966555183946488
giro-d-italia/1994/stage-12,Giro d'Italia,80,,204000,,,1292,,1,0,0,
tour-de-suisse/2013/stage-7,Tour de Suisse,50,6,206000,3513,4,960,,1,0,0,0.017053398058252428
tirreno-adriatico/2000/stage-7,Tirreno-Adriatico,50,,214000,,,1197,,1,0,0,
giro-d-italia/2002/stage-11,Giro d'Italia,50,,140000,2864,5,920,,1,0,0,0.020457142857142858
vuelta-a-espana/2020/stage-17,La Vuelta ciclista a España,80,100,178200,4365,5,692,,1,0,0,0.024494949494949497
dauphine/1984/stage-7b,Critérium du Dauphiné Libéré,50,,32000,,,529,,1,0,0,
paris-nice/1982/stage-7a,Paris - Nice,50,,60300,,,721,,1,0,0,
milano-sanremo/1990/result,Milano-Sanremo,275,,294000,,,740,,0,0,0,
tour-de-suisse/2007/stage-1,Tour de Suisse,50,,158600,,,1089,,1,0,0,
tour-de-france/2002/stage-2,Tour de France,100,,181000,2860,1,1489,,1,0,0,0.01580110497237569
tour-de-france/2007/prologue,Tour de France,100,,7900,33,1,1612,,1,0,0,0.004177215189873418
tirreno-adriatico/1996/stage-2,Tirreno-Adriatico,50,,180000,,,585,,1,0,0,
tour-de-france/2001/stage-20,Tour de France,100,,160500,1873,1,1496,,1,0,0,0.011669781931464174
tour-de-france/1988/stage-14,Tour de France,100,,163000,3000,5,1941,,1,0,0,0.018404907975460124
paris-nice/1981/stage-4,Paris - Nice,50,,189000,,,821,,1,0,0,
tour-de-suisse/2015/stage-3,Tour de Suisse,50,6,117300,2213,5,1048,,1,0,0,0.01886615515771526
tour-de-france/1999/stage-4,Tour de France,100,,194500,1158,1,1255,,1,0,0,0.005953727506426735
dauphine/1989/stage-4,Critérium du Dauphiné Libéré,50,,155700,,,603,,1,0,0,
giro-d-italia/2019/stage-17,Giro d'Italia,80,100,181000,3482,5,896,,1,0,0,0.01923756906077348
vuelta-a-espana/1982/stage-1a,Vuelta a España,80,,97000,,,523,,1,0,0,
strade-bianche/2010/result,Montepaschi Strade Bianche - Eroica Toscana,75,,190000,,3,687,,0,0,0,
ronde-van-vlaanderen/2019/result,Ronde van Vlaanderen - Tour des Flandres ME,275,500,267000,2164,2,881,,0,0,0,0.008104868913857678
tour-de-france/2019/stage-4,Tour de France,100,120,213500,1555,2,1699,,1,0,0,0.007283372365339579
vuelta-a-espana/2018/stage-13,La Vuelta ciclista a España,80,100,174800,3334,5,1036,,1,0,0,0.019073226544622426
dauphine/1992/stage-4,Critérium du Dauphiné Libéré,50,,164000,,,492,,1,0,0,
tour-de-france/2023/stage-13,Tour de France,100,210,137800,2413,5,1584,28,1,0,0,0.01751088534107402
tour-de-suisse/1975/stage-4,Tour de Suisse,50,,228000,,,549,,1,0,0,
la-fleche-wallone/2009/result,La Flèche Wallonne,225,,195500,,3,1032,,0,0,0,
tirreno-adriatico/2015/stage-3,Tirreno-Adriatico,50,6,203000,1936,2,1017,,1,0,0,0.009536945812807882
ronde-van-vlaanderen/1999/result,Ronde van Vlaanderen / Tour des Flandres,275,,270000,,2,993,,0,0,0,
volta-a-catalunya/2009/stage-5,Volta Ciclista a Catalunya,50,,201300,,1,668,,1,0,0,
tour-de-romandie/2022/stage-4,Tour de Romandie,50,60,180100,4158,5,508,14,1,0,0,0.02308717379233759
tour-de-france/1985/stage-18a,Tour de France,100,,52500,2412,5,1470,,1,0,0,0.04594285714285714
itzulia-basque-country/2001/stage-3,Vuelta al País Vasco,50,,162000,,,898,,1,0,0,
tirreno-adriatico/1991/stage-7,Tirreno-Adriatico,50,,188000,,,710,,1,0,0,
vuelta-a-espana/2015/stage-17,Vuelta a España,80,16,38700,328,1,1115,,1,0,0,0.008475452196382429
san-sebastian/1984/result,Clasica Ciclista San Sebastian,225,,244000,,,451,,0,0,0,
gp-quebec/2022/result,Grand Prix Cycliste de Québec,225,500,201600,2508,3,866,18,0,0,0,0.012440476190476191
milano-sanremo/2000/result,Milano-Sanremo,275,,294000,,,1566,,0,0,0,
tour-de-suisse/1987/stage-9,Tour de Suisse,50,,145500,,,673,,1,0,0,
milano-sanremo/2005/result,Milano-Sanremo,275,,294000,,,1305,,0,0,0,
tour-de-france/1987/prologue,Tour de France,100,,6100,72,1,1812,,1,0,0,0.01180327868852459
tour-de-romandie/2023/stage-4,Tour de Romandie,50,60,161600,4308,5,539,14,1,0,0,0.026658415841584158
giro-d-italia/2019/stage-7,Giro d'Italia,80,100,185000,2626,2,896,,1,0,0,0.014194594594594595
volta-a-catalunya/1995/stage-7,Volta Ciclista a Catalunya,50,,198400,3913,,737,,1,0,0,0.019722782258064515
dauphine/2001/stage-4,Criterium du Dauphiné Libére,50,,43000,,,442,,1,0,0,
giro-d-italia/1993/stage-9,Giro d'Italia,80,,219000,,,1089,,1,0,0,
tour-de-france/2013/stage-6,Tour de France,100,20,176500,837,1,1690,,1,0,0,0.004742209631728046
giro-d-italia/2013/stage-5,Giro d'Italia,80,16,203000,1490,2,930,,1,0,0,0.0073399014778325125
vuelta-a-espana/1989/stage-12,Vuelta a España,80,,186500,4931,,803,,1,0,0,0.026439678284182307
dauphine/2018/stage-2,Critérium du Dauphiné,50,60,181000,2336,4,762,,1,0,0,0.012906077348066298
liege-bastogne-liege/2013/result,Liège - Bastogne - Liège,275,,257500,3755,3,1175,,0,0,0,0.01458252427184466
tour-de-romandie/1993/stage-6,Tour de Romandie,50,,186400,,,551,,1,0,0,
giro-d-italia/2018/stage-17,Giro d'Italia,80,100,155000,2040,2,838,,1,0,0,0.013161290322580645
vuelta-a-espana/2021/stage-11,La Vuelta ciclista a España,80,100,133600,2647,3,1023,,1,0,0,0.019812874251497005
dauphine/2019/stage-7,Critérium du Dauphiné,50,60,133500,4343,5,973,,1,0,0,0.03253183520599251
dauphine/2002/stage-7,Critérium du Dauphiné Libéré,50,,150000,,,602,,1,0,0,
vuelta-a-espana/2003/stage-2,Vuelta a España,80,,148000,2045,4,935,,1,0,0,0.013817567567567567
giro-d-italia/2023/stage-11,Giro d'Italia,80,180,219000,2430,2,835,15,1,0,0,0.011095890410958905
vuelta-a-espana/1999/stage-9,Vuelta a España,80,,185800,2076,,1342,,1,0,0,0.01117330462863294
giro-d-italia/2010/stage-17,Giro d'Italia,80,16,173000,2871,5,878,,1,0,0,0.016595375722543354
tour-de-romandie/1992/stage-4a,Tour de Romandie,50,,124400,,,343,,1,0,0,
volta-a-catalunya/1981/stage-1,Volta Ciclista a Catalunya,50,,190000,,,388,,1,0,0,
paris-roubaix/1996/result,Paris - Roubaix,275,,262000,,1,423,,0,0,0,
tour-de-romandie/2007/prologue,Tour de Romandie,50,,3500,,,674,,1,0,0,
vuelta-a-espana/1994/stage-12,Vuelta a España,80,,226700,1078,,791,,1,0,0,0.004755183061314513
tour-de-france/1987/stage-15,Tour de France,100,,164000,1766,2,1812,,1,0,0,0.010768292682926828
volta-a-catalunya/2015/stage-6,Volta Ciclista a Catalunya,50,6,194100,2463,2,817,,1,0,0,0.01268933539412674
tour-de-suisse/2017/stage-2,Tour de Suisse,50,60,172700,2611,2,855,,1,0,0,0.015118702953097857
giro-d-italia/2010/stage-7,Giro d'Italia,80,16,220000,2373,2,878,,1,0,0,0.010786363636363636
vuelta-a-espana/2009/stage-10,Vuelta a España,80,,162000,1529,2,1220,,1,0,0,0.009438271604938271
tour-de-suisse/2013/stage-1,Tour de Suisse,50,6,8100,101,1,960,,1,0,0,0.012469135802469136
dauphine/2005/stage-6,Critérium du Dauphiné Libéré,50,,155000,,,933,,1,0,0,
paris-nice/2012/prologue,Paris - Nice,50,6,9400,87,2,1079,,1,0,0,0.00925531914893617
volta-a-catalunya/2000/stage-8,Volta a Catalunya,50,,12800,,5,697,,1,0,0,
tour-de-france/2008/stage-13,Tour de France,100,,182000,1405,1,1520,,1,0,0,0.00771978021978022
vuelta-a-espana/1987/stage-20,Vuelta a España,80,,183000,4541,,838,,1,0,0,0.024814207650273225
vuelta-a-espana/1996/stage-13,Vuelta a España,80,,159000,3051,,988,,1,0,0,0.01918867924528302
tour-de-france/1987/stage-8,Tour de France,100,,205500,1351,1,1812,,1,0,0,0.006574209245742093
dauphine/2011/stage-2,Critérium du Dauphiné,50,6,179000,1479,,958,,1,0,0,0.008262569832402235
giro-d-italia/2001/stage-14,Giro d'Italia,80,,163000,3128,4,920,,1,0,0,0.019190184049079753
tour-de-suisse/1982/stage-8,Tour de Suisse,50,,190000,,,657,,1,0,0,
vuelta-a-espana/1981/stage-15b,Vuelta a España,80,,11300,,,457,,1,0,0,
tour-de-romandie/1981/stage-3,Tour de Romandie,50,,180900,,,439,,1,0,0,
vuelta-a-espana/2008/stage-20,Vuelta a España,80,,17100,724,5,1101,,1,0,0,0.042339181286549704
tour-de-suisse/2000/stage-7,Tour de Suisse,50,,171000,,,895,,1,0,0,
dauphine/1989/stage-6a,Critérium du Dauphiné Libéré,50,,84500,,,603,,1,0,0,
dauphine/1992/stage-8,Critérium du Dauphiné Libéré,50,,32500,,,492,,1,0,0,
paris-nice/2002/stage-1,Paris - Nice,50,,176000,,,883,,1,0,0,
vuelta-a-espana/2013/stage-4,Vuelta a España,80,16,189000,2799,3,1128,,1,0,0,0.014809523809523809
dauphine/1992/stage-3,Critérium du Dauphiné Libéré,50,,176000,,,492,,1,0,0,
vuelta-a-espana/1998/stage-11,Vuelta a España,80,,186000,3709,,1309,,1,0,0,0.019940860215053764
tour-de-romandie/2023/stage-1,Tour de Romandie,50,60,170900,2323,2,539,13,1,0,0,0.013592744294909304
tour-de-suisse/1985/stage-8,Tour de Suisse,50,,232000,,,699,,1,0,0,
e3-harelbeke/2023/result,E3 Saxo Classic,225,400,204100,2017,2,860,13,0,0,0,0.009882410583047526
liege-bastogne-liege/2023/result,Liège-Bastogne-Liège,275,800,258100,4443,2,1042,12,0,0,0,0.017214258039519564
vuelta-a-espana/2009/stage-21,Vuelta a España,80,,110200,903,1,1220,,1,0,0,0.008194192377495463
giro-d-italia/2021/stage-12,Giro d'Italia,80,100,212000,4433,4,885,,1,0,0,0.020910377358490564
vuelta-a-espana/2002/stage-6,Vuelta a España,80,,153100,2817,5,1084,,1,0,0,0.018399738732854342
world-championship/1974/result,World Championships - Road Race,350,,262500,4976,,1128,,0,0,0,0.018956190476190477
vuelta-a-espana/2001/stage-6,Vuelta a España,80,,180600,2382,2,971,,1,0,0,0.013189368770764119
vuelta-a-espana/2016/stage-19,Vuelta a España,80,100,37000,446,1,821,,1,0,0,0.012054054054054054
volta-a-catalunya/1998/stage-2,Volta Ciclista a Catalunya,50,,172700,,,859,,1,0,0,
giro-d-italia/2005/stage-20,Giro d'Italia,80,,119000,366,1,929,,1,0,0,0.0030756302521008404
tour-de-romandie/2005/stage-3,Tour de Romandie,50,,146500,,,799,,1,0,0,
vuelta-a-espana/2016/stage-16,Vuelta a España,80,100,156400,1514,2,821,,1,0,0,0.009680306905370844
giro-d-italia/1992/stage-6,Giro d'Italia,80,,232000,,,953,,1,0,0,
milano-sanremo/2013/result,Milano-Sanremo,275,,245000,310,2,1165,,0,0,0,0.0012653061224489797
tour-de-romandie/1984/stage-3,Tour de Romandie,50,,137000,,,491,,1,0,0,
tour-de-suisse/1970/stage-4,Tour de Suisse,50,,199000,,,393,,1,0,0,
tirreno-adriatico/1995/stage-6,Tirreno-Adriatico,50,,180000,,,749,,1,0,0,
giro-d-italia/2004/stage-5,Giro d'Italia,80,,177000,1549,3,621,,1,0,0,0.008751412429378531
tour-de-suisse/2018/stage-4,Tour de Suisse,50,60,189000,2467,5,956,,1,0,0,0.013052910052910052
giro-d-italia/2000/stage-8,Giro d'Italia,80,,255000,4138,4,866,,1,0,0,0.016227450980392157
la-fleche-wallone/1989/result,La Flèche Wallonne,225,,253000,,,684,,0,0,0,
tour-de-france/1987/stage-20,Tour de France,100,,201000,5500,5,1812,,1,0,0,0.02736318407960199
giro-d-italia/2014/stage-2,Giro d'Italia,80,16,219000,1349,1,892,,1,0,0,0.006159817351598174
tirreno-adriatico/1996/stage-3,Tirreno-Adriatico,50,,206000,,,585,,1,0,0,
tour-de-france/1999/stage-17,Tour de France,100,,199000,1444,1,1255,,1,0,0,0.007256281407035176
tour-de-france/1982/stage-8,Tour de France,100,,205000,2823,2,1492,,1,0,0,0.013770731707317073
giro-d-italia/2009/stage-20,Giro d'Italia,80,,203000,1577,3,975,,1,0,0,0.007768472906403941
world-championship/2009/result,World Championships ME - Road Race,350,,262200,4819,,1439,,0,0,0,0.018379099923722348
volta-a-catalunya/1998/stage-7,Volta Ciclista a Catalunya,50,,231700,,5,859,,1,0,0,
vuelta-a-espana/2011/stage-20,Vuelta a España,80,,187000,3206,2,1170,,1,0,0,0.017144385026737968
tour-de-suisse/2003/stage-5,Tour de Suisse,50,,177800,,,660,,1,0,0,
vuelta-a-espana/2014/stage-17,Vuelta a España,80,16,190700,2761,1,1175,,1,0,0,0.014478238070267435
giro-d-italia/2009/stage-7,Giro d'Italia,80,,244000,2501,2,975,,1,0,0,0.01025
tour-de-france/1993/stage-12,Tour de France,100,,286000,3500,2,1804,,1,0,0,0.012237762237762238
tour-de-france/1999/stage-20,Tour de France,100,,160000,1696,1,1255,,1,0,0,0.0106
volta-a-catalunya/2012/stage-6,Volta Ciclista a Catalunya,50,6,169400,,2,760,,1,0,0,
volta-a-catalunya/2017/stage-4,Volta Ciclista a Catalunya,50,50,134000,2217,4,883,,1,0,0,0.016544776119402985
vuelta-a-espana/1986/stage-16,Vuelta a España,80,,264000,2500,,843,,1,0,0,0.00946969696969697
tirreno-adriatico/2022/stage-4,Tirreno-Adriatico,50,60,202000,3092,3,1059,,1,0,0,0.015306930693069307
paris-nice/1981/prologue,Paris - Nice,50,,7300,,,821,,1,0,0,
il-lombardia/2021/result,Il Lombardia,275,500,239000,4659,2,1069,13,0,0,0,0.019493723849372386
vuelta-a-espana/1983/stage-11,Vuelta a España,80,,135000,,,705,,1,0,0,
giro-d-italia/1999/stage-7,Giro d'Italia,80,,153000,,,1057,,1,0,0,
giro-d-italia/2018/stage-3,Giro d'Italia,80,100,229000,1771,2,838,,1,0,0,0.007733624454148472
tour-de-suisse/2015/stage-6,Tour de Suisse,50,6,193100,1296,2,1048,,1,0,0,0.006711548420507509
tirreno-adriatico/1994/stage-1,Tirreno-Adriatico,50,,99800,,,727,,1,0,0,
volta-a-catalunya/2000/stage-7,Volta a Catalunya,50,,154000,,,697,,1,0,0,
tirreno-adriatico/1997/stage-5,Tirreno-Adriatico,50,,187000,,,692,,1,0,0,
tour-de-france/1991/stage-8,Tour de France,100,,73000,934,1,1933,,1,0,0,0.012794520547945205
giro-d-italia/2004/stage-10,Giro d'Italia,80,,146000,2215,2,621,,1,0,0,0.01517123287671233
itzulia-basque-country/1998/stage-1,Vuelta Ciclista al País Vasco,50,,116000,,,982,,1,0,0,
volta-a-catalunya/1981/prologue,Volta Ciclista a Catalunya,50,,3800,,,388,,1,0,0,
tour-de-suisse/1984/stage-6,Tour de Suisse,50,,230000,,,646,,1,0,0,
tour-de-france/2009/stage-6,Tour de France,100,,181500,2227,3,1557,,1,0,0,0.012269972451790633
vuelta-a-espana/2004/stage-2,Vuelta a España,80,,207000,1070,1,1177,,1,0,0,0.005169082125603864
paris-nice/1975/prologue,Paris - Nice,50,,1700,,,951,,1,0,0,
tour-de-france/2003/stage-17,Tour de France,100,,181000,808,1,1688,,1,0,0,0.004464088397790055
dauphine/2000/stage-2,Criterium du Dauphiné Libére,50,,210000,,,494,,1,0,0,
vuelta-a-espana/1984/stage-2,Vuelta a España,80,,202000,,,747,,1,0,0,
tour-de-suisse/1981/prologue,Tour de Suisse,50,,10000,,,516,,1,0,0,
vuelta-a-espana/2015/stage-7,Vuelta a España,80,16,191100,3318,5,1115,,1,0,0,0.01736263736263736
itzulia-basque-country/2007/stage-5,Vuelta al País Vasco,50,,169000,,,1002,,1,0,0,
world-championship/2008/result,World Championships ME - Road Race,350,,260000,4755,,1253,,0,0,0,0.018288461538461538
milano-sanremo/1995/result,Milano-Sanremo,275,,294000,,,1599,,0,0,0,
tour-de-suisse/2004/stage-7,Tour de Suisse,50,,133000,,,676,,1,0,0,
la-fleche-wallone/1970/result,La Flèche Wallonne,225,,225000,,,546,,0,0,0,
giro-d-italia/2014/stage-20,Giro d'Italia,80,16,167000,4150,5,892,,1,0,0,0.024850299401197606
vuelta-a-espana/1992/stage-3,Vuelta a España,80,,205000,1072,,1033,,1,0,0,0.005229268292682927
tirreno-adriatico/2017/stage-3,Tirreno-Adriatico,50,60,204000,2291,1,1036,,1,0,0,0.011230392156862746
giro-d-italia/1992/stage-15,Giro d'Italia,80,,166000,,,953,,1,0,0,
tour-de-suisse/1996/stage-7,Tour de Suisse,50,,232000,,,971,,1,0,0,
dauphine/2010/stage-4,Critérium du Dauphiné,50,6,49000,,,673,,1,0,0,
vuelta-a-espana/1991/stage-20,Vuelta a España,80,,212700,3813,,1042,,1,0,0,0.017926657263751762
tour-de-suisse/2014/stage-7,Tour de Suisse,50,6,24700,408,2,944,,1,0,0,0.01651821862348178
vuelta-a-espana/1980/stage-12,Vuelta a España,80,,133000,,,520,,1,0,0,
tour-de-france/1988/prologue,Tour de France,100,,1000,44,1,1941,,1,0,0,0.044
tour-de-suisse/1976/stage-9b,Tour de Suisse,50,,23500,,,377,,1,0,0,
tour-de-france/2016/stage-9,Tour de France,100,120,184000,4948,5,1758,,1,0,0,0.02689130434782609
dauphine/2004/stage-2,Critérium du Dauphiné Libéré,50,,181000,,,737,,1,0,0,
tour-de-suisse/1985/stage-5,Tour de Suisse,50,,175000,,,699,,1,0,0,
vuelta-a-espana/1985/stage-14,Vuelta a España,80,,201000,3000,,925,,1,0,0,0.014925373134328358
giro-d-italia/2012/stage-18,Giro d'Italia,80,16,149000,1009,1,886,,1,0,0,0.0067718120805369125
tour-de-france/1995/stage-17,Tour de France,100,,210000,2237,1,1871,,1,0,0,0.010652380952380953
vuelta-a-espana/1985/stage-6,Vuelta a España,80,,145000,3500,,925,,1,0,0,0.02413793103448276
itzulia-basque-country/2012/stage-6,Vuelta Ciclista al País Vasco,50,6,18900,290,,928,,1,0,0,0.015343915343915344
dauphine/1990/stage-7,Critérium du Dauphiné Libéré,50,,177500,,,637,,1,0,0,
amstel-gold-race/1975/result,Amstel Gold Race,225,,238000,,,301,,0,0,0,
tour-de-france/2009/stage-11,Tour de France,100,,192000,1535,1,1557,,1,0,0,0.007994791666666667
vuelta-a-espana/2014/stage-3,Vuelta a España,80,16,197800,2917,3,1175,,1,0,0,0.01474721941354904
vuelta-a-espana/1990/stage-3,Vuelta a España,80,,204300,1105,,807,,1,0,0,0.005408712677435144
tour-de-france/2009/stage-19,Tour de France,100,,178000,1891,4,1557,,1,0,0,0.010623595505617978
vuelta-a-espana/1995/prologue,Vuelta a España,80,,7000,19,,883,,1,0,0,0.0027142857142857142
amstel-gold-race/1996/result,Amstel Gold Race,225,,253000,,,1044,,0,0,0,
tour-de-france/1991/stage-13,Tour de France,100,,232000,6000,5,1933,,1,0,0,0.02586206896551724
tour-de-suisse/1975/stage-8,Tour de Suisse,50,,174000,,,549,,1,0,0,
tour-de-suisse/2021/stage-8,Tour de Suisse,50,60,159500,3489,4,670,,1,0,0,0.02187460815047022
dauphine/2010/stage-2,Critérium du Dauphiné,50,6,191500,,,673,,1,0,0,
tour-de-france/2001/stage-11,Tour de France,70,,32000,1863,5,1496,,1,0,0,0.05821875
itzulia-basque-country/1990/stage-5b,Vuelta Ciclista al País Vasco,50,,7500,,,567,,1,0,0,
tour-de-france/2002/stage-6,Tour de France,100,,199500,2081,1,1489,,1,0,0,0.01043107769423559
giro-d-italia/2001/stage-6,Giro d'Italia,80,,150000,1774,2,920,,1,0,0,0.011826666666666666
tour-de-suisse/2008/stage-3,Tour de Suisse,50,,155200,,,1041,,1,0,0,
paris-nice/2020/stage-1,Paris - Nice,50,60,154000,1501,2,1082,,1,0,0,0.009746753246753247
tour-de-france/1983/stage-17,Tour de France,100,,223500,6500,5,1269,,1,0,0,0.029082774049217
ronde-van-vlaanderen/2007/result,Ronde van Vlaanderen / Tour des Flandres ME,275,,259000,,2,1016,,0,0,0,
tour-de-romandie/1989/prologue,Tour de Romandie,50,,6600,,,502,,1,0,0,
tour-de-suisse/1993/stage-4,Tour de Suisse,50,,212300,,,655,,1,0,0,
tour-de-france/2018/stage-16,Tour de France,100,120,218000,3521,4,1689,,1,0,0,0.01615137614678899
vuelta-a-espana/1980/stage-1,Vuelta a España,80,,155000,,,520,,1,0,0,
tour-de-romandie/2007/stage-1,Tour de Romandie,50,,157800,,,674,,1,0,0,
paris-nice/1997/stage-1,Paris - Nice,50,,162500,,,779,,1,0,0,
giro-d-italia/2005/stage-10,Giro d'Italia,80,,212000,230,1,929,,1,0,0,0.0010849056603773584
giro-d-italia/1996/stage-18,Giro d'Italia,80,,216000,,,1034,,1,0,0,
vuelta-a-espana/1995/stage-10,Vuelta a España,80,,162500,775,,883,,1,0,0,0.0047692307692307695
paris-nice/1986/stage-6,Paris - Nice,50,,194000,,,746,,1,0,0,
tour-de-france/2008/stage-8,Tour de France,100,,172500,1892,2,1520,,1,0,0,0.010968115942028985
tour-de-france/1994/stage-19,Tour de France,100,,47500,2386,5,1731,,1,0,0,0.05023157894736842
tour-de-france/2013/stage-14,Tour de France,100,20,191000,2158,2,1690,,1,0,0,0.011298429319371727
dauphine/2005/stage-1,Critérium du Dauphiné Libéré,50,,224000,,,933,,1,0,0,
vuelta-a-espana/2021/stage-13,La Vuelta ciclista a España,80,100,203700,1645,1,1023,33,1,0,0,0.008075601374570448
tour-de-france/1997/stage-12,Tour de France,100,,55000,1380,2,1994,,1,0,0,0.02509090909090909
paris-nice/2001/stage-1,Paris - Nice,50,,189200,,,902,,1,0,0,
paris-nice/1983/stage-3a,Paris - Nice,50,,89000,,,658,,1,0,0,
vuelta-a-espana/1991/stage-18,Vuelta a España,80,,137500,390,,1042,,1,0,0,0.0028363636363636364
giro-d-italia/1998/stage-5,Giro d'Italia,80,,206000,,,923,,1,0,0,
giro-d-italia/2003/stage-20,Giro d'Italia,80,,133000,1002,1,734,,1,0,0,0.007533834586466165
vuelta-a-espana/2007/stage-11,Vuelta a España,80,,191300,1755,1,995,,1,0,0,0.009174072138003137
paris-nice/1975/stage-4,Paris - Nice,50,,223000,,,951,,1,0,0,
tour-de-romandie/2005/prologue,Tour de Romandie,50,,3400,,,799,,1,0,0,
vuelta-a-espana/2004/stage-20,Vuelta a España,80,,178000,3628,5,1177,,1,0,0,0.02038202247191011
vuelta-a-espana/2019/stage-2,La Vuelta ciclista a España,80,100,199600,3238,4,798,,1,0,0,0.016222444889779558
giro-d-italia/2005/stage-17,Giro d'Italia,80,,194000,4088,5,929,,1,0,0,0.021072164948453608
tour-de-romandie/2015/stage-5,Tour de Romandie,50,6,166100,3688,5,883,,1,0,0,0.022203491872366046
dauphine/2004/prologue,Critérium du Dauphiné Libéré,50,,5400,,,737,,1,0,0,
itzulia-basque-country/2000/stage-1,Vuelta al País Vasco,50,,130000,,,992,,1,0,0,
giro-d-italia/2021/stage-11,Giro d'Italia,80,100,162000,2364,2,885,,1,0,0,0.014592592592592593
giro-d-italia/2004/stage-15,Giro d'Italia,80,,234000,1355,1,621,,1,0,0,0.00579059829059829
tour-de-france/1996/stage-19,Tour de France,100,,226500,1754,1,1872,,1,0,0,0.0077439293598233995
tirreno-adriatico/2005/stage-4,Tirreno-Adriatico,50,,160000,,2,1040,,1,0,0,
tour-de-suisse/2001/stage-4,Tour de Suisse,50,,220600,,,873,,1,0,0,
tour-de-suisse/1993/stage-10,Tour de Suisse,50,,180000,,,655,,1,0,0,
gp-montreal/2012/result,Grand Prix Cycliste de Montréal,225,,205700,,3,856,,0,0,0,
tour-de-suisse/1981/stage-3a,Tour de Suisse,50,,103000,,,516,,1,0,0,
giro-d-italia/2011/stage-8,Giro d'Italia,80,16,217000,2082,3,891,,1,0,0,0.009594470046082949
paris-nice/2023/stage-5,Paris - Nice,50,60,212400,1958,1,981,17,1,0,0,0.009218455743879472
giro-d-italia/2008/stage-3,Giro d'Italia,80,,221000,2164,2,1058,,1,0,0,0.00979185520361991
tour-de-france/1988/stage-1,Tour de France,100,,91500,459,1,1941,,1,0,0,0.0050163934426229505
giro-d-italia/1993/stage-20,Giro d'Italia,80,,162000,,,1089,,1,0,0,
paris-nice/2003/stage-5,Paris - Nice,50,,152500,,,831,,1,0,0,
vuelta-a-espana/2022/stage-16,La Vuelta ciclista a España,80,100,189400,1076,1,968,31,1,0,0,0.005681098204857444
tour-de-romandie/1994/stage-5,Tour de Romandie,50,,24000,,,780,,1,0,0,
tour-de-romandie/1998/stage-1,Tour de Romandie,50,,169900,,,857,,1,0,0,
giro-d-italia/1995/stage-10,Giro d'Italia,80,,42000,,,1365,,1,0,0,
tirreno-adriatico/1995/stage-8,Tirreno-Adriatico,50,,164000,,,749,,1,0,0,
vuelta-a-espana/2022/stage-12,La Vuelta ciclista a España,80,100,192700,3238,5,968,31,1,0,0,0.016803321224701608
giro-d-italia/1997/stage-1,Giro d'Italia,80,,128000,127,,792,,1,0,0,0.0009921875
tour-de-france/2014/stage-8,Tour de France,100,20,161000,1872,5,1612,,1,0,0,0.011627329192546583
tour-de-suisse/2015/stage-5,Tour de Suisse,50,6,237300,4458,5,1048,,1,0,0,0.018786346396965865
tirreno-adriatico/1983/stage-2,Tirreno-Adriatico,50,,220000,,,463,,1,0,0,
vuelta-a-espana/1992/stage-16,Vuelta a España,80,,162000,1891,,1033,,1,0,0,0.011672839506172839
paris-nice/1982/stage-3,Paris - Nice,50,,182000,,,721,,1,0,0,
giro-d-italia/2008/stage-2,Giro d'Italia,80,,207000,3889,3,1058,,1,0,0,0.01878743961352657
vuelta-a-espana/2009/stage-17,Vuelta a España,80,,175000,1337,1,1220,,1,0,0,0.00764
paris-nice/2017/stage-3,Paris - Nice,50,60,190000,1727,2,1158,,1,0,0,0.009089473684210526
volta-a-catalunya/2010/stage-4,Volta Ciclista a Catalunya,50,6,209700,,,722,,1,0,0,
la-fleche-wallone/2019/result,La Flèche Wallonne,225,400,195000,2930,3,1017,,0,0,0,0.015025641025641025
giro-d-italia/2007/stage-11,Giro d'Italia,80,,198000,1520,2,844,,1,0,0,0.007676767676767677
e3-harelbeke/1980/result,E3-Prijs Harelbeke,125,,226000,,,358,,0,0,0,
volta-a-catalunya/2023/stage-5,Volta Ciclista a Catalunya,50,50,176600,2644,5,704,22,1,0,0,0.014971687429218573
giro-d-italia/2022/stage-20,Giro d'Italia,80,100,168000,4718,5,817,16,1,0,0,0.02808333333333333
paris-nice/1982/stage-4,Paris - Nice,50,,175000,,,721,,1,0,0,
vuelta-a-espana/2008/stage-6,Vuelta a España,80,,150100,1142,3,1101,,1,0,0,0.007608261159227182
vuelta-a-espana/2005/stage-16,Vuelta a España,80,,162500,732,1,960,,1,0,0,0.004504615384615385
omloop-het-nieuwsblad/1970/result,Omloop Het Volk,125,,195000,,,430,,0,0,0,
giro-d-italia/2022/stage-21,Giro d'Italia,80,100,17400,317,2,817,,1,0,0,0.018218390804597702
dauphine/2022/stage-4,Critérium du Dauphiné,50,60,31900,96,1,789,,1,0,0,0.0030094043887147334
tour-de-france/2008/stage-14,Tour de France,100,,194500,1726,2,1520,,1,0,0,0.008874035989717224
uae-tour/2019/stage-4,UAE Tour,50,40,197000,1438,3,751,,1,0,0,0.007299492385786802
vuelta-a-espana/1993/stage-15,Vuelta a España,80,,226200,2014,,819,,1,0,0,0.008903625110521663
tour-de-france/1982/stage-13,Tour de France,100,,122000,3406,5,1492,,1,0,0,0.027918032786885247
tour-de-suisse/1989/stage-3,Tour de Suisse,50,,199000,,,604,,1,0,0,
vuelta-a-espana/2021/stage-2,La Vuelta ciclista a España,80,100,166700,1049,1,1023,,1,0,0,0.006292741451709658
la-fleche-wallone/2003/result,La Flèche Wallonne,225,,199500,,3,1017,,0,0,0,
tour-de-france/2001/stage-4,Tour de France,100,,215000,2901,2,1496,,1,0,0,0.013493023255813953
tour-de-suisse/2023/stage-4,Tour de Suisse,50,60,152500,2795,4,855,25,1,0,0,0.018327868852459017
tirreno-adriatico/1998/stage-8,Tirreno-Adriatico,50,,133000,,,769,,1,0,0,
gp-montreal/2019/result,Grand Prix Cycliste de Montréal,225,500,219600,4793,2,869,,0,0,0,0.021826047358834245
volta-a-catalunya/1994/stage-2,Volta Ciclista a Catalunya,50,,233900,2667,,379,,1,0,0,0.011402308678922616
tour-de-france/2000/stage-9,Tour de France,100,,181000,1762,1,1437,,1,0,0,0.009734806629834255
giro-d-italia/1992/stage-3,Giro d'Italia,80,,38000,,,953,,1,0,0,
tour-de-france/1980/stage-1a,Tour de France,100,,132500,1546,2,1224,,1,0,0,0.011667924528301886
liege-bastogne-liege/2014/result,Liège - Bastogne - Liège,275,,262900,4039,3,1176,,0,0,0,0.015363255990871053
tour-de-france/2004/stage-7,Tour de France,100,,204500,2306,1,1555,,1,0,0,0.011276283618581908
itzulia-basque-country/2021/stage-1,Itzulia Basque Country,50,50,13890,318,3,936,,1,0,0,0.022894168466522678
tour-de-romandie/1995/stage-6,Tour de Romandie,50,,174700,,,798,,1,0,0,
tour-de-france/1996/stage-4,Tour de France,100,,232000,2325,1,1872,,1,0,0,0.01002155172413793
tour-de-france/1988/stage-21,Tour de France,100,,46000,576,2,1941,,1,0,0,0.012521739130434783
tour-de-suisse/1972/stage-7,Tour de Suisse,50,,174000,,,433,,1,0,0,
tour-de-france/2000/stage-1,Tour de France,100,,16500,205,1,1437,,1,0,0,0.012424242424242424
itzulia-basque-country/2002/stage-2,Vuelta al País Vasco,50,,183000,,,966,,1,0,0,
tour-de-france/2005/stage-20,Tour de France,70,,55000,806,2,1535,,1,0,0,0.014654545454545455
milano-sanremo/2002/result,Milano-Sanremo,275,,287000,,,1150,,0,0,0,
tour-de-france/1992/prologue,Tour de France,100,,8000,148,1,2047,,1,0,0,0.0185
paris-nice/1984/stage-3,Paris - Nice,50,,190000,,,778,,1,0,0,
tour-de-france/2013/stage-18,Tour de France,100,20,172500,4789,5,1690,,1,0,0,0.02776231884057971
giro-d-italia/1995/stage-19,Giro d'Italia,80,,130000,,,1365,,1,0,0,
tour-de-france/1996/stage-3,Tour de France,100,,195000,1512,1,1872,,1,0,0,0.007753846153846154
omloop-het-nieuwsblad/2009/result,Omloop Het Nieuwsblad ME,125,,204500,,2,610,,0,0,0,
tour-de-france/2011/stage-13,Tour de France,100,20,152500,2605,4,1713,,1,0,0,0.017081967213114755
tour-de-france/2001/stage-18,Tour de France,70,,61000,541,2,1496,,1,0,0,0.008868852459016393
tirreno-adriatico/1973/stage-4b,Tirreno-Adriatico,50,,68000,,,536,,1,0,0,
tirreno-adriatico/1990/stage-8,Tirreno-Adriatico,50,,18300,,,590,,1,0,0,
tirreno-adriatico/2005/stage-3,Tirreno-Adriatico,50,,228000,,2,1040,,1,0,0,
itzulia-basque-country/2005/stage-3,Vuelta al País Vasco,50,,176000,,,1217,,1,0,0,
tirreno-adriatico/2023/stage-6,Tirreno-Adriatico,50,60,193000,3610,3,1044,18,1,0,0,0.018704663212435232
dauphine/2008/stage-5,Critérium du Dauphiné Libéré,50,,193000,,,644,,1,0,0,
vuelta-a-espana/2003/stage-10,Vuelta a España,80,,194000,2237,1,935,,1,0,0,0.011530927835051547
tour-de-suisse/2013/stage-2,Tour de Suisse,50,6,132300,3024,5,960,,1,0,0,0.022857142857142857
tour-de-france/2010/stage-5,Tour de France,100,20,187500,1374,1,1685,,1,0,0,0.007328
volta-a-catalunya/1981/stage-2a,Volta Ciclista a Catalunya,50,,168000,,,388,,1,0,0,
tour-de-suisse/1976/stage-7,Tour de Suisse,50,,163000,,,377,,1,0,0,
tirreno-adriatico/2013/stage-2,Tirreno-Adriatico,50,6,232000,2039,1,1331,,1,0,0,0.008788793103448276
giro-d-italia/2023/stage-6,Giro d'Italia,80,180,162000,2581,2,835,19,1,0,0,0.0159320987654321
paris-nice/1972/stage-6,Paris - Nice,50,,189500,,,1086,,1,0,0,
vuelta-a-espana/1983/stage-8,Vuelta a España,80,,38000,,,705,,1,0,0,
volta-a-catalunya/1992/stage-3,Volta Ciclista a Catalunya,50,,193000,3410,,758,,1,0,0,0.01766839378238342
omloop-het-nieuwsblad/2003/result,Omloop Het Volk,125,,200000,,2,773,,0,0,0,
tour-de-france/2005/stage-19,Tour de France,100,,154000,2344,3,1535,,1,0,0,0.015220779220779222
dauphine/2002/stage-4,Critérium du Dauphiné Libéré,50,,209000,,,602,,1,0,0,
tour-de-france/1989/stage-9,Tour de France,100,,147000,4500,5,1849,,1,0,0,0.030612244897959183
tour-de-france/1994/stage-4,Tour de France,100,,204500,2693,1,1731,,1,0,0,0.013168704156479218
tour-de-suisse/1981/stage-4,Tour de Suisse,50,,190000,,,516,,1,0,0,
tour-de-france/2011/stage-7,Tour de France,100,20,215000,1304,1,1713,,1,0,0,0.006065116279069767
giro-d-italia/1999/stage-12,Giro d'Italia,80,,168000,,,1057,,1,0,0,
il-lombardia/1991/result,Giro di Lombardia,275,,242000,,,906,,0,0,0,
tour-de-france/2009/stage-10,Tour de France,100,,194500,2076,2,1557,,1,0,0,0.010673521850899743
giro-d-italia/2019/stage-15,Giro d'Italia,80,100,232000,3122,3,896,,1,0,0,0.013456896551724138
vuelta-a-espana/2001/stage-9,Vuelta a España,80,,179200,650,1,971,,1,0,0,0.003627232142857143
giro-d-italia/1996/stage-4,Giro d'Italia,80,,147000,,,1034,,1,0,0,
vuelta-a-espana/1984/stage-5,Vuelta a España,80,,245000,,,747,,1,0,0,
giro-d-italia/2007/stage-9,Giro d'Italia,80,,177000,2272,2,844,,1,0,0,0.012836158192090396
tour-de-france/2017/stage-8,Tour de France,100,120,187500,3591,4,1791,,1,0,0,0.019152
vuelta-a-espana/2012/stage-20,Vuelta a España,80,16,169500,4291,5,852,,1,0,0,0.025315634218289085
tour-de-france/2015/stage-3,Tour de France,100,20,159500,1435,3,1812,,1,0,0,0.008996865203761755
tour-de-france/2011/stage-3,Tour de France,100,20,198000,1066,1,1713,,1,0,0,0.005383838383838384
tour-de-suisse/1982/stage-6,Tour de Suisse,50,,256000,,,657,,1,0,0,
paris-nice/1994/stage-4,Paris - Nice,50,,156000,,,900,,1,0,0,
tour-de-france/2001/stage-6,Tour de France,100,,211500,2541,2,1496,,1,0,0,0.01201418439716312
tour-de-france/2015/stage-12,Tour de France,100,20,195000,4948,5,1812,,1,0,0,0.025374358974358975
e3-harelbeke/2018/result,Record Bank E3 Harelbeke,225,400,206500,1859,2,850,,0,0,0,0.009002421307506054
giro-d-italia/2013/stage-18,Giro d'Italia,80,16,20600,1086,5,930,,1,0,0,0.05271844660194175
vuelta-a-espana/1981/stage-8a,Vuelta a España,80,,100000,,,457,,1,0,0,
tour-de-suisse/1975/stage-1,Tour de Suisse,50,,179000,,,549,,1,0,0,
omloop-het-nieuwsblad/2008/result,Omloop Het Volk ME,125,,199000,,2,627,,0,0,0,
tour-de-france/1991/stage-20,Tour de France,100,,160000,2910,2,1933,,1,0,0,0.0181875
giro-d-italia/2019/stage-11,Giro d'Italia,80,100,221000,476,1,896,,1,0,0,0.0021538461538461538
tirreno-adriatico/2011/stage-4,Tirreno-Adriatico,50,6,240000,3351,3,1216,,1,0,0,0.0139625
giro-d-italia/2009/stage-11,Giro d'Italia,80,,214000,1278,2,975,,1,0,0,0.00597196261682243
tour-de-france/1995/stage-12,Tour de France,100,,223000,4000,5,1871,,1,0,0,0.017937219730941704
vuelta-a-espana/1989/stage-18,Vuelta a España,80,,153000,3500,,803,,1,0,0,0.02287581699346405
e3-harelbeke/1999/result,E3-Prijs Harelbeke,125,,206000,,,900,,0,0,0,
dauphine/1993/prologue,Critérium du Dauphiné Libéré,50,,4000,,,386,,1,0,0,
tirreno-adriatico/1984/stage-3,Tirreno-Adriatico,50,,229000,,,541,,1,0,0,
giro-d-italia/1991/stage-11,Giro d'Italia,80,,223000,,,908,,1,0,0,
tour-de-france/1984/stage-9,Tour de France,100,,338000,2013,1,1632,,1,0,0,0.005955621301775148
strade-bianche/2022/result,Strade Bianche,225,300,184000,3107,3,662,,0,0,0,0.01688586956521739
tour-de-france/2007/stage-12,Tour de France,100,,178500,2337,4,1612,,1,0,0,0.013092436974789916
uae-tour/2021/stage-6,UAE Tour,50,40,165000,363,1,755,,1,0,0,0.0022
giro-d-italia/1998/stage-1,Giro d'Italia,80,,162000,,,923,,1,0,0,
vuelta-a-espana/1986/stage-3,Vuelta a España,80,,212000,1980,,843,,1,0,0,0.009339622641509435
vuelta-a-espana/2015/stage-13,Vuelta a España,80,16,178000,2673,2,1115,,1,0,0,0.01501685393258427
il-lombardia/1970/result,Giro di Lombardia,275,,266000,,,608,,0,0,0,
itzulia-basque-country/2003/stage-2,Vuelta al País Vasco,50,,158000,,,910,,1,0,0,
vuelta-a-espana/1985/stage-10,Vuelta a España,80,,209000,4000,,925,,1,0,0,0.019138755980861243
la-fleche-wallone/2022/result,La Flèche Wallonne,225,400,202100,3160,3,971,14,0,0,0,0.015635823849579417
giro-d-italia/2003/stage-11,Giro d'Italia,80,,222000,168,1,734,,1,0,0,0.0007567567567567568
giro-d-italia/2010/stage-13,Giro d'Italia,80,16,223000,2036,2,878,,1,0,0,0.009130044843049327
vuelta-a-espana/1983/stage-15a,Vuelta a España,80,,134000,,,705,,1,0,0,
vuelta-a-espana/2019/stage-16,La Vuelta ciclista a España,80,100,144400,4114,5,798,,1,0,0,0.028490304709141274
paris-roubaix/1987/result,Paris - Roubaix,275,,264000,,,613,,0,0,0,
tirreno-adriatico/2009/stage-1,Tirreno-Adriatico,50,,147000,1104,2,1206,,1,0,0,0.007510204081632653
strade-bianche/2020/result,Strade Bianche,225,300,184000,3073,3,804,,0,0,0,0.01670108695652174
tour-de-suisse/2001/stage-7,Tour de Suisse,50,,25100,,,873,,1,0,0,
vuelta-a-espana/1998/stage-21,Vuelta a España,80,,39000,116,,1309,,1,0,0,0.0029743589743589744
vuelta-a-espana/1988/stage-8,Vuelta a España,80,,176700,4000,,828,,1,0,0,0.022637238256932653
tour-de-france/1992/stage-10,Tour de France,100,,217000,2000,1,2047,,1,0,0,0.009216589861751152
tour-de-france/1982/stage-4,Tour de France,100,,207000,1972,1,1492,,1,0,0,0.00952657004830918
giro-d-italia/2020/stage-14,Giro d'Italia,80,100,34100,716,1,765,,1,0,0,0.02099706744868035
paris-nice/1992/stage-4,Paris - Nice,50,,176000,,,877,,1,0,0,
giro-d-italia/2006/stage-11,Giro d'Italia,80,,171000,1947,2,997,,1,0,0,0.011385964912280703
giro-d-italia/1995/stage-4,Giro d'Italia,80,,192000,,,1365,,1,0,0,
tirreno-adriatico/2002/stage-7,Tirreno-Adriatico,50,,162000,,,1056,,1,0,0,
giro-d-italia/2012/stage-6,Giro d'Italia,80,16,210000,3661,2,886,,1,0,0,0.017433333333333332
strade-bianche/2021/result,Strade Bianche,225,300,184000,3072,3,827,,0,0,0,0.016695652173913042
tour-de-suisse/1983/stage-1,Tour de Suisse,50,,173000,,,809,,1,0,0,
giro-d-italia/1997/stage-5,Giro d'Italia,80,,215000,,,792,,1,0,0,
tour-de-suisse/1994/stage-6,Tour de Suisse,50,,213000,,,616,,1,0,0,
tour-de-france/1990/stage-16,Tour de France,100,,215000,3999,5,1959,,1,0,0,0.0186
tour-de-france/2009/stage-21,Tour de France,100,,164000,521,1,1557,,1,0,0,0.0031768292682926827
tirreno-adriatico/1997/prologue,Tirreno-Adriatico,50,,4000,,,692,,1,0,0,
tour-de-suisse/1970/stage-7,Tour de Suisse,50,,198000,,,393,,1,0,0,
vuelta-a-espana/2000/stage-15,Vuelta a España,80,,164000,2193,2,981,,1,0,0,0.013371951219512195
vuelta-a-espana/1980/stage-10,Vuelta a España,80,,178000,,,520,,1,0,0,
liege-bastogne-liege/1989/result,Liège - Bastogne - Liège,275,,268000,,,1152,,0,0,0,
volta-a-catalunya/2018/stage-2,Volta Ciclista a Catalunya,50,50,175600,3221,2,659,,1,0,0,0.018342824601366742
uae-tour/2022/stage-4,UAE Tour,50,40,181000,2646,5,621,,1,0,0,0.01461878453038674
itzulia-basque-country/2018/stage-1,Itzulia Basque Country,50,50,162100,2820,4,824,,1,0,0,0.01739666872301049
tour-de-romandie/2018/stage-3,Tour de Romandie,50,60,9900,781,5,566,,1,0,0,0.07888888888888888
tour-de-france/1991/stage-14,Tour de France,100,,172500,1912,1,1933,,1,0,0,0.011084057971014492
itzulia-basque-country/2002/stage-5b,Vuelta al País Vasco,50,,15200,,,966,,1,0,0,
giro-d-italia/2017/stage-7,Giro d'Italia,80,100,224000,1340,2,881,,1,0,0,0.005982142857142857
tirreno-adriatico/1998/stage-1,Tirreno-Adriatico,50,,133000,,,769,,1,0,0,
tour-de-france/2013/stage-17,Tour de France,100,20,32000,928,2,1690,,1,0,0,0.029
giro-d-italia/1998/stage-8,Giro d'Italia,80,,191000,,,923,,1,0,0,
giro-d-italia/2021/stage-4,Giro d'Italia,80,100,187000,3138,2,885,,1,0,0,0.016780748663101603
paris-nice/1999/stage-4,Paris - Nice,50,,187000,,,792,,1,0,0,
giro-d-italia/2016/stage-19,Giro d'Italia,80,100,162000,3905,5,933,,1,0,0,0.02410493827160494
tour-de-france/1982/stage-9b,Tour de France,100,,138000,1350,1,1492,,1,0,0,0.009782608695652175
vuelta-a-espana/1990/stage-1,Vuelta a España,80,,11500,31,,807,,1,0,0,0.0026956521739130435
tour-de-romandie/2000/stage-2,Tour de Romandie,50,,162100,,,764,,1,0,0,
tirreno-adriatico/1990/stage-2,Tirreno-Adriatico,50,,175000,,,590,,1,0,0,
tour-de-suisse/1978/stage-2,Tour de Suisse,50,,169500,,,691,,1,0,0,
volta-a-catalunya/1977/stage-4a,Volta Ciclista a Catalunya,50,,38900,,,490,,1,0,0,
giro-d-italia/2020/stage-20,Giro d'Italia,80,100,190000,3716,5,765,,1,0,0,0.019557894736842104
itzulia-basque-country/2019/stage-2,Itzulia Basque Country,50,50,149500,1887,3,762,,1,0,0,0.012622073578595319
vuelta-a-espana/1999/stage-13,Vuelta a España,80,,149000,3001,,1342,,1,0,0,0.020140939597315437
dauphine/2014/stage-2,Critérium du Dauphiné,50,6,156000,3091,5,941,,1,0,0,0.019814102564102563
tour-de-suisse/2017/stage-1,Tour de Suisse,50,60,6000,49,1,855,,1,0,0,0.008166666666666666
vuelta-a-espana/2015/stage-20,Vuelta a España,80,16,175800,3812,4,1115,,1,0,0,0.02168373151308305
volta-a-catalunya/2018/stage-3,Volta Ciclista a Catalunya,50,50,153200,2782,4,659,,1,0,0,0.018159268929503918
dauphine/1977/stage-7a,Critérium du Dauphiné Libéré,50,,89000,,,809,,1,0,0,
tour-de-suisse/2023/stage-3,Tour de Suisse,50,60,143800,2617,5,855,22,1,0,0,0.018198887343532685
volta-a-catalunya/2022/stage-5,Volta Ciclista a Catalunya,50,50,206300,2478,2,722,15,1,0,0,0.012011633543383422
vuelta-a-espana/1989/stage-20,Vuelta a España,80,,47500,377,,803,,1,0,0,0.007936842105263157
gp-quebec/2013/result,Grand Prix Cycliste de Québec,225,,201600,,3,908,,0,0,0,
tour-de-romandie/2018/stage-1,Tour de Romandie,50,60,166600,2486,2,566,,1,0,0,0.014921968787515005
vuelta-a-espana/2020/stage-8,La Vuelta ciclista a España,80,100,164000,3021,5,692,,1,0,0,0.018420731707317072
tour-de-france/2003/stage-13,Tour de France,100,,197500,4000,5,1688,,1,0,0,0.020253164556962026
la-fleche-wallone/1987/result,La Flèche Wallonne,225,,245000,,,529,,0,0,0,
tour-de-france/1993/stage-5,Tour de France,100,,225500,2350,1,1804,,1,0,0,0.010421286031042129
vuelta-a-espana/1988/stage-2,Vuelta a España,80,,210000,4000,,828,,1,0,0,0.01904761904761905
vuelta-a-espana/2015/stage-12,Vuelta a España,80,16,173000,2174,2,1115,,1,0,0,0.012566473988439306
vuelta-a-espana/2011/stage-12,Vuelta a España,80,,160000,2433,3,1170,,1,0,0,0.01520625
tour-de-france/1994/stage-8,Tour de France,100,,218500,2702,1,1731,,1,0,0,0.012366132723112128
tour-de-france/1988/stage-7,Tour de France,100,,225000,2153,1,1941,,1,0,0,0.009568888888888889
ronde-van-vlaanderen/1987/result,Ronde van Vlaanderen / Tour des Flandres,275,,274000,,,854,,0,0,0,
volta-a-catalunya/2012/stage-1,Volta Ciclista a Catalunya,50,6,138900,,2,760,,1,0,0,
tour-de-france/1986/stage-10,Tour de France,100,,183000,1626,1,1872,,1,0,0,0.008885245901639345
tour-de-france/2003/stage-11,Tour de France,100,,153500,1858,2,1688,,1,0,0,0.012104234527687297
vuelta-a-espana/1988/stage-20,Vuelta a España,80,,30000,427,,828,,1,0,0,0.014233333333333334
tour-de-suisse/2012/stage-1,Tour de Suisse,50,6,218300,3542,,917,,1,0,0,0.016225377920293174
world-championship/1978/result,World Championships - Road Race,350,,273720,5244,,1332,,0,0,0,0.019158263919333625
giro-d-italia/2016/stage-10,Giro d'Italia,80,100,219000,4618,5,933,,1,0,0,0.02108675799086758
world-championship/1994/result,World Championships - Road Race,350,,251800,4687,,1310,,0,0,0,0.018613979348689438
tour-de-france/2022/stage-10,Tour de France,100,120,148100,2733,5,1551,26,1,0,0,0.018453747467927075
giro-d-italia/2005/stage-5,Giro d'Italia,80,,223000,3353,3,929,,1,0,0,0.015035874439461883
paris-nice/2003/prologue,Paris - Nice,50,,4800,,,831,,1,0,0,
vuelta-a-espana/2005/stage-2,Vuelta a España,50,,189300,2065,2,960,,1,0,0,0.010908610670892762
tour-de-romandie/2022/stage-2,Tour de Romandie,50,60,168200,2327,2,508,18,1,0,0,0.013834720570749108
giro-d-italia/2016/stage-17,Giro d'Italia,80,100,196000,1567,2,933,,1,0,0,0.007994897959183674
ronde-van-vlaanderen/1972/result,Ronde van Vlaanderen / Tour des Flandres,275,,250000,,,998,,0,0,0,
tour-de-france/1990/stage-4,Tour de France,100,,203000,1952,1,1959,,1,0,0,0.00961576354679803
dauphine/2022/stage-2,Critérium du Dauphiné,50,60,169800,2956,2,789,25,1,0,0,0.017408716136631332
tour-de-france/1989/stage-3,Tour de France,100,,241000,3895,2,1849,,1,0,0,0.01616182572614108
vuelta-a-espana/2013/stage-17,Vuelta a España,80,16,189000,2080,2,1128,,1,0,0,0.011005291005291006
paris-roubaix/2001/result,Paris - Roubaix,275,,254500,,1,797,,0,0,0,
vuelta-a-espana/1998/stage-16,Vuelta a España,80,,143700,2459,,1309,,1,0,0,0.01711203897007655
tour-de-france/1987/stage-12,Tour de France,100,,228000,2211,1,1812,,1,0,0,0.009697368421052632
san-sebastian/2003/result,Clasica Ciclista San Sebastian,225,,227000,,2,970,,0,0,0,
tour-de-romandie/2015/stage-2,Tour de Romandie,50,6,166100,2603,4,883,,1,0,0,0.01567128236002408
amstel-gold-race/2007/result,Amstel Gold Race,225,,253100,,,1004,,0,0,0,
vuelta-a-espana/2015/stage-19,Vuelta a España,80,16,185800,2331,3,1115,,1,0,0,0.012545748116254037
giro-d-italia/1994/stage-9,Giro d'Italia,80,,153000,,,1292,,1,0,0,
tirreno-adriatico/2022/stage-7,Tirreno-Adriatico,50,60,159000,1296,2,1059,,1,0,0,0.008150943396226415
tour-de-suisse/1981/stage-6,Tour de Suisse,50,,183000,,,516,,1,0,0,
paris-nice/2007/stage-2,Paris - Nice,50,,177000,,3,823,,1,0,0,
tour-de-france/2016/stage-5,Tour de France,100,120,216000,4105,4,1758,,1,0,0,0.019004629629629628
dauphine/2013/stage-2,Critérium du Dauphiné,50,6,183000,2533,2,985,,1,0,0,0.013841530054644809
ronde-van-vlaanderen/2003/result,Ronde van Vlaanderen / Tour des Flandres,275,,254000,,2,999,,0,0,0,
tirreno-adriatico/2004/stage-4,Tirreno-Adriatico,50,,179000,,3,926,,1,0,0,
tour-de-suisse/1974/stage-6,Tour de Suisse,50,,201000,,,541,,1,0,0,
tour-de-suisse/1987/prologue,Tour de Suisse,50,,8500,,,673,,1,0,0,
giro-d-italia/2004/stage-2,Giro d'Italia,80,,184000,2721,2,621,,1,0,0,0.014788043478260869
vuelta-a-espana/2017/stage-17,Vuelta a España,80,100,180500,4022,4,899,,1,0,0,0.022282548476454292
vuelta-a-espana/2002/stage-13,Vuelta a España,80,,189800,2208,2,1084,,1,0,0,0.011633298208640674
giro-d-italia/2021/stage-9,Giro d'Italia,80,100,158000,3503,3,885,,1,0,0,0.022170886075949366
volta-a-catalunya/2001/stage-3,Volta a Catalunya,50,,148600,,,617,,1,0,0,
volta-a-catalunya/1996/stage-4,Volta Ciclista a Catalunya,50,,190000,6317,,327,,1,0,0,0.03324736842105263
volta-a-catalunya/1984/prologue,Volta Ciclista a Catalunya,50,,3800,,,319,,1,0,0,
vuelta-a-espana/1988/stage-11,Vuelta a España,80,,217200,4000,,828,,1,0,0,0.01841620626151013
itzulia-basque-country/2014/stage-3,Vuelta Ciclista al País Vasco,50,6,194700,2431,2,912,,1,0,0,0.01248587570621469
paris-nice/1976/stage-4,Paris - Nice,50,,188500,,,779,,1,0,0,
paris-nice/1986/stage-2,Paris - Nice,50,,223000,,,746,,1,0,0,
tour-de-france/2005/stage-6,Tour de France,100,,199000,1750,2,1535,,1,0,0,0.008793969849246231
tour-de-france/2021/stage-14,Tour de France,100,120,183700,2877,4,1646,,1,0,0,0.015661404463799673
tour-de-france/2015/stage-1,Tour de France,100,20,13800,28,1,1812,,1,0,0,0.002028985507246377
dauphine/2006/stage-4,Critérium du Dauphiné Libéré,50,,186000,,,800,,1,0,0,
tour-de-romandie/2023/stage-3,Tour de Romandie,50,60,18750,377,2,539,17,1,0,0,0.020106666666666665
vuelta-a-espana/2007/stage-10,Vuelta a España,80,,214000,4578,5,995,,1,0,0,0.02139252336448598
tour-de-france/1988/stage-5,Tour de France,100,,147500,1336,1,1941,,1,0,0,0.009057627118644067
paris-roubaix/1990/result,Paris - Roubaix,275,,265000,,,763,,0,0,0,
giro-d-italia/2001/stage-17,Giro d'Italia,80,,119000,2447,4,920,,1,0,0,0.020563025210084032
omloop-het-nieuwsblad/2020/result,Omloop Het Nieuwsblad ME,225,300,200000,1663,2,722,,0,0,0,0.008315
san-sebastian/1992/result,Clasica Ciclista San Sebastian,225,,234000,,,1087,,0,0,0,
giro-d-italia/2002/stage-12,Giro d'Italia,80,,200000,3389,2,920,,1,0,0,0.016945
vuelta-a-espana/2019/stage-11,La Vuelta ciclista a España,80,100,180000,3168,4,798,,1,0,0,0.0176
vuelta-a-espana/2007/stage-12,Vuelta a España,80,,176000,1750,1,995,,1,0,0,0.009943181818181818
vuelta-a-espana/1982/stage-3,Vuelta a España,80,,208000,,,523,,1,0,0,
tour-de-france/2021/stage-6,Tour de France,100,120,160400,977,1,1646,,1,0,0,0.006091022443890274
ronde-van-vlaanderen/1996/result,Ronde van Vlaanderen / Tour des Flandres,275,,269000,,2,909,,0,0,0,
paris-nice/2009/stage-4,Paris - Nice,30,,173500,,2,796,,1,0,0,
vuelta-a-espana/2013/stage-13,Vuelta a España,80,16,169000,2392,4,1128,,1,0,0,0.014153846153846154
tour-de-france/1993/prologue,Tour de France,100,,6800,110,1,1804,,1,0,0,0.016176470588235296
tour-de-france/1987/stage-18,Tour de France,100,,36500,1988,5,1812,,1,0,0,0.05446575342465754
dauphine/2006/prologue,Critérium du Dauphiné Libéré,18,,4100,,,800,,1,0,0,
tour-de-suisse/1990/stage-5,Tour de Suisse,50,,12000,,,767,,1,0,0,
tour-de-suisse/1996/stage-8,Tour de Suisse,50,,34600,,,971,,1,0,0,
paris-nice/1975/stage-6a,Paris - Nice,50,,13800,,,951,,1,0,0,
volta-a-catalunya/2014/stage-1,Volta Ciclista a Catalunya,50,6,165700,1917,2,896,,1,0,0,0.011569100784550392
vuelta-a-espana/2017/stage-14,Vuelta a España,80,100,175000,3723,5,899,,1,0,0,0.021274285714285714
paris-nice/1997/stage-7a,Paris - Nice,50,,69800,,,779,,1,0,0,
volta-a-catalunya/2019/stage-1,Volta Ciclista a Catalunya,50,50,163700,3015,4,918,,1,0,0,0.01841783750763592
dauphine/1977/stage-3,Critérium du Dauphiné Libéré,50,,186000,,,809,,1,0,0,
tirreno-adriatico/1998/stage-4,Tirreno-Adriatico,50,,215000,,,769,,1,0,0,
tour-de-suisse/2014/stage-4,Tour de Suisse,50,6,160400,1241,3,944,,1,0,0,0.0077369077306733165
itzulia-basque-country/2005/stage-1,Vuelta al País Vasco,50,,133000,,,1217,,1,0,0,
giro-d-italia/2020/stage-11,Giro d'Italia,80,100,182000,1197,2,765,,1,0,0,0.0065769230769230766
tour-de-suisse/2007/stage-3,Tour de Suisse,50,,167200,,,1089,,1,0,0,
tour-de-france/1985/stage-20,Tour de France,100,,225000,3000,3,1470,,1,0,0,0.013333333333333334
liege-bastogne-liege/1980/result,Liège - Bastogne - Liège,275,,244000,,,323,,0,0,0,
giro-d-italia/2006/stage-18,Giro d'Italia,80,,224000,5741,5,997,,1,0,0,0.025629464285714287
liege-bastogne-liege/2000/result,Liège - Bastogne - Liège,275,,258000,,,1303,,0,0,0,
tour-de-suisse/2006/stage-1,Tour de Suisse,50,,154800,,,972,,1,0,0,
dauphine/1991/stage-6,Critérium du Dauphiné Libéré,50,,158000,,,830,,1,0,0,
dwars-door-vlaanderen/1996/result,Dwars door België / À travers la Belgique,75,,210000,,,318,,0,0,0,
vuelta-a-espana/1991/stage-14,Vuelta a España,80,,24100,1523,,1042,,1,0,0,0.06319502074688797
itzulia-basque-country/2023/stage-4,Itzulia Basque Country,50,50,175700,3091,2,719,17,1,0,0,0.01759248719408082
tour-de-suisse/2007/stage-6,Tour de Suisse,50,,125700,,,1089,,1,0,0,
tour-de-suisse/2003/stage-7,Tour de Suisse,50,,231000,,,660,,1,0,0,
la-fleche-wallone/2002/result,La Flèche Wallonne,225,,198000,,3,973,,0,0,0,
vuelta-a-espana/2010/stage-11,Vuelta a España,80,16,208000,4199,5,1123,,1,0,0,0.0201875
vuelta-a-espana/2020/stage-1,La Vuelta ciclista a España,80,100,173000,2975,2,692,,1,0,0,0.017196531791907513
volta-a-catalunya/2004/stage-4,Volta a Catalunya,50,,12400,,5,376,,1,0,0,
paris-nice/1984/stage-2a,Paris - Nice,50,,101000,,,778,,1,0,0,
tour-de-suisse/2014/stage-5,Tour de Suisse,50,6,183600,1763,2,944,,1,0,0,0.00960239651416122
paris-nice/1983/stage-1,Paris - Nice,50,,196000,,,658,,1,0,0,
vuelta-a-espana/2014/stage-13,Vuelta a España,80,16,188700,3236,2,1175,,1,0,0,0.017148913619501854
paris-nice/2017/stage-2,Paris - Nice,50,60,195000,881,1,1158,,1,0,0,0.004517948717948718
giro-d-italia/1996/stage-8,Giro d'Italia,80,,135000,,,1034,,1,0,0,
tour-de-france/2019/stage-19,Tour de France,100,,89000,2995,5,1699,,1,0,0,0.033651685393258426
paris-nice/2008/stage-7,Paris - Nice,30,,122500,,,775,,1,0,0,
tour-de-suisse/2001/stage-6,Tour de Suisse,50,,156600,,,873,,1,0,0,
giro-d-italia/2018/stage-21,Giro d'Italia,80,100,115000,897,1,838,,1,0,0,0.0078
volta-a-catalunya/1993/stage-1,Volta Ciclista a Catalunya,50,,181000,3683,,884,,1,0,0,0.020348066298342543
vuelta-a-espana/1984/stage-16,Vuelta a España,80,,138000,,,747,,1,0,0,
giro-d-italia/2007/stage-20,Giro d'Italia,80,,43000,411,1,844,,1,0,0,0.00955813953488372
giro-d-italia/2021/stage-19,Giro d'Italia,80,100,166000,2811,5,885,,1,0,0,0.016933734939759037
giro-d-italia/2014/stage-19,Giro d'Italia,80,16,26800,1679,5,892,,1,0,0,0.06264925373134328
tour-de-suisse/1977/stage-3a,Tour de Suisse,50,,108500,,,627,,1,0,0,
dauphine/1990/stage-1,Critérium du Dauphiné Libéré,50,,139000,,,637,,1,0,0,
tour-de-suisse/2010/stage-3,Tour de Suisse,50,6,192200,,,1198,,1,0,0,
vuelta-a-espana/2007/stage-18,Vuelta a España,80,,153500,2895,2,995,,1,0,0,0.018859934853420194
tour-de-romandie/1995/stage-3,Tour de Romandie,50,,163300,,,798,,1,0,0,
tirreno-adriatico/2016/stage-6,Tirreno-Adriatico,50,60,210000,1277,3,1133,,1,0,0,0.006080952380952381
tour-de-suisse/1971/stage-5,Tour de Suisse,50,,189500,,,302,,1,0,0,
vuelta-a-espana/2018/stage-4,La Vuelta ciclista a España,80,100,161400,3300,5,1036,,1,0,0,0.020446096654275093
vuelta-a-espana/1983/stage-9,Vuelta a España,80,,183000,,,705,,1,0,0,
volta-a-catalunya/2012/stage-7,Volta Ciclista a Catalunya,50,6,119800,,2,760,,1,0,0,
paris-nice/1997/stage-7b,Paris - Nice,50,,19900,,,779,,1,0,0,
tour-de-france/1982/stage-19,Tour de France,100,,48000,508,2,1492,,1,0,0,0.010583333333333333
tour-de-romandie/2009/stage-5,Tour de Romandie,50,,150500,,,714,,1,0,0,
dauphine/1983/stage-7b,Critérium du Dauphiné Libéré,50,,33000,,,621,,1,0,0,
dauphine/2022/stage-6,Critérium du Dauphiné,50,60,196500,2958,2,789,22,1,0,0,0.015053435114503817
world-championship/2019/result,World Championships ME - Road Race,350,600,260700,3220,2,1443,,0,0,0,0.012351361718450325
tirreno-adriatico/2012/stage-2,Tirreno-Adriatico,50,6,230000,3084,1,1188,,1,0,0,0.013408695652173914
paris-roubaix/1983/result,Paris - Roubaix,275,,274000,,,339,,0,0,0,
dauphine/2001/stage-7,Criterium du Dauphiné Libére,50,,125000,,,442,,1,0,0,
itzulia-basque-country/2003/stage-5b,Vuelta al País Vasco,50,,13000,,,910,,1,0,0,
vuelta-a-espana/1982/stage-7,Vuelta a España,80,,146000,,,523,,1,0,0,
omloop-het-nieuwsblad/2023/result,Omloop Het Nieuwsblad ME,225,300,207300,1616,2,677,,0,0,0,0.007795465508924264
tour-de-france/1981/stage-6,Tour de France,100,,26700,475,2,1362,,1,0,0,0.017790262172284643
tour-de-suisse/1997/stage-1,Tour de Suisse,50,,193100,,,1161,,1,0,0,
giro-d-italia/2000/stage-1,Giro d'Italia,80,,125000,691,2,866,,1,0,0,0.005528
giro-d-italia/2002/stage-17,Giro d'Italia,80,,222000,4962,5,920,,1,0,0,0.022351351351351353
giro-d-italia/2012/stage-19,Giro d'Italia,80,16,198000,5807,5,886,,1,0,0,0.02932828282828283
e3-harelbeke/2021/result,E3 Saxo Bank Classic,225,400,203900,2000,2,714,,0,0,0,0.00980872976949485
giro-d-italia/2015/stage-3,Giro d'Italia,80,16,136000,2797,4,861,,1,0,0,0.020566176470588234
paris-nice/1990/stage-1,Paris - Nice,50,,184000,,,995,,1,0,0,
liege-bastogne-liege/2016/result,Liège - Bastogne - Liège,275,500,248000,4015,3,1075,,0,0,0,0.016189516129032258
tour-de-france/2012/stage-6,Tour de France,100,20,205000,1535,1,1703,,1,0,0,0.00748780487804878
giro-d-italia/1999/stage-4,Giro d'Italia,80,,186000,,,1057,,1,0,0,
tour-de-romandie/2016/prologue,Tour de Romandie,50,60,3950,69,2,917,,1,0,0,0.017468354430379748
tour-de-suisse/1988/stage-6,Tour de Suisse,50,,18500,,,548,,1,0,0,
tour-de-france/1992/stage-12,Tour de France,100,,192000,4500,3,2047,,1,0,0,0.0234375
vuelta-a-espana/2005/stage-13,Vuelta a España,80,,196000,2334,5,960,,1,0,0,0.011908163265306122
giro-d-italia/2007/stage-3,Giro d'Italia,80,,180000,2044,2,844,,1,0,0,0.011355555555555556
giro-d-italia/2007/stage-4,Giro d'Italia,80,,154000,3433,5,844,,1,0,0,0.022292207792207794
tour-de-romandie/1988/stage-2,Tour de Romandie,50,,160300,,,439,,1,0,0,
tour-de-france/1987/stage-16,Tour de France,100,,216500,2919,5,1812,,1,0,0,0.013482678983833719
tour-de-france/1986/stage-11,Tour de France,100,,258500,1946,1,1872,,1,0,0,0.007528046421663443
vuelta-a-espana/1984/stage-17,Vuelta a España,80,,258000,,,747,,1,0,0,
tour-de-france/2014/stage-16,Tour de France,100,20,237500,4047,4,1612,,1,0,0,0.01704
tour-de-france/1979/stage-2,Tour de France,100,,23900,1452,5,1381,,1,0,0,0.06075313807531381
tour-de-france/1985/stage-1,Tour de France,100,,256000,2500,1,1470,,1,0,0,0.009765625
tour-de-france/2003/stage-5,Tour de France,100,,196500,2316,1,1688,,1,0,0,0.011786259541984733
paris-nice/1995/stage-1,Paris - Nice,50,,161300,,,861,,1,0,0,
itzulia-basque-country/2018/stage-2,Itzulia Basque Country,50,50,166700,3232,4,824,,1,0,0,0.019388122375524897
giro-d-italia/1991/stage-18,Giro d'Italia,80,,163000,,,908,,1,0,0,
giro-d-italia/1993/stage-17,Giro d'Italia,80,,223000,,,1089,,1,0,0,
paris-roubaix/2006/result,Paris - Roubaix,275,,259000,,1,641,,0,0,0,
vuelta-a-espana/1995/stage-18,Vuelta a España,80,,157800,3097,,883,,1,0,0,0.019626108998732572
paris-nice/1996/stage-1,Paris - Nice,50,,178000,,,766,,1,0,0,
dauphine/2015/stage-2,Critérium du Dauphiné,50,6,173000,2226,2,997,,1,0,0,0.012867052023121387
milano-sanremo/2010/result,Milano-Sanremo,275,,298000,,,1322,,0,0,0,
ronde-van-vlaanderen/1976/result,Ronde van Vlaanderen / Tour des Flandres,275,,261000,,,805,,0,0,0,
tour-de-france/1985/stage-8,Tour de France,100,,75000,1191,2,1470,,1,0,0,0.01588
giro-d-italia/2005/stage-11,Giro d'Italia,80,,150000,3798,5,929,,1,0,0,0.02532
ronde-van-vlaanderen/1978/result,Ronde van Vlaanderen / Tour des Flandres,275,,260000,,,714,,0,0,0,
tour-de-romandie/2009/prologue,Tour de Romandie,50,,3100,,,714,,1,0,0,
volta-a-catalunya/2003/stage-2,Volta a Catalunya,50,,183600,,,515,,1,0,0,
tour-de-suisse/1974/stage-9b,Tour de Suisse,50,,24600,,,541,,1,0,0,
vuelta-a-espana/2007/stage-16,Vuelta a España,80,,161500,2827,2,995,,1,0,0,0.017504643962848298
tour-de-france/1994/stage-18,Tour de France,100,,174500,4500,4,1731,,1,0,0,0.025787965616045846
giro-d-italia/2011/stage-18,Giro d'Italia,80,16,151000,2094,2,891,,1,0,0,0.013867549668874173
tirreno-adriatico/2010/stage-3,Tirreno-Adriatico,50,6,159000,1556,1,1176,,1,0,0,0.009786163522012578
tour-de-suisse/2004/stage-8,Tour de Suisse,50,,91000,,,676,,1,0,0,
vuelta-a-espana/2006/stage-18,Vuelta a España,80,,153000,2987,5,1026,,1,0,0,0.019522875816993464
giro-d-italia/2012/stage-7,Giro d'Italia,80,16,205000,3855,3,886,,1,0,0,0.018804878048780487
paris-nice/2010/stage-7,Paris - Nice,30,6,119000,,4,1192,,1,0,0,
giro-d-italia/2014/stage-17,Giro d'Italia,80,16,208000,1823,1,892,,1,0,0,0.008764423076923078
tour-de-france/1994/stage-11,Tour de France,100,,263500,3500,5,1731,,1,0,0,0.013282732447817837
tour-de-france/1995/stage-8,Tour de France,100,,54000,937,3,1871,,1,0,0,0.01735185185185185
vuelta-a-espana/2021/stage-21,La Vuelta ciclista a España,80,100,33800,641,1,1023,,1,0,0,0.018964497041420118
tour-de-france/2007/stage-15,Tour de France,100,,196000,5445,4,1612,,1,0,0,0.02778061224489796
giro-d-italia/1999/stage-17,Giro d'Italia,80,,212000,,1,1057,,1,0,0,
tour-de-france/1987/stage-5,Tour de France,100,,112500,1548,2,1812,,1,0,0,0.01376
giro-d-italia/2006/stage-8,Giro d'Italia,80,,127000,1384,2,997,,1,0,0,0.01089763779527559
volta-a-catalunya/1999/stage-3,Volta Ciclista a Catalunya,50,,155600,,,804,,1,0,0,
giro-d-italia/2023/stage-1,Giro d'Italia,80,180,19600,171,1,835,24,1,0,0,0.008724489795918368
tour-de-france/1987/stage-3,Tour de France,100,,219000,,2,1812,,1,0,0,
vuelta-a-espana/1982/stage-8,Vuelta a España,80,,216000,,,523,,1,0,0,
giro-d-italia/2011/stage-9,Giro d'Italia,80,16,169000,4091,5,891,,1,0,0,0.024207100591715977
tour-de-france/2012/prologue,Tour de France,100,20,6400,79,1,1703,,1,0,0,0.01234375
tour-de-france/2014/stage-1,Tour de France,100,20,190500,2092,2,1612,,1,0,0,0.010981627296587927
tour-de-suisse/2006/stage-2,Tour de Suisse,50,,155900,,,972,,1,0,0,
vuelta-a-espana/1987/prologue,Vuelta a España,80,,6600,194,,838,,1,0,0,0.029393939393939392
paris-nice/2012/stage-4,Paris - Nice,50,6,183000,2650,3,1079,,1,0,0,0.01448087431693989
tour-de-suisse/1996/stage-2,Tour de Suisse,50,,218600,,,971,,1,0,0,
tirreno-adriatico/2000/stage-8,Tirreno-Adriatico,50,,166000,,,1197,,1,0,0,
tour-de-romandie/2013/stage-4,Tour de Romandie,50,6,182000,3736,5,956,,1,0,0,0.02052747252747253
omloop-het-nieuwsblad/2016/result,Omloop Het Nieuwsblad ME,125,200,200800,1813,2,661,,0,0,0,0.009028884462151394
tour-de-france/2005/stage-15,Tour de France,70,,206000,5633,5,1535,,1,0,0,0.027344660194174756
vuelta-a-espana/1999/stage-19,Vuelta a España,80,,184600,2795,,1342,,1,0,0,0.015140845070422536
omloop-het-nieuwsblad/1998/result,Omloop Het Volk,125,,202000,,,556,,0,0,0,
giro-d-italia/2017/stage-13,Giro d'Italia,80,100,167000,399,1,881,,1,0,0,0.0023892215568862276
vuelta-a-espana/2019/stage-21,La Vuelta ciclista a España,80,100,106600,763,1,798,,1,0,0,0.007157598499061914
paris-roubaix/1975/result,Paris - Roubaix,275,,277500,,,626,,0,0,0,
tour-de-france/2012/stage-12,Tour de France,100,20,226000,3399,4,1703,,1,0,0,0.015039823008849557
tour-de-france/2002/stage-12,Tour de France,70,,199500,5000,5,1489,,1,0,0,0.02506265664160401
vuelta-a-espana/2019/stage-17,La Vuelta ciclista a España,80,100,219600,2395,3,798,,1,0,0,0.010906193078324225
omloop-het-nieuwsblad/1993/result,Omloop Het Volk,125,,202000,,,579,,0,0,0,
tour-de-suisse/1987/stage-6,Tour de Suisse,50,,265500,,,673,,1,0,0,
giro-d-italia/2002/stage-18,Giro d'Italia,80,,143000,1913,2,920,,1,0,0,0.013377622377622378
tour-de-suisse/1980/stage-8b,Tour de Suisse,50,,11300,,,477,,1,0,0,
vuelta-a-espana/1994/stage-16,Vuelta a España,80,,147700,2424,,791,,1,0,0,0.016411645226811104
vuelta-a-espana/2008/stage-3,Vuelta a España,80,,168300,2142,2,1101,,1,0,0,0.012727272727272728
tour-de-france/2005/stage-7,Tour de France,100,,228000,1314,2,1535,,1,0,0,0.005763157894736842
world-championship/1991/result,World Championships - Road Race,350,,252800,4402,,1794,,0,0,0,0.017412974683544302
tirreno-adriatico/2008/stage-4,Tirreno-Adriatico,30,,166000,,1,1136,,1,0,0,
amstel-gold-race/1983/result,Amstel Gold Race,225,,242000,,,637,,0,0,0,
volta-a-catalunya/1984/stage-4a,Volta Ciclista a Catalunya,50,,138000,,,319,,1,0,0,
giro-d-italia/2008/stage-4,Giro d'Italia,80,,183000,2459,2,1058,,1,0,0,0.013437158469945355
giro-d-italia/2020/stage-13,Giro d'Italia,80,100,192000,827,1,765,,1,0,0,0.004307291666666667
paris-nice/1985/stage-7a,Paris - Nice,50,,100000,,,815,,1,0,0,
vuelta-a-espana/2010/stage-3,Vuelta a España,80,16,156000,2868,3,1123,,1,0,0,0.018384615384615385
tour-de-suisse/1976/prologue,Tour de Suisse,50,,4000,,,377,,1,0,0,
giro-d-italia/2000/stage-13,Giro d'Italia,80,,195000,4602,4,866,,1,0,0,0.0236
vuelta-a-espana/1994/stage-6,Vuelta a España,80,,151700,2767,,791,,1,0,0,0.01823994726433751
vuelta-a-espana/2008/stage-5,Vuelta a España,80,,42500,215,1,1101,,1,0,0,0.005058823529411765
tour-de-france/2010/stage-2,Tour de France,100,20,201000,2708,2,1685,,1,0,0,0.013472636815920399
giro-d-italia/1990/stage-13,Giro d'Italia,80,,224000,,,1061,,1,0,0,
vuelta-a-espana/2011/stage-9,Vuelta a España,80,16,179500,2741,5,1170,,1,0,0,0.015270194986072424
vuelta-a-espana/1982/stage-4,Vuelta a España,80,,196000,,,523,,1,0,0,
vuelta-a-espana/1992/stage-9,Vuelta a España,80,,144000,4615,,1033,,1,0,0,0.03204861111111111
tour-de-france/2012/stage-8,Tour de France,100,20,157500,3072,4,1703,,1,0,0,0.019504761904761903
tour-de-france/1984/stage-14,Tour de France,100,,227500,3500,2,1632,,1,0,0,0.015384615384615385
volta-a-catalunya/1998/stage-4,Volta Ciclista a Catalunya,50,,197500,,,859,,1,0,0,
vuelta-a-espana/1984/stage-19,Vuelta a España,80,,139000,,,747,,1,0,0,
volta-a-catalunya/1997/stage-6,Volta Ciclista a Catalunya,50,,160700,,,419,,1,0,0,
tour-de-france/2021/stage-9,Tour de France,100,120,144900,4628,5,1646,,1,0,0,0.03193926846100759
vuelta-a-espana/2017/stage-4,Vuelta a España,80,100,198200,1835,2,899,,1,0,0,0.00925832492431887
vuelta-a-espana/1997/stage-11,Vuelta a España,80,,198000,1501,,1165,,1,0,0,0.007580808080808081
giro-d-italia/2010/stage-10,Giro d'Italia,80,16,220000,2292,2,878,,1,0,0,0.010418181818181818
vuelta-a-espana/1999/stage-3,Vuelta a España,80,,222800,755,,1342,,1,0,0,0.003388689407540395
tour-de-france/1991/stage-19,Tour de France,100,,177000,3000,2,1933,,1,0,0,0.01694915254237288
tour-de-suisse/2017/stage-4,Tour de Suisse,50,60,143200,2896,5,855,,1,0,0,0.020223463687150837
dauphine/2002/stage-6,Critérium du Dauphiné Libéré,50,,146000,,,602,,1,0,0,
vuelta-a-espana/1981/stage-14,Vuelta a España,80,,197000,,,457,,1,0,0,
tour-de-france/2021/stage-8,Tour de France,100,120,150800,3557,4,1646,,1,0,0,0.023587533156498672
tour-de-france/1981/stage-13,Tour de France,100,,157000,854,1,1362,,1,0,0,0.005439490445859872
vuelta-a-espana/2015/stage-21,Vuelta a España,80,100,98800,726,1,1115,,1,0,0,0.007348178137651822
omloop-het-nieuwsblad/2010/result,Omloop Het Nieuwsblad ME,125,,204400,,2,878,,0,0,0,
vuelta-a-espana/1997/stage-7,Vuelta a España,80,,219200,5218,,1165,,1,0,0,0.023804744525547445
tour-de-france/1994/stage-7,Tour de France,100,,259500,1993,1,1731,,1,0,0,0.007680154142581888
tour-de-france/1997/stage-7,Tour de France,100,,194000,1616,1,1994,,1,0,0,0.008329896907216494
vuelta-a-espana/2013/stage-12,Vuelta a España,80,16,164200,1765,1,1128,,1,0,0,0.010749086479902558
paris-nice/2006/prologue,Paris - Nice,50,,4800,,1,795,,1,0,0,
amstel-gold-race/1984/result,Amstel Gold Race,225,,247000,,,451,,0,0,0,
tour-de-france/1984/stage-1,Tour de France,100,,148500,948,1,1632,,1,0,0,0.006383838383838384
tour-de-france/2009/stage-2,Tour de France,100,,187000,2387,2,1557,,1,0,0,0.012764705882352942
giro-d-italia/2010/stage-15,Giro d'Italia,80,16,218000,3915,5,878,,1,0,0,0.017958715596330277
paris-nice/2013/stage-7,Paris - Nice,50,6,9600,527,5,917,,1,0,0,0.05489583333333333
tour-de-suisse/1978/stage-9a,Tour de Suisse,50,,97500,,,691,,1,0,0,
giro-d-italia/2019/stage-21,Giro d'Italia,80,100,17000,297,2,896,,1,0,0,0.017470588235294116
vuelta-a-espana/2016/stage-17,Vuelta a España,80,100,177500,3460,5,821,,1,0,0,0.019492957746478873
tour-de-france/1983/stage-4,Tour de France,100,,299000,2469,2,1269,,1,0,0,0.00825752508361204
tour-de-suisse/1996/stage-6,Tour de Suisse,50,,198000,,,971,,1,0,0,
paris-nice/2018/stage-8,Paris - Nice,50,60,110000,2165,4,936,,1,0,0,0.019681818181818182
dauphine/2019/stage-5,Critérium du Dauphiné,50,60,201000,2098,2,973,,1,0,0,0.010437810945273632
tour-de-suisse/1984/stage-2,Tour de Suisse,50,,176500,,,646,,1,0,0,
giro-d-italia/2022/stage-10,Giro d'Italia,80,100,196000,1764,2,817,25,1,0,0,0.009
tirreno-adriatico/2003/stage-6,Tirreno-Adriatico,50,,179000,,,882,,1,0,0,
dauphine/2009/stage-8,Critérium du Dauphiné Libéré,50,,146000,,,708,,1,0,0,
tour-de-romandie/1984/stage-4,Tour de Romandie,50,,205600,,,491,,1,0,0,
paris-nice/2008/stage-2,Paris - Nice,30,,201000,,,775,,1,0,0,
paris-nice/1986/stage-5,Paris - Nice,50,,180000,,,746,,1,0,0,
e3-harelbeke/2004/result,E3 Prijs Vlaanderen,125,,195000,,2,563,,0,0,0,
vuelta-a-espana/2006/stage-19,Vuelta a España,80,,205300,2998,1,1026,,1,0,0,0.014603019970774476
tour-de-suisse/1983/stage-7,Tour de Suisse,50,,218500,,,809,,1,0,0,
tour-de-romandie/1983/stage-2,Tour de Romandie,50,,142700,,,478,,1,0,0,
vuelta-a-espana/1995/stage-4,Vuelta a España,80,,82600,2429,,883,,1,0,0,0.02940677966101695
tour-de-romandie/2011/stage-2,Tour de Romandie,50,6,168300,2648,,660,,1,0,0,0.015733808674985146
san-sebastian/1991/result,Clasica Ciclista San Sebastian,225,,238000,,,1483,,0,0,0,
tour-de-suisse/1998/stage-3,Tour de Suisse,50,,208000,,,971,,1,0,0,
itzulia-basque-country/1990/stage-3,Vuelta Ciclista al País Vasco,50,,183000,,,567,,1,0,0,
tour-de-france/1999/stage-10,Tour de France,100,,218000,5500,5,1255,,1,0,0,0.02522935779816514
gp-montreal/2018/result,Grand Prix Cycliste de Montréal,225,500,195200,3564,2,736,,0,0,0,0.018258196721311477
san-sebastian/1983/result,Clasica Ciclista San Sebastian,225,,244000,,,390,,0,0,0,
vuelta-a-espana/1997/stage-9,Vuelta a España,80,,38000,238,,1165,,1,0,0,0.006263157894736842
gp-quebec/2015/result,Grand Prix Cycliste de Québec,225,80,201600,,2,889,,0,0,0,
vuelta-a-espana/1986/stage-18,Vuelta a España,80,,191000,2500,,843,,1,0,0,0.013089005235602094
strade-bianche/2017/result,Strade Bianche,225,300,175000,2938,3,745,,0,0,0,0.016788571428571427
giro-d-italia/2022/stage-1,Giro d'Italia,80,100,195000,1390,3,817,23,1,0,0,0.007128205128205128
volta-a-catalunya/2016/stage-6,Volta Ciclista a Catalunya,50,50,197200,2123,2,1045,,1,0,0,0.010765720081135903
tour-de-france/1984/stage-21,Tour de France,100,,320500,3000,2,1632,,1,0,0,0.0093603744149766
giro-d-italia/1990/stage-3,Giro d'Italia,80,,190000,,,1061,,1,0,0,
vuelta-a-espana/2019/stage-13,La Vuelta ciclista a España,80,100,166400,4179,5,798,,1,0,0,0.025114182692307693
giro-d-italia/2015/stage-19,Giro d'Italia,80,16,236000,5113,5,861,,1,0,0,0.021665254237288135
dauphine/2002/stage-2,Critérium du Dauphiné Libéré,50,,174000,,,602,,1,0,0,
tour-de-france/1994/stage-16,Tour de France,100,,224500,5000,5,1731,,1,0,0,0.022271714922048998
dauphine/2005/stage-2,Critérium du Dauphiné Libéré,50,,187000,,,933,,1,0,0,
world-championship/1986/result,World Championships - Road Race,350,,261000,4230,,1601,,0,0,0,0.016206896551724137
giro-d-italia/1996/stage-10,Giro d'Italia,80,,164000,,,1034,,1,0,0,
giro-d-italia/2022/stage-3,Giro d'Italia,80,100,201000,1150,1,817,19,1,0,0,0.0057213930348258705
tirreno-adriatico/2010/stage-6,Tirreno-Adriatico,50,6,134000,2190,2,1176,,1,0,0,0.016343283582089554
milano-sanremo/2019/result,Milano-Sanremo,275,500,291000,2060,2,1171,,0,0,0,0.007079037800687285
giro-d-italia/2006/stage-3,Giro d'Italia,80,,193000,2581,2,997,,1,0,0,0.013373056994818652
tour-de-france/1990/stage-5,Tour de France,100,,301000,3365,1,1959,,1,0,0,0.011179401993355481
milano-sanremo/1996/result,Milano-Sanremo,275,,294000,,,1580,,0,0,0,
tirreno-adriatico/2003/stage-1,Tirreno-Adriatico,50,,178000,,,882,,1,0,0,
paris-nice/1993/stage-1,Paris - Nice,50,,208500,,,1182,,1,0,0,
giro-d-italia/1993/stage-1a,Giro d'Italia,80,,85000,1410,,1089,,1,0,0,0.016588235294117647
amstel-gold-race/2013/result,Amstel Gold Race,225,,251800,3500,2,1149,,0,0,0,0.013899920571882446
vuelta-a-espana/1981/stage-11,Vuelta a España,80,,193000,,,457,,1,0,0,
giro-d-italia/2014/stage-5,Giro d'Italia,80,16,203000,2413,3,892,,1,0,0,0.011886699507389163
tour-de-romandie/1999/stage-2,Tour de Romandie,50,,171300,,,893,,1,0,0,
paris-nice/1976/stage-6b,Paris - Nice,50,,97000,,,779,,1,0,0,
vuelta-a-espana/2017/stage-13,Vuelta a España,80,100,198400,1938,2,899,,1,0,0,0.009768145161290322
itzulia-basque-country/2021/stage-6,Itzulia Basque Country,50,50,111900,3291,4,936,,1,0,0,0.02941018766756032
giro-d-italia/2021/stage-6,Giro d'Italia,80,100,160000,3595,5,885,,1,0,0,0.02246875
tour-de-romandie/2009/stage-2,Tour de Romandie,50,,161500,,,714,,1,0,0,
tour-de-suisse/1989/stage-10,Tour de Suisse,50,,160500,,,604,,1,0,0,
dauphine/1984/stage-2,Critérium du Dauphiné Libéré,50,,202000,,,529,,1,0,0,
giro-d-italia/1995/stage-9,Giro d'Italia,80,,165000,,,1365,,1,0,0,
vuelta-a-espana/1997/stage-21,Vuelta a España,80,,43000,477,,1165,,1,0,0,0.011093023255813954
volta-a-catalunya/2001/stage-6,Volta a Catalunya,50,,184200,,,617,,1,0,0,
tour-de-romandie/2002/stage-2,Tour de Romandie,50,,172800,,,535,,1,0,0,
vuelta-a-espana/2011/stage-15,Vuelta a España,80,16,144000,3765,5,1170,,1,0,0,0.026145833333333333
volta-a-catalunya/2015/stage-2,Volta Ciclista a Catalunya,50,6,191800,2364,3,817,,1,0,0,0.01232533889468196
paris-nice/1990/stage-5,Paris - Nice,50,,164000,,,995,,1,0,0,
dauphine/2015/stage-6,Critérium du Dauphiné,50,6,183000,3562,5,997,,1,0,0,0.01946448087431694
paris-nice/2000/stage-3,Paris - Nice,50,,178000,,,880,,1,0,0,
san-sebastian/2017/result,Clásica Ciclista San Sebastian,225,400,231000,4156,2,800,,0,0,0,0.017991341991341992
gp-quebec/2010/result,Grand Prix Cycliste de Quebec,225,,189000,,3,824,,0,0,0,
giro-d-italia/2014/stage-10,Giro d'Italia,80,16,173000,403,1,892,,1,0,0,0.002329479768786127
giro-d-italia/2020/stage-2,Giro d'Italia,80,100,149000,2359,3,765,,1,0,0,0.01583221476510067
tour-de-france/1982/stage-21,Tour de France,100,,186000,2180,1,1492,,1,0,0,0.011720430107526882
tirreno-adriatico/1993/stage-3,Tirreno-Adriatico,50,,184000,,,568,,1,0,0,
tour-de-france/2016/stage-21,Tour de France,100,120,113000,713,1,1758,,1,0,0,0.006309734513274336
tour-de-france/2010/stage-8,Tour de France,100,20,189000,3636,5,1685,,1,0,0,0.019238095238095238
giro-d-italia/2017/stage-3,Giro d'Italia,80,100,148000,1441,1,881,,1,0,0,0.009736486486486487
paris-roubaix/2000/result,Paris - Roubaix,275,,273000,,1,808,,0,0,0,
paris-nice/1976/stage-2,Paris - Nice,50,,185000,,,779,,1,0,0,
volta-a-catalunya/2016/stage-7,Volta Ciclista a Catalunya,50,50,136400,1880,2,1045,,1,0,0,0.01378299120234604
giro-d-italia/2010/stage-1,Giro d'Italia,80,16,8400,60,1,878,,1,0,0,0.007142857142857143
