name,BMI,median position,AVG position,# cyclist races,nationality,continent,geo area,birth_year,AVG weighted position,AVG position Autumn,AVG position Spring,AVG position Summer,AVG position Winter,AVG position Q1,AVG position Q2,AVG position Q3,AVG position Q4,std_dev position
sean-kelly,23.77,6,16,629,Ireland,Europe,Northern Europe,1956,22,11,7,22,20,8,10,23,18,24.497843783587605
gerrie-knetemann,21.619858987623797,38,48,271,Netherlands,Europe,Western Europe,1951,66,56,15,58,,15,18,66,,46.993017489519225
rene-bittinger,22.79,42,47,146,France,Europe,Western Europe,1954,54,15,31,55,,17,37,56,18,32.64845242031638
joseph-bruyere,20.77912213582016,8,16,48,Belgium,Europe,Western Europe,1948,21,29,11,19,,5,14,23,,19.72361106221002
sven-ake-nilsson,21.3,25,33,145,Sweden,Europe,Northern Europe,1951,38,17,12,38,,14,27,37,16,26.276978473583096
jacques-esclassan,21.020353852608316,7,29,62,France,Europe,Western Europe,1948,43,6,7,36,,4,27,39,,34.92832049659488
walter-planckaert,22.950924438282907,14,43,101,Belgium,Europe,Western Europe,1948,75,24,16,82,16,15,29,88,,51.83832826420738
guy-sibille,19.0072716660239,17,39,35,France,Europe,Western Europe,1948,53,11,17,61,,14,27,64,,36.99359472152128
jacques-bossis,20.24861314185414,36,46,177,France,Europe,Western Europe,1952,51,21,32,50,6,17,47,50,21,33.89591192759363
bernard-bourreau,23.42,48,54,179,France,Europe,Western Europe,1951,60,12,22,59,,23,52,57,,34.31072132571544
gerben-karstens,23.36,8,20,68,Netherlands,Europe,Western Europe,1942,34,35,11,33,28,8,14,47,,24.923918472585623
charles-rouxel,22.563472482669205,19,25,42,France,Europe,Western Europe,1948,32,,17,29,,16,20,32,,22.462770851615165
jean-louis-gauthier,23.35412118846071,64,65,230,France,Europe,Western Europe,1955,70,,22,67,,16,55,68,,41.41458804919592
regis-delepine,19.63871802635068,23,42,27,France,Europe,Western Europe,1946,46,,9,43,,9,26,48,,36.15284898909753
javier-francisco-elorriaga,26.53,31,38,34,Spain,Europe,Southern Europe,1947,42,17,25,61,,,31,54,,32.09194677996868
maurice-le-guilloux,23.801909890840733,46,49,180,France,Europe,Western Europe,1950,52,37,36,53,,9,46,51,,23.363982929372778
andre-mollet,19.724004635400156,44,50,51,France,Europe,Western Europe,1949,55,,29,53,,29,59,49,,29.067629054044456
philippe-durel2,23.017869817103087,42,52,36,France,Europe,Western Europe,1954,52,,,52,,,63,48,,38.82287821653455
jesus-suarez-cueva,22.60026818834022,16,32,169,Spain,Europe,Southern Europe,1955,42,14,27,58,,30,29,42,,34.05721529688722
mariano-martinez,21.625877984964095,20,26,102,France,Europe,Western Europe,1948,30,,5,28,,14,32,25,,24.19048725945259
michel-le-denmat,22.15271705806476,56,53,18,France,Europe,Western Europe,1950,54,,,53,,,25,61,,26.70273296335823
willy-teirlinck,22.638627462572078,24,39,102,Belgium,Europe,Western Europe,1948,50,,14,49,,22,38,43,,37.37857062843375
bernard-quilfen,20.67018731117287,57,57,45,France,Europe,Western Europe,1949,58,,36,58,,53,58,57,,20.066480417941673
andre-chalmel,22.266617517800377,60,63,78,France,Europe,Western Europe,1949,71,5,25,67,,15,64,65,,37.61784458341854
bernard-hinault,20.48,10,17,267,France,Europe,Western Europe,1954,22,13,11,19,,9,13,21,4,20.199698571139635
klaus-peter-thaler,20.52,16,28,144,Germany,Europe,Western Europe,1949,35,7,11,35,,8,18,38,,29.48009745703271
regis-ovion,20.43,21,27,87,France,Europe,Western Europe,1949,33,18,15,31,,12,32,28,28,22.47205041794439
marc-demeyer,25.66,19,29,85,Belgium,Europe,Western Europe,1950,38,49,14,39,,14,26,36,,29.251962514066808
dominique-sanders,21.111742441300965,54,57,70,France,Europe,Western Europe,1957,61,40,,60,,,67,55,,31.76886309778617
michel-laurent,23.20469689252182,32,39,180,France,Europe,Western Europe,1953,48,,15,47,,11,32,48,,31.87252455060707
jean-rene-bernaudeau,21.14,26,32,237,France,Europe,Western Europe,1956,35,,21,34,,30,24,34,,25.0406220781054
jacky-hardy,23.301275356671166,76,74,18,France,Europe,Western Europe,1953,74,,,74,,,67,75,,23.196024563609075
jean-luc-vandenbroucke,20.24796268176349,29,39,227,Belgium,Europe,Western Europe,1955,51,10,16,52,8,15,25,54,11,37.57738107994923
patrick-perret,21.645162176473367,47,53,112,France,Europe,Western Europe,1953,55,36,29,55,,32,46,55,,26.769583516989982
yves-hezard,20.22758850625511,39,43,87,France,Europe,Western Europe,1948,50,34,13,50,,10,29,52,,31.210801665515042
christian-seznec,24.332884047458155,37,38,161,France,Europe,Western Europe,1952,41,,33,39,,26,44,38,,24.457121179679255
hennie-kuiper,23.32,23,36,314,Netherlands,Europe,Western Europe,1949,51,13,17,50,13,19,21,53,10,37.702462008751326
henk-lubberding,22.717673083480907,41,50,346,Netherlands,Europe,Western Europe,1953,61,36,25,56,12,24,27,60,39,39.67754125303215
miguel-maria-lasa,22.72,12,22,91,Spain,Europe,Southern Europe,1947,27,12,12,47,,3,18,28,,23.56883768644754
jose-martins,22.202800068201345,36,39,30,Portugal,Europe,Southern Europe,1951,48,,20,40,,35,29,44,,26.385732821957475
jose-de-cauwer,20.711994129944056,64,62,55,Belgium,Europe,Western Europe,1949,68,,23,70,,20,50,70,,29.24904096387431
joaquim-agostinho,22.968778308449068,30,33,121,Portugal,Europe,Southern Europe,1943,36,19,16,33,,9,30,34,,25.241691211299848
juan-pujol,22.085877127042988,39,45,130,Spain,Europe,Southern Europe,1952,51,16,37,66,,34,42,50,,28.22776009660626
joel-gallopin,20.82621171716298,52,55,80,France,Europe,Western Europe,1953,56,,14,56,,14,65,53,,29.706472784840265
antonio-menendez,21.368559618721118,40,41,25,Spain,Europe,Southern Europe,1946,46,4,,43,,,45,41,,24.129857024027306
eugene-plet,20.013607234604294,56,56,23,France,Europe,Western Europe,1952,58,,,56,,,68,55,,22.313345233157467
patrick-friou,22.39739406733531,46,53,89,France,Europe,Western Europe,1955,56,,24,54,,7,78,48,,34.6509296474729
roger-legeay,22.81194861783643,47,50,97,France,Europe,Western Europe,1949,53,,30,51,,30,56,49,,27.951426018985956
lucien-van-impe,21.16,31,36,183,Belgium,Europe,Western Europe,1946,45,34,21,39,,52,26,41,27,30.063343123674926
ludo-loos,21.85082890163901,61,61,54,Belgium,Europe,Western Europe,1955,64,43,53,64,,,72,54,,30.481283852046698
didier-van-vlaslaer,23.49274449742802,80,71,11,France,Europe,Western Europe,1955,71,,,71,,,80,68,,33.18077208811809
serge-beucherie,20.53761665311874,53,57,85,France,Europe,Western Europe,1955,62,,23,61,,23,72,58,,32.89571417684198
rene-dillen,21.54156066082555,50,51,52,Belgium,Europe,Western Europe,1951,56,,31,53,,49,48,53,,26.013687080755105
jeanpierre-biderre,21.481728130889614,78,68,15,France,Europe,Western Europe,1950,68,,,68,,,28,78,,30.459965919375612
francisco-galdos,21.82160068306559,37,41,87,Spain,Europe,Southern Europe,1947,45,17,37,48,,,48,36,,28.62378446599682
wilfried-wesemael,20.502679403153028,12,26,54,Belgium,Europe,Western Europe,1950,38,,16,34,,12,22,42,,26.07391525267683
joop-zoetemelk,22.72,20,29,334,Netherlands,Europe,Western Europe,1946,38,14,16,37,10,15,20,36,12,28.311853667042932
jan-raas,23.24,7,26,137,Netherlands,Europe,Western Europe,1952,38,12,8,39,0,9,17,41,,36.68064077236134
pierre-bazzo,21.053486830953744,40,45,203,France,Europe,Western Europe,1954,50,,23,49,,10,43,48,,29.896504075855834
hubert-mathis,20.692486337216103,53,57,97,France,Europe,Western Europe,1952,62,32,21,62,,17,76,54,,28.796518469165978
lucien-didier,21.15,49,53,157,Luxembourg,Europe,Western Europe,1950,55,,33,56,,,43,56,,24.940129191646772
raymond-martin,21.71,48,48,146,France,Europe,Western Europe,1949,51,,29,50,,26,45,49,,28.545569730726545
jacques-martin,22.23657618615084,68,64,19,Belgium,Europe,Western Europe,1952,67,,24,68,,,51,68,,28.513565049163276
gilbert-lelay,20.837494424110957,46,50,46,France,Europe,Western Europe,1952,51,,,50,,,53,50,,28.694534819411437
bernard-thevenet,21.067001303009807,37,39,98,France,Europe,Western Europe,1948,49,13,23,48,,7,33,47,1,30.415455559336436
fedor-iwan-den-hertog,22.69,55,56,51,Netherlands,Europe,Western Europe,1946,60,,41,57,,28,71,52,,26.952434500248692
alain-budet,22.18824089185616,78,74,23,France,Europe,Western Europe,1952,75,,,74,,,90,72,,17.09459845807113
jose-nazabal-mimendia,20.773039982693717,46,47,59,Spain,Europe,Southern Europe,1951,49,32,45,51,,30,47,48,,20.071933759338574
gilbert-chaumaz,19.55913743965275,68,67,45,France,Europe,Western Europe,1953,68,,,67,,,73,66,,23.000812458201853
jos-de-schoenmaecker,22.655249699275018,71,68,103,Belgium,Europe,Western Europe,1947,74,,18,72,,6,67,71,,36.285224980356936
marcel-laurens,22.2066685198844,93,88,135,Belgium,Europe,Western Europe,1952,96,,54,95,,50,68,95,,34.400476940141864
andres-oliva,16.803740687973235,62,64,62,Spain,Europe,Southern Europe,1948,69,38,59,66,,,69,62,,28.48795286586196
jean-pierre-danguillaume,21.264835831274844,10,24,43,France,Europe,Western Europe,1946,37,,13,31,,10,17,40,,26.155235527804948
dino-bertolo,18.669699164504127,73,65,23,France,Europe,Western Europe,1953,66,,,65,,,70,64,,22.145137493917396
enrique-martinez,22.125131961448094,24,29,104,Spain,Europe,Southern Europe,1953,36,17,27,59,,10,29,36,,23.549129915792825
daniel-gisiger,21.318382395884168,42,43,69,Switzerland,Europe,Western Europe,1954,60,10,18,53,,38,17,60,,36.549380347019095
barry-hoban,22.218436734466852,30,37,48,Great Britain,Europe,Northern Europe,1940,45,34,20,46,,8,26,46,,27.845118433351583
antoine-guttierrez,21.31215697713464,76,67,19,France,Europe,Western Europe,1953,75,,20,73,,16,52,77,,28.198336809649064
ferdinand-julien,21.363776850751545,62,59,75,France,Europe,Western Europe,1946,64,25,24,60,,26,57,61,25,27.7768002230392
andre-romero,22.8156006395609,48,41,30,France,Europe,Western Europe,1950,50,,54,41,,54,23,49,,26.628133078839152
michel-pollentier,22.23,14,25,178,Belgium,Europe,Western Europe,1951,37,21,22,30,,21,21,41,9,27.101315561208935
rene-martens,22.418923461258355,44,56,266,Belgium,Europe,Western Europe,1955,64,20,38,63,,19,46,62,,37.604831859785314
bernardo-alfonsel,19.074817281457385,57,59,211,Spain,Europe,Southern Europe,1954,66,24,39,70,,7,46,67,,32.143571094656245
faustino-fernandez,22.396335068156237,80,70,34,Spain,Europe,Southern Europe,1953,75,,48,101,,,63,92,,35.637371979986526
aad-van-den-hoek,22.26,72,71,58,Netherlands,Europe,Western Europe,1951,83,0,39,79,,30,82,75,,40.031626940144385
jean-francois-pescheux,21.672088710504276,42,47,64,France,Europe,Western Europe,1952,49,,23,48,,28,54,46,,32.8586098921975
dante-coccolo,21.194534360137624,81,74,23,France,Europe,Western Europe,1954,76,,,74,,,70,75,,23.206326655417584
pierre-raymond-villemiane,20.664987561700855,32,42,107,France,Europe,Western Europe,1951,47,,9,48,,3,25,49,,34.93338245379624
herve-inaudi,19.68581300991623,54,57,16,France,Europe,Western Europe,1952,63,,8,68,,8,33,78,,36.9682296032688
sebastian-pozo-fontivero,18.967610167830625,70,59,34,Spain,Europe,Southern Europe,1951,67,,50,66,,6,51,79,,35.18649068264289
philippe-tesniere,22.10626522250276,90,84,68,France,Europe,Western Europe,1955,85,,,84,,,110,77,,38.93134588879385
ward-janssens,21.079911618283788,31,43,35,Belgium,Europe,Western Europe,1946,53,8,24,50,,11,35,52,,33.18972707319657
eulalio-garcia,19.665209770824223,74,69,104,Spain,Europe,Southern Europe,1951,77,7,48,85,,,59,78,,34.52311950611009
alain-patritti,21.573039171528578,65,65,33,France,Europe,Western Europe,1953,69,,,65,,,81,61,,35.786720916275556
pedro-vilardebo,21.722746166967838,46,50,64,Spain,Europe,Southern Europe,1953,55,19,41,64,,,50,50,,32.32411196437907
albert-van-vlierberghe,21.44686152631535,66,56,30,Belgium,Europe,Western Europe,1942,67,,17,66,,25,37,67,,31.975583357219346
jose-pesarrodona,21.874988550644588,89,65,21,Spain,Europe,Southern Europe,1946,91,32,46,68,,46,51,89,,45.79556019237382
paul-wellens,22.388574340145585,52,54,151,Belgium,Europe,Western Europe,1952,60,,22,57,,,36,60,,39.505838280919264
jean-jacques-fussien,21.616142456710886,56,53,28,France,Europe,Western Europe,1952,59,,11,62,,7,57,61,,32.161690543631856
christian-muselet,20.96706753005576,53,53,33,France,Europe,Western Europe,1952,57,30,,63,,,59,52,,26.24278400096324
freddy-maertens,21.47,3,12,144,Belgium,Europe,Western Europe,1952,21,7,5,19,,5,7,22,8,22.904479700818143
herman-beyssens,22.94606883659613,72,71,105,Belgium,Europe,Western Europe,1950,77,,45,78,,40,68,74,,31.923735815610737
marcel-tinazzi,23.15791801136579,32,41,82,France,Europe,Western Europe,1953,44,23,22,44,,13,32,46,23,28.49799382258468
alain-de-carvalho,23.59848003619977,70,71,91,France,Europe,Western Europe,1953,74,50,,74,,,84,68,,28.059086444721117
yvon-bertin,21.946133560798714,17,41,109,France,Europe,Western Europe,1953,48,,23,46,,17,29,50,,43.221617541478025
paul-sherwen,23.602858028150425,69,67,161,Great Britain,Europe,Northern Europe,1956,74,,18,72,,17,64,73,,46.73129545770458
robert-gesink,19.39,37,47,653,Netherlands,Europe,Western Europe,1986,48,38,45,53,,48,43,49,50,37.104363379399324
kenny-elissonde,18.21,65,72,386,France,Europe,Western Europe,1991,73,65,82,64,78,80,77,65,33,42.279434186662655
egor-silin,19.47,68,78,227,Russia,Asia,Asia,1988,80,85,79,76,,81,71,87,56,44.62758278659566
george-bennett,17.9,51,64,451,New Zealand,Oceania,Oceania,1990,66,62,59,72,69,56,62,74,29,46.63361431135095
simon-yates,19.61,31,44,437,Great Britain,Europe,Northern Europe,1992,45,36,35,57,,40,34,53,35,42.54725638246814
haimar-zubeldia,21.22,49,52,883,Spain,Europe,Southern Europe,1977,54,53,54,51,,59,47,54,65,30.67945774723955
jan-bakelants,21.39,44,50,567,Belgium,Europe,Western Europe,1986,51,38,54,49,,56,48,49,46,33.661842441363746
andrew-talansky,20.57,39,55,321,United States,America,America,1988,56,74,53,51,,57,41,62,,46.1003761869623
johan-esteban-chaves,20.45,33,45,439,Colombia,America,America,1990,45,42,48,42,,50,45,43,36,35.919974931483985
leopold-konig,19.57,38,54,155,Czech Republic,Europe,Eastern Europe,1987,53,46,53,57,,73,52,50,59,46.16289440057486
pierre-rolland,20.68,55,66,614,France,Europe,Western Europe,1986,67,92,63,65,,74,55,71,19,46.566499046194544
nairo-quintana,21.16,22,31,520,Colombia,America,America,1990,32,28,29,34,,35,25,33,11,31.139854293472617
christopher-froome,19.66,31,50,627,Great Britain,Europe,Northern Europe,1985,49,53,65,40,77,64,55,41,100,47.16318566648195
lawrence-warbasse,20.01,64,69,359,United States,America,America,1990,70,54,74,71,55,69,73,70,38,34.220529144502414
samuel-sanchez,21.22,22,34,660,Spain,Europe,Southern Europe,1978,35,27,31,42,,36,34,33,15,32.43328115659865
rudy-molard,19.57,44,55,468,France,Europe,Western Europe,1989,57,50,48,64,,44,51,63,18,37.67416317903189
romain-hardy,20.96,70,74,147,France,Europe,Western Europe,1988,75,73,74,75,,77,66,75,57,47.42156539393779
daniel-moreno,19.71,36,47,633,Spain,Europe,Southern Europe,1981,48,34,55,49,,60,50,43,17,39.49567188776889
alberto-contador,19.69,19,26,608,Spain,Europe,Southern Europe,1982,27,21,23,30,,26,23,28,33,26.093577588356432
ben-hermans,20.81,52,61,288,Belgium,Europe,Western Europe,1986,63,49,71,45,59,65,64,48,25,40.71687376309577
davide-formolo,18.72,38,43,409,Italy,Europe,Southern Europe,1992,43,47,41,49,28,42,41,47,46,28.997527010116414
sergio-pardilla,22.49,54,62,238,Spain,Europe,Southern Europe,1984,61,62,70,49,,74,60,57,,39.74709811637621
pierre-latour,20.15,38,52,312,France,Europe,Western Europe,1993,52,52,48,54,,52,41,59,38,41.54868596359389
jean-christophe-peraud,20.96,38,47,316,France,Europe,Western Europe,1977,47,54,46,46,,45,49,46,49,33.797158020983915
peter-kennaugh,22.05,88,88,222,Great Britain,Europe,Northern Europe,1989,89,92,98,78,113,90,82,96,48,48.315530268493994
tejay-van-garderen,20.81,38,49,537,United States,America,America,1988,49,73,49,44,38,44,44,51,113,39.64869056683862
michele-scarponi,20.48,33,44,559,Italy,Europe,Southern Europe,1979,45,33,41,56,,44,42,48,48,39.689188125575996
luis-angel-mate,21.46,63,74,556,Spain,Europe,Southern Europe,1984,76,65,69,83,28,68,74,79,48,43.230250515068356
david-de-la-cruz,19.93,49,60,445,Spain,Europe,Southern Europe,1989,61,45,65,62,33,61,67,56,28,43.034648832089076
andrey-zeits,20.44,67,75,577,Kazakhstan,Asia,Asia,1986,76,72,78,72,,76,75,75,52,38.038825631714936
riccardo-zoidl,20.11,72,79,155,Austria,Europe,Western Europe,1988,81,87,77,80,,75,81,80,51,44.836244428044985
bart-de-clercq,20.01,53,63,364,Belgium,Europe,Western Europe,1986,65,48,66,66,,66,64,62,47,41.12045179000689
maxime-monfort,20.15,38,47,775,Belgium,Europe,Western Europe,1983,48,40,49,47,71,48,46,49,34,31.998739868495228
julien-bernard,19.37,76,78,328,France,Europe,Western Europe,1992,80,80,79,75,,79,79,77,70,35.72680404802032
jesus-hernandez-3,20.31,92,95,439,Spain,Europe,Southern Europe,1981,97,73,101,98,,123,89,95,,50.84457207982122
david-lopez,21.22,76,81,613,Spain,Europe,Southern Europe,1981,83,76,71,98,,69,77,92,,45.701881587261425
maxime-bouet,20.01,64,71,515,France,Europe,Western Europe,1986,71,52,72,72,,69,68,74,41,37.64171715612897
jonathan-castroviejo,21.2,61,73,575,Spain,Europe,Southern Europe,1987,75,69,65,80,,61,70,81,50,48.63379713017995
darwin-atapuma,20.9,62,69,352,Colombia,America,America,1988,70,72,63,77,,66,64,80,33,42.986058312055775
dario-cataldo,20.9,63,68,701,Italy,Europe,Southern Europe,1985,69,72,61,86,55,64,58,86,60,41.77349571148686
pavel-kochetkov,20.68,67,74,293,Russia,Asia,Asia,1986,75,68,73,80,73,84,63,75,73,34.73167888220392
davide-villella,19.93,74,77,400,Italy,Europe,Southern Europe,1991,79,74,78,89,45,72,79,82,59,38.01890762624211
alejandro-valverde,19.47,14,24,942,Spain,Europe,Southern Europe,1980,25,20,20,29,29,24,21,27,16,28.21399706451831
silvan-dillier,22.4,70,74,314,Switzerland,Europe,Western Europe,1990,76,64,70,80,15,55,72,82,48,40.49180826661751
jose-herrada,21.22,67,72,473,Spain,Europe,Southern Europe,1985,74,66,70,83,56,66,70,81,56,40.87312104384713
perrig-quemeneur,20.45,108,106,257,France,Europe,Western Europe,1984,108,92,111,107,,117,100,108,,37.798160085977926
mathias-frank,20.66,54,64,512,Switzerland,Europe,Western Europe,1986,66,77,70,54,66,72,57,69,34,42.4538845132911
romain-sicard,19.66,70,77,418,France,Europe,Western Europe,1988,78,56,81,80,,83,76,77,66,41.638258143312605
jose-mendes,19.54,70,78,178,Portugal,Europe,Southern Europe,1985,79,71,67,89,,67,65,86,77,42.29954575559067
thomas-de-gendt,22.78,82,83,711,Belgium,Europe,Western Europe,1986,85,76,77,90,89,80,78,89,66,45.268978324740196
sander-armee,19.94,85,86,432,Belgium,Europe,Western Europe,1985,87,77,86,90,94,95,83,87,70,37.35417897337514
yuri-trofimov,20.66,59,67,436,Russia,Asia,Asia,1984,69,83,56,76,,66,52,82,31,41.605064068102756
tobias-ludvigsson,20.19,71,75,392,Sweden,Europe,Northern Europe,1991,76,76,71,84,48,63,73,84,,41.388008817362426
marcel-wyss,20.11,59,70,251,Switzerland,Europe,Western Europe,1986,72,44,74,68,,96,67,65,54,41.74314477202415
matvey-mamykin,19.35,89,94,101,Russia,Asia,Asia,1994,96,82,111,79,,112,99,84,15,46.88819015741195
gianluca-brambilla,19.72,52,62,504,Italy,Europe,Southern Europe,1987,63,56,66,59,38,60,65,58,58,44.34475010643975
gianni-meersman,20.11,77,74,224,Belgium,Europe,Western Europe,1985,75,75,73,74,45,66,75,76,,53.912520043351044
danilo-wyss,20.98,76,77,465,Switzerland,Europe,Western Europe,1985,78,69,80,76,65,68,81,74,75,36.486719639455146
jose-joaquin-rojas,22.34,47,50,664,Spain,Europe,Southern Europe,1985,50,45,51,50,40,44,53,50,44,37.13241030152667
ruben-fernandez,19.15,61,65,255,Spain,Europe,Southern Europe,1991,66,70,65,69,37,50,68,73,64,35.08851948251827
simon-gerrans,21.71,82,78,570,Australia,Oceania,Oceania,1980,80,73,63,89,,69,66,90,,42.34477217463075
luis-leon-sanchez,21.1,44,53,899,Spain,Europe,Southern Europe,1983,54,57,45,61,54,36,52,61,51,37.84663555322088
alberto-losada,21.3,70,79,526,Spain,Europe,Southern Europe,1982,80,70,81,80,,61,86,77,71,40.971535717996645
pello-bilbao,19.82,44,57,479,Spain,Europe,Southern Europe,1990,60,57,52,66,38,57,53,68,18,46.46678365468376
chad-haga,19.6,98,93,384,United States,America,America,1988,95,86,93,100,56,90,91,101,74,40.03832196254717
omar-fraile,21.27,83,84,402,Spain,Europe,Southern Europe,1990,86,78,80,88,76,84,76,90,74,44.945010024806386
ian-boswell,19.39,110,107,173,United States,America,America,1991,109,112,108,103,,110,97,113,,43.64709644518376
francois-bidard,20.06,68,74,215,France,Europe,Western Europe,1992,76,65,80,71,62,82,75,71,65,38.00651232818285
mattia-cattaneo,19.79,68,72,304,Italy,Europe,Southern Europe,1990,74,64,75,71,53,82,64,89,33,47.548517842135155
jens-keukeleire,20.16,75,75,400,Belgium,Europe,Western Europe,1988,77,66,75,77,61,71,74,78,68,39.831656957625746
jack-haig,18.56,38,51,354,Australia,Oceania,Oceania,1993,53,55,49,52,64,46,45,59,69,40.43847358796351
gregor-muhlberger,19.75,72,76,273,Austria,Europe,Western Europe,1994,78,80,74,78,62,72,69,83,93,42.406742366089105
axel-domont,20.29,77,84,217,France,Europe,Western Europe,1990,86,83,85,85,,85,82,86,132,37.10989328863907
clement-chevrier,17.87,73,77,157,France,Europe,Western Europe,1992,77,71,85,69,47,72,84,69,,29.760879457852894
odd-christian-eiking,22.89,59,65,196,Norway,Europe,Northern Europe,1994,66,63,65,67,38,56,65,68,48,36.74323020620798
koen-bouwman,18.94,62,71,304,Netherlands,Europe,Western Europe,1993,73,69,68,79,65,75,64,88,61,43.50065437086054
merhawi-kudus,19.38,62,67,295,Eritrea,Africa,Africa,1994,69,70,61,77,45,49,61,79,74,37.7251485444283
damien-howson,19.24,73,79,350,Australia,Oceania,Oceania,1992,81,85,65,89,71,73,65,95,95,43.40232483478581
laurent-didier,19.04,97,98,305,Luxembourg,Europe,Western Europe,1984,99,107,99,93,,98,95,103,97,37.105072283025656
ivan-rovny,20.72,92,93,264,Russia,Asia,Asia,1987,95,88,92,107,66,91,93,97,40,43.801203144835306
stephane-rossetto,20.99,80,85,194,France,Europe,Western Europe,1987,86,76,106,85,86,123,81,82,75,42.381118510947566
johannes-frohlinger,20.72,90,91,529,Germany,Europe,Western Europe,1985,93,87,89,96,,89,90,93,54,36.70409607250589
matthieu-ladagnous,22.04,84,82,511,France,Europe,Western Europe,1984,84,77,78,88,67,70,83,88,84,34.58722982187333
pieter-serry,19.08,73,80,418,Belgium,Europe,Western Europe,1988,83,78,82,77,82,65,85,83,57,44.5210892826112
koen-de-kort,21.53,79,80,570,Netherlands,Europe,Western Europe,1982,81,75,81,81,68,74,85,79,79,37.11332658584138
zdenek-stybar,20.31,62,66,378,Czech Republic,Europe,Eastern Europe,1985,69,74,51,75,50,47,63,78,77,44.5286491020367
imanol-erviti,22.71,86,87,883,Spain,Europe,Southern Europe,1983,88,78,84,93,92,86,83,89,58,37.380101293840184
david-arroyo,20.81,53,66,530,Spain,Europe,Southern Europe,1980,68,56,57,83,,74,49,75,56,46.63328129129767
louis-vervaeke,20.76,75,81,239,Belgium,Europe,Western Europe,1993,83,79,75,101,101,70,82,90,54,43.6664461301008
yukiya-arashiro,22.15,96,92,505,Japan,Asia,Asia,1984,94,78,94,96,54,91,94,93,80,41.29306318767147
joe-dombrowski,19.87,80,84,409,United States,America,America,1991,86,87,86,80,,92,79,92,69,44.315304821591376
victor-campenaerts,22.72,102,96,268,Belgium,Europe,Western Europe,1991,99,98,96,99,53,78,100,105,83,53.12805942432325
gatis-smukulis,21.5,97,96,225,Latvia,Europe,Northern Europe,1987,97,94,87,103,91,91,92,102,,41.51021819125641
alexandre-geniez,20.09,74,80,328,France,Europe,Western Europe,1988,81,96,65,91,,89,53,99,22,49.91138479485344
jerome-cousin,22.84,120,116,188,France,Europe,Western Europe,1989,118,107,109,123,104,111,108,119,,41.81259049448346
bram-tankink,21.67,64,69,651,Netherlands,Europe,Western Europe,1978,70,76,64,72,62,61,65,78,73,34.51080731905001
tiago-machado,19.88,61,64,331,Portugal,Europe,Southern Europe,1985,65,67,55,71,54,57,54,73,17,35.22749024335335
christian-knees,21.52,76,78,612,Germany,Europe,Western Europe,1981,80,79,80,76,65,81,70,83,65,40.719703458603924
sergio-paulinho,21.63,93,94,557,Portugal,Europe,Southern Europe,1980,97,78,99,95,,98,90,96,63,41.79981181754747
dmitriy-gruzdev,22.55,110,109,329,Kazakhstan,Asia,Asia,1986,111,106,108,110,103,104,105,114,110,33.72717938918112
quentin-jauregui,19.37,79,84,119,France,Europe,Western Europe,1994,86,96,83,84,45,46,87,95,80,46.72280655449465
magnus-cort-nielsen,20.09,81,78,373,Denmark,Europe,Northern Europe,1993,80,68,67,91,34,64,72,90,58,51.466433125379304
michael-gogl,20.52,104,99,244,Austria,Europe,Western Europe,1993,102,73,86,111,46,87,89,116,40,44.617946670384704
valerio-conti,20.62,80,80,344,Italy,Europe,Southern Europe,1993,81,89,78,75,,98,68,93,92,45.53223383034103
scott-thwaites,22.41,104,98,132,Great Britain,Europe,Northern Europe,1990,102,102,71,116,76,74,85,117,84,43.77812106380238
kristijan-durasek,19.38,86,85,282,Croatia,Europe,Southern Europe,1987,87,77,87,85,,88,82,86,32,37.42366333243116
julien-morice,21.97,122,118,49,France,Europe,Western Europe,1991,122,105,110,144,80,111,109,130,,36.59819286643038
bryan-nauleau,20.45,114,113,89,France,Europe,Western Europe,1988,114,99,105,118,,107,103,121,,33.735330485747944
salvatore-puccio,20.53,82,84,489,Italy,Europe,Southern Europe,1989,85,80,81,97,75,69,85,93,64,36.159028510003175
rory-sutherland,21.22,116,112,297,Australia,Oceania,Oceania,1982,114,114,109,120,,112,107,122,121,37.251054960109464
gert-dockx,20.9,96,96,172,Belgium,Europe,Western Europe,1988,96,90,97,96,93,82,98,96,84,34.937719256502504
christoph-pfingsten,21.53,78,82,168,Germany,Europe,Western Europe,1987,84,76,76,99,75,78,75,100,59,40.08922718510336
fumiyuki-beppu,21.3,96,94,287,Japan,Asia,Asia,1983,94,83,91,102,106,93,96,85,50,41.691087829596114
tosh-van-der-sande,21.15,87,83,395,Belgium,Europe,Western Europe,1990,83,81,78,94,78,75,86,82,86,45.04757820918199
adam-hansen,21.04,93,95,699,Australia,Oceania,Oceania,1981,96,90,95,97,100,101,90,96,110,39.842052659447916
simon-pellaud,21.6,95,95,156,Switzerland,Europe,Western Europe,1992,98,95,105,88,66,115,87,98,87,39.16674286813065
cesare-benedetti,21.8,104,102,392,Poland,Europe,Eastern Europe,1987,104,88,104,102,93,105,102,102,89,36.318868736022296
ilia-koshevoy,19.08,145,138,103,Belarus,Europe,Eastern Europe,1991,140,130,138,144,,131,140,142,78,39.42671466214332
christophe-riblon,20.06,96,91,446,France,Europe,Western Europe,1981,93,100,88,91,,89,80,99,55,52.57527848997554
martin-velits,20.45,110,103,308,Slovakia,Europe,Eastern Europe,1985,105,100,102,107,63,98,103,105,49,40.39567301173461
vegard-stake-laengen,20.78,93,95,278,Norway,Europe,Northern Europe,1989,97,93,93,99,75,72,94,103,,38.24462360866824
sven-erik-bystrom,20.65,89,87,235,Norway,Europe,Northern Europe,1992,89,87,77,96,74,79,78,99,24,42.52421066231768
sindre-skjoestad-lunke,20.6,118,111,76,Norway,Europe,Northern Europe,1993,112,105,111,113,,95,117,115,,35.366293795676484
tsgabu-gebremaryam-grmay,20.57,75,81,367,Ethiopia,Africa,Africa,1991,83,86,78,85,58,76,73,98,71,39.05280074413611
kristian-sbaragli,24.16,82,80,331,Italy,Europe,Southern Europe,1990,81,84,78,84,74,78,80,83,52,45.51436206987689
benjamin-king-1,20.31,74,78,302,United States,America,America,1989,79,63,87,76,65,90,78,72,,38.29929128829448
ryan-anderson,21.55,104,99,64,Canada,America,America,1987,103,73,95,117,89,90,111,91,,38.81896065519022
michal-golas,20.06,86,87,363,Poland,Europe,Eastern Europe,1984,88,78,86,91,85,72,90,91,86,37.34948994959229
fabio-felline,22.2,56,64,434,Italy,Europe,Southern Europe,1990,66,66,58,76,65,57,57,82,41,43.63547705556298
moreno-moser,20.43,92,88,202,Italy,Europe,Southern Europe,1990,91,92,80,98,,79,80,107,,49.86043103628351
jaco-venter,19.39,116,113,220,South Africa,Africa,Africa,1987,116,111,99,131,85,89,101,130,,39.010600894503916
louis-meintjes,19.38,43,54,518,South Africa,Africa,Africa,1992,55,65,61,47,47,63,46,54,74,41.59870386361832
kiel-reijnen,19.44,125,114,147,United States,America,America,1986,115,112,99,129,77,82,128,121,,39.43064649426792
tom-stamsnijder,20.83,117,114,365,Netherlands,Europe,Western Europe,1985,117,108,115,125,58,104,116,118,,39.82482094233401
sam-bewley,22.2,121,118,273,New Zealand,Oceania,Oceania,1987,120,117,116,123,108,113,113,127,,36.344074521921556
svein-tuft,25.14,137,128,358,Canada,America,America,1977,130,117,125,135,122,117,125,137,84,43.4896585208468
nikias-arndt,22.16,80,84,421,Germany,Europe,Western Europe,1991,86,97,77,87,60,75,77,94,38,50.18621471574267
michael-schwarzmann,22.79,125,115,213,Germany,Europe,Western Europe,1991,117,117,109,135,95,103,111,130,115,45.930922205733545
hugh-carthy,18.91,49,61,315,Great Britain,Europe,Northern Europe,1994,63,62,59,67,50,51,59,84,26,46.91527759335018
mario-costa,21.995919543405364,118,114,62,Portugal,Europe,Southern Europe,1985,116,118,108,120,,124,105,126,,28.82629554154218
loic-chetout,22.09,123,119,56,France,Europe,Western Europe,1992,120,122,106,124,,96,126,123,,38.978211529339994
lilian-calmejane,20.68,60,64,262,France,Europe,Western Europe,1992,65,79,60,65,,55,67,67,,37.73789253839888
dylan-teuns,19.54,44,56,353,Belgium,Europe,Western Europe,1992,59,52,47,65,31,42,55,63,29,43.175370179495786
jhonatan-restrepo,23.04,102,94,117,Colombia,America,America,1994,94,97,91,91,,84,81,104,96,46.47043179846206
sergey-lagutin,20.76,70,78,331,United States,America,America,1981,79,74,80,76,109,68,82,75,59,48.115657601806426
rudiger-selig,22.63,131,110,155,Germany,Europe,Western Europe,1989,111,121,104,120,88,109,98,118,127,55.879144980367286
daniele-bennati,21.2,85,81,601,Italy,Europe,Southern Europe,1980,83,86,68,89,111,65,73,90,24,57.306110296508386
dries-devenyns,20.75,84,84,546,Belgium,Europe,Western Europe,1983,87,80,76,94,58,69,80,97,40,47.762534201549336
eduard-prades,19.88,70,69,115,Spain,Europe,Southern Europe,1987,69,66,65,89,,68,60,75,65,43.71156936921919
martijn-keizer,19.33,104,102,338,Netherlands,Europe,Western Europe,1988,103,113,95,113,,102,94,116,,40.48657025146414
jos-van-emden,22.55,97,94,421,Netherlands,Europe,Western Europe,1985,95,95,92,106,78,84,95,110,87,45.12330841521461
jonas-van-genechten,21.63,132,100,79,Belgium,Europe,Western Europe,1986,102,105,90,108,,96,95,110,,65.82401073684231
yves-lampaert,23.15,72,76,252,Belgium,Europe,Western Europe,1991,80,74,50,92,55,55,60,95,4,49.619735771982164
jaime-roson,19.35,48,63,71,Spain,Europe,Southern Europe,1993,64,91,40,62,,44,40,78,,45.80914830479237
jelle-wallays,22.5,106,101,186,Belgium,Europe,Western Europe,1989,104,107,77,114,68,75,101,114,,43.0161787045295
nick-dougall,19.53,131,127,47,South Africa,Africa,Africa,1992,131,127,100,132,,56,115,145,17,31.64218018827923
gediminas-bagdonas,22.79,104,93,81,Lithuania,Europe,Northern Europe,1985,94,81,88,108,86,85,98,94,,47.00241653887412
manuele-boaro,21.38,92,90,364,Italy,Europe,Southern Europe,1987,90,91,87,100,56,89,86,106,77,43.88627678630736
jean-pierre-drucker,22.64,86,83,169,Luxembourg,Europe,Western Europe,1986,87,91,73,104,36,67,82,102,39,52.30459414979161
niki-terpstra,20.78,105,95,507,Netherlands,Europe,Western Europe,1984,99,106,68,112,43,70,82,112,109,51.451574116936754
tyler-farrar,21.8,118,95,374,United States,America,America,1984,96,91,81,111,50,82,92,104,80,60.73693384566763
lorrenzo-manzin,22.53,128,107,125,France,Europe,Western Europe,1994,109,94,109,118,,114,108,108,98,52.78936476467646
jacques-janse-van-rensburg,20.57,86,90,168,South Africa,Africa,Africa,1987,90,87,91,90,,105,88,87,,39.33533895608183
romain-cardis,21.98,132,130,24,France,Europe,Western Europe,1992,134,106,95,168,,95,,137,,44.556672917188
alessandro-vanotti,20.45,98,99,535,Italy,Europe,Southern Europe,1980,100,89,91,114,,103,92,109,78,42.048470320307516
caleb-ewan,24.74,104,88,172,Australia,Oceania,Oceania,1994,89,,83,108,48,64,92,106,,70.91096041576044
dylan-groenewegen,22.34,124,95,196,Netherlands,Europe,Western Europe,1993,98,58,89,106,47,70,104,106,58,66.46695728146739
niccolo-bonifazio,23.24,108,95,163,Italy,Europe,Southern Europe,1993,96,,93,100,,91,94,105,,56.2427478556939
ariel-maximiliano-richeze,21.71,128,105,445,Argentina,America,America,1983,106,119,101,107,75,94,100,116,110,59.959406671730484
edvald-boasson-hagen,23.15,54,61,564,Norway,Europe,Northern Europe,1987,61,60,53,65,51,50,55,68,28,48.651264163483326
andre-greipel,23.63,93,80,477,Germany,Europe,Western Europe,1982,81,70,73,89,48,71,82,84,42,58.568147067230875
matteo-trentin,23.1,68,74,386,Italy,Europe,Southern Europe,1989,78,67,64,84,32,49,73,86,61,57.629192960686595
jasper-stuyven,22.31,46,56,331,Belgium,Europe,Western Europe,1992,58,53,48,62,24,44,54,63,24,46.386294409799525
peter-sagan,23.55,25,55,581,Slovakia,Europe,Eastern Europe,1990,56,58,42,61,56,40,49,64,61,57.30691336501631
sonny-colbrelli,23.89,64,64,320,Italy,Europe,Southern Europe,1990,67,28,67,64,23,47,70,66,23,48.65604028958216
marco-haller,22.72,111,105,335,Austria,Europe,Western Europe,1991,108,78,91,114,84,90,104,113,34,45.346528635698775
andrea-pasqualon,22.46,65,65,225,Italy,Europe,Southern Europe,1988,67,48,64,69,26,59,64,71,23,43.1262326715938
julien-simon,20.98,78,80,411,France,Europe,Western Europe,1985,81,78,66,87,,69,73,92,55,48.52327710352251
hugo-houle,21.5,64,70,323,Canada,America,America,1990,72,76,75,63,68,61,74,71,44,39.11204485534074
jens-debusschere,22.74,112,100,214,Belgium,Europe,Western Europe,1989,103,95,82,119,55,78,93,120,46,55.25216881486983
elia-viviani,21.15,104,88,378,Italy,Europe,Southern Europe,1989,88,89,88,96,53,75,90,99,81,58.39194310476448
william-bonnet,23.37,108,96,528,France,Europe,Western Europe,1982,97,91,94,99,87,96,94,99,46,49.253140272100595
ivan-garcia-cortina,22.99,67,68,207,Spain,Europe,Southern Europe,1995,71,68,48,81,53,51,64,81,26,47.6661850155878
guillaume-martin,18.38,28,36,334,France,Europe,Western Europe,1993,37,22,39,37,,35,39,38,21,28.32996736890071
toms-skujins,21.37,67,73,281,Latvia,Europe,Northern Europe,1991,76,68,67,80,52,63,67,84,45,43.1641553380791
frederik-backaert,22.07,78,83,104,Belgium,Europe,Western Europe,1990,87,,57,96,38,56,82,96,,41.885200874268456
stefan-kung,22.28,50,53,332,Switzerland,Europe,Western Europe,1993,56,40,51,57,27,49,45,64,69,36.95961745163034
pierre-luc-perichon,20.83,88,90,249,France,Europe,Western Europe,1987,90,93,92,88,74,86,98,86,93,37.95340144750427
mike-teunissen,21.56,72,74,276,Netherlands,Europe,Western Europe,1992,76,82,49,83,16,49,69,85,84,44.77229565811904
michael-matthews,22.72,29,54,485,Australia,Oceania,Oceania,1990,56,56,44,61,,37,48,67,36,55.137235510243194
egan-bernal,19.59,18,32,185,Colombia,America,America,1997,33,10,29,37,,26,28,39,8,36.79788701592337
geraint-thomas,21.2,29,48,600,Great Britain,Europe,Northern Europe,1986,49,62,48,47,3,42,43,54,27,47.52926334037117
michael-morkov,21.2,116,104,496,Denmark,Europe,Northern Europe,1985,107,110,97,115,50,86,104,117,100,50.77385824902756
xandro-meurisse,21.67,55,59,177,Belgium,Europe,Western Europe,1992,60,51,65,55,60,71,54,56,28,36.56203173880013
sebastian-langeveld,21.15,105,98,409,Netherlands,Europe,Western Europe,1985,102,101,75,122,78,75,94,120,55,51.23508518748127
steven-kruijswijk,19.88,34,44,642,Netherlands,Europe,Western Europe,1987,45,41,44,43,53,50,40,44,43,34.68372885143715
gorka-izagirre,21.31,48,57,642,Spain,Europe,Southern Europe,1987,60,50,53,64,41,46,52,68,34,40.46759059758646
simon-clarke,20.57,80,81,619,Australia,Oceania,Oceania,1986,83,79,72,89,48,64,78,89,76,44.50613906542948
rigoberto-uran,21.05,32,45,753,Colombia,America,America,1987,46,36,40,53,,41,40,51,17,39.271066515360594
warren-barguil,18.21,32,42,451,France,Europe,Western Europe,1991,43,35,42,43,,46,44,40,23,33.612677396981404
fabien-grellier,20.06,111,107,110,France,Europe,Western Europe,1994,108,88,108,107,,114,102,113,88,30.270071539820567
laurens-de-plus,18.56,53,59,179,Belgium,Europe,Western Europe,1995,60,73,57,61,55,59,58,61,,38.70157378512511
anthony-roux,20.65,80,84,486,France,Europe,Western Europe,1987,87,68,85,91,49,82,84,87,60,47.715297150008595
emanuel-buchmann,18.21,33,45,349,Germany,Europe,Western Europe,1992,46,53,35,50,43,55,29,56,49,38.10543280800297
reinardt-janse-van-rensburg,22.34,91,86,308,South Africa,Africa,Africa,1989,87,77,78,92,50,72,82,93,79,45.700559511258895
amund-grondahl-jansen,23.74,114,108,140,Norway,Europe,Northern Europe,1994,110,67,88,118,26,80,111,115,,42.36726991585993
mikel-landa,20.62,40,49,531,Spain,Europe,Southern Europe,1989,51,59,45,52,,56,43,54,17,40.04517596021626
mikael-cherel,19.41,56,69,642,France,Europe,Western Europe,1986,70,74,63,74,,61,64,78,57,41.93051859373219
roman-kreuziger,19.41,32,43,680,Czech Republic,Europe,Eastern Europe,1986,43,69,38,40,44,39,38,49,32,35.25315127324961
roger-kluge,22.52,135,116,243,Germany,Europe,Western Europe,1986,118,35,114,126,87,93,126,124,35,53.50723612042149
wout-poels,19.08,40,55,594,Netherlands,Europe,Western Europe,1987,57,47,45,65,50,42,46,69,23,45.258525162137204
alberto-bettiol,21.3,67,67,254,Italy,Europe,Southern Europe,1993,69,26,66,73,,64,65,70,52,43.179477650336665
michael-schar,19.9,69,74,547,Switzerland,Europe,Western Europe,1986,76,78,75,73,44,66,77,75,77,35.412225970279984
florian-vachon,20.29,103,98,196,France,Europe,Western Europe,1985,99,,88,102,66,88,89,103,,40.649965259056906
aleksey-lutsenko,24.44,51,68,426,Kazakhstan,Asia,Asia,1992,71,77,67,68,42,49,66,76,,51.73340088027319
jasper-de-buyst,22.47,101,94,192,Belgium,Europe,Western Europe,1993,96,92,83,107,66,67,102,104,17,43.438222164951206
aime-de-gendt,22.64,104,99,94,Belgium,Europe,Western Europe,1994,104,,97,117,43,90,98,117,,40.43434960246009
anthony-delaplace,19.84,80,85,290,France,Europe,Western Europe,1989,87,60,79,87,90,81,80,90,60,36.95781398186451
michael-woods,20.9,39,51,368,Canada,America,America,1986,53,47,46,60,16,49,45,57,57,42.75157246152135
julian-alaphilippe,20.72,27,43,341,France,Europe,Western Europe,1992,45,37,39,47,56,43,30,52,24,45.850942958209465
tanel-kangert,20.52,42,48,530,Estonia,Europe,Northern Europe,1987,49,52,46,50,,52,42,55,58,29.779644170224067
sergio-luis-henao,21.11,32,42,451,Colombia,America,America,1987,43,45,35,47,,39,33,50,34,32.786321425691035
giulio-ciccone,18.72,48,60,292,Italy,Europe,Southern Europe,1994,63,69,62,57,28,40,69,61,69,47.1982185370849
anthony-turgis,22.09,95,87,223,France,Europe,Western Europe,1994,89,79,63,100,42,57,80,104,8,44.3978448353648
elie-gesbert,19.23,84,80,139,France,Europe,Western Europe,1995,82,53,60,91,,60,70,88,,43.35887660178603
natnael-berhane,19.93,101,99,277,Eritrea,Africa,Africa,1991,101,107,90,111,52,85,92,118,104,42.85992883466136
kevin-van-melsen,22.5,104,106,67,Belgium,Europe,Western Europe,1987,109,100,88,115,91,81,99,117,,28.18138413170069
lukasz-wisniowski,21.38,100,93,150,Poland,Europe,Eastern Europe,1991,95,84,95,105,64,73,102,100,89,41.44857410456979
joey-rosskopf,21.39,78,79,227,United States,America,America,1989,81,80,81,78,56,80,76,89,62,38.893241852822584
david-gaudu,17.92,26,37,266,France,Europe,Western Europe,1996,38,27,34,41,24,40,35,40,27,31.25195593254722
tiesj-benoot,19.94,30,45,292,Belgium,Europe,Western Europe,1994,48,55,31,51,31,33,36,60,24,40.76776527936003
romain-bardet,18.99,24,32,519,France,Europe,Western Europe,1990,33,32,32,31,50,35,27,34,11,29.799186177886295
alexis-vuillermoz,20.05,44,52,329,France,Europe,Western Europe,1988,54,24,46,60,,57,45,60,22,35.52018624820014
fabio-aru,18.81,29,41,369,Italy,Europe,Southern Europe,1990,40,42,44,37,,50,40,38,19,35.84954050769599
gianni-moscon,21.91,66,71,228,Italy,Europe,Southern Europe,1994,73,25,67,84,59,71,61,83,8,45.053372784488154
dylan-van-baarle,21.84,69,77,397,Netherlands,Europe,Western Europe,1992,81,65,61,86,43,60,77,84,62,47.36436113951868
lars-ytting-bak,21.05,98,96,609,Denmark,Europe,Northern Europe,1980,98,85,93,102,88,99,87,106,98,46.822591262145515
richie-porte,20.96,37,52,544,Australia,Oceania,Oceania,1985,54,83,48,53,96,44,43,65,15,46.17767759426861
vincenzo-nibali,19.84,24,31,796,Italy,Europe,Southern Europe,1984,31,30,29,34,43,32,30,34,22,26.82846575958886
matej-mohoric,20.81,65,70,321,Slovenia,Europe,Southern Europe,1994,72,44,66,80,18,47,71,77,58,47.26445059977363
nelson-oliveira,20.68,66,68,569,Portugal,Europe,Southern Europe,1989,70,63,64,73,66,65,64,72,60,37.31575620671174
adam-yates,19.38,26,39,444,Great Britain,Europe,Northern Europe,1992,41,66,29,40,25,30,27,50,30,38.98515058480112
jesus-herrada-lopez,20.9,70,70,434,Spain,Europe,Southern Europe,1990,73,58,63,82,19,63,62,80,36,44.03391952447649
enric-mas,19.47,25,35,302,Spain,Europe,Southern Europe,1995,36,28,35,38,,40,33,38,20,32.34221169702655
greg-van-avermaet,22.59,32,45,582,Belgium,Europe,Western Europe,1985,47,40,33,54,22,35,48,49,15,40.07070806845915
rui-costa,20.83,40,50,628,Portugal,Europe,Southern Europe,1986,53,42,41,60,36,53,37,63,54,41.31115999196282
kevin-ledanois,20.45,97,96,89,France,Europe,Western Europe,1993,98,57,98,96,,100,95,95,,33.09171796315219
daniel-oss,20.56,92,88,512,Italy,Europe,Southern Europe,1987,90,79,85,91,75,70,97,89,60,45.03778273432232
damiano-caruso,20.91,34,47,590,Italy,Europe,Southern Europe,1987,48,56,40,54,46,37,41,59,61,38.14510627064851
sebastien-reichenbach,20.2,45,55,369,Switzerland,Europe,Western Europe,1989,57,37,55,57,64,52,53,62,30,39.02060148996455
kasper-asgreen,20.56,72,73,181,Denmark,Europe,Northern Europe,1995,76,97,49,80,52,55,41,95,40,49.89286373262818
dan-martin,19.27,36,48,595,Ireland,Europe,Northern Europe,1986,49,41,48,50,36,41,54,50,21,42.29184880496066
michael-valgren-andersen,22.16,70,72,350,Denmark,Europe,Northern Europe,1992,76,60,63,81,16,68,63,81,55,44.45148716770211
alexander-kristoff,23.29,82,79,450,Norway,Europe,Northern Europe,1987,81,25,69,89,59,58,84,88,22,63.075430228734554
simon-geschke,21.89,78,78,583,Germany,Europe,Western Europe,1986,81,64,74,86,29,61,76,85,91,43.58350051854858
serge-pauwels,20.75,61,69,452,Belgium,Europe,Western Europe,1983,70,53,72,68,73,84,64,69,54,40.17235075084612
paul-ourselin,20.45,82,84,86,France,Europe,Western Europe,1994,86,93,82,81,,91,75,90,94,27.73321209942284
anthony-perez,19.39,93,93,239,France,Europe,Western Europe,1991,95,97,89,96,,85,91,98,56,40.073597511803975
alex-dowsett,22.64,111,105,241,Great Britain,Europe,Northern Europe,1988,107,103,100,118,97,96,103,127,97,46.99315192451801
nils-politt,21.7,69,65,247,Germany,Europe,Western Europe,1994,68,41,49,73,45,54,55,76,18,37.3792828935797
amael-moinard,21.3,80,85,695,France,Europe,Western Europe,1982,87,79,82,89,,82,82,90,88,41.64858732983654
jose-goncalves,20.45,53,67,175,Portugal,Europe,Southern Europe,1989,69,81,50,88,51,50,52,93,,48.76916708799203
daryl-impey,21.98,64,67,455,South Africa,Africa,Africa,1984,68,60,64,70,82,62,62,74,76,45.368027799969724
andrey-amador,22.53,66,71,615,Costa Rica,America,America,1986,72,71,62,83,82,70,61,86,71,41.7209638326392
lennard-kamna,19.84,50,59,161,Germany,Europe,Western Europe,1996,61,78,50,71,,62,45,76,20,47.3529293957644
marcus-burghardt,21.0,86,89,582,Germany,Europe,Western Europe,1983,92,92,70,101,22,66,77,107,42,47.0570836961715
ilnur-zakarin,19.16,32,41,326,Russia,Asia,Asia,1989,42,42,36,51,45,36,36,51,42,34.832326336308014
rein-taaramae,19.66,73,77,585,Estonia,Europe,Northern Europe,1987,78,85,67,86,53,66,69,90,72,46.47387619385157
alexis-gougeard,22.6,110,104,227,France,Europe,Western Europe,1993,106,102,94,112,20,92,96,114,,41.911372393899455
benoit-cosnefroy,20.06,94,88,177,France,Europe,Western Europe,1995,92,18,77,102,48,86,76,96,17,45.85001284026529
carlos-verona,19.66,69,75,466,Spain,Europe,Southern Europe,1992,78,72,71,83,53,64,73,86,66,43.20833160052533
marc-soler,19.66,46,58,333,Spain,Europe,Southern Europe,1993,59,43,47,71,79,54,47,70,34,44.74532114362545
nicolas-roche,22.09,37,49,746,Ireland,Europe,Northern Europe,1984,49,32,59,44,,55,57,41,54,38.67937122303478
stephen-cummings,20.22,119,108,426,Great Britain,Europe,Northern Europe,1981,111,104,100,118,,90,99,124,74,51.09897717276475
bauke-mollema,18.9,30,42,711,Netherlands,Europe,Western Europe,1986,43,45,40,43,43,41,39,46,37,37.77764514173668
michael-hepburn,22.26,112,103,326,Australia,Oceania,Oceania,1991,105,94,105,105,88,95,108,102,88,45.94360547866724
luke-durbridge,22.31,100,95,390,Australia,Oceania,Oceania,1991,98,105,82,106,60,66,93,111,50,43.37941053299328
christopher-juul-jensen,21.8,106,105,454,Denmark,Europe,Northern Europe,1989,109,92,102,114,73,92,102,118,85,40.155241159239964
tim-wellens,21.43,60,66,340,Belgium,Europe,Western Europe,1991,70,53,56,91,36,45,64,90,64,47.694087341913786
yoann-offredo,19.32,76,77,169,France,Europe,Western Europe,1986,80,54,58,99,31,56,72,96,25,46.34247549733603
patrick-konrad,19.54,40,49,405,Austria,Europe,Western Europe,1991,51,39,39,63,47,51,37,67,26,39.09718427036246
tony-gallopin,21.06,48,57,533,France,Europe,Western Europe,1988,59,44,51,63,64,45,54,64,43,43.23780033409867
michal-kwiatkowski,21.95,39,57,459,Poland,Europe,Eastern Europe,1990,59,47,45,66,63,36,58,66,52,51.439008280765265
thomas-scully,24.05,124,114,184,New Zealand,Oceania,Oceania,1990,117,117,104,122,124,108,101,127,79,39.35334386753766
oliver-naesen,21.86,53,56,303,Belgium,Europe,Western Europe,1990,59,28,38,69,15,36,56,68,26,37.385131335023345
jan-tratnik,21.72,90,84,227,Slovenia,Europe,Southern Europe,1990,86,64,83,93,104,86,85,86,65,47.019514494355036
mads-wurtz-schmidt,22.6,84,83,142,Denmark,Europe,Northern Europe,1994,85,,86,87,51,81,78,96,,44.51190637582118
angel-luis-casero,21.27,38,49,305,Spain,Europe,Southern Europe,1972,52,39,87,48,,98,36,48,41,39.367580103991344
andrea-peron-1,20.9,62,66,546,Italy,Europe,Southern Europe,1971,70,58,71,65,26,73,65,67,37,40.77896011091084
abraham-olano-manzano,21.37,24,29,394,Spain,Europe,Southern Europe,1970,32,26,31,30,,44,19,31,8,24.866854341483307
george-hincapie,22.75,38,44,603,United States,America,America,1973,46,50,31,49,36,33,30,55,36,32.89401093906208
santos-gonzalez,21.85,52,58,301,Spain,Europe,Southern Europe,1973,60,55,84,51,,102,61,55,,40.59328973672933
alvaro-gonzalez,22.942290088915897,76,78,286,Spain,Europe,Southern Europe,1970,82,66,84,82,,78,70,82,,45.36280876543781
paolo-savoldelli,22.22,31,41,469,Italy,Europe,Southern Europe,1973,44,106,31,52,,44,28,76,,36.14274688089796
manuel-beltran,18.94,37,42,606,Spain,Europe,Southern Europe,1971,44,29,49,47,,70,44,40,34,29.885971410156845
sergei-ivanov,22.53,57,63,430,Russia,Asia,Asia,1975,68,61,57,70,46,67,50,75,38,45.793761309113
david-etxebarria,20.45,51,58,383,Spain,Europe,Southern Europe,1973,61,65,36,68,,49,39,71,,44.02132807634542
jose-luis-rubiera,21.3,53,60,570,Spain,Europe,Southern Europe,1973,63,59,60,62,,60,56,65,34,39.54428566534503
andrei-tchmil,24.21,17,37,298,Belgium,Europe,Western Europe,1963,45,55,21,52,12,23,31,57,27,41.2050397153783
frankie-andreu,21.79,86,82,271,United States,America,America,1966,88,111,54,87,46,57,61,92,,48.63290768876327
georg-totschnig,20.24,40,49,403,Austria,Europe,Western Europe,1971,52,70,53,41,49,89,32,57,65,37.19683415882768
mario-cipollini,21.56,20,47,373,Italy,Europe,Southern Europe,1967,57,80,53,32,5,50,48,42,0,53.06683811807289
alex-zulle,21.04,35,44,547,Switzerland,Europe,Western Europe,1968,49,51,37,45,,42,35,51,20,39.099803033225236
hernan-buenahora,18.072691184379092,66,68,292,Colombia,America,America,1967,75,89,63,69,,117,51,91,,46.09463769214647
luis-perez-rodriguez,20.68,51,61,356,Spain,Europe,Southern Europe,1974,62,46,86,57,,99,59,53,77,43.00043565327287
jacky-durand,21.97,106,94,307,France,Europe,Western Europe,1967,103,102,88,95,78,85,71,106,30,56.09559730990558
stefano-garzelli,20.24,30,37,549,Italy,Europe,Southern Europe,1973,38,27,34,42,,34,34,47,36,32.32952742264402
unai-etxebarria-arana,20.76,82,84,326,Venezuela,America,America,1972,88,74,96,79,,83,80,87,,46.15395538763225
didier-rous,21.13,51,58,384,France,Europe,Western Europe,1970,62,98,49,59,51,46,43,70,,38.514819378240205
roberto-laiseka-jaio,18.61,77,80,353,Spain,Europe,Southern Europe,1969,84,74,99,80,,145,68,82,62,50.31044446408298
marco-pinotti,21.63,63,69,419,Italy,Europe,Southern Europe,1976,71,96,60,85,,72,60,97,56,44.94815516286281
juan-carlos-vicario-barbera,21.369868101145247,50,59,166,Spain,Europe,Southern Europe,1971,62,61,95,48,,,50,61,,36.23907321059961
andres-bermejo-siller,22.055984252454703,102,99,64,Spain,Europe,Southern Europe,1974,103,103,83,100,,,71,112,,39.962271393410994
dylan-casey,22.246252951706218,116,118,23,United States,America,America,1971,121,132,,99,,,99,132,120,39.70787598222502
giuseppe-di-grande,19.38,32,41,217,Italy,Europe,Southern Europe,1973,45,78,38,34,,34,36,70,,32.029169239902664
orlando-sergio-rodrigues,21.46,54,57,227,Portugal,Europe,Southern Europe,1969,62,55,64,53,,87,54,60,,35.199949585484205
pedro-horrillo,22.45,84,80,407,Spain,Europe,Southern Europe,1974,82,87,82,68,40,78,79,81,60,43.22757027601318
fernando-escartin,20.15,36,42,438,Spain,Europe,Southern Europe,1968,46,32,41,48,,55,31,45,35,32.18962388625859
bart-voskamp,20.78,98,94,235,Netherlands,Europe,Western Europe,1968,100,103,91,94,36,73,84,105,32,45.723116499569116
roberto-conti,20.891218730898114,91,88,382,Italy,Europe,Southern Europe,1964,96,64,97,85,,83,83,93,44,51.92395178833606
matteo-frutti,22.034337049133633,89,86,73,Italy,Europe,Southern Europe,1975,89,112,91,82,,152,74,102,,47.61665160312572
tobias-steinhauser,20.37,71,75,137,Germany,Europe,Western Europe,1972,78,4,65,81,,48,68,95,4,40.47297652892861
michele-coppolillo,21.45887040638576,101,91,145,Italy,Europe,Southern Europe,1967,102,47,88,103,,66,91,161,47,50.88399868169835
jose-luis-rebollo,20.62,60,64,144,Spain,Europe,Southern Europe,1972,66,62,65,67,,58,46,69,,34.94762912236368
jose-alberto-martinez,21.63,40,53,149,Spain,Europe,Southern Europe,1975,55,61,48,36,,50,38,60,,37.684721290672556
angel-edo,21.63,54,57,341,Spain,Europe,Southern Europe,1970,60,58,51,66,,43,51,64,29,48.858130743986166
roberto-heras,19.94,33,42,413,Spain,Europe,Southern Europe,1974,44,28,55,52,,59,41,42,51,35.1575320253197
mariano-piccoli,21.38,55,61,477,Italy,Europe,Southern Europe,1970,65,77,51,57,,58,48,77,,45.00653733244386
gianni-faresin,21.232922425206283,42,50,394,Italy,Europe,Southern Europe,1965,55,41,53,52,,116,47,55,30,34.797618581190264
luca-scinto,21.131427922371625,97,94,129,Italy,Europe,Southern Europe,1968,103,46,93,101,,97,86,128,46,43.520833913151584
paolo-lanfranchi,19.259203652765365,56,61,354,Italy,Europe,Southern Europe,1968,65,54,58,67,,56,57,70,15,40.048830648175354
marcos-antonio-serrano,20.81,50,58,485,Spain,Europe,Southern Europe,1972,62,46,61,68,,66,56,58,40,40.16081246651417
francesco-frattini,20.52,76,80,129,Italy,Europe,Southern Europe,1967,94,,62,90,,82,58,102,,51.20624313733932
andrea-tafi,20.88,50,55,321,Italy,Europe,Southern Europe,1966,60,42,63,53,,75,48,54,19,34.516083038458426
gines-salmeron,20.61756744642423,106,99,70,Spain,Europe,Southern Europe,1972,105,128,105,89,,,88,121,,40.99549033422178
jon-odriozola,21.6,63,65,306,Spain,Europe,Southern Europe,1970,68,65,78,61,,89,57,66,,36.54274330546174
peter-van-petegem,22.6,54,65,251,Belgium,Europe,Western Europe,1970,76,83,45,97,32,51,43,105,22,55.306549398552264
julian-dean,22.72,104,96,434,New Zealand,Oceania,Oceania,1975,98,108,94,92,,92,87,103,42,54.73447814180135
marty-jemison,21.91,66,65,84,United States,America,America,1965,70,80,55,69,17,59,54,78,67,30.910070269443942
dariusz-baranowski,20.31,59,64,341,Poland,Europe,Eastern Europe,1972,67,67,57,70,,60,57,73,54,35.01245373447194
sergio-barbero,20.30816235049544,84,87,302,Italy,Europe,Southern Europe,1969,91,45,86,91,,85,82,121,45,39.33582505752702
fabien-de-waele,20.24,52,62,99,Belgium,Europe,Western Europe,1975,69,,54,68,28,55,43,89,,48.64663772329055
joseba-beloki,21.46,52,62,250,Spain,Europe,Southern Europe,1973,66,55,86,56,,106,69,58,54,49.78566365150597
pavel-padrnos,22.44,73,74,428,Czech Republic,Europe,Eastern Europe,1970,77,91,70,77,,85,63,92,92,35.33193111974486
francisco-cerezo,20.22531856325827,79,81,287,Spain,Europe,Southern Europe,1971,83,75,97,74,,114,77,79,50,38.195335167616406
ramon-gonzalez-arrieta,22.464009647006264,78,82,213,Spain,Europe,Southern Europe,1967,88,82,91,79,100,134,62,89,34,46.91477724401002
andreas-kloden,18.81,38,54,508,Germany,Europe,Western Europe,1975,56,89,46,49,,48,48,59,37,46.675452292204795
jose-maria-jimenez,20.02,55,65,257,Spain,Europe,Southern Europe,1971,71,50,72,79,,145,52,67,12,50.094136820333766
danilo-hondo,21.56,74,70,463,Germany,Europe,Western Europe,1974,72,68,72,69,,67,72,71,42,47.71161957421193
fabian-jeker,22.98,52,62,409,Switzerland,Europe,Western Europe,1968,68,64,58,61,60,59,46,73,35,40.581892507873384
jan-svorada-1,23.89,56,62,373,Czech Republic,Europe,Eastern Europe,1968,71,73,57,63,,57,54,71,10,57.39282174935863
jaime-javier-hernandez,22.34,80,82,193,Spain,Europe,Southern Europe,1972,85,92,77,74,56,78,60,91,,35.02107140813088
miguel-van-kessel,21.173887442881064,98,99,75,Netherlands,Europe,Western Europe,1975,102,75,114,87,,,107,82,,32.87186151223078
pascal-herve,21.71,52,61,286,France,Europe,Western Europe,1964,66,62,51,65,88,66,47,69,25,41.840252279748825
manuel-sanroma,20.165805431266968,42,42,2,Spain,Europe,Southern Europe,1977,42,,,42,,,42,,,36.062445840513924
erik-zabel,21.78,26,41,710,Germany,Europe,Western Europe,1970,43,46,31,43,7,24,45,44,15,40.78406262742084
thierry-marichal,22.47,106,105,340,Belgium,Europe,Western Europe,1973,111,91,105,109,61,93,103,113,99,41.087852956724824
manu-lhoir,23.307286031065573,63,69,13,Belgium,Europe,Western Europe,1975,71,,,69,,,69,,,25.131194223055203
javier-pascual-rodriguez,21.51975513870439,70,73,233,Spain,Europe,Southern Europe,1971,77,70,56,82,,34,70,80,,42.933449417454916
chris-peers,21.56,55,58,173,Belgium,Europe,Western Europe,1970,62,63,46,76,40,43,60,74,23,38.30073142502495
massimiliano-mori,25.43,95,88,289,Italy,Europe,Southern Europe,1974,91,90,95,82,,86,88,89,,45.977378501933245
jose-angel-vidal,24.0,95,96,271,Spain,Europe,Southern Europe,1969,99,99,106,93,,162,91,98,,32.05605057661428
eleuterio-anguita,22.101252474177564,58,64,201,Spain,Europe,Southern Europe,1969,66,60,76,66,,144,61,63,,37.64758685520096
jose-javier-gomez,20.289748362972016,85,90,149,Spain,Europe,Southern Europe,1974,93,80,86,99,,88,80,100,,42.04420229342109
marcello-siboni,20.971315000519,67,74,221,Italy,Europe,Southern Europe,1965,80,13,71,76,,66,69,82,13,40.07112352247892
marco-fincato,21.557827404680033,51,57,133,Italy,Europe,Southern Europe,1970,62,29,66,53,,126,50,63,29,38.845377040059354
prudencio-indurain,20.967627975685673,66,72,128,Spain,Europe,Southern Europe,1968,74,45,65,83,,151,63,74,,39.44580950244459
jose-miguel-elizburu,20.579139493425842,93,89,5,Spain,Europe,Southern Europe,1976,88,,,89,,,96,64,,16.991174179555692
giuseppe-calcaterra,20.41560251241916,119,105,280,Italy,Europe,Southern Europe,1964,117,125,97,109,,70,98,128,20,51.226113287459974
benoit-joachim,23.2,86,88,337,Luxembourg,Europe,Western Europe,1976,92,87,91,85,50,89,79,96,79,40.695557606824096
jose-ramon-uriarte,21.87049903893609,67,71,215,Spain,Europe,Southern Europe,1967,74,68,57,79,14,64,58,75,74,36.872459445966385
christophe-detilloux,21.45,88,85,95,Belgium,Europe,Western Europe,1974,91,150,91,58,15,92,78,121,,50.36308927655415
rinaldo-nocentini,20.05,59,66,571,Italy,Europe,Southern Europe,1977,68,68,61,75,,40,69,76,19,46.00138840595077
udo-bolts,22.78,54,60,430,Germany,Europe,Western Europe,1966,68,18,49,66,,67,39,73,18,39.58277936404251
angel-castresana,19.55861451304797,46,57,130,Spain,Europe,Southern Europe,1972,60,57,44,66,,55,42,69,,36.83863910282411
eladio-jimenez,22.26351759743407,72,74,191,Spain,Europe,Southern Europe,1976,77,70,77,75,,130,60,81,,43.86286088359844
dmitri-konychev,22.26,54,61,414,Russia,Asia,Asia,1966,71,29,63,64,,52,62,66,11,50.01921517291499
franz-hotz,20.50676599218536,70,80,78,Switzerland,Europe,Western Europe,1968,85,90,94,60,,129,64,92,40,43.38385269496791
jeroen-blijlevens,23.66,106,87,246,Netherlands,Europe,Western Europe,1971,89,95,72,92,,34,72,98,,59.44210303932877
peter-meinert-nielsen,20.22,80,80,197,Denmark,Europe,Northern Europe,1966,88,80,66,91,,82,61,92,46,42.896521671717935
christian-henn,22.992045520980927,75,72,160,Germany,Europe,Western Europe,1964,83,52,52,82,,63,52,85,52,40.897448060504146
franco-ballerini,22.79,50,57,192,Italy,Europe,Southern Europe,1964,68,74,34,81,18,46,36,85,25,43.547768387651075
valentino-china,20.79883122711216,102,107,16,Italy,Europe,Southern Europe,1977,108,,119,98,,104,108,,,18.0129582985879
massimiliano-napolitano,19.50853197937591,76,85,46,Italy,Europe,Southern Europe,1973,87,,64,96,,56,75,104,,42.42493228311688
pieter-vries,23.762248285522713,103,100,65,Netherlands,Europe,Western Europe,1975,104,31,104,91,,40,104,,31,33.270150053995614
hendrik-van-dyck,22.696808478863826,86,80,49,Belgium,Europe,Western Europe,1974,95,,77,101,40,36,98,,,52.74150800523878
pedro-diaz-lobato,21.785005471243977,86,89,96,Spain,Europe,Southern Europe,1973,91,88,118,82,,,98,88,,51.275228065391325
mario-scirea,21.48,97,95,437,Italy,Europe,Southern Europe,1964,100,101,88,106,54,92,84,116,28,42.18898706043615
juan-jose-de-los-angeles,21.55,80,87,178,Spain,Europe,Southern Europe,1973,91,97,72,97,,72,72,105,,41.577637380832854
serhiy-ushakov,22.78,84,81,254,Ukraine,Europe,Eastern Europe,1968,87,87,75,82,,68,73,88,,46.1863784425645
jo-planckaert,21.6,38,57,114,Belgium,Europe,Western Europe,1970,69,94,38,100,16,36,57,118,92,55.471577138265076
rolf-huser,21.22,64,70,192,Switzerland,Europe,Western Europe,1971,73,84,54,68,,55,58,84,79,38.054632798691955
nacor-burgos,20.07,66,73,192,Spain,Europe,Southern Europe,1977,76,78,64,66,,,54,79,,39.75791949986964
elio-aggiano,20.57,107,97,215,Italy,Europe,Southern Europe,1972,101,108,99,78,,70,103,97,,52.000576794487145
dario-andriotto,21.71,120,116,336,Italy,Europe,Southern Europe,1972,119,124,115,109,145,130,111,126,,40.202886206665895
jan-schaffrath,21.16,94,94,216,Germany,Europe,Western Europe,1971,99,110,81,101,26,71,89,113,86,36.29862475832096
david-tani,18.810928303573053,94,92,70,Italy,Europe,Southern Europe,1969,93,,94,87,,75,93,64,,26.609206987062418
jeremy-hunt,23.2,116,109,148,Great Britain,Europe,Northern Europe,1974,117,107,110,111,83,94,117,116,,52.06868678045375
cesar-perez-padron,20.156954167535716,110,102,51,Spain,Europe,Southern Europe,1973,103,102,136,88,,,109,101,,35.80635281567761
rafael-diaz,20.45,73,73,189,Spain,Europe,Southern Europe,1972,75,69,83,72,,89,65,72,,31.729680101555815
gian-matteo-fagnini,22.09,77,76,296,Italy,Europe,Southern Europe,1970,82,,77,76,,79,66,90,,50.56777222424689
gianluca-pianegonda,22.585577455482635,72,70,66,Italy,Europe,Southern Europe,1968,93,9,76,105,9,50,102,9,,53.924485315579204
ibon-ajuria,20.992498705457752,37,52,30,Spain,Europe,Southern Europe,1971,53,43,,78,,,75,45,,37.0720950296184
frank-hoj-christensen,23.12,103,96,305,Denmark,Europe,Northern Europe,1973,102,95,97,95,54,96,100,90,40,47.186850921773946
marcel-wust,21.64645227971903,66,64,169,Germany,Europe,Western Europe,1967,73,60,73,61,,71,72,59,,57.62794028306028
bob-jungels,19.6,38,47,429,Luxembourg,Europe,Western Europe,1992,47,68,40,51,57,43,40,57,72,34.21022266983523
thibaut-pinot,19.44,34,43,568,France,Europe,Western Europe,1990,45,29,41,47,,48,35,48,29,37.223317667761684
tadej-pogacar,21.31,8,14,166,Slovenia,Europe,Southern Europe,1998,15,17,11,15,15,13,12,16,1,18.71342264070195
jonas-vingegaard,18.94,22,38,168,Denmark,Europe,Northern Europe,1996,38,79,38,24,52,40,38,23,79,40.985755973964196
primoz-roglic,20.75,18,32,338,Slovenia,Europe,Southern Europe,1989,34,17,31,40,20,29,31,37,12,40.24534446745
thomas-pidcock,20.07,28,45,103,Great Britain,Europe,Northern Europe,1999,48,54,32,50,25,35,26,54,,42.560244979249106
rafal-majka,20.72,35,51,628,Poland,Europe,Eastern Europe,1989,52,34,43,65,45,56,37,58,26,44.76657232834824
neilson-powless,20.01,42,51,202,United States,America,America,1996,53,49,58,51,29,48,47,56,59,38.0758772059646
sepp-kuss,18.42,40,54,298,United States,America,America,1994,55,49,65,48,42,52,65,49,26,42.20191215734529
nick-schultz,20.99,68,72,246,Australia,Oceania,Oceania,1994,74,67,62,83,33,61,60,83,48,41.34418655712895
aurelien-paret-peintre,18.9,39,45,197,France,Europe,Western Europe,1996,46,46,39,50,48,35,45,53,41,28.12309687150858
valentin-madouas,22.16,39,47,191,France,Europe,Western Europe,1996,49,31,43,52,,46,51,43,44,32.806789281816926
brandon-mcnulty,20.6,34,46,182,United States,America,America,1998,47,41,33,60,35,28,47,62,24,38.176119035312965
aleksandr-vlasov,19.66,17,25,159,Russia,Asia,Asia,1996,25,33,25,19,28,33,18,26,25,24.75973069303703
michael-storer,20.81,88,88,214,Australia,Oceania,Oceania,1997,91,87,90,90,58,94,79,96,75,44.835071863354315
kobe-goossens,20.2,54,66,102,Belgium,Europe,Western Europe,1996,68,62,64,70,,40,69,82,40,39.24822691359443
franck-bonnamour,21.6,71,67,80,France,Europe,Western Europe,1995,67,73,58,68,99,60,71,64,89,39.11259307063214
chris-hamilton,22.09,81,84,307,Australia,Oceania,Oceania,1995,86,72,83,92,,82,85,90,60,42.750742970951386
guy-niv,20.55,111,108,109,Israel,Asia,Asia,1994,109,104,114,102,,105,113,102,93,36.8276329646522
matteo-jorgenson,19.11,41,57,118,United States,America,America,1999,60,55,56,58,17,25,66,63,54,46.05133292726505
ion-izagirre,20.05,36,49,595,Spain,Europe,Southern Europe,1989,52,41,43,60,22,39,43,60,67,43.36492961815701
kevin-geniets,19.6,59,70,137,Luxembourg,Europe,Western Europe,1997,72,60,73,71,17,72,57,77,63,41.11997965091979
benjamin-thomas-2,21.22,83,79,137,France,Europe,Western Europe,1995,80,99,67,77,,70,73,84,136,47.305328639034514
wout-van-aert,21.61,8,26,156,Belgium,Europe,Western Europe,1994,27,4,19,31,14,21,20,33,4,34.938042762762755
simone-velasco,20.42,52,59,134,Italy,Europe,Southern Europe,1995,61,65,61,55,32,64,57,55,55,34.2215841524835
lukasz-owsian,20.37,81,84,216,Poland,Europe,Eastern Europe,1990,85,78,88,78,69,84,86,77,78,25.78114967811242
sebastian-schonberger,19.54,64,68,64,Austria,Europe,Western Europe,1994,70,48,80,65,73,80,70,61,61,31.567635720782132
felix-grossschartner,19.11,42,55,293,Austria,Europe,Western Europe,1993,56,36,58,57,,44,62,58,21,41.063363789576314
matis-louvel,20.88,76,72,92,France,Europe,Western Europe,1999,74,38,74,74,55,78,50,79,,40.08049712020511
martijn-tusveld,19.81,67,72,228,Netherlands,Europe,Western Europe,1993,72,59,81,72,,81,78,70,44,36.78608135892043
andreas-leknessund,20.81,41,45,118,Norway,Europe,Northern Europe,1999,46,68,43,44,51,49,38,57,72,29.2970964590355
daniel-felipe-martinez,21.3,52,61,245,Colombia,America,America,1996,66,64,62,60,56,59,58,67,57,48.15454343599997
owain-doull,21.67,82,77,139,Great Britain,Europe,Northern Europe,1993,79,81,67,87,15,50,82,87,100,34.577516240181374
andreas-kron,20.11,68,72,88,Denmark,Europe,Northern Europe,1998,75,63,61,77,78,60,52,92,40,50.4895560654116
georg-zimmermann,21.37,64,69,140,Germany,Europe,Western Europe,1997,71,51,70,75,,68,78,71,43,38.904459753282254
stan-dewulf,23.89,75,75,149,Belgium,Europe,Western Europe,1997,77,75,65,81,42,62,66,85,76,35.250248123161086
maximilian-schachmann,20.9,28,44,180,Germany,Europe,Western Europe,1994,46,63,35,55,50,40,30,69,82,41.1625967725581
adrien-petit,22.63,114,104,237,France,Europe,Western Europe,1990,107,106,81,118,51,88,79,117,75,49.90099545163695
quinn-simmons,21.04,100,95,95,United States,America,America,2001,98,90,77,105,,77,53,116,,49.24589898285276
filippo-ganna,22.28,92,83,166,Italy,Europe,Southern Europe,1996,84,82,83,92,60,81,78,103,70,51.82627938369886
christophe-laporte,20.83,83,76,258,France,Europe,Western Europe,1992,79,40,44,89,35,45,75,89,43,55.45434724926475
jonas-rutsch,21.13,76,77,86,Germany,Europe,Western Europe,1998,79,50,80,78,28,80,76,77,50,39.15540610992789
antoine-duchesne,20.78,98,96,232,Canada,America,America,1991,100,98,90,104,70,87,92,106,,35.70635383631633
edward-planckaert,22.41,108,107,68,Belgium,Europe,Western Europe,1995,109,103,98,113,101,99,98,112,,30.302716203443033
alfred-wright,22.15,68,65,162,Great Britain,Europe,Northern Europe,1999,67,67,53,68,75,58,59,69,75,43.89522322400042
cyril-barthe,20.68,68,73,89,France,Europe,Western Europe,1996,74,76,79,70,30,78,73,71,65,40.448964679160014
jasper-philipsen,24.21,81,68,141,Belgium,Europe,Western Europe,1998,69,72,56,73,47,53,76,73,71,55.77799114208039
alexander-krieger,20.97,118,108,97,Germany,Europe,Western Europe,1991,109,85,115,101,,,115,99,,44.56114037991805
ben-o-connor,18.96,36,45,268,Australia,Oceania,Oceania,1995,46,44,46,45,,50,40,46,55,34.34923605974503
nathan-van-hooydonck,21.16,85,83,161,Belgium,Europe,Western Europe,1995,86,88,68,92,46,72,65,94,34,37.50746199050189
krists-neilands,19.32,73,74,175,Latvia,Europe,Northern Europe,1994,75,57,78,68,,63,83,70,36,38.93481141895881
nils-eekhoff,20.35,104,95,88,Netherlands,Europe,Western Europe,1998,96,51,82,102,80,82,60,106,51,43.6473096957666
guillaume-van-keirsbulck,24.14,96,91,152,Belgium,Europe,Western Europe,1991,95,100,65,103,54,68,79,106,78,42.09704923802407
connor-swift,20.78,77,77,100,Great Britain,Europe,Northern Europe,1995,79,69,72,83,72,70,80,85,52,33.09566177435992
john-degenkolb,25.31,90,81,513,Germany,Europe,Western Europe,1989,83,89,48,93,33,48,72,96,30,57.74768414985188
danny-van-poppel,24.22,93,84,257,Netherlands,Europe,Western Europe,1993,86,89,72,93,46,62,83,93,107,53.58682219889035
luke-rowe,21.04,119,114,363,Great Britain,Europe,Northern Europe,1990,117,116,98,123,76,100,104,128,58,41.19592746468405
amaury-capiot,19.94,57,64,41,Belgium,Europe,Western Europe,1993,67,19,64,75,34,44,95,75,19,44.36598070484231
mathieu-van-der-poel,22.15,25,41,114,Netherlands,Europe,Western Europe,1995,43,25,37,51,0,30,37,53,2,41.38311373202903
florian-vermeersch,22.82,96,85,97,Belgium,Europe,Western Europe,1999,87,80,70,91,51,75,59,92,1,45.46297490957742
mathieu-burgaudeau,21.61,70,74,92,France,Europe,Western Europe,1998,77,53,74,75,,80,60,82,54,46.85337524765391
stefan-bissegger,23.81,79,71,109,Switzerland,Europe,Western Europe,1998,72,61,68,78,48,63,68,83,61,42.4340667034102
alexandr-riabushenko,19.25,98,93,114,Belarus,Europe,Eastern Europe,1995,95,102,91,89,,89,90,98,99,36.066018964614145
jeremy-lecroq,19.6,117,107,40,France,Europe,Western Europe,1995,108,70,104,110,114,107,71,110,70,40.24001707702141
philippe-gilbert,23.67,43,51,836,Belgium,Europe,Western Europe,1982,53,47,43,61,17,44,45,60,24,40.60538200204168
jakob-fuglsang,19.84,31,42,687,Denmark,Europe,Northern Europe,1985,44,41,40,43,41,46,29,52,22,36.45363210836446
mads-pedersen,21.6,94,81,201,Denmark,Europe,Northern Europe,1995,84,71,80,85,76,55,103,80,58,61.03932954451401
mikkel-bjerg,21.61,92,87,154,Denmark,Europe,Northern Europe,1998,90,82,73,101,64,77,56,110,77,50.6908327134026
luca-mozzato,21.15,112,89,76,Italy,Europe,Southern Europe,1998,91,19,78,95,25,68,96,93,19,55.311993877157114
alberto-dainese,23.12,102,88,128,Italy,Europe,Southern Europe,1998,89,100,90,86,73,79,92,90,,55.96246061451816
kamil-gradek,21.52,115,107,99,Poland,Europe,Eastern Europe,1990,108,92,119,110,88,108,111,116,92,34.3489256162627
olivier-le-gac,21.6,98,97,324,France,Europe,Western Europe,1993,99,88,93,104,73,84,100,104,74,37.535649708569764
maciej-bodnar,22.26,115,104,535,Poland,Europe,Eastern Europe,1985,106,110,97,108,68,91,100,114,91,45.476534166409174
luka-mezgec,21.5,96,92,387,Slovenia,Europe,Southern Europe,1988,94,110,91,96,59,75,96,102,22,54.29059967580218
taco-van-der-hoorn,20.88,122,111,100,Netherlands,Europe,Western Europe,1993,114,39,109,118,64,108,110,122,39,41.89716125481679
jack-bauer,20.28,92,92,327,New Zealand,Oceania,Oceania,1985,94,78,85,102,56,73,99,101,66,45.94234626276668
hugo-hofstetter,22.49,96,83,73,France,Europe,Western Europe,1994,83,,75,89,141,78,94,81,,50.43977827941666
victor-lafay,20.75,105,95,101,France,Europe,Western Europe,1996,96,93,84,106,,79,83,112,95,48.97605193731256
cyril-lemoine,22.04,109,101,385,France,Europe,Western Europe,1983,103,99,90,109,77,89,94,110,56,46.80706260071614
marc-hirschi,20.15,59,66,133,Switzerland,Europe,Western Europe,1998,70,33,42,87,,56,54,89,39,48.58825734088446
florian-senechal,24.03,92,87,253,France,Europe,Western Europe,1993,91,68,73,110,25,60,88,105,40,49.90781482444257
andrea-bagioli,19.37,62,66,104,Italy,Europe,Southern Europe,1999,68,58,47,78,,62,37,84,59,47.446994913934816
mikkel-honore,19.87,64,69,155,Denmark,Europe,Northern Europe,1997,70,35,77,75,70,81,68,85,36,44.12684709186638
fabio-jakobsen,23.81,132,105,97,Netherlands,Europe,Western Europe,1996,104,112,88,108,,83,124,108,,60.29739619562779
albert-torres,21.6,122,109,157,Spain,Europe,Southern Europe,1990,112,99,119,119,81,94,122,120,99,42.56164890145255
max-walscheid,22.73,118,97,156,Germany,Europe,Western Europe,1993,100,102,97,107,61,88,88,110,20,55.39516361734022
guillaume-boivin,23.55,104,96,226,Canada,America,America,1989,98,80,97,99,89,92,97,97,8,42.3784376352076
brent-van-moer,21.66,81,81,111,Belgium,Europe,Western Europe,1998,83,86,70,85,39,71,72,92,85,36.10741096984283
franco-pellizotti,20.9,46,55,565,Italy,Europe,Southern Europe,1978,56,64,43,78,,55,44,76,35,42.51799837454656
wilco-kelderman,18.99,25,34,534,Netherlands,Europe,Western Europe,1991,34,26,29,43,17,26,31,41,22,30.616061128923295
richard-carapaz,21.45,27,37,272,Ecuador,America,America,1993,37,36,31,44,,37,29,50,14,34.54763323946298
mikel-nieve,20.72,41,53,641,Spain,Europe,Southern Europe,1984,54,35,62,51,,72,56,46,27,39.72671292680531
miguel-angel-lopez,21.94,27,35,261,Colombia,America,America,1994,36,20,42,36,,53,34,30,64,31.1958465650778
diego-rosa,20.52,50,59,277,Italy,Europe,Southern Europe,1989,60,46,61,58,,71,56,58,28,38.88129113593883
pawel-poljanski,19.02,69,75,307,Poland,Europe,Eastern Europe,1990,77,71,70,91,,70,68,86,76,38.37037040462025
jan-polanc,20.96,47,54,346,Slovenia,Europe,Southern Europe,1992,55,50,56,52,49,67,50,54,52,35.31902273340233
stefan-denifl,20.29,78,84,196,Austria,Europe,Western Europe,1987,86,84,80,90,,65,89,89,45,46.0654608964039
antwan-tolhoek,19.25,76,78,198,Netherlands,Europe,Western Europe,1994,80,72,86,72,112,97,77,65,96,40.445705571982614
tomasz-marczynski,21.6,83,82,295,Poland,Europe,Eastern Europe,1984,82,78,90,75,,91,86,68,101,35.432315470370206
hector-saez,21.91,105,99,78,Spain,Europe,Southern Europe,1993,100,89,112,115,,112,,96,112,43.00761767588596
ricardo-vilela,20.42,77,80,116,Portugal,Europe,Southern Europe,1987,81,85,83,72,48,79,82,78,89,34.849950365527924
jeremy-maison,18.83,95,94,62,France,Europe,Western Europe,1993,96,72,102,97,,102,92,91,66,39.034229510854715
peter-stetina,19.44,63,69,349,United States,America,America,1987,70,55,69,72,,74,68,67,22,34.5433165838763
hernan-aguirre,18.81,72,81,31,Colombia,America,America,1995,82,60,104,77,,104,,69,,43.931422609256785
fran-ventoso,23.15,82,80,458,Spain,Europe,Southern Europe,1982,81,77,74,92,95,69,80,85,112,45.979405866212815
antonio-pedrero,19.15,78,83,253,Spain,Europe,Southern Europe,1991,86,58,93,88,64,93,87,84,46,46.990485038685236
giovanni-visconti,20.57,59,66,526,Italy,Europe,Southern Europe,1983,68,57,67,69,82,62,69,65,59,45.6260131131953
bernardo-suaza,21.8,62,69,24,Colombia,America,America,1992,68,58,101,66,,,101,63,,30.460921746119055
soren-kragh-andersen,23.04,56,65,202,Denmark,Europe,Northern Europe,1994,68,34,44,79,49,44,58,84,23,46.10951512278012
aldemar-reyes-ortega,19.03,63,63,39,Colombia,America,America,1995,64,71,62,58,,69,47,64,,35.67645885733602
loic-vliegen,20.68,95,90,107,Belgium,Europe,Western Europe,1993,93,78,89,103,50,78,96,95,23,43.217844104274064
floris-de-tier,20.28,76,82,137,Belgium,Europe,Western Europe,1992,85,71,65,103,48,64,80,89,56,44.787878466560834
lasse-norman-leth,22.89,114,112,44,Denmark,Europe,Northern Europe,1992,114,104,95,128,95,96,103,127,,40.41952304953384
igor-anton,21.38,56,66,635,Spain,Europe,Southern Europe,1983,67,49,74,64,,72,71,58,18,46.03173917473523
jetse-bol,20.97,95,95,197,Netherlands,Europe,Western Europe,1989,96,86,117,86,53,91,139,87,75,44.07232267560899
jarlinson-pantano,20.38,50,60,254,Colombia,America,America,1988,61,59,60,61,,49,65,63,55,44.465070677423434
daan-olivier,18.11,60,68,53,Netherlands,Europe,Western Europe,1992,69,77,70,60,,99,58,71,86,37.173454876565984
peter-koning,21.33,136,125,28,Netherlands,Europe,Western Europe,1990,128,116,,132,57,57,112,134,,46.43223428774864
daniel-navarro,19.82,66,74,719,Spain,Europe,Southern Europe,1983,76,67,69,80,72,69,63,83,78,46.9420899324071
hernando-bohorquez,21.46,79,85,39,Colombia,America,America,1992,86,101,94,82,58,78,75,94,,32.271432322249886
przemyslaw-niemiec,18.31,66,68,330,Poland,Europe,Eastern Europe,1980,68,60,68,71,,65,71,65,40,39.86097928684368
fabricio-ferrari,20.43,94,95,79,Uruguay,America,America,1985,97,95,94,98,,93,94,96,,33.615429178734225
sergei-chernetski,20.34,71,74,243,Russia,Asia,Asia,1990,78,88,71,73,42,56,70,94,14,42.80897141013659
diego-rubio,22.2,126,117,100,Spain,Europe,Southern Europe,1991,118,118,98,126,,97,105,122,,37.673604885257596
stef-clement,20.15,64,72,527,Netherlands,Europe,Western Europe,1982,73,60,74,72,,87,61,78,78,42.48679286110175
mark-christian,21.04,112,104,69,Great Britain,Europe,Northern Europe,1990,106,104,107,101,,102,94,126,60,38.41359143350331
lluis-guillermo-mas,21.06,82,84,206,Spain,Europe,Southern Europe,1989,85,83,88,79,84,81,81,88,94,42.94730786282167
guillaume-bonnafond,20.09,82,87,253,France,Europe,Western Europe,1987,87,69,94,80,,92,94,69,21,39.63091452115758
daniel-hoelgaard,22.99,103,97,53,Norway,Europe,Northern Europe,1993,98,93,99,98,107,100,90,102,,40.9683317819819
eros-capecchi,19.41,75,81,564,Italy,Europe,Southern Europe,1986,81,76,83,78,67,77,83,76,83,45.66074111356049
bert-jan-lindeman,21.3,110,107,354,Netherlands,Europe,Western Europe,1989,108,113,106,108,66,93,106,114,,35.5144488332155
remy-mertz,22.86,106,107,88,Belgium,Europe,Western Europe,1995,109,100,101,123,104,114,92,133,92,32.18723794163441
rafael-reis,20.16,122,114,23,Portugal,Europe,Southern Europe,1992,115,110,111,119,,,111,115,,45.2406389766962
julien-duval,21.22,109,101,69,France,Europe,Western Europe,1990,102,103,86,110,,91,92,106,,39.190144602056435
arnaud-courteille,20.02,129,123,192,France,Europe,Western Europe,1989,125,125,125,120,,106,122,128,104,40.64753167622828
alessandro-de-marchi,19.84,94,93,508,Italy,Europe,Southern Europe,1986,96,87,90,102,61,82,92,102,36,50.54997639340103
federico-zurlo,22.09,131,127,57,Italy,Europe,Southern Europe,1994,129,115,122,134,,130,120,132,,36.88353783747597
juan-felipe-osorio,20.06,83,93,47,Colombia,America,America,1995,93,84,122,90,,128,117,80,92,38.642590088303535
sacha-modolo,20.68,102,89,302,Italy,Europe,Southern Europe,1987,90,110,88,100,44,77,90,113,,59.370070522203
domen-novak,21.37,113,107,164,Slovenia,Europe,Southern Europe,1995,109,107,104,117,,116,99,119,95,42.03581257843286
antonio-nibali,20.06,111,107,203,Italy,Europe,Southern Europe,1992,109,96,108,111,,111,105,120,78,35.045888633347005
edward-theuns,21.5,79,82,249,Belgium,Europe,Western Europe,1991,84,89,73,91,41,65,92,86,73,49.6727997197557
tim-declercq,21.61,105,102,207,Belgium,Europe,Western Europe,1989,105,91,92,111,50,87,100,112,52,38.21708473189707
markel-irizar,22.04,92,93,670,Spain,Europe,Southern Europe,1980,94,94,92,94,79,88,92,96,,35.60937572926217
william-clarke,21.97,130,122,98,Australia,Oceania,Oceania,1985,124,131,122,128,102,120,119,134,,36.68042254192264
brendan-canty,20.76,103,101,59,Australia,Oceania,Oceania,1992,104,116,90,104,,134,88,116,84,36.19431776153905
aaron-gate,21.67,116,104,31,New Zealand,Oceania,Oceania,1990,106,98,131,104,,,65,125,,53.4674255168308
tom-van-asbroeck,21.74,78,80,177,Belgium,Europe,Western Europe,1990,82,83,75,91,47,62,89,90,19,48.86221889703597
fernando-orjuela,21.26,136,128,20,Colombia,America,America,1991,128,131,,125,,,,128,,37.578374240064136
andreas-schillinger,20.37,131,124,187,Germany,Europe,Western Europe,1983,128,120,115,136,88,96,123,136,116,38.46282090279333
lachlan-morton,19.14,120,114,96,Australia,Oceania,Oceania,1992,115,111,125,110,107,105,123,103,111,32.54856021285465
conor-dunne,21.15,143,134,55,Ireland,Europe,Northern Europe,1992,136,143,115,160,,102,125,159,,37.17260676361954
ian-stannard,22.99,104,102,343,Great Britain,Europe,Northern Europe,1987,106,94,90,118,56,76,103,116,,47.67374016340532
maxim-belkov,20.97,117,113,253,Russia,Asia,Asia,1985,115,131,112,117,98,110,112,130,,41.30135015423097
laurens-de-vreese,21.61,74,75,104,Belgium,Europe,Western Europe,1988,79,105,63,96,54,62,72,110,76,42.23782641877448
juan-sebastian-molano,22.22,128,105,155,Colombia,America,America,1994,106,115,92,114,66,81,99,117,114,54.536403173032305
valerio-agnoli,22.72,86,86,381,Italy,Europe,Southern Europe,1985,86,106,85,80,,92,83,91,87,39.90617951421007
kenneth-van-bilsen,21.56,134,122,127,Belgium,Europe,Western Europe,1990,125,124,96,139,80,94,126,132,,43.99909243363012
juan-jose-lobato,21.38,130,110,185,Spain,Europe,Southern Europe,1988,112,116,97,120,,100,102,119,,55.96218874153026
michel-kreder,20.68,110,101,163,Netherlands,Europe,Western Europe,1987,103,119,67,118,119,62,99,120,,53.09250614627189
jay-mccarthy,20.81,64,69,223,Australia,Oceania,Oceania,1992,70,79,67,66,52,50,68,73,117,41.13551126749138
jesper-hansen-1,20.28,78,80,203,Denmark,Europe,Northern Europe,1990,82,81,73,87,70,73,76,90,75,40.96391801494042
bjorg-lambrecht,19.61,27,38,68,Belgium,Europe,Western Europe,1997,39,51,33,40,50,38,26,65,68,32.34033516082217
jhonatan-narvaez,21.47,71,73,153,Ecuador,America,America,1997,74,69,71,85,36,66,72,96,71,40.19306584648232
georg-preidler,18.84,49,54,305,Austria,Europe,Western Europe,1990,55,53,47,68,,50,47,72,81,32.006334980142405
ben-gastauer,20.22,78,81,423,Luxembourg,Europe,Western Europe,1987,83,76,84,79,139,83,82,80,73,32.74892818364725
steff-cras,19.41,46,51,152,Belgium,Europe,Western Europe,1996,52,62,49,50,49,54,44,57,51,29.170499590470094
robert-kiserlovski,22.22,46,55,392,Croatia,Europe,Southern Europe,1986,56,46,51,67,,54,49,66,,38.53295385516696
nathan-brown,19.41,81,86,245,United States,America,America,1991,88,78,84,94,,96,82,93,,37.19825314180232
james-knox,19.38,66,70,231,Great Britain,Europe,Northern Europe,1995,72,43,74,88,54,55,82,67,32,44.526330722523255
pablo-torres,20.97,118,115,34,Spain,Europe,Southern Europe,1987,117,115,102,137,,107,94,123,,35.988956515677756
jelle-vanendert,18.31,84,84,399,Belgium,Europe,Western Europe,1985,87,95,80,85,,91,81,86,22,52.095155391836165
wilmar-paredes,20.6,117,108,7,Colombia,America,America,1996,109,,108,,,108,,,,30.691242740436252
jan-hirt,18.92,72,80,316,Czech Republic,Europe,Eastern Europe,1991,82,83,78,86,68,89,70,97,90,47.590206531232376
mikel-bizkarra,19.47,66,73,143,Spain,Europe,Southern Europe,1989,75,58,72,89,,78,63,74,,44.736919902512646
garikoitz-bravo,20.15,100,94,72,Spain,Europe,Southern Europe,1989,95,111,85,118,,78,90,114,,39.09716638588173
brent-bookwalter,21.6,81,83,437,United States,America,America,1984,85,79,78,90,46,66,80,93,134,41.66617879475608
nathan-earle,21.6,100,95,30,Australia,Oceania,Oceania,1988,99,81,104,46,,107,97,73,66,31.123705715599872
robert-power,20.09,85,84,145,Australia,Oceania,Oceania,1995,86,76,86,92,70,91,81,97,67,39.81618444880552
enrico-gasparotto,21.47,67,68,526,Switzerland,Europe,Western Europe,1982,69,75,65,73,,50,70,75,94,45.129444619694326
jhojan-garcia,19.49,71,76,42,Colombia,America,America,1998,76,77,81,,41,68,93,,77,33.86072622505024
winner-anacona,20.29,73,76,339,Colombia,America,America,1988,78,76,76,76,,79,69,80,80,41.0705826568153
joaquim-silva,19.28,66,67,14,Portugal,Europe,Southern Europe,1992,72,,101,,32,67,,,,47.49002208677311
tao-geoghegan-hart,19.41,48,55,236,Great Britain,Europe,Northern Europe,1995,56,52,54,59,,50,52,66,32,39.94615628682688
sam-bennett,23.04,117,96,252,Ireland,Europe,Northern Europe,1990,99,107,86,124,52,72,93,129,117,66.3453510515005
dorian-godon,20.01,60,61,143,France,Europe,Western Europe,1996,63,59,60,66,,58,66,66,53,33.809902754644796
jai-hindley,19.59,34,42,237,Australia,Oceania,Oceania,1996,42,36,48,33,46,43,48,40,21,33.24157792643732
laurens-ten-dam,19.79,62,70,645,Netherlands,Europe,Western Europe,1980,70,61,70,71,70,77,63,74,93,40.890737928784546
antonio-molina,19.96,104,105,42,Spain,Europe,Southern Europe,1991,106,104,96,129,,96,97,113,,39.18558245377475
daniel-teklehaimanot,19.81,98,97,192,Eritrea,Africa,Africa,1988,98,83,101,97,,115,92,96,,41.265279575319965
alex-howes,18.83,110,106,290,United States,America,America,1988,109,96,107,109,,110,100,113,,42.634609499986325
james-shaw,19.66,85,88,85,Great Britain,Europe,Northern Europe,1996,90,82,79,95,66,90,80,97,,41.29751316771429
willie-smit,22.22,86,88,78,South Africa,Africa,Africa,1992,89,85,101,83,,100,91,94,74,32.64341292806878
jose-manuel-diaz-gallego,20.43,62,66,49,Spain,Europe,Southern Europe,1995,67,56,65,78,,62,76,68,52,38.063185920899734
tom-bohli,20.75,108,98,127,Switzerland,Europe,Western Europe,1994,100,75,100,94,82,106,95,,75,42.11394278594536
edward-ravasi,18.62,89,85,108,Italy,Europe,Southern Europe,1994,87,71,94,70,,93,88,75,66,40.2117050356744
jordi-simon,20.43,78,75,55,Spain,Europe,Southern Europe,1990,76,100,66,76,,65,55,106,,45.12696641303398
jorge-cubero,19.84,106,102,48,Spain,Europe,Southern Europe,1992,102,96,112,108,,112,,100,,41.665966306170674
enrique-sanz,21.88,122,107,42,Spain,Europe,Southern Europe,1989,109,97,104,113,,104,108,97,,45.56164539147115
jeremy-roy,20.23,88,90,554,France,Europe,Western Europe,1983,92,98,86,91,,84,83,98,80,43.96523983036751
jose-luis-laguia,20.269082448866254,34,47,218,Spain,Europe,Southern Europe,1959,64,5,26,80,,15,28,72,,44.22024720132146
jaime-vilamajo,21.37,68,67,136,Spain,Europe,Southern Europe,1959,81,6,37,86,,,44,81,,44.75165799438259
noel-dejonckheere,22.035269460609566,16,47,80,Belgium,Europe,Western Europe,1955,61,8,31,75,,13,46,63,24,52.85391707936992
serge-demierre,23.12,50,63,92,Switzerland,Europe,Western Europe,1956,90,8,32,79,,31,33,73,,56.93278469602684
johan-van-der-velde,20.473408216844266,13,21,210,Netherlands,Europe,Western Europe,1956,27,11,16,24,21,24,16,23,,25.224582053197373
ad-wijnands,23.00705550900417,46,60,140,Netherlands,Europe,Western Europe,1959,70,8,27,76,45,32,33,75,,49.0098522930674
marino-lejarreta,21.518576198558534,30,52,321,Spain,Europe,Southern Europe,1957,70,15,23,72,,61,19,70,16,53.75367806005858
tony-rominger,21.22,16,31,320,Switzerland,Europe,Western Europe,1961,42,38,14,41,,17,14,45,5,37.11335681285777
jesus-montoya,20.189512205748958,72,74,170,Spain,Europe,Southern Europe,1963,93,77,24,104,,25,32,106,,57.790674813249005
jean-francois-bernard,19.246247415954414,34,48,253,France,Europe,Western Europe,1962,60,34,23,56,,17,25,58,15,44.700017888386064
viatcheslav-ekimov,22.28,43,54,597,Russia,Asia,Asia,1966,61,64,47,55,62,46,41,63,26,42.89889732002496
ronan-pensec,21.127912900432325,44,51,262,France,Europe,Western Europe,1963,60,39,27,60,,21,28,63,29,39.04768658168464
laurent-roux,21.824148039545033,42,51,161,France,Europe,Western Europe,1972,57,25,39,60,,42,39,67,25,39.84900752366511
gianni-bugno,21.71,42,53,428,Italy,Europe,Southern Europe,1964,63,84,49,45,,45,43,62,22,45.51311467995354
vicente-aparicio,24.44825940370749,72,73,139,Spain,Europe,Southern Europe,1969,80,77,65,77,,32,69,79,,40.426517351633706
eddy-seigneur,21.91,94,93,162,France,Europe,Western Europe,1969,104,140,65,100,,71,64,116,,51.04914816086856
stephane-heulot,21.06,33,41,210,France,Europe,Western Europe,1971,47,68,33,45,72,30,36,52,25,30.49939060904912
pascal-lance,21.668170036288103,99,88,111,France,Europe,Western Europe,1964,100,18,34,100,,22,49,102,,53.436853362612
laurent-brochard,20.99,27,34,509,France,Europe,Western Europe,1968,36,35,31,35,22,21,38,36,27,27.194485667874268
pascal-richard,21.39,35,48,295,Switzerland,Europe,Western Europe,1964,61,37,42,55,108,41,38,66,14,44.916458574709324
stephane-goubert,19.57,69,72,507,France,Europe,Western Europe,1970,76,81,69,72,47,63,66,79,40,40.15126791182304
bruno-cornillet,22.803589691673626,52,57,236,France,Europe,Western Europe,1963,66,47,29,66,,27,28,69,24,40.931014016298846
jean-cyril-robin,19.44,62,65,341,France,Europe,Western Europe,1969,70,90,57,65,62,63,47,75,29,37.626163367302944
laurent-jalabert,21.31,10,26,562,France,Europe,Western Europe,1968,32,23,15,36,,14,19,34,26,34.914520030119135
jesper-worre,21.186877391812736,54,72,38,Denmark,Europe,Northern Europe,1959,98,24,34,108,,42,24,94,,59.74909606677399
tommy-prim,22.21,11,15,36,Sweden,Europe,Northern Europe,1955,22,15,14,32,,12,17,32,10,14.067185727277305
gerhard-zadrobilek,22.008102577149803,44,51,97,Austria,Europe,Western Europe,1961,58,27,45,53,,38,36,56,,34.62977670600698
giovanni-mantovani,19.660972503635037,28,44,44,Italy,Europe,Southern Europe,1955,64,32,35,58,,27,45,50,29,44.94144651902058
dag-erik-pedersen,21.552275340269897,12,19,33,Norway,Europe,Northern Europe,1959,26,26,15,34,,18,12,50,18,20.17738570626517
daniele-caroli,22.74,89,81,31,Italy,Europe,Southern Europe,1959,110,10,34,126,,31,84,134,10,58.808071276924466
rene-koppert,22.14359672041087,14,37,7,Netherlands,Europe,Western Europe,1960,60,,33,65,,25,68,,,33.06991151513786
giuseppe-petito,20.846015886757577,24,38,112,Italy,Europe,Southern Europe,1960,54,29,25,83,,22,29,76,30,40.74865573261827
leo-van-vliet,19.84,40,46,140,Netherlands,Europe,Western Europe,1955,52,,22,52,,15,50,51,,39.642033268292366
eddy-schepers,22.04,45,57,205,Belgium,Europe,Western Europe,1955,69,,22,65,,19,31,69,,45.47420214513377
acacio-da-silva,18.801356992617446,54,63,237,Portugal,Europe,Southern Europe,1961,81,22,49,69,83,56,32,81,10,51.64526459209939
pierino-gavazzi,23.46,7,13,50,Italy,Europe,Southern Europe,1950,21,24,20,4,,18,8,16,28,14.12336318852921
greg-lemond,21.15,12,23,271,United States,America,America,1961,29,5,19,24,36,20,12,29,1,28.408916381985307
giovanni-moro,20.20201459679724,29,29,2,Italy,Europe,Southern Europe,1958,35,,29,,,29,,,,21.213203435596427
luciano-rabottini,20.299449537410513,16,28,14,Italy,Europe,Southern Europe,1958,42,17,36,4,,32,36,,17,28.69314732295332
erich-machler,22.596919631050643,98,92,278,Switzerland,Europe,Western Europe,1960,107,36,36,104,72,27,43,108,46,52.70414380802563
mauro-longo,19.036971180048127,53,61,3,Italy,Europe,Southern Europe,1960,83,,61,,,64,53,,,46.97162263892247
alfredo-chinetti,18.463940269348534,26,47,64,Italy,Europe,Southern Europe,1949,65,15,32,82,,16,37,81,13,43.431228135766005
mario-noris,20.79968932852685,20,37,11,Italy,Europe,Southern Europe,1958,69,,65,4,,65,14,,,37.019159658454996
vittorio-algeri,22.46,56,84,22,Italy,Europe,Southern Europe,1953,113,,23,126,,22,25,126,,71.155536605456
moreno-argentin,21.55,16,40,119,Italy,Europe,Southern Europe,1960,70,16,14,77,,15,12,89,12,53.45316633569782
stefan-mutter,21.75803032714532,13,30,181,Switzerland,Europe,Western Europe,1956,49,11,13,45,,15,16,49,18,37.24449275582134
salvatore-maccali,19.19509428382576,45,41,37,Italy,Europe,Southern Europe,1955,45,,41,,,56,40,,,24.776175226593363
jean-paul-van-poppel,23.02520192333452,75,73,190,Netherlands,Europe,Western Europe,1962,84,0,43,86,,24,44,88,,64.37622206327485
johan-museeuw,20.97,52,58,445,Belgium,Europe,Western Europe,1965,67,28,39,70,7,46,45,72,28,49.648371122698066
wiebren-veenstra,23.39,40,77,52,Netherlands,Europe,Western Europe,1966,100,,24,110,58,23,38,114,,69.68932079508913
frederic-moncassin,22.04,17,46,162,France,Europe,Western Europe,1968,59,101,25,55,25,27,18,68,,53.49741696245513
tobias-halland-johannessen,20.02,27,49,56,Norway,Europe,Northern Europe,1999,51,,49,48,55,54,23,69,,44.724114620318964
ruben-guerreiro,20.52,36,45,189,Portugal,Europe,Southern Europe,1994,47,43,47,50,26,30,49,48,50,34.996683717385
kevin-vermaerke,20.45,72,76,77,United States,America,America,2000,79,,80,74,101,81,57,94,,44.63407459748998
ethan-hayter,21.3,34,46,59,Great Britain,Europe,Northern Europe,1998,47,51,50,37,42,57,34,55,69,44.809493493999454
simon-guglielmi,20.37,92,89,138,France,Europe,Western Europe,1997,91,104,89,79,,86,80,86,118,45.456314478525314
james-piccoli,20.52,112,100,75,Canada,America,America,1991,101,101,114,92,,128,93,90,116,39.65182703719196
jonas-gregaard,19.49,82,83,120,Denmark,Europe,Northern Europe,1996,85,83,82,83,99,88,77,81,87,35.54525659080889
hugo-toumire,21.3,78,79,46,France,Europe,Western Europe,2001,80,86,83,66,56,77,79,86,,27.16865379057767
eliot-lietaer,19.81,61,68,33,Belgium,Europe,Western Europe,1990,69,62,72,65,,59,70,65,59,30.790746593052525
stefan-de-bod,19.71,64,68,122,South Africa,Africa,Africa,1996,70,93,78,64,36,47,73,76,93,35.83967993964788
bruno-armirail,20.5,66,76,204,France,Europe,Western Europe,1994,77,67,73,85,86,88,70,86,43,42.91994754231038
anders-skaarseth,22.197700938881148,74,68,22,Norway,Europe,Northern Europe,1995,70,40,70,75,43,73,66,40,,31.17583840785842
geoffrey-bouchard,20.11,66,68,192,France,Europe,Western Europe,1992,69,69,70,72,56,61,72,69,75,38.20041321229232
matteo-fabbro,18.65,71,70,176,Italy,Europe,Southern Europe,1995,71,65,70,74,,76,66,79,52,33.71891257047097
mark-donovan,20.45,71,73,115,Great Britain,Europe,Northern Europe,1999,74,77,71,74,65,73,67,80,77,34.33499659016558
edward-irl-dunbar,19.72,41,50,108,Ireland,Europe,Northern Europe,1996,51,85,52,44,35,35,50,66,86,33.630106713114664
romain-combaud,20.57,95,93,124,France,Europe,Western Europe,1991,96,62,92,99,,88,98,62,,32.31712047658707
maxim-van-gils,20.81,56,63,105,Belgium,Europe,Western Europe,1999,65,70,47,69,,54,38,78,,44.78109147671765
laurens-huys,23.24,68,73,63,Belgium,Europe,Western Europe,1998,74,55,71,98,,62,78,32,67,36.94701510600302
torjus-sleen,22.49,115,103,14,Norway,Europe,Northern Europe,1997,104,,128,85,,131,88,,,33.31171460117792
chris-harper,19.58,47,58,114,Australia,Oceania,Oceania,1994,59,51,70,62,29,49,70,58,50,37.955145574867416
filippo-conca,21.93,94,94,56,Italy,Europe,Southern Europe,1998,96,75,106,85,,107,91,90,,37.37489521333528
kevin-colleoni,20.37,101,99,35,Italy,Europe,Southern Europe,1999,101,63,103,106,88,92,111,57,83,26.84393113266874
miguel-heidemann,21.790282367584297,102,98,8,Germany,Europe,Western Europe,1998,99,,,98,,,98,,,38.21648858804273
thomas-champion,18.79,93,97,91,France,Europe,Western Europe,1999,99,88,95,109,,107,93,99,89,29.625035612514203
remi-cavagna,22.55,84,81,232,France,Europe,Western Europe,1995,83,85,76,88,,77,74,91,95,41.370584988418074
thibault-guernalec,20.75,108,101,64,France,Europe,Western Europe,1997,102,120,99,106,,104,94,120,,41.34736884874642
omer-goldstein,20.15,89,86,106,Israel,Asia,Asia,1996,88,84,94,90,68,86,81,85,96,32.95771611038815
clement-venturini,22.04,80,72,141,France,Europe,Western Europe,1993,73,83,70,74,50,64,73,77,,45.25191336979193
samuele-battistella,20.68,94,91,94,Italy,Europe,Southern Europe,1998,93,92,100,80,70,98,88,94,66,43.70427963675677
javier-romo,20.68,84,82,37,Spain,Europe,Southern Europe,1999,83,,76,85,100,82,82,94,,32.03596889908753
anthon-charmig,19.93,100,96,51,Denmark,Europe,Northern Europe,1998,97,69,81,102,,77,97,104,,34.950800153537955
lukas-postlberger,21.13,103,96,177,Austria,Europe,Western Europe,1992,97,88,87,104,71,63,88,110,96,44.66191695265642
sean-quinn,19.16,41,53,36,United States,America,America,2000,53,,54,49,59,55,51,,,36.37567432419202
yuriy-natarov,19.66,86,88,73,Kazakhstan,Asia,Asia,1996,90,89,106,92,57,71,93,90,,31.226537615399607
idar-andersen,22.588246423290034,130,125,14,Norway,Europe,Northern Europe,1999,127,,125,126,,125,126,,,16.754858242470295
alexander-edmondson,22.4,119,108,153,Australia,Oceania,Oceania,1993,110,127,98,111,91,97,99,125,117,45.637351893562965
eddy-fine,21.6,95,92,48,France,Europe,Western Europe,1997,94,85,79,97,,96,81,103,92,35.36293587985241
andres-camilo-ardila,20.42,82,82,36,Colombia,America,America,1999,82,,84,86,45,75,87,,,28.699247819356266
harry-sweeny,21.68,84,80,92,Australia,Oceania,Oceania,1998,81,38,93,72,90,100,80,66,38,41.83637472772154
sebastien-grignard,21.22,100,94,45,Belgium,Europe,Western Europe,1999,95,90,92,100,,79,100,90,,24.301722930149158
dries-van-gestel,20.3,59,69,53,Belgium,Europe,Western Europe,1994,73,70,65,95,40,68,70,76,37,40.46442111172618
fabien-doubey,20.48,61,63,115,France,Europe,Western Europe,1993,65,58,57,72,,49,65,82,,32.26901605885373
mathias-norsgaard,19.85,90,94,61,Denmark,Europe,Northern Europe,1997,98,85,82,122,76,78,96,148,85,38.85006909713879
valentin-ferron,22.13,90,90,79,France,Europe,Western Europe,1998,91,93,82,93,,90,83,91,94,33.254382320602936
marco-brenner,18.01,76,81,74,Germany,Europe,Western Europe,2002,82,71,88,78,,137,71,83,37,44.254112901520024
jannik-steimle,20.88,75,75,41,Germany,Europe,Western Europe,1996,76,80,52,76,115,72,72,71,80,38.91206471632937
hugo-page,20.75,71,69,20,France,Europe,Western Europe,2001,68,,85,43,109,97,42,,,47.78711013167507
oliviero-troia,21.93,118,117,108,Italy,Europe,Southern Europe,1994,118,122,115,119,102,110,115,124,,25.91591663828413
ivo-emanuel-alves,19.87,109,95,91,Portugal,Europe,Southern Europe,1996,96,85,94,107,,98,94,106,83,46.34677645126667
xandres-vervloesem,18.99,115,97,14,Belgium,Europe,Western Europe,2000,100,,,130,64,64,130,,,38.63722511820905
mark-padun,20.01,90,85,170,Ukraine,Europe,Eastern Europe,1996,86,94,92,78,14,71,85,88,82,42.52813978019658
heinrich-haussler,22.59,78,76,506,Australia,Oceania,Oceania,1984,78,78,68,85,47,61,77,85,9,47.591068440699644
carlos-barbero,20.83,96,91,138,Spain,Europe,Southern Europe,1991,93,95,76,100,74,77,89,99,97,45.30987435258959
julius-johansen,21.79,110,101,51,Denmark,Europe,Northern Europe,1999,103,105,94,125,68,69,107,118,,39.69072593806008
antonio-tiberi,18.72,57,62,60,Italy,Europe,Southern Europe,2001,64,81,42,73,31,35,52,89,82,40.22946540790282
francesco-moser,24.38,5,11,86,Italy,Europe,Southern Europe,1951,16,19,11,4,,9,10,23,7,14.837086118473671
roger-de-vlaeminck,22.59,3,6,114,Belgium,Europe,Western Europe,1947,10,13,7,3,6,6,5,15,6,9.632108752437647
gilbert-duclos-lassalle,22.53,45,55,364,France,Europe,Western Europe,1954,66,30,26,67,41,25,32,68,20,41.90250614090048
gottfried-gody-schmutz,21.760749308010343,17,21,46,Switzerland,Europe,Western Europe,1954,33,22,24,17,,29,14,30,21,19.921488410334497
fons-de-wolf,22.15,28,46,163,Belgium,Europe,Western Europe,1956,60,16,23,62,,16,27,65,6,45.582445885119
pol-verschuere,19.483565620715794,61,63,106,Belgium,Europe,Western Europe,1955,74,,28,74,18,28,45,75,,43.081539522387644
frank-hoste,21.327427587886234,38,54,194,Belgium,Europe,Western Europe,1955,65,11,26,63,3,24,34,65,,49.69514240953212
jos-lammertink,20.07971659856094,17,31,64,Netherlands,Europe,Western Europe,1958,44,,30,50,,19,33,74,,29.833250199405317
palmiro-masciarelli,21.789071761341976,58,68,43,Italy,Europe,Southern Europe,1953,90,23,41,118,,50,39,104,9,52.95341566266807
gery-verlinden,19.826167604882514,52,57,104,Belgium,Europe,Western Europe,1954,63,,35,60,,37,39,65,,40.99566339840994
hans-langerijs,21.131835176978115,31,41,36,Netherlands,Europe,Western Europe,1953,51,,24,66,,23,40,61,,28.467678692839183
guy-nulens,19.86819389991187,59,60,406,Belgium,Europe,Western Europe,1957,65,59,31,65,72,37,34,67,,33.33107199043597
rudy-pevenage,19.81824426310239,24,37,139,Belgium,Europe,Western Europe,1954,43,40,34,38,19,26,30,43,40,34.559262331048515
piet-van-katwijk,20.410998701966413,13,21,21,Netherlands,Europe,Western Europe,1949,33,,22,0,,25,18,,,20.627420492889463
etienne-van-der-helst,19.70509367975631,19,17,16,Belgium,Europe,Western Europe,1953,19,,18,8,,20,15,,,10.10527914837916
ferdi-van-den-haute,19.57840755901222,37,56,140,Belgium,Europe,Western Europe,1952,71,12,17,76,16,17,36,77,12,44.95421617491885
eric-van-de-wiele,22.30944995973669,60,58,68,Belgium,Europe,Western Europe,1952,69,,24,70,,20,51,71,,34.05239210764574
guido-van-calster,22.478191493345953,31,49,215,Belgium,Europe,Western Europe,1956,66,39,19,70,,15,31,68,39,48.71678059990342
cees-priem,22.4,33,57,53,Netherlands,Europe,Western Europe,1950,68,,23,71,14,18,68,65,,50.9147242326471
william-tackaert,22.727410915137543,57,56,100,Belgium,Europe,Western Europe,1956,63,,23,63,9,19,45,64,,44.713855670126335
bert-oosterbosch,21.649396931877817,16,34,77,Netherlands,Europe,Western Europe,1957,50,,14,47,,13,24,54,,42.28814350784051
jan-jonkers,23.203622966210652,42,51,71,Netherlands,Europe,Western Europe,1955,62,,26,65,,20,44,64,,37.095081485589645
rene-van-gils,19.240552328238767,58,58,2,Belgium,Europe,Western Europe,1954,69,,58,,,35,82,,,33.23401871576773
ad-van-peer,22.832701479016343,32,35,32,Netherlands,Europe,Western Europe,1955,37,,35,,17,23,37,,,20.756557455882582
willem-peeters,21.067413889064486,17,19,17,Belgium,Europe,Western Europe,1953,22,,20,2,,22,16,,,12.47526965404662
charles-jochums,22.061986142597018,74,71,21,Belgium,Europe,Western Europe,1957,77,,30,80,,23,100,68,,37.73409472561791
alan-van-heerden,20.868565270950555,39,39,1,South Africa,Africa,Africa,1954,39,,39,,,39,,,,
benny-schepmans,21.35824465347798,16,20,29,Belgium,Europe,Western Europe,1953,30,,22,2,,20,20,,,17.537152680464725
martin-havik,20.158275263158163,42,51,25,Netherlands,Europe,Western Europe,1955,60,,53,2,,31,54,,,30.50857802870094
jos-jacobs,21.571018421784075,36,49,141,Belgium,Europe,Western Europe,1953,59,9,24,55,20,28,36,58,9,44.39609067558278
marc-renier,20.37790349673295,34,49,21,Belgium,Europe,Western Europe,1953,66,,21,81,,23,52,76,,41.02966406556765
jacques-verbrugge,22.605917843573252,64,65,17,Netherlands,Europe,Western Europe,1955,68,,30,69,,44,67,66,,41.3427211034215
domenico-pozzovivo,19.47,31,46,581,Italy,Europe,Southern Europe,1982,48,27,50,44,39,48,48,44,25,40.92475583430321
vasil-kiryienka,20.83,76,81,605,Belarus,Europe,Eastern Europe,1981,83,68,77,93,,74,77,88,42,49.088037131412385
rafael-valls,19.97,71,76,327,Spain,Europe,Southern Europe,1987,77,69,72,80,70,69,67,90,,42.06453399442905
giampaolo-caruso,20.05,57,65,457,Italy,Europe,Southern Europe,1980,66,66,61,72,,60,61,74,31,42.217666514000584
thomas-danielson,18.67,48,57,392,United States,America,America,1978,59,32,63,60,,58,64,46,64,40.21577455936118
alex-cano-ardila,20.935873887557594,88,83,41,Colombia,America,America,1983,84,75,84,92,,84,,82,,44.462453329720354
andre-cardoso,19.84,40,50,271,Portugal,Europe,Southern Europe,1984,50,41,56,45,,53,56,39,27,33.05489861220606
hubert-dupont,18.83,65,70,663,France,Europe,Western Europe,1980,72,70,67,78,,74,65,78,,39.10531744482373
jurgen-van-den-broeck,20.16,39,48,522,Belgium,Europe,Western Europe,1983,49,45,52,44,,45,51,44,,36.63348704467153
paolo-tiralongo,19.88,66,72,647,Italy,Europe,Southern Europe,1977,73,74,64,86,,62,65,85,68,41.957577648669364
lawson-craddock,21.78,87,87,344,United States,America,America,1992,88,90,81,91,64,77,76,96,107,47.305993981532474
eduardo-sepulveda,19.71,72,74,262,Argentina,America,America,1991,76,76,73,80,40,60,78,80,78,37.88752559809497
yoann-bagot,19.62,86,90,179,France,Europe,Western Europe,1987,93,89,68,105,,64,79,105,,50.58511075819328
pierre-henri-lecuisinier,20.98,102,95,26,France,Europe,Western Europe,1993,96,,94,95,,87,112,33,,35.4516355269889
fabrice-jeandesboz,21.53,71,79,149,France,Europe,Western Europe,1984,80,30,66,88,,71,68,85,,45.443680099072665
cyril-gautier,22.76,63,67,472,France,Europe,Western Europe,1987,68,57,63,70,,59,70,68,29,37.84353863078736
jerome-coppel,20.2,55,65,332,France,Europe,Western Europe,1986,66,63,60,68,,59,54,76,,42.713953333926845
christian-meier,20.62,98,96,261,Canada,America,America,1985,99,96,96,98,,88,93,111,80,42.830561171117424
francis-de-greef,20.67,55,66,349,Belgium,Europe,Western Europe,1985,67,48,63,82,,77,58,78,62,37.732308900991406
stefan-schumacher,21.2,44,53,178,Germany,Europe,Western Europe,1981,53,61,47,54,,53,48,56,76,41.49213710761504
manuel-senni,18.31,99,98,101,Italy,Europe,Southern Europe,1992,100,92,101,81,,93,99,112,72,40.79610251234815
calvin-watson,19.53,138,133,47,Australia,Oceania,Oceania,1993,135,,131,139,,114,136,,,29.050181470659712
anton-vorobyev,22.84,118,107,58,Russia,Asia,Asia,1990,108,,106,114,100,115,103,,,36.617610036583336
marek-rutkiewicz,19.93,75,76,86,Poland,Europe,Eastern Europe,1981,78,48,85,64,,89,72,39,75,34.06633907945398
walter-fernando-pedraza-morales,20.8,108,102,55,Colombia,America,America,1981,104,98,94,125,,94,,106,48,36.272045427040354
cayetano-jose-sarmiento,20.55,76,83,160,Colombia,America,America,1987,83,72,85,81,,98,85,71,,38.187008805475116
boris-vallee,22.35,120,110,21,Belgium,Europe,Western Europe,1993,112,,110,,103,115,101,,,39.65283872622008
josef-cerny,21.22,114,103,138,Czech Republic,Europe,Eastern Europe,1993,104,79,104,124,110,117,98,130,69,50.49201903307273
maciej-paterski,21.1,76,78,254,Poland,Europe,Eastern Europe,1986,80,76,75,83,121,70,80,80,42,39.93761610834658
steve-chainel,21.3,84,77,74,France,Europe,Western Europe,1983,82,82,74,83,74,72,76,92,,49.582867558016694
martin-elmiger,22.04,55,61,530,Switzerland,Europe,Western Europe,1978,63,61,61,61,60,61,53,72,53,40.280920888828135
amets-txurruka,19.84,72,78,427,Spain,Europe,Southern Europe,1982,80,67,78,86,,80,77,79,53,40.632743653930056
petr-vakoc,20.99,89,88,177,Czech Republic,Europe,Eastern Europe,1992,92,34,85,101,64,80,87,98,53,47.04752457427516
davide-malacarne,21.55,77,84,283,Italy,Europe,Southern Europe,1987,85,109,79,86,,59,91,90,,45.07737321786109
ivan-basso,21.13,45,51,610,Italy,Europe,Southern Europe,1977,52,21,54,52,,70,49,46,17,37.93751530386715
christophe-laborie,20.45,107,98,27,France,Europe,Western Europe,1986,102,,97,,121,98,100,,,39.74082703383679
eduard-vorganov,20.75,55,61,393,Russia,Asia,Asia,1982,62,60,57,68,,60,60,62,58,35.64385767589155
marco-minnaard,20.52,69,76,133,Netherlands,Europe,Western Europe,1989,77,,80,73,,76,81,68,,35.413679996834624
yannick-eijssen,19.82,120,111,94,Belgium,Europe,Western Europe,1989,112,107,110,114,,105,126,106,,40.03966804505933
edward-fabian-diaz,22.72,130,125,6,Colombia,America,America,1994,129,,125,,,125,,,,30.27485205028534
carter-jones,19.11,115,117,39,United States,America,America,1989,120,,114,121,,129,112,,,30.57651185016167
timo-roosen,20.94,89,88,211,Netherlands,Europe,Western Europe,1993,91,74,79,107,65,71,94,98,85,39.28850116292269
heiner-rodrigo-parra,19.92,90,89,13,Colombia,America,America,1991,88,,89,,,89,,,,32.16005644847706
janier-alexis-acevedo,20.57,92,88,64,Colombia,America,America,1985,89,,92,79,,77,83,116,,46.659393034343395
adrian-honkisz,19.69,106,100,37,Poland,Europe,Eastern Europe,1988,102,85,108,77,,108,77,,85,40.40998598078162
fabio-silvestre,23.04,128,122,32,Portugal,Europe,Southern Europe,1990,124,,122,,,90,131,,,38.45607831900465
sylwester-szmyd,18.73,76,77,700,Poland,Europe,Eastern Europe,1978,80,66,77,86,,96,74,79,51,40.598491131042174
sebastien-minard,20.75,89,88,470,France,Europe,Western Europe,1982,90,87,81,93,53,83,89,90,58,41.40325033740729
branislau-samoilau,21.79,84,84,236,Belarus,Europe,Eastern Europe,1985,86,163,86,75,,98,79,158,,43.48409539671084
carlos-betancur,21.51,56,64,298,Colombia,America,America,1989,67,95,57,73,,77,49,97,29,48.20960391515204
jan-ghyselinck,22.1,117,109,56,Belgium,Europe,Western Europe,1988,114,59,108,119,101,107,99,115,,44.82833055980582
bryan-coquard,20.18,70,71,234,France,Europe,Western Europe,1992,73,76,54,83,44,52,81,81,,54.528612616913215
gregory-henderson,21.45,110,99,250,New Zealand,Oceania,Oceania,1976,100,105,90,107,,87,92,108,,56.86305242355265
brett-lancaster,22.07,114,102,370,Australia,Oceania,Oceania,1979,103,72,101,106,,108,96,109,,48.598951454457506
marco-coledan,22.99,139,125,133,Italy,Europe,Southern Europe,1988,126,139,125,,83,122,126,139,,43.07457489111856
matthieu-boulo,20.96,106,114,9,France,Europe,Western Europe,1989,116,,114,,,114,113,,,26.086394921491163
kevin-reza,20.52,98,93,221,France,Europe,Western Europe,1988,94,95,85,99,,80,94,99,,50.13613019372495
ryder-hesjedal,20.88,46,59,535,Canada,America,America,1980,60,60,52,68,,62,48,70,32,47.43568478747044
benoit-jarrier,21.53,130,116,42,France,Europe,Western Europe,1989,120,,107,128,30,117,62,128,,42.47030116253283
jussi-veikkanen,20.83,103,101,352,Finland,Europe,Northern Europe,1981,104,112,97,113,,94,96,124,45,47.281237062289094
xabier-zandio,21.56,85,89,546,Spain,Europe,Southern Europe,1977,92,83,90,91,,93,85,92,,41.63467848963704
armindo-fonseca,19.84,109,104,87,France,Europe,Western Europe,1989,104,,100,105,,103,85,107,,49.828972398026124
jonathan-hivert,21.45,103,94,218,France,Europe,Western Europe,1985,97,102,70,123,96,70,88,127,102,53.94474813815525
cameron-meyer,21.37,114,108,263,Australia,Oceania,Oceania,1988,111,115,112,100,,99,104,118,106,54.71689220658131
roberto-ferrari,24.39,140,116,264,Italy,Europe,Southern Europe,1983,117,133,115,117,,107,117,120,,61.3157016094188
leonardo-duque,20.42,56,61,402,France,Europe,Western Europe,1980,62,57,58,67,111,54,61,62,85,45.484021913482835
danilo-napolitano,26.75,132,98,108,Italy,Europe,Southern Europe,1981,98,105,103,82,,103,99,92,,67.27589427243434
oscar-freire,21.55,34,53,430,Spain,Europe,Southern Europe,1976,54,53,39,64,,36,54,61,24,51.272335767222785
stuart-o-grady,23.57,57,64,645,Australia,Oceania,Oceania,1973,67,70,50,71,44,48,61,72,40,51.788559074179936
alessandro-petacchi,20.45,66,64,672,Italy,Europe,Southern Europe,1974,64,68,56,75,,49,61,72,27,53.285913119786564
max-van-heeswijk,22.53,76,75,307,Netherlands,Europe,Western Europe,1973,79,84,68,77,12,55,70,89,66,48.806163764692506
igor-astarloa-ascasibar,19.69,54,58,228,Spain,Europe,Southern Europe,1976,61,79,49,63,,53,52,76,36,40.548753453098925
romans-vainsteins,22.98,33,49,187,Latvia,Europe,Northern Europe,1973,54,27,28,75,10,29,47,72,27,47.61412662580772
paolo-bettini,20.31,36,48,508,Italy,Europe,Southern Europe,1974,51,53,41,57,,42,42,63,22,45.81640165090441
miguel-angel-martin-perdiguero,22.06,31,46,287,Spain,Europe,Southern Europe,1972,48,45,51,41,,52,47,45,21,43.90632118315324
erik-dekker,19.93,58,70,413,Netherlands,Europe,Western Europe,1970,75,86,56,77,,38,67,83,24,52.6842406307789
mirko-celestino,22.39,56,65,264,Italy,Europe,Southern Europe,1974,69,71,63,68,49,58,65,89,30,46.120170959942804
josu-silloniz,21.172725940320195,78,76,52,Spain,Europe,Southern Europe,1978,77,153,59,85,,58,76,153,,43.791188325532936
fabio-baldato,18.52,74,72,531,Italy,Europe,Southern Europe,1968,82,87,68,74,32,56,69,88,,55.869316071271925
guido-trenti,20.99,100,90,363,United States,America,America,1972,92,98,82,94,25,60,97,97,41,50.173553562320706
markus-zberg,21.53,34,49,372,Switzerland,Europe,Western Europe,1974,53,46,39,60,,33,49,66,27,45.49370141764777
cristian-moreni,21.22,62,68,364,Italy,Europe,Southern Europe,1972,69,77,61,73,36,82,52,79,50,47.96359960482885
andreas-klier,21.98,94,90,398,Germany,Europe,Western Europe,1976,95,109,68,114,37,64,85,115,92,50.06384978051548
michele-gobbi,20.625695646403383,117,108,102,Italy,Europe,Southern Europe,1977,113,74,111,92,,97,111,,74,45.586112700380795
inigo-landaluze-intxaurraga,20.52,90,87,304,Spain,Europe,Southern Europe,1977,91,94,85,87,,55,82,100,50,44.95816660405675
yaroslav-popovych,20.9,50,62,552,Ukraine,Europe,Eastern Europe,1980,64,82,53,68,,62,54,70,64,43.6993315241725
allan-davis,24.68,74,74,266,Australia,Oceania,Oceania,1980,75,73,74,73,,73,73,77,18,56.81949277792225
oscar-camenzind,20.72,25,38,379,Switzerland,Europe,Western Europe,1971,41,51,32,35,,36,27,54,18,35.11008401001477
fabian-wegmann,19.37,70,72,416,Germany,Europe,Western Europe,1980,75,24,66,85,,65,67,87,25,45.04151287754914
serhiy-honchar,21.39,40,48,400,Ukraine,Europe,Eastern Europe,1970,50,76,41,48,,53,36,79,28,35.679465444229464
axel-merckx,21.11,49,55,451,Belgium,Europe,Western Europe,1972,59,41,54,58,40,54,51,62,27,36.18510798534816
mickael-pichon,20.48,72,78,54,France,Europe,Western Europe,1973,82,,85,62,,86,70,,,50.17907833117621
peter-wrolich,21.22,83,83,219,Austria,Europe,Western Europe,1974,86,66,84,83,33,89,72,96,69,45.73546743438748
rolf-aldag,20.56,59,63,495,Germany,Europe,Western Europe,1968,68,68,56,64,24,63,46,71,47,37.40730246019329
fabio-sacchi,20.31,68,69,405,Italy,Europe,Southern Europe,1974,70,80,67,66,28,55,70,75,28,35.63830185146151
jens-voigt,21.05,61,66,648,Germany,Europe,Western Europe,1971,68,55,57,73,,45,63,78,59,44.17455835213434
yuriy-krivtsov,22.72,69,74,317,Ukraine,Europe,Eastern Europe,1979,76,61,77,72,,72,76,72,,41.15632721194068
pablo-lastras,20.31,56,65,538,Spain,Europe,Southern Europe,1976,67,51,74,62,,67,70,59,46,42.30780521115552
oscar-pereiro,21.39,35,45,383,Spain,Europe,Southern Europe,1977,47,46,52,39,,57,44,44,,35.47876103993554
franck-renier,20.6,84,86,268,France,Europe,Western Europe,1974,89,91,86,85,7,81,77,97,110,44.41252021713658
benjamin-gonzalez-noval,22.41,80,83,406,Spain,Europe,Southern Europe,1979,85,67,89,84,,102,75,85,,39.429910672260625
anthony-geslin,20.99,85,82,352,France,Europe,Western Europe,1980,85,76,78,87,64,75,81,88,82,43.00466325761733
guido-trentin,20.06,71,75,341,Italy,Europe,Southern Europe,1975,76,67,81,72,,85,73,73,41,38.21752698224926
rafael-casero-moreno,22.1,77,79,189,Spain,Europe,Southern Europe,1976,83,82,90,66,,103,64,84,,40.528664755846776
giuliano-figueras,22.19517448082785,43,55,242,Italy,Europe,Southern Europe,1976,57,64,51,66,,46,56,65,20,41.52407690311251
robert-hunter,22.72,88,79,400,South Africa,Africa,Africa,1977,82,73,89,72,,88,77,79,44,54.57270793288362
lorenzo-bernucci,21.5,66,69,209,Italy,Europe,Southern Europe,1979,70,93,65,66,80,52,69,83,82,38.737420340463906
sylvain-chavanel,22.28,45,52,790,France,Europe,Western Europe,1979,53,48,42,59,25,34,53,59,76,36.600083228233444
bingen-fernandez-bustinza,20.38,78,82,452,Spain,Europe,Southern Europe,1972,85,90,70,89,,74,69,93,16,40.57257687490841
danilo-di-luca,21.61,37,53,447,Italy,Europe,Southern Europe,1976,54,65,43,90,,56,41,82,36,49.16638948506835
gabriele-balducci,21.06,98,79,134,Italy,Europe,Southern Europe,1975,88,129,76,84,,68,87,129,,63.648788481522
simone-masciarelli,20.57,109,99,85,Italy,Europe,Southern Europe,1980,102,100,100,90,,93,101,110,34,44.34292139531573
bert-grabsch,24.34,82,82,472,Germany,Europe,Western Europe,1975,82,79,79,84,102,73,82,85,82,41.01581672870044
steffen-wesemann,24.06,61,62,287,Switzerland,Europe,Western Europe,1971,67,73,47,70,14,51,57,74,17,40.15929545542761
alexandre-vinokourov,21.71,29,40,500,Kazakhstan,Asia,Asia,1973,42,44,30,45,67,38,30,48,26,38.01510400175869
jerome-pineau,20.98,62,72,591,France,Europe,Western Europe,1980,74,71,66,77,24,49,74,80,31,46.22128338514565
angel-vicioso,20.76,73,73,535,Spain,Europe,Southern Europe,1977,76,69,66,93,,63,68,86,18,47.182943884061025
marco-velo,20.68,57,62,587,Italy,Europe,Southern Europe,1974,64,83,58,56,,73,52,75,43,38.5110264255733
filippo-pozzato,21.8,66,66,502,Italy,Europe,Southern Europe,1981,68,56,62,76,49,51,73,69,18,43.9385328750897
gabriele-colombo,21.6,87,84,291,Italy,Europe,Southern Europe,1972,92,134,79,94,,71,83,105,,51.490681173001356
bobby-julich,20.53,38,47,424,United States,America,America,1971,49,58,48,43,,41,46,50,10,33.97578191680102
frank-vandenbroucke,20.91,26,42,147,Belgium,Europe,Western Europe,1974,48,53,29,54,18,30,43,52,6,41.30059298029166
scott-sunderland,20.29,56,63,139,Australia,Oceania,Oceania,1966,74,55,56,71,38,52,57,78,24,47.758337764024965
inaki-isasi-flores,21.37,78,76,389,Spain,Europe,Southern Europe,1977,77,78,72,79,,58,78,80,87,41.90234253745746
matthew-white,21.98,116,108,328,Australia,Oceania,Oceania,1974,112,135,108,84,,109,97,128,134,44.93171839462227
mirco-lorenzetto,23.18,96,87,208,Italy,Europe,Southern Europe,1981,88,,74,118,,54,91,141,,52.72073427205905
ivan-gutierrez,21.67,62,65,453,Spain,Europe,Southern Europe,1978,66,78,62,65,,76,52,72,31,35.8760790406977
matthew-wilson,20.81,124,119,218,Australia,Oceania,Oceania,1977,124,123,117,122,114,110,113,143,62,39.89890196122034
tom-boonen,22.24,70,67,446,Belgium,Europe,Western Europe,1980,71,72,52,82,23,55,71,75,18,54.49250520387151
janek-tombak,24.0,86,80,102,Estonia,Europe,Northern Europe,1976,85,90,75,79,,78,62,95,32,52.26727824435477
manuele-mori,20.96,82,79,568,Italy,Europe,Southern Europe,1980,81,81,77,88,42,71,80,88,36,42.07233324887445
mark-scanlon,25.22,92,94,61,Ireland,Europe,Northern Europe,1980,98,70,116,78,18,106,98,81,66,40.80038036895448
matteo-carrara,18.96,62,67,348,Italy,Europe,Southern Europe,1979,68,86,63,65,,54,65,83,32,44.14203246465104
alessandro-cortinovis,20.53,80,83,270,Italy,Europe,Southern Europe,1977,85,81,86,81,,79,83,86,,33.79624887633202
samuel-dumoulin,22.55,94,87,450,France,Europe,Western Europe,1980,88,91,73,95,53,70,77,101,28,59.22322658122747
alessandro-spezialetti,20.91,98,98,483,Italy,Europe,Southern Europe,1975,101,119,96,97,,105,93,116,56,41.873725120197626
luca-paolini,21.8,90,83,395,Italy,Europe,Southern Europe,1977,86,85,76,96,4,62,91,92,17,55.27589258643653
luca-mazzanti,22.15,68,71,441,Italy,Europe,Southern Europe,1974,73,34,71,86,,61,75,91,32,41.22355901886467
leonardo-bertagnolli,20.81,68,74,286,Italy,Europe,Southern Europe,1978,76,80,65,94,,65,70,88,38,45.03623930995908
evgeni-petrov,21.37,65,70,592,Russia,Asia,Asia,1978,72,77,67,75,,67,66,81,88,39.07039198413234
peter-farazijn,21.3,65,71,344,Belgium,Europe,Western Europe,1969,77,77,44,89,31,42,67,88,34,41.627514409693205
graziano-gasparre,19.82,44,55,59,Italy,Europe,Southern Europe,1978,54,,54,59,,59,53,,,38.24258904151863
antonio-cruz-1,21.31,96,92,121,United States,America,America,1971,96,87,101,85,,78,104,87,137,47.604673706241144
maarten-den-bakker,21.67,76,77,445,Netherlands,Europe,Western Europe,1969,83,68,68,86,46,68,70,88,39,39.16753940872908
matteo-tosatto,22.59,96,92,959,Italy,Europe,Southern Europe,1974,94,99,86,95,,85,82,104,55,41.24449138597917
victor-hugo-pena,20.52,67,71,378,Colombia,America,America,1974,73,74,72,66,,83,61,76,,42.64199618126005
bradley-mcgee,21.74,53,69,264,Australia,Oceania,Oceania,1976,72,120,67,65,,93,50,85,,58.323074707382865
michael-rogers,21.62,42,52,459,Australia,Oceania,Oceania,1979,53,75,50,53,,60,44,58,77,38.97649407051174
ruben-lobato,21.38,84,87,201,Spain,Europe,Southern Europe,1978,90,101,80,92,,39,83,107,,48.31845387711228
gianluca-sironi,21.329627687535435,88,88,138,Italy,Europe,Southern Europe,1974,92,118,84,82,,78,85,114,,34.59563453240717
matthias-kessler,23.66,67,69,298,Germany,Europe,Western Europe,1979,72,76,64,74,54,85,54,86,48,41.59756224616567
ruslan-ivanov,22.66,85,85,264,Moldova,Europe,Eastern Europe,1973,88,98,78,85,,59,81,104,49,45.26163889188248
marc-wauters,21.33,87,87,464,Belgium,Europe,Western Europe,1969,93,70,75,95,34,76,73,100,58,44.82573228882063
leif-hoste,23.37,102,96,236,Belgium,Europe,Western Europe,1977,102,126,74,105,45,84,79,118,,51.11825735609943
roberto-petito,23.04,55,60,256,Italy,Europe,Southern Europe,1971,66,49,54,72,,49,61,87,,42.479184457006156
fabrizio-guidi,20.88,38,59,332,Italy,Europe,Southern Europe,1972,62,59,59,58,,50,59,62,47,55.072829283738116
scott-davis,20.76,102,101,162,Australia,Oceania,Oceania,1979,102,89,105,100,,107,104,91,,37.5718175881951
marco-milesi,21.38,100,99,314,Italy,Europe,Southern Europe,1970,105,107,95,101,62,94,92,111,,45.306786693990865
robbie-mcewen,22.91,79,73,565,Australia,Oceania,Oceania,1972,74,85,73,72,38,67,78,70,1,61.48592602153696
maximilian-sciandri,21.45,43,59,362,Great Britain,Europe,Northern Europe,1967,70,52,48,72,11,42,57,74,32,50.600424306137235
stefano-zanini,24.42,80,81,361,Italy,Europe,Southern Europe,1969,90,68,78,93,,78,78,92,14,53.86659721455895
marco-serpellini,21.22,70,71,348,Italy,Europe,Southern Europe,1972,77,32,71,83,30,67,68,78,18,46.358834111906994
marco-zanotti-1,21.6,97,80,198,Italy,Europe,Southern Europe,1974,82,82,80,80,57,72,81,82,,53.47479820408628
joaquim-rodriguez,20.31,36,49,796,Spain,Europe,Southern Europe,1979,50,42,52,49,,51,52,45,14,44.96725566152999
aart-vierhouten,21.2,72,73,240,Netherlands,Europe,Western Europe,1970,78,67,72,84,62,68,73,78,75,47.81155459134043
martin-derganc,21.13755283177802,116,102,76,Slovenia,Europe,Southern Europe,1977,107,158,108,55,,114,95,177,102,45.234924793268206
patrick-calcagni,21.47,82,84,299,Switzerland,Europe,Western Europe,1977,87,85,85,78,,72,86,85,60,42.812147053785864
igor-gonzalez-de-galdeano,21.33,50,59,330,Spain,Europe,Southern Europe,1973,59,61,70,49,,78,55,57,,41.49560334749131
mauro-gerosa,21.98,85,82,227,Italy,Europe,Southern Europe,1974,84,90,82,76,,106,70,94,50,42.063420356787546
alessio-galletti,21.598064058116208,117,116,222,Italy,Europe,Southern Europe,1968,119,148,119,105,,128,109,129,,34.118358255671815
giovanni-lombardi,23.04,79,76,489,Italy,Europe,Southern Europe,1969,82,76,79,72,,80,72,80,22,54.31236305096989
michele-bartoli,20.29,26,39,292,Italy,Europe,Southern Europe,1970,48,8,25,58,,32,31,57,9,41.09274061741758
leon-van-bon,23.24,83,81,321,Netherlands,Europe,Western Europe,1972,89,92,57,94,21,59,65,101,32,52.28638804326219
paolo-bossoni,20.72,79,78,233,Italy,Europe,Southern Europe,1976,80,77,81,76,,74,74,85,,46.484214006935034
gregory-rast,23.12,84,85,514,Switzerland,Europe,Western Europe,1980,87,76,80,91,52,80,80,95,66,40.181356352804286
rubens-bertogliati,22.53,86,88,350,Switzerland,Europe,Western Europe,1979,90,115,81,91,,81,78,117,49,44.12376826508321
gorka-verdugo,21.67,67,72,421,Spain,Europe,Southern Europe,1978,73,67,69,75,,73,66,76,,38.92731299896395
gorka-gonzalez-larranaga,18.87670729491379,63,72,117,Spain,Europe,Southern Europe,1977,76,54,69,102,,64,71,75,,49.813109309916804
david-millar,21.66,84,82,627,Great Britain,Europe,Northern Europe,1977,85,83,86,79,80,72,75,89,85,55.07883546599233
devis-miorin,21.396938216735098,120,113,80,Italy,Europe,Southern Europe,1976,114,121,115,106,,110,111,121,,35.87474694481384
ruggero-borghi,24.52164349313098,73,77,93,Italy,Europe,Southern Europe,1970,79,151,77,68,,70,79,103,,39.72650481310597
sergiy-matveyev,23.29,117,106,71,Ukraine,Europe,Eastern Europe,1975,107,96,107,,,97,121,96,,50.2295254943577
jan-boven,21.47,90,92,291,Netherlands,Europe,Western Europe,1972,95,104,88,87,54,90,84,103,136,36.4924180539414
andy-flickinger,20.94,81,83,158,France,Europe,Western Europe,1978,88,133,91,74,30,87,81,83,109,49.735420674410356
vladimir-duma,21.14,66,73,242,Ukraine,Europe,Eastern Europe,1972,76,95,74,54,,100,62,116,42,48.86160663544696
magnus-backstedt,24.98,86,84,246,Sweden,Europe,Northern Europe,1975,87,87,89,78,30,101,79,81,,55.672139274703056
jan-hruska,20.48,76,74,212,Czech Republic,Europe,Eastern Europe,1975,76,100,55,79,,56,55,100,81,40.84550244758697
dario-pieri,25.76,76,78,162,Italy,Europe,Southern Europe,1975,85,122,69,71,,62,76,106,,58.06338603450181
paolo-fornaciari,21.93,101,100,446,Italy,Europe,Southern Europe,1971,107,107,99,102,53,92,99,110,,42.43538183498327
volodymyr-bileka,22.49,67,71,155,Ukraine,Europe,Eastern Europe,1979,72,76,71,61,,56,72,,76,41.86952322731633
steffen-radochla,23.39,99,85,23,Germany,Europe,Western Europe,1978,91,,96,64,27,104,70,,,43.554881104007045
luciano-andre-pagliarini-mendonca,22.46,118,101,129,Brazil,America,America,1978,103,151,104,81,,107,95,108,,55.57209508321587
marco-fertonani,22.261527887271832,101,90,111,Italy,Europe,Southern Europe,1976,94,45,98,74,,83,94,46,45,47.71891491112136
davide-bramati,21.5,101,100,489,Italy,Europe,Southern Europe,1968,104,102,100,98,,110,92,107,88,40.21605332100884
mauro-zinetti,20.549307728470268,140,116,46,Italy,Europe,Southern Europe,1975,121,121,114,,,79,164,121,,63.2355652696791
laurent-lefevre,20.68,86,87,415,France,Europe,Western Europe,1976,90,87,87,88,,100,70,100,,47.42908613897537
mathew-hayman,21.61,95,91,447,Australia,Oceania,Oceania,1978,95,111,83,99,36,73,90,111,61,46.237679270482225
dionisio-galparsoro,21.15,72,76,95,Spain,Europe,Southern Europe,1978,77,62,80,84,,69,83,62,46,43.82826098952799
giulio-tomi,20.234708562569065,156,156,1,Italy,Europe,Southern Europe,1978,156,,156,,,156,,,,
sebastian-lang,22.02,72,73,336,Germany,Europe,Western Europe,1979,74,65,78,70,111,90,64,73,,41.596521090216335
lars-michaelsen,23.08,62,66,208,Denmark,Europe,Northern Europe,1969,76,63,70,62,26,69,68,59,16,53.06914232886536
michael-blaudzun,20.37,72,72,285,Denmark,Europe,Northern Europe,1973,75,85,74,61,,67,71,75,42,36.95875428314111
jean-patrick-nazon,22.34,94,84,136,France,Europe,Western Europe,1977,85,92,92,79,21,92,69,85,,57.427889328852096
bram-de-groot,21.72,94,92,304,Netherlands,Europe,Western Europe,1974,96,70,96,95,,111,86,93,90,47.014560958892005
ludo-dierckxsens,21.67,58,66,180,Belgium,Europe,Western Europe,1964,70,42,72,69,46,76,54,66,44,45.209353346884434
massimo-strazzer,21.71,78,71,188,Italy,Europe,Southern Europe,1969,78,102,73,60,,73,70,80,,58.322308229989204
mark-renshaw,23.1,128,109,374,Australia,Oceania,Oceania,1982,109,118,102,113,,97,108,115,,56.362558209457106
simone-cadamuro,22.79,106,92,69,Italy,Europe,Southern Europe,1976,93,,86,115,,105,83,137,,59.45361119442596
davide-rebellin,21.55,24,35,625,Italy,Europe,Southern Europe,1971,39,46,29,43,,29,31,53,20,35.27081331348728
andrus-aug,22.99,122,98,52,Estonia,Europe,Northern Europe,1972,100,,98,,,114,81,,,57.047448563734875
niki-aebersold,20.07,64,69,307,Switzerland,Europe,Western Europe,1972,75,81,72,53,,82,60,86,34,44.96331963762885
nicolas-fritsch,19.62,77,79,159,France,Europe,Western Europe,1978,83,90,88,69,,101,66,99,90,42.03896123363869
daniele-nardello,22.59,58,63,509,Italy,Europe,Southern Europe,1972,68,58,78,58,18,82,58,65,37,38.37674647636543
rene-andrle,22.09,93,95,135,Czech Republic,Europe,Eastern Europe,1974,99,118,105,70,,104,85,102,,39.56019966402038
carlos-barredo,19.47,56,66,383,Spain,Europe,Southern Europe,1981,67,53,72,66,111,69,65,65,43,42.50718541929322
wim-vansevenant,21.47,115,109,221,Belgium,Europe,Western Europe,1971,115,,94,125,41,85,103,137,,41.205178832873855
nick-nuyens,21.71,101,96,308,Belgium,Europe,Western Europe,1980,101,106,79,109,44,75,83,123,72,50.41199522592974
igor-pugaci,21.15,100,96,201,Moldova,Europe,Eastern Europe,1975,99,103,94,80,,114,82,105,55,42.87047830906207
nicolas-portal,20.68,76,81,270,France,Europe,Western Europe,1979,84,82,84,80,,79,73,89,,41.3622229188169
thomas-ziegler,21.413104944786387,76,76,87,Germany,Europe,Western Europe,1980,77,65,77,91,,76,78,74,,39.287050456869906
rony-martias,21.67,113,102,85,France,Europe,Western Europe,1980,103,122,104,66,84,120,85,103,,55.381227795678775
alejandro-alberto-borrajo,23.46,63,70,29,Argentina,America,America,1980,70,35,71,,,104,58,35,,51.046269940876655
tom-steels,22.78,75,69,217,Belgium,Europe,Western Europe,1971,79,61,56,85,41,53,79,78,21,57.68932891290705
lauri-aus,23.41,53,68,117,Estonia,Europe,Northern Europe,1970,76,91,53,75,20,51,61,89,32,57.08690589477557
nicola-minali,19.86935411122129,87,75,167,Italy,Europe,Southern Europe,1969,82,49,84,77,,92,75,69,,61.990752549315566
emmanuel-magnien,22.2,39,58,208,France,Europe,Western Europe,1971,64,21,31,71,108,29,54,76,21,51.99500604003171
rolf-sorensen,22.09,40,49,394,Denmark,Europe,Northern Europe,1965,61,58,31,63,30,22,47,65,21,44.045888634489344
denis-zanette,22.71,78,77,245,Italy,Europe,Southern Europe,1970,82,83,78,68,,74,75,87,46,47.28206258850128
gianpaolo-mondini,23.495650640369387,86,80,179,Italy,Europe,Southern Europe,1972,83,92,92,62,,88,78,78,,48.66990562725197
gabriele-missaglia,21.46090611968396,47,52,309,Italy,Europe,Southern Europe,1970,55,76,54,46,51,51,52,53,49,38.697808247134795
juergen-werner,24.220166141308383,51,61,79,Germany,Europe,Western Europe,1970,66,59,74,38,49,46,68,59,,44.20620149445095
danny-nelissen,21.29243044278753,97,89,103,Netherlands,Europe,Western Europe,1970,96,107,54,90,34,44,47,107,91,53.72213660275481
jorg-jaksche,20.38,56,60,389,Germany,Europe,Western Europe,1976,63,77,44,61,,44,46,74,42,40.916798193654735
frederic-guesdon,21.33,82,82,421,France,Europe,Western Europe,1971,89,118,72,89,31,71,75,99,54,44.576737834128124
christophe-agnolutto,21.3,82,81,226,France,Europe,Western Europe,1969,86,93,77,79,24,88,52,96,,46.1417950532645
valerio-tebaldi,21.608426674158824,84,86,183,Italy,Europe,Southern Europe,1965,91,79,75,91,,57,77,92,36,45.71714303056173
valentino-fois,21.848195423208157,38,55,57,Italy,Europe,Southern Europe,1973,60,33,,56,,,41,65,33,46.788384052086194
jens-heppner,23.32,52,57,276,Germany,Europe,Western Europe,1964,60,30,43,61,,36,42,67,40,35.10520533154911
dirk-baldinger,23.87050315277054,90,84,120,Germany,Europe,Western Europe,1971,89,110,67,81,,38,77,105,,47.73275276238016
oscar-dalla-costa,20.631057465282005,109,102,44,Italy,Europe,Southern Europe,1972,104,107,102,94,,97,99,107,,36.31023827800497
franck-bouyer,21.72,94,96,172,France,Europe,Western Europe,1974,98,140,90,96,,79,97,104,,40.55438403841788
mauro-bettin,20.36153386060219,52,58,119,Italy,Europe,Southern Europe,1968,65,50,60,60,,38,50,74,,43.29162660111211
jan-ullrich,21.8,22,29,327,Germany,Europe,Western Europe,1973,30,18,65,22,,40,40,21,15,26.766105101074345
david-moncoutie,21.3,79,80,598,France,Europe,Western Europe,1975,84,70,78,83,,87,64,89,57,50.60466212867087
giusvan-piovaccari,20.08453051290108,69,85,46,Italy,Europe,Southern Europe,1973,91,,85,85,,,66,123,,48.77948507570788
michael-rich,23.45,107,99,75,Germany,Europe,Western Europe,1969,105,101,74,103,,92,74,112,,42.8106747654586
leonardo-calzavara,20.59102096532016,70,75,76,Italy,Europe,Southern Europe,1974,78,100,71,60,,134,64,100,,35.694620952074565
philipp-buschor,20.842543391707927,81,84,95,Switzerland,Europe,Western Europe,1971,91,82,115,77,,157,44,106,,48.892395046602665
roland-meier,19.37,43,58,163,Switzerland,Europe,Western Europe,1967,66,100,55,53,,109,32,90,41,47.140338003569866
felix-manuel-garcia-casas,20.11,46,49,437,Spain,Europe,Southern Europe,1968,52,41,56,52,,45,49,51,23,30.925728586376763
leonardo-piepoli,18.91,64,69,550,Italy,Europe,Southern Europe,1971,74,68,70,69,,110,59,77,20,50.32650355192134
biagio-conte,21.945034623918584,96,85,254,Italy,Europe,Southern Europe,1968,88,88,81,97,,47,90,92,,53.0996792751539
sergei-uslamin,21.04133272172978,87,92,126,Russia,Asia,Asia,1963,96,99,77,96,,72,77,104,75,40.66605854346247
frederic-bessy,20.98,82,83,389,France,Europe,Western Europe,1972,88,78,87,83,,85,74,92,71,39.60355158401836
alberto-volpi,23.291078467855563,67,69,144,Italy,Europe,Southern Europe,1962,82,23,59,84,,52,59,92,23,45.135688010351984
bjarne-riis,20.97,38,52,243,Denmark,Europe,Northern Europe,1964,57,21,70,50,,104,40,51,28,45.809129133186524
brian-holm-sorensen,22.26,59,64,249,Denmark,Europe,Northern Europe,1962,71,58,42,72,46,36,50,76,58,41.59334499619543
thierry-laurent,22.561226349312744,88,85,134,France,Europe,Western Europe,1966,90,,62,90,,59,74,91,,40.67765393394995
bert-dietz,22.79,62,63,83,Germany,Europe,Western Europe,1969,73,70,45,77,35,45,63,77,45,36.31072032095026
flavio-vanzella,23.04,90,88,168,Italy,Europe,Southern Europe,1964,95,124,50,89,,50,70,94,,46.243969389272394
gerrit-de-vries,21.68,76,82,190,Netherlands,Europe,Western Europe,1967,87,64,52,90,,58,59,91,64,38.762549642711534
beat-zberg,22.47,37,51,500,Switzerland,Europe,Western Europe,1971,59,59,41,57,,45,36,75,20,45.8171278279729
pierre-bourquenoud,21.832101135887548,67,78,173,Switzerland,Europe,Western Europe,1969,84,91,66,80,,76,60,118,66,38.62615829787896
wilfried-peeters,22.21,70,71,313,Belgium,Europe,Western Europe,1964,77,60,50,80,34,57,58,83,60,39.282656989637026
marco-saligari,20.92520939642761,74,70,177,Italy,Europe,Southern Europe,1965,91,51,67,73,,63,61,99,51,47.00084485466058
philippe-bordenave,20.45,84,77,52,France,Europe,Western Europe,1969,81,54,104,82,,123,79,58,,41.123622625666385
luis-maria-diaz-de-otazu,20.490486934900403,86,89,78,Spain,Europe,Southern Europe,1966,93,94,91,81,56,111,81,96,,29.734906568958117
alberto-elli,21.43,67,69,396,Italy,Europe,Southern Europe,1964,76,60,62,73,,62,55,78,43,45.72605927830572
luigi-della-bianca,18.32806588208053,94,102,7,Italy,Europe,Southern Europe,1972,103,,,102,,,102,,,19.46547615407242
roberto-pistore,19.111885874517302,26,44,76,Italy,Europe,Southern Europe,1971,56,19,46,89,,35,69,31,27,42.419591633889695
gianluca-valoti,20.21604860961259,85,88,119,Italy,Europe,Southern Europe,1973,94,66,86,101,,,83,101,33,44.636572296533984
felice-puttini,21.238878262182293,52,57,166,Switzerland,Europe,Western Europe,1967,63,33,69,47,,89,57,70,33,36.019229884940614
rolf-jaermann,22.04,69,70,314,Switzerland,Europe,Western Europe,1966,83,106,43,81,38,27,54,93,56,48.782947753642
lylian-lebreton,21.107959272578203,86,90,103,France,Europe,Western Europe,1972,97,84,106,81,,93,88,95,26,39.107545976370446
nicolaj-bo-larsen,20.661576736656,96,88,117,Denmark,Europe,Northern Europe,1971,94,,90,87,35,83,84,102,,47.97207133997046
andrea-patuelli,22.581877563583372,85,83,96,Italy,Europe,Southern Europe,1970,87,26,95,75,,152,83,,26,39.57984933882658
peter-luttenberger,20.05,51,59,451,Austria,Europe,Western Europe,1972,62,84,59,48,,50,52,69,33,38.76149914813524
stefano-della-santa,23.470488768974814,16,27,59,Italy,Europe,Southern Europe,1967,36,21,17,39,,23,31,11,31,26.65165903431009
erik-breukink,20.45,42,51,346,Netherlands,Europe,Western Europe,1964,60,27,32,59,,37,35,59,37,42.76982674642928
giuseppe-tartaggia,23.651511223368303,82,77,34,Italy,Europe,Southern Europe,1971,82,,7,79,,,48,91,,35.648774394984855
francesco-casagrande,21.89,19,31,334,Italy,Europe,Southern Europe,1970,37,38,26,37,,36,26,49,19,33.71723099599514
nicola-miceli,21.055088887202885,63,68,152,Italy,Europe,Southern Europe,1971,71,87,60,55,,113,54,87,,44.8919964710781
daniel-schnider,20.06,57,62,272,Switzerland,Europe,Western Europe,1973,66,75,69,51,,77,56,82,52,35.55354006260538
davide-casarotto,22.84,89,86,207,Italy,Europe,Southern Europe,1971,92,105,80,85,,65,82,109,,51.77837386399848
sergio-previtali,20.321180575325993,103,96,17,Italy,Europe,Southern Europe,1969,111,,55,118,,38,114,,,46.55041542747592
daniel-atienza-urendez,20.76,64,69,380,Spain,Europe,Southern Europe,1974,73,72,65,71,,86,53,80,43,40.31401970402567
mauro-zanetti,19.93,85,86,177,Italy,Europe,Southern Europe,1973,88,110,84,75,,93,80,113,38,35.466338924575965
stefano-colage,22.096046084439465,61,62,145,Italy,Europe,Southern Europe,1962,77,72,34,72,,30,55,76,33,50.871271879932316
inigo-cuesta,20.02,82,82,715,Spain,Europe,Southern Europe,1969,86,74,81,93,,79,74,88,33,45.48822913279668
francesco-secchiari,19.04740813525812,103,100,243,Italy,Europe,Southern Europe,1972,105,150,105,90,,123,87,137,,43.504507966181926
vincent-cali,20.51793147590336,70,74,72,France,Europe,Western Europe,1970,79,75,83,61,,27,79,75,,35.04349800945467
riccardo-forconi,20.97,85,83,218,Italy,Europe,Southern Europe,1970,88,,89,75,,114,77,105,,45.76116587460028
marcelino-garcia,20.962845675563315,93,92,213,Spain,Europe,Southern Europe,1971,100,80,81,103,,70,82,119,54,43.150175928957395
marcel-renggij,19.86170583305706,84,85,19,Switzerland,Europe,Western Europe,1974,86,,84,85,,84,85,,,25.071126889487278
alexandre-moos,21.14,50,59,338,Switzerland,Europe,Western Europe,1972,62,70,63,51,,87,51,81,45,44.216633410988514
filippo-casagrande,23.14,98,92,143,Italy,Europe,Southern Europe,1973,97,,93,90,,84,90,154,,45.53979192396779
fabrizio-settembrini,19.83951887774514,115,109,38,Italy,Europe,Southern Europe,1967,117,37,123,87,,,111,,37,38.59403177646054
marco-pantani,19.61,32,42,264,Italy,Europe,Southern Europe,1970,47,73,40,40,,70,38,49,2,38.30345223707684
marco-artunghi,21.91,105,102,115,Italy,Europe,Southern Europe,1969,106,75,96,104,,92,85,116,,47.47489922522702
alessandro-romio,19.885615140935208,113,116,7,Italy,Europe,Southern Europe,1974,117,,,116,,,116,,,16.004463663080283
gianluca-pierobon,21.23445536514039,58,67,76,Italy,Europe,Southern Europe,1967,93,33,43,81,,43,44,123,33,59.62185369976759
arvis-piziks,22.6,83,83,145,Latvia,Europe,Northern Europe,1969,90,98,49,95,14,49,75,101,98,53.964237128758604
dominique-bozzi,23.510359671667572,116,116,7,France,Europe,Western Europe,1971,116,,,116,,,116,,,29.891072086430597
luca-colombo,20.889235760094532,122,112,35,Italy,Europe,Southern Europe,1969,115,68,122,131,,142,110,112,,50.39969654437124
christophe-mengin,22.72,72,73,380,France,Europe,Western Europe,1968,76,91,60,77,55,63,69,80,79,37.67263102275499
giovanni-fidanza,20.89729263984092,44,59,209,Italy,Europe,Southern Europe,1965,76,32,21,75,16,26,26,81,32,55.853016396247035
stijn-devolder,21.74,68,74,419,Belgium,Europe,Western Europe,1979,78,68,67,84,71,69,72,80,50,45.77201110260326
giuseppe-palumbo,20.38,104,101,182,Italy,Europe,Southern Europe,1975,102,105,102,81,60,82,106,105,89,43.15373160028088
patrice-halgand,20.91,54,61,359,France,Europe,Western Europe,1974,63,52,61,63,,58,56,68,70,37.85921976217015
kyrylo-pospyeyev,20.97,65,67,97,Ukraine,Europe,Eastern Europe,1975,67,80,53,62,,23,61,80,82,32.958619791440015
serge-baguet,21.39,75,79,271,Belgium,Europe,Western Europe,1969,83,64,76,83,102,68,71,94,64,42.6834216538245
emanuele-sella,19.83,47,58,205,Italy,Europe,Southern Europe,1981,60,53,58,64,,43,60,,53,45.82093106405887
wim-van-huffel,19.93,67,68,210,Belgium,Europe,Western Europe,1979,70,66,68,72,,70,68,67,59,37.259279481707814
pietro-caucchioli,22.2,64,69,409,Italy,Europe,Southern Europe,1975,71,92,67,61,,75,61,83,67,39.50428380622915
michael-boogerd,19.57,37,48,495,Netherlands,Europe,Western Europe,1972,52,51,30,58,,31,39,60,20,41.29175438865721
karsten-kroon,20.68,91,87,531,Netherlands,Europe,Western Europe,1976,91,85,77,100,44,81,78,100,60,49.78744059161661
thor-hushovd,24.78,32,60,486,Norway,Europe,Northern Europe,1978,61,74,54,62,30,54,60,62,83,58.772835316517664
paride-grillo,19.522525159121447,84,80,50,Italy,Europe,Southern Europe,1982,80,,80,,,83,77,,,61.021324476090534
joan-horrach,21.85,88,90,418,Spain,Europe,Southern Europe,1974,91,81,88,106,,84,92,90,,39.87156557667384
cedric-vasseur,21.6,61,68,484,France,Europe,Western Europe,1970,72,76,63,69,47,61,60,78,36,40.00243627404385
sergio-marinangeli,21.47,51,74,28,Italy,Europe,Southern Europe,1980,75,,82,63,,82,,63,,62.653694621589956
unai-osa,20.52,38,48,282,Spain,Europe,Southern Europe,1975,50,46,50,47,,60,44,50,42,37.00648691376002
bo-hamburger,19.16,44,50,387,Denmark,Europe,Northern Europe,1970,54,46,56,48,,44,54,51,21,35.42087808600168
alexandr-kolobnev,21.14,62,64,496,Russia,Asia,Asia,1981,67,57,67,66,,62,67,62,32,36.53600012519509
juan-fuentes,22.40061511118897,85,86,146,Spain,Europe,Southern Europe,1977,89,92,80,79,,67,78,93,54,41.07621635821681
christophe-le-mevel,20.15,56,65,507,France,Europe,Western Europe,1980,66,63,64,67,,68,61,67,53,41.49856478427044
jure-golcer,20.52,85,87,59,Slovenia,Europe,Southern Europe,1977,89,48,89,100,,92,88,,48,37.55441794812643
michael-barry,20.16,64,68,353,Canada,America,America,1975,70,66,74,60,64,71,68,68,63,35.82555602084824
luca-ascani,21.45,61,53,23,Italy,Europe,Southern Europe,1983,53,,53,,,53,,,,23.48079696447624
walter-beneteau,21.88,66,70,279,France,Europe,Western Europe,1972,72,66,74,69,52,68,60,78,,35.959363677703045
volker-ordowski,20.42,92,94,140,Germany,Europe,Western Europe,1973,96,99,95,89,,86,94,102,,32.909776534830144
chris-horner,21.6,32,45,376,United States,America,America,1971,45,48,42,46,,44,44,47,31,37.10817730224749
mikel-pradera,21.31,78,80,251,Spain,Europe,Southern Europe,1975,82,88,76,76,,74,70,84,132,39.28061431997447
jose-luis-carrasco-gamiz,21.919180991819946,91,91,97,Spain,Europe,Southern Europe,1982,91,88,92,118,,128,86,89,,41.07627690108955
antonio-bucciero,21.344234406988047,115,116,21,Italy,Europe,Southern Europe,1982,119,145,100,102,,100,102,145,,53.3053200239633
geoffroy-lequatre,19.11,81,79,202,France,Europe,Western Europe,1981,80,95,70,76,,72,71,86,,39.906669416626144
yannick-talabardon,18.56,77,81,237,France,Europe,Western Europe,1981,83,75,92,71,76,88,82,75,,34.935201200436325
roger-hammond,23.45,70,67,188,Great Britain,Europe,Northern Europe,1974,71,76,64,72,43,60,72,72,84,43.951551163735814
stephan-schreck,22.21,88,89,281,Germany,Europe,Western Europe,1978,91,93,89,83,60,85,83,94,80,30.439514729040965
enrico-franzoi,22.09,93,92,146,Italy,Europe,Southern Europe,1982,94,96,88,90,83,82,89,99,,36.62676978011127
ludovic-auger,23.04,88,87,158,France,Europe,Western Europe,1971,96,,66,108,44,65,83,113,,51.6862792094585
iker-flores-galarza,21.39,74,81,201,Spain,Europe,Southern Europe,1976,84,69,89,80,,103,71,89,,44.4195617120044
maryan-hary,19.87,110,105,149,France,Europe,Western Europe,1980,109,122,104,100,,130,90,128,104,42.736826418271384
wilfried-cretskens,22.64,78,84,171,Belgium,Europe,Western Europe,1976,88,82,77,101,82,78,81,102,,39.34244179227047
gerben-lowik,20.37,82,84,132,Netherlands,Europe,Western Europe,1977,89,82,78,98,32,76,84,100,49,44.477112194219316
manuel-quinziato,21.62,98,97,613,Italy,Europe,Southern Europe,1979,99,99,92,102,47,86,91,107,55,41.498391095934814
sandy-casar,19.66,55,61,594,France,Europe,Western Europe,1979,63,50,60,63,,63,55,67,,40.36101728619845
olivier-bonnaire,21.15,93,90,175,France,Europe,Western Europe,1983,91,75,95,92,45,99,93,77,84,40.466871447259976
giosue-bonomi,19.26630026980671,106,95,33,Italy,Europe,Southern Europe,1978,95,99,90,100,,90,104,98,,60.20067451550034
oliver-zaugg,20.8,63,69,457,Switzerland,Europe,Western Europe,1981,70,57,79,58,,80,72,60,25,40.88809729544131
jan-kuyckx,21.71,98,94,48,Belgium,Europe,Western Europe,1979,99,,100,64,40,68,102,,,42.74315091748162
gianluca-bortolami,22.28,56,59,352,Italy,Europe,Southern Europe,1968,71,46,59,61,1,68,50,65,33,45.151907602016216
nicolas-inaudi,20.68,131,119,46,France,Europe,Western Europe,1978,123,116,130,108,,120,119,118,,42.265779719126215
alessandro-bertolini,21.55,103,101,366,Italy,Europe,Southern Europe,1971,106,91,96,110,,87,95,113,24,47.50734244195468
bernhard-eisel,22.1,113,102,565,Austria,Europe,Western Europe,1981,106,97,93,112,80,91,95,114,79,52.464782400486335
david-herrero-llorente,20.38,76,73,155,Spain,Europe,Southern Europe,1979,75,68,80,76,,103,54,76,,43.716364052442046
baden-cooke,23.15,84,77,311,Australia,Oceania,Oceania,1978,79,120,68,81,65,72,70,87,8,56.00468440999824
andris-nauduzs,23.29,99,79,47,Latvia,Europe,Northern Europe,1975,79,,79,74,,80,78,,,54.92795718972332
ruggero-marzoli,20.38,62,73,147,Italy,Europe,Southern Europe,1976,76,24,78,60,,78,79,30,28,55.84712282270518
jose-luis-arrieta,21.46,75,77,633,Spain,Europe,Southern Europe,1971,80,82,78,75,,88,65,84,,39.400396066925126
iker-leonet,20.17311406020048,125,116,20,Spain,Europe,Southern Europe,1983,117,,119,88,,115,134,88,,32.16552584105503
matej-mugerli,20.53,79,79,110,Slovenia,Europe,Southern Europe,1981,80,89,70,91,,84,67,104,61,37.42646501567629
aitor-gonzalez-jimenez,22.02,30,42,222,Spain,Europe,Southern Europe,1975,43,32,48,44,,97,39,40,,36.77730019493862
crescenzo-d-amore,21.57031399790058,94,81,46,Italy,Europe,Southern Europe,1979,82,,83,64,,88,80,,,62.45193320748892
sebastien-hinault,20.57,90,82,526,France,Europe,Western Europe,1974,84,70,81,85,49,80,78,84,69,49.886948238619894
markus-fothen,22.16,62,76,270,Germany,Europe,Western Europe,1981,78,117,75,66,,54,73,88,,49.64900081965593
servais-knaven,21.46,94,88,387,Netherlands,Europe,Western Europe,1971,95,108,74,95,41,80,65,101,58,44.619368800900354
steve-zampieri,21.45,70,79,327,Switzerland,Europe,Western Europe,1977,84,99,80,77,,111,70,126,54,45.15694683096721
filippo-simeoni,19.87,98,96,239,Italy,Europe,Southern Europe,1971,101,101,99,86,,123,85,106,34,42.373249192244494
anthony-charteau,21.88,108,104,286,France,Europe,Western Europe,1979,107,110,99,108,,111,92,117,,43.476526198239725
cristian-gasperoni,20.55752576270317,83,83,225,Italy,Europe,Southern Europe,1970,87,18,92,61,,85,83,,18,43.70339149964714
alberto-ongarato,20.6,119,109,376,Italy,Europe,Southern Europe,1975,110,117,108,106,,111,105,117,75,44.05228993170448
ivan-ravaioli,20.132672576911926,143,133,25,Italy,Europe,Southern Europe,1980,133,,133,,,146,129,,,30.741828182461756
oleksandr-kvachuk,20.53,123,119,79,Ukraine,Europe,Eastern Europe,1983,123,103,113,129,134,135,110,126,92,37.33450118727922
aurelien-clerc,22.92,99,85,131,Switzerland,Europe,Western Europe,1979,86,81,95,71,86,100,82,76,113,55.674758056718154
ivan-quaranta,20.999602502829497,132,105,100,Italy,Europe,Southern Europe,1974,110,132,107,88,,87,106,132,,65.9549670363626
luis-felipe-laverde-jimenez,22.06,57,66,168,Colombia,America,America,1979,67,64,66,57,,108,59,120,46,37.766734102029396
aitor-alonso,22.944467440072717,135,117,101,Spain,Europe,Southern Europe,1980,119,157,106,159,,98,116,159,,57.7767536932176
robert-forster,26.49,100,86,313,Germany,Europe,Western Europe,1978,87,89,87,82,,90,86,85,,56.85965797762949
jakob-piil,19.62,117,104,137,Denmark,Europe,Northern Europe,1973,105,38,100,112,,93,131,104,123,49.85546305292485
andrea-ferrigato,22.2560668237781,59,62,236,Italy,Europe,Southern Europe,1969,68,28,69,54,,59,70,50,28,46.39292100488294
allan-johansen,22.07,100,94,129,Denmark,Europe,Northern Europe,1971,102,127,95,83,11,93,75,119,71,50.36728834735017
samuele-marzoli,23.755072480512496,169,158,12,Italy,Europe,Southern Europe,1984,159,,158,,,158,,,,40.756111272551586
pavel-sivakov,19.81,40,52,171,France,Europe,Western Europe,1997,54,78,47,56,48,48,44,70,16,40.04380298561488
fausto-masnada,19.62,44,48,165,Italy,Europe,Southern Europe,1993,49,37,51,58,47,54,47,59,26,30.8291815186781
ivan-ramiro-sosa,18.42,70,72,105,Colombia,America,America,1997,74,72,73,104,64,64,81,,72,41.49516058106477
victor-de-la-parte,19.54,52,58,242,Spain,Europe,Southern Europe,1986,59,57,60,58,36,61,55,64,58,33.28588214658061
sebastian-henao,19.49,62,66,231,Colombia,America,America,1993,67,66,65,70,69,79,61,70,72,31.232089314899156
amanuel-ghebreigzabhier,19.45,69,78,187,Eritrea,Africa,Africa,1994,79,69,88,54,78,98,79,62,79,43.14216289558094
nans-peters,22.66,70,72,226,France,Europe,Western Europe,1994,74,59,72,81,,85,66,78,54,36.38070090350223
diego-ulissi,20.57,38,43,508,Italy,Europe,Southern Europe,1989,45,38,45,42,19,40,44,44,41,30.26596860932215
francesco-gavazzi,22.23,66,65,419,Italy,Europe,Southern Europe,1984,66,57,63,75,62,62,63,78,55,39.51461592215869
matteo-montaguti,19.84,69,71,398,Italy,Europe,Southern Europe,1984,72,78,69,76,,55,70,82,51,39.35258666835928
marco-frapporti,21.53,115,109,175,Italy,Europe,Southern Europe,1985,111,106,111,98,,102,112,98,110,37.233607715529764
lucas-hamilton,20.97,50,57,184,Australia,Oceania,Oceania,1996,58,62,49,69,,56,45,80,27,38.74311073117463
giovanni-carboni,18.83,70,72,85,Italy,Europe,Southern Europe,1995,73,82,69,63,23,51,68,82,81,36.95324853150007
enrico-battaglin,20.9,72,75,337,Italy,Europe,Southern Europe,1989,75,76,75,73,76,75,72,101,58,44.416522679398135
ivan-santaromita,18.72,81,85,405,Italy,Europe,Southern Europe,1984,86,99,78,92,,78,81,102,43,42.649969373310334
nicola-conci,19.87,72,75,137,Italy,Europe,Southern Europe,1997,76,83,72,73,79,80,66,108,72,35.584715892534895
hector-carretero,20.01,96,96,141,Spain,Europe,Southern Europe,1995,99,97,106,91,63,92,97,106,96,35.6657922039588
sean-bennett,20.83,101,96,84,United States,America,America,1996,98,90,90,112,68,75,92,130,90,42.62283050035868
luca-covili,17.9,63,70,76,Italy,Europe,Southern Europe,1997,71,87,73,89,50,52,74,67,87,38.9772493246032
reto-hollenstein,20.61,79,82,377,Switzerland,Europe,Western Europe,1985,84,68,80,87,64,68,80,92,73,36.69922578787804
miguel-eduardo-florez,18.83,90,92,30,Colombia,America,America,1996,94,92,95,69,,104,92,35,92,30.09723705194415
paul-martens,21.78,81,81,508,Germany,Europe,Western Europe,1983,83,79,81,82,110,89,74,84,100,41.82331362599357
andrea-vendrame,21.26,66,64,171,Italy,Europe,Southern Europe,1994,65,46,70,83,39,42,75,56,50,44.28073262417578
ruben-plaza,21.11,72,75,446,Spain,Europe,Southern Europe,1980,77,48,82,78,,83,77,72,97,43.51953077788551
fabio-sabatini,21.16,105,98,600,Italy,Europe,Southern Europe,1985,99,111,92,108,85,91,92,109,,41.704213110998374
grega-bole,22.02,99,94,329,Slovenia,Europe,Southern Europe,1985,96,85,91,102,72,72,96,101,106,53.76721777686979
jenthe-biermans,23.04,97,93,99,Belgium,Europe,Western Europe,1995,96,68,96,99,42,82,98,98,46,37.900402738311925
scott-davies,23.118093345420213,96,95,52,United Kingdom,Europe,Northern Europe,1995,96,98,98,70,,66,101,,98,37.27869844114818
nicola-bagioli,22.68,108,106,24,Italy,Europe,Southern Europe,1995,106,106,105,115,,103,106,109,,22.11232032476302
ryan-gibbons,21.13,64,63,161,South Africa,Africa,Africa,1994,63,59,64,59,122,72,62,59,,39.052345823083584
andrea-garosio,18.94,93,91,46,Italy,Europe,Southern Europe,1993,92,58,95,97,66,77,100,39,58,26.87118133751157
amaro-manuel-antunes,19.38,59,59,39,Portugal,Europe,Southern Europe,1990,60,,60,48,60,60,59,,,30.73843769544599
mirco-maestri,21.33,105,98,159,Italy,Europe,Southern Europe,1991,100,98,99,104,68,106,96,,98,38.86333502174024
lorenzo-rota,20.72,68,77,184,Italy,Europe,Southern Europe,1995,80,89,75,73,,58,83,59,92,49.276789142619926
marco-marcato,22.13,74,73,400,Italy,Europe,Southern Europe,1984,76,68,71,78,35,59,72,83,52,43.42329278036991
damiano-cima,21.6,131,127,24,Italy,Europe,Southern Europe,1993,129,,127,126,,111,128,143,,34.294018576785774
paolo-simion,23.08,126,107,70,Italy,Europe,Southern Europe,1992,107,,107,112,,109,107,,,52.01559727858988
jasha-sutterlin,23.04,71,76,257,Germany,Europe,Western Europe,1992,77,61,81,74,74,78,77,79,58,38.78884318389436
davide-cimolai,21.37,130,111,410,Italy,Europe,Southern Europe,1989,112,109,98,122,142,89,108,126,105,56.00065751256054
simone-consonni,22.04,107,91,176,Italy,Europe,Southern Europe,1994,91,94,87,111,52,69,95,112,79,56.89810327105955
marco-canola,20.37,102,99,102,Italy,Europe,Southern Europe,1988,101,140,98,57,,83,104,125,,56.41780520308473
dmitry-strakhov,20.45,89,91,57,Russia,Asia,Asia,1995,94,61,99,98,64,74,101,61,,41.20059127979248
nico-denz,21.2,92,88,252,Germany,Europe,Western Europe,1994,91,80,87,101,60,91,85,105,74,42.59480852491166
viacheslav-kuznetsov,20.68,96,88,163,Russia,Asia,Asia,1989,91,81,90,87,50,75,92,83,,48.564610537430184
ramon-sinkeldam,20.67,116,106,341,Netherlands,Europe,Western Europe,1989,107,114,102,113,69,93,108,112,121,39.54437004177757
miles-scotson,20.83,108,98,147,Australia,Oceania,Oceania,1994,99,89,106,98,73,91,106,97,87,41.62130864513192
arnaud-demare,23.2,70,74,344,France,Europe,Western Europe,1991,75,81,63,90,35,46,82,89,84,61.33407145772342
manuel-belletti,23.51,104,90,175,Italy,Europe,Southern Europe,1985,90,,90,118,68,86,91,,,61.90061688788056
jacopo-guarnieri,22.16,121,107,365,Italy,Europe,Southern Europe,1987,109,106,103,115,80,99,104,118,100,48.13707783853377
tom-leezer,22.21,128,122,284,Netherlands,Europe,Western Europe,1985,125,121,114,130,101,114,112,135,16,37.762061143858105
sho-hatsuyama,19.27,138,140,36,Japan,Asia,Asia,1988,141,,142,132,,125,143,,,15.509418541391659
pascal-ackermann,23.55,105,84,149,Germany,Europe,Western Europe,1994,84,89,84,90,63,76,83,84,102,58.87379782534081
jonathan-klever-caicedo,23.05,85,87,198,Ecuador,America,America,1993,88,76,88,95,,92,87,86,77,32.71909415289992
awet-gebremedhin-andemeskel,18.89,120,118,22,Sweden,Europe,Northern Europe,1992,119,99,119,122,,,119,,99,26.189783540624425
marc-madiot,21.22,48,56,280,France,Europe,Western Europe,1959,65,22,24,66,102,30,25,67,14,40.38046845274183
jesus-rodriguez-magro,20.893347866502847,50,61,246,Spain,Europe,Southern Europe,1960,71,17,34,74,,29,42,71,,45.57691122233685
mario-beccia,19.54851808026116,28,53,56,Italy,Europe,Southern Europe,1955,75,9,14,70,,12,12,81,9,53.21890287648387
roberto-visentini,22.3578489617277,31,48,99,Italy,Europe,Southern Europe,1957,59,19,24,61,,41,23,66,19,42.350959765185536
franco-chioccioli,20.277416722482094,18,41,110,Italy,Europe,Southern Europe,1959,66,63,31,45,,53,12,70,58,45.07595757858457
yvon-madiot,19.431597282476446,72,72,234,France,Europe,Western Europe,1962,83,48,31,86,99,39,39,85,41,45.76364992011918
faustino-ruperez,21.64581583298835,26,32,139,Spain,Europe,Southern Europe,1956,38,7,28,51,,38,29,39,15,22.5465262305101
adriano-baffi,22.6,9,41,194,Italy,Europe,Southern Europe,1962,62,6,31,61,,12,38,66,,52.27619252079208
fabrizio-bontempi,18.516378299726885,55,58,108,Italy,Europe,Southern Europe,1966,66,55,59,59,31,46,61,70,55,42.956645172615396
endrio-leoni,24.16,34,61,151,Italy,Europe,Southern Europe,1968,76,122,57,45,,74,47,102,,63.65934796069983
juan-carlos-gonzalez-salvador,20.092423860487187,6,33,48,Spain,Europe,Southern Europe,1964,55,32,26,98,,,26,61,,50.26313737445568
manuel-luis-campos-abreu,19.736057907936914,35,42,51,Portugal,Europe,Southern Europe,1963,51,55,30,9,,,29,55,,39.0676336626625
alessio-di-basco,21.411542624162188,8,47,42,Italy,Europe,Southern Europe,1964,70,60,42,21,,65,33,60,,53.078366667881575
pello-ruiz-cabestany,20.896074083051918,23,36,239,Spain,Europe,Southern Europe,1962,47,11,15,53,,16,16,51,,35.971268259822395
paolo-antonio-fanelli,20.244684889066885,8,52,14,Italy,Europe,Southern Europe,1966,79,,55,5,,76,47,,,66.29508625485347
melchor-mauri,21.22,55,61,355,Spain,Europe,Southern Europe,1966,70,60,27,75,,60,21,71,44,45.62729328566174
marino-alonso,21.37,92,92,264,Spain,Europe,Southern Europe,1965,98,73,46,106,,166,53,100,57,46.07212652829298
mikel-zarrabeitia,19.66,40,50,321,Spain,Europe,Southern Europe,1970,53,51,44,56,,38,43,57,41,37.89980745313124
michel-lafis,22.79,62,64,171,Sweden,Europe,Northern Europe,1967,68,65,62,66,,47,62,67,53,36.152906933448136
pedro-delgado,21.89,23,32,417,Spain,Europe,Southern Europe,1960,40,18,21,40,,37,21,39,25,32.39412233808738
fabio-roscioli,19.60036986275778,67,73,221,Italy,Europe,Southern Europe,1965,81,80,60,76,,38,65,81,43,48.12981810891287
oliverio-rincon-quintana,18.149594436058937,52,55,129,Colombia,America,America,1968,70,64,29,71,,,33,78,7,45.45396155588676
stephen-hodge,21.62,67,73,262,Australia,Oceania,Oceania,1961,82,65,63,80,79,50,58,85,35,45.489979149653244
luis-edgar-espinosa-sepulveda,20.945706672201215,72,71,17,Colombia,America,America,1967,71,,72,61,,,71,,,24.91618302370145
nestor-oswaldo-mora,20.991119174491676,84,85,136,Colombia,America,America,1963,94,46,42,104,,98,51,101,,47.93690422307613
luc-leblanc,22.384915507867376,30,42,229,France,Europe,Western Europe,1966,52,21,30,51,,27,32,53,28,40.48583943390443
arsenio-gonzalez,23.21907818504681,45,51,319,Spain,Europe,Southern Europe,1960,54,51,48,53,,82,45,53,44,28.30563071390192
jose-roberto-sierra-aguerro,20.695301487435422,69,77,159,Spain,Europe,Southern Europe,1967,82,73,66,86,,69,62,88,36,36.57812731861884
jose-luis-rodriguez-garcia,19.202914609671975,66,62,143,Spain,Europe,Southern Europe,1966,68,63,58,67,,86,49,64,,36.795182464224766
evgueny-anachkine,19.60772871000697,77,82,5,Russia,Asia,Asia,1970,82,,82,,,,82,,,42.406367446410684
oleg-tchujda,19.732356173140683,10,33,18,Ukraine,Europe,Eastern Europe,1963,60,8,32,152,,135,24,37,,52.024001499559255
angel-yesid-camargo,18.85966384264872,100,89,72,Colombia,America,America,1967,95,56,74,103,,113,68,107,,49.056449232161164
eric-vanderaerden,22.34,12,38,303,Belgium,Europe,Western Europe,1962,50,13,20,52,3,11,22,59,,48.538302626356305
gert-jan-theunisse,20.91916798270016,22,35,189,Netherlands,Europe,Western Europe,1963,40,19,25,39,,34,20,40,21,34.23142231278495
herminio-diaz-zabala,23.046532988164184,69,73,296,Spain,Europe,Southern Europe,1964,79,70,41,83,,43,42,82,,38.46764588740913
arunas-cepele,21.010211707900552,55,56,34,Lithuania,Europe,Northern Europe,1968,61,,59,55,,63,52,57,,33.31676950313126
pascal-lino,21.643209176836205,42,54,262,France,Europe,Western Europe,1966,59,15,38,60,100,36,43,61,13,40.71920408544127
manuel-fernandez-gines,19.911255140476584,65,68,124,Spain,Europe,Southern Europe,1971,71,88,56,64,,132,51,78,,37.672316742245044
jose-luis-de-santos-arribas,23.3819049158092,26,40,30,Spain,Europe,Southern Europe,1968,43,,40,,35,114,35,,,37.23397595633915
luca-gelfi,19.30986601961545,48,55,106,Italy,Europe,Southern Europe,1966,65,88,44,58,,17,51,90,80,41.44534716271003
rob-harmeling,21.73,106,96,71,Netherlands,Europe,Western Europe,1964,105,,35,119,43,34,34,121,,65.57361814310896
pedro-manuel-rodrigues-silva,20.711814128429694,83,73,25,Portugal,Europe,Southern Europe,1966,79,,73,,,,73,,,52.833165089111716
inaki-gaston,22.426924431180694,38,49,240,Spain,Europe,Southern Europe,1963,64,12,19,66,,18,22,66,9,45.851277836271564
romes-gainetdinov,20.006315046702234,54,55,61,Russia,Asia,Asia,1967,60,66,50,46,,91,47,67,,27.864298406438664
walter-castignola,21.911082964708992,158,133,11,Italy,Europe,Southern Europe,1970,133,,133,,,,133,,,53.697469044808635
neil-stephens,22.23,69,78,186,Australia,Oceania,Oceania,1963,84,64,36,89,,26,49,83,,47.45883332125912
quintino-rodrigues,22.3140794620148,80,81,54,Portugal,Europe,Southern Europe,1971,84,82,89,64,,172,79,80,,34.88830134772141
jesper-skibby,19.81,56,64,299,Denmark,Europe,Northern Europe,1964,75,78,39,72,70,42,36,75,5,51.37444277793816
gianluca-gorini,20.684802370268237,82,74,102,Italy,Europe,Southern Europe,1970,79,69,61,95,,33,71,82,,42.823458210338444
vladimir-abramov,19.02357722907918,155,128,5,Uzbekistan,Asia,Asia,1971,128,,128,,,,128,,,46.01304162952065
dimitri-tcherkachine,22.826347819107323,22,57,8,Russia,Asia,Asia,1970,68,69,51,,,,51,69,,63.07124656178235
carmelo-miranda,21.378644124299882,78,87,71,Spain,Europe,Southern Europe,1969,97,118,73,91,,,73,106,,48.974990537917776
nico-emonds,20.687448215651465,61,73,124,Belgium,Europe,Western Europe,1961,91,33,26,96,,30,30,96,,57.39312579973083
arximiro-blanco,20.24772333304907,78,86,25,Spain,Europe,Southern Europe,1966,87,,86,,,,86,,,29.692479406969934
jose-barros,17.938495605395634,116,110,5,Portugal,Europe,Southern Europe,1971,110,,110,,,,110,,,35.014282800023196
javier-murguialday,21.56,69,76,151,Spain,Europe,Southern Europe,1962,80,,46,85,,57,44,85,,47.22353586884245
jordi-gilabert-franch,20.173034253377967,84,77,8,Spain,Europe,Southern Europe,1970,92,76,89,18,,,77,76,,39.344631145812
jose-antonio-espinosa,20.757375132454644,111,99,49,Spain,Europe,Southern Europe,1969,105,69,121,147,,,121,75,,46.57565530045355
pavel-cherkasov,21.814767107498998,72,73,10,Russia,Asia,Asia,1972,83,,71,94,,51,77,94,,34.085513377712566
david-garcia-marquina,19.394163995480415,63,63,84,Spain,Europe,Southern Europe,1970,68,60,87,82,,,87,61,,38.19081241097709
simone-biasci,19.286059486536143,67,76,51,Italy,Europe,Southern Europe,1970,94,20,79,89,,24,77,80,38,61.22902682135489
jorg-muller,21.254187980468636,46,60,246,Switzerland,Europe,Western Europe,1961,68,31,42,67,48,36,38,68,30,46.1979324537347
oleg-klevtsov,24.05426300285243,129,103,5,Russia,Asia,Asia,1971,103,,103,,,,103,,,44.81629168059312
santos-hernandez,22.57602576431262,67,68,39,Spain,Europe,Southern Europe,1967,82,26,74,52,,,70,64,38,40.85171169214502
dag-otto-lauritzen,24.344310971153675,52,56,246,Norway,Europe,Northern Europe,1956,62,42,42,63,35,31,46,63,47,34.94309389351736
julio-cesar-cadena,20.502865127586137,79,86,104,Colombia,America,America,1963,93,16,56,91,,36,67,91,,48.00329836812849
fausto-dotti,20.037858507162586,78,78,111,Italy,Europe,Southern Europe,1968,82,34,88,68,,120,75,104,34,40.888504238597164
lubos-lom,22.01302992896349,75,76,16,Czech Republic,Europe,Eastern Europe,1965,79,,73,115,,42,81,,,54.231448440918484
francisco-cabello,23.78,91,89,348,Spain,Europe,Southern Europe,1969,92,92,75,96,,46,84,95,,35.28512877540165
laudelino-cubino,20.54107762439908,60,70,203,Spain,Europe,Southern Europe,1963,89,15,32,90,,70,30,93,,59.637518105800105
antonio-sanchez-garcia,22.250453379748357,73,75,55,Spain,Europe,Southern Europe,1970,79,64,84,101,,156,79,65,,35.41473375592942
alberto-camargo,20.11574586652257,65,70,107,Colombia,America,America,1965,81,,45,80,,18,42,84,,49.143860518143015
francisco-benitez,21.21859059281471,56,61,47,Spain,Europe,Southern Europe,1970,68,34,60,64,,67,46,68,,35.63779915980603
federico-echave,20.2066215024014,36,44,344,Spain,Europe,Southern Europe,1960,55,24,30,56,,43,29,55,36,36.03833811873539
fernando-mota-dos,20.413423346352314,95,107,27,Portugal,Europe,Southern Europe,1966,108,102,105,119,,,105,107,,28.422835007394145
massimiliano-lelli,22.53,49,58,453,Italy,Europe,Southern Europe,1967,67,61,53,59,,64,38,68,14,42.39277711157538
massimo-podenzana,21.635947588205656,71,72,240,Italy,Europe,Southern Europe,1961,80,23,75,71,,95,65,84,23,43.07347502058169
americo-jose-neves-da-silva,23.1156492596238,9,31,23,Portugal,Europe,Southern Europe,1964,68,16,35,42,,,35,20,,41.889087507057404
philippe-casado,19.832614448160385,88,84,114,France,Europe,Western Europe,1964,93,,52,94,45,48,53,95,,49.88001828577041
carlos-alberto-carneiro-silva,21.029929227600533,112,109,27,Portugal,Europe,Southern Europe,1970,110,115,84,,,,84,115,,26.159983359030058
flavio-giupponi,21.367375555781138,80,73,53,Italy,Europe,Southern Europe,1964,93,6,94,58,,95,67,93,6,48.35198412320033
jean-claude-bagot,20.493580187569798,54,58,257,France,Europe,Western Europe,1958,67,40,36,68,50,26,45,68,,36.945257214452084
manuel-rodriguez-305,18.499773541992955,97,85,23,Spain,Europe,Southern Europe,1967,90,90,66,,,,66,90,,46.601709921299374
tristan-hoffman,23.12,89,84,278,Netherlands,Europe,Western Europe,1970,93,99,62,108,44,54,77,110,52,51.55378105296017
johnny-weltz,20.52,59,68,121,Denmark,Europe,Northern Europe,1962,82,36,34,84,33,34,38,82,37,50.134553114373745
massimo-donati,21.68,82,85,261,Italy,Europe,Southern Europe,1967,89,34,83,88,,82,78,106,45,39.06621597709754
agustin-sagasti,20.12061335753021,128,122,5,Spain,Europe,Southern Europe,1970,122,,122,,,,122,,,40.19950248448356
michel-vermote,19.752133205366338,88,85,182,Belgium,Europe,Western Europe,1963,95,4,36,100,27,31,49,98,,54.023504498595386
paulo-jorge-de-moura-ferreira,20.9539389745353,59,59,31,Portugal,Europe,Southern Europe,1970,60,70,53,,,,53,70,,41.240574028940955
serafim-vieira,20.22133148689096,66,73,32,Portugal,Europe,Southern Europe,1966,83,140,71,,,,71,140,,45.64219185599389
luis-perez-garcia,20.7240570910833,60,64,58,Spain,Europe,Southern Europe,1966,74,,59,72,,,59,72,,42.22305947419208
gianni-vignaduzzi,21.39,97,110,6,Canada,America,America,1966,112,,110,,,,110,,,33.55393667912406
roberto-torres,22.336107806466536,92,89,56,Spain,Europe,Southern Europe,1964,100,52,91,93,,,89,90,,47.881967296757885
cassio-freitas,20.973118056742543,68,59,8,Brazil,America,America,1965,82,,59,,,,59,,,41.209395599963436
jon-unzaga,20.588965650725388,92,82,147,Spain,Europe,Southern Europe,1962,95,125,52,91,,154,46,98,,54.52291963256853
zenon-jaskula,22.69,38,47,172,Poland,Europe,Eastern Europe,1962,62,35,42,50,,41,29,65,37,41.41859034302101
eloy-santamarta,19.579617522194734,107,102,6,Spain,Europe,Southern Europe,1970,102,101,102,,,,102,101,,38.008770917600934
jose-rosa,22.056270428350064,94,96,26,Portugal,Europe,Southern Europe,1968,100,78,119,123,,,119,91,,39.44212897982991
carlos-pinho,20.691548328357158,132,131,8,Portugal,Europe,Southern Europe,1970,133,169,126,,,,126,169,,29.989283800336793
stefano-cattai,23.273546757128926,60,67,228,Italy,Europe,Southern Europe,1967,71,68,79,57,,104,67,70,43,34.08992576810222
roberto-pelliconi,20.355803200045223,73,69,76,Italy,Europe,Southern Europe,1962,84,,75,54,,44,71,132,,51.915983071166174
david-assuncao,20.462336427911506,123,124,5,Portugal,Europe,Southern Europe,1967,124,,124,,,,124,,,11.193748255164575
joao-pedro-silva,21.46,86,93,70,Portugal,Europe,Southern Europe,1968,94,91,121,,,,121,91,,38.797624844593
carlos-galarreta,20.59010559243371,98,89,34,Spain,Europe,Southern Europe,1967,92,,84,120,,174,81,120,,41.07582875201527
ramon-garcia-espana,21.996947006533034,119,102,7,Spain,Europe,Southern Europe,1970,105,93,117,33,,,117,63,,34.95439205321019
javier-palacin-salgao,17.99493749007161,111,97,9,Spain,Europe,Southern Europe,1971,121,,112,65,,,99,88,,61.554853586049575
aitor-garmendia,22.2,88,85,288,Spain,Europe,Southern Europe,1968,92,101,52,89,,45,49,102,35,47.17894727225437
bruno-leali,21.141617459573748,66,69,188,Italy,Europe,Southern Europe,1958,76,44,65,71,,57,66,72,18,41.96511915144982
juan-tomas-martinez,21.18265155768962,45,58,55,Spain,Europe,Southern Europe,1962,73,,63,29,,,60,42,,45.19343386650835
rodolfo-massi,20.288412177520463,85,85,204,Italy,Europe,Southern Europe,1965,98,91,73,102,,59,73,111,34,54.21954428896931
alberto-leanizbarrutia-abaunza,20.10658282321877,85,87,182,Spain,Europe,Southern Europe,1963,96,78,84,95,,47,78,92,53,49.203301491503304
delmino-pereira,21.927702880166276,116,117,6,Portugal,Europe,Southern Europe,1967,119,,122,91,,,122,91,,16.975472502014977
youri-sourkov,21.211389494875824,104,101,26,Kazakhstan,Asia,Asia,1970,103,92,93,130,,,93,103,,34.48745591348563
roberto-giucolsi,21.86207079863862,136,142,5,Italy,Europe,Southern Europe,1968,142,,142,,,,142,,,15.725775020646836
mauro-radaelli,21.88,104,99,213,Italy,Europe,Southern Europe,1967,102,108,102,94,51,94,97,105,,33.47847133947309
luis-santos,23.134162690423324,139,141,5,Portugal,Europe,Southern Europe,1966,141,,141,,,,141,,,12.320714265009153
vitor-gamito,19.71,98,86,9,Portugal,Europe,Southern Europe,1970,94,100,93,11,,,79,100,,50.19406782125199
ignacio-garcia,21.55897380163023,92,89,116,Spain,Europe,Southern Europe,1968,97,101,84,90,,128,79,105,,48.502176955424304
robert-millar,20.649997528861807,42,48,393,Great Britain,Europe,Northern Europe,1958,61,21,29,58,,24,29,60,22,40.20998800004682
fabio-bordonali,22.24084551219362,54,56,57,Italy,Europe,Southern Europe,1963,83,,61,14,,40,61,54,,48.92137956401184
harry-lodge,21.51224612123755,92,93,14,Great Britain,Europe,Northern Europe,1967,103,82,94,92,,175,87,88,,42.03269266591486
vladimir-kliouchkine,20.384991302362163,146,142,5,Russia,Asia,Asia,1973,142,,142,,,,142,,,18.552627846210903
joaquim-augusto-gomes,20.47654009102324,147,143,9,Portugal,Europe,Southern Europe,1965,145,102,149,,,,149,102,,35.68301805870375
cesar-solaun,22.330501165796864,96,93,154,Spain,Europe,Southern Europe,1970,98,102,99,73,,113,73,99,,44.335170872388055
ruben-gorospe,22.08688659587435,128,115,30,Spain,Europe,Southern Europe,1964,117,,128,112,,,128,112,,34.191549671892865
asiat-saitov,21.982151020891113,30,52,92,Russia,Asia,Asia,1965,74,15,54,92,,46,55,49,60,53.236080505222475
vassili-davidenko,21.62082282990157,90,80,58,United States,America,America,1970,86,,80,85,,51,83,33,,44.316316116845485
valery-baturo,19.925814179107896,146,141,5,Russia,Asia,Asia,1970,141,,141,,,,141,,,24.939927826679853
manuel-pascual,20.58547965485902,71,72,55,Spain,Europe,Southern Europe,1969,78,58,88,12,,,85,58,,39.48575159629837
rene-foucachon,21.604108198271486,120,115,11,France,Europe,Western Europe,1966,124,,97,163,,95,98,163,,46.11901599517965
antonio-miguel,20.224047208357355,114,105,64,Spain,Europe,Southern Europe,1968,113,,92,127,,,93,126,,46.79861236241538
jose-manuel-uria,20.630248305865752,83,79,187,Spain,Europe,Southern Europe,1969,84,58,92,81,,116,83,67,,42.06513919897185
alfredo-irusta,21.625966619585515,115,107,35,Spain,Europe,Southern Europe,1968,109,83,105,142,,,105,123,,41.775369688430544
roberto-lezaun,22.49,76,77,31,Spain,Europe,Southern Europe,1967,81,160,72,151,,108,71,156,,37.37988648964165
roberto-pagnin,23.36,7,47,90,Italy,Europe,Southern Europe,1962,94,30,40,69,,66,30,129,12,65.65846257616126
alexandre-rodriguez,21.866024419457833,112,112,5,Portugal,Europe,Southern Europe,1970,112,,112,,,,112,,,38.47466699011182
johan-bruyneel,21.43,32,38,185,Belgium,Europe,Western Europe,1964,44,11,33,44,,66,34,39,29,30.588165995077585
jesus-blanco-villar,21.44072358906697,32,45,158,Spain,Europe,Southern Europe,1963,61,8,28,72,,14,29,66,,42.94681511456983
eduardo-chozas,22.634604194348068,33,42,298,Spain,Europe,Southern Europe,1960,51,21,32,53,,51,31,52,32,31.668099186562845
francisco-javier-mauleon,20.83027729937475,66,68,192,Spain,Europe,Southern Europe,1965,75,65,41,77,,,43,77,21,43.50982786765881
tom-cordes,21.85,70,74,95,Netherlands,Europe,Western Europe,1966,81,81,57,104,62,62,56,92,,45.50259335729824
laurent-dufaux,21.01,38,45,507,Switzerland,Europe,Western Europe,1969,49,37,39,49,69,39,36,52,25,36.1908062093882
federico-garcia-melia,18.978755616447174,48,58,24,Spain,Europe,Southern Europe,1968,62,,55,120,,32,58,120,,33.65414460769078
peter-verbeken,22.005066298555075,75,81,36,Belgium,Europe,Western Europe,1966,87,,89,60,,55,78,143,,40.291192073828725
danny-in-t-ven,22.557815883473836,84,85,23,Belgium,Europe,Western Europe,1968,87,64,86,75,,68,87,75,64,32.50077530239729
enrico-zaina,22.318466380280807,37,48,273,Italy,Europe,Southern Europe,1967,55,27,39,61,,51,35,66,,39.84398036033217
viktor-klimov,19.393920381537473,60,60,33,Ukraine,Europe,Eastern Europe,1964,69,74,60,58,,42,60,81,,35.756224293926444
zbigniew-spruch,21.46,48,60,242,Poland,Europe,Eastern Europe,1965,67,105,44,69,41,41,51,96,31,46.228500517991826
miguel-angel-martinez-torres,21.32460804442459,92,91,122,Spain,Europe,Southern Europe,1967,97,20,67,101,,58,68,100,,45.681006658420415
joaquim-sampaio,21.522116167498357,98,95,43,Portugal,Europe,Southern Europe,1970,98,114,73,,,,73,114,,37.57402439146091
gianluca-tonetti,20.329922383026982,114,106,65,Italy,Europe,Southern Europe,1967,114,49,113,80,,132,109,,49,43.25465737484676
manuel-cunha-tavares,24.596239677022126,56,59,37,Portugal,Europe,Southern Europe,1962,62,48,59,57,,,59,52,,25.496363751809096
andrea-noe,20.52,38,45,544,Italy,Europe,Southern Europe,1969,48,59,40,55,,45,39,71,44,32.68633651899584
jose-luis-santamaria,20.354933341962226,34,45,45,Spain,Europe,Southern Europe,1968,54,28,53,36,,,47,35,70,39.487333348169955
anselmo-fuerte-abelenda,20.36027409226814,68,75,196,Spain,Europe,Southern Europe,1962,86,3,34,88,,,44,85,,50.663782313449055
hendrik-redant,19.76799810047338,57,73,179,Belgium,Europe,Western Europe,1962,80,75,54,90,10,27,68,86,,57.37348333765042
thierry-marie,22.46,67,70,304,France,Europe,Western Europe,1963,76,9,44,77,44,22,50,78,,51.267909528481184
willy-willems,22.647850109249738,67,68,23,Belgium,Europe,Western Europe,1963,68,,69,58,,,69,58,,46.12480919977247
john-talen,20.3578769543071,98,93,139,Netherlands,Europe,Western Europe,1965,110,,55,128,52,49,57,130,,59.35105651543607
jan-goessens,21.87479431092933,92,87,129,Belgium,Europe,Western Europe,1962,96,,65,101,40,45,66,105,,54.52164245622127
fernando-quevedo,19.232637940576605,76,82,66,Spain,Europe,Southern Europe,1964,89,,48,108,,,48,108,,57.034909360679144
gert-jakobs,20.167785306990677,138,130,130,Netherlands,Europe,Western Europe,1964,134,,104,137,,50,112,137,,38.42671393016169
erwin-nijboer,23.46312512361654,107,106,143,Netherlands,Europe,Western Europe,1964,114,89,81,120,99,75,81,116,,50.491107293165435
marek-szerszynski,19.355708975093624,70,70,40,Poland,Europe,Eastern Europe,1960,78,41,69,85,,54,68,84,46,45.25692325560922
johnny-dauwe,22.821413808688952,92,80,22,Belgium,Europe,Western Europe,1966,81,,80,,,101,78,,,52.496876839694735
jose-martin-farfan,20.02848178088991,84,79,50,Colombia,America,America,1965,118,78,73,94,,19,66,136,,69.24204514835282
julian-gorospe,23.776279084486198,63,74,293,Spain,Europe,Southern Europe,1960,93,12,30,103,,18,33,100,,58.60172610984228
dario-nicoletti,19.12809810363724,84,84,34,Italy,Europe,Southern Europe,1967,87,,85,81,,100,79,162,,29.435584828383288
viktor-rjaksinski,25.866170546010654,90,86,21,Ukraine,Europe,Eastern Europe,1967,86,57,87,,,,87,57,,17.348253651647614
patrick-evenepoel,21.474107164648952,115,112,21,Belgium,Europe,Western Europe,1968,114,,112,,,,112,,,29.225803993177312
marco-lietti,21.44204929235936,93,95,159,Italy,Europe,Southern Europe,1965,105,83,79,117,,63,81,107,31,46.884225945031574
djamolidine-abduzhaparov,23.78,18,44,244,Uzbekistan,Asia,Asia,1964,53,52,35,49,2,29,33,52,,49.9683843916342
mauro-consonni,22.227429324071274,97,91,21,Italy,Europe,Southern Europe,1968,92,,91,,,125,90,,,32.948300050085685
antonio-politano,20.097493592004778,96,90,56,Italy,Europe,Southern Europe,1967,92,107,71,93,,,70,109,,35.506044848437014
fabio-rodriguez,20.688372179995383,82,76,25,Colombia,America,America,1966,91,,76,,,,76,,,50.896954722262116
fernando-pinero,21.111220328457932,87,88,45,Spain,Europe,Southern Europe,1967,91,,98,78,,,98,78,,35.35752459455477
alfonso-gutierrez,20.339004580235354,11,54,97,Spain,Europe,Southern Europe,1961,94,7,27,121,,18,28,97,,68.71575842065967
andrei-teteriouk,21.5,60,67,200,Kazakhstan,Asia,Asia,1967,73,83,73,49,,104,58,81,49,44.721763782065814
francisco-espinosa,21.8954890715719,99,98,74,Spain,Europe,Southern Europe,1962,105,,81,110,,,81,110,,49.522406194475586
joel-suter,20.78,88,88,32,Switzerland,Europe,Western Europe,1998,89,109,70,101,49,49,88,,109,46.362602681680364
andreas-stokbro,20.9,93,79,8,Denmark,Europe,Northern Europe,1997,78,,,79,,,79,,,36.87987255943274
gonzalo-serrano,20.75,84,76,95,Spain,Europe,Southern Europe,1994,79,90,74,72,22,61,64,107,77,46.80804000577818
jake-stewart,20.6,87,72,53,Great Britain,Europe,Northern Europe,1999,72,101,77,66,8,58,80,53,,43.68577599944219
ben-tulett,19.61,43,52,61,Great Britain,Europe,Northern Europe,2001,53,30,53,55,52,70,48,24,36,33.72703833356997
lukas-ruegg,21.07,82,77,14,Switzerland,Europe,Western Europe,1996,76,,,77,,,77,,,38.50167685801647
roland-thalmann,19.25,68,73,51,Switzerland,Europe,Western Europe,1993,76,,91,59,,113,64,,,38.512009840578095
dion-smith,20.91,77,75,223,New Zealand,Oceania,Oceania,1993,76,74,64,83,72,58,70,87,67,41.648996050996374
sam-oomen,20.75,31,38,295,Netherlands,Europe,Western Europe,1995,38,32,38,40,,31,40,39,32,24.686575833917953
niklas-eg,17.72,64,69,133,Denmark,Europe,Northern Europe,1995,70,62,85,54,35,73,74,56,66,35.707228284242305
tom-dumoulin,20.16,26,35,349,Netherlands,Europe,Western Europe,1990,36,32,32,39,42,38,31,38,56,32.854754919063886
remy-rochas,18.96,64,70,119,France,Europe,Western Europe,1996,71,37,86,55,44,67,80,44,24,38.9046618085816
alexander-kamp,21.39,94,86,62,Denmark,Europe,Northern Europe,1993,89,111,67,84,,70,77,61,126,45.78523428439562
hermann-pernsteiner,19.49,45,48,197,Austria,Europe,Western Europe,1990,48,38,53,48,62,56,50,42,38,25.28341885575471
stephen-williams,17.62,102,95,86,Great Britain,Europe,Northern Europe,1996,97,143,98,50,,103,85,76,146,42.51498488543165
gino-mader,18.62,41,45,164,Switzerland,Europe,Western Europe,1997,46,38,53,38,52,54,50,37,31,31.70441052700997
cristian-munoz,19.44,71,73,30,Colombia,America,America,1996,73,102,75,69,,79,69,,102,23.785439378678326
anton-palzer,19.57,68,71,81,Germany,Europe,Western Europe,1993,73,72,62,86,,59,63,98,,27.18484962957706
kilian-frankiny,20.91,80,81,169,Switzerland,Europe,Western Europe,1994,82,70,86,82,,95,82,71,83,37.589183890610485
nickolas-zukowsky,19.848527717984275,98,93,28,Canada,America,America,1998,94,70,110,88,,108,90,70,,29.864420266993257
thymen-arensman,18.45,42,52,158,Netherlands,Europe,Western Europe,1999,53,52,41,72,55,55,40,61,66,39.37535943840784
gijs-leemreize,18.28,62,71,63,Netherlands,Europe,Western Europe,1999,72,,73,59,,,72,48,,45.24464986066114
gavin-mannion,18.94,92,85,34,United States,America,America,1991,88,83,113,77,,113,77,83,,38.62009304044674
matteo-badilatti,19.57,90,82,112,Switzerland,Europe,Western Europe,1992,84,106,78,75,80,78,78,22,106,43.28118458996865
viktor-verschaeve,21.2,84,92,26,Belgium,Europe,Western Europe,1998,93,80,84,115,,80,97,80,,26.14495097601947
otto-vergaerde,22.59,112,111,93,Belgium,Europe,Western Europe,1994,113,105,111,116,96,112,111,113,33,34.8330252015782
nickolas-dlamini,21.07,106,103,59,South Africa,Africa,Africa,1995,103,107,106,98,,,110,92,113,32.12854078029304
damien-touze,22.79,74,74,88,France,Europe,Western Europe,1996,75,89,58,85,51,52,87,86,62,35.023764137175036
sergio-samitier,19.23,99,91,130,Spain,Europe,Southern Europe,1995,92,71,104,100,85,102,95,108,42,40.20229777725718
rohan-dennis,21.74,77,77,387,Australia,Oceania,Oceania,1990,81,83,58,94,83,76,55,106,72,50.75695485428821
mauri-vansevenant,19.59,57,66,91,Belgium,Europe,Western Europe,1999,67,84,47,85,,42,57,93,54,41.642387065205575
kyle-murphy,19.58,124,110,16,United States,America,America,1991,114,,,126,62,62,126,,,45.22370322445226
kevin-kuhn,22.79,118,114,8,Switzerland,Europe,Western Europe,1998,115,,,114,,,114,,,21.016575091375582
alex-kirsch,20.72,93,92,177,Luxembourg,Europe,Western Europe,1992,95,97,77,110,49,69,86,106,95,42.33681017311423
fabian-lienhard,21.8,104,93,88,Switzerland,Europe,Western Europe,1993,95,91,94,94,73,80,96,95,94,41.12951832871293
connor-brown2,21.16,124,115,36,New Zealand,Oceania,Oceania,1998,116,90,107,123,,107,113,119,,39.46133329471808
marc-sarreau,22.94,111,98,94,France,Europe,Western Europe,1993,101,106,95,110,63,76,111,108,,50.56295866378378
rick-zabel,23.41,102,93,242,Germany,Europe,Western Europe,1993,94,87,98,99,53,73,102,95,93,46.70045204403535
juan-diego-alba,19.71,123,117,19,Colombia,America,America,1997,118,113,,122,,,127,112,95,30.942693683609075
jordi-meeus,22.16,128,102,102,Belgium,Europe,Western Europe,1998,102,124,98,102,113,102,96,106,88,57.37326735872758
johan-jacobs,21.16,82,84,68,Switzerland,Europe,Western Europe,1997,86,98,78,92,80,77,83,103,98,40.86827594759638
matthew-walls,22.98,133,127,12,Great Britain,Europe,Northern Europe,1998,127,,,127,,,127,,,22.54624876411447
yevgeniy-gidich,21.53,88,85,26,Kazakhstan,Asia,Asia,1996,87,88,79,126,65,68,126,,88,39.429157504801715
cyrille-thiery,20.91,114,108,14,Switzerland,Europe,Western Europe,1990,108,,102,113,,,108,,,23.85671513731212
matteo-dal-cin,20.46,123,114,11,Canada,America,America,1991,115,91,,123,,,123,91,,29.366957312908358
rob-britton,19.962512608678157,94,91,30,Canada,America,America,1984,93,79,103,90,,103,90,79,,33.53940896949421
alvaro-jose-hodeg,21.97,132,115,46,Colombia,America,America,1996,116,115,127,100,,126,102,,115,50.92081567099091
claudio-imhof,21.93,109,101,34,Switzerland,Europe,Western Europe,1990,101,,94,104,,,101,,,37.97781743012351
sep-vanmarcke,21.33,80,82,330,Belgium,Europe,Western Europe,1988,87,58,59,101,16,62,69,103,51,55.64047904828358
szymon-sajnok,22.4,118,108,54,Poland,Europe,Eastern Europe,1997,109,108,101,111,107,108,109,109,83,47.87397925374181
jefferson-alexander-cepeda,20.82,87,90,96,Ecuador,America,America,1998,92,101,90,,34,60,95,,101,41.50864948966831
delio-fernandez,21.3,73,78,88,Spain,Europe,Southern Europe,1986,82,76,85,87,21,55,107,79,,39.75483744544152
jose-carlos-prates-neves-fernandes,19.92,102,75,9,Portugal,Europe,Southern Europe,1995,84,,119,,20,57,138,,,56.35379312876818
tiago-antunes,18.81,23,47,7,Portugal,Europe,Southern Europe,1997,48,,,,47,47,,,,38.826230701372374
roger-adria,19.97,59,67,49,Spain,Europe,Southern Europe,1998,71,67,69,80,19,60,68,78,,41.34010464065954
filippo-zana,18.99,72,71,107,Italy,Europe,Southern Europe,1999,74,99,66,,22,51,67,,99,37.213898917139275
jefferson-cepeda-hernandez,21.11,90,86,68,Ecuador,America,America,1996,87,103,97,72,28,59,97,72,112,43.43678360934252
victor-langellotti,20.43,66,78,29,Monaco,Europe,Western Europe,1995,82,,83,112,31,62,75,112,,51.64059673868122
igor-arrieta-lizarraga,19.11,31,37,19,Spain,Europe,Southern Europe,2002,38,,48,,18,18,48,,,25.07171001896069
urko-berrade-fernandez,21.27,68,69,50,Spain,Europe,Southern Europe,1997,72,59,82,79,31,49,96,70,,39.87525957947625
alex-molenaar,18.61,96,87,31,Netherlands,Europe,Western Europe,1999,91,100,109,,37,71,,,100,48.75016404714611
fernando-barcelo,21.14,85,83,102,Spain,Europe,Southern Europe,1996,86,87,81,91,24,68,86,89,88,43.594138848622976
edoardo-zardini,20.72,112,105,152,Italy,Europe,Southern Europe,1989,107,107,106,111,43,88,110,137,97,45.45523913013585
ibai-azurmendi-sagastibel,20.658611442461662,76,86,37,Spain,Europe,Southern Europe,1996,89,68,80,117,54,64,98,95,,35.71271339310272
alejandro-marque,20.53,28,29,4,Spain,Europe,Southern Europe,1981,29,,,,29,29,,,,4.349329450233296
joan-bou,20.439775533226214,98,99,66,Spain,Europe,Southern Europe,1997,101,97,102,104,53,92,97,102,90,36.32679952371752
davide-bais,19.71,118,109,70,Italy,Europe,Southern Europe,1998,112,99,113,,56,122,101,,99,35.70731319101048
erik-fetter,19.81,82,84,45,Hungary,Europe,Eastern Europe,2000,86,103,89,,38,78,87,,103,39.16485489039706
luis-fernandes,21.05,76,67,4,Portugal,Europe,Southern Europe,1987,67,,,,67,67,,,,21.740898478827106
daniel-freitas,21.89,33,35,4,Portugal,Europe,Southern Europe,1991,35,,,,35,35,,,,27.669176592976765
simone-ravanelli,20.83,98,91,69,Italy,Europe,Southern Europe,1995,93,84,99,,53,53,99,,84,32.767633688776
calum-johnston,18.38,68,68,4,Great Britain,Europe,Northern Europe,1998,68,,,,68,68,,,,28.709754439911183
alessandro-fancellu,20.96,54,53,5,Italy,Europe,Southern Europe,2000,53,54,,,53,53,,,54,10.27131929208707
kristian-aasvold,20.38,60,62,15,Norway,Europe,Northern Europe,1995,65,,,67,56,56,67,,,30.679138250764538
alberto-gallego,19.79,54,62,4,Spain,Europe,Southern Europe,1990,61,,,,62,62,,,,25.252062622024894
henrique-casimiro,20.24,45,48,5,Portugal,Europe,Southern Europe,1986,48,,,,48,48,,,,8.46758525200662
rui-vinhas,20.18,68,68,4,Portugal,Europe,Southern Europe,1986,68,,,,68,68,,,,28.219378684395824
unai-iribar-jauregi,19.11,57,60,10,Spain,Europe,Southern Europe,1999,61,,67,,49,49,67,,,17.42316465704973
carlos-canal,21.85,83,75,65,Spain,Europe,Southern Europe,2001,77,77,84,81,24,43,99,80,,46.45087355310074
omar-el-gouzi,17.7,88,87,6,Morocco,Africa,Africa,1999,89,97,119,,76,85,,,97,21.839566540265093
isaac-canton,20.06,69,72,4,Spain,Europe,Southern Europe,1996,72,,,,72,72,,,,18.553975315279473
derek-gee,21.28,49,49,41,Canada,America,America,1997,50,,50,,47,47,50,,,35.67449386039166
samuel-blanco,20.824370786569908,71,68,7,Spain,Europe,Southern Europe,1994,68,,,,68,68,,,,19.12863722027165
diego-lopez-fuentes,19.39,87,88,15,Spain,Europe,Southern Europe,1997,91,,103,,46,46,103,,,37.676947606625205
orluis-aular,20.98,62,57,14,Venezuela,America,America,1996,59,,67,,32,32,67,,,44.58157111987512
davide-gabburo,21.3,74,75,96,Italy,Europe,Southern Europe,1993,76,62,78,58,46,75,78,55,94,43.34743233861581
rafael-silva,20.52,60,57,7,Portugal,Europe,Southern Europe,1990,57,,,,57,57,,,,9.73701821963602
alvaro-trueba,19.84,60,60,4,Spain,Europe,Southern Europe,1993,61,,,,60,60,,,,14.977761292440647
asier-etxeberria,22.25570192672369,86,89,14,Spain,Europe,Southern Europe,1998,91,,94,,77,77,94,,,26.634790930512068
aritz-bagues,22.13,97,92,91,Spain,Europe,Southern Europe,1989,92,84,107,106,60,60,107,90,97,38.718132352862426
daniel-jimenez1,20.440407296956227,85,84,4,Spain,Europe,Southern Europe,2002,84,,,,84,84,,,,22.80898945591409
carlos-salgueiro,20.31,99,95,4,Portugal,Europe,Southern Europe,1999,95,,,,95,95,,,,17.461863207191456
pedro-miguel-lopes,20.99,96,98,5,Portugal,Europe,Southern Europe,1999,98,,,,98,98,,,,15.789236840328922
paniego-fuentes,21.33,72,63,4,Spain,Europe,Southern Europe,1996,63,,,,63,63,,,,37.5
filippo-fiorelli,20.54267562071714,108,90,82,Italy,Europe,Southern Europe,1994,91,91,92,111,58,71,95,111,91,51.90927972230753
andrii-ponomar,18.99,96,93,53,Ukraine,Europe,Eastern Europe,2002,94,,98,67,62,69,94,,,36.73332881149346
samuele-rivi,20.81,138,124,67,Italy,Europe,Southern Europe,1998,127,102,131,,62,113,130,,102,38.643337758834626
valter-pereira,19.61,99,94,5,Portugal,Europe,Southern Europe,1990,94,,,,94,94,,,,12.911235417263523
stephen-bassett,18.95028257187889,46,45,4,United States,America,America,1995,45,,,,45,45,,,,31.3581462037113
matthias-brandle,22.16,116,105,336,Austria,Europe,Western Europe,1989,106,116,101,111,83,96,100,127,99,50.56548316916165
joao-benta,18.73,76,74,4,Portugal,Europe,Southern Europe,1986,74,,,,74,74,,,,9.17877987534291
ibon-ruiz,20.52,76,83,21,Spain,Europe,Southern Europe,1999,88,,99,81,54,54,99,81,,37.212389129991436
jordi-lopez-caravaca,20.42,100,97,10,Spain,Europe,Southern Europe,1998,100,,112,,74,74,112,,,26.34894052265986
keegan-swirbul,18.39,89,89,12,United States,America,America,1995,95,,,87,92,92,87,,,36.63197394560543
jorge-arcas,19.45,88,89,209,Spain,Europe,Southern Europe,1992,91,88,83,97,69,80,87,98,95,35.26842883002286
simone-bevilacqua,22.89,112,112,26,Italy,Europe,Southern Europe,1997,115,116,142,,82,94,,,116,30.210848790051973
giovanni-lonardi,21.6,117,97,55,Italy,Europe,Southern Europe,1996,98,106,90,,74,78,96,105,106,53.37733033732012
alessio-nieri,20.852482759756757,90,89,4,Italy,Europe,Southern Europe,2001,89,,,,89,89,,,,11.89887949906769
franklin-chacon,21.723186220526106,96,96,4,Venezuela,America,America,1998,96,,,,96,96,,,,9.03696114115064
marco-frigo,18.39,70,66,25,Italy,Europe,Southern Europe,2000,67,,65,,75,75,65,,,34.37019057264594
alex-tolio,20.071634772294242,92,86,5,Italy,Europe,Southern Europe,2000,86,,81,,87,86,,,,11.322543883774527
guilherme-mota,19.14,93,95,4,Portugal,Europe,Southern Europe,2000,95,,,,95,95,,,,9.604686356149275
adria-moreno,19.05,94,96,11,Spain,Europe,Southern Europe,1991,102,,118,58,72,100,,58,,32.19260219931959
jon-barrenetxea-golzarri,20.94,99,101,16,Spain,Europe,Southern Europe,2000,105,,110,,73,73,110,,,31.613288345251274
diego-andres-camargo,20.98,94,96,82,Colombia,America,America,1998,98,52,100,110,74,87,102,96,,36.57083847876677
ricardo-alejandro-zurita,21.45,97,92,5,Spain,Europe,Southern Europe,2000,95,,141,,79,92,,,,44.551094262655326
juan-antonio-lopez-cozar-jaimez,22.86,96,97,4,Spain,Europe,Southern Europe,1994,97,,,,97,97,,,,5.0579969684978385
antonio-angulo,21.88,101,102,13,Spain,Europe,Southern Europe,1992,107,,129,50,91,91,129,50,,34.091505822283196
oscar-cabedo,17.51,94,92,130,Spain,Europe,Southern Europe,1994,93,86,105,94,81,112,94,89,89,47.8954617205925
savva-novikov,20.75,88,87,8,Russia,Asia,Asia,1999,90,,102,,72,87,,,,26.166704579893672
cesar-martingil,22.65,95,76,4,Portugal,Europe,Southern Europe,1995,76,,,,76,76,,,,44.19181673869798
brandon-alejandro-rojas-vega,20.2,90,89,4,Colombia,America,America,2002,89,,,,89,89,,,,14.080127840328723
daniel-viegas,20.23,104,104,4,Portugal,Europe,Southern Europe,1998,104,,,,104,104,,,,3.9157800414902426
joni-brandao,20.66,87,87,4,Portugal,Europe,Southern Europe,1989,87,,,,87,87,,,,15.705625319186328
francisco-guerreiro,18.11,70,69,7,Portugal,Europe,Southern Europe,2000,68,,,,69,69,,,,32.68755406077656
joan-marti-bennassar,20.78,104,101,4,Spain,Europe,Southern Europe,1999,101,,,,101,101,,,,10.488088481701515
guillermo-garcia-janeiro,21.22,102,98,7,Spain,Europe,Southern Europe,1999,98,,,,98,98,,,,11.588171308956138
santiago-mesa-pietralunga,20.969148424020023,88,88,2,Colombia,America,America,1997,88,,,,88,88,,,,32.526911934581186
antonio-sobrino,24.089832358550385,32,40,19,Spain,Europe,Southern Europe,1956,42,,40,,,,40,,,33.136436015553414
maurizio-bertini,19.964576921364195,30,42,19,Italy,Europe,Southern Europe,1955,45,,42,,,,42,,,32.04492460566035
luis-alberto-ordiales,20.688340859756053,33,42,29,Spain,Europe,Southern Europe,1952,46,24,51,,,,51,24,,32.40552771674896
dominique-arnaud,22.065769930537673,69,72,295,France,Europe,Western Europe,1955,80,34,40,78,,28,49,78,,42.20096321147206
peter-zijerveld,23.33430474375138,36,45,54,Netherlands,Europe,Western Europe,1955,58,,32,144,,23,34,144,,39.691736700025494
felipe-yanez,21.258834557232976,60,65,88,Spain,Europe,Southern Europe,1953,77,18,47,98,,,52,94,,39.64574055294768
juan-jose-quintanilla,21.45151333077781,37,39,29,Spain,Europe,Southern Europe,1958,40,,39,,,,39,,,18.829543917416878
anastasio-greciano,21.290088139982036,70,83,156,Spain,Europe,Southern Europe,1952,97,,51,109,,,59,105,,43.761971775701205
juan-fernandez-martin,22.46,26,46,157,Spain,Europe,Southern Europe,1957,66,10,27,79,,9,32,68,50,48.17126578805786
ricardo-zuniga,20.778128302468126,54,58,73,Spain,Europe,Southern Europe,1957,73,12,49,113,,,55,76,,40.118531570116886
ignacio-fandos,19.51581327810153,48,49,38,Spain,Europe,Southern Europe,1957,51,,49,,,,49,,,24.29231654162996
francisco-lopez-393,19.674769954515654,58,57,57,Spain,Europe,Southern Europe,1958,64,1,58,56,,,58,45,,28.959601539096806
claude-criquielion,21.320367652266523,25,36,407,Belgium,Europe,Western Europe,1957,42,11,19,44,,23,23,44,10,31.29083183472852
francisco-ramon-albelda,21.351705551752136,62,66,78,Spain,Europe,Southern Europe,1955,75,,45,102,,,53,100,,36.73668352048012
jesus-lopez23,25.241234659193612,66,64,15,Spain,Europe,Southern Europe,1955,66,,64,,,,64,,,19.450302972300605
pedro-torres,22.112118095413017,28,35,62,Spain,Europe,Southern Europe,1949,41,13,16,56,,,29,40,,30.1776907593402
jesus-manzaneque,21.590555698798166,47,41,28,Spain,Europe,Southern Europe,1943,53,16,46,3,,14,50,16,,25.431722056763807
co-moritz,22.513195299910386,47,48,25,Netherlands,Europe,Western Europe,1951,51,,48,,,,48,,,22.037846234754124
antonio-cabello,20.283555236732894,50,48,40,Spain,Europe,Southern Europe,1956,51,,48,,,,48,,,23.52167576447798
jesus-hernandez-ubeda,17.07261369322324,62,69,205,Spain,Europe,Southern Europe,1959,79,,44,88,,,47,87,,37.51194740334594
angel-arroyo,20.89565011484238,33,45,173,Spain,Europe,Southern Europe,1956,61,10,28,66,,,30,59,17,44.12518471728118
jorge-ruiz-cabestany,19.303093935169937,92,82,44,Spain,Europe,Southern Europe,1956,91,,50,108,,,65,104,,39.35845863832548
vicente-belda,19.96058274991327,35,50,185,Spain,Europe,Southern Europe,1954,66,7,29,85,,,33,77,,43.70310849501338
pedro-munoz-machin,19.60746580937609,41,57,174,Spain,Europe,Southern Europe,1958,78,9,33,90,,8,39,77,16,50.73792487672275
manuel-esparza,20.579382275795,30,45,41,Spain,Europe,Southern Europe,1951,57,15,44,99,,21,61,16,,36.465135370117245
francisco-codony,20.703606260999226,35,42,19,Spain,Europe,Southern Europe,1955,43,,42,,,,42,,,21.17443565118558
antonio-gonzalez,22.517205228112946,36,42,19,Spain,Europe,Southern Europe,1954,43,,42,,,,42,,,18.798873924219862
carlos-ocana,22.706969700488045,50,60,20,Spain,Europe,Southern Europe,1951,62,,60,,,,60,,,21.22535722841159
jose-enrique-cima-prado,20.03153680915871,24,36,34,Spain,Europe,Southern Europe,1952,41,14,36,69,,37,40,24,,32.4486156248842
francisco-sala,18.016086075902333,59,56,38,Spain,Europe,Southern Europe,1958,60,,58,30,,,58,30,,19.797552904228656
raymond-hernando,21.463765319935924,55,55,20,France,Europe,Western Europe,1954,59,,55,,,,55,,,26.360656488910056
jordi-fortia-marti,21.117453457046388,54,55,95,Spain,Europe,Southern Europe,1955,60,24,46,70,,,55,56,,27.02021142233996
juan-luis-juarez,19.70030681582885,55,58,39,Spain,Europe,Southern Europe,1957,61,,58,,,,58,,,21.33009632999096
rafael-ladron,25.61,44,58,66,Spain,Europe,Southern Europe,1952,73,22,38,122,,,53,67,,44.051477092517956
vicente-iza-narvarrete,21.430239911302245,62,63,26,Spain,Europe,Southern Europe,1958,67,,63,,,,63,,,21.624949977710045
joseph-borguet,21.96809757698057,53,55,70,Belgium,Europe,Western Europe,1951,58,,40,62,,,47,62,,29.297040177243122
isidro-juarez,22.0648919591161,46,45,79,Spain,Europe,Southern Europe,1956,48,9,47,39,,40,47,24,,18.501769698771202
johan-de-muynck,22.537025484223076,38,45,137,Belgium,Europe,Western Europe,1948,51,9,37,54,,41,37,51,12,31.344219063473446
jesus-angel,19.29484050523512,57,58,19,Spain,Europe,Southern Europe,1957,61,,58,,,,58,,,27.694553690095226
jose-luis-lopez-cerron,21.00322527292058,48,49,62,Spain,Europe,Southern Europe,1956,53,13,49,46,,,49,30,,25.96791027072957
paul-jesson,22.453621515706182,39,46,33,New Zealand,Oceania,Oceania,1955,51,,30,82,,17,39,81,,34.90636826503934
etienne-de-wilde,23.66,17,45,232,Belgium,Europe,Western Europe,1958,55,67,20,62,33,14,28,63,,48.34487305042007
ivan-gotti,21.72,40,47,290,Italy,Europe,Southern Europe,1969,53,89,39,50,,,36,75,43,37.56299580835581
daniel-clavero,20.472484725052677,50,54,255,Spain,Europe,Southern Europe,1968,58,48,62,49,,,56,52,40,36.7435100858093
dario-frigo,20.15,34,43,366,Italy,Europe,Southern Europe,1973,45,41,38,54,,41,38,59,15,38.25327606526373
massimo-codol,21.15,55,60,483,Italy,Europe,Southern Europe,1973,63,66,59,53,,72,56,70,40,32.33672202225449
andrei-zintchenko,21.632226583117173,35,45,170,Russia,Asia,Asia,1972,48,50,35,38,,36,32,52,12,36.93369049944517
niklas-axelsson,22.53,50,56,91,Sweden,Europe,Northern Europe,1972,59,18,64,46,,43,62,45,18,37.49105550633701
daniele-de-paoli,21.961045937204382,57,62,221,Italy,Europe,Southern Europe,1973,65,83,66,41,,113,55,88,33,35.849687338534366
alexandre-shefer,21.95,50,57,263,Kazakhstan,Asia,Asia,1971,60,86,47,48,,68,42,84,,37.92481988044291
gilberto-simoni,20.42,44,56,567,Italy,Europe,Southern Europe,1971,59,59,48,69,,66,44,80,22,46.92916890656507
richard-virenque,20.29,35,43,508,France,Europe,Western Europe,1969,48,40,49,42,28,44,41,44,28,35.77149797755362
roberto-sgambelluri,20.57,50,55,257,Italy,Europe,Southern Europe,1974,57,68,52,41,,43,49,68,40,33.917898232722095
jose-jaime-gonzalez,23.24444216305233,99,94,168,Colombia,America,America,1968,103,111,89,96,,,84,116,14,49.99759902989265
oscar-sevilla,20.24,30,37,388,Spain,Europe,Southern Europe,1976,38,26,48,38,,91,37,33,78,29.29419824152948
santiago-blanco,20.83,59,68,295,Spain,Europe,Southern Europe,1974,73,69,48,78,,32,46,78,37,44.03463883959077
oscar-mason,21.85190803379523,61,70,156,Italy,Europe,Southern Europe,1975,73,110,67,78,,34,69,127,,41.01911586083936
simone-borgheresi,21.36577275724401,100,98,134,Italy,Europe,Southern Europe,1968,103,,106,82,,140,92,102,,47.8960252372949
gorazd-stangelj,21.13,76,79,393,Slovenia,Europe,Southern Europe,1973,82,76,82,68,,87,78,83,38,39.165592767786045
marco-della-vedova,23.543892064897545,86,91,204,Italy,Europe,Southern Europe,1972,95,108,90,81,,,83,111,,38.49591852732992
amilcare-tronca,22.41508089429839,54,62,121,Italy,Europe,Southern Europe,1972,64,89,68,45,,,56,89,,35.19925572090673
marco-magnani,20.43,64,74,95,Italy,Europe,Southern Europe,1974,78,87,70,70,,,67,90,,48.662475339413376
evgeni-berzin,22.15,31,42,184,Russia,Asia,Asia,1970,52,41,37,47,,43,36,59,41,38.869482367779
massimiliano-gentili,21.261580836987953,45,55,205,Italy,Europe,Southern Europe,1971,58,54,57,53,,59,55,55,24,39.46422809203353
simone-bertoletti,21.68,93,92,283,Italy,Europe,Southern Europe,1974,95,101,87,88,41,96,86,103,,35.51577992614866
cristiano-frattini,20.13042159734583,90,90,135,Italy,Europe,Southern Europe,1973,91,76,94,90,,,92,85,,29.9096723809334
david-navas,23.55,102,102,177,Spain,Europe,Southern Europe,1974,104,96,108,98,,101,102,102,,36.63646208889951
gerrit-glomser,20.01,50,59,176,Austria,Europe,Western Europe,1975,61,52,71,55,,80,57,59,33,48.35973290076948
miguel-angel-pena,20.935993305575924,85,84,121,Spain,Europe,Southern Europe,1970,88,98,85,78,,23,76,96,,37.654089296799484
marzio-bruseghin,21.13,60,65,614,Italy,Europe,Southern Europe,1974,65,32,68,67,,92,62,62,21,41.74703460321431
ermanno-brignoli,22.31,88,85,210,Italy,Europe,Southern Europe,1969,92,96,87,74,29,66,87,92,36,40.94884777342693
fabiano-fontanelli,22.2,70,73,237,Italy,Europe,Southern Europe,1965,85,144,76,54,,58,71,106,24,56.86264096106018
enrico-cassani,21.22,75,75,229,Italy,Europe,Southern Europe,1972,80,119,60,91,50,46,68,112,,48.9351604392976
eduardo-hernandez,23.067483175950684,100,99,68,Spain,Europe,Southern Europe,1973,101,98,99,100,,89,97,104,,25.573367917031227
stefano-panetta,19.63644713455976,96,93,31,Italy,Europe,Southern Europe,1975,95,,92,98,,103,90,,,35.73110448834446
oscar-pellicioli,21.76862741445374,88,87,260,Italy,Europe,Southern Europe,1965,94,79,83,92,,106,79,97,38,42.18075629201308
oscar-pozzi,23.259434362355815,98,96,199,Italy,Europe,Southern Europe,1971,99,112,99,84,,128,88,111,,37.71886539195639
marco-gilli,22.665323146558624,76,77,57,Italy,Europe,Southern Europe,1973,80,87,75,58,,,72,84,,45.714365993037276
aitor-osa,20.66,42,50,310,Spain,Europe,Southern Europe,1973,52,54,40,61,,45,39,57,,35.47154146185256
samuele-schiavina,19.880844935818192,100,83,70,Italy,Europe,Southern Europe,1971,92,90,81,62,,102,73,88,,53.13490974435144
paolo-valoti,22.41,83,84,139,Italy,Europe,Southern Europe,1971,87,58,105,74,,104,92,66,53,45.239007769862376
serguei-smetanine,23.05,71,69,168,Russia,Asia,Asia,1973,72,70,69,60,,,64,72,65,47.588675800473204
andrej-hauptman,21.6,64,68,172,Slovenia,Europe,Southern Europe,1975,71,62,65,73,,55,64,86,14,47.25578598569203
alain-turicchia,20.965848901844925,77,69,49,Italy,Europe,Southern Europe,1975,68,85,58,90,,10,72,85,,47.10376264994457
william-chann-mcrae,20.24,52,58,179,United States,America,America,1971,60,66,51,58,,51,51,71,18,34.21756867680005
andrea-brognara,21.955341344257675,110,107,195,Italy,Europe,Southern Europe,1971,113,127,107,100,,82,101,125,,36.65174064787598
carlo-bianchi,21.442091034302084,101,98,60,Italy,Europe,Southern Europe,1970,100,,101,83,,93,99,100,,26.398826159488042
diego-ferrari,22.34,90,92,129,Italy,Europe,Southern Europe,1970,95,101,95,73,,81,88,101,,31.43588898502905
massimo-apollonio,22.6,93,87,202,Italy,Europe,Southern Europe,1970,91,79,96,81,,87,88,86,16,44.95479122985092
martin-hvastija,22.15,92,86,281,Slovenia,Europe,Southern Europe,1969,91,90,83,86,,71,82,95,17,50.59516746707988
stefano-faustini,20.961396321630843,36,52,121,Italy,Europe,Southern Europe,1968,54,24,65,44,,47,60,24,28,43.61321513526905
olivier-asmaker,21.54621244002976,135,126,22,France,Europe,Western Europe,1973,129,,141,93,,,126,,,34.50318386714039
rodolfo-ongarato,20.880952631157935,118,120,38,Italy,Europe,Southern Europe,1971,122,,125,110,,139,114,,,27.316385591140513
alexander-gontsjenkov,22.1,72,71,138,Ukraine,Europe,Eastern Europe,1970,79,,63,81,,65,62,88,,52.36280477411943
francesco-arazzi,20.412828539947437,118,97,44,Italy,Europe,Southern Europe,1972,99,180,96,81,,101,93,180,,55.93806507858249
luca-cei,21.018626479617634,134,105,26,Italy,Europe,Southern Europe,1975,105,,105,,,,105,,,60.37570830927081
filippo-baldo,21.10014735073001,83,88,46,Italy,Europe,Southern Europe,1975,90,,100,60,,178,87,62,,40.888732015031984
carlos-sastre,20.86,46,55,704,Spain,Europe,Southern Europe,1975,56,35,72,50,,93,63,44,48,40.73233867407363
david-canada,20.98,56,64,412,Spain,Europe,Southern Europe,1975,65,65,64,63,,87,57,69,47,35.959507748704155
dirk-muller,18.9372913929315,96,90,53,Germany,Europe,Western Europe,1973,96,152,87,57,78,94,73,152,,47.747909322843306
jean-marie-grezet,20.420708882385256,20,39,82,Switzerland,Europe,Western Europe,1959,59,16,21,52,,23,22,60,16,39.24321739373857
peter-winnen,20.76,34,39,231,Netherlands,Europe,Western Europe,1957,48,26,21,44,,12,29,46,34,32.6189926649635
beat-breu,21.58258882457041,55,58,221,Switzerland,Europe,Western Europe,1957,69,25,29,61,,51,22,68,,42.48132650476297
jostein-wilmann,20.603507852250086,32,38,83,Norway,Europe,Northern Europe,1953,42,30,24,40,,21,27,44,,26.451325898462233
mathieu-hermans,22.234808150700683,26,65,152,Netherlands,Europe,Western Europe,1963,82,4,40,84,,56,41,79,,68.15233402184117
paulo-pinto,20.679518776412483,6,20,3,Portugal,Europe,Southern Europe,1967,48,,20,,,,20,,,28.687976575562104
casimiro-moreda,21.524603125963484,6,23,32,Spain,Europe,Southern Europe,1962,80,4,23,25,,14,22,30,,39.634608838008425
benny-van-brabant,21.05160757812183,10,41,141,Belgium,Europe,Western Europe,1959,64,,16,65,9,16,15,80,,49.769068530271085
roger-ilegems,24.44,43,68,21,Belgium,Europe,Western Europe,1962,95,,28,112,,32,28,112,,58.881357709501614
malcolm-elliott,22.21,14,35,101,Great Britain,Europe,Northern Europe,1961,55,3,14,56,,23,13,55,,42.542668156350814
miguel-angel-iglesias,19.870053614221824,12,24,65,Spain,Europe,Southern Europe,1961,35,5,25,32,,,25,18,,23.758176730095713
juan-ayuso-pesquera,19.41,14,22,53,Spain,Europe,Southern Europe,2002,23,16,17,28,,12,23,25,,21.078848449556286
sergio-higuita,20.69,33,41,146,Colombia,America,America,1997,42,41,34,49,37,23,42,51,29,35.16677654955255
joao-almeida,19.88,17,23,162,Portugal,Europe,Southern Europe,1998,23,17,23,38,22,22,24,32,12,20.14866246265038
santiago-buitrago-sanchez,19.49,49,59,104,Colombia,America,America,1999,60,77,48,77,,54,49,75,78,38.109320316639945
ilan-van-wilder,21.89,34,41,87,Belgium,Europe,Western Europe,2000,42,45,34,57,,45,33,61,31,31.9988012673096
carlos-rodriguez-cano,20.01,26,29,82,Spain,Europe,Southern Europe,2001,29,20,35,26,70,45,35,23,4,20.838609991205086
henri-vandenabeele,24.04988552990822,122,108,27,Belgium,Europe,Western Europe,2000,111,,85,162,,76,117,163,,56.00811398278674
torstein-traeen,19.831494624750928,71,76,44,Norway,Europe,Northern Europe,1995,80,83,49,89,,49,25,113,,52.12440396179214
harm-vanhoucke,19.84,88,87,197,Belgium,Europe,Western Europe,1997,88,88,88,101,44,58,100,109,68,47.56999510042817
jose-felix-parra,18.81,54,68,48,Spain,Europe,Southern Europe,1997,70,39,80,70,63,90,63,55,,38.205491417701786
mattias-skjelmose-jensen,20.06,29,39,101,Denmark,Europe,Northern Europe,2000,41,9,40,41,30,44,33,51,,34.715865063810696
sylvain-moniquet,19.92,58,71,109,Belgium,Europe,Western Europe,1998,74,57,67,79,,71,61,98,,43.5342905608685
juan-pedro-lopez,20.76,59,64,153,Spain,Europe,Southern Europe,1997,64,72,48,77,,62,43,82,60,36.90250988263691
attila-valter,18.99,40,46,119,Hungary,Europe,Eastern Europe,1998,48,42,48,48,44,47,47,35,43,32.638123656170414
quentin-pacher,19.35,55,59,188,France,Europe,Western Europe,1992,61,43,51,68,,57,57,66,29,34.730392116045905
gotzon-martin,19.96692943532359,62,65,74,Spain,Europe,Southern Europe,1996,66,69,65,63,,74,59,65,,38.34399966429507
ben-zwiehoff,18.42,60,66,86,Germany,Europe,Western Europe,1994,68,50,65,94,42,54,65,81,,34.43924248163161
simone-petilli,20.52,62,68,226,Italy,Europe,Southern Europe,1993,70,58,69,71,66,62,72,69,48,34.89913912268359
luke-plapp,21.98,88,78,48,Australia,Oceania,Oceania,2000,80,106,76,88,51,68,60,97,,42.453849577766576
vadim-pronskiy,19.38,66,74,122,Kazakhstan,Asia,Asia,1998,76,43,78,93,43,91,69,63,,39.2010794597398
matthew-holmes,21.15,102,100,116,Great Britain,Europe,Northern Europe,1993,102,96,107,100,56,84,102,106,99,40.76363560829673
callum-scotson,22.99,99,94,130,Australia,Oceania,Oceania,1996,96,109,97,75,88,84,96,96,109,42.54863855418347
joel-nicolau,21.31,113,102,23,Spain,Europe,Southern Europe,1997,107,,109,53,,102,125,53,,37.518058892791935
unai-cuadrado,18.538231187795436,88,96,22,Spain,Europe,Southern Europe,1997,97,,99,,71,92,108,,,31.015601436495352
jaime-castrillo,18.79,84,83,35,Spain,Europe,Southern Europe,1996,83,61,79,90,109,90,81,61,,27.843198406055862
raul-garcia-pierna,21.88,85,84,49,Spain,Europe,Southern Europe,2001,85,45,97,86,,88,106,65,,39.15088334465351
ander-okamika,19.39,102,101,68,Spain,Europe,Southern Europe,1993,103,86,100,109,,98,101,101,,34.33902079892966
william-barta,18.83,74,73,152,United States,America,America,1996,73,68,72,99,46,76,68,91,49,38.60848156013425
casper-pedersen,20.52,103,95,103,Denmark,Europe,Northern Europe,1996,96,96,83,111,58,81,99,105,,36.49481733570216
theo-delacroix,20.02,96,97,31,France,Europe,Western Europe,1999,98,85,98,92,,87,100,85,,29.19537450475877
corbin-strong,21.89,75,70,37,New Zealand,Oceania,Oceania,2000,70,86,74,67,,73,76,67,86,46.16244654989021
antonio-soto,21.55,105,80,35,Spain,Europe,Southern Europe,1994,79,86,96,63,,96,,69,,55.22099223296587
francisco-galvan,22.28,99,87,45,Spain,Europe,Southern Europe,1997,88,79,86,100,,83,92,90,,43.271669412415484
clement-berthet,20.09,36,44,81,France,Europe,Western Europe,1997,44,29,48,40,51,51,36,45,29,26.78764225865684
jaakko-hanninen,19.15,77,81,113,Finland,Europe,Northern Europe,1997,82,77,88,84,67,79,88,65,83,34.146209944927044
jonas-iversby-hvideberg,22.61497247326611,116,108,54,Norway,Europe,Northern Europe,1999,110,102,113,105,56,101,118,103,,36.34764974806826
jacob-hindsgaul-madsen,18.56,112,103,17,Denmark,Europe,Northern Europe,2000,105,,103,,,101,109,,,36.470475569085934
kaden-groves,24.54,110,85,93,Australia,Oceania,Oceania,1998,86,104,82,92,76,79,95,90,,58.961556718259104
oier-lazkano,20.72,106,103,72,Spain,Europe,Southern Europe,1999,106,97,111,96,90,98,107,102,,40.547193759281775
manuel-penalver,21.39,100,78,6,Spain,Europe,Southern Europe,1998,78,,78,,,78,,,,58.16327592791405
ethan-vernon,20.94,84,76,32,Great Britain,Europe,Northern Europe,2000,76,,74,86,72,76,76,,,42.63120165839464
phil-bauhaus,20.97,125,94,147,Germany,Europe,Western Europe,1994,95,170,96,107,50,77,104,117,,64.65053761409736
marc-brustenga-masague,22.16,110,98,30,Spain,Europe,Southern Europe,1999,100,,115,,77,95,113,,,40.28326425837838
michal-schlegel,21.27,93,89,31,Czech Republic,Europe,Eastern Europe,1995,90,,91,38,79,94,88,38,,38.17928842338643
martin-laas,24.54,138,122,52,Estonia,Europe,Northern Europe,1993,123,135,117,121,87,101,,125,134,48.01241041173099
alexandre-delettre,21.45,89,95,39,France,Europe,Western Europe,1997,98,47,96,,,111,86,47,,35.42735053587697
david-dekker,22.16,110,98,40,Netherlands,Europe,Western Europe,1998,100,,111,,36,83,111,,,58.480541361624866
juan-carlos-alonso,18.388648169363204,40,61,67,Spain,Europe,Southern Europe,1958,74,,37,107,,7,38,107,,46.035097616639156
manuel-imanol-murga,23.30929479152261,64,62,97,Spain,Europe,Southern Europe,1958,77,10,28,95,,9,40,91,,45.94084937061427
enrique-alberto-aja,21.98470356912351,68,73,184,Spain,Europe,Southern Europe,1960,85,5,32,85,,49,42,82,,45.017431485618616
reimund-dietzen,24.238786891419156,38,53,179,Germany,Europe,Western Europe,1959,76,69,19,90,,16,20,90,,47.307182260629965
marco-vitali,22.444945796939116,18,27,34,Italy,Europe,Southern Europe,1960,38,23,34,6,,75,20,,23,27.109617713074073
jose-luis-navarro,22.39776147821735,21,42,74,Spain,Europe,Southern Europe,1962,59,11,20,83,,32,18,72,,45.9528354701348
luis-vicente-otin,20.31963875958558,54,69,62,Spain,Europe,Southern Europe,1959,88,12,41,113,,,49,105,,46.7063154703116
ennio-salvador,20.435520210464603,93,90,39,Italy,Europe,Southern Europe,1960,105,8,56,118,,79,47,118,8,52.19455196723819
jan-wynants,23.40802017509142,56,65,194,Belgium,Europe,Western Europe,1958,75,,35,79,65,39,37,79,,44.352983169938625
alvaro-pino,21.794990582646506,25,35,222,Spain,Europe,Southern Europe,1956,47,19,21,51,,20,24,49,,32.34961601050417
roberto-ceruti,22.72182516886988,51,51,40,Italy,Europe,Southern Europe,1953,61,17,47,78,,64,50,76,10,32.80025015539378
leonardo-natale,21.916327603433054,37,40,33,Italy,Europe,Southern Europe,1958,46,,44,4,,34,40,,,25.84932300854318
claudio-bortolotto,19.788856335080254,25,32,49,Italy,Europe,Southern Europe,1952,34,18,34,10,,5,34,20,12,24.196105691045506
jose-antonio-747,23.865617237370067,36,40,54,Spain,Europe,Southern Europe,1958,42,,39,46,,88,38,46,,20.248215146815436
carlos-machin,20.92954455074693,55,54,46,Spain,Europe,Southern Europe,1958,58,,54,32,,,54,32,,23.274667450417763
jon-urien,20.316498350976534,48,53,28,Spain,Europe,Southern Europe,1959,56,,52,58,,,52,58,,21.106808249883603
angel-camarillo,21.11513113196751,48,56,116,Spain,Europe,Southern Europe,1959,71,8,41,83,,,41,80,,39.246688379093044
orlando-maini,20.898067093296365,44,47,41,Italy,Europe,Southern Europe,1958,48,,47,,,34,48,,,21.69652102043652
jose-del-ramo,19.327460322263793,112,111,30,Spain,Europe,Southern Europe,1960,122,,54,129,,,90,122,,43.6069698109368
philippe-poissonnier,20.723944129793956,48,59,62,France,Europe,Western Europe,1951,73,,44,84,,40,49,83,,40.28625756900133
stefan-morjean,18.87798819791906,95,96,83,Belgium,Europe,Western Europe,1960,105,,46,108,,,56,108,,42.83972618130119
eric-guyot,21.451865976190707,48,66,39,France,Europe,Western Europe,1962,80,,44,109,,,44,109,,43.62006248908816
eduardo-gonzalez,24.75997594993527,87,87,22,Spain,Europe,Southern Europe,1960,98,,59,110,,121,72,103,,42.193765568077154
mariano-bayon,19.87083104306029,47,44,14,Spain,Europe,Southern Europe,1960,54,5,47,,,,47,5,,31.858892180818387
jesus-guzman-delgado,19.643063494213973,48,57,87,Spain,Europe,Southern Europe,1957,68,,38,94,,,48,87,,34.789779951787935
valentin-dorronsoro,20.44022176867659,67,66,10,Spain,Europe,Southern Europe,1959,70,,68,44,,,68,44,,21.463146709340332
sabino-angoitia,20.581369691226868,48,44,48,Spain,Europe,Southern Europe,1958,52,11,44,52,,,44,39,,33.36483662023592
giuseppe-martinelli,24.44,13,29,33,Italy,Europe,Southern Europe,1955,33,2,31,,,14,32,2,,31.41070797924771
mauro-angelucci,21.728587449730973,44,48,14,Italy,Europe,Southern Europe,1961,52,,48,,,64,45,,,25.363835984018188
rafael-garcia,19.126902046099314,57,59,25,Spain,Europe,Southern Europe,1961,66,,61,44,,,61,44,,23.414952487673343
juan-caldentey,21.84253670374833,50,55,9,Spain,Europe,Southern Europe,1962,55,,55,54,,,55,54,,12.227019260637483
marc-goossens,23.732810275523974,62,57,46,Belgium,Europe,Western Europe,1958,67,,39,83,,42,51,73,,39.37693481175347
luc-colyn,21.700376931761006,38,52,64,Belgium,Europe,Western Europe,1958,70,,34,100,73,39,43,107,,43.256972554759024
jaime-salva,23.438045611566817,42,49,10,Spain,Europe,Southern Europe,1962,52,,51,32,,,51,32,,24.088032990124645
walter-dalgal,21.238152682407478,31,41,15,Italy,Europe,Southern Europe,1954,48,,41,,,37,43,,,28.226633825925063
francisco-caro,20.272007396490448,61,64,18,Spain,Europe,Southern Europe,1947,67,,64,,,,64,,,22.20617884925201
danny-van-baelen,23.738158567354848,59,49,10,Belgium,Europe,Western Europe,1960,57,,49,,,18,57,,,27.492221122023267
juan-alberto,21.771280707928895,74,71,18,Spain,Europe,Southern Europe,1960,75,,71,68,,,71,68,,28.688090489743516
antonio-llopis,19.939948923903255,56,58,4,Spain,Europe,Southern Europe,1959,61,,59,52,,,59,52,,27.19681353884434
domenico-perani,20.986827725443252,37,43,10,Italy,Europe,Southern Europe,1956,47,,43,,,,43,,,36.70059036764032
guy-gallopin,22.369715420967598,61,67,133,France,Europe,Western Europe,1956,75,,34,76,,29,39,76,,49.17320743051371
marc-van-geel,21.062721292659027,36,45,28,Belgium,Europe,Western Europe,1959,60,,45,,,18,54,,,32.957464168901765
alberto-saronni,24.019674833675776,75,99,37,Italy,Europe,Southern Europe,1961,124,,63,174,,,63,174,,55.24667587461888
robert-d-hondt,21.523454835933297,64,58,10,Belgium,Europe,Western Europe,1962,71,,53,104,,,53,104,,32.95265964649557
alain-von-allmen,17.4087612686521,64,53,9,Switzerland,Europe,Western Europe,1961,53,,53,,,,53,,,17.562586496425986
antonio-esparza,20.039277273873417,26,48,65,Spain,Europe,Southern Europe,1962,66,,37,61,,,37,61,,47.99901341133523
jozef-lieckens,22.101465176169345,15,53,135,Belgium,Europe,Western Europe,1959,67,49,20,74,,24,20,76,,59.638260931578664
diederik-foubert,21.389681292748893,52,46,6,Belgium,Europe,Western Europe,1961,51,,46,,,,46,,,27.075819470516493
miguel-ugartemendia,19.65067661933067,61,54,9,Spain,Europe,Southern Europe,1960,62,,56,48,,,56,48,,21.857492994394395
eddy-vanhaerens,23.27011221218322,11,23,47,Belgium,Europe,Western Europe,1954,35,25,22,,,16,24,25,,24.577653561296152
jesus-ignacio-ibanez,19.346277380499505,83,100,19,Spain,Europe,Southern Europe,1960,122,,53,143,,36,85,135,,59.17616676881236
fabiano-gambirasio,19.043471908278942,106,88,25,Italy,Europe,Southern Europe,1961,109,,24,124,,11,40,137,,66.08454181324606
sergio-santimaria,18.76345116473446,43,45,19,Italy,Europe,Southern Europe,1957,49,41,48,3,,40,47,,41,24.465156031571162
stefano-guerrieri,21.87502010687681,68,57,14,Italy,Europe,Southern Europe,1960,59,,57,,,,57,,,23.61178696152588
frederik-frison,22.55,114,109,99,Belgium,Europe,Western Europe,1992,112,82,105,119,62,92,116,119,82,38.58403941138778
ricardo-serrano,20.45,57,70,95,Spain,Europe,Southern Europe,1978,72,103,66,66,,51,68,100,7,54.67271655085736
tony-martin,21.91,87,84,595,Germany,Europe,Western Europe,1985,86,116,69,89,114,75,69,98,125,54.12518679740046
koldo-fernandez,21.43,106,90,281,Spain,Europe,Southern Europe,1981,90,83,88,99,,90,93,86,,55.410971844137016
assan-bazayev,19.79,99,95,244,Kazakhstan,Asia,Asia,1981,96,103,69,114,,62,85,111,18,54.55604276891846
josep-jufre,20.52,54,59,355,Spain,Europe,Southern Europe,1975,60,47,59,72,,53,62,57,38,35.23987709532996
kevin-hulsmans,21.45,104,99,222,Belgium,Europe,Western Europe,1978,103,100,95,112,58,96,98,106,94,40.90783120961295
iker-camano,20.09,66,69,289,Spain,Europe,Southern Europe,1979,71,59,66,76,,72,64,74,,33.210859923219054
matteo-bono,20.52,117,115,485,Italy,Europe,Southern Europe,1983,117,124,111,119,,113,112,120,,36.51433476176839
fredrik-kessiakoff,19.92,67,72,235,Sweden,Europe,Northern Europe,1980,73,73,80,62,,88,74,65,,42.590642085264854
thomas-rohregger,20.34,47,54,185,Austria,Europe,Western Europe,1982,54,50,51,61,,62,47,62,110,31.302203869656417
frantisek-rabon,22.1,127,114,201,Czech Republic,Europe,Eastern Europe,1983,117,132,114,104,142,87,111,132,,49.08727885382964
lucas-euser,19.38,103,100,40,United States,America,America,1983,102,84,103,98,,111,99,81,91,38.94235549221504
mikel-astarloza,21.04,49,55,485,Spain,Europe,Southern Europe,1979,57,76,56,49,,73,39,62,36,34.476346303810296
arnaud-labbe,21.8,93,92,131,France,Europe,Western Europe,1976,94,111,86,88,50,87,84,110,,43.86239894378708
maxim-iglinskiy,22.91,76,80,402,Kazakhstan,Asia,Asia,1981,84,112,60,93,,51,68,105,52,50.286220948883056
morris-possoni,18.71,92,90,256,Italy,Europe,Southern Europe,1984,91,112,83,92,,78,86,108,66,43.01120963669545
ricardo-van-der-velde,23.661200914660828,92,84,6,Netherlands,Europe,Western Europe,1987,83,,84,,,,84,,,33.627369804966904
vladimir-karpets,21.88,50,58,503,Russia,Asia,Asia,1980,60,44,55,65,,68,51,62,88,39.99524002790466
kanstantsin-siutsou,20.31,51,58,501,Belarus,Europe,Eastern Europe,1982,59,67,55,62,,66,52,66,44,36.96904428747031
fabian-cancellara,23.12,80,75,577,Switzerland,Europe,Western Europe,1981,79,90,62,80,,53,75,85,98,55.43867654939666
chris-anker-sorensen,18.7,57,68,495,Denmark,Europe,Northern Europe,1984,70,45,69,76,,78,65,67,43,42.42060929638463
steve-morabito,21.39,68,74,529,Switzerland,Europe,Western Europe,1983,76,78,76,71,,63,74,78,65,42.11459645986616
anders-lund-1,23.31,108,102,210,Denmark,Europe,Northern Europe,1985,106,79,105,102,82,83,108,99,26,42.70548571215577
edward-king,21.84,113,114,125,United States,America,America,1983,117,78,113,121,,125,105,137,72,36.77450905354186
tadej-valjavec,20.18,41,46,403,Slovenia,Europe,Southern Europe,1977,47,50,47,42,,61,40,50,28,31.9606039435564
staf-scheirlinckx,21.16,81,83,209,Belgium,Europe,Western Europe,1979,89,88,60,108,43,50,73,113,50,47.04125962105362
remy-di-gregorio,20.68,70,76,367,France,Europe,Western Europe,1985,78,82,71,79,,75,64,90,,43.63302829067451
jeff-louder,21.8,105,103,65,United States,America,America,1977,105,150,104,95,,102,101,141,167,40.9690314562297
denis-menchov,20.06,42,53,585,Russia,Asia,Asia,1978,55,44,48,59,,69,39,60,52,44.35103706719518
alexandr-dyachenko,20.29,98,96,218,Kazakhstan,Asia,Asia,1983,98,99,100,84,,117,86,101,73,48.81724932922831
cadel-evans,21.14,21,29,605,Australia,Oceania,Oceania,1977,30,38,28,28,,35,23,34,21,29.538879183111362
hubert-schwab,20.06,63,70,113,Switzerland,Europe,Western Europe,1982,71,38,72,70,,,71,,38,36.324485356431516
dmitry-kozonchuk,21.45,102,105,335,Russia,Asia,Asia,1984,108,105,105,106,,90,104,112,,41.52009679361745
volodymyr-gustov,19.97,79,84,638,Ukraine,Europe,Eastern Europe,1977,87,89,87,77,,86,80,90,61,38.433559418680254
timothy-duggan,20.05,90,88,74,United States,America,America,1982,90,94,82,97,,79,90,94,,40.92975579322278
angel-gomez-gomez,20.31,86,92,196,Spain,Europe,Southern Europe,1981,94,91,93,89,,56,96,94,,42.0711241492248
daniel-fleeman,20.274958224494156,113,105,13,Great Britain,Europe,Northern Europe,1982,105,54,109,,,138,80,,54,38.812666449537794
jason-mccartney,20.9,126,112,166,United States,America,America,1973,114,95,118,102,,131,112,95,,46.532779826629465
kevin-seeldraeyers,19.82,62,70,252,Belgium,Europe,Western Europe,1986,71,64,67,78,,55,71,76,,47.1050705501656
francis-mourey,21.2,98,95,313,France,Europe,Western Europe,1980,96,117,92,102,91,101,90,123,,39.351025334648895
koos-moerenhout,21.86,83,85,504,Netherlands,Europe,Western Europe,1973,88,73,95,83,,90,84,85,45,42.27064062021054
juan-jose-oroz,20.3,78,80,297,Spain,Europe,Southern Europe,1980,81,67,77,87,,66,80,84,91,34.71549407923684
claudio-corioni,20.68,102,96,175,Italy,Europe,Southern Europe,1982,98,92,99,96,,78,106,94,,46.47875514472129
brian-vandborg,21.45,121,112,244,Denmark,Europe,Northern Europe,1981,114,107,112,112,,112,104,120,48,40.20084669865055
vitaliy-buts,21.95,66,83,31,Ukraine,Europe,Eastern Europe,1986,86,141,62,65,,62,60,126,,46.51895208649704
ian-mckissick,17.51383509824425,99,94,19,United States,America,America,1980,94,,95,94,,,94,,,24.789287442962625
ronny-scholz,19.37,95,93,257,Germany,Europe,Western Europe,1978,96,87,99,88,,95,91,97,87,36.9259561039739
julien-loubet,20.37,100,97,111,France,Europe,Western Europe,1985,100,91,103,96,,84,107,91,92,42.07304984597056
nikolay-trusov,22.26,97,88,143,Russia,Asia,Asia,1985,90,127,86,90,72,85,90,87,,52.22136454556213
jurgen-van-goolen,20.9,75,78,349,Belgium,Europe,Western Europe,1980,80,62,104,74,,104,89,66,48,41.508115755235686
luca-barla,21.62264167210296,111,111,36,Italy,Europe,Southern Europe,1987,112,,111,,,105,111,,,30.86833277412255
martin-muller,22.35,113,114,129,Germany,Europe,Western Europe,1974,116,127,115,103,123,105,117,115,,32.277105369096404
guillaume-le-floch,20.68,114,112,45,France,Europe,Western Europe,1985,113,,112,,,,112,,,40.330578418311276
oscar-pujol-munoz,19.38,108,105,72,Spain,Europe,Southern Europe,1983,106,96,110,99,,103,111,100,29,47.4429213929469
ignatas-konovalovas,20.5,111,107,368,Lithuania,Europe,Northern Europe,1985,109,102,105,127,99,103,107,114,114,42.39374300015655
marco-marzano,19.84,94,94,393,Italy,Europe,Southern Europe,1980,96,99,88,97,,106,83,104,49,45.25113980937804
jose-angel-gomez-marchante,19.59,53,61,236,Spain,Europe,Southern Europe,1980,63,61,54,70,,72,46,69,,42.59279659371146
mauro-facci,20.53,102,100,213,Italy,Europe,Southern Europe,1982,103,,100,100,,112,95,117,,37.31152179903748
charles-wegelius,19.14,100,100,356,Great Britain,Europe,Northern Europe,1978,104,108,100,98,,121,92,114,80,47.05514437131888
mark-cavendish,22.86,117,93,515,Great Britain,Europe,Northern Europe,1985,94,69,97,94,61,86,100,90,1,64.78199286588146
mickael-buffaz,20.9,99,102,197,France,Europe,Western Europe,1979,102,84,104,105,,98,108,96,90,35.56712174433605
matthieu-sprick,19.67,100,97,294,France,Europe,Western Europe,1981,99,91,98,98,,103,86,105,,40.62849901348654
jean-charles-senac,20.34,130,126,27,France,Europe,Western Europe,1985,130,,128,74,,58,131,74,,32.042039693070535
christophe-kern,21.04,102,99,277,France,Europe,Western Europe,1981,100,89,107,96,,105,100,96,,50.44624467427717
evgeny-sokolov,21.6,125,122,24,Russia,Asia,Asia,1984,125,,122,,,,122,,,39.91067925807051
nico-sijmens,22.53,97,98,160,Belgium,Europe,Western Europe,1978,101,79,104,121,60,92,105,97,62,46.74538957523917
sebastien-rosseler,23.55,102,94,166,Belgium,Europe,Western Europe,1981,96,104,96,92,66,90,100,92,,45.223539137825334
emanuele-bindi,21.18121615268339,127,126,56,Italy,Europe,Southern Europe,1981,126,122,134,130,,147,132,123,,30.37522379801046
alexandr-pliuschin,20.37,73,75,71,Moldova,Europe,Eastern Europe,1987,78,,74,77,,87,63,88,,36.83159784203756
dominique-cornu,20.1,79,83,51,Belgium,Europe,Western Europe,1985,84,67,102,68,82,71,95,67,,51.708663513505556
kilian-patour,21.078091438107244,92,95,7,France,Europe,Western Europe,1982,100,,99,,70,60,109,,,37.266734815509714
simone-ponzi,19.88,89,89,162,Italy,Europe,Southern Europe,1987,92,29,93,90,,85,95,20,46,41.605685764729046
steve-bovay,20.211222389599246,88,93,20,Switzerland,Europe,Western Europe,1984,94,,100,85,,,93,,,26.577790490716506
steven-cozza,21.6,98,98,31,United States,America,America,1985,101,22,95,123,,102,99,57,,44.104714106902605
david-de-la-fuente,21.88,84,84,348,Spain,Europe,Southern Europe,1981,87,86,80,85,,107,68,91,40,48.6307710686338
ermano-capelli,20.51,134,130,61,Italy,Europe,Southern Europe,1985,135,49,136,110,,129,134,38,60,41.43675146032444
volodymyr-zagorodny,19.794857557518288,86,86,22,Russia,Asia,Asia,1981,85,106,68,108,,,84,106,,33.16249511498015
juan-jose-haedo,22.53,126,104,166,Argentina,America,America,1981,105,95,104,113,,94,110,104,34,59.31684712974598
dominique-rollin,23.48,93,94,147,Canada,America,America,1982,96,91,88,113,78,79,96,102,,46.63851074950301
dominik-roels,21.91,101,96,110,Germany,Europe,Western Europe,1987,97,89,99,102,,130,99,91,,39.866106180794084
juan-jose-cobo,20.24,61,68,297,Spain,Europe,Southern Europe,1981,69,42,75,67,,68,81,53,8,46.6875657641175
pieter-jacobs,20.53,97,90,94,Belgium,Europe,Western Europe,1986,93,103,89,83,75,57,95,101,,42.03618757829488
bart-dockx,20.66,116,111,169,Belgium,Europe,Western Europe,1981,112,106,110,120,,41,110,112,,40.338541657855686
thomas-fothen,22.16,121,105,85,Germany,Europe,Western Europe,1983,106,,105,108,105,90,110,,,51.56029893018763
alexandre-usov,20.34,94,80,244,Belarus,Europe,Eastern Europe,1977,81,75,86,76,,103,75,75,61,56.42255956938972
pablo-urtasun,22.28,117,111,151,Spain,Europe,Southern Europe,1980,114,103,110,115,,114,102,116,,49.52360330961603
alexander-serov,21.56,109,100,89,Russia,Asia,Asia,1982,100,,97,109,,76,102,,,47.397316569374766
paul-voss,20.83,79,82,214,Germany,Europe,Western Europe,1986,84,81,75,86,93,64,82,86,116,48.0555875840414
said-haddou,22.16,122,109,65,France,Europe,Western Europe,1982,112,70,111,107,,114,111,103,,50.67521488702493
florent-brard,21.16,94,91,178,France,Europe,Western Europe,1976,95,116,88,92,,74,86,109,79,40.45398163628845
vincent-jerome,21.47,99,96,259,France,Europe,Western Europe,1984,99,92,90,108,60,90,92,104,55,44.23373246973949
yohann-gene,21.88,136,129,259,France,Europe,Western Europe,1981,130,122,129,129,142,113,133,129,,38.23665887533923
julien-belgy,22.2,121,119,34,France,Europe,Western Europe,1983,120,,124,105,,,119,,,30.604078578981092
craig-lewis,20.52,77,81,122,United States,America,America,1985,83,46,86,60,,80,84,58,28,43.62866611193161
phil-anderson,20.126868195404008,18,29,435,Australia,Oceania,Oceania,1958,37,18,12,35,,16,9,39,4,30.16892023390757
stephen-roche,24.16,17,25,325,Ireland,Europe,Northern Europe,1959,32,13,14,32,,13,13,33,13,25.58521764268114
charly-mottet,21.596222802282853,28,41,303,France,Europe,Western Europe,1962,50,14,20,49,,25,15,51,12,39.66178842050567
charly-berard,20.72090036397834,41,46,196,France,Europe,Western Europe,1959,54,28,19,51,,16,21,54,,31.087730134891192
frederic-vichot,21.10385268134689,25,35,199,France,Europe,Western Europe,1959,41,33,18,42,,17,22,42,,31.5966036652602
pascal-simon,22.38686084250963,36,41,341,France,Europe,Western Europe,1956,49,18,21,48,,13,28,49,23,29.44972999053537
eric-caritoux,22.258414864834922,50,54,349,France,Europe,Western Europe,1960,64,29,27,63,,19,33,63,45,39.08461972770065
alain-vigneron,21.265441283980927,62,66,196,France,Europe,Western Europe,1954,72,44,34,73,,20,45,74,44,37.31982356294347
david-latasa-lasa,19.49,89,88,215,Spain,Europe,Southern Europe,1974,91,83,94,85,,93,78,93,,41.33058500817547
michele-scotto-abusco,20.807824187666824,92,84,22,Italy,Europe,Southern Europe,1983,90,113,84,42,,,55,113,,46.17771055802737
alberto-lopez-de-munain,20.29,89,91,222,Spain,Europe,Southern Europe,1972,98,99,94,80,,121,53,104,,45.652023303092015
matej-jurco,19.94,90,91,145,Slovakia,Europe,Eastern Europe,1984,94,90,99,80,,103,90,91,68,40.84409311673763
rafael-nuritdinov,20.99,116,98,60,Uzbekistan,Asia,Asia,1977,101,101,112,94,,116,84,100,,48.97763815812296
moises-duenas,20.38,67,72,78,Spain,Europe,Southern Europe,1981,75,74,79,70,,,58,78,,41.52787339925161
francisco-palacio,19.45686124685588,72,71,17,Spain,Europe,Southern Europe,1978,74,,87,47,,,69,93,,30.44691619659293
francisco-jose-lara,23.92109553325,54,65,140,Spain,Europe,Southern Europe,1977,68,68,69,51,,69,63,67,,41.200472462592
ivan-ramiro-parra,20.48,62,68,226,Colombia,America,America,1975,71,64,73,62,,60,66,71,23,44.159847528344656
pedro-arreitunandia,19.65311192263502,39,51,47,Spain,Europe,Southern Europe,1974,52,48,61,37,,66,46,50,28,33.004092477434064
julian-sanchez-pimienta,19.82,116,111,153,Spain,Europe,Southern Europe,1980,114,109,112,109,,140,99,114,,46.41788507719369
jose-miguel-elias-galindo,20.227199478672606,54,62,106,Spain,Europe,Southern Europe,1977,63,59,64,64,,,61,62,,33.440506504716765
vicente-reynes,22.53,82,80,325,Spain,Europe,Southern Europe,1981,81,82,76,86,68,63,86,85,16,39.88327151361432
valery-kobzarenko,20.496012951322776,62,63,16,Ukraine,Europe,Eastern Europe,1977,66,,61,64,,61,64,,,29.481067370998176
xavier-florencio,19.71,70,72,391,Spain,Europe,Southern Europe,1979,74,82,61,75,39,60,65,82,23,44.855221229334724
felix-rafael-cardenas,21.16,79,81,232,Colombia,America,America,1972,84,66,80,100,,116,72,85,70,48.502673428901936
julen-urbano-aretxabala,20.954085459945947,84,82,6,Spain,Europe,Southern Europe,1980,83,,,82,,,82,,,27.747071917591594
jimmy-engoulvent,23.45,117,104,199,France,Europe,Western Europe,1979,108,112,83,112,35,85,92,116,,50.76369313279108
jose-cayetano-julia,20.39123666472899,95,94,87,Spain,Europe,Southern Europe,1979,97,87,99,87,,,95,91,,35.216768684512424
joseba-zubeldia,20.792904889441516,101,99,61,Spain,Europe,Southern Europe,1979,104,,120,76,,,99,,,40.29503894940947
toni-tauler,21.62,91,85,219,Spain,Europe,Southern Europe,1974,89,75,97,88,,122,86,84,73,43.82170700626845
gaztanaga-echevarria,17.62395148899498,111,105,31,Spain,Europe,Southern Europe,1979,110,169,94,91,,98,83,158,,60.9504646396149
juan-antonio-flecha,21.98,55,67,603,Spain,Europe,Southern Europe,1977,70,72,48,76,19,45,51,83,34,46.67353239995198
christian-vande-velde,21.3,58,68,563,United States,America,America,1976,69,76,71,61,,66,70,66,78,42.962299478741556
aitor-silloniz,20.468068012269992,110,105,68,Spain,Europe,Southern Europe,1977,109,114,110,90,,123,94,114,,35.33823460906527
jose-daniel-rincon,19.141746186987973,51,51,7,Colombia,America,America,1975,50,,,51,,,51,51,,17.496938507717775
jorge-ferrio,20.17,39,54,99,Spain,Europe,Southern Europe,1976,58,60,43,49,,,41,62,,44.18767950920441
javier-perez-pereira,21.221060731495687,80,80,6,Spain,Europe,Southern Europe,1977,80,,,80,,,80,,,13.520355024924458
oscar-laguna,21.36,85,80,103,Spain,Europe,Southern Europe,1978,83,81,109,65,,,78,81,,39.279281862432306
carlos-ramon-golbano,20.285539494504285,80,89,110,Spain,Europe,Southern Europe,1976,92,95,68,76,,,68,95,,41.25999664043823
rene-haselbacher,21.06,85,83,155,Austria,Europe,Western Europe,1977,87,108,90,69,,93,66,103,13,59.123286866118775
isaac-galvez-lopez,21.46,103,89,86,Spain,Europe,Southern Europe,1975,90,,89,89,,114,84,101,,64.96616503364814
aitor-perez-arrieta,20.9,90,89,190,Spain,Europe,Southern Europe,1977,92,97,75,102,,74,82,101,,44.80314192149157
uwe-hardter,24.918128576690194,85,89,49,Germany,Europe,Western Europe,1977,93,,96,68,,126,80,,,30.365503050504596
denis-bertolini,21.129524562680277,112,107,18,Italy,Europe,Southern Europe,1977,116,,120,75,,120,75,,,53.01809408733584
carlos-torrent-tarres,21.91,73,69,103,Spain,Europe,Southern Europe,1974,71,73,51,63,,,60,74,,46.048532571509156
carlos-garcia-quesada,20.11,49,60,130,Spain,Europe,Southern Europe,1978,61,49,78,70,,112,73,49,,45.120392189053256
dmitriy-fofonov,21.22,70,73,466,Kazakhstan,Asia,Asia,1976,76,79,70,74,,62,70,81,56,42.71952407107444
gustav-larsson,20.46,56,62,341,Sweden,Europe,Northern Europe,1980,64,48,66,58,,73,58,66,60,39.02471958903654
gorka-arrizabalaga,21.58004175211515,92,96,81,Spain,Europe,Southern Europe,1977,102,104,88,96,,103,57,119,,42.395463302598486
constantino-zaballa,21.55,46,56,229,Spain,Europe,Southern Europe,1978,57,44,53,71,,61,50,59,52,39.59671974431814
uwe-peschel,22.47,113,106,147,Germany,Europe,Western Europe,1968,110,109,122,101,,135,89,116,,42.416664446815886
alessandro-donati,20.52,95,96,75,Italy,Europe,Southern Europe,1979,99,,98,72,114,98,95,,,41.763922531596876
lorenzo-cardellini,22.139501635288223,82,74,6,Italy,Europe,Southern Europe,1978,75,,,74,,,74,,,35.605711152379286
daniele-righi,21.6,105,101,432,Italy,Europe,Southern Europe,1976,103,117,91,107,,86,93,117,37,45.541996800145576
david-fernandez-domingo,22.437263434245633,96,83,54,Spain,Europe,Southern Europe,1977,87,98,,48,,,48,98,,54.15109758510494
alessandro-ballan,20.22,62,67,319,Italy,Europe,Southern Europe,1979,69,58,60,75,52,52,74,69,28,45.594863563430415
fernando-torres,22.121709079527815,100,87,6,Spain,Europe,Southern Europe,1978,88,,,87,,,87,,,30.430248109405877
lander-euba-ziarrusta,21.421764971413506,80,76,19,Spain,Europe,Southern Europe,1977,76,,77,76,,,76,,,26.484796477308343
juan-carlos-dominguez,20.2,63,68,294,Spain,Europe,Southern Europe,1971,71,75,61,64,,55,63,74,,45.25080748962904
damiano-cunego,20.31,33,45,658,Italy,Europe,Southern Europe,1981,47,52,38,56,,50,38,58,22,39.849849022585076
dario-david-cioni,21.04,61,66,576,Italy,Europe,Southern Europe,1974,68,71,59,79,,65,57,80,62,39.83737457518351
julio-alberto-perez-cuapio,19.84,109,100,187,Mexico,America,America,1977,102,104,99,95,,,99,104,,49.73517354730992
eddy-mazzoleni,20.45,54,64,350,Italy,Europe,Southern Europe,1973,68,81,58,66,,103,50,84,22,49.29295494577417
juan-manuel-garate,20.48,56,60,726,Spain,Europe,Southern Europe,1976,62,64,51,70,,45,53,70,,37.054614492805236
wladimir-belli,21.38,36,48,508,Italy,Europe,Southern Europe,1970,53,56,41,57,,40,39,70,24,40.09001058535007
christophe-brandt,19.93,66,71,394,Belgium,Europe,Western Europe,1977,73,93,61,80,,66,62,88,55,38.822390124360346
pavel-tonkov,22.6,34,46,439,Russia,Asia,Asia,1969,54,65,44,38,,107,33,66,21,41.20225150608514
mauricio-alberto-ardila,21.3,62,68,348,Colombia,America,America,1979,70,73,64,85,,76,66,74,53,43.15963525955148
vladimir-miholjevic,20.99,56,63,350,Croatia,Europe,Southern Europe,1974,65,59,63,65,,74,61,62,56,35.180898628742106
francisco-javier-patxi-vila,20.68,40,47,308,Spain,Europe,Southern Europe,1975,48,64,43,51,,52,42,59,36,29.830566988404648
juan-gomis-lopez,20.447289552374173,90,92,25,Spain,Europe,Southern Europe,1978,93,,92,,,,92,,,35.0059518748836
raffaele-illiano,21.609983740155247,86,89,110,Italy,Europe,Southern Europe,1977,91,,89,66,,79,90,,,47.61946830307841
gerhard-trampusch,20.05,38,40,102,Austria,Europe,Western Europe,1978,40,74,36,42,,32,34,58,65,27.622268385050855
giancarlo-ginestri,19.682677972111538,114,112,21,Italy,Europe,Southern Europe,1978,115,66,115,,,,115,,66,34.89255617163174
geert-verheyen,21.46,60,65,320,Belgium,Europe,Western Europe,1973,69,77,64,64,47,43,66,73,39,35.64607458372999
andrea-tonti,22.56045581368608,63,69,223,Italy,Europe,Southern Europe,1976,70,93,63,47,,77,59,94,79,39.95865636983506
marlon-alirio-perez-arango,22.2,68,70,60,Colombia,America,America,1976,72,58,71,69,,64,71,54,60,41.03772551268207
jan-van-velzen,21.363352158288418,110,110,23,Netherlands,Europe,Western Europe,1975,111,,110,,,,110,,,32.88589687751781
daniele-pietropolli,20.15,68,69,238,Italy,Europe,Southern Europe,1980,70,79,68,74,,48,74,79,,38.825862440228754
fortunato-baliani,20.83,75,74,192,Italy,Europe,Southern Europe,1974,76,,75,62,,81,73,,,38.39921554642949
sergiy-adyeyev,19.058503272488686,66,73,78,Ukraine,Europe,Eastern Europe,1976,76,65,75,33,,85,72,,65,33.07662724739737
michael-albasini,21.97,81,80,673,Switzerland,Europe,Western Europe,1980,82,91,74,85,78,78,68,100,40,47.178471989231085
david-derepas,21.3,58,67,49,France,Europe,Western Europe,1978,69,,67,,,92,61,,,37.499716552216746
trent-wilson,20.602186665027823,133,130,41,Australia,Oceania,Oceania,1978,131,,130,,,,130,,,26.147890835054962
marcus-ljungqvist,20.44,80,80,278,Sweden,Europe,Northern Europe,1974,84,66,80,89,68,84,80,81,40,42.096278087666086
nick-gates,21.2,126,119,171,Australia,Oceania,Oceania,1972,121,130,114,126,,,112,145,,39.90118944543693
denys-kostyuk,21.31,88,89,102,Ukraine,Europe,Eastern Europe,1982,92,51,75,116,65,106,72,101,51,46.154909539790964
marcel-strauss,21.3,109,104,204,Switzerland,Europe,Western Europe,1976,108,152,105,93,,101,99,155,70,42.50632733395383
benoit-vaugrenard,21.04,102,99,479,France,Europe,Western Europe,1982,102,110,98,100,112,97,96,106,,41.5710533839442
giuseppe-muraglia,24.146666538704636,103,97,65,Italy,Europe,Southern Europe,1979,97,,98,89,,111,93,,,41.720233515829996
nicolas-vogondy,20.96,101,96,434,France,Europe,Western Europe,1977,99,97,99,93,,100,86,105,69,41.69233714328044
nicola-loda,21.8,72,71,351,Italy,Europe,Southern Europe,1971,76,86,61,77,38,67,60,84,,43.09518404734905
ellis-rastelli,20.03073106010287,103,99,189,Italy,Europe,Southern Europe,1975,103,137,97,76,,108,89,128,60,42.710106696240864
johan-verstrepen,22.84,93,91,155,Belgium,Europe,Western Europe,1967,97,120,83,99,54,87,82,112,73,45.11233755394487
gorik-gardeyn,22.64,83,81,47,Belgium,Europe,Western Europe,1980,87,,83,,37,76,85,,,45.412346571076704
russell-van-hout,23.908227259594824,144,137,40,Australia,Oceania,Oceania,1976,138,,137,,,,137,,,35.44746925978041
dean-podgornik,23.076165290109046,122,115,20,Slovenia,Europe,Southern Europe,1979,116,,115,,,,115,,,42.2509732058577
olaf-pollack,22.5,97,81,105,Germany,Europe,Western Europe,1973,82,144,79,87,,96,77,100,144,62.955589323794165
radoslav-rogina,20.23,83,85,28,Croatia,Europe,Southern Europe,1979,87,74,88,,,,88,76,69,35.54674990166371
ief-verbrugghe,19.52,105,102,100,Belgium,Europe,Western Europe,1975,105,,108,63,,113,101,,,42.24150264200537
ruber-alverio-marin,21.48,97,89,107,Colombia,America,America,1968,90,27,88,97,,,90,30,,43.08644065556319
gert-steegmans,22.71,115,101,303,Belgium,Europe,Western Europe,1980,102,95,97,106,50,73,117,98,,50.82236916828136
philippe-schnyder,18.517898703674366,126,123,43,Switzerland,Europe,Western Europe,1978,124,75,124,,,,124,,75,33.64473041693677
bostjan-mervar,21.88948875026395,114,102,21,Slovenia,Europe,Southern Europe,1973,102,,102,,,,102,,,35.08119832888376
mario-manzoni,22.567616711299458,87,76,215,Italy,Europe,Southern Europe,1969,91,2,80,64,6,64,78,84,,58.08981721201469
uros-murn,20.9,97,88,156,Slovenia,Europe,Southern Europe,1975,90,88,92,71,46,100,88,85,46,48.47624020435892
renzo-mazzoleni,21.431917559701894,115,111,61,Italy,Europe,Southern Europe,1977,112,,113,98,,,111,,,34.85017110760732
angelo-furlan,24.34,115,95,256,Italy,Europe,Southern Europe,1977,96,96,95,95,,101,94,94,,57.45779021377347
fred-rodriguez,21.46,66,74,262,United States,America,America,1973,76,87,67,75,,75,60,85,20,57.45100176713934
leonardo-giordani,18.84,100,99,126,Italy,Europe,Southern Europe,1977,105,41,107,72,116,103,100,47,39,40.86303642696839
maxim-rudenko,22.429287055157104,84,79,24,Ukraine,Europe,Eastern Europe,1979,80,,79,,,,79,,,57.43879855733532
gabriele-bosisio,19.269213742977165,73,81,75,Italy,Europe,Southern Europe,1980,80,67,82,14,,85,81,51,83,48.51910740918246
corrado-serina,22.53,141,132,28,Italy,Europe,Southern Europe,1975,137,177,120,,,64,125,177,,48.706930506500605
arnold-jeannesson,19.62,49,66,286,France,Europe,Western Europe,1986,68,89,58,71,,48,70,73,,49.9179826640897
bradley-wiggins,21.05,63,71,363,Great Britain,Europe,Northern Europe,1980,70,33,85,52,43,69,84,47,,54.54008944539112
levi-leipheimer,21.45,34,45,466,United States,America,America,1973,47,48,47,43,,44,40,50,59,39.870718729513
bruno-manuel-silva-pires,20.81,80,81,151,Portugal,Europe,Southern Europe,1981,83,84,81,80,,79,76,103,50,39.36298504447393
cristiano-salerno,19.32,86,90,151,Italy,Europe,Southern Europe,1985,91,62,95,81,,87,94,78,54,38.11638850740823
janez-brajkovic,19.59,38,46,408,Slovenia,Europe,Southern Europe,1983,46,47,45,45,,48,40,52,22,32.94477187185966
rob-ruijgh,21.63,49,60,129,Netherlands,Europe,Western Europe,1986,60,43,72,47,,70,64,50,,39.093160447812984
tom-jelte-slagter,19.96,66,69,359,Netherlands,Europe,Western Europe,1989,72,47,66,78,,69,63,80,50,41.648598023332056
miguel-minguez,18.83,134,120,88,Spain,Europe,Southern Europe,1988,126,30,126,,,74,149,30,,54.598208227860276
ivan-velasco,20.75,76,82,241,Spain,Europe,Southern Europe,1980,84,75,84,83,,78,85,82,47,42.03816228761737
brice-feillu,19.11,76,81,237,France,Europe,Western Europe,1985,81,,89,78,40,93,78,77,,46.47146447720144
adrian-palomares,20.57,110,104,95,Spain,Europe,Southern Europe,1976,107,103,85,129,,66,98,114,,48.263120282419536
tom-peterson,21.6,100,98,200,United States,America,America,1986,100,80,99,107,,93,99,101,42,46.93241130770694
petr-ignatenko,19.44,82,88,66,Russia,Asia,Asia,1987,88,47,85,99,,58,92,,47,36.843779699755316
cedric-pineau,21.71,109,106,255,France,Europe,Western Europe,1985,108,105,100,114,31,92,106,116,,37.116232689232135
johann-tschopp,20.24,84,87,364,Switzerland,Europe,Western Europe,1982,89,115,80,98,,93,76,119,57,46.834527583778396
yann-huguet,21.07,127,118,84,France,Europe,Western Europe,1984,121,,115,125,,99,136,125,,40.51636728976514
jose-vicente-toribio,20.9,127,119,73,Spain,Europe,Southern Europe,1985,122,119,80,137,,80,,127,,43.338250511321284
dennis-vanendert,19.54,100,100,119,Belgium,Europe,Western Europe,1988,101,104,100,97,,97,101,99,,41.48870317445623
romain-zingle,21.88,91,93,137,Belgium,Europe,Western Europe,1987,93,86,86,102,70,81,115,95,,39.840294099317816
nicolas-edet,19.37,89,86,368,France,Europe,Western Europe,1987,89,84,72,95,,72,74,97,104,47.497756744989374
andy-schleck,19.66,50,56,320,Luxembourg,Europe,Western Europe,1985,58,83,66,47,,82,56,45,33,41.32596738053817
marcos-garcia-fernandez,19.26,80,82,119,Spain,Europe,Southern Europe,1986,82,76,86,80,,87,85,78,,44.901828378258536
luke-roberts-1,21.91,87,82,138,Australia,Oceania,Oceania,1977,83,,88,71,122,85,83,77,,45.626506690392524
jesus-rosendo,19.49,104,106,120,Spain,Europe,Southern Europe,1982,107,108,87,115,,87,88,110,,40.22858269372933
yukihiro-doi,20.31,138,126,58,Japan,Asia,Asia,1983,129,113,88,148,,65,131,136,71,42.605805806782385
paolo-longo-borghini,21.73,92,93,298,Italy,Europe,Southern Europe,1980,94,92,87,104,41,80,94,100,57,37.29599031092716
kenny-van-hummel,20.66,105,87,35,Netherlands,Europe,Western Europe,1982,86,,90,86,,90,157,83,,55.96032508119728
martin-kohler,21.78,89,89,161,Switzerland,Europe,Western Europe,1985,91,87,93,85,98,76,90,94,,39.47227779449411
gustavo-cesar-veloso,20.83,76,82,162,Spain,Europe,Southern Europe,1980,83,73,97,77,,97,97,74,,46.04936123296347
jose-luis-cano,20.9,102,99,13,Spain,Europe,Southern Europe,1988,99,,99,,,99,,,,43.2596513612562
sergio-carrasco,18.5,117,116,46,Spain,Europe,Southern Europe,1985,118,106,108,133,,108,,117,,39.06086542473769
javier-ramirez-abeja,20.62,103,101,179,Spain,Europe,Southern Europe,1978,103,103,97,118,,96,95,113,,36.233339262959866
timofey-kritskiy,22.44,120,104,9,Russia,Asia,Asia,1987,105,160,75,110,,75,110,160,,58.82341748355364
sergey-renev,20.09,93,93,85,Kazakhstan,Asia,Asia,1985,95,100,101,77,,106,83,101,,33.02422504428999
kenny-dehaes,20.65,125,118,102,Belgium,Europe,Western Europe,1984,120,,113,126,,75,124,,,53.11857210418862
jurgen-van-de-walle,20.72,89,91,291,Belgium,Europe,Western Europe,1977,94,110,87,94,116,87,83,108,,40.55863727042946
matthew-busche,22.79,84,87,167,United States,America,America,1985,90,100,78,91,,84,71,107,,40.23843337025369
antonio-piedra,19.25,112,109,168,Spain,Europe,Southern Europe,1985,111,102,106,123,,110,99,110,90,38.26298885267001
kevin-de-weert,21.13,78,79,443,Belgium,Europe,Western Europe,1982,80,79,87,73,80,85,81,77,67,41.81837005763856
thierry-hupond,20.52,104,107,181,France,Europe,Western Europe,1984,108,112,101,110,,101,103,112,,34.604678783922985
jorge-azanza,19.87,83,86,238,Spain,Europe,Southern Europe,1982,87,91,79,92,,93,78,96,,34.46576589746264
maxime-mederel,19.71,78,79,125,France,Europe,Western Europe,1980,81,62,77,86,,83,75,84,80,39.27307704579769
pierre-cazaux,20.18,139,131,115,France,Europe,Western Europe,1984,133,120,134,136,,126,136,129,,37.49693503874377
davide-appollonio,23.18,112,95,114,Italy,Europe,Southern Europe,1989,96,,95,92,140,84,98,,,63.825913579178284
andrey-kashechkin,20.45,50,60,340,Kazakhstan,Asia,Asia,1980,61,56,70,55,,79,52,59,,41.715648738144786
thomas-damuseau,21.38,92,93,66,France,Europe,Western Europe,1989,96,71,100,82,,110,92,68,41,36.693971609074325
mauro-santambrogio,21.05,95,86,229,Italy,Europe,Southern Europe,1984,87,89,76,98,,61,84,95,24,48.71950621422659
stephane-poulhies,21.91,124,110,58,France,Europe,Western Europe,1985,113,121,81,141,,84,21,125,,49.52625230392086
jean-marc-marino,20.75,127,119,164,France,Europe,Western Europe,1983,120,124,110,123,,116,106,128,,41.55296391852794
kristof-vandewalle,22.84,103,98,187,Belgium,Europe,Western Europe,1985,100,92,96,105,,97,94,103,109,41.42794636242479
victor-cabedo,22.109895627299924,144,140,26,Spain,Europe,Southern Europe,1989,142,,140,,,120,146,,,36.211026794865425
marco-bandiera,22.46,118,108,189,Italy,Europe,Southern Europe,1984,112,107,112,98,54,93,121,91,,47.67210063896186
grischa-niermann,20.2,66,71,635,Germany,Europe,Western Europe,1975,73,67,75,69,,91,64,73,69,35.59719828296548
gaetan-bille,20.23,92,92,62,Belgium,Europe,Western Europe,1988,95,107,92,104,26,85,96,96,,49.99506057040427
jacek-morajko,20.06,128,119,10,Poland,Europe,Eastern Europe,1981,120,101,121,,,121,,101,,42.193864746219
javier-aramendia,20.59,124,122,128,Spain,Europe,Southern Europe,1986,125,106,125,133,,130,109,128,70,41.40371621648753
amir-zargari,20.02,160,160,2,Iran,Asia,Asia,1980,159,,160,,,160,,,,14.849242404917497
mehdi-sohrabi,23.88,130,128,9,Iran,Asia,Asia,1981,130,122,161,118,,161,118,122,,42.495424590314556
javier-moreno,19.23,90,91,255,Spain,Europe,Southern Europe,1984,92,83,90,100,,87,90,94,44,43.512776052442646
cyril-bessy,22.28,155,150,21,France,Europe,Western Europe,1986,151,153,170,146,,170,129,159,,26.222672850580494
carl-fredrik-hagen,19.84,53,55,115,Norway,Europe,Northern Europe,1991,55,51,73,51,69,87,48,45,63,31.548582273665822
oscar-rodriguez,19.66,60,67,159,Spain,Europe,Southern Europe,1995,69,64,74,70,50,51,75,68,70,39.78549282159767
cristian-rodriguez,18.62,65,72,167,Spain,Europe,Southern Europe,1995,74,59,77,69,,70,82,60,54,37.772073399457675
romain-seigle,22.06,82,81,79,France,Europe,Western Europe,1994,82,78,80,98,,44,81,82,89,37.898907194065394
patrick-bevin,23.15,61,65,193,New Zealand,Oceania,Oceania,1991,67,72,44,81,29,47,45,93,,44.672054515806764
angel-madrazo,20.86,71,77,211,Spain,Europe,Southern Europe,1988,78,69,81,80,,71,79,83,57,41.91904644102651
mikel-iturria,20.16,101,100,123,Spain,Europe,Southern Europe,1992,101,98,102,99,,101,104,98,,40.09125602683719
jesus-ezquerra-muela,19.87,86,82,104,Spain,Europe,Southern Europe,1990,82,83,84,76,,156,73,82,77,41.868972150947855
pawel-bernas,21.33,121,111,28,Poland,Europe,Eastern Europe,1990,113,116,119,106,,,78,127,,36.66210289058428
luka-pibernik,19.15,94,94,178,Slovenia,Europe,Southern Europe,1993,95,99,91,95,72,88,89,103,62,34.532938431727935
domingos-goncalves,20.68,109,112,23,Portugal,Europe,Southern Europe,1989,113,103,117,109,,132,105,107,,29.853131932278192
rasmus-tiller,24.02,95,88,61,Norway,Europe,Northern Europe,1996,91,98,59,102,18,50,73,101,85,38.82091431146544
logan-owen,21.15,109,108,55,United States,America,America,1995,110,113,108,101,,,94,115,114,31.085220106843526
mitchell-docker,22.53,123,118,263,Australia,Oceania,Oceania,1986,121,123,107,130,107,103,112,131,117,41.197053246322156
brian-van-goethem,22.26,94,105,21,Netherlands,Europe,Western Europe,1991,109,102,97,129,70,80,106,117,,38.95785268356414
jonas-koch,21.45,91,89,113,Germany,Europe,Western Europe,1993,90,94,94,85,46,88,83,94,108,44.02394547253113
shane-archbold,23.85,122,118,93,New Zealand,Oceania,Oceania,1989,122,133,111,133,84,85,114,142,,46.53271280920364
jacopo-mosca,21.72,72,79,150,Italy,Europe,Southern Europe,1993,80,60,87,70,,103,82,77,43,39.75857174051448
alex-aranburu,19.88,56,65,214,Spain,Europe,Southern Europe,1995,67,82,44,72,8,40,45,83,74,50.236521878035624
jonathan-lastra,21.63,76,80,154,Spain,Europe,Southern Europe,1993,82,92,65,90,54,61,66,96,78,44.89325303124845
jon-aberasturi,23.05,124,100,121,Spain,Europe,Southern Europe,1989,101,105,108,96,54,88,101,105,94,56.97047106179442
fernando-gaviria,21.67,106,85,245,Colombia,America,America,1994,85,99,86,85,56,71,88,94,101,57.48078154978794
nuno-bico,19.54,146,134,27,Portugal,Europe,Southern Europe,1994,136,134,102,152,,106,90,141,97,26.467740941404696
lennard-hofstede,20.65,110,107,157,Netherlands,Europe,Western Europe,1994,108,91,114,110,108,96,113,119,68,40.17945617290609
sergey-firsanov,19.61,75,75,50,Russia,Asia,Asia,1982,76,89,75,,,52,79,,89,47.33995594179856
stefano-pirazzi,19.14,74,86,163,Italy,Europe,Southern Europe,1987,86,,85,151,,106,82,,,53.25181511528772
francesco-manuel-bongiorno,18.93,102,101,90,Italy,Europe,Southern Europe,1990,101,79,101,136,,133,98,,79,43.12783309552667
alessandro-bisolti,18.94,94,99,90,Italy,Europe,Southern Europe,1985,100,98,99,,,104,98,,98,39.54172719751625
bakhtiyar-kozhatayev,20.96,109,102,88,Kazakhstan,Asia,Asia,1992,105,106,95,110,,69,100,117,,43.46880449785006
alexander-foliforov,18.83,108,98,48,Russia,Asia,Asia,1992,100,,98,,,110,96,,,50.44974590324641
eugert-zhupa,23.29,128,120,84,Albania,Europe,Southern Europe,1990,121,,120,,,84,120,,,41.340025460879176
matteo-busato,20.91,104,99,73,Italy,Europe,Southern Europe,1987,101,31,100,,101,85,103,,31,48.02540867326793
philip-deignan,20.06,91,91,310,Ireland,Europe,Northern Europe,1983,92,76,97,89,,114,92,81,56,46.44711837459098
iuri-filosi,20.68,96,106,18,Italy,Europe,Southern Europe,1992,113,95,107,,,80,138,,95,49.351381171446576
songezo-jim,21.31,142,139,48,South Africa,Africa,Africa,1990,140,135,144,129,,,144,132,,25.828677228535845
alexey-tsatevich,22.41,67,67,98,Russia,Asia,Asia,1989,67,53,66,86,27,60,73,53,,43.81999525342397
pim-ligthart,21.98,93,95,236,Netherlands,Europe,Western Europe,1988,98,104,95,92,46,69,104,97,116,50.55924461472443
murilo-antonio-fischer,22.49,109,103,368,Brazil,America,America,1979,106,110,105,100,70,84,107,108,,46.36163935603629
eugenio-alafaci,22.02,118,116,112,Italy,Europe,Southern Europe,1990,117,,116,85,,121,116,32,,36.44794510946678
moreno-hofland,22.16,103,90,121,Netherlands,Europe,Western Europe,1991,90,88,86,112,,78,94,104,,51.63859496886149
johann-van-zyl,19.94,120,119,124,South Africa,Africa,Africa,1991,120,120,118,122,115,123,114,125,,29.33243962172388
patrick-gretsch,19.73,98,93,207,Germany,Europe,Western Europe,1987,94,91,96,89,,101,88,104,,46.24577833173324
twan-castelijns,21.6,115,110,58,Netherlands,Europe,Western Europe,1989,112,112,111,105,,104,111,112,,30.960295983803487
giacomo-berlato,21.01,104,103,33,Italy,Europe,Southern Europe,1992,103,,103,,,,103,,,39.16457118830278
leigh-howard,22.47,133,119,134,Australia,Oceania,Oceania,1989,121,129,91,146,103,84,110,142,,54.41511165671881
mickael-delage,21.6,104,99,462,France,Europe,Western Europe,1985,101,95,100,103,66,93,102,98,132,44.735894590486396
marcel-kittel,23.2,128,101,170,Germany,Europe,Western Europe,1988,101,128,94,107,50,95,77,109,,65.88508068292768
jay-robert-thomson,21.91,111,115,181,South Africa,Africa,Africa,1986,117,116,119,113,95,115,110,121,,30.76441503845104
pavel-brutt,22.09,97,95,401,Russia,Asia,Asia,1982,97,84,95,100,,91,94,100,65,41.93578543142625
aleksey-rybalkin,19.82,125,113,27,Russia,Asia,Asia,1993,116,90,121,62,,,121,86,,44.289001676665386
blel-kadri,21.31,120,110,253,France,Europe,Western Europe,1986,112,114,99,114,113,76,99,124,,48.90526474734114
julen-amezqueta,20.81,92,93,108,Spain,Europe,Southern Europe,1993,96,71,106,77,,120,104,74,73,43.41184177422711
andrei-solomennikov,22.72,110,109,24,Russia,Asia,Asia,1987,114,55,112,,,58,117,,55,40.773677214879555
eduard-michael-grosu,22.72,121,108,71,Romania,Europe,Eastern Europe,1992,110,,108,107,105,99,112,,,53.66194579550164
gianfranco-zilioli,19.69,101,107,43,Italy,Europe,Southern Europe,1990,108,92,108,,,,108,,92,39.53253983020009
sean-de-bie,21.72,90,97,56,Belgium,Europe,Western Europe,1991,101,80,99,,38,83,99,80,,52.68913673491083
artem-ovechkin,20.38,97,93,63,Russia,Asia,Asia,1986,96,,104,57,,105,89,,,48.740312099467594
alexander-porsev,23.37,100,93,93,Russia,Asia,Asia,1986,94,92,92,100,59,83,97,101,25,56.21297493216879
ramunas-navardauskas,21.88,110,98,294,Lithuania,Europe,Northern Europe,1988,99,20,91,110,108,88,97,104,,56.238636540868
jurgen-roelandts,23.04,78,76,388,Belgium,Europe,Western Europe,1985,79,71,66,85,15,58,78,86,13,50.82648202928771
maarten-tjallingii,22.92,90,90,349,Netherlands,Europe,Western Europe,1977,93,83,89,97,46,79,91,97,,44.375858227934366
nicola-boem,21.45,151,139,124,Italy,Europe,Southern Europe,1989,140,,139,128,,143,138,,,41.21298377297236
simone-andreetta,20.6,146,139,75,Italy,Europe,Southern Europe,1993,140,,139,,,137,140,,,35.588321801521474
genki-yamamoto,23.34,150,146,20,Japan,Asia,Asia,1991,149,,146,,,,146,,,40.53520237495981
giacomo-nizzolo,21.27,106,85,287,Italy,Europe,Southern Europe,1989,87,88,86,94,48,69,91,96,4,64.98125843846726
liam-bertazzo,23.15,134,125,41,Italy,Europe,Southern Europe,1992,125,,125,,,140,122,,,40.201337800819644
ivan-savitskiy,21.74,100,99,36,Russia,Asia,Asia,1992,99,,99,,,66,101,,,65.60369230801301
riccardo-stacchiotti,21.85,148,135,49,Italy,Europe,Southern Europe,1991,136,100,142,,97,97,142,100,,44.448165943965705
jack-bobridge,20.06,145,137,114,Australia,Oceania,Oceania,1989,141,,140,113,,151,136,,,46.6569042398152
albert-timmer,22.26,129,124,313,Netherlands,Europe,Western Europe,1985,126,143,112,132,,114,114,133,,39.09882207020808
artur-ershov,20.45,167,144,15,Russia,Asia,Asia,1990,144,,144,,,179,141,,,48.76396015013352
bert-de-backer,21.8,118,113,139,Belgium,Europe,Western Europe,1984,118,76,116,113,70,100,119,115,37,47.83714509935125
cheng-ji,21.15,160,152,112,China,Asia,Asia,1987,154,172,140,169,,156,139,171,,31.64069923585523
nicola-ruffoni,23.39,154,121,50,Italy,Europe,Southern Europe,1990,120,,121,,,134,115,,,66.46496698814116
boy-van-poppel,22.55,114,108,227,Netherlands,Europe,Western Europe,1988,110,145,106,108,93,96,106,123,106,45.2807937070627
giuseppe-guerini,20.52,70,73,476,Italy,Europe,Southern Europe,1970,80,113,66,73,,86,56,93,18,47.30377743452853
laurent-madouas,20.23,55,61,235,France,Europe,Western Europe,1967,66,76,57,61,60,73,38,65,36,37.416466943649155
pascal-chanteur,20.96,43,52,248,France,Europe,Western Europe,1968,55,33,38,63,73,40,67,53,55,37.44563775477318
benoit-salmon,21.01,85,84,266,France,Europe,Western Europe,1974,90,102,80,85,,89,51,99,,46.19548475496656
fabrice-gougot,21.98,60,66,224,France,Europe,Western Europe,1971,69,49,79,65,,73,72,60,36,37.05082229715799
christophe-moreau,20.52,28,41,422,France,Europe,Western Europe,1971,44,16,44,40,,38,33,47,16,36.75250180886973
kevin-livingston,20.9,87,87,203,United States,America,America,1973,90,83,96,84,,82,86,88,,37.860311795948604
thierry-bourguignon,21.04,54,58,177,France,Europe,Western Europe,1962,63,61,55,59,,55,57,59,61,33.246978538220645
joona-laukka,22.17556888723033,72,75,114,Finland,Europe,Northern Europe,1972,80,86,62,75,70,59,58,87,,39.065143902141415
miguel-arroyo,22.76,66,75,83,Mexico,America,America,1966,89,89,48,77,,24,27,87,18,48.11237641222616
francois-simon,21.85,23,41,309,France,Europe,Western Europe,1968,46,72,33,44,45,35,34,45,35,41.89930298709058
viatcheslav-djavanian,20.66,91,87,69,Russia,Asia,Asia,1969,99,34,89,85,,90,80,108,34,47.21057108493169
dominique-rault,19.40976318507003,102,101,72,France,Europe,Western Europe,1971,111,,72,107,,74,55,127,,46.471826657948874
david-delrieu,23.05,89,87,53,France,Europe,Western Europe,1971,92,48,106,85,,107,46,96,48,41.074068463510386
henk-vogels,22.4,78,80,155,Australia,Oceania,Oceania,1973,88,83,81,78,9,68,90,81,57,58.5109759861382
inigo-chaurreau-bernardez,20.28,60,66,360,Spain,Europe,Southern Europe,1973,69,60,78,64,,95,56,66,42,35.07743743699636
marco-zen,21.808206757602086,82,86,112,Italy,Europe,Southern Europe,1963,90,43,80,89,,108,64,95,43,38.665075911448774
daniele-sgnaolin,21.109390313861788,66,71,33,Italy,Europe,Southern Europe,1970,75,,69,72,,,63,75,,33.089238843961446
patrick-jonker,20.38,75,75,158,Australia,Oceania,Oceania,1969,85,92,51,83,,37,49,93,57,47.591746350904764
thierry-gouvenou,23.218447298477564,77,78,184,France,Europe,Western Europe,1969,88,88,45,91,42,48,58,93,,47.49574139042054
paul-van-hyfte,22.34,74,75,211,Belgium,Europe,Western Europe,1972,80,56,65,83,46,76,58,81,,38.86720733359792
giorgio-furlan,19.944113905046258,59,61,217,Italy,Europe,Southern Europe,1966,78,73,43,71,,26,45,86,21,45.33789716041255
laurent-genty,21.89191951414125,100,98,48,France,Europe,Western Europe,1971,102,,116,93,79,121,90,92,,44.51949429565015
christophe-rinero,21.97,80,82,236,France,Europe,Western Europe,1973,86,118,80,77,,87,61,95,67,43.27392017517947
mario-traversoni,20.937656229997646,83,70,122,Italy,Europe,Southern Europe,1972,75,80,60,73,,39,70,75,,60.14445420735669
mauro-gianetti,20.24,50,60,380,Switzerland,Europe,Western Europe,1964,71,47,46,78,,62,44,82,24,44.26158269986277
pascal-derame,18.41443579563291,113,111,113,France,Europe,Western Europe,1970,117,179,105,113,,92,101,122,,39.31625838248704
eros-poli,23.12,116,111,137,Italy,Europe,Southern Europe,1963,118,103,92,118,,101,82,120,,41.872217901980235
bruno-cenghialta,21.56,64,64,276,Italy,Europe,Southern Europe,1962,70,50,56,68,75,56,52,72,50,37.20725983532284
tyler-hamilton,21.97,43,49,298,United States,America,America,1971,52,59,45,50,,70,33,56,38,37.700827649889
arnaud-pretot,21.2,94,94,74,France,Europe,Western Europe,1971,99,68,88,100,,91,81,105,,39.043793466044995
torsten-schmidt,22.78,104,100,105,Germany,Europe,Western Europe,1972,105,24,102,100,,84,99,112,24,49.98496477238634
carlo-finco,21.324647312725556,87,89,117,Italy,Europe,Southern Europe,1968,95,75,84,93,,79,73,112,,47.521068899909224
philippe-gaumont,22.26,66,76,120,France,Europe,Western Europe,1973,86,93,51,91,71,53,55,104,,59.699422178136366
rossano-brasi,22.91,90,89,185,Italy,Europe,Southern Europe,1972,92,90,70,97,66,66,82,98,,35.34089900081299
mirco-crepaldi,21.001590380163233,99,94,183,Italy,Europe,Southern Europe,1972,102,94,68,107,,62,82,110,,44.43344383866412
stephane-cueff,21.720707048119248,116,112,30,France,Europe,Western Europe,1969,112,,99,117,,99,,117,,40.378453910840676
laurent-desbiens,18.6872166158087,114,104,162,France,Europe,Western Europe,1969,111,186,93,107,50,78,91,116,,50.556105382308054
nicolas-jalabert,22.72,83,82,366,France,Europe,Western Europe,1973,87,120,72,85,44,71,62,100,23,46.871581029092454
arturas-kasputis,24.78,95,91,173,Lithuania,Europe,Northern Europe,1967,98,118,82,91,,75,75,101,,48.06047630830955
xavier-jan,20.48,78,86,87,France,Europe,Western Europe,1970,95,157,81,83,,85,53,115,42,49.57840703639276
jose-vicente-garcia-acosta,21.97,114,106,640,Spain,Europe,Southern Europe,1972,110,101,114,109,,124,88,110,59,44.718308445544196
michael-sandstod,22.84,126,112,40,Denmark,Europe,Northern Europe,1968,113,123,,102,,,,112,,49.91747035010735
gilles-maignan,22.86,100,97,100,France,Europe,Western Europe,1968,103,,64,104,,70,57,108,,46.12639092096779
damien-nazon,21.46,108,92,148,France,Europe,Western Europe,1974,95,,87,94,,87,87,95,,62.77239812053174
zoran-klemencic,20.83,120,98,84,Slovenia,Europe,Southern Europe,1976,102,127,102,52,,83,101,104,4,64.43790679772853
glenn-magnusson,21.85,72,74,150,Sweden,Europe,Northern Europe,1969,78,87,75,58,,72,69,80,37,56.49744861693946
nico-mattan,21.06,43,55,259,Belgium,Europe,Western Europe,1971,58,53,46,65,35,47,48,64,46,44.30657626817473
mario-aerts,20.53,61,67,614,Belgium,Europe,Western Europe,1974,71,56,66,73,17,62,66,71,30,41.448790987013936
jaan-kirsipuu,24.97,28,59,178,Estonia,Europe,Northern Europe,1969,65,45,56,65,20,51,56,64,28,63.33690506688845
kurt-van-de-wouwer,20.83,48,55,239,Belgium,Europe,Western Europe,1971,58,67,51,53,,70,43,63,50,35.11028799447172
anthony-langella,21.5,118,116,92,France,Europe,Western Europe,1974,119,,124,114,,124,85,119,,36.42521578466473
marc-lotz,21.28,81,81,282,Netherlands,Europe,Western Europe,1973,85,96,77,80,32,67,77,91,40,37.76423509567116
lance-armstrong,22.72,27,36,419,United States,America,America,1971,39,38,44,34,50,52,28,38,3,34.92163913965188
javier-otxoa,21.97431107311445,87,91,75,Spain,Europe,Southern Europe,1974,94,,88,93,,35,83,99,,43.754771168410876
salvatore-commesso,24.54,82,79,339,Italy,Europe,Southern Europe,1975,83,89,85,72,,93,64,87,38,49.002832396366856
jonathan-vaughters,22.15,75,86,102,United States,America,America,1973,96,122,81,75,,81,33,114,,56.19696274378953
andrei-kivilev,20.66,36,45,175,Kazakhstan,Asia,Asia,1973,48,45,50,42,,40,46,46,59,32.779253721652054
david-plaza-romero,21.22,55,57,247,Spain,Europe,Southern Europe,1970,60,59,51,59,,46,49,61,,35.69089794576821
anthony-morin,22.12,80,84,174,France,Europe,Western Europe,1974,88,,76,86,,77,56,97,,38.52311768242142
sebastien-demarbaix,22.15,76,83,96,Belgium,Europe,Western Europe,1973,90,38,47,93,61,61,44,105,38,45.90920554212163
grzegorz-gwiazdowski,19.919678155184034,69,71,104,Poland,Europe,Eastern Europe,1974,73,71,73,70,,86,64,80,38,36.57647211218249
armin-meier,21.78,62,70,165,Switzerland,Europe,Western Europe,1969,76,102,63,68,,106,51,107,42,42.87552498822051
francisco-mancebo,20.9,25,37,362,Spain,Europe,Southern Europe,1976,39,23,41,41,,33,37,38,24,34.32811874337854
sven-montgomery,19.57,61,77,225,Switzerland,Europe,Western Europe,1976,84,114,65,74,,97,48,116,,53.667835686764825
martin-rittsel,22.09,94,92,80,Sweden,Europe,Northern Europe,1971,96,102,90,87,,95,69,99,,43.88583974791581
rik-verbrugghe,21.6,70,77,392,Belgium,Europe,Western Europe,1974,81,106,67,85,,75,63,98,98,50.754719905877195
olivier-perraudeau,20.504839842908762,80,82,61,France,Europe,Western Europe,1972,85,76,39,94,,39,,90,,54.46267584418974
santiago-botero,24.49,53,62,326,Colombia,America,America,1972,63,79,50,57,,58,47,69,78,45.253600650926366
carlos-alberto-contreras,21.33290257098149,64,72,85,Colombia,America,America,1973,77,46,77,81,,,61,79,,48.320287044429094
javier-pascual-llorente,23.53,60,65,166,Spain,Europe,Southern Europe,1971,67,69,64,64,,83,54,67,83,37.668390336223396
geert-van-bondt,21.91,98,96,137,Belgium,Europe,Western Europe,1970,102,98,88,113,39,84,94,108,,46.95845162074056
steffen-kjaergaard,22.59,105,103,110,Norway,Europe,Northern Europe,1973,107,120,116,96,,131,83,116,,39.63314254917976
francisco-leon,18.384893015532725,102,97,136,Spain,Europe,Southern Europe,1973,100,106,94,96,,111,82,117,,37.907121904301015
kim-andersen,23.702729532926526,37,44,190,Denmark,Europe,Northern Europe,1958,52,37,28,53,,18,39,52,46,37.18893635090581
jean-chassang,19.67804012102955,49,54,102,France,Europe,Western Europe,1951,61,12,13,59,,13,44,60,12,38.567249467760135
bernard-vallet,18.4596985267475,49,56,246,France,Europe,Western Europe,1954,65,35,22,62,,16,38,63,,41.38051199363637
jacques-michaud,21.865510366940796,48,48,117,France,Europe,Western Europe,1951,48,,25,48,,,46,48,,22.734788672298325
ronald-de-witte,23.092957181705923,49,47,78,Belgium,Europe,Western Europe,1946,64,6,18,65,,25,21,71,7,34.88669877735283
regis-clere,20.035485388989404,38,55,178,France,Europe,Western Europe,1956,67,37,18,71,,12,24,73,55,48.294266964848546
eddy-planckaert,22.02,8,37,212,Belgium,Europe,Western Europe,1958,58,,13,64,6,9,22,64,,52.33205424457911
didier-vanoverschelde,22.367069658058956,31,41,119,France,Europe,Western Europe,1952,43,,23,42,,8,52,39,,33.40428379352623
jonathan-boyer,22.308903911561636,42,49,132,United States,America,America,1955,53,35,31,51,,22,40,51,,30.517405718964202
jean-francois-rodriguez,19.646057381936874,48,56,80,France,Europe,Western Europe,1957,58,,59,56,,41,65,55,,34.56499793546183
graham-jones,21.110841681698922,47,53,105,Great Britain,Europe,Northern Europe,1957,59,31,21,58,,11,45,59,10,38.29352607418308
ludo-peeters,20.677897968931568,48,53,301,Belgium,Europe,Western Europe,1953,64,7,21,63,,23,29,64,3,42.167528563057616
daniel-willems,20.950906472560124,15,29,106,Belgium,Europe,Western Europe,1956,37,15,18,34,15,17,17,40,15,30.950328289114363
albert-zweifel,19.423712143397225,31,46,44,Switzerland,Europe,Western Europe,1949,75,,10,53,,,22,82,,45.706128816784414
alberto-fernandez-blanco,21.24482422092121,28,38,134,Spain,Europe,Southern Europe,1955,47,15,21,54,,34,25,48,45,33.93891679095773
hennie-stamsnijder,19.825408447540077,73,75,39,Netherlands,Europe,Western Europe,1954,78,,32,79,,18,73,81,,27.153882472555072
patrick-moerlen,24.218146941994142,86,79,80,Switzerland,Europe,Western Europe,1955,89,,19,86,,19,44,93,,40.80161753743209
marc-durant,20.078280968230914,59,64,135,France,Europe,Western Europe,1955,69,,36,69,,24,53,68,,35.18259563948421
robert-alban,21.97012372075085,42,44,154,France,Europe,Western Europe,1952,49,26,18,46,,,39,45,,30.153085350420316
hubert-arbes,21.702446971422066,70,72,78,France,Europe,Western Europe,1950,73,,51,73,,51,86,70,,31.415353076551735
jean-paul-hosotte,22.087748306073546,98,76,27,France,Europe,Western Europe,1955,86,,12,87,,12,83,89,,40.62264676506727
alain-meslet,21.150425360165144,67,66,59,France,Europe,Western Europe,1950,67,,,66,,,75,63,,29.673402440408058
hendrik-devos,24.174524093226257,97,94,217,Belgium,Europe,Western Europe,1955,100,29,38,95,,,95,94,,41.735070834564745
fernando-mendes,19.863578697245213,128,117,6,Portugal,Europe,Southern Europe,1946,117,,,117,,,112,145,,31.23086080572655
patrick-hosotte,21.4324818717649,52,56,28,France,Europe,Western Europe,1957,65,,11,64,,11,65,63,,40.27767378202228
eugene-urbany,21.466126473199772,79,79,79,Luxembourg,Europe,Western Europe,1957,83,,52,84,,,70,82,,36.39846289702111
theo-de-rooy,21.78,67,71,229,Netherlands,Europe,Western Europe,1957,82,42,37,77,,63,33,84,3,49.26630347961911
ronny-claes,21.38311052456406,50,61,55,Belgium,Europe,Western Europe,1957,65,,37,63,,,35,71,,41.32794034546911
ismael-lejarreta,20.93819134577329,64,65,100,Spain,Europe,Southern Europe,1953,76,20,41,76,,19,55,70,33,40.56451526876539
christian-levavasseur,21.53332656154863,81,80,97,France,Europe,Western Europe,1956,84,,53,81,,13,75,82,,41.26279609920296
rudy-colman,21.45870565938653,54,61,42,Belgium,Europe,Western Europe,1956,67,,35,67,,34,62,62,,33.5386822277637
ludo-delcroix,20.908558749762964,55,57,113,Belgium,Europe,Western Europe,1950,64,,22,66,,20,45,65,,34.289305608896896
hubert-linard,23.334517524193387,58,63,152,France,Europe,Western Europe,1953,68,26,31,66,,13,44,69,26,38.1137059793267
roger-de-cnijf,22.28111064217736,61,60,80,Belgium,Europe,Western Europe,1956,66,,32,71,,21,49,70,,35.243041776652674
dirk-wayenberg,21.16806737464043,90,90,106,Belgium,Europe,Western Europe,1955,97,,35,92,,22,76,94,,46.89005032421066
didier-lebaud,22.010126240397053,53,57,58,France,Europe,Western Europe,1954,64,,27,72,,,44,71,,34.54899989622566
urs-freuler,20.278528728018205,6,22,62,Switzerland,Europe,Western Europe,1958,42,18,24,21,,45,16,34,,33.650771240443795
jan-nevens,19.61,92,90,152,Belgium,Europe,Western Europe,1958,101,33,35,97,72,72,42,99,,57.96077108410176
bernard-becaas,22.231438388754633,68,70,102,France,Europe,Western Europe,1955,74,27,54,75,,,69,72,27,27.566928492231884
claude-vincendeau,22.56478387404762,96,93,60,France,Europe,Western Europe,1954,97,,43,95,,,100,91,,37.42401340932072
leo-wellens,22.36067473377231,97,84,28,Belgium,Europe,Western Europe,1959,90,,36,88,,36,68,94,,40.692354624274635
roland-liboton,22.309016087718547,109,92,15,Belgium,Europe,Western Europe,1957,92,,,92,,,107,85,,41.17188129687311
eric-vandeperre,21.54228366142844,117,111,11,Belgium,Europe,Western Europe,1957,111,,,111,,,122,102,,30.175546993611174
eddy-verstraeten,19.87442750974501,103,89,27,Belgium,Europe,Western Europe,1948,99,,22,101,,35,71,101,,38.318875013969055
marc-dierickx,19.370506645487957,97,94,109,Belgium,Europe,Western Europe,1954,97,,62,96,97,63,93,96,,27.657911612297347
avelino-perea,20.260169211142923,106,100,12,Spain,Europe,Southern Europe,1957,102,,,100,,,121,86,,33.75446098464077
patrick-clerc,19.49046317668632,61,71,91,France,Europe,Western Europe,1957,78,,46,75,,7,63,75,,41.67342362794588
adri-van-houwelingen,19.023937012793215,72,71,94,Netherlands,Europe,Western Europe,1953,76,,30,78,,31,68,75,,39.2303922844526
jan-bogaert,23.423687235800152,42,65,86,Belgium,Europe,Western Europe,1957,83,40,33,90,22,30,48,97,,51.70811614210869
jose-luis-mayoz-aizpurua,21.381724836482388,90,87,41,Spain,Europe,Southern Europe,1954,92,,19,89,,19,104,84,,33.64725553262923
paulino-martinez,25.83,106,81,44,Spain,Europe,Southern Europe,1952,95,24,30,107,,,85,79,,45.214844191996875
luc-de-grauwe,21.59024341495089,104,96,24,Belgium,Europe,Western Europe,1956,98,,59,98,,,102,94,,38.951753881369484
alain-de-roo,20.696423089067235,108,99,59,Belgium,Europe,Western Europe,1955,104,,57,113,,21,71,114,,37.27763998720654
franky-de-gendt,21.64443684454211,94,88,52,Belgium,Europe,Western Europe,1952,94,,54,99,,,66,99,,37.80522340952029
jacques-osmont,21.018492031491018,96,80,28,France,Europe,Western Europe,1954,85,,19,83,,,84,78,,52.36303625781804
frits-pirard,20.80120801980632,25,40,83,Netherlands,Europe,Western Europe,1954,52,,19,56,25,14,38,53,,36.55680430820408
johnny-broers,22.430014476238203,73,72,47,Netherlands,Europe,Western Europe,1959,88,,36,102,,25,56,103,,43.03800785653327
louis-luyten,24.15581411591954,115,114,65,Belgium,Europe,Western Europe,1955,120,,27,118,,20,117,117,,37.24043501357093
gerhard-schonbacher,20.189833066579887,93,88,73,Austria,Europe,Western Europe,1954,92,,50,90,,,95,85,,33.029845596856894
jan-van-houwelingen,20.0810233459434,81,76,91,Netherlands,Europe,Western Europe,1955,81,,49,81,,54,72,80,,41.306312803389716
johan-wellens2,20.244091267918517,113,104,23,Belgium,Europe,Western Europe,1956,105,,,104,,,136,95,,32.859624780442374
faustino-cueli,18.188611557570923,53,70,65,Spain,Europe,Southern Europe,1957,82,7,43,119,,96,52,110,,44.27333695786455
maurizio-fondriest,21.13,17,34,246,Italy,Europe,Southern Europe,1965,47,47,16,40,,9,21,50,23,39.0394356315304
miguel-indurain,22.35,16,40,373,Spain,Europe,Southern Europe,1964,52,34,24,46,,32,20,48,1,46.60888533554859
claudio-chiappucci,22.65,16,26,414,Italy,Europe,Southern Europe,1963,35,17,23,30,,22,22,32,11,28.942775898442946
juan-llaneras-rossello,20.06,106,86,19,Spain,Europe,Southern Europe,1969,109,95,94,10,,114,67,95,,57.33863704558745
alvaro-mejia,19.88,34,42,158,Colombia,America,America,1967,49,13,23,46,,53,19,47,,34.703060189548
antonio-martin,21.56179853711883,38,53,25,Spain,Europe,Southern Europe,1970,66,3,,62,,,1,55,,49.87724932271225
jose-maria-ahedo,22.99878165203353,119,88,3,Spain,Europe,Southern Europe,1966,117,19,,123,,,,88,,60.17751518078271
jose-enrique-gutierrez-cataluna,21.84,32,42,321,Spain,Europe,Southern Europe,1974,43,47,37,41,,76,27,46,63,35.3778720089496
piotr-ugrumov,19.16,28,37,234,Latvia,Europe,Northern Europe,1961,48,17,39,38,,74,36,37,25,34.893573879883014
christopher-jenner,21.46,60,72,99,New Zealand,Oceania,Oceania,1974,75,65,63,78,,61,62,109,65,38.58898109521168
gian-mario-ortenzi,22.79,102,98,68,Italy,Europe,Southern Europe,1976,101,110,88,115,,76,100,113,32,40.67219164194051
vladislav-bobrik,23.19522041215453,41,51,128,Russia,Asia,Asia,1971,57,31,51,68,,65,40,56,16,34.831412556612975
graziano-recinella,19.779196318203034,121,105,24,Italy,Europe,Southern Europe,1975,104,,105,,,70,130,,,44.37339505160493
marco-vergnani,21.223137353347045,65,68,105,Italy,Europe,Southern Europe,1969,74,,78,47,,74,66,,,43.89496287238167
germano-pierdomenico,22.44570801071672,87,81,83,Italy,Europe,Southern Europe,1967,94,109,77,80,,69,81,112,,53.689568738820796
stephane-berges,20.76,119,120,89,France,Europe,Western Europe,1975,124,156,90,130,,96,84,139,,41.04819472390875
aldo-zanetti,20.917798361176683,104,96,17,Italy,Europe,Southern Europe,1975,96,,94,107,,102,92,,,38.781438859330635
ruben-galvan,20.280093939588255,66,71,25,Spain,Europe,Southern Europe,1974,75,,72,67,,66,80,,,48.382607067691865
cyril-saugrain,21.45,105,104,76,France,Europe,Western Europe,1973,111,118,78,118,,82,69,130,,48.64844708219135
samuel-plouhinec,20.57,92,92,20,France,Europe,Western Europe,1976,92,,93,91,,93,91,,,28.885390588906432
cristian-salvato,21.109579602856428,102,99,160,Italy,Europe,Southern Europe,1971,102,93,107,97,,117,96,96,,39.99216904477251
francisco-tomas-garcia-rodriguez,21.93,86,83,98,Spain,Europe,Southern Europe,1975,87,71,99,83,,100,80,80,,41.161539746498136
alexei-sivakov,21.04,67,67,163,Russia,Asia,Asia,1972,73,103,69,57,,78,52,82,84,45.01677672911171
maurizio-caravaggio,20.656770361377404,96,101,22,Italy,Europe,Southern Europe,1976,105,,105,92,,105,86,136,,39.78959815343856
cristiano-colleoni,23.105808615954718,100,81,16,Italy,Europe,Southern Europe,1974,93,,86,70,,86,70,,,52.12800750716132
alessio-girelli,20.196660671667118,128,125,21,Italy,Europe,Southern Europe,1972,126,,125,,,128,123,,,29.050202851516982
andre-korff,23.149968330675293,110,100,157,Germany,Europe,Western Europe,1973,103,109,100,90,57,97,98,107,,47.75003559233316
guido-wirz,20.883383554123345,141,139,25,Switzerland,Europe,Western Europe,1972,144,164,155,100,,155,100,164,,38.93490293639714
oleg-joukov,22.717992597991337,92,109,9,Russia,Asia,Asia,1976,112,78,112,,,112,,,78,42.444080859408416
fulvio-frigo,24.348834469434834,19,60,10,Italy,Europe,Southern Europe,1973,72,,60,,,60,,,,62.84274907346997
leonardo-guidi,22.291387163329905,96,91,55,Italy,Europe,Southern Europe,1974,93,96,74,94,,74,92,96,,48.99310746548517
pietro-zucconi,21.55,95,96,112,Switzerland,Europe,Western Europe,1975,102,116,101,70,,115,74,119,47,38.808339237040215
steven-de-jongh,24.54,86,80,298,Netherlands,Europe,Western Europe,1973,85,112,70,85,27,66,78,94,93,48.44096049378266
arnoldas-saprykinas,23.534533772820645,106,101,31,Lithuania,Europe,Northern Europe,1973,101,94,117,,,123,71,94,,39.708561954232465
emanuele-lupi,18.56462697480276,97,93,27,Italy,Europe,Southern Europe,1969,108,55,96,94,,96,94,,55,44.772581404069676
jerome-delbove,20.582820773153326,106,110,25,France,Europe,Western Europe,1974,115,,115,94,,167,96,,,38.48514865070248
giuseppe-di-fresco,19.265719818678146,124,116,8,Italy,Europe,Southern Europe,1973,117,,116,,,116,,,,48.360070601390035
marco-bellini,18.42580343732583,107,95,11,Italy,Europe,Southern Europe,1969,116,,104,8,,104,8,,,49.70970272949282
franck-perque,22.55,106,108,36,France,Europe,Western Europe,1974,116,,131,86,,144,89,,,44.72231785457585
jerome-neuville,23.06,100,103,8,France,Europe,Western Europe,1975,104,,103,,,103,,,,42.24418810406265
frederic-delalande,23.008228403755275,120,126,8,France,Europe,Western Europe,1969,126,,126,,,126,,,,26.246088143895708
daniel-ribera,21.63294147317613,172,162,5,Spain,Europe,Southern Europe,1975,162,,162,,,162,,,,36.84698088039236
giancarlo-raimondi,20.60133063136414,105,89,106,Italy,Europe,Southern Europe,1972,90,85,106,77,,117,93,83,,56.09239025379954
denis-leproux,23.440998858522324,82,106,15,France,Europe,Western Europe,1964,123,,162,56,,162,56,,,58.01083642611217
christian-auriemma,20.392261934686285,167,156,5,Italy,Europe,Southern Europe,1974,156,,156,,,156,,,,37.35237609577201
enrico-degano,20.53,144,124,78,Italy,Europe,Southern Europe,1976,127,183,125,74,,136,117,123,,63.379846915285256
franck-pencole,21.86,68,78,23,France,Europe,Western Europe,1976,92,,89,65,,94,62,,,53.61722040642047
roger-beuchat,21.45,95,89,124,Switzerland,Europe,Western Europe,1972,93,100,91,82,,105,80,107,57,43.36147082202054
cristiano-mancini,20.06855382052233,171,173,8,Italy,Europe,Southern Europe,1974,174,,173,,,173,,,,12.586131823785827
enrico-barbin,21.77,117,109,121,Italy,Europe,Southern Europe,1990,110,66,110,21,,112,109,,66,47.69361439432422
evgeny-shalunov,21.6,108,104,26,Russia,Asia,Asia,1992,109,,104,,,35,125,,,60.79297783334975
davide-martinelli,20.52,105,106,81,Italy,Europe,Southern Europe,1993,107,100,106,121,96,105,107,103,86,39.380868169426854
iljo-keisse,21.5,117,111,250,Belgium,Europe,Western Europe,1982,114,112,110,117,76,84,115,126,110,43.341016495271234
julien-berard,20.45,106,103,179,France,Europe,Western Europe,1987,105,103,106,85,,115,104,97,,34.06708001309943
vincenzo-albanese,22.86,78,78,94,Italy,Europe,Southern Europe,1996,79,,77,134,,81,76,134,,54.029183882880396
jan-barta,22.15,86,84,205,Czech Republic,Europe,Eastern Europe,1984,85,81,86,83,,77,88,83,80,39.25299794817786
marcin-bialoblocki,21.21,166,150,21,Poland,Europe,Eastern Europe,1983,151,,150,,135,135,150,,,46.927958972592585
giuseppe-fonzi,19.44,158,152,41,Italy,Europe,Southern Europe,1991,153,,152,,,,152,,,24.929901724635823
zhandos-bizhigitov,20.62,139,134,33,Kazakhstan,Asia,Asia,1991,137,79,135,,,110,141,79,,37.85988922489358
kristijan-koren,21.5,80,81,379,Slovenia,Europe,Southern Europe,1986,82,79,75,85,35,70,70,95,,40.213620189000274
thierry-claveyrolat,20.909177367121096,58,67,210,France,Europe,Western Europe,1959,78,19,36,70,,36,31,74,,51.652756857254595
huub-duijn,21.56,79,85,43,Netherlands,Europe,Western Europe,1984,89,115,84,83,85,76,89,,115,41.338861131453854
pierrick-fedrigo,22.31,85,85,459,France,Europe,Western Europe,1978,89,80,83,87,,98,70,93,,44.07699186925416
frank-schleck,18.79,35,44,554,Luxembourg,Europe,Western Europe,1980,46,47,46,41,,47,41,46,16,33.76452349899518
marc-de-maar,20.68,85,91,149,Netherlands,Europe,Western Europe,1984,93,90,88,102,31,78,94,95,89,44.621365934286075
maurits-lammertink,21.36,78,80,164,Netherlands,Europe,Western Europe,1990,83,67,79,84,,72,80,88,84,42.9363290877196
thomas-sprengers,19.15,61,67,29,Belgium,Europe,Western Europe,1990,68,82,66,,57,61,68,53,97,23.289514332259326
mirko-selvaggi,19.2,86,85,128,Italy,Europe,Southern Europe,1985,87,78,85,89,42,74,91,76,,39.97789743676581
andrei-grivko,21.37,66,71,574,Ukraine,Europe,Eastern Europe,1983,73,59,63,80,47,59,63,83,51,40.93513636924799
johnny-hoogerland,20.29,73,82,242,Netherlands,Europe,Western Europe,1983,87,59,80,95,66,63,88,85,4,46.926026757474744
arthur-vichot,21.86,73,73,318,France,Europe,Western Europe,1988,75,59,63,81,,62,70,81,,45.12043109704069
pieter-weening,19.66,76,80,545,Netherlands,Europe,Western Europe,1981,82,77,70,93,,78,69,95,71,44.0068550564453
caleb-fairly,20.76,126,119,100,United States,America,America,1987,123,111,121,120,,134,118,117,,38.938309146545116
nathan-haas,22.41,97,94,224,Australia,Oceania,Oceania,1989,98,102,93,91,86,83,85,111,109,51.25003535099794
jose-rodolfo-serpa,20.2,74,76,321,Colombia,America,America,1979,78,97,69,89,,59,72,95,30,41.21060494921634
youcef-reguigui,23.32,119,105,67,Algeria,Africa,Africa,1990,105,118,105,100,,101,102,112,,46.19534065211255
jerome-baugnies,21.06,100,102,47,Belgium,Europe,Western Europe,1987,109,,100,112,85,121,85,,,46.79168312446905
mike-terpstra,17.92,85,87,3,Netherlands,Europe,Western Europe,1987,89,,100,,61,61,100,,,26.539279065817393
preben-van-hecke,21.53,102,103,125,Belgium,Europe,Western Europe,1982,108,98,107,99,78,68,107,109,78,41.37092948498514
patrick-schelling,20.38,62,64,20,Switzerland,Europe,Western Europe,1990,65,121,79,42,,,62,,121,35.94806194907782
pieter-vanspeybrouck,21.97,96,88,72,Belgium,Europe,Western Europe,1987,88,,96,81,85,88,101,73,,47.758160983564686
angelo-tulik,20.66,98,99,130,France,Europe,Western Europe,1990,101,43,100,101,61,100,96,101,,40.21277709709272
davide-frattini,19.44,98,104,24,Italy,Europe,Southern Europe,1978,112,172,111,77,,89,87,153,,45.30444518613144
daniele-ratto,22.84,100,93,113,Italy,Europe,Southern Europe,1989,95,91,84,116,,58,98,113,,53.92883620299868
reinier-honig,19.69,136,132,18,Netherlands,Europe,Western Europe,1983,134,106,134,,,143,127,,106,20.745658652864616
dominik-nerz,20.68,47,57,220,Germany,Europe,Western Europe,1989,57,38,61,61,,66,59,51,30,35.75997075655622
yannick-martinez,22.28,94,91,46,France,Europe,Western Europe,1988,93,101,94,84,74,100,73,101,,57.21555141455423
guillaume-levarlet,20.01,74,81,129,France,Europe,Western Europe,1985,82,64,77,87,,83,78,83,,44.48402236898132
johan-le-bon,21.6,108,103,119,France,Europe,Western Europe,1990,105,104,97,117,76,101,95,117,,48.12359313780899
pirmin-lang,21.8,141,135,38,Switzerland,Europe,Western Europe,1984,137,134,121,167,121,124,120,147,,36.00940291300013
jesse-sergent,21.28,110,103,101,New Zealand,Oceania,Oceania,1988,105,95,103,112,62,96,104,107,,43.3919164803951
julian-david-arredondo,21.56,97,92,95,Colombia,America,America,1988,94,134,82,101,,76,81,116,,53.44711360744867
marcel-aregger,20.9,107,108,52,Switzerland,Europe,Western Europe,1990,108,108,114,103,,109,119,106,,29.41124132264334
lloyd-mondory,21.55,87,77,279,France,Europe,Western Europe,1982,78,86,67,83,45,68,82,80,,52.70015743273382
vegard-breen,21.16,120,116,65,Norway,Europe,Northern Europe,1990,120,114,78,122,122,73,93,132,,44.30699284971409
nikolas-maes,21.61,105,95,220,Belgium,Europe,Western Europe,1986,98,101,87,110,55,82,98,105,,47.86176476436576
gerald-ciolek,23.41,106,91,250,Germany,Europe,Western Europe,1986,94,120,90,86,69,88,85,96,,59.86777411521193
johan-vansummeren,20.36,82,88,504,Belgium,Europe,Western Europe,1981,90,85,79,94,48,76,78,97,56,43.62713481107442
francesco-lasca,20.06,146,127,40,Italy,Europe,Southern Europe,1988,128,127,,127,,,,127,,53.72460043879054
adriano-malori,20.53,97,95,206,Italy,Europe,Southern Europe,1988,97,88,81,110,,71,88,112,,45.192021701618046
matteo-pelucchi,22.34,157,142,59,Italy,Europe,Southern Europe,1989,144,185,145,145,88,130,145,160,,55.02897063897377
yauheni-hutarovich,22.41,108,95,145,Belarus,Europe,Eastern Europe,1983,98,87,92,105,62,91,104,97,40,57.59497819610631
damien-gaudin,23.55,133,117,187,France,Europe,Western Europe,1986,121,135,109,123,93,109,104,132,,46.62163130016837
nacer-bouhanni,21.22,85,82,202,France,Europe,Western Europe,1990,83,64,73,91,,54,93,94,31,72.42823189835833
robert-wagner,21.68,133,122,155,Germany,Europe,Western Europe,1983,125,115,100,140,78,102,106,132,,44.54537092918975
oscar-gatto,22.13,104,95,328,Italy,Europe,Southern Europe,1985,98,108,94,101,28,72,102,110,,54.18352108241208
matthias-krizek,21.39,100,109,39,Austria,Europe,Western Europe,1988,111,115,109,106,,101,101,116,,35.88239900988302
geoffrey-soupe,22.34,106,99,208,France,Europe,Western Europe,1988,99,99,89,108,,100,92,104,93,51.13429829656099
jonathan-fumeaux,19.25,92,95,76,Switzerland,Europe,Western Europe,1988,98,110,83,99,,,82,128,,40.616052051012126
daniil-fominykh,20.45,113,116,61,Kazakhstan,Asia,Asia,1991,119,125,114,120,79,114,99,143,,38.66084137389802
dan-craven,22.15,142,130,20,Namibia,Africa,Africa,1983,131,121,,144,,,,130,,36.37682894660455
karol-domagalski,20.89,123,118,27,Poland,Europe,Eastern Europe,1989,119,117,109,129,,109,,122,,40.56727380171983
laurent-mangel,21.83,117,115,149,France,Europe,Western Europe,1981,118,134,104,125,,112,101,137,,43.248983866421185
sebastien-turgot,22.78,91,83,160,France,Europe,Western Europe,1984,86,132,73,88,27,72,88,92,,51.7526030093076
gert-joeaar,22.79,146,127,25,Estonia,Europe,Northern Europe,1987,130,127,86,150,99,81,100,136,,47.818476206030105
elia-favilli,20.62,110,108,143,Italy,Europe,Southern Europe,1989,111,106,104,115,141,80,111,119,52,53.65306637618231
dominic-klemme,22.72,140,140,55,Germany,Europe,Western Europe,1986,145,151,121,173,92,122,105,159,,39.34623996427866
andrea-guardini,21.55,159,143,51,Italy,Europe,Southern Europe,1989,144,151,140,140,,142,140,147,,48.005351008926034
jose-humberto-rujano,18.29,61,62,122,Venezuela,America,America,1982,62,60,60,86,,106,60,60,,41.447031112292024
john-gadret,20.07,61,67,373,France,Europe,Western Europe,1979,69,67,59,78,,60,59,82,32,46.505475445876264
francesco-masciarelli,18.17,69,63,57,Italy,Europe,Southern Europe,1986,65,22,65,,,80,60,,22,41.639166363396335
thomas-lofkvist,20.23,45,51,414,Sweden,Europe,Northern Europe,1984,52,64,47,53,,43,46,62,30,33.43360081944628
carlos-jose-ochoa,19.14,75,81,105,Venezuela,America,America,1980,82,91,80,135,,,80,91,,37.31469478484913
cyril-dessel,19.23,82,82,352,France,Europe,Western Europe,1974,85,100,82,77,,78,69,98,111,39.91230837088177
lars-petter-nordhaug,20.34,71,76,185,Norway,Europe,Northern Europe,1984,80,43,75,85,,82,78,69,39,45.235110449641915
filippo-savini,22.63112286739443,111,107,37,Italy,Europe,Southern Europe,1985,111,,107,,,90,118,,,49.42883986308206
david-blanco,19.770956369088474,56,60,100,Spain,Europe,Southern Europe,1975,62,42,79,68,,,79,48,,36.70063853241342
carlos-oyarzun,19.49,110,108,22,Chile,America,America,1981,108,118,107,,,,107,118,,23.793529259696523
addy-engels,19.54,112,109,426,Netherlands,Europe,Western Europe,1977,111,115,106,117,,105,104,122,,42.19400053684775
luis-pasamontes,20.81,49,54,244,Spain,Europe,Southern Europe,1979,54,50,55,56,,48,58,52,,30.09997592857223
simone-stortoni,20.66,96,98,171,Italy,Europe,Southern Europe,1985,99,114,97,98,,91,98,101,,40.41243341697951
giampaolo-cheula,19.57,110,110,208,Italy,Europe,Southern Europe,1979,113,121,105,115,,99,104,122,,37.65728781677389
bjorn-selander,22.22,103,104,27,United States,America,America,1988,105,,104,,,103,105,,,38.969123579990764
aliaksandr-kuchynski,19.62,90,89,328,Belarus,Europe,Eastern Europe,1979,92,99,83,93,54,68,88,99,84,41.5998108000055
francesco-reda,21.85,116,110,118,Italy,Europe,Southern Europe,1982,116,34,106,140,,74,116,124,36,48.038871338696865
fabio-taborre,20.83,101,96,48,Italy,Europe,Southern Europe,1985,96,102,96,,,84,104,,102,52.12559845396883
frederik-veuchelen,22.4,103,101,151,Belgium,Europe,Western Europe,1978,103,104,103,99,86,97,103,98,,31.247662694048955
simon-zahner,22.28,106,100,27,Switzerland,Europe,Western Europe,1983,100,,100,,,108,99,,,39.13021580791229
maxim-gourov,21.0,113,105,65,Kazakhstan,Asia,Asia,1979,107,71,110,89,,123,104,71,,37.085218909134966
kjell-carlstrom,21.37,92,94,260,Finland,Europe,Northern Europe,1976,97,105,96,87,,96,87,105,63,42.12976192570806
simon-spilak,21.95,48,56,400,Slovenia,Europe,Southern Europe,1986,59,57,48,70,,49,46,97,44,42.67852200582283
tiziano-dall-antonia,20.68,106,102,182,Italy,Europe,Southern Europe,1983,104,115,98,110,89,86,103,117,,45.546168151744936
chad-beyer,19.88,132,130,33,United States,America,America,1986,133,,130,,,107,137,,,30.573154940736863
alan-marangoni,21.62,112,110,207,Italy,Europe,Southern Europe,1984,112,128,108,115,,104,110,115,,33.85045826416481
olivier-kaisen,21.56,124,117,268,Belgium,Europe,Western Europe,1983,119,93,132,121,,140,125,103,107,40.501604168066066
dennis-van-winden,20.68,117,106,138,Netherlands,Europe,Western Europe,1987,108,107,108,103,84,108,108,105,58,52.09041159984309
federico-canuti,20.53,97,100,98,Italy,Europe,Southern Europe,1985,102,22,100,103,,87,107,99,22,40.008777703004746
klaas-lodewyck,21.6,109,99,103,Belgium,Europe,Western Europe,1988,100,99,104,89,68,85,112,91,,48.10760354800397
rick-flens,23.45,128,120,140,Netherlands,Europe,Western Europe,1983,122,,120,101,72,117,120,,,41.907657381124146
daniel-sesma,23.66,117,119,43,Spain,Europe,Southern Europe,1984,120,,124,107,,111,123,,,30.21854688528636
davide-ricci-bitti,18.52,128,130,26,Italy,Europe,Southern Europe,1984,135,,130,,,108,138,,,36.53702021448719
matteo-rabottini,20.495814190743626,82,82,88,Italy,Europe,Southern Europe,1987,85,18,83,89,,36,88,18,,50.68671448297247
giairo-ermeti,19.82,133,122,100,Italy,Europe,Southern Europe,1981,126,17,127,96,,121,125,,17,47.59050389107117
manuel-cardoso,21.85,114,94,89,Portugal,Europe,Southern Europe,1983,94,87,94,102,,66,116,90,,63.36197630170652
alex-rasmussen,25.44,134,120,89,Denmark,Europe,Northern Europe,1984,122,119,120,127,49,118,120,124,,48.7592714003957
kasper-klostergaard,20.83,128,121,119,Denmark,Europe,Northern Europe,1983,125,134,122,110,81,111,126,130,,37.11538842732729
francesco-chicchi,24.54,132,110,118,Italy,Europe,Southern Europe,1980,111,120,114,95,,108,113,102,,61.86878443152592
russell-downing,21.89,115,102,33,Great Britain,Europe,Northern Europe,1978,104,48,107,108,79,82,108,48,,52.54727308900918
matthew-goss,22.09,108,93,214,Australia,Oceania,Oceania,1986,94,81,89,100,135,80,97,95,,56.997693525820786
wouter-weylandt,21.27,109,91,107,Belgium,Europe,Western Europe,1984,93,89,92,111,45,96,86,92,,57.48279203995635
markus-eibegger,20.31,81,82,38,Austria,Europe,Western Europe,1984,85,72,67,130,,,67,119,,46.492577299548365
lucas-sebastian-haedo,21.38,118,108,106,Argentina,America,America,1983,108,124,99,126,100,103,101,132,,45.893207808030276
cameron-wurf,24.28,95,94,151,Australia,Oceania,Oceania,1983,96,96,93,91,112,90,94,103,91,35.99087203385289
iban-mayoz-echeverria,20.96,90,95,131,Spain,Europe,Southern Europe,1981,97,80,94,108,,110,90,103,,43.67171075891906
jackson-rodriguez,20.07,67,72,113,Venezuela,America,America,1985,72,,72,55,,74,72,,,42.17834515782766
alexander-efimkin,21.13,68,69,170,Russia,Asia,Asia,1981,71,68,64,84,,75,62,85,,39.733788700513344
xavier-tondo,20.53,42,46,115,Spain,Europe,Southern Europe,1978,46,37,46,69,,44,50,41,,31.86522916755565
linus-gerdemann,21.2,47,56,282,Germany,Europe,Western Europe,1982,56,84,46,57,,40,47,68,,40.85265352295042
mathieu-claude,21.3,124,114,68,France,Europe,Western Europe,1983,117,119,112,124,,71,116,124,,47.435904724876934
rene-mandri,19.49,66,73,96,Estonia,Europe,Northern Europe,1984,73,52,76,102,106,71,88,52,61,44.38545280891737
roman-kireyev,21.07,92,89,37,Kazakhstan,Asia,Asia,1987,89,85,89,,,106,86,,85,32.790260767508414
michiel-elijzen,21.7,93,90,66,Netherlands,Europe,Western Europe,1982,90,,89,90,127,104,83,,,42.652463399346985
florian-stalder,19.61,80,78,80,Switzerland,Europe,Western Europe,1982,80,72,88,74,,,77,82,,34.36319187293582
ludovic-turpin,19.72,80,82,321,France,Europe,Western Europe,1975,84,62,88,86,,86,77,85,56,39.65725185398746
anthony-ravard,21.71,113,98,50,France,Europe,Western Europe,1983,99,12,100,98,,96,101,12,,53.08954699373503
david-loosli,21.43,92,90,320,Switzerland,Europe,Western Europe,1980,92,96,88,90,,96,82,97,,38.776418843250724
francesco-failli,19.84,86,85,156,Italy,Europe,Southern Europe,1983,87,95,83,91,,72,91,98,43,38.30118333891643
sergey-klimov,20.6,92,93,97,Russia,Asia,Asia,1980,95,61,97,74,,63,100,,61,35.4303349408472
nicki-sorensen,21.43,72,76,704,Denmark,Europe,Northern Europe,1975,79,78,65,83,,79,60,88,58,41.52346729585433
valentin-iglinskiy,21.46,114,100,52,Kazakhstan,Asia,Asia,1984,101,90,106,102,,70,113,97,,50.82323787693604
alberto-loddo,21.26,135,110,56,Italy,Europe,Southern Europe,1979,112,,114,22,,124,107,,,64.55805551956728
marcel-sieberg,20.41,104,100,343,Germany,Europe,Western Europe,1982,103,78,88,110,70,91,83,111,57,44.006206134715775
adam-blythe,22.2,140,123,82,Great Britain,Europe,Northern Europe,1989,125,108,125,141,83,94,130,131,11,57.96344075118168
mikhail-ignatiev,21.63,131,121,256,Russia,Asia,Asia,1985,123,118,121,124,,108,121,125,,44.8649264664307
gabriel-rasch,21.27,104,100,202,Norway,Europe,Northern Europe,1976,104,93,109,92,69,90,112,93,,41.73489207711975
daniel-lloyd1,20.02,106,102,106,Great Britain,Europe,Northern Europe,1980,104,,93,120,,79,107,119,,42.04735382947536
julien-fouchard,21.16,129,121,73,France,Europe,Western Europe,1986,123,133,116,124,70,118,115,125,,38.086079704735894
martin-pedersen,21.45,147,136,41,Denmark,Europe,Northern Europe,1983,138,131,136,159,,119,163,135,,41.506332164575774
kalle-kriit,19.23,106,103,20,Estonia,Europe,Northern Europe,1983,103,,103,,,,103,,,42.62230080973796
damien-monier,21.22,100,97,120,France,Europe,Western Europe,1982,97,99,103,85,,97,103,92,,43.514992264973785
matthias-russ,20.24,107,101,189,Germany,Europe,Western Europe,1983,102,123,96,103,,105,92,126,65,41.30276007021795
marco-corti,20.18,128,125,57,Italy,Europe,Southern Europe,1986,127,,128,107,,114,133,,,34.548629052736075
graeme-brown,23.46,140,115,94,Australia,Oceania,Oceania,1979,116,159,113,107,,89,113,138,,66.6865124315874
remi-cusin,20.52,81,85,54,France,Europe,Western Europe,1986,88,16,89,71,,80,89,16,,42.55308272916799
guillaume-blot,22.66,161,142,13,France,Europe,Western Europe,1985,142,,144,,112,112,144,,,43.533217496999065
matthew-lloyd,21.2,86,91,239,Australia,Oceania,Oceania,1983,94,79,87,103,,105,81,101,40,47.807990462275946
thomas-voeckler,23.45,84,85,665,France,Europe,Western Europe,1979,89,87,78,90,46,71,76,98,56,51.47873779325467
chris-sutton,21.63,120,109,164,Australia,Oceania,Oceania,1984,112,80,110,121,103,92,118,103,,49.69422700692055
niko-eeckhout,24.39,38,58,34,Belgium,Europe,Western Europe,1970,76,151,59,,25,27,105,,151,58.37515434905755
laszlo-bodrogi,22.59,73,75,275,France,Europe,Western Europe,1976,77,81,72,76,41,74,71,79,65,43.22821800764851
alberto-vinale,23.043192829667213,109,101,72,Italy,Europe,Southern Europe,1978,107,110,25,69,,25,69,110,,54.451208220592456
kristof-trouve,19.525988097315125,59,54,16,Belgium,Europe,Western Europe,1976,58,,55,,50,48,67,,,24.193318636901942
stefan-van-dijk-1,22.1,64,70,43,Netherlands,Europe,Western Europe,1976,75,20,72,58,114,61,83,,20,49.23001812294386
michel-vanhaecke,20.841997386683317,40,45,30,Belgium,Europe,Western Europe,1971,49,4,45,,80,38,62,4,,32.584884726567296
raphael-schweda,19.105271236685944,111,100,101,Germany,Europe,Western Europe,1976,107,116,105,51,,120,73,114,140,50.104769441561935
vladimir-smirnov,22.355394941043297,131,110,8,Lithuania,Europe,Northern Europe,1978,124,100,112,,,22,148,,100,74.13838412050805
coen-boerman,22.496749434341893,133,111,19,Netherlands,Europe,Western Europe,1976,121,,114,,55,46,128,,,50.121606504545426
tony-bracke,21.160280172321922,34,34,2,Belgium,Europe,Western Europe,1971,35,,34,,,34,,,,11.313708498984761
rafael-mateos-perez,21.74,123,112,47,Spain,Europe,Southern Europe,1976,114,124,105,114,,108,101,123,,43.703864269437396
bert-scheirlinckx,19.79,40,48,34,Belgium,Europe,Western Europe,1974,52,,49,,42,34,66,,,31.15502322853839
matthe-pronk,23.84,75,81,103,Netherlands,Europe,Western Europe,1974,86,96,69,89,19,41,80,94,98,46.27049069912061
tom-desmet,21.278909998497877,32,46,32,Belgium,Europe,Western Europe,1969,58,95,42,48,56,33,61,90,95,35.929913294563335
kris-matthijs,22.211842029103167,54,54,1,Belgium,Europe,Western Europe,1974,54,,54,,,54,,,,
thijs-al,22.22,56,56,1,Netherlands,Europe,Western Europe,1980,56,,56,,,56,,,,
stijn-vanstraelen,22.453887871032357,75,75,2,Belgium,Europe,Western Europe,1979,74,,75,,,75,,,,25.45584412271571
jurgen-landrie,20.03803511802123,74,74,2,Belgium,Europe,Western Europe,1975,73,,74,,,74,,,,19.79898987322333
aleksandar-nikacevic,22.286509149435123,114,114,2,Serbia,Europe,Southern Europe,1978,124,166,61,,,61,,,166,74.24621202458749
stefano-casagranda,21.993840465032253,102,95,231,Italy,Europe,Southern Europe,1973,98,108,88,88,,86,87,104,,46.478668942501635
sebastien-joly,22.84,92,90,174,France,Europe,Western Europe,1979,93,93,67,97,,57,79,109,,46.564228690365624
marco-engels,23.21456708967069,48,48,2,Netherlands,Europe,Western Europe,1973,51,,48,,,48,,,,28.284271247461902
marek-salermo,20.509999744239643,69,69,1,Finland,Europe,Northern Europe,1978,69,,69,,,69,,,,
bart-leysen,21.68,89,88,136,Belgium,Europe,Western Europe,1969,97,83,69,117,35,71,75,110,,42.19764420522298
geert-omloop,23.55,62,58,12,Belgium,Europe,Western Europe,1974,63,,57,,60,50,94,,,26.688296152342726
marcel-duijn,20.940936486325004,108,105,26,Netherlands,Europe,Western Europe,1977,110,,120,80,,78,107,,,43.250842588502074
steven-van-malderghem,21.287281069648017,80,63,3,Belgium,Europe,Western Europe,1977,66,,80,,30,63,,,,28.867513459481287
michael-skelde,20.62115341342048,85,87,21,Denmark,Europe,Northern Europe,1973,89,75,88,,,89,85,,75,35.28826865633825
hans-de-clercq,22.88,84,86,117,Belgium,Europe,Western Europe,1969,97,,72,102,37,60,89,110,,47.65711756601374
kurt-asle-arvesen,22.1,72,76,326,Norway,Europe,Northern Europe,1975,79,73,64,87,,66,71,85,34,48.81839844185343
ralf-grabsch,23.67,90,87,194,Germany,Europe,Western Europe,1973,91,87,83,91,32,77,86,93,66,34.951014580742545
erik-lievens,21.259751162818663,94,94,1,Belgium,Europe,Western Europe,1979,94,,94,,,94,,,,
michael-giebelmann,21.924923898757154,134,129,8,Germany,Europe,Western Europe,1974,130,,129,,,129,,,,15.203383082158295
thomas-bodo,22.12312157138353,88,80,20,France,Europe,Western Europe,1980,82,,103,68,,98,79,,,29.81570585764277
ludovic-capelle,22.89,56,76,25,Belgium,Europe,Western Europe,1976,85,24,50,112,52,48,86,106,24,58.050466549948304
jimmy-casper,22.53,105,96,192,France,Europe,Western Europe,1978,100,95,99,96,43,104,89,100,5,57.61882687365897
geoffrey-demeyere,20.618194722739503,72,65,4,Belgium,Europe,Western Europe,1976,68,,65,,,52,104,,,45.350486950711634
tom-flammang,22.16,41,53,5,Luxembourg,Europe,Western Europe,1978,61,,53,,,62,18,,,32.96513309543889
eddy-serri,18.678036852581155,146,143,43,Italy,Europe,Southern Europe,1974,146,,150,119,,120,145,,,37.70382040443251
robert-sassone,22.89,110,102,39,France,Europe,Western Europe,1978,108,109,128,60,,134,61,109,,57.63991953400559
laurent-pichon,21.78,94,100,241,France,Europe,Western Europe,1986,104,94,94,108,,74,111,110,,44.41643201472171
thomas-boudat,22.86,111,99,83,France,Europe,Western Europe,1994,101,,82,103,78,82,101,104,,50.19707268732637
matti-breschel,21.37,79,78,351,Denmark,Europe,Northern Europe,1984,82,61,73,94,45,67,85,81,24,53.50443083375544
ben-swift,21.53,70,73,368,Great Britain,Europe,Northern Europe,1987,75,49,72,85,45,54,79,87,43,50.901090683371244
julien-el-fares,20.96,61,71,212,France,Europe,Western Europe,1985,71,72,72,69,,72,70,70,,39.110789141076815
bert-van-lerberghe,22.99,108,96,113,Belgium,Europe,Western Europe,1992,99,96,100,105,53,82,113,100,55,45.173301986786186
dayer-quintana-rojas,20.8,75,83,108,Colombia,America,America,1992,85,75,85,77,,75,88,91,75,38.09342507924317
juraj-sagan,21.72,112,109,87,Slovakia,Europe,Eastern Europe,1988,112,67,104,121,,101,111,132,56,35.95793378200641
brenton-jones,24.45,102,80,6,Australia,Oceania,Oceania,1991,79,,80,,,80,,,,48.594924289134006
edvaldas-siskevicius,24.42,96,89,56,Lithuania,Europe,Northern Europe,1988,91,64,89,90,126,92,81,95,32,49.73056952674628
daniel-mclay,20.59,122,104,137,Great Britain,Europe,Northern Europe,1992,104,96,100,110,89,98,132,102,,58.822030197726306
stijn-vandenbergh,21.72,75,75,209,Belgium,Europe,Western Europe,1984,79,71,69,88,26,72,75,84,45,40.1402399892771
roy-curvers,20.65,105,106,289,Netherlands,Europe,Western Europe,1979,108,125,105,108,50,106,105,107,,37.0095020114942
przemyslaw-kasperkiewicz,21.43,110,115,7,Poland,Europe,Eastern Europe,1994,117,,115,,,115,,,,25.553864678361272
erik-baska,22.34,119,115,31,Slovakia,Europe,Eastern Europe,1994,117,,122,,70,116,113,,,37.493425947055194
lars-boom,20.56,92,87,274,Netherlands,Europe,Western Europe,1985,89,96,68,96,64,70,76,100,70,47.873533438336835
ide-schelling,19.93,107,96,77,Netherlands,Europe,Western Europe,1998,98,95,81,123,65,84,97,110,94,48.27164533133139
clement-champoussin,18.83,48,56,146,France,Europe,Western Europe,1998,58,49,57,60,,52,51,61,57,38.99515854788611
michel-ries,19.79,81,83,74,Luxembourg,Europe,Western Europe,1998,84,79,88,72,,83,87,74,78,34.197027504079536
gerben-thijssen,24.44,108,101,34,Belgium,Europe,Western Europe,1998,103,103,108,144,44,55,106,144,103,54.031622417190725
michal-paluta,21.47,108,105,20,Poland,Europe,Eastern Europe,1995,106,105,103,,,,103,104,106,32.15795718832768
ian-garrison,20.4,111,107,31,United States,America,America,1998,108,111,100,,,,100,140,110,31.511629530998945
harry-tanfield,22.02,126,115,22,Great Britain,Europe,Northern Europe,1994,116,120,118,,106,106,118,,120,42.104384816539245
rui-oliveira,19.71,94,91,91,Portugal,Europe,Southern Europe,1996,93,88,99,77,36,75,118,72,99,48.06391755714645
alexis-renard,21.39,105,99,55,France,Europe,Western Europe,1999,99,91,86,109,52,85,96,116,91,41.06238171269651
robert-stannard,23.1,66,71,137,Australia,Oceania,Oceania,1998,71,82,63,72,62,63,64,85,67,39.44156533402652
emmanuel-morin,23.36,126,111,31,France,Europe,Western Europe,1995,112,97,138,129,,,117,146,97,43.688289811649376
kevin-inkelaar,19.54,120,122,20,Netherlands,Europe,Western Europe,1997,123,122,,,,,,94,124,17.76128255207762
benjamin-dyball,19.02,120,116,26,Australia,Oceania,Oceania,1989,116,116,,,,,,114,117,25.665541100861283
emils-liepins,21.88,85,75,53,Latvia,Europe,Northern Europe,1992,77,93,90,,47,60,91,54,97,46.64420808675648
julius-van-den-berg,21.61,117,109,121,Netherlands,Europe,Western Europe,1996,111,108,109,115,81,87,114,115,114,40.65870682610736
mihkel-raim,22.28,123,116,23,Estonia,Europe,Northern Europe,1993,117,118,101,,,96,110,122,117,44.89658736822046
martin-salmon,18.41,123,120,21,Germany,Europe,Western Europe,1997,121,120,116,120,,,119,,120,33.32466553970697
max-kanter,21.95,101,89,96,Germany,Europe,Western Europe,1997,91,94,95,,52,75,97,,94,49.17693507105192
jakub-mareczko,23.46,122,104,73,Italy,Europe,Southern Europe,1994,106,119,108,,64,94,107,,119,65.83226691234985
isidro-nozal-vega,21.37,77,73,235,Spain,Europe,Southern Europe,1977,74,33,87,80,,83,89,60,40,42.25850270774155
alexandre-botcharov,20.08,44,54,506,Russia,Asia,Asia,1975,56,58,50,57,,46,47,65,39,37.15381935687357
benoit-poilvet,21.2,87,89,200,France,Europe,Western Europe,1976,93,84,87,95,,80,88,102,57,34.09219542570886
antonio-colom,21.2,66,69,154,Spain,Europe,Southern Europe,1978,72,101,53,76,,27,60,95,,44.711084813157235
theo-eltink,19.64799887423907,76,77,207,Netherlands,Europe,Western Europe,1981,77,82,74,74,,88,73,81,60,37.0962763351078
patrik-sinkewitz,21.05,48,51,186,Germany,Europe,Western Europe,1980,54,79,45,46,,56,35,75,18,32.57414184060934
bernhard-kohl,20.62,51,62,171,Austria,Europe,Western Europe,1982,63,102,59,55,,67,53,70,78,41.307860255470146
francesco-bellotti,20.29,78,84,247,Italy,Europe,Southern Europe,1979,86,107,75,95,,88,72,117,46,44.06330558169038
jose-antonio-redondo-ramos,20.91694624787303,93,91,75,Spain,Europe,Southern Europe,1985,93,85,93,91,,113,78,101,,46.76582643899841
gaizka-lasa-larraya,18.73041156388862,104,99,4,Spain,Europe,Southern Europe,1982,99,,99,,,,99,,,32.873494895837695
mads-kaggestad,21.55,100,102,84,Norway,Europe,Northern Europe,1977,105,112,97,102,,59,99,123,,38.0881511444417
jose-adrian-bonilla,23.04,90,88,10,Costa Rica,America,America,1978,85,,88,,,,88,,,39.72125095937661
koldo-gil-perez,21.294237686817354,55,68,92,Spain,Europe,Southern Europe,1978,74,87,81,26,,86,57,87,,53.69803180012171
ezequiel-mosquera-miguez,20.75,31,37,123,Spain,Europe,Southern Europe,1975,38,26,57,43,,71,54,28,,30.374057461151587
francisco-perez-sanchez,21.28,80,81,175,Spain,Europe,Southern Europe,1978,81,84,72,91,,82,76,87,,35.79879184465511
santiago-perez,19.04,62,68,150,Spain,Europe,Southern Europe,1977,72,67,50,87,,70,49,79,35,46.77406736725023
egoi-martinez,21.37,57,60,550,Spain,Europe,Southern Europe,1978,61,52,62,63,,65,56,62,,34.2876071871983
mikel-artetxe,21.11,91,89,117,Spain,Europe,Southern Europe,1976,91,92,96,77,,122,83,90,47,47.398760524545246
rodrigo-garcia-rena,24.596004748439427,83,92,28,Spain,Europe,Southern Europe,1980,91,,91,113,,111,84,113,,48.54577014469745
dailos-diaz-armas,22.994688471403993,96,94,6,Spain,Europe,Southern Europe,1980,97,,94,,,,94,,,19.76866206904251
thomas-dekker,19.52,86,83,242,Netherlands,Europe,Western Europe,1984,87,93,80,91,,77,82,97,20,49.57359137932307
angel-vallejo-dominguez,21.819454595365404,95,93,60,Spain,Europe,Southern Europe,1981,95,91,90,111,,,90,94,,39.76639057305855
michael-rasmussen,19.16,68,80,222,Denmark,Europe,Northern Europe,1974,86,44,105,70,,107,92,66,25,59.41502524117894
sergio-ghisalberti,22.381143126490475,86,89,145,Italy,Europe,Southern Europe,1979,91,96,78,120,,93,85,109,,41.660635195640204
pieter-mertens,20.45,87,84,68,Belgium,Europe,Western Europe,1980,85,80,83,88,,116,77,87,,42.91826920358135
ruben-perez-moreno,21.72,66,70,365,Spain,Europe,Southern Europe,1981,71,64,67,73,,60,73,71,,42.97923051437061
tim-klinger,20.630568623242528,134,127,34,Germany,Europe,Western Europe,1984,129,113,145,,,,145,113,,42.7589938001602
yoann-le-boulanger,20.45,95,93,133,France,Europe,Western Europe,1975,96,89,93,94,,98,90,103,89,44.15454099574067
juan-francisco-mouron-doldan,21.60981978562154,112,119,9,Spain,Europe,Southern Europe,1984,124,,119,,,,119,,,37.02289081695869
aitor-hernandez-gutierrez,19.54,93,91,144,Spain,Europe,Southern Europe,1982,93,97,83,105,,82,91,99,82,41.93656872498985
andrey-mizurov,23.26,66,70,126,Kazakhstan,Asia,Asia,1973,71,75,70,66,,65,67,82,62,35.02859421527522
sebastian-schwager,20.555131685302758,120,115,59,Germany,Europe,Western Europe,1984,117,107,120,117,,,118,108,,38.03070216841335
ian-mcleod,21.07,114,115,84,South Africa,Africa,Africa,1980,116,111,120,114,,118,119,112,,31.262117558840533
trent-lowe,21.63,94,93,96,Australia,Oceania,Oceania,1984,95,,95,91,,71,99,93,,40.791204547316966
vicente-ballester,20.681645076481182,102,100,6,Spain,Europe,Southern Europe,1980,108,,100,,,,100,,,37.15238888685356
raul-garcia,21.121983267844048,97,96,59,Spain,Europe,Southern Europe,1982,97,91,101,110,,,101,94,,35.69843331909337
bjorn-schroder,20.43,98,97,166,Germany,Europe,Western Europe,1980,99,98,107,83,,115,91,96,,41.46328823950147
iban-mayo,20.98,46,57,275,Spain,Europe,Southern Europe,1977,61,44,62,61,,76,47,63,,45.66522245071323
carl-naibo,19.79,136,126,47,France,Europe,Western Europe,1982,129,,129,100,,,128,94,,43.018432897046225
julien-mazet,22.011038124846454,115,100,25,France,Europe,Western Europe,1981,104,,100,,,,100,,,42.38309411388776
paolo-bailetti,21.640001715268163,88,86,40,Italy,Europe,Southern Europe,1980,86,,86,84,,83,86,,,28.39274690696687
stefano-agostini,20.96,92,83,25,Italy,Europe,Southern Europe,1989,84,,77,86,,,84,67,,37.39888590140978
peter-velits,19.23,44,51,358,Slovakia,Europe,Eastern Europe,1985,51,45,55,49,,47,56,48,73,35.64064673999871
wesley-sulzberger,19.62,102,104,151,Australia,Oceania,Oceania,1986,108,107,87,118,101,86,90,123,94,43.21229998226401
oleg-berdos,22.2,112,113,7,Romania,Europe,Eastern Europe,1987,114,,113,,,121,111,,,23.99206217937607
timothy-roe,19.71,129,117,16,Australia,Oceania,Oceania,1989,119,,117,,,134,103,,,36.329051735491255
mads-christensen,20.83,120,114,138,Denmark,Europe,Northern Europe,1984,118,140,115,96,,104,112,136,,45.07277986802242
edoardo-girardi,20.743350647176083,100,93,3,Italy,Europe,Southern Europe,1985,93,,93,,,,93,,,40.414518843273804
brian-bulgac,19.88,120,116,74,Netherlands,Europe,Western Europe,1988,119,,116,122,,116,116,,,38.86771392154235
hernani-broco,20.83,67,77,28,Portugal,Europe,Southern Europe,1981,79,71,66,85,,,66,81,55,39.2753136785725
julien-vermote,23.1,93,95,328,Belgium,Europe,Western Europe,1989,98,78,91,102,74,83,94,104,,42.4590690452974
davide-mucelli,23.201523155663132,140,142,4,Italy,Europe,Southern Europe,1986,142,,142,,,,142,,,9.678154093971985
troels-vinther,20.53,97,101,20,Denmark,Europe,Northern Europe,1987,105,38,108,101,,76,110,38,,33.68503494056921
travis-meyer,21.46,126,118,72,Australia,Oceania,Oceania,1989,123,168,102,124,,111,101,155,,51.324139091865206
nikita-novikov,22.02,123,108,14,Russia,Asia,Asia,1989,109,,120,101,,,108,,,40.319602300498076
filippo-baggio,21.555698194187393,128,106,4,Italy,Europe,Southern Europe,1988,105,,106,,,123,100,,,65.40833280248015
stepan-kurianov,22.1,117,101,16,Russia,Asia,Asia,1996,102,,98,117,106,100,,117,,37.37194803592662
gijs-van-hoecke,22.55,87,86,73,Belgium,Europe,Western Europe,1991,88,38,87,90,94,79,95,36,41,35.25760817966796
taylor-phinney,21.13,129,108,159,United States,America,America,1990,112,83,105,116,60,101,107,116,42,56.71661398046541
nikolay-cherkasov,20.53,88,88,19,Russia,Asia,Asia,1996,89,45,95,,77,90,,,45,34.04743852590733
artem-nych,19.46,89,90,23,Russia,Asia,Asia,1995,92,64,100,74,65,93,,56,90,35.7312653030662
ryan-mullen,21.56,102,98,140,Ireland,Europe,Northern Europe,1994,99,97,98,102,84,94,99,105,,38.513175626192876
guy-sagiv,20.99,128,124,73,Israel,Asia,Asia,1994,124,121,124,134,,120,129,119,122,24.429619657099924
igor-boev,21.39,113,108,35,Russia,Asia,Asia,1989,108,125,108,114,91,102,,124,,30.09550623927631
august-jensen,21.63,74,85,13,Norway,Europe,Northern Europe,1991,86,66,86,,,84,92,66,,39.05223326619008
maarten-wynants,20.5,101,100,358,Belgium,Europe,Western Europe,1982,104,113,90,110,49,89,90,117,,41.76022889694212
juan-martinez-oliver,19.84992627127902,95,96,70,Spain,Europe,Southern Europe,1964,109,,36,115,,,41,115,,56.82031720436774
jesus-rodriguez-rodriguez,22.290273862002653,49,50,40,Spain,Europe,Southern Europe,1960,59,13,52,44,,19,55,38,,28.336395008033083
jorgen-vagn-pedersen,20.822254858625154,74,81,102,Denmark,Europe,Northern Europe,1959,88,28,23,86,,38,32,87,7,51.48110351028964
samuel-cabrera,20.078741965214963,85,88,133,Colombia,America,America,1960,95,,26,93,,,43,92,,47.36821485487131
angel-ocana,21.245139206745538,72,83,31,Spain,Europe,Southern Europe,1960,118,,50,129,,,50,129,,62.4963654857203
santiago-portillo-rosado,21.44884028609731,5,58,3,Spain,Europe,Southern Europe,1963,151,,58,,,,58,,,94.40868604106298
raimondas-rumsas-1,20.9,24,30,120,Lithuania,Europe,Northern Europe,1972,31,19,33,32,,31,32,29,25,25.186918873751534
jose-bento-carvalho-de-azevedo,19.71,51,57,276,Portugal,Europe,Southern Europe,1973,59,86,45,54,,51,39,70,,37.248306679111366
piotr-wadecki,22.09,61,60,111,Poland,Europe,Eastern Europe,1973,62,48,77,53,,67,57,63,49,35.489036961739956
stephane-auge,21.47,122,114,275,France,Europe,Western Europe,1974,116,124,116,113,,117,109,117,,38.8614700615113
christophe-edaleine,19.79,110,103,171,France,Europe,Western Europe,1979,107,140,110,98,,90,91,120,,44.793119987462525
miguel-martinez-1,18.59,80,74,42,France,Europe,Western Europe,1976,76,,108,68,,113,62,75,,35.016712452587896
dave-bruylandts,19.88,46,61,110,Belgium,Europe,Western Europe,1976,65,74,38,79,,46,26,83,31,45.24209827377054
tomas-konecny,21.15,46,55,87,Czech Republic,Europe,Eastern Europe,1973,58,52,45,66,,48,36,66,47,39.4577960493543
floyd-landis,21.46,57,61,232,United States,America,America,1975,64,63,56,63,,60,45,71,59,41.32154847911376
raivis-belohvosciks,21.13,95,91,151,Latvia,Europe,Northern Europe,1976,96,72,105,83,,97,84,99,41,48.41633187317044
jerome-bernard,20.637838764104796,102,106,69,France,Europe,Western Europe,1971,113,,91,110,,95,71,128,,40.34894683453877
thierry-loder,19.57,98,99,114,France,Europe,Western Europe,1975,105,168,91,96,,88,74,130,,47.281896168885396
christophe-oriol,19.84,103,100,187,France,Europe,Western Europe,1973,105,107,96,99,,97,60,113,,42.210880567368754
gennady-mikhaylov,20.94,76,78,185,Russia,Asia,Asia,1974,81,66,93,70,22,85,80,73,86,44.7932533582456
igor-flores,21.7284391759373,81,86,112,Spain,Europe,Southern Europe,1973,94,87,78,87,,92,54,106,,52.40727547318715
davide-ballerini,22.99,72,74,163,Italy,Europe,Southern Europe,1994,75,63,75,86,2,61,84,82,54,50.45896523525116
tim-merlier,21.5,114,89,83,Belgium,Europe,Western Europe,1992,91,106,78,103,36,62,96,108,47,62.99050952589652
luca-pacioni,21.88,118,83,10,Italy,Europe,Southern Europe,1993,82,61,92,,,92,,61,,58.75835637970522
imerio-cima,20.65376383060398,122,93,12,Italy,Europe,Southern Europe,1997,91,80,,113,103,103,,85,,57.78716172824255
jonas-rickaert,25.17,85,86,77,Belgium,Europe,Western Europe,1994,87,63,101,87,78,96,66,86,48,41.74657045683781
piet-allegaert,21.37,88,80,70,Belgium,Europe,Western Europe,1995,82,83,74,91,35,73,80,87,58,48.62746371900627
pascal-eenkhoorn,20.45,75,78,111,Netherlands,Europe,Western Europe,1997,79,62,77,85,51,68,79,82,103,39.580983032944225
stefano-oldani,20.52,74,72,132,Italy,Europe,Southern Europe,1998,72,80,71,41,70,64,71,85,76,40.069528832697706
edoardo-affini,22.16,101,93,117,Italy,Europe,Southern Europe,1996,94,109,91,90,83,101,87,91,125,47.91234536313461
josip-rumac,21.43,79,79,34,Croatia,Europe,Southern Europe,1994,79,79,68,83,,68,,80,79,28.999231657410213
denis-nekrasov,20.85028531960464,99,89,19,Russia,Asia,Asia,1997,89,51,117,,,117,,51,,43.26533125828218
luca-wackermann,19.24,112,104,45,Italy,Europe,Southern Europe,1992,104,73,103,129,,103,132,83,62,47.472192817575745
attilio-viviani,22.79,121,121,49,Italy,Europe,Southern Europe,1996,123,123,135,,85,114,126,123,,42.85829363534359
fabio-mazzucco,20.6,126,123,30,Italy,Europe,Southern Europe,1999,124,123,,144,,,,124,123,20.296339061770347
daniel-savini,20.07,94,86,6,Italy,Europe,Southern Europe,1997,85,85,,93,,,,84,95,35.26140477443669
veljko-stojnic,20.88,120,117,37,Serbia,Europe,Southern Europe,1999,120,135,113,,109,109,113,135,,33.68577194055721
james-mitri,18.94,129,120,19,New Zealand,Oceania,Oceania,1999,122,130,134,,86,112,,130,,29.633827675311508
francesco-romano,20.820909157758148,103,99,29,Italy,Europe,Southern Europe,1997,100,99,,,,,,120,92,33.5043927713273
alessandro-tonelli,20.66,88,89,137,Italy,Europe,Southern Europe,1992,91,87,92,116,75,101,80,101,83,36.82214456837078
alexander-cataford,20.9,107,104,91,Canada,America,America,1993,105,99,110,87,91,108,104,94,110,30.44924919528849
dimitri-claeys,21.11,123,113,129,Belgium,Europe,Western Europe,1987,116,89,101,127,60,101,102,124,5,40.757124145413535
stijn-steels,23.55,106,101,42,Belgium,Europe,Western Europe,1989,103,117,92,114,96,93,104,117,,27.95711831673777
dries-de-bondt,21.33,107,96,76,Belgium,Europe,Western Europe,1991,99,122,96,127,33,70,102,123,,49.329518581765754
umberto-orsini,18.96,142,138,13,Italy,Europe,Southern Europe,1994,139,132,140,,,142,140,143,102,23.318310181991954
marc-bouillon,20.682003731838236,44,58,11,Belgium,Europe,Western Europe,1968,68,,59,,44,42,61,,,39.21803852125378
harald-maier,21.66421500239933,40,50,108,Austria,Europe,Western Europe,1960,61,20,36,60,87,47,32,64,40,37.3976265019854
armand-de-las-cuevas,21.986543364592556,52,64,139,France,Europe,Western Europe,1968,79,98,52,56,,63,38,78,,52.97372770853615
paul-popp,22.61454610385106,96,79,19,Austria,Europe,Western Europe,1963,89,15,88,4,,37,92,15,,52.00466690708594
ruben-dario-beltran,19.98208296891046,103,93,17,Colombia,America,America,1964,102,,98,10,,,93,,,49.493017927071406
jorge-manuel-dos-santos-silva,21.27578504312697,58,68,30,Portugal,Europe,Southern Europe,1966,83,109,50,,,,50,109,,53.28427341255061
klaus-de-muynck,22.841910826666712,114,108,14,Belgium,Europe,Western Europe,1967,109,,108,,,,108,,,28.628062003319993
mirko-gualdi,22.99,56,64,146,Italy,Europe,Southern Europe,1968,67,40,72,63,,27,66,62,25,42.661392134317154
josef-lontscharitsch,21.6,116,102,4,Austria,Europe,Western Europe,1970,102,,102,,,,102,,,59.23399924592857
martin-earley,20.72,66,67,212,Ireland,Europe,Northern Europe,1962,78,38,45,75,,17,52,78,26,42.89040198357248
angelo-lecchi,21.801698260354936,67,71,87,Italy,Europe,Southern Europe,1966,80,63,63,92,,59,61,86,21,43.988844543432144
alvaro-sierra-1,21.442801943238194,98,98,36,Colombia,America,America,1967,100,72,104,84,,,99,72,,29.26760764297036
marco-giovannetti,18.86401610069555,45,54,111,Italy,Europe,Southern Europe,1962,81,32,41,67,,65,30,88,22,53.22169109440626
ivan-ivanov,19.69603018879102,70,81,54,Russia,Asia,Asia,1960,109,,57,148,,,60,145,,63.97740745973568
alois-pfleger,20.15855905947269,118,108,20,Austria,Europe,Western Europe,1965,112,,112,,33,38,116,,,35.79396450153073
demetrio-cuspoca,21.196146323011973,130,120,15,Colombia,America,America,1963,128,,120,,,,120,,,36.02670966829762
jose-fabio,21.5725969361555,154,153,4,Colombia,America,America,1965,153,,153,,,,153,,,11.026483271348724
antonio-pinto,20.56472707292679,110,112,13,Portugal,Europe,Southern Europe,1959,113,,112,,,,112,,,23.915181317228132
luis-alberto-gonzalez,19.15643609207004,139,126,13,Colombia,America,America,1965,127,,126,,,,126,,,33.265250984727636
jose-amador,18.91772724458082,153,146,9,Colombia,America,America,1964,146,,146,,,,146,,,16.855595839694043
miguel-sanabria,20.658073035784426,142,139,7,Colombia,America,America,1967,139,,139,,,,139,,,18.733723093725416
nigel-perry,21.784776438359486,154,135,6,Great Britain,Europe,Northern Europe,1968,141,,135,,,89,158,,,39.26151635719978
patrick-schoovaerts,21.855402107412676,147,145,11,Belgium,Europe,Western Europe,1964,145,,145,,,,145,,,11.596237634367766
bernhard-rassinger,22.200547583093215,145,145,10,Austria,Europe,Western Europe,1963,145,,145,,,,145,,,11.27238513654793
christoph-demel,22.22258675078209,151,142,10,Austria,Europe,Western Europe,1970,142,,142,,,,142,,,26.052297829984635
israel-ochoa,24.12322390747062,144,123,5,Colombia,America,America,1964,147,10,151,,,,151,,10,63.511416296599776
robert-matwew,21.20036827518468,162,131,5,Germany,Europe,Western Europe,1967,162,,164,2,,,131,,,72.3657377492968
julio-cesar-rangel,21.380063102295363,154,124,9,Colombia,America,America,1968,125,,124,,,,124,,,50.566787519082126
stefano-cortinovis,18.629414132139257,144,139,22,Italy,Europe,Southern Europe,1968,141,94,133,162,,139,133,162,94,26.40329901989899
armando-moreno,19.35364136320107,164,156,4,Colombia,America,America,1967,155,,156,,,,156,,,17.01959654829299
nico-verhoeven,20.951344343254526,42,70,110,Netherlands,Europe,Western Europe,1961,97,25,26,127,34,22,29,130,38,66.17792631693497
jurg-bruggmann,23.092706850114467,4,20,16,Switzerland,Europe,Western Europe,1960,48,20,39,5,,68,13,20,,30.702877172451878
marc-sergeant,21.73,35,44,338,Belgium,Europe,Western Europe,1959,51,8,23,53,26,27,19,54,,36.64007291475793
dietrich-thurau,19.662395104075152,15,30,165,Germany,Europe,Western Europe,1954,43,27,21,36,,10,21,46,,33.82268882538993
allan-peiper,19.57395961797393,52,65,138,Australia,Oceania,Oceania,1960,77,,30,77,,39,21,84,,52.03470064175416
stephan-joho,22.814917546973955,5,19,52,Switzerland,Europe,Western Europe,1963,66,,24,15,,24,11,116,,36.18248119879782
gerard-veldscholten,21.356987513461743,47,58,183,Netherlands,Europe,Western Europe,1959,67,28,34,65,,,36,66,,42.435019256560125
andrew-hampsten,22.123021666887833,39,43,251,United States,America,America,1962,52,38,34,44,,22,24,51,27,34.26163686918906
guido-winterberg,23.11111088703647,98,92,123,Switzerland,Europe,Western Europe,1962,105,42,49,97,,56,17,106,53,58.42307333409361
steven-rooks,23.699230026645694,22,33,332,Netherlands,Europe,Western Europe,1960,42,22,16,41,1,18,15,44,23,33.79431824786129
johan-van-der-meer,23.200025007612247,22,34,38,Netherlands,Europe,Western Europe,1954,41,,34,,,13,40,,,30.851143088579025
willy-albert,18.86836588976958,78,60,15,Belgium,Europe,Western Europe,1956,64,,60,,,,60,,,38.37347794406717
jose-maria-yurrebaso,20.535645183239904,51,51,23,Spain,Europe,Southern Europe,1955,53,,51,,,,51,,,25.62707621975481
heddy-nieuwdorp,20.626835992476437,22,30,52,Netherlands,Europe,Western Europe,1956,36,10,31,21,,15,32,10,,25.35021664922996
ronan-onghena,18.80410028917659,48,48,26,Belgium,Europe,Western Europe,1957,54,41,48,,,15,53,,41,28.254584379557567
jose-luis-viejo,23.51,21,26,42,Spain,Europe,Southern Europe,1949,33,6,23,46,,,28,23,,23.168774292282627
rolf-haller,20.3313511795394,61,60,26,Germany,Europe,Western Europe,1957,64,,45,100,,66,55,113,,31.130618121318836
juan-argudo,19.161027427603255,61,59,15,Spain,Europe,Southern Europe,1954,64,,59,,,,59,,,31.420648351953893
tullio-bertacco,21.196151399506913,34,36,16,Italy,Europe,Southern Europe,1957,35,,36,,,,36,,,17.54601094266158
alessio-antonini,21.62075772045961,27,30,16,Italy,Europe,Southern Europe,1949,35,,32,1,,,30,,,21.999905302826495
wim-de-ruiter,20.24671257473743,38,51,15,Netherlands,Europe,Western Europe,1951,54,,51,,,34,52,,,34.56147042727259
salvador-jarque,19.956474603125212,68,62,16,Spain,Europe,Southern Europe,1957,64,,62,,,,62,,,27.74939939289978
angel-lopez-del-alamo,19.47069752785379,52,51,18,Spain,Europe,Southern Europe,1949,51,,51,,,,51,,,19.94764388924231
jose-antonio-bernal,21.88057809264855,74,72,12,Spain,Europe,Southern Europe,1952,73,,72,,,,72,,,20.425029208836353
leone-pizzini,19.852207558868873,81,77,13,Italy,Europe,Southern Europe,1948,77,,77,,,,77,,,17.69579118437561
manuel-martin-conde,21.919646356794395,69,68,15,Spain,Europe,Southern Europe,1953,74,,68,,,,68,,,29.667201707320782
hector-rondan,19.92335023611693,76,72,15,Uruguay,America,America,1953,76,,72,,,,72,,,21.83989359820584
luis-casas,22.03690039610117,83,78,15,Spain,Europe,Southern Europe,1953,83,,78,,,,78,,,22.19781198998805
jesus-lopez-carril,22.49288363427725,69,65,17,Spain,Europe,Southern Europe,1949,67,,65,,,,65,,,28.602755934679152
jaime-martin,20.98775292526643,70,73,18,Spain,Europe,Southern Europe,1955,75,,73,,,,73,,,17.522721011132575
tranquillo-andreetta,20.418466023545285,37,47,10,Italy,Europe,Southern Europe,1955,47,,47,,,,47,,,38.05493105732525
jose-manuel-garcia-rodrigues,20.22221256891231,45,54,25,Spain,Europe,Southern Europe,1951,61,32,68,,,,68,32,,32.2884396237002
juan-martin-ocana,19.7639801825125,92,84,14,Spain,Europe,Southern Europe,1958,85,,84,,,,84,,,20.18703751213841
miguel-acha,21.179276497202633,57,57,33,Spain,Europe,Southern Europe,1957,59,,57,,,,57,,,23.954304667871536
kurt-van-lancker,20.68,91,93,61,Belgium,Europe,Western Europe,1971,102,,100,82,38,65,101,,,36.682249545168155
davy-daniels,21.170559138838346,77,77,2,Belgium,Europe,Western Europe,1976,81,,77,,,,77,,,26.870057685088806
jurgen-guns,22.992978238594723,55,54,7,Belgium,Europe,Western Europe,1976,57,,56,,47,46,66,,,16.296362433728227
charles-guilbert,23.537565674958334,64,67,34,France,Europe,Western Europe,1972,72,,83,49,,81,57,,,28.92001385590997
stive-vermaut,22.254027788877938,59,64,83,Belgium,Europe,Western Europe,1975,68,,66,64,31,72,57,72,,35.948112932268444
peter-wuyts,22.576152960488564,72,67,51,Belgium,Europe,Western Europe,1973,67,,67,67,,60,80,51,,36.34093462490701
lorenzo-fortunato,19.72,44,57,88,Italy,Europe,Southern Europe,1996,59,50,58,43,47,63,55,43,50,42.926196048683735
alessandro-covi,20.37,73,72,88,Italy,Europe,Southern Europe,1998,73,69,73,70,,87,71,54,,36.44729665759606
remco-evenepoel,20.86,14,28,106,Belgium,Europe,Western Europe,2000,28,32,31,19,22,17,32,27,18,31.70283884788985
tobias-foss,21.86,40,51,85,Norway,Europe,Northern Europe,1997,51,64,49,,,60,45,78,60,37.46083669266192
einer-rubio,20.82,64,65,97,Colombia,America,America,1998,67,80,63,68,34,55,63,68,80,41.514617762572605
simon-carr,18.81,88,86,78,Great Britain,Europe,Northern Europe,1998,88,86,85,88,86,80,89,88,,46.65161262349846
quinten-hermans,20.48,67,69,89,Belgium,Europe,Western Europe,1995,70,33,51,106,,60,54,109,,43.452435456356945
harold-tejada,19.44,64,68,127,Colombia,America,America,1997,69,62,67,72,64,71,62,74,,37.25042517513101
lars-van-den-berg,21.04,79,85,66,Netherlands,Europe,Western Europe,1998,86,,86,84,,,86,84,,38.560160969399675
jimmy-janssens,22.1,113,106,74,Belgium,Europe,Western Europe,1989,109,110,108,102,,120,103,109,,41.067575090404326
giovanni-aleotti,20.68,80,81,78,Italy,Europe,Southern Europe,1999,83,33,83,,,74,85,18,62,27.39169633858094
marton-dina,19.37,115,113,21,Hungary,Europe,Eastern Europe,1996,114,,113,,,,113,,,36.613684665189126
nicola-venchiarutti,21.38,120,117,22,Italy,Europe,Southern Europe,1998,117,,117,,,121,117,,,33.576203952523755
natnael-tesfatsion,19.59,99,90,70,Eritrea,Africa,Africa,1999,91,,91,85,,72,95,,,46.89740354888882
matteo-sobrero,20.11,55,56,121,Italy,Europe,Southern Europe,1997,57,70,53,46,68,61,50,,70,35.31585343910339
gianni-vermeersch,22.72,80,76,89,Belgium,Europe,Western Europe,1992,79,75,74,104,56,73,70,92,14,42.50024034060505
mauro-schmid,20.02,60,70,79,Switzerland,Europe,Western Europe,1999,73,13,75,56,54,63,73,13,,51.18560583529063
filippo-tagliani,21.6,126,113,44,Italy,Europe,Southern Europe,1995,113,,113,,,158,111,,,47.39555112439119
senne-leysen,21.61,101,101,98,Belgium,Europe,Western Europe,1996,103,,102,104,91,102,100,104,,26.656752882277395
samuele-zoccarato,22.1,110,103,57,Italy,Europe,Southern Europe,1998,107,,114,,66,79,121,,,43.451186854880554
umberto-marengo,21.53,111,108,37,Italy,Europe,Southern Europe,1992,110,,116,76,66,89,123,76,,37.00480855045539
wesley-kreder,21.2,108,107,106,Netherlands,Europe,Western Europe,1990,110,97,110,110,81,87,117,102,,32.59627112546488
riccardo-minali,22.84,130,108,58,Italy,Europe,Southern Europe,1995,109,130,124,95,56,89,123,103,,56.30746174383887
lawrence-naesen,19.94,93,89,66,Belgium,Europe,Western Europe,1992,89,67,91,78,65,75,92,86,54,42.93509222678046
matteo-moschetti,22.53,118,106,83,Italy,Europe,Southern Europe,1996,106,136,109,,59,90,114,,136,56.95019244594122
oscar-riesebeek,21.38,120,110,94,Netherlands,Europe,Western Europe,1992,111,,110,142,78,107,111,142,,42.5138248471517
gilles-delion,22.483350625196397,40,56,113,France,Europe,Western Europe,1966,63,36,22,65,66,27,20,69,6,48.80758455132269
vincent-barteau,22.36695541037356,63,69,81,France,Europe,Western Europe,1962,80,44,22,77,,21,34,80,44,49.63444144722269
marco-diem,20.533979652637232,3,8,5,Switzerland,Europe,Western Europe,1964,14,,12,2,,,8,,,8.814760348415605
claude-lamour,21.468410238731234,84,85,129,France,Europe,Western Europe,1969,90,102,79,83,,78,79,94,26,44.26702799422907
laurent-pillon,22.756664521884062,74,79,135,France,Europe,Western Europe,1964,89,30,50,89,47,52,45,91,30,46.14575413463849
christopher-boardman,22.86,47,55,132,Great Britain,Europe,Northern Europe,1968,64,110,43,52,,43,30,69,,44.79135775813518
jean-philippe-dojwa,19.352147900834847,85,77,65,France,Europe,Western Europe,1967,84,,80,77,50,86,50,80,,46.867432722520654
gerard-rue,22.34,58,64,222,France,Europe,Western Europe,1965,72,87,30,68,85,34,26,73,,41.738631342894465
jean-francois-anti,19.649256368851667,137,136,11,France,Europe,Western Europe,1971,136,,,136,,,,136,,22.144155806072995
vitali-kokorine,19.170244108034694,86,83,65,Russia,Asia,Asia,1975,86,72,79,96,,142,73,91,,43.36189394103821
gordon-fraser,23.18,42,65,20,Canada,America,America,1968,78,,26,87,,18,96,80,,60.61811002627758
bartlomiej-matysiak,20.97,123,112,24,Poland,Europe,Eastern Europe,1984,113,,113,,88,93,115,,,50.126145221656614
pier-paolo-de-negri,21.11,114,109,51,Italy,Europe,Southern Europe,1986,111,93,111,,85,88,112,,93,38.37619768840587
aleksejs-saramotins,21.91,125,112,133,Latvia,Europe,Northern Europe,1982,118,100,110,126,51,94,117,127,,54.418615721735776
mauro-finetto,19.79,66,72,127,Italy,Europe,Southern Europe,1985,73,79,69,78,58,70,70,89,29,37.64529657149424
yonathan-monsalve,20.02,70,63,41,Venezuela,America,America,1989,63,75,63,73,,,63,75,,34.367845153396
nick-van-der-lijke,19.69,78,79,74,Netherlands,Europe,Western Europe,1991,80,117,74,86,,61,84,117,,41.22915480845949
luca-chirico,20.8,104,106,42,Italy,Europe,Southern Europe,1992,108,96,115,,,106,116,,96,39.148908668594174
alessandro-malaguti,22.13,140,134,20,Italy,Europe,Southern Europe,1987,134,,134,,,,134,,,36.523244220921185
benat-intxausti,19.92,73,80,309,Spain,Europe,Southern Europe,1986,82,96,63,100,,80,63,101,,54.27488986618925
nikolay-mihaylov,20.9,137,127,26,Bulgaria,Europe,Eastern Europe,1988,128,,127,,,123,128,,,47.569883814802886
serghei-tvetcov,21.78,146,130,23,Romania,Europe,Eastern Europe,1988,132,,130,,,114,133,,,36.659904754387874
baptiste-planckaert,20.75,92,86,88,Belgium,Europe,Western Europe,1988,88,76,86,92,44,84,87,96,18,40.26137176533273
laurenz-rex,22.01,85,77,27,Belgium,Europe,Western Europe,1999,79,20,81,,43,58,82,,20,38.806151302562576
clement-davy,21.8,132,124,41,France,Europe,Western Europe,1998,128,34,141,,96,111,138,,34,37.23973094660607
ludovic-robeet,19.93,83,82,8,Belgium,Europe,Western Europe,1994,87,35,85,,100,110,74,,35,38.42966673956835
bram-welten,22.92,99,89,14,Netherlands,Europe,Western Europe,1997,91,41,93,,92,94,72,,41,35.432415158383485
cees-bol,22.05,116,92,132,Netherlands,Europe,Western Europe,1995,94,49,81,112,63,67,102,113,49,60.545039182450296
arjen-livyns,20.07,40,50,18,Belgium,Europe,Western Europe,1994,51,60,50,,35,42,56,76,54,24.116276064969693
clement-russo,20.88,91,87,85,France,Europe,Western Europe,1995,90,77,79,104,72,81,86,96,72,40.87402934027674
rudy-barbier,24.66,92,82,37,France,Europe,Western Europe,1992,84,113,80,,62,70,100,,113,58.41800804258618
christophe-noppe,23.57,85,73,11,Belgium,Europe,Western Europe,1994,74,90,66,,84,68,76,,90,30.740852297878796
timothy-dupont,22.47,90,78,32,Belgium,Europe,Western Europe,1987,77,91,90,72,72,75,91,72,91,53.88783901353243
silvio-martinello,22.16,26,50,180,Italy,Europe,Southern Europe,1963,59,,50,49,,30,53,51,,49.43168639761071
federico-colonna,21.02530142329576,106,84,52,Italy,Europe,Southern Europe,1972,91,92,85,59,,24,94,87,,60.89633094178947
marc-streel,20.38,98,89,53,Belgium,Europe,Western Europe,1971,99,,92,77,82,36,99,,,55.32087426254862
marco-antonio-di-renzo,19.67778019281952,108,104,76,Italy,Europe,Southern Europe,1969,109,109,106,78,,80,109,109,,49.55917073064048
sandro-giacomelli,20.78335907144313,118,107,48,Italy,Europe,Southern Europe,1975,114,28,123,85,,82,110,,28,48.52632812480865
angelo-canzonieri,20.337074473419285,78,79,79,Italy,Europe,Southern Europe,1964,82,79,78,84,,54,84,82,26,39.09599617077846
claus-michael-moller,21.13,52,60,232,Denmark,Europe,Northern Europe,1968,60,49,74,77,,42,79,55,38,39.989668765834956
maurizio-de-pasquale,21.11405720723951,88,89,78,Italy,Europe,Southern Europe,1969,91,,101,69,,,89,,,38.8452555591269
bruno-boscardin,21.59636506892574,60,64,176,Switzerland,Europe,Western Europe,1970,74,41,61,69,42,36,64,84,41,47.622975124830866
maurizio-molinari,22.98364763904746,64,66,76,Italy,Europe,Southern Europe,1967,83,113,63,40,,34,65,113,,47.7809622221779
stefano-finesso,23.030597563450222,88,85,50,Italy,Europe,Southern Europe,1971,90,,96,67,,,85,,,37.561492439541254
david-lefevre,21.55,80,75,40,France,Europe,Western Europe,1972,78,,90,63,,63,75,,,34.94684608490516
alessandro-baronti,20.721368229899937,104,93,106,Italy,Europe,Southern Europe,1967,101,12,98,94,19,63,89,104,12,45.6779981481763
andrea-vatteroni,23.772889702495902,95,94,85,Italy,Europe,Southern Europe,1969,97,99,98,74,,132,91,99,,39.4990976034212
federico-profeti,20.468173190972863,86,84,24,Italy,Europe,Southern Europe,1972,88,,99,47,,127,82,,,43.69904900633389
michael-andersson,19.88,101,99,66,Sweden,Europe,Northern Europe,1967,107,100,100,83,,96,103,101,52,46.6770384744568
simone-leporatti,20.920347786062198,131,130,27,Italy,Europe,Southern Europe,1972,131,,135,123,,,130,,,17.441558909913333
simone-zucchi,22.39563496618607,120,110,45,Italy,Europe,Southern Europe,1971,112,114,114,98,,81,109,114,,40.74020920987822
leo-vincent,19.79,66,72,64,France,Europe,Western Europe,1995,74,90,71,57,,69,64,88,,32.561994443566526
nikita-stalnov,20.34,116,112,87,Kazakhstan,Asia,Asia,1991,113,118,109,109,,100,107,116,,32.45922740091505
nelson-soto,20.83,140,118,33,Colombia,America,America,1994,120,108,114,147,,98,134,120,,47.45005348529731
mathias-le-turnier,20.06,109,106,62,France,Europe,Western Europe,1995,108,106,101,122,,102,99,118,100,31.970839602295822
egoitz-garcia,21.6,99,94,73,Spain,Europe,Southern Europe,1986,97,84,73,110,9,85,67,104,,55.67003995466533
lieuwe-westra,21.62,91,87,272,Netherlands,Europe,Western Europe,1982,88,91,66,100,61,61,81,104,91,48.62229953140117
tom-veelers,22.15,133,114,157,Netherlands,Europe,Western Europe,1984,117,143,101,128,47,98,101,133,,54.4751905227714
david-veilleux,23.15,82,83,52,Canada,America,America,1987,87,32,81,96,87,79,80,86,,38.76805763266134
dmitriy-muravyev,21.0,96,97,269,Kazakhstan,Asia,Asia,1979,101,126,72,116,94,71,80,133,,50.11374511419248
kris-boeckmans,23.46,128,117,111,Belgium,Europe,Western Europe,1987,119,,104,123,143,105,116,126,,50.1272108194468
frederik-willems,20.23,107,104,284,Belgium,Europe,Western Europe,1979,107,98,92,115,66,83,104,115,,39.94309332319358
fabio-enrique-parra,22.14472190927114,37,54,165,Colombia,America,America,1959,70,,15,68,,,21,69,,51.85519308149943
pablo-emilio-wilches,19.415650543950434,87,85,71,Colombia,America,America,1955,103,,42,96,,,57,101,,61.67903550253636
jose-antonio-agudelo,21.985869161594422,64,67,66,Colombia,America,America,1959,72,44,32,75,,,48,73,,40.8844753707361
francisco-rodriguez,22.568710300048156,68,74,76,Colombia,America,America,1960,94,16,16,102,,,30,104,,59.97722959736836
dominique-garde,20.107348094259198,44,54,232,France,Europe,Western Europe,1959,62,12,28,61,,30,29,61,22,38.26965681946422
celestino-prieto,21.83655577259372,47,57,225,Spain,Europe,Southern Europe,1961,68,25,33,74,,30,37,71,,40.27455969629164
alfonso-florez-ortiz,23.54094657446128,90,82,64,Colombia,America,America,1952,90,,39,89,,,54,88,,48.08349839040747
angel-de-las-heras,17.902000516732286,41,40,69,Spain,Europe,Southern Europe,1957,42,12,42,22,,,42,18,,22.48636984140618
luis-alberto-herrera,19.96,54,66,193,Colombia,America,America,1961,79,,15,75,,7,26,77,,56.582053402745615
gianbattista-baronchelli,21.04,14,19,65,Italy,Europe,Southern Europe,1953,27,20,20,18,,28,15,30,10,21.778495921789105
martin-alonso-ramirez,21.587898833664884,71,74,114,Colombia,America,America,1960,88,37,31,84,,6,33,88,,51.39464150661868
vladimir-voloshin,21.07455227755128,32,39,15,Russia,Asia,Asia,1961,42,,39,,,,39,,,23.96982229705471
carlos-mario-jaramillo,19.445267199315186,112,106,153,Colombia,America,America,1961,116,73,46,115,,,57,116,,49.52118864905201
guillermo-de-la-pena,19.28215011112654,42,39,62,Spain,Europe,Southern Europe,1959,40,,39,28,,,39,28,,20.39986960898178
andrei-toporizchev,20.768696657838426,46,46,13,Russia,Asia,Asia,1962,47,,46,,,,46,,,24.0919712128974
andrei-vedernikov,22.624907958778646,20,36,7,Russia,Asia,Asia,1959,47,,36,,,,36,,,34.07764244025273
kim-kirchen,21.46,33,46,329,Luxembourg,Europe,Western Europe,1978,47,64,53,38,,48,45,44,62,41.271573277112104
torsten-hiekmann,20.9,91,92,185,Germany,Europe,Western Europe,1980,94,97,91,84,,77,90,100,,42.713622932488434
christian-werner,20.315219156056965,69,78,63,Germany,Europe,Western Europe,1979,79,56,84,130,,74,91,56,,33.963844816750395
guillaume-auger,23.04,94,98,92,France,Europe,Western Europe,1976,102,135,81,97,,82,71,112,,45.44766972276812
zbigniew-piatek,20.75,56,64,35,Poland,Europe,Eastern Europe,1966,68,36,75,57,,85,63,,36,29.629845276214947
eric-berthou,20.59,99,100,73,France,Europe,Western Europe,1980,102,,107,67,,107,95,,,41.721174392555916
carlos-da-cruz,22.34,77,80,227,France,Europe,Western Europe,1974,82,64,86,78,,94,77,78,,44.41540934832673
david-zabriskie,20.01,118,108,293,United States,America,America,1979,111,127,104,105,,105,89,126,,53.069290513313966
klaus-mutschler,22.00787758866852,132,127,16,Germany,Europe,Western Europe,1977,131,,131,99,,131,99,,,38.196803967522385
alexandre-pichot,21.5,85,84,221,France,Europe,Western Europe,1983,86,89,76,98,46,76,76,101,,41.248797646488505
wouter-wippert,25.95,133,100,11,Netherlands,Europe,Western Europe,1990,101,,100,,,87,110,,,55.31151450072251
daniel-diaz,21.11,140,137,7,Argentina,America,America,1989,138,,137,,,137,,,,21.26365107743393
matthew-brammeier,21.98,126,122,18,Ireland,Europe,Northern Europe,1985,123,35,126,145,96,130,124,35,,36.34511411815125
steven-tronet,21.88,128,122,10,France,Europe,Western Europe,1986,125,,121,,137,126,94,,,20.860648759486523
antonio-jose-pecharroman-fabian,23.55,59,66,109,Spain,Europe,Southern Europe,1978,69,71,46,57,,,49,72,,35.708988199895536
robert-bartko,22.55,97,95,43,Germany,Europe,Western Europe,1975,97,102,92,81,,99,75,102,,34.893589228019124
jesus-maria-manzano,19.66,78,89,68,Spain,Europe,Southern Europe,1978,93,87,108,76,,98,78,95,,47.98767949869931
rui-miguel-sousa-barbosa,20.18,34,44,39,Portugal,Europe,Southern Europe,1976,47,43,50,43,,50,43,43,50,28.71625814380029
steven-kleynen,21.27,68,73,104,Belgium,Europe,Western Europe,1977,77,77,66,72,,64,61,80,51,37.76397752496879
jose-antonio-garrido-lima,21.95,113,107,175,Spain,Europe,Southern Europe,1975,113,99,124,81,,,111,103,,48.72225023855838
jose-manuel-vazquez,20.52,85,82,97,Spain,Europe,Southern Europe,1975,86,95,65,66,,,55,96,,37.59319176407225
aitor-kintana,20.52,79,79,77,Spain,Europe,Southern Europe,1975,86,100,82,44,,117,54,100,,43.645029328654495
reto-bergmann,20.31,83,81,54,Switzerland,Europe,Western Europe,1976,87,120,64,55,,,56,120,,44.47215069323296
rui-lavarinhas,22.055370291060026,48,56,58,Portugal,Europe,Southern Europe,1971,58,57,72,36,,72,36,57,62,35.696784667133365
daniel-becke,21.45,107,99,128,Germany,Europe,Western Europe,1978,101,98,116,94,,128,87,100,,46.82097542936797
sebastien-talabardon,19.79,94,93,62,France,Europe,Western Europe,1978,100,107,107,84,,107,38,114,,49.63908076810961
mederic-clain,21.16,92,85,71,France,Europe,Western Europe,1976,87,70,93,90,,96,60,86,,37.2111004402699
german-nieto,22.2,116,107,153,Spain,Europe,Southern Europe,1972,110,112,126,76,,,91,110,,43.0209057507318
victoriano-fernandez,21.950751342636142,76,83,30,Spain,Europe,Southern Europe,1973,85,83,,,,,,83,,40.35389425581124
milan-kadlec,21.85,95,95,71,Czech Republic,Europe,Eastern Europe,1974,98,113,95,66,,142,83,115,92,46.01691579447077
alessandro-guerra,20.67007712067135,104,95,30,Italy,Europe,Southern Europe,1974,102,102,,81,,,81,105,38,55.936016402980314
juan-miguel-mercado,18.71,60,72,196,Spain,Europe,Southern Europe,1978,76,58,78,81,,122,55,77,25,49.87041790374627
raffaele-ferrara,19.82,113,118,73,Italy,Europe,Southern Europe,1976,121,134,115,113,,104,103,142,,35.48162321536257
martin-garrido-mayorga,22.09,111,93,49,Argentina,America,America,1974,95,100,,48,,,,94,78,62.62679655114498
sven-teutenberg,22.05,91,79,168,Germany,Europe,Western Europe,1972,85,87,89,64,,114,63,85,7,63.07449819457829
jose-maestre,21.86,125,111,57,Spain,Europe,Southern Europe,1976,120,140,53,45,,,48,140,,54.849783471470225
serguei-yakovlev,22.86,98,96,198,Kazakhstan,Asia,Asia,1976,97,92,101,81,,112,95,86,,39.22414379424138
dario-gadeo,21.841612628670806,106,104,34,Spain,Europe,Southern Europe,1975,109,120,82,,,,82,120,,42.68071571285023
andris-reiss,21.33,110,108,21,Latvia,Europe,Northern Europe,1978,115,108,,,,,,111,48,49.01112604491429
gorka-gerrikagoitia,21.05,82,79,108,Spain,Europe,Southern Europe,1973,83,89,108,52,,108,46,86,,42.751104953342924
gonzalo-bayarri,21.88,101,99,70,Spain,Europe,Southern Europe,1976,106,122,60,76,,,68,121,,46.655046616000725
juan-carlos-guillamon-ruiz,20.48,102,98,59,Spain,Europe,Southern Europe,1974,100,105,116,72,,,77,106,,48.329487207324775
omar-hernandez,19.197689671184317,81,83,93,Colombia,America,America,1962,95,,10,96,,,15,96,,54.895088858099726
fernando-martinez,20.825973405141152,69,71,9,Spain,Europe,Southern Europe,1963,114,,63,88,,,63,88,,65.87003196531114
oscar-de-jesus-vargas-restrepo,20.368818107303422,53,59,106,Colombia,America,America,1964,73,9,15,69,,7,23,70,,44.70132588066787
luc-suykerbuyk,21.341964303320474,34,53,11,Netherlands,Europe,Western Europe,1964,103,,53,8,96,96,48,,,59.47283566316794
luc-roosen,22.03715641652611,61,67,201,Belgium,Europe,Western Europe,1964,82,18,27,84,25,21,25,90,19,49.92520724451688
niki-ruttimann,19.759216889866085,42,49,206,Switzerland,Europe,Western Europe,1962,61,30,21,56,,20,21,61,19,37.74202755671558
francesco-cesarini,21.169046804076856,35,34,11,Italy,Europe,Southern Europe,1962,58,,35,32,,36,34,,,34.243512988859386
vladimir-efimkin,20.45,43,49,191,Russia,Asia,Asia,1981,50,35,57,45,,73,46,40,35,34.55989724605324
remi-pauriol,20.76,73,77,270,France,Europe,Western Europe,1982,78,72,81,74,,61,80,80,17,41.23341726270243
manuel-calvente-corbas,19.49,71,76,190,Spain,Europe,Southern Europe,1976,79,68,86,71,,111,75,71,,37.83145321934215
fabrice-piemontesi,20.86,97,91,17,Italy,Europe,Southern Europe,1983,90,97,87,93,,152,86,,97,42.533982953426225
roy-sentjens,20.78,60,68,154,Belgium,Europe,Western Europe,1980,71,53,70,90,51,61,87,53,,43.92705832130036
joost-posthuma,21.28,78,75,253,Netherlands,Europe,Western Europe,1981,77,77,66,84,23,60,65,88,,37.17472686463639
oscar-garcia-casarrubios,21.666531724689943,138,128,12,Spain,Europe,Southern Europe,1984,132,174,97,169,,,97,171,,50.60624886555438
manuel-vazquez-hueso,23.18,52,63,74,Spain,Europe,Southern Europe,1981,64,60,66,61,,38,74,60,,41.21815297614513
jose-ruiz-sanchez,20.80792826552282,102,102,75,Spain,Europe,Southern Europe,1980,104,102,95,137,,,95,104,,47.82696664789371
arkaitz-duran,20.45,87,91,103,Spain,Europe,Southern Europe,1986,92,79,110,83,,104,86,90,,44.06932565339117
alexei-markov,24.42,89,75,54,Russia,Asia,Asia,1979,73,69,71,84,,67,78,97,41,49.78917467426964
hayden-roulston,23.41,95,92,153,New Zealand,Oceania,Oceania,1981,97,108,84,102,42,74,98,106,,41.16435611018698
javier-benitez-pomares,20.771682044356556,125,106,28,Spain,Europe,Southern Europe,1979,109,107,99,114,,,99,108,,56.803324945532246
rafael-serrano-fernandez,22.390545327257513,120,113,7,Spain,Europe,Southern Europe,1987,113,,113,,,,113,,,25.480151005009667
markus-eichler,22.79,125,112,68,Germany,Europe,Western Europe,1982,116,114,114,105,85,75,129,111,,46.52784103330359
francesco-tomei,19.891203687681305,144,135,20,Italy,Europe,Southern Europe,1985,136,152,129,107,,127,133,140,,38.2497334012037
michael-friedman,26.78,134,117,18,United States,America,America,1982,119,,116,,139,108,132,,,44.404888443132684
denis-galimzyanov,22.64,115,85,32,Russia,Asia,Asia,1987,84,85,78,89,,11,112,87,,73.43868821962545
martijn-maaskant,22.21,105,100,175,Netherlands,Europe,Western Europe,1983,104,119,89,102,70,97,70,108,,54.027535398912924
tomas-vaitkus,21.91,83,82,179,Lithuania,Europe,Northern Europe,1982,84,81,74,95,75,69,84,90,,51.663529386392
kai-reus,20.45,136,128,15,Netherlands,Europe,Western Europe,1985,128,,132,,70,109,135,,,26.69991974305755
hilton-clarke,21.6,96,82,8,Australia,Oceania,Oceania,1979,84,,82,,,85,81,,,62.00100805632115
boris-shpilevsky,23.29,152,152,2,Russia,Asia,Asia,1982,152,,152,,,,152,,,5.656854249492381
marcin-sapa,25.59,124,119,34,Poland,Europe,Eastern Europe,1976,119,,110,126,,97,121,126,,26.28943858482279
christian-kux,22.34,107,105,47,Germany,Europe,Western Europe,1985,105,109,97,110,,,103,109,,28.48562940029893
jose-antonio-lopez,20.514753883936336,150,149,76,Spain,Europe,Southern Europe,1976,150,147,150,149,,143,152,148,,20.77948971901033
francisco-jose-martinez-perez,20.68460168112157,113,113,79,Spain,Europe,Southern Europe,1983,114,108,120,157,,,120,111,,34.493770281756206
patrick-vetsch,20.951313320022823,36,42,34,Switzerland,Europe,Western Europe,1971,46,,50,34,,106,36,,,34.21798893109316
christoph-gohring,21.093441566247577,84,76,28,Switzerland,Europe,Western Europe,1973,79,,86,66,,,76,,,44.153352290834256
christian-heule,21.744106991168042,72,70,55,Switzerland,Europe,Western Europe,1975,72,,67,71,,,70,,,39.629147862013895
yvan-haymoz,20.614787302630905,92,80,16,Switzerland,Europe,Western Europe,1975,81,,82,78,,82,78,,,29.198102107271744
massimo-giunti,20.24,69,73,220,Italy,Europe,Southern Europe,1974,75,74,73,73,,77,63,84,26,38.28750775790103
lukas-zumsteg,21.20054971102849,96,92,67,Switzerland,Europe,Western Europe,1972,95,65,85,102,,101,91,,65,31.852469733633953
kai-hundertmarck,22.22,81,78,265,Germany,Europe,Western Europe,1969,85,74,78,84,26,65,80,82,22,41.115319143448005
maxim-smirnov,20.178756341090892,63,66,15,Russia,Asia,Asia,1976,68,,,66,,,66,,,31.067821356019216
serguei-lelekin,17.467572855333838,103,98,35,Russia,Asia,Asia,1973,104,59,117,79,,,104,,59,40.13722260764267
alessandro-varocchi,21.5015502768389,123,116,9,Italy,Europe,Southern Europe,1972,118,,,116,,,116,,,25.024987512484397
josef-christen,21.64752033907573,90,76,26,Switzerland,Europe,Western Europe,1970,77,,93,70,,,76,,,39.388245025055966
gaizka-lejarreta,22.761518985439185,118,122,16,Spain,Europe,Southern Europe,1978,124,,140,108,,140,108,,,33.03129828914793
daniel-von-flue,20.747189028447856,98,93,33,Switzerland,Europe,Western Europe,1970,95,,89,97,,,93,,,26.913160011752275
chris-barnsley,23.527671194783732,110,112,18,New Zealand,Oceania,Oceania,1971,114,,104,116,,,112,,,16.190855161160364
michael-themann,22.08325566750376,100,97,14,Switzerland,Europe,Western Europe,1970,98,,,97,,,97,,,20.80746379188366
emiliano-murtas,22.335302133216494,104,113,19,Italy,Europe,Southern Europe,1973,116,,135,90,,,113,,,32.34083834042345
moreno-di-biase,21.611380804367,116,98,137,Italy,Europe,Southern Europe,1975,100,,99,92,,94,98,99,,55.230135449256636
anthony-rokia,21.7098212244263,121,117,69,France,Europe,Western Europe,1972,121,121,99,126,,108,115,121,,30.005462702420697
christian-sidler,19.829729280108904,80,84,42,Switzerland,Europe,Western Europe,1973,85,,80,85,,,84,,,27.367546079201407
marco-cannone,22.72,122,117,10,Italy,Europe,Southern Europe,1974,118,,,117,,,117,,,14.03012631605448
mirko-puglioli,19.836077222205173,71,78,19,Italy,Europe,Southern Europe,1973,79,,,78,,,78,,,29.348879452991024
artur-krzeszowiec,20.477918129402493,120,116,10,Poland,Europe,Eastern Europe,1972,118,,,116,,,116,,,17.715341750396277
vladimir-gusev,21.63,48,53,359,Russia,Asia,Asia,1982,55,54,58,49,49,42,55,57,25,35.34019850997871
jeremie-galland,20.48,116,101,46,France,Europe,Western Europe,1983,101,,88,112,47,83,115,112,,46.566310311626026
bjorn-leukemans,21.39,80,78,223,Belgium,Europe,Western Europe,1977,84,81,74,93,50,83,67,85,19,51.60121874007979
danny-pate,21.33,130,121,289,United States,America,America,1979,123,101,123,120,,109,122,126,79,42.994512326082166
vladimir-isaychev,22.63,122,120,158,Russia,Asia,Asia,1986,123,106,111,131,102,80,119,131,,43.69920197400128
alan-lezaun-perez,21.55,101,95,251,Spain,Europe,Southern Europe,1982,97,81,91,106,,99,95,95,43,45.79181227810433
romain-feillu,20.48,106,85,134,France,Europe,Western Europe,1984,85,7,89,85,74,85,114,81,9,61.757461611041066
tristan-valentin,21.06,90,94,110,France,Europe,Western Europe,1982,96,62,86,107,96,78,102,101,47,38.87198145775493
borut-bozic,22.09,108,95,264,Slovenia,Europe,Southern Europe,1980,98,75,85,112,11,83,97,103,,57.772748417661276
riccardo-ricco,18.83,40,49,108,Italy,Europe,Southern Europe,1983,50,25,47,58,,52,50,45,25,43.69369590637939
eduardo-ramirez-gonzalo,21.07,68,74,56,Spain,Europe,Southern Europe,1983,76,,61,82,,67,72,79,,45.06075264097826
john-lee-augustyn,20.52,82,88,59,South Africa,Africa,Africa,1986,88,87,95,81,,142,92,67,87,44.30231275288274
david-lelay,21.63,69,77,98,France,Europe,Western Europe,1979,78,69,70,84,,70,62,87,,38.45102710432656
sven-krauss,22.92,111,101,145,Germany,Europe,Western Europe,1983,103,79,103,96,,107,100,98,79,54.56774849895505
freddy-bichot,20.91,128,119,120,France,Europe,Western Europe,1979,121,162,118,118,,90,128,122,,42.524601546571596
arnaud-gerard,20.68,114,110,217,France,Europe,Western Europe,1984,113,103,112,112,56,100,110,116,,38.02934521467474
jesus-del-nero,22.53,55,71,69,Spain,Europe,Southern Europe,1982,75,69,73,71,,41,74,79,13,50.381769291052564
william-frischkorn-1,20.31,108,109,41,United States,America,America,1981,113,,110,110,69,108,48,116,,42.41492201756473
arnaud-coyot,19.99,100,91,150,France,Europe,Western Europe,1980,93,95,82,92,74,89,79,96,,49.242278718828786
frans-maassen,20.867463797272308,90,84,202,Netherlands,Europe,Western Europe,1965,95,,31,100,60,42,25,100,,56.06183671171381
steve-bauer,24.91,39,51,295,Canada,America,America,1959,57,28,31,57,26,36,20,59,70,45.33255801657932
john-carlsen,19.88962022522271,130,122,44,Denmark,Europe,Northern Europe,1961,130,,74,125,,60,65,129,,55.59120555723319
olaf-ludwig,20.22264693333397,16,48,164,Germany,Europe,Western Europe,1960,55,,21,56,25,27,25,59,,51.935953073059736
davis-phinney,22.718558400309426,88,78,77,United States,America,America,1959,79,41,45,80,,60,60,79,,61.14334982330042
jean-claude-colotti,19.259119304049115,38,56,249,France,Europe,Western Europe,1961,66,16,23,68,35,22,35,66,,49.87350334910306
soren-lilholt,21.74,42,55,110,Denmark,Europe,Northern Europe,1965,60,,33,61,41,25,40,61,,47.8920709378452
johan-capiot,22.05654705839546,17,50,120,Belgium,Europe,Western Europe,1964,66,,26,76,13,25,23,82,,60.08909118593675
jelle-nijdam,20.9,85,78,230,Netherlands,Europe,Western Europe,1963,85,,24,90,9,31,25,91,,56.71583509264684
adrie-van-der-poel,21.37,22,43,329,Netherlands,Europe,Western Europe,1959,55,23,18,59,38,16,24,60,15,46.164733620929184
martin-schalkers,23.75831868846509,112,95,27,Netherlands,Europe,Western Europe,1962,99,,68,100,,65,72,102,,53.63002412063123
twan-poels,21.834378513610122,98,97,118,Netherlands,Europe,Western Europe,1963,100,,58,100,,65,73,100,,46.4987698033006
guido-bontempi,20.666521877695203,65,67,291,Italy,Europe,Southern Europe,1960,77,19,22,80,,21,23,82,,51.65288403333136
andy-bishop,21.79125150732812,80,88,84,United States,America,America,1965,91,24,69,92,48,66,74,92,24,45.79744591986063
jos-haex,22.027869105381612,48,54,134,Belgium,Europe,Western Europe,1959,58,,36,60,,25,51,60,,36.56210329833985
patrick-verschueren,21.459954139007532,75,80,109,Belgium,Europe,Western Europe,1962,88,,57,91,,40,67,91,,54.106205572757375
william-pulido,21.317126892178756,95,95,23,Colombia,America,America,1965,102,,36,100,,,89,96,,59.34410939729488
uwe-raab,22.89173503306882,22,40,140,Germany,Europe,Western Europe,1962,55,,17,60,42,24,17,60,,39.1792570493541
christian-chaubet,21.398910170458826,54,67,86,France,Europe,Western Europe,1961,72,,41,74,76,42,45,75,,45.829780818257476
andreas-kappes,20.140138128275687,43,61,190,Germany,Europe,Western Europe,1965,76,32,32,70,3,28,34,78,46,55.197107881326744
jean-pierre-heynderickx,20.211838988224404,29,66,59,Belgium,Europe,Western Europe,1965,90,,24,101,42,28,34,98,,67.45785965145286
rudy-dhaenens,21.477962862360958,44,52,212,Belgium,Europe,Western Europe,1961,58,22,24,61,40,28,29,60,,42.541447405846725
ron-kiefel,19.035465143135927,80,81,181,United States,America,America,1960,89,42,35,89,,33,36,90,44,49.23902874872598
patrick-jacobs,19.723416473072355,96,97,86,Belgium,Europe,Western Europe,1962,103,22,67,105,,89,70,104,22,43.62977559811017
maarten-ducrot,19.970722481716415,82,84,134,Netherlands,Europe,Western Europe,1958,89,37,52,91,23,52,70,89,17,42.48091850188212
raul-alcala,22.668784822418562,35,45,250,Mexico,America,America,1964,51,32,20,51,,22,16,53,28,39.40864256015088
eric-van-lancker,20.91459701798999,74,72,192,Belgium,Europe,Western Europe,1961,83,22,29,87,50,35,23,89,15,45.34953660307279
edwig-van-hooydonck,20.221534326464877,73,76,185,Belgium,Europe,Western Europe,1966,93,19,22,105,31,19,24,108,,57.98067772477488
jos-van-aert,20.953665270024466,82,84,85,Netherlands,Europe,Western Europe,1962,92,44,62,90,,79,48,94,44,40.46038280875272
carlo-bomans,23.62,76,78,167,Belgium,Europe,Western Europe,1963,92,84,29,100,57,30,38,101,,57.31341152731119
fabrice-philipot,23.92387126127413,48,58,100,France,Europe,Western Europe,1965,66,,24,65,69,29,24,69,,43.46481103122154
peter-roes,22.34952288639917,92,90,79,Belgium,Europe,Western Europe,1964,100,,53,103,73,32,68,104,,47.29260742758405
eddy-schurer,18.478690999785574,71,77,79,Netherlands,Europe,Western Europe,1964,91,10,37,100,37,29,57,95,,61.47187670874726
francis-moreau,22.02,81,82,163,France,Europe,Western Europe,1965,93,97,42,95,60,43,42,99,,54.99526395781637
jerome-simon,21.209584673835487,35,39,229,France,Europe,Western Europe,1960,44,,18,43,,16,24,44,,25.030063131547706
jan-schur,22.53,68,71,68,Germany,Europe,Western Europe,1962,82,27,44,88,,62,51,79,41,52.39346815041735
jan-siemons,20.34333485521861,117,108,101,Netherlands,Europe,Western Europe,1964,116,,54,121,,44,62,121,,46.70425807966846
peter-de-clercq,19.88797195053852,119,106,143,Belgium,Europe,Western Europe,1966,119,,44,120,53,55,40,123,,59.25551197815411
henri-manders,21.36179231486222,82,81,193,Netherlands,Europe,Western Europe,1960,90,,35,91,,23,42,93,,50.696193197808924
paul-haghedooren,21.913038749273188,40,47,160,Belgium,Europe,Western Europe,1959,54,32,30,56,34,23,39,56,30,31.981568370059726
jesus-rosado-caballero,19.773604350481143,150,132,22,Spain,Europe,Southern Europe,1967,133,,,132,,,160,131,,51.95844160172294
gerrit-solleveld,27.77,126,114,183,Netherlands,Europe,Western Europe,1961,120,,59,124,58,54,71,125,,49.17474481410734
valerio-piva,20.710593992178385,64,70,42,Italy,Europe,Southern Europe,1958,74,66,64,75,,63,62,77,66,31.050032683021843
christophe-lavainne,20.40335143134297,54,61,164,France,Europe,Western Europe,1963,67,33,18,67,61,24,22,68,33,46.13069273823397
francois-lemarchand,20.021200542133425,89,91,267,France,Europe,Western Europe,1960,97,,56,97,75,66,63,97,,37.54620181462902
laurent-biondi,18.9072458557947,55,64,137,France,Europe,Western Europe,1959,70,,32,68,,23,45,68,,43.16284182668703
roque-de-la-cruz,20.211483670467572,100,103,49,Spain,Europe,Southern Europe,1964,106,,39,105,,39,179,103,,45.76185211334368
mario-lara,19.002986236395554,168,148,7,Spain,Europe,Southern Europe,1966,150,,,148,,,188,142,,47.291396579887454
kurt-steinmann,20.246614867701638,86,79,32,Switzerland,Europe,Western Europe,1962,92,49,73,82,,102,43,92,,44.29301262887788
denis-roux,20.157455333675397,72,71,144,France,Europe,Western Europe,1961,78,,27,78,,22,42,78,,41.34824189266827
gerardo-moncada,21.12650919241299,114,103,102,Colombia,America,America,1962,110,,40,107,,156,34,108,,54.29547353972993
massimo-ghirotto,20.67848210677972,56,65,183,Italy,Europe,Southern Europe,1961,79,38,47,70,,60,32,75,,55.89800032990019
jean-claude-leclercq,24.014573957576392,58,66,181,France,Europe,Western Europe,1962,84,30,22,77,,32,14,89,30,53.43354190823796
laurent-fignon,22.13,18,33,281,France,Europe,Western Europe,1960,44,33,13,43,,14,14,44,24,36.277945769611
uwe-ampler,21.363988888064743,48,53,73,Germany,Europe,Western Europe,1964,64,52,34,59,,40,27,64,73,40.33482864506163
roland-leclerc,19.215824278185885,122,112,126,France,Europe,Western Europe,1963,119,,36,120,,26,47,121,,44.9713114901362
javier-lukin,18.907446244013414,99,100,101,Spain,Europe,Southern Europe,1963,105,,50,103,,83,64,102,,41.47577128831236
vasily-zhdanov,19.506195919742833,96,96,49,Ukraine,Europe,Eastern Europe,1963,98,,58,100,,34,96,99,,42.55323796404323
alessandro-giannelli,23.391698320755808,83,92,63,Italy,Europe,Southern Europe,1963,95,36,116,93,,,108,93,36,45.34700367662141
eric-boyer,19.864892568408372,55,62,207,France,Europe,Western Europe,1963,73,22,26,70,,18,25,74,3,45.42088711231949
roberto-gusmeroli,21.051600894303466,82,85,60,Italy,Europe,Southern Europe,1966,97,32,36,97,,46,44,99,32,53.373283060279974
philippe-louviot,21.05385110945668,78,78,146,France,Europe,Western Europe,1964,84,174,38,83,73,52,34,84,,46.10925853067326
mario-kummer,21.369709489887484,78,78,143,Germany,Europe,Western Europe,1962,84,78,60,83,50,55,68,83,65,35.900802572260325
patrick-tolhoek,19.88,98,86,55,Netherlands,Europe,Western Europe,1965,99,16,27,93,,9,29,101,16,55.980846892979564
frederic-brun,22.19485981425644,83,81,228,France,Europe,Western Europe,1957,89,43,47,85,,12,63,87,18,42.71035420827527
jose-urea,21.050629323329282,83,92,26,Spain,Europe,Southern Europe,1967,93,,102,90,,69,113,90,,31.89793820199766
abelardo-rondon,21.260915224294276,91,91,116,Colombia,America,America,1964,98,69,32,95,,,39,97,,53.49773075936772
othmar-hafliger,21.380439739555207,97,102,15,Switzerland,Europe,Western Europe,1963,106,62,5,113,,5,29,115,,57.960824207883235
pablo-moreno,20.76779055399098,106,102,26,Spain,Europe,Southern Europe,1963,107,,41,113,,69,52,112,,41.00680994101421
alexandre-trubine,20.09134272267606,90,101,23,Russia,Asia,Asia,1966,104,,39,107,,,83,104,,51.74206322441508
michel-dernies,23.15,84,81,246,Belgium,Europe,Western Europe,1961,87,36,40,89,66,58,36,91,,47.72078377306593
atle-kvalsvoll,23.346333053150595,62,72,166,Norway,Europe,Northern Europe,1962,88,29,27,85,,27,24,91,29,52.188960740947444
giancarlo-perini,22.929667850694685,73,78,257,Italy,Europe,Southern Europe,1959,83,15,56,81,,121,46,83,,47.603890712758115
juan-carlos-castillo,21.739402583153293,113,115,46,Colombia,America,America,1964,119,,33,116,,,104,115,,53.96309796545215
nelson-rodriguez-serna,20.432416912581484,68,70,108,Colombia,America,America,1965,81,,58,73,,94,40,87,,47.72268672927412
mauro-antonio-santaromita,21.37166489243951,128,116,130,Italy,Europe,Southern Europe,1964,128,91,100,124,,85,99,128,51,46.790682603837844
william-palacio,22.64267339315538,79,77,63,Colombia,America,America,1965,88,,19,83,,,28,85,,57.86982850062065
thomas-wegmuller,21.238106483168156,84,86,110,Switzerland,Europe,Western Europe,1960,109,39,36,110,,56,24,116,36,63.68490052958304
wim-van-eynde,21.413722567003948,91,88,128,Belgium,Europe,Western Europe,1960,99,42,45,104,,36,55,104,42,48.61076927763824
patrick-robeet,24.615819388026402,71,76,61,Belgium,Europe,Western Europe,1964,92,24,34,92,,17,76,92,24,51.79813170460332
sean-yates,21.62,84,83,304,Great Britain,Europe,Northern Europe,1960,90,46,52,89,,58,48,91,38,49.559844374214784
hansrudi-marki,20.47423928155367,71,69,25,Switzerland,Europe,Western Europe,1960,76,33,42,80,,20,46,81,,46.336019106810056
norman-alvis,21.50294480641671,120,111,40,United States,America,America,1963,122,46,101,126,,136,95,121,46,44.76060968627639
antonio-espejo,21.439788614545563,156,154,21,Spain,Europe,Southern Europe,1968,156,,,154,,,196,152,,28.522171826743588
davide-cassani,20.15833867969956,100,90,223,Italy,Europe,Southern Europe,1961,103,19,17,104,,22,31,106,12,53.705782118931126
vicente-juan-ridaura,22.38082591126857,103,102,69,Spain,Europe,Southern Europe,1963,105,,38,103,,,114,102,,47.22597631467961
bob-roll,22.96657013990113,108,104,73,United States,America,America,1960,119,57,41,123,,33,52,123,57,58.038904707662645
nikolai-golovatenko,21.223337523981588,154,148,22,Russia,Asia,Asia,1963,150,,87,151,,,140,149,,37.85378568794792
jose-angel-sarrapio,20.057210377911176,126,119,44,Spain,Europe,Southern Europe,1959,128,,66,137,,,76,136,,52.41259209126332
reynel-montoya,21.865741710584686,122,100,92,Colombia,America,America,1959,106,,49,101,,,102,100,,59.03821432021335
alfred-achermann,19.298456758434746,114,106,111,Switzerland,Europe,Western Europe,1959,114,7,38,113,,25,48,115,7,53.82781721966726
campbell-flakemore,20.81,99,92,5,Australia,Oceania,Oceania,1992,93,,92,,,,92,,,39.97123966053592
romain-guillemois,19.93,93,101,21,France,Europe,Western Europe,1991,103,85,99,109,,,102,,85,25.297374228507255
stig-broeckx,20.65,101,99,51,Belgium,Europe,Western Europe,1990,103,66,102,106,39,81,109,66,,43.77297939928462
augusto-triana,20.46557170103238,16,21,3,Colombia,America,America,1967,40,16,,24,,,2,30,,21.93171219946131
stefano-verziagi,20.907930135157887,88,79,30,Italy,Europe,Southern Europe,1972,77,76,,87,,,86,77,,43.92978985587809
candido-barbosa,24.06,78,72,48,Portugal,Europe,Southern Europe,1974,76,101,87,44,,,70,101,,47.78876392465919
ivan-cerioli,22.65863325056122,99,91,46,Italy,Europe,Southern Europe,1971,94,76,7,99,,7,82,98,,50.73586045620873
wim-feys,21.93,41,49,31,Belgium,Europe,Western Europe,1971,54,,45,67,26,36,62,,,31.93296069102619
cyril-bos,20.98074980893366,115,117,19,France,Europe,Western Europe,1972,124,146,,85,,,85,146,,41.86604927469685
oscar-lopez-uriarte,23.320325143717504,75,72,80,Spain,Europe,Southern Europe,1970,77,75,50,66,,38,67,75,,28.627142559802234
jairo-de-jesus-hernandez-montoya,22.268207368183134,54,54,42,Colombia,America,America,1972,55,58,,37,,,37,58,,22.391420810214704
jose-joaquin-castelblanco,20.630583411049617,63,70,197,Colombia,America,America,1969,73,65,65,79,,,62,78,70,40.157726040422084
carlos-osorio,19.052421941152907,92,90,30,Colombia,America,America,1974,95,102,,64,,,64,102,,33.761571026255865
juan-cesar-aguirre,17.77143542606237,79,82,89,Colombia,America,America,1969,85,69,151,92,,,95,80,,36.68536682271642
milan-dvorscik,22.2,95,99,6,Slovakia,Europe,Eastern Europe,1970,99,,,99,,,99,,,13.441230102437302
victor-moratilla,20.912825336138535,76,80,48,Spain,Europe,Southern Europe,1970,82,83,,67,,,70,82,,38.082770764192226
jean-denis-vandenbroucke,18.80521612099547,109,97,7,Belgium,Europe,Western Europe,1976,97,,,97,,,97,,,23.05376738141058
ludwig-willems,21.92749692368117,103,96,67,Belgium,Europe,Western Europe,1966,112,,65,139,62,72,71,145,,51.458527957011036
eddy-bouwmans,19.19587072914513,42,43,103,Netherlands,Europe,Western Europe,1968,48,57,36,44,,33,28,49,56,25.24949179872064
dominique-arnould,21.400592959971295,68,68,103,France,Europe,Western Europe,1966,75,96,46,75,40,52,49,75,96,41.16247933410373
yvon-ledanois,22.034921832752293,32,44,127,France,Europe,Western Europe,1969,47,19,52,47,23,61,52,37,,38.50463347637666
juan-carlos-martin,22.147407371861433,71,78,45,Spain,Europe,Southern Europe,1967,81,,46,80,,46,,80,,36.079975699335584
remig-stumpf,21.067994157425574,42,61,45,Germany,Europe,Western Europe,1966,76,,27,74,,24,18,84,,59.929731580182526
dominik-krieger,21.802673280253043,73,77,60,Germany,Europe,Western Europe,1968,84,52,73,80,,132,49,82,50,40.1350650470095
jim-van-de-laer,21.281824060257268,35,50,103,Belgium,Europe,Western Europe,1968,61,,32,57,,36,24,60,,43.135344090036504
enrique-alonso,21.719577484881604,78,78,26,Spain,Europe,Southern Europe,1965,82,,125,76,,,125,76,,44.86802870641856
francisco-jose-antequera,22.13534893261791,117,113,119,Spain,Europe,Southern Europe,1964,118,,83,115,,119,32,116,,40.42106044999325
carlos-hernandez,21.898559010930335,75,82,222,Spain,Europe,Southern Europe,1958,97,10,41,99,,,49,96,,48.66459676471583
franco-vona,19.098332464979226,82,79,168,Italy,Europe,Southern Europe,1964,90,107,57,80,,48,47,92,,48.46633765173631
martien-kokkelkoren,22.728535389667023,113,112,26,Netherlands,Europe,Western Europe,1969,115,,86,113,,,86,113,,45.89667324964431
dante-rezze,19.952439458408836,102,92,62,France,Europe,Western Europe,1963,102,34,36,109,,34,37,109,34,48.78758500433549
olaf-jentzsch,21.346392671920963,113,100,17,Germany,Europe,Western Europe,1958,107,53,105,107,,114,86,112,53,39.00471313904031
peter-pieters,22.48,113,87,63,Netherlands,Europe,Western Europe,1962,94,,43,104,1,44,51,105,,54.36427737382223
herman-frison,21.575511913660673,83,80,151,Belgium,Europe,Western Europe,1961,92,10,51,96,42,52,48,94,,52.59728881118281
sammie-moreels,20.36008079423065,76,77,82,Belgium,Europe,Western Europe,1965,97,24,29,105,73,50,18,107,8,57.314717256674896
dimitri-zhdanov,19.947053832581336,95,95,99,Russia,Asia,Asia,1969,102,60,69,99,,99,52,101,60,47.87671844474421
christophe-manin,20.098403502957648,76,78,58,France,Europe,Western Europe,1966,94,102,41,87,68,61,12,91,102,48.715071561244585
xavier-aldanondo,22.065597112110332,104,111,24,Spain,Europe,Southern Europe,1967,114,,100,112,,,97,113,,24.145355420987222
rolf-golz,18.206608255011602,52,67,154,Germany,Europe,Western Europe,1962,83,30,21,87,5,14,20,90,30,58.361931946995114
mario-chiesa,20.824733012447204,116,102,136,Italy,Europe,Southern Europe,1966,111,75,86,106,,112,71,113,,48.110520343849856
wilfried-nelissen,21.499316582751625,6,40,61,Belgium,Europe,Western Europe,1970,65,4,22,54,2,18,5,75,,58.96284835673051
andrea-chiurato,18.04166475345559,72,70,54,Italy,Europe,Southern Europe,1965,96,60,33,97,,39,36,110,60,54.3361949575034
rik-van-slycke,22.270288809369408,100,93,121,Belgium,Europe,Western Europe,1963,99,,59,103,58,64,54,103,,50.42328133189551
mario-de-clercq,21.8,61,78,67,Belgium,Europe,Western Europe,1966,97,,41,105,6,39,34,110,,63.602515389073076
dirk-de-wolf,21.970121696907903,93,90,137,Belgium,Europe,Western Europe,1961,106,30,29,112,93,48,23,110,,55.70423875741551
noel-segers,19.881517982107155,107,96,73,Belgium,Europe,Western Europe,1959,110,,40,117,76,68,41,119,,56.60879733816167
per-pedersen,20.837872150704946,105,95,103,Denmark,Europe,Northern Europe,1964,106,54,36,113,,34,37,112,,54.80462851166096
julio-cesar,20.86358178873789,122,117,25,Colombia,America,America,1968,134,,3,127,,,35,132,,58.5446268527978
thomas-degand,20.34,64,65,147,Belgium,Europe,Western Europe,1986,66,111,57,69,,61,62,72,,29.596288053023915
silvio-herklotz,18.84,94,101,36,Germany,Europe,Western Europe,1994,102,,101,100,,112,86,125,,34.51054589220196
alexey-vermeulen,20.83,87,87,50,United States,America,America,1994,89,74,94,78,,96,85,76,,31.42953894614661
adrien-niyonshuti,20.57,126,126,28,Rwanda,Africa,Africa,1987,129,,131,123,,172,124,100,,28.416777218981522
ronny-van-holen,21.361661350759697,29,43,90,Belgium,Europe,Western Europe,1959,60,1,33,62,53,25,34,65,,41.047027017389354
eugenio-herranz,20.315889198660994,45,42,9,Spain,Europe,Southern Europe,1957,51,,42,,,,42,,,24.34531668400402
javier-castellar,20.684466545110265,45,49,27,Spain,Europe,Southern Europe,1961,56,,47,66,,,47,66,,30.211693741768908
edgar-corredor,20.959329150025333,70,69,94,Colombia,America,America,1960,79,8,36,81,,,40,80,,43.191772011882364
jose-recio,22.2996766251631,24,42,92,Spain,Europe,Southern Europe,1957,69,6,32,109,,,32,76,,49.7482289898386
gilles-mas,20.2292129193554,48,66,153,France,Europe,Western Europe,1961,77,,33,77,,15,40,79,,47.71767785827134
jose-patrocinio-jimenez,22.270483903726845,58,66,112,Colombia,America,America,1953,76,10,38,74,,,46,70,,43.516591016458236
antonio-coll,20.862111196362488,36,50,126,Spain,Europe,Southern Europe,1959,67,9,23,88,,8,26,84,,45.46804983233343
marino-amadori,22.623691981806875,49,52,29,Italy,Europe,Southern Europe,1957,60,44,57,31,,81,40,52,18,27.393142142755405
juan-maria-eguiarte,21.14212737649608,52,52,41,Spain,Europe,Southern Europe,1960,57,,54,36,,,54,36,,21.61221425208553
giuseppe-saronni,22.23,16,31,98,Italy,Europe,Southern Europe,1957,53,16,26,54,,22,25,58,16,38.47651689275696
stefano-checchin,19.346040349745106,57,59,55,Italy,Europe,Southern Europe,1967,63,,64,56,,91,57,45,,34.6777177412832
richard-chassot,22.14755907262894,92,88,45,Switzerland,Europe,Western Europe,1970,97,100,18,79,,,77,100,,42.904662928522136
michele-laddomada,20.408972693124195,68,66,51,Italy,Europe,Southern Europe,1972,70,,75,59,,,66,,,33.469037491213214
heinz-imboden,22.09,70,73,103,Switzerland,Europe,Western Europe,1962,96,40,60,84,,93,49,111,40,54.43033820503074
oleg-kozlitine,18.850427072184793,73,82,35,Kazakhstan,Asia,Asia,1969,89,73,77,82,,77,65,94,73,44.914353603985724
erwann-mentheour,20.535539464138804,48,61,13,France,Europe,Western Europe,1973,77,,57,64,,32,74,,,45.30919417649222
ricardo-martinez2,20.57948513862208,80,84,11,Spain,Europe,Southern Europe,1964,113,,25,118,,,25,118,,68.70437328941229
manuel-jorge-dominguez,22.39,16,51,120,Spain,Europe,Southern Europe,1962,72,14,20,75,,55,16,73,41,58.380711652027664
manuel-neves,24.010368565002175,24,24,2,Portugal,Europe,Southern Europe,1962,37,,24,,,,24,,,21.213203435596427
steve-de-wolf,20.01,74,79,159,Belgium,Europe,Western Europe,1975,86,108,67,74,34,63,64,104,,39.817610207504075
david-clinger,22.99,66,72,56,United States,America,America,1977,74,59,85,60,,84,74,59,,50.74345968988222
juan-miguel-cuenca,20.190265717765346,82,88,29,Spain,Europe,Southern Europe,1977,90,,89,80,,145,86,82,,29.449840465582763
antonio-rizzi,20.138437959722726,86,95,26,Italy,Europe,Southern Europe,1978,100,,95,,,54,110,,,56.66109776557458
ricardo-otxoa,20.81738309200725,86,86,43,Spain,Europe,Southern Europe,1974,88,,91,76,,84,88,51,,31.948151517451823
filip-meirhaeghe,22.86,40,42,14,Belgium,Europe,Western Europe,1971,43,,43,,40,38,47,,,17.998778957363857
renaud-boxus,20.58442253460256,89,89,2,Belgium,Europe,Western Europe,1973,89,,89,,,,89,,,7.0710678118654755
fabio-marchesin,20.733555911407066,104,107,3,Italy,Europe,Southern Europe,1977,108,,99,111,,,107,,,9.848857801796104
karel-vereecke,20.220064588824787,112,96,4,Belgium,Europe,Western Europe,1976,109,,68,123,,34,116,,,42.18609565563832
jurgen-van-roosbroeck,20.07256415676381,57,69,3,Belgium,Europe,Western Europe,1975,72,,69,,,48,80,,,29.50141239556732
christian-jourdan,22.15,72,74,134,France,Europe,Western Europe,1954,80,,50,75,,16,77,74,,40.308433795365325
ludwig-wijnants,19.067668866773857,65,67,125,Belgium,Europe,Western Europe,1956,75,,35,74,,36,43,76,,44.47522398355175
pierangelo-bincoletto,21.416347299820256,86,74,45,Italy,Europe,Southern Europe,1959,76,,61,76,,61,,76,,41.94888664683594
jean-marie-wampers,23.2,46,68,94,Belgium,Europe,Western Europe,1959,82,33,22,92,,24,33,92,33,51.77242517244196
pascal-jules,23.64577652554881,58,63,82,France,Europe,Western Europe,1961,71,1,19,69,,,23,71,1,44.11625440173978
patrick-bonnet,22.654347405846476,36,43,127,France,Europe,Western Europe,1957,46,,25,44,,14,38,45,,29.278415203019446
rudy-rogiers,21.354172812018668,56,60,112,Belgium,Europe,Western Europe,1961,66,,37,67,,32,48,68,,40.03786817540226
alfio-vandi,20.2,27,36,63,Italy,Europe,Southern Europe,1955,46,12,30,52,,35,29,44,12,28.620600288615474
dominique-gaigne,20.370203126355754,77,79,104,France,Europe,Western Europe,1961,85,,30,86,,12,35,89,,47.93395381464694
ludo-de-keulenaer,21.76024689256475,76,79,116,Belgium,Europe,Western Europe,1960,88,,47,87,,68,50,88,,38.15983409988485
eric-dall-armellina,23.827251438265755,59,60,29,France,Europe,Western Europe,1959,73,,19,69,,,14,75,,39.28254353527767
pascal-poisson,21.374949594482416,52,57,173,France,Europe,Western Europe,1958,64,30,31,64,,45,32,65,,40.885441218969966
nedo-pinori,21.59371057750385,99,104,13,Italy,Europe,Southern Europe,1961,105,,,104,,,,104,,21.422190747219492
johan-lammerts,20.231055844087376,86,76,126,Netherlands,Europe,Western Europe,1960,91,,34,90,87,46,38,93,,49.69458467511069
antonio-ferretti,20.666753702012755,73,78,83,Switzerland,Europe,Western Europe,1957,84,32,74,80,,76,73,80,28,32.86688975189125
hubert-seiz,21.178811989659543,26,36,44,Switzerland,Europe,Western Europe,1960,50,12,21,47,,24,16,64,14,30.529125178160005
gilbert-glaus,22.13,76,75,106,Switzerland,Europe,Western Europe,1955,86,30,43,79,,54,21,85,5,57.14412667053374
thierry-bolle,21.197066766619297,81,84,50,Switzerland,Europe,Western Europe,1953,87,,,84,,,56,86,,36.7067585391162
guy-janiszewski,21.59910654140217,63,62,63,Belgium,Europe,Western Europe,1959,71,7,30,78,,,30,73,,38.55646672702382
pierre-le-bigaut,19.181635928432605,46,52,96,France,Europe,Western Europe,1959,56,15,14,55,,10,28,55,,32.91069788211303
philippe-leleu,20.07286393912331,86,84,117,France,Europe,Western Europe,1958,93,,22,90,,10,35,91,,48.51739549669267
claude-moreau,22.4572233073564,82,80,45,France,Europe,Western Europe,1958,83,,,80,,,93,80,,31.315549434165074
jose-alfonso-lopez-linares-lemus,22.423966878352747,90,97,47,Colombia,America,America,1952,103,,,97,,,160,94,,41.301569116328494
philippe-chevallier,20.6,74,68,49,France,Europe,Western Europe,1961,72,,36,71,,,49,72,,31.200239293518074
andre-chappuis,23.365241922629565,94,95,115,France,Europe,Western Europe,1956,100,,55,97,,12,79,98,,40.68224808100562
julius-thallmann,18.204860811636944,108,104,66,Switzerland,Europe,Western Europe,1960,113,16,72,108,,,62,110,30,42.02319261965608
abelardo-rios,24.3,87,90,28,Colombia,America,America,1952,98,,,90,,,159,85,,43.48252705087596
bernard-gavillet,20.57769513626132,58,73,104,Switzerland,Europe,Western Europe,1960,83,28,24,76,,,32,78,22,49.040821232160454
marco-franceschini,19.00000894669996,106,98,14,Italy,Europe,Southern Europe,1960,97,,58,101,,,58,101,,26.47412172063732
marcel-russenberger,23.458724770339327,111,103,73,Switzerland,Europe,Western Europe,1958,113,,36,106,,46,47,110,,44.97313590151159
marco-groppo,22.812678650132934,101,96,11,Italy,Europe,Southern Europe,1960,96,,,96,,,,96,,20.10608230000428
kristoffer-halvorsen,21.53,104,88,18,Norway,Europe,Northern Europe,1996,89,119,78,110,51,60,110,119,,40.345890121215604
andrea-peron,22.09,117,107,15,Italy,Europe,Southern Europe,1988,111,,125,,55,107,,,,51.85951719607042
peter-kusztor,19.04,58,70,10,Hungary,Europe,Eastern Europe,1984,73,83,95,,38,67,,83,,43.14690667423976
declan-irvine,23.67,90,85,6,Australia,Oceania,Oceania,1999,85,,76,,90,85,,,,33.915581473220634
mehdi-benhamouda,21.38,86,76,6,France,Europe,Western Europe,1995,76,,78,,75,76,,,,47.60847263530586
sergey-shilov,22.39,82,89,6,Russia,Asia,Asia,1988,89,,82,,93,89,,,,22.84221238555204
fabio-calabria,20.45,100,115,10,Australia,Oceania,Oceania,1987,120,,137,,82,115,,,,43.47170216231346
ildar-arslanov,18.41,73,75,9,Russia,Asia,Asia,1994,78,,85,,63,75,,,,38.66127836019451
sam-brand,21.97,105,112,9,Great Britain,Europe,Northern Europe,1991,115,,126,,94,112,,,,34.03307215048327
james-whelan,18.7,96,95,46,Australia,Oceania,Oceania,1996,96,97,98,105,82,84,104,83,99,31.29588418865584
charles-planet,22.16,134,126,16,France,Europe,Western Europe,1993,131,,134,,103,126,,,,36.40970566575164
tomasz-brozyna,21.22,61,67,156,Poland,Europe,Eastern Europe,1970,70,73,68,64,,73,62,75,89,35.741084828915376
david-munoz,19.82859613890208,124,113,33,Spain,Europe,Southern Europe,1979,115,,115,113,,130,102,113,,36.639392404317725
matthias-buxhofer,20.45,38,43,64,Austria,Europe,Western Europe,1973,45,,48,33,,56,42,,,30.981621376151995
thierry-de-groote,21.91,57,60,15,Belgium,Europe,Western Europe,1975,61,,78,54,44,44,61,,,16.861621681033107
bekim-leif-christensen,20.83,88,88,83,Denmark,Europe,Northern Europe,1973,94,119,96,71,,109,58,109,86,44.97491056218349
bert-de-waele,21.67,41,44,58,Belgium,Europe,Western Europe,1975,44,38,46,,22,38,47,38,,29.78976547476906
fabrice-salanson,19.355414608570797,158,144,15,France,Europe,Western Europe,1979,150,,144,,,125,156,,,41.319314058751196
erwin-thijs,22.02,80,76,43,Belgium,Europe,Western Europe,1970,79,,72,85,50,53,80,110,,27.154392256615413
cedric-herve,21.01,93,90,43,France,Europe,Western Europe,1979,94,,99,81,,82,93,95,,52.211629581596966
daniele-contrini,20.260890440023122,123,110,200,Italy,Europe,Southern Europe,1974,111,128,110,91,62,101,105,130,,48.39534011373015
bruno-thibout,21.48104216934239,76,71,134,France,Europe,Western Europe,1969,77,68,78,70,13,84,64,71,34,45.38956181601008
jose-manuel-fuente,19.175243748825785,7,6,4,Spain,Europe,Southern Europe,1945,7,4,7,,,7,,4,,4.031128874149275
juan-uribezubia,21.14146058860624,1,1,1,Spain,Europe,Southern Europe,1940,1,1,,,,,,1,,
agustin-tamames,22.05,9,12,6,Spain,Europe,Southern Europe,1944,17,10,,16,,,8,12,,10.765686229869418
franco-bitossi,18.742145274752154,2,3,40,Italy,Europe,Southern Europe,1940,6,4,6,2,,5,2,4,2,4.004404626190567
jean-jourden,23.0330494618436,11,24,7,France,Europe,Western Europe,1942,34,8,35,,,,35,5,14,26.538381907827656
jose-luis-abilleira,21.13891434181501,5,6,3,Spain,Europe,Southern Europe,1947,6,6,,,,,,6,,1.7320508075688772
domingo-perurena,20.724990620396998,14,16,28,Spain,Europe,Southern Europe,1943,21,14,13,26,,13,,17,,14.188218900043642
paolo-rosola,21.2433831977724,4,13,13,Italy,Europe,Southern Europe,1957,32,,15,2,,29,3,,,22.367558925991283
jonathan-cantwell,22.79,131,110,29,Australia,Oceania,Oceania,1982,111,,88,112,,84,124,105,,49.54296040920823
pedro-miguel-lopes-goncalves,19.079149138351003,77,78,11,Portugal,Europe,Southern Europe,1975,78,71,,84,,,,83,57,36.792538769306326
yuri-metlushenko,25.88,104,103,35,Ukraine,Europe,Eastern Europe,1976,106,89,101,158,,88,106,143,62,45.82676550854086
werner-riebenbauer,22.119815598776988,109,86,24,Austria,Europe,Western Europe,1974,86,35,88,,,96,86,,35,54.853163675556495
charles-dionne,20.629839405256938,36,36,2,Canada,America,America,1979,36,36,,,,,,35,36,0.7071067811865476
christian-pfannberger,20.11,53,62,30,Austria,Europe,Western Europe,1979,66,45,65,,,,65,53,34,46.93938375316017
jans-koerts,22.79,97,84,54,Netherlands,Europe,Western Europe,1969,94,85,93,69,,96,93,73,57,65.07518631716576
david-oloughlin,20.99,56,56,2,Ireland,Europe,Northern Europe,1978,59,56,,,,,,,56,10.606601717798213
balazs-rohtmer,18.9523367842312,85,85,1,Hungary,Europe,Eastern Europe,1978,85,85,,,,,,,85,
mindaugas-goncaras,20.060870403475587,87,87,1,Lithuania,Europe,Northern Europe,1975,87,87,,,,,,,87,
marius-sabaliauskas,21.97,76,76,174,Lithuania,Europe,Northern Europe,1978,78,89,78,66,,92,72,78,80,37.54833927362384
robert-radosz,25.799000291962837,106,106,2,Poland,Europe,Eastern Europe,1975,105,106,,,,,,123,90,23.33452377915607
marcin-lewandowski,21.39784423846473,91,91,1,Poland,Europe,Eastern Europe,1977,91,91,,,,,,,91,
eduard-gritsun,19.507939951490513,79,79,21,Russia,Asia,Asia,1976,82,103,94,67,,94,67,,103,38.37056163258495
slawomir-kohut,20.98,114,114,1,Poland,Europe,Eastern Europe,1977,114,114,,,,,,,114,
stefan-adamsson,21.46,115,98,9,Sweden,Europe,Northern Europe,1978,105,115,81,106,,88,99,,115,45.13590588434002
nuno-duarte-silva-marta,21.326020764347568,117,117,1,Portugal,Europe,Southern Europe,1976,117,117,,,,,,,117,
ruslan-pidgornyy,21.27,109,100,45,Ukraine,Europe,Eastern Europe,1977,101,115,102,87,,104,87,108,103,44.54742110686911
ondrej-sosenka,20.5,35,50,21,Czech Republic,Europe,Eastern Europe,1975,55,72,67,30,,,45,,72,40.68853822462958
dmitri-gaynitdinov,23.634959606595384,34,49,12,Russia,Asia,Asia,1978,54,138,,41,,,34,110,138,40.21156173253778
bram-schmitz,20.25,104,108,44,Netherlands,Europe,Western Europe,1977,112,118,109,,55,111,105,,118,43.14141038075357
tiaan-kannemeyer,20.23,130,133,3,South Africa,Africa,Africa,1978,135,154,123,,,,123,,154,19.2180470738661
bobbie-traksel,22.22,72,76,8,Netherlands,Europe,Western Europe,1981,85,162,57,,72,61,67,,162,48.349176385362114
mikhail-andreyev,21.96625214182802,165,165,1,Kazakhstan,Asia,Asia,1978,165,165,,,,,,,165,
michel-bibollet,21.47241043771422,115,106,52,France,Europe,Western Europe,1963,116,,32,119,,23,84,118,,45.6064671858108
rocco-cattaneo,25.126812808671392,10,37,5,Switzerland,Europe,Western Europe,1958,88,,66,18,,122,5,47,,50.91168824543143
fabian-fuchs,23.435021358520363,61,81,47,Switzerland,Europe,Western Europe,1961,103,27,52,100,,113,39,106,26,59.970513877155504
nathan-o-neill,22.98,104,93,36,Australia,Oceania,Oceania,1974,95,108,71,,,45,110,108,,54.60591862798711
eddy-ratti,19.97,105,95,33,Italy,Europe,Southern Europe,1977,101,118,65,46,,,48,118,,51.81969030233878
jorge-capitan,21.60650359776874,100,101,27,Spain,Europe,Southern Europe,1977,101,106,77,107,,,77,106,,26.286878856189826
ricardo-valdes,19.15,106,95,49,Spain,Europe,Southern Europe,1976,100,100,41,146,,,41,110,,49.70835863682634
antonio-varriale,24.404547535277146,97,99,51,Italy,Europe,Southern Europe,1974,100,127,96,75,,108,86,127,,39.554221905989195
jorg-ludewig,22.15,68,74,209,Germany,Europe,Western Europe,1975,77,81,84,67,,85,75,71,62,35.760932783991464
torsten-nitsche,24.19258110827402,127,107,29,Germany,Europe,Western Europe,1977,118,128,54,,,49,68,128,,53.58398867539194
yauheni-seniushkin,22.98688747717387,133,132,58,Belarus,Europe,Eastern Europe,1977,133,141,128,100,,64,128,141,,26.616345063915208
cesar-garcia-calvo,22.56600002168302,93,96,73,Spain,Europe,Southern Europe,1974,100,107,32,74,,,50,108,,49.73119142253094
thorwald-veneberg,21.68,87,89,174,Netherlands,Europe,Western Europe,1977,94,82,101,78,,121,88,86,,41.73242794068497
renato-silva,22.7649879140307,90,99,30,Portugal,Europe,Southern Europe,1976,100,99,,,,,,99,,45.35814060937937
filippo-perfetto,22.108693512434847,170,156,14,Italy,Europe,Southern Europe,1976,156,168,140,,,,140,168,,34.364241573197845
ruslan-tleubayev,22.09,118,111,28,Kazakhstan,Asia,Asia,1987,113,,103,146,,103,136,,,38.1466121846229
tom-devriendt,22.6,82,74,28,Belgium,Europe,Western Europe,1991,78,,80,,60,85,51,,,44.44310017808336
simone-antonini,21.22,113,100,15,Italy,Europe,Southern Europe,1991,103,,84,110,93,79,111,,,25.26902866205604
sebastien-chavanel,22.99,125,106,236,France,Europe,Western Europe,1981,107,121,108,101,103,114,103,105,,54.784933082881295
emanuele-bombini,21.72786257657605,15,23,30,Italy,Europe,Southern Europe,1959,29,24,23,22,,31,17,39,8,18.491252980304203
vladimir-pulnikov,20.750221959714416,42,53,180,Ukraine,Europe,Eastern Europe,1965,66,93,44,53,,,35,66,,42.88745358185992
stephane-petilleau,21.266144830653626,99,102,57,France,Europe,Western Europe,1971,109,132,78,86,,,77,132,,46.68837661857816
cello-roncancio,21.551453924826408,77,90,32,Colombia,America,America,1966,94,,98,70,,,90,,,40.132027572710236
lars-kristian-johnsen,20.45,101,95,50,Norway,Europe,Northern Europe,1970,101,87,106,91,,,101,92,42,39.721150485835224
michelangelo-cauz,21.08892059783783,119,106,35,Italy,Europe,Southern Europe,1970,115,,119,69,,94,107,,,50.21374481222473
davide-perona,23.473164591200348,82,84,92,Italy,Europe,Southern Europe,1968,89,65,99,81,,117,81,84,65,41.68358503472738
roberto-caruso,21.669983792250513,88,84,41,Italy,Europe,Southern Europe,1967,90,49,93,71,67,106,86,35,49,37.108295699965765
jose-luis-sanchez-de-la-rocha,20.976429651521855,94,93,35,Spain,Europe,Southern Europe,1972,95,104,88,85,,,86,105,,26.42207505893828
alessandro-fedeli,20.98,100,97,10,Italy,Europe,Southern Europe,1996,98,,97,,,97,,,,38.87715696052546
patrick-muller,20.07,86,81,17,Switzerland,Europe,Western Europe,1996,83,95,83,,36,88,68,,95,32.42060437800773
javier-etxarri-marin,22.880261909846304,76,82,7,Spain,Europe,Southern Europe,1986,87,,86,58,,,86,58,,26.564387187862373
marcello-bergamo,21.09275520195903,5,6,11,Italy,Europe,Southern Europe,1946,9,10,3,4,,3,4,9,11,5.100802075966271
ueli-sutter,21.37,27,29,23,Switzerland,Europe,Western Europe,1947,35,38,46,27,,47,14,39,,22.211701506063566
bert-pronk,23.37251653335291,36,37,52,Netherlands,Europe,Western Europe,1950,57,17,24,41,,20,24,57,,32.67770190988978
giancarlo-bellini,21.20223168523524,20,21,16,Italy,Europe,Southern Europe,1945,29,31,22,2,,,5,31,,17.272328544042153
juris-silovs,20.56,19,23,5,Latvia,Europe,Northern Europe,1973,26,,16,,54,24,19,,,17.643695757975426
gert-vanderaerden,22.809946952571686,18,37,3,Belgium,Europe,Western Europe,1973,47,,37,,,16,77,,,34.961884007206095
raimundo-vairetti,19.676140064560762,8,26,8,Italy,Europe,Southern Europe,1965,52,,39,5,,14,30,,,34.35424698220419
sylvain-calzati,21.71,98,94,186,France,Europe,Western Europe,1979,97,93,104,85,,106,85,99,,46.92741029159168
pierre-drancourt,22.2,120,112,66,France,Europe,Western Europe,1982,114,109,132,92,,,112,112,,42.472039342067454
frederic-finot,20.75,116,113,142,France,Europe,Western Europe,1977,115,117,101,122,,93,100,128,,44.07878420353097
nicolas-reynaud,19.8318039017016,74,67,8,France,Europe,Western Europe,1977,70,,,67,,,67,,,27.665088882147895
ludovic-martin,21.090881230864895,110,101,62,France,Europe,Western Europe,1976,112,,109,95,,137,62,129,,50.44772571824008
christophe-laurent,21.04,83,86,111,France,Europe,Western Europe,1977,90,,81,92,55,90,74,111,,35.416698125919446
gilles-bouvard,21.6,58,63,158,France,Europe,Western Europe,1969,69,35,56,65,93,54,50,76,,40.70177791533981
joseba-albizu-lizaso,20.86,90,93,60,Spain,Europe,Southern Europe,1978,97,112,96,81,,101,88,107,,41.53809768540243
jens-mouris,23.21,142,128,88,Netherlands,Europe,Western Europe,1980,130,135,131,40,69,124,142,121,,44.78441188119376
jean-eudes-demaret,22.21274627594877,121,113,35,France,Europe,Western Europe,1984,116,114,116,96,,148,79,114,90,42.8323289509378
serafin-martinez,21.39,104,100,102,Spain,Europe,Southern Europe,1984,101,93,117,96,,90,127,94,,38.894459437769775
david-garcia-dapena,22.28,36,45,110,Spain,Europe,Southern Europe,1977,46,41,57,43,,34,59,41,,32.53196926389213
gustavo-dominguez-lemos,20.81138440119166,77,79,73,Spain,Europe,Southern Europe,1980,80,81,63,88,,75,58,82,,31.840606164349982
francisco-jose-pacheco,20.718693731767807,86,82,22,Spain,Europe,Southern Europe,1982,82,89,94,35,,94,,81,,57.11111672590245
gonzalo-rabunal-rios,20.06,87,88,75,Spain,Europe,Southern Europe,1984,89,69,109,82,,110,109,71,,40.27532721135835
timothy-gudsell,22.02,130,126,63,New Zealand,Oceania,Oceania,1984,128,119,130,107,,124,129,120,,41.26652720160864
manuel-ortega-ocana,22.2,96,97,65,Spain,Europe,Southern Europe,1981,98,94,,120,,,,97,,34.28612637114991
sergio-dominguez-munoz,21.381544601416213,126,126,18,Spain,Europe,Southern Europe,1986,127,120,,153,,,,126,,34.75290931537031
davide-vigano,20.23,108,99,236,Italy,Europe,Southern Europe,1984,100,101,88,110,70,85,99,104,84,51.58309672064814
giovanni-bernaudeau,20.24,116,114,139,France,Europe,Western Europe,1983,116,140,114,111,77,91,119,120,,38.82149046852649
alberto-fernandez-sainz,19.784335087154876,163,132,15,Spain,Europe,Southern Europe,1981,137,118,133,186,,,133,144,23,53.972038616129296
ibai-salas,20.661411752980733,118,114,6,Spain,Europe,Southern Europe,1991,117,,114,,,,114,,,31.121803718079494
anass-ait-el-abdia,20.37,72,77,23,Morocco,Africa,Africa,1993,80,21,80,,,91,77,,21,33.995291466572745
igor-merino,20.810721758919673,107,105,12,Spain,Europe,Southern Europe,1990,106,,105,,,111,99,,,27.60256356122589
jon-irisarri,21.55,120,116,20,Spain,Europe,Southern Europe,1995,117,,116,,,,116,,,33.238017231382564
andrei-tcherviakov,20.336618835661422,74,59,3,Russia,Asia,Asia,1974,69,,59,,,27,74,,,27.42869543622761
koen-beeckman,21.07,82,80,45,Belgium,Europe,Western Europe,1973,86,81,76,107,,83,66,81,,49.561664478289934
christophe-capelle,21.56,44,57,200,France,Europe,Western Europe,1967,66,187,38,66,13,37,52,71,,51.67941159605605
andrea-moletta,17.743779922566482,88,83,145,Italy,Europe,Southern Europe,1979,84,104,77,84,,71,83,98,45,40.335781724869584
johan-coenen,21.15,63,65,37,Belgium,Europe,Western Europe,1979,67,,71,63,40,48,70,,,31.35455482235568
daniel-musiol,21.13,118,101,17,Germany,Europe,Western Europe,1983,102,,125,79,,124,99,,,39.31527917325004
hugo-sabido,20.45,45,54,16,Portugal,Europe,Southern Europe,1979,52,62,52,,,40,70,126,30,35.241783912471476
sven-renders,20.34,85,90,13,Belgium,Europe,Western Europe,1981,91,72,88,,106,104,85,,72,28.767413901219953
pieter-ghyllebert,19.6305998331481,76,70,9,Belgium,Europe,Western Europe,1982,72,,77,,44,50,94,,,27.819857016966218
ryan-cox,19.79,99,90,8,South Africa,Africa,Africa,1979,92,81,98,,,130,88,108,54,29.444560496926133
dimitri-champion,21.6,126,114,122,France,Europe,Western Europe,1983,116,129,98,114,,83,96,128,,46.06110127652317
carlos-castano-panadero,19.950507127809235,76,82,44,Spain,Europe,Southern Europe,1979,81,91,57,61,,,57,89,,47.658958458542344
mauro-da-dalto,21.98,95,92,200,Italy,Europe,Southern Europe,1981,93,92,89,95,,94,86,97,,38.255060426578936
cyrille-monnerais,22.86,114,111,99,France,Europe,Western Europe,1983,113,119,117,88,75,75,114,119,,45.17680742468183
elia-rigotto,20.60935532668601,126,114,51,Italy,Europe,Southern Europe,1982,115,130,107,75,,73,109,130,,50.64681241542391
juan-olmo-menacho,21.394436119415584,105,108,25,Spain,Europe,Southern Europe,1978,109,98,160,,,,160,98,,36.99662146737185
erki-putsep,21.53,103,95,67,Estonia,Europe,Northern Europe,1976,97,93,99,94,,106,92,95,26,51.32334687027465
francisco-jose-terciado-sacedo,19.721159191789216,120,119,21,Spain,Europe,Southern Europe,1981,120,119,,,,,,119,,24.499271126184258
jorge-garcia-marin,21.095754747538408,92,92,77,Spain,Europe,Southern Europe,1980,94,90,95,98,,,95,92,,41.41818640903454
renaud-dion,20.52,82,81,148,France,Europe,Western Europe,1978,81,79,85,68,78,82,82,79,48,43.94924490778765
javier-megias,21.05,106,96,89,Spain,Europe,Southern Europe,1983,97,85,103,97,,121,92,85,91,47.57260458334942
mattia-bais,21.55,96,94,92,Italy,Europe,Southern Europe,1996,96,97,94,108,77,107,85,108,97,33.89169922910929
joris-nieuwenhuis,20.75,91,87,81,Netherlands,Europe,Western Europe,1996,89,77,83,92,91,88,70,95,32,39.50960189593548
luca-rastelli,21.63097677557439,93,94,35,Italy,Europe,Southern Europe,1999,95,,100,,68,87,98,,,32.19408056661056
johnatan-canaveral,20.4441037044564,100,94,14,Colombia,America,America,1996,98,,121,,67,94,,,,50.284465518959955
alan-riou,21.95,117,113,45,France,Europe,Western Europe,1997,115,113,113,,,114,112,113,,35.13814008863999
alexander-konychev,22.21,104,97,51,Italy,Europe,Southern Europe,1998,99,75,100,68,88,105,90,68,75,35.25470348261433
olav-kooij,21.27,50,58,28,Netherlands,Europe,Western Europe,2001,58,,68,,48,58,,,,57.15633438951943
leonardo-basso,20.11,124,115,40,Italy,Europe,Southern Europe,1993,117,66,119,122,113,118,122,66,,27.55837626864294
david-george,19.47,112,108,52,South Africa,Africa,Africa,1976,110,100,117,124,,135,116,104,,37.82305293512586
remco-van-der-ven,21.081451113713705,77,75,49,Netherlands,Europe,Western Europe,1975,79,81,37,76,,22,67,80,,43.35872163125429
daniel-bayes,22.46724558437494,100,107,22,Spain,Europe,Southern Europe,1975,111,107,,,,,,107,,41.158993799202264
luis-sarreira,23.089222899036596,107,101,9,Portugal,Europe,Southern Europe,1972,100,101,,,,,,101,,29.58462438497403
alessandro-pozzi2,21.6273551420785,82,84,36,Italy,Europe,Southern Europe,1969,90,91,78,61,,13,78,91,,34.16969789108844
matias-cagigas,19.31359378668397,95,99,44,Spain,Europe,Southern Europe,1974,101,100,,74,,,,99,,28.194882056983115
daniele-galli,20.514985600649688,152,137,18,Italy,Europe,Southern Europe,1975,138,137,,137,,,137,137,,58.927145669309546
txema-del-olmo-zendegi,21.125398095430416,44,51,115,Spain,Europe,Southern Europe,1973,56,47,51,59,,70,37,57,,38.42846683528307
alessio-bongioni,22.285181486286056,119,116,21,Italy,Europe,Southern Europe,1975,117,114,143,117,,143,117,114,,32.969033089509054
itamar-einhorn,24.34,131,99,28,Israel,Asia,Asia,1997,101,,123,111,54,54,123,111,,67.210952748136
cedric-beullens,21.88,82,72,39,Belgium,Europe,Western Europe,1997,74,71,67,84,36,68,64,77,74,42.19188542458741
daan-hoole,20.76,96,96,34,Netherlands,Europe,Western Europe,1999,97,98,95,91,106,107,92,93,,42.01315471778408
ben-turner,19.66,88,83,44,Great Britain,Europe,Northern Europe,1999,87,59,46,108,58,50,82,90,,43.2678613107945
lionel-taminiaux,24.73,118,105,41,Belgium,Europe,Western Europe,1996,105,93,107,110,,88,122,99,91,45.21657908765593
pau-miquel-delgado,20.06,73,79,27,Spain,Europe,Southern Europe,2000,82,,75,83,,96,59,83,,35.994934749702324
nicolas-prodhomme,20.48,77,76,107,France,Europe,Western Europe,1997,78,77,72,81,,,70,85,,34.308058085318834
vojtech-repa,20.97,108,94,20,Czech Republic,Europe,Eastern Europe,2000,95,83,,105,,,,94,,31.89534696307185
antoine-raugel,20.45,98,97,22,France,Europe,Western Europe,1999,99,93,92,103,,,92,98,,32.8728364553985
kelland-brien,20.78,107,101,35,Australia,Oceania,Oceania,1998,106,,70,119,103,86,96,132,,43.77332751437423
yevgeniy-fedorov,21.48,109,102,69,Kazakhstan,Asia,Asia,2000,104,96,74,120,103,78,97,114,,44.923312509432336
jarrad-drizners,20.23,120,115,21,Australia,Oceania,Oceania,1999,119,,109,148,93,94,,148,,38.80721582386452
jay-vine,20.38,83,82,71,Australia,Oceania,Oceania,1995,83,73,59,103,104,104,63,94,63,53.45692336765756
edoardo-zambanini,18.92,54,58,67,Italy,Europe,Southern Europe,2001,60,42,64,58,,31,60,57,44,28.675077389952488
xabier-mikel-azparren-irurzun,21.955903627906395,112,101,56,Spain,Europe,Southern Europe,1999,103,87,100,118,19,80,92,107,,46.8008213936132
kamil-malecki,22.79,97,95,47,Poland,Europe,Eastern Europe,1996,97,82,100,125,,100,137,112,75,35.229037829367115
benjamin-day,21.46,81,79,10,Australia,Oceania,Oceania,1978,81,,74,79,,,79,,,33.34932949517543
davy-commeyne,20.68,56,52,20,Belgium,Europe,Western Europe,1980,53,,67,40,21,44,54,,,26.33069051806076
david-bernabeu,20.37,82,78,78,Spain,Europe,Southern Europe,1975,80,87,81,65,,67,79,81,,41.88980875172477
eric-leblacher,19.59117954813941,81,84,77,France,Europe,Western Europe,1978,88,62,101,84,,104,76,83,74,43.887816815129455
glenn-d-hollander,22.1,93,93,71,Belgium,Europe,Western Europe,1974,98,,94,95,61,89,92,119,,35.50919058066749
bruno-miguel-castanheira-gomes,21.37,67,83,20,Portugal,Europe,Southern Europe,1977,85,52,,93,,,76,88,,43.99808608277602
pedro-cardoso,19.537394758988842,57,62,37,Portugal,Europe,Southern Europe,1974,64,71,54,48,,54,48,71,75,25.84232624640873
bert-hiemstra,20.861064155291896,88,79,29,Netherlands,Europe,Western Europe,1973,85,,72,97,59,76,82,,,33.15172613624829
rene-joergensen,18.73,90,89,47,Denmark,Europe,Northern Europe,1975,92,,99,69,,90,88,130,,33.505670747619995
giovanni-battaglin,22.31516752377392,22,44,87,Italy,Europe,Southern Europe,1951,63,20,18,56,,70,19,63,2,47.13214317294352
knut-knudsen,23.08,26,30,42,Norway,Europe,Northern Europe,1950,42,,9,45,,6,24,46,,28.867915791359962
jo-maas,22.518877545232364,28,36,71,Netherlands,Europe,Western Europe,1954,41,,29,39,,32,30,40,,27.604755662951767
andre-dierickx,22.84,8,16,67,Belgium,Europe,Western Europe,1947,28,30,10,28,2,9,12,39,18,18.234960780408837
alessandro-pozzi,20.50465389137665,92,96,105,Italy,Europe,Southern Europe,1954,107,18,60,103,,91,53,106,18,50.31231761735195
patrice-thevenard,20.046542724572017,60,67,93,France,Europe,Western Europe,1954,74,,36,78,,36,47,80,,37.041969802937324
patrick-pevenage,19.18392985461212,60,58,42,Belgium,Europe,Western Europe,1956,60,,27,61,,,49,62,,28.81359048288983
glauco-santoni,20.51313659937702,76,82,54,Italy,Europe,Southern Europe,1952,86,32,49,85,,49,113,79,32,37.265066552807674
maurizio-bellet,19.467811574688728,74,69,26,Italy,Europe,Southern Europe,1952,76,,11,71,,11,57,76,,29.722304497050434
valerio-lualdi,20.533649714338736,100,93,40,Italy,Europe,Southern Europe,1951,97,,68,94,,68,104,93,,29.68656779912942
aldo-donadello,20.911074193994423,72,64,17,Italy,Europe,Southern Europe,1953,66,,66,63,,,64,63,,35.4505662445443
christian-poirier,21.198912265783303,52,51,16,France,Europe,Western Europe,1954,56,,,51,,,41,57,,35.56379244868766
serge-parsani,20.981405798823708,68,64,24,Italy,Europe,Southern Europe,1952,67,,64,64,,,84,59,,24.71577563454951
alain-desaever,20.469977829756616,57,65,44,Belgium,Europe,Western Europe,1952,73,45,45,76,,,73,62,,32.84762051293095
jean-marie-michel,23.484895504032103,82,75,37,France,Europe,Western Europe,1955,77,,,75,,,76,75,,30.45249340126937
wim-myngheer,20.41057308208275,84,82,24,Belgium,Europe,Western Europe,1955,86,,,82,,,76,83,,27.081700062235193
michel-balbuena,23.12285468321331,72,68,23,France,Europe,Western Europe,1954,68,,,68,,,65,69,,24.899640456473666
alex-van-linden,21.516065045675457,82,84,24,Belgium,Europe,Western Europe,1952,89,,24,87,,,109,78,,31.048320218746085
pasquale-pugliese,19.866383297672055,111,90,17,Italy,Europe,Southern Europe,1952,99,16,,100,,,107,97,16,34.164072115738946
gerard-mace,20.802881059676448,98,95,14,France,Europe,Western Europe,1953,96,,,95,,,116,87,,27.13063634659955
dorino-vanzo,17.390526570097354,79,78,25,Italy,Europe,Southern Europe,1950,82,13,38,82,,,62,85,13,27.843431301954627
aaron-van-poucke,21.71,93,87,7,Belgium,Europe,Western Europe,1998,88,94,80,,101,97,75,135,53,32.794453654180465
jan-maas,19.32,87,88,49,Netherlands,Europe,Western Europe,1996,89,60,98,71,81,101,83,62,,30.17739501792736
kenneth-van-rooy,21.85,66,77,7,Belgium,Europe,Western Europe,1993,78,,78,,75,74,84,,,31.341437655055238
sandy-dujardin,23.214362222552268,64,77,20,France,Europe,Western Europe,1997,79,,70,88,102,81,73,,,44.29791488499086
stan-van-tricht,21.14,54,61,13,Belgium,Europe,Western Europe,1999,63,48,44,,71,69,39,48,,28.32684691966715
kenny-molly,20.86,95,89,7,Belgium,Europe,Western Europe,1996,89,84,92,,,,92,67,100,23.85871109758646
jenno-berckmoes,19.47,82,84,6,Belgium,Europe,Western Europe,2001,87,,84,,,64,89,,,26.143832924802748
inigo-elosegui,21.22,82,85,26,Spain,Europe,Southern Europe,1998,86,109,99,,73,73,105,122,96,31.586292060858398
julian-mertens,20.68,63,68,11,Belgium,Europe,Western Europe,1997,71,92,66,,59,52,74,92,,28.303549407996677
victor-koretzky,21.3,58,64,13,France,Europe,Western Europe,1994,66,,64,,,65,60,,,26.79408660363471
thibault-ferasse,21.61,68,68,1,France,Europe,Western Europe,1994,68,,68,,,,68,,,
abner-gonzalez-rivera,19.82,47,60,10,Puerto Rico,America,America,2000,59,,54,,110,75,53,,,33.04290140610133
cian-uijtdebroeks,19.87,32,38,21,Belgium,Europe,Western Europe,2003,38,,38,40,,23,46,,,29.785183277212557
filippo-baroncini,20.94,75,68,8,Italy,Europe,Southern Europe,2000,69,,97,64,,,68,,,31.791452130587377
patrick-gamper,21.26,105,103,91,Austria,Europe,Western Europe,1997,103,116,100,100,102,113,95,98,135,34.212854512878835
mathijs-paasschens,21.22,83,90,19,Netherlands,Europe,Western Europe,1996,91,114,88,,,94,87,114,,22.519257515831363
johan-meens,20.48,106,117,3,Belgium,Europe,Western Europe,1999,119,,117,,,,117,,,22.27853974867593
vito-braet,20.09,112,100,4,Belgium,Europe,Western Europe,2000,103,,94,,120,120,94,,,28.476598579652496
jens-reynders,22.45,96,94,4,Belgium,Europe,Western Europe,1998,96,,94,,,77,99,,,27.742866951104144
ruben-apers,21.85,102,102,8,Belgium,Europe,Western Europe,1998,103,,100,,115,90,106,,,26.776522232305354
magnus-sheffield,21.8,44,44,32,United States,America,America,2002,42,77,46,16,64,41,45,77,,29.568383698067244
vinicius-rangel-costa,20.2,126,126,2,Brazil,America,America,2001,127,,126,,,128,125,,,2.1213203435596424
pawel-cieslik,20.98,54,63,14,Poland,Europe,Eastern Europe,1986,67,,102,41,,102,41,,,49.18014653482454
ruben-zepuntke,22.45,98,86,11,Germany,Europe,Western Europe,1993,90,,76,88,,40,90,,,34.62027782042825
nico-brungger,20.02,119,109,15,Switzerland,Europe,Western Europe,1988,112,,110,109,,,109,,,42.306140497681
adam-stachowiak,20.02,105,103,16,Poland,Europe,Eastern Europe,1989,106,,115,94,,115,94,,,28.12235172717009
valentin-baillifard,18.91,114,115,15,Switzerland,Europe,Western Europe,1993,117,,101,124,,,115,,,34.36540342235127
michal-podlaski,21.46,122,119,9,Poland,Europe,Eastern Europe,1988,122,,,119,,,119,,,41.741599287893976
lukas-jaun,20.37,134,134,9,Switzerland,Europe,Western Europe,1991,136,,,134,,,134,,,27.937430089397985
jaroslaw-marycz,20.83,112,106,99,Poland,Europe,Eastern Europe,1987,108,110,101,111,,109,98,122,,42.3330241176091
colin-stussi,19.45,111,118,9,Switzerland,Europe,Western Europe,1993,119,,,118,,,118,,,28.443413609793353
jiri-polnicky,20.31,127,130,17,Czech Republic,Europe,Eastern Europe,1989,132,112,162,112,,162,112,112,,30.11863796623573
jean-jacques-henry,22.88895868917724,22,49,10,France,Europe,Western Europe,1967,90,,49,,,41,69,,,64.06628511853086
gilles-talmant,21.5899993893637,87,85,59,France,Europe,Western Europe,1970,93,,60,95,,66,46,97,,45.970227704288156
frederic-pontier,22.221493050626286,79,86,22,France,Europe,Western Europe,1970,103,89,35,123,,35,116,99,,66.27538311414281
gustavo-rodriguez-iglesias,21.686770587088922,89,88,21,Spain,Europe,Southern Europe,1979,89,85,116,97,,116,,87,,25.993497355336867
jose-alberto-benitez-roman,20.37,109,105,157,Spain,Europe,Southern Europe,1981,107,101,106,108,,92,112,107,18,38.766139500581424
juan-javier-estrada-ruiz,21.6,102,104,40,Spain,Europe,Southern Europe,1981,104,105,,96,,,,104,,27.904036561226345
johnnie-walker,19.88,141,124,20,Australia,Oceania,Oceania,1987,125,120,,143,,,,124,,49.99736835179691
enrique-mata-cabello,21.5,112,89,26,Spain,Europe,Southern Europe,1985,89,78,,110,,,121,80,,53.87489782249814
theo-bos,21.33,163,137,30,Netherlands,Europe,Western Europe,1983,139,105,160,128,,,160,110,,60.00181031751718
andreas-stauff,22.24,126,114,54,Germany,Europe,Western Europe,1987,113,85,123,121,110,124,120,93,,51.178716340773036
david-gutierrez-gutierrez,22.31,129,118,39,Spain,Europe,Southern Europe,1982,122,122,108,120,,108,120,122,,37.04762226904007
david-vitoria,20.94,165,161,11,Switzerland,Europe,Western Europe,1984,161,165,,154,,,145,162,,19.890152885741777
jorge-martin-montenegro,22.64710068463819,143,119,28,Spain,Europe,Southern Europe,1983,121,113,119,145,,119,,119,,49.495590632535055
gorka-beloki,20.15,93,82,5,Spain,Europe,Southern Europe,1978,87,,82,,,,82,,,27.618834153526468
efrain-gutierrez-sanchez,19.43152883369933,82,93,6,Spain,Europe,Southern Europe,1980,99,,93,,,,93,,,35.28408517542529
carlos-zarate,20.99,100,102,10,Spain,Europe,Southern Europe,1980,108,,102,,,,102,,,50.3786771472923
jokin-ormaetxea,22.996838009410734,90,83,7,Spain,Europe,Southern Europe,1980,88,,76,130,,,76,130,,31.77974796867308
francisco-gutierrez,21.31185530934581,117,103,29,Spain,Europe,Southern Europe,1980,106,118,70,,,,70,118,,59.735665675495596
unai-emillio-yus,20.808341558298356,64,67,37,Spain,Europe,Southern Europe,1974,66,19,78,67,,73,90,20,,43.230960154915785
adolfo-garcia-quesada,21.91267519554853,54,71,57,Spain,Europe,Southern Europe,1979,71,81,71,49,,,70,72,,44.081442341389454
ion-del-rio,21.241532314909982,111,96,17,Spain,Europe,Southern Europe,1978,97,93,97,127,,,97,96,,45.403825311763946
pierre-henri-mentheour,20.931860296569372,51,53,67,France,Europe,Western Europe,1960,58,,35,63,,16,40,62,,34.65138131513064
jean-philippe-vandenbrande,22.609887684987672,24,39,228,Belgium,Europe,Western Europe,1955,44,21,20,45,13,16,24,46,,35.55196981018985
marco-chagas,19.27571982590163,58,64,46,Portugal,Europe,Southern Europe,1956,68,,,64,,,72,63,,30.78788267820252
urs-zimmermann,22.751285308127144,79,75,153,Switzerland,Europe,Western Europe,1959,88,43,27,84,,21,31,89,27,52.08860633782324
rafael-antonio-acevedo,20.327272804189672,58,67,76,Colombia,America,America,1957,73,,33,67,,,59,67,,41.17684581872374
luciano-loro,19.529051105088893,66,73,98,Italy,Europe,Southern Europe,1954,87,40,36,85,,56,39,87,,46.85755145480818
jean-francois-chaurin,22.523899282709536,55,59,41,France,Europe,Western Europe,1961,63,24,14,64,,10,64,63,24,32.35613561900002
herman-loayza,18.766734503009722,90,91,46,Colombia,America,America,1956,93,,,91,,,135,86,,36.423223467033615
yvan-frebert,22.712328332478506,65,61,46,France,Europe,Western Europe,1960,60,,,61,,,55,61,,36.91305884160074
carlos-marta,22.48105114505203,110,96,25,Portugal,Europe,Southern Europe,1963,100,,22,102,,,57,103,,43.6702797487414
alain-dithurbide,20.19010179894907,60,69,25,France,Europe,Western Europe,1959,73,,12,74,,12,90,72,,42.0573814369527
czeslaw-lang,20.590889835078716,96,91,66,Poland,Europe,Eastern Europe,1955,100,26,7,101,,8,86,98,,45.71788426562346
luc-govaerts,22.014312045352966,64,73,35,Belgium,Europe,Western Europe,1959,89,,28,91,,25,61,93,,45.29236491206582
jean-francois-rault,21.154647557235585,55,59,78,France,Europe,Western Europe,1958,64,,21,64,,26,32,64,,43.803311555521724
modesto-urrutibeazkoa,22.9554495226125,103,98,57,Spain,Europe,Southern Europe,1959,108,,55,112,,14,71,111,,44.200889942162895
carlo-tonon,21.46631127655109,121,119,39,Italy,Europe,Southern Europe,1955,120,,,119,,,132,119,,25.321921927343254
jacques-hanegraaf,21.412289680249255,58,66,98,Netherlands,Europe,Western Europe,1960,78,14,41,79,49,47,33,81,31,47.868376234200475
israel-corredor-fonseca,17.69967273715178,119,113,69,Colombia,America,America,1959,118,,28,116,,,90,115,,44.23688461888239
francis-castaing,23.612217602029826,18,59,102,France,Europe,Western Europe,1959,72,,20,78,,11,36,80,,61.481689596967996
jose-xavier,20.101670601926084,118,113,23,Portugal,Europe,Southern Europe,1961,115,,,113,,,140,110,,28.318767084213967
eduardo-correia,20.001719348070008,128,126,23,Portugal,Europe,Southern Europe,1961,128,,,126,,,144,125,,19.8485371470411
regis-simon,21.6761762948999,64,65,108,France,Europe,Western Europe,1958,73,,19,75,,11,36,77,,47.919797856969524
paulo-jose-dos-santos-ferreira,21.834398965878837,137,117,17,Portugal,Europe,Southern Europe,1962,115,,,117,,,106,118,,48.507428175850485
alain-bondue,21.62454417110551,97,89,85,France,Europe,Western Europe,1959,105,,12,107,,13,39,110,,57.94483757575538
michel-charreard,22.688509742795336,123,119,23,France,Europe,Western Europe,1959,120,,,119,,,102,120,,26.855932430644955
manuel-zeferino,18.073442781258098,120,110,31,Portugal,Europe,Southern Europe,1960,116,,92,115,,,107,111,,37.619744301235265
jeanluc-garnier,21.19800780100638,83,81,19,France,Europe,Western Europe,1961,89,,15,93,,,30,99,,42.27319945086799
simone-fraccaro,21.35406440512389,115,105,17,Italy,Europe,Southern Europe,1952,109,,63,114,,108,71,116,,42.55550009382212
gabriele-landoni,18.366563064288922,34,32,4,Italy,Europe,Southern Europe,1953,29,,32,,,30,34,,,17.269916039170543
eric-mckenzie,20.046297211160542,67,67,79,New Zealand,Oceania,Oceania,1958,72,34,16,72,,16,29,73,,54.01421309099128
claudio-torelli,20.165752512004662,12,26,10,Italy,Europe,Southern Europe,1954,44,,25,35,,33,9,35,,33.06895153396242
franco-conti,19.920088412075202,25,30,9,Italy,Europe,Southern Europe,1951,34,25,41,,,41,,,25,11.020183503211026
giocondo-dalla-rizza,23.62407441227977,36,36,1,Italy,Europe,Southern Europe,1960,36,,36,,,36,,,,
giovanni-renosto,20.283487913767093,44,53,3,Italy,Europe,Southern Europe,1960,58,,53,,,62,35,,,23.24507116214819
patrick-versluys,20.005380183850274,41,58,64,Belgium,Europe,Western Europe,1958,82,,20,102,,24,27,100,,51.970952566931906
cedric-rossier,20.89789944696606,79,73,29,Switzerland,Europe,Western Europe,1957,81,,37,83,,34,43,86,,34.33438151029637
gregor-braun,22.899600941689368,22,23,29,Germany,Europe,Western Europe,1955,30,22,20,29,,27,15,31,22,19.08885110354214
fabien-de-vooght,20.263620833946927,38,40,6,France,Europe,Western Europe,1959,44,,40,,,64,35,,,14.32131278898691
wladimiro-panizza,22.524854709004707,10,21,33,Italy,Europe,Southern Europe,1945,38,11,32,8,,48,18,14,11,22.34216525954565
gary-dowdell,22.540760107431254,74,74,1,Great Britain,Europe,Northern Europe,1959,74,,74,,,74,,,,
vinko-poloncic,18.936571848270173,77,77,1,Slovenia,Europe,Southern Europe,1957,77,,77,,,77,,,,
wies-van-dongen,23.98988118826908,16,31,25,Netherlands,Europe,Western Europe,1957,35,,32,33,4,31,31,,,26.784448224047228
ettore-bazzichi,20.82293633987075,83,83,1,Italy,Europe,Southern Europe,1958,83,,83,,,83,,,,
jacques-van-meer,21.267876350427546,48,51,57,Netherlands,Europe,Western Europe,1958,63,,32,77,,48,38,74,,36.88549986445386
giuseppe-montella,19.482724998976476,28,40,4,Italy,Europe,Southern Europe,1956,62,23,93,,,93,,,23,35.85619425798933
dominique-naessens,23.3631409916001,62,62,2,Belgium,Europe,Western Europe,1959,82,,62,,,95,30,,,45.96194077712559
giorgio-aiardi,20.853950718291394,96,96,1,Italy,Europe,Southern Europe,1962,96,,96,,,96,,,,
claudio-corti,21.299705426111952,64,68,36,Italy,Europe,Southern Europe,1955,89,19,65,117,,79,58,95,18,50.82771241366613
marc-gomez,20.012883993101717,40,50,127,France,Europe,Western Europe,1954,56,,24,59,,34,19,60,,40.00631902343397
walter-clivati,21.113846155837308,103,103,1,Italy,Europe,Southern Europe,1955,103,,103,,,103,,,,
fiorenzo-favero,21.98290345861697,110,110,2,Italy,Europe,Southern Europe,1955,111,,110,,,110,,,,7.7781745930520225
peter-kehl,19.708904869845814,4,24,9,Germany,Europe,Western Europe,1957,53,,35,14,,38,6,66,,37.54996671103717
uwe-bolten,21.853004572503657,40,54,12,Germany,Europe,Western Europe,1959,87,43,70,17,,111,50,44,,49.977191767542294
silvestro-milani,20.63762275922294,98,83,13,Italy,Europe,Southern Europe,1958,92,,65,94,,84,36,94,,55.856386362133186
erminio-rizzi,21.699588242128126,115,115,1,Italy,Europe,Southern Europe,1958,115,,115,,,115,,,,
siegfried-hekimi,23.62279087204657,89,79,30,Switzerland,Europe,Western Europe,1956,94,32,49,89,,64,13,94,31,48.56668599467898
fiorenzo-aliverti,22.26412378226017,80,82,41,Italy,Europe,Southern Europe,1957,91,51,56,106,,120,53,106,51,37.506015777634865
joel-pelier,20.827001155339925,101,88,93,France,Europe,Western Europe,1962,92,86,30,95,,27,70,95,,51.462729970048045
robert-forest,23.067669089792847,62,62,107,France,Europe,Western Europe,1961,66,25,33,66,78,39,42,65,,34.840141772839324
doug-shapiro,21.13468664863699,102,100,39,United States,America,America,1959,103,27,80,104,,70,91,103,,38.182281750520275
martial-gayant,20.6,40,49,151,France,Europe,Western Europe,1962,60,15,27,63,75,29,29,65,15,39.62439322729555
elio-festa,20.612861638702515,108,105,24,Italy,Europe,Southern Europe,1960,107,,85,106,,85,149,100,,33.325687528922224
claudio-fasolo,19.652921522919165,100,95,24,Italy,Europe,Southern Europe,1960,97,,61,97,,,121,90,,37.6268627060701
jose-salvador-sanchis,21.04124878189362,109,103,89,Spain,Europe,Southern Europe,1963,107,,40,105,,,95,104,,48.00051604251035
rudy-patry,21.71897537971366,90,90,65,Belgium,Europe,Western Europe,1961,94,,50,97,,82,59,97,,43.27043203460694
andre-lurquin,21.058161940446897,109,92,32,Belgium,Europe,Western Europe,1961,106,,20,113,,26,56,114,,47.31542023416345
alois-wouters,24.580035196131877,110,103,24,Belgium,Europe,Western Europe,1962,106,,53,105,,,112,101,,43.47910959316546
jokin-mujika,23.04,80,84,149,Spain,Europe,Southern Europe,1962,93,25,52,93,,50,61,90,60,46.0827790890354
patrick-toelen,20.18214048793676,113,116,23,Belgium,Europe,Western Europe,1962,117,,,116,,,172,107,,34.05598738371627
teun-van-vliet,21.17573579259493,72,78,98,Netherlands,Europe,Western Europe,1962,94,34,25,93,0,33,24,100,2,60.102235117386584
jan-baeyens,18.397388997843624,133,120,25,Belgium,Europe,Western Europe,1957,127,,28,128,,24,126,123,,39.7178381419063
manrico-ronchiato,21.54792140110546,143,133,24,Italy,Europe,Southern Europe,1960,135,,26,138,,26,135,138,,33.81125680829569
etienne-de-beule,19.7707836262143,93,86,35,Belgium,Europe,Western Europe,1953,106,,33,110,,28,56,116,,47.24289106630246
philippe-lauraire,22.55207129282689,125,93,23,France,Europe,Western Europe,1961,93,,,93,,,51,100,,58.86492207914149
rudy-matthijs,20.557244342272252,114,85,49,Belgium,Europe,Western Europe,1959,96,,8,98,,7,29,108,,60.628637067421046
patrick-onnockx,21.32954471876558,136,130,42,Belgium,Europe,Western Europe,1959,136,,46,136,,29,100,137,,45.46296242416405
dirk-demol,21.5,117,103,53,Belgium,Europe,Western Europe,1959,122,,52,125,103,61,65,128,,58.35913659730723
giuliano-pavanello,22.15708400479805,124,99,23,Italy,Europe,Southern Europe,1961,100,,,99,,,87,100,,57.77275914827631
roberto-bressan,22.07347624818771,136,128,24,Italy,Europe,Southern Europe,1960,130,,77,130,,77,155,126,,32.53760366366757
thomas-frei,22.41,68,71,46,Switzerland,Europe,Western Europe,1985,72,,76,62,,71,70,,,36.581402841012334
lasse-bochmann,21.15458262181567,65,62,9,Denmark,Europe,Northern Europe,1983,63,,,62,,,63,53,,26.572751289829043
alberto-fernandez-de-la-puebla-ramos,20.81,102,103,82,Spain,Europe,Southern Europe,1984,106,158,96,104,,79,102,158,,46.92841807225369
fabio-andres-duarte,19.96,68,72,113,Colombia,America,America,1986,72,87,67,71,,90,59,79,,46.08845004510405
robinson-chalapud,20.57,128,107,57,Colombia,America,America,1984,109,54,107,133,,91,113,,54,52.37631330562244
bjorn-thurau,19.6,61,74,75,Germany,Europe,Western Europe,1988,75,68,79,64,,92,67,68,,44.59795575648797
marc-goos,20.52,86,88,42,Netherlands,Europe,Western Europe,1990,89,62,85,103,,82,90,81,44,36.895149173303594
yonder-godoy,22.95,77,87,23,Venezuela,America,America,1993,89,37,90,124,,75,92,,37,32.196039822269356
david-tanner,20.68,106,99,132,Australia,Oceania,Oceania,1984,101,87,104,95,,105,102,86,,41.4746138307842
miguel-angel-rubiano,20.07,90,91,115,Colombia,America,America,1984,92,79,95,73,,88,95,81,45,44.7400577657061
carlos-quintero,19.88,103,102,66,Colombia,America,America,1986,105,97,101,110,,100,103,102,60,43.51678131951232
michel-koch,21.06,114,100,52,Germany,Europe,Western Europe,1991,100,,101,94,,72,111,,,43.8362638021619
andrea-fedi,20.68,134,125,24,Italy,Europe,Southern Europe,1991,127,73,130,92,112,75,135,,73,46.21876148322755
tony-hurel,23.11,129,116,77,France,Europe,Western Europe,1987,117,134,102,129,126,108,100,138,,53.085027682449976
jeffry-romero,17.76,125,121,22,Colombia,America,America,1989,120,,121,121,,120,121,,,41.955449470357735
rodolfo-andres-torres,19.61,83,80,72,Colombia,America,America,1987,81,64,87,69,,74,90,64,54,39.60057815609944
daniele-colli,22.78,95,92,51,Italy,Europe,Southern Europe,1982,96,52,108,68,82,88,94,,52,56.43291349461053
dirk-heirweg,22.53,24,46,21,Belgium,Europe,Western Europe,1955,55,23,32,55,,22,52,51,23,37.462425619990675
johan-louwet,20.672242377861796,4,8,7,Belgium,Europe,Western Europe,1959,18,,8,,,,8,,,11.657819774930555
javier-cedena,20.045983889197554,6,14,27,Spain,Europe,Southern Europe,1954,14,,14,,,,14,,,15.154005234388519
daniel-girard,22.572428118770485,32,32,2,Switzerland,Europe,Western Europe,1956,47,,32,,,,32,,,31.81980515339464
rudy-busselen,23.13522314305771,11,11,1,Belgium,Europe,Western Europe,1955,11,,11,,,,11,,,
rene-van-den-bossche,21.04247505186619,14,14,2,Belgium,Europe,Western Europe,1957,15,,14,,,17,12,,,3.5355339059327378
giovanni-strazzer,21.521791539074563,6,37,17,Italy,Europe,Southern Europe,1965,109,,47,23,,66,21,,,58.14959157208243
enrico-galleschi,23.91461516702278,28,38,10,Italy,Europe,Southern Europe,1963,58,,43,6,37,42,6,,,32.27055761664011
daniel-steiger,21.834003817220157,6,30,20,Switzerland,Europe,Western Europe,1966,92,89,40,16,,42,25,89,,46.557830479387334
laurent-davion,22.856032375968002,14,14,2,France,Europe,Western Europe,1972,14,,14,,,14,,,,4.949747468305833
marek-lesniewski,20.200849100520163,87,84,22,Poland,Europe,Eastern Europe,1963,98,,37,108,60,39,79,112,,44.95413728317405
frederic-gabriel,19.37,61,71,33,France,Europe,Western Europe,1970,80,,117,54,,118,56,,,42.485113257291054
max-poole,21.18527297261541,23,24,14,Great Britain,Europe,Northern Europe,2003,24,,22,26,,,24,,,15.053749852292107
lenny-martinez,18.42,29,42,21,France,Europe,Western Europe,2003,42,,43,39,,32,46,,,31.070197019927996
anders-halland-johannessen,19.86321567766079,118,117,14,Norway,Europe,Northern Europe,1999,120,,148,93,,158,100,,,41.386943845603305
tobias-bayer,20.3,83,79,63,Austria,Europe,Western Europe,1999,80,72,88,59,116,79,84,62,83,40.34216810477287
reuben-thompson,19.71,82,84,28,New Zealand,Oceania,Oceania,2001,86,,89,88,69,84,87,57,,31.25149731862594
oscar-onley,20.72,38,41,23,Great Britain,Europe,Northern Europe,2002,42,,42,39,,56,33,,,25.89573194189197
harrison-wood,18.7,87,84,12,Great Britain,Europe,Northern Europe,2000,85,,90,81,,65,88,,,24.463175789274985
gianmarco-garofoli,19.23,72,68,14,Italy,Europe,Southern Europe,2002,68,,55,77,,,68,,,35.63644263890609
fredrik-dversnes,19.892534408280106,90,88,14,Norway,Europe,Northern Europe,1997,90,,95,91,27,27,92,,,31.674252031551458
martin-urianstad,24.122504076380284,77,81,13,Norway,Europe,Northern Europe,1999,80,,89,79,46,66,87,,,32.87232488872279
andrea-piccolo,19.54,89,79,15,Italy,Europe,Southern Europe,2001,81,21,81,93,,78,92,32,10,31.869973926805116
lorenzo-milesi,21.6,94,96,15,Italy,Europe,Southern Europe,2002,97,,106,87,,106,87,,,34.196630299044436
madis-mihkels,22.15,92,86,9,Estonia,Europe,Northern Europe,2003,86,,101,82,,89,86,,,34.88114740722335
tom-paquot,20.68,110,104,26,Belgium,Europe,Western Europe,1999,104,,110,99,100,93,113,,,29.90027012998635
jason-osborne,22.09,62,67,28,Germany,Europe,Western Europe,1994,68,,80,58,52,83,59,15,,35.245022914046174
florian-stork,19.02,76,78,67,Germany,Europe,Western Europe,1997,79,,84,78,52,62,85,53,,33.75728140627008
leon-heinschke,21.6,111,104,21,Germany,Europe,Western Europe,1999,105,,89,113,,38,108,,,40.561828173319604
matevz-govekar,22.53,98,88,16,Slovenia,Europe,Southern Europe,2000,88,,102,95,75,82,95,,,37.68990802146732
axel-zingle,22.39,89,89,43,France,Europe,Western Europe,1998,92,,53,106,94,59,67,117,,46.313487149164615
matheo-vercher,22.25749823461415,102,95,8,France,Europe,Western Europe,2001,95,,144,88,,,95,,,38.99244432304436
fabio-van-den-bossche,20.34,124,114,26,Belgium,Europe,Western Europe,2000,115,66,123,113,106,112,117,,66,24.477430734956954
frederic-amorison,20.9,71,60,19,Belgium,Europe,Western Europe,1978,60,,62,85,30,51,76,,,31.286078588571826
jonathan-milan,22.55,97,73,41,Italy,Europe,Southern Europe,2000,73,,77,,66,74,72,,,49.86692045933417
marijn-van-den-berg,22.04,24,43,20,Netherlands,Europe,Western Europe,1999,42,,62,,33,42,71,,,33.50612669819938
paul-lapeira,20.66,84,85,25,France,Europe,Western Europe,2000,88,,99,,70,70,99,,,36.97602827057913
artyom-zakharov,21.85,78,82,19,Kazakhstan,Asia,Asia,1991,87,,105,78,47,77,108,78,,39.2309103575915
mathias-vacek,21.22,58,58,11,Czech Republic,Europe,Eastern Europe,2002,57,,63,,56,56,65,,,31.229065715364353
filip-maciejuk,21.61,91,92,33,Poland,Europe,Eastern Europe,1999,93,,96,98,79,91,94,,,25.716144263041766
campbell-stewart,23.46,104,100,35,New Zealand,Oceania,Oceania,1998,102,,105,,78,96,102,,,43.11432915112168
michael-kukrle,21.33,76,76,8,Czech Republic,Europe,Eastern Europe,1994,77,58,,,79,79,,58,,20.354009783964297
sebastian-berwick,19.27,116,109,63,Australia,Oceania,Oceania,1999,112,121,101,127,75,83,100,134,,38.10185906365336
alejandro-osorio-carbajal,18.92,64,76,13,Colombia,America,America,1998,78,,86,,67,67,86,,,35.81540994800408
jakob-egholm,19.94,98,101,7,Denmark,Europe,Northern Europe,1998,101,,,,101,101,,,,9.245333443212877
matteo-malucelli,23.26,112,87,14,Italy,Europe,Southern Europe,1993,90,,107,,67,87,,,,59.696669150734934
niklas-markl,20.45,79,83,40,Germany,Europe,Western Europe,1999,83,,86,,75,76,86,,,35.20051536627386
taj-jones,22.48,110,99,22,Australia,Oceania,Oceania,2000,99,,81,135,90,88,135,,,34.52108960774019
johan-price-pejtersen,20.04,116,104,34,Denmark,Europe,Northern Europe,1999,104,,89,116,108,108,102,,,38.95666956230742
federico-munoz,21.322002455245634,66,74,110,Colombia,America,America,1963,78,59,137,82,,105,164,70,86,42.7408633647899
harald-morscher,22.575033378631847,87,87,52,Austria,Europe,Western Europe,1972,91,89,61,94,,61,94,95,43,36.23609110600278
luis-ricardo-mesa-saavedra,21.09100751370488,69,77,12,Colombia,America,America,1973,79,77,,,,,,77,,39.761695439737274
daniel-paradis,21.202500127546216,79,85,35,Switzerland,Europe,Western Europe,1970,91,104,49,54,,,51,104,,37.98555674211454
inaki-ayarzaguena-urkidi,21.36579663841228,56,61,73,Spain,Europe,Southern Europe,1969,63,59,100,93,,,100,60,,30.909027167256166
maurizio-frizzo,21.041639465102957,116,116,42,Italy,Europe,Southern Europe,1969,120,116,,,,,,116,,35.776771122005634
simon-vitzthum,19.39,74,80,8,Switzerland,Europe,Western Europe,1995,88,,,80,,,80,,,38.854122781795716
robin-froidevaux,21.2,88,86,8,Switzerland,Europe,Western Europe,1998,91,,,86,,,86,,,30.099537253206115
markus-hoelgaard,20.94,77,78,31,Norway,Europe,Northern Europe,1994,83,23,96,67,,101,64,23,,41.80788113180556
yannis-voisard,21.372795090644946,53,50,39,Switzerland,Europe,Western Europe,1998,51,,53,47,44,56,46,,,22.07211221545917
matthias-reutimann,20.75,98,93,14,Switzerland,Europe,Western Europe,1994,98,,98,89,,,93,,,34.39021391597925
lewis-askey,21.45,67,70,28,Great Britain,Europe,Northern Europe,2001,73,55,63,87,68,58,77,55,,37.58790402643554
raymond-delisle,19.506805110437096,8,20,24,France,Europe,Western Europe,1943,33,50,8,31,,4,11,49,,21.080934445641855
graeme-gilmore,21.74452359842553,2,2,1,Australia,Oceania,Oceania,1945,2,,2,,,2,,,,
roy-schuiten,24.52,7,14,22,Netherlands,Europe,Western Europe,1950,22,,16,3,,12,17,,,15.78871590040019
ghislain-van-landeghem,22.41054350297704,24,25,6,Belgium,Europe,Western Europe,1948,26,,25,,,16,33,,,11.587349423689037
michel-perin,20.48431609673859,22,24,12,France,Europe,Western Europe,1947,31,,26,14,,24,25,18,,14.770978917519928
jose-maria-caroz,23.700149490618767,44,46,27,Spain,Europe,Southern Europe,1960,48,,46,45,,,46,45,,24.59871675711695
peter-stevenhaagen,21.460073883024908,53,59,142,Netherlands,Europe,Western Europe,1965,66,21,44,63,9,35,38,64,,43.28441469384878
philippe-bouvatier,21.72891567846941,66,74,85,France,Europe,Western Europe,1964,84,29,29,86,,30,28,86,29,48.74525905267142
silvano-contini,23.312011183570952,50,53,84,Italy,Europe,Southern Europe,1958,70,9,30,72,,29,30,73,7,43.73021887042798
gilles-sanders,21.5152885965362,48,60,71,France,Europe,Western Europe,1964,63,,36,62,,,36,62,,41.863993643496265
adrian-timmis,23.22167350462888,70,77,28,Great Britain,Europe,Northern Europe,1964,81,,45,82,,,45,82,,39.80273780166304
kvetoslav-palov,20.249140423162544,93,90,24,Czech Republic,Europe,Eastern Europe,1962,91,,,90,,,,90,,38.18146507616384
marco-antonio-leon,20.480014704001615,129,121,70,Colombia,America,America,1962,126,,74,122,,,74,122,,50.10972639207908
jeff-pierce,23.62297691000683,76,80,92,United States,America,America,1958,82,26,98,80,,140,52,80,,41.7923263621635
argemiro-bohorquez,20.9768137743224,140,133,41,Colombia,America,America,1960,139,47,,135,,,,133,,52.83160085384966
stefano-allocchio,20.833750351869536,31,62,60,Italy,Europe,Southern Europe,1962,84,,19,80,,35,4,93,,63.57898242068457
peter-hilse,20.93752349436701,75,73,45,Germany,Europe,Western Europe,1962,99,38,13,98,,12,18,99,,57.09254404787532
maurizio-piovani,20.97121565670784,144,129,30,Italy,Europe,Southern Europe,1959,136,39,92,139,,94,74,143,39,38.852447074517215
christobal-perez,21.321078801856924,127,131,31,Colombia,America,America,1952,135,,,131,,,,131,,33.61921493585515
patrice-esnault,21.972541219172307,95,93,103,France,Europe,Western Europe,1961,104,,24,104,,13,29,106,,54.27522911011306
bartosz-huzarski,20.6,85,86,195,Poland,Europe,Eastern Europe,1980,87,73,90,86,,84,90,84,57,44.90079528098497
sondre-holst-enger,23.6,118,98,38,Norway,Europe,Northern Europe,1993,98,,43,100,,43,100,99,,57.71148257048714
ricardo-garcia-ambroa,20.31,111,113,35,Spain,Europe,Southern Europe,1988,115,44,103,136,,103,123,44,,38.808125286276
mathieu-perget,20.66,90,94,216,France,Europe,Western Europe,1984,96,53,102,83,,103,97,76,,42.506178048200105
maarten-neyens,20.5,117,109,40,Belgium,Europe,Western Europe,1985,112,,102,119,,97,113,,,35.72364547682453
elias-schmaeh,19.934033580476488,76,77,9,Switzerland,Europe,Western Europe,1986,78,,,77,,,77,,,31.666228067138025
darren-lill,19.456524780220782,89,87,9,South Africa,Africa,Africa,1982,87,,,87,,,87,,,41.05010488550682
blaise-sonnery,19.59,89,88,61,France,Europe,Western Europe,1985,88,68,85,95,,,88,,68,32.34352833468563
sebastien-portal,18.51640156071546,117,111,30,France,Europe,Western Europe,1982,112,,120,97,,,111,,,51.10670604039015
andreas-dietziker,20.91,94,88,55,Switzerland,Europe,Western Europe,1982,89,,100,71,,,88,,,44.78701561476013
herve-duclos-lassalle,20.81,102,97,88,France,Europe,Western Europe,1979,98,100,95,98,68,109,82,105,,45.94160432940338
rene-weissinger,21.86,110,95,18,Germany,Europe,Western Europe,1978,94,,,95,,,95,,,40.90899352995606
leonardo-scarselli,20.68,116,113,162,Italy,Europe,Southern Europe,1975,115,,114,107,,100,114,,,30.099329464798785
raul-alarcon,20.16,124,122,25,Spain,Europe,Southern Europe,1986,123,,124,118,,133,117,,,28.276904592499754
hector-gonzalez-baeza,21.633202504162142,128,112,30,Spain,Europe,Southern Europe,1986,113,,115,107,,,112,,,50.323562269976776
andoni-lafuente,19.82,146,153,15,Spain,Europe,Southern Europe,1985,156,,176,137,,173,143,,,24.029743474048395
maxime-chevalier,18.94,85,84,33,France,Europe,Western Europe,1999,86,,46,86,,,82,85,,32.938331957177375
jeremy-cabot,20.62,125,112,47,France,Europe,Western Europe,1991,116,,99,121,,106,98,135,,43.8078598500754
iban-herrero-atienzar,22.002051533703543,108,95,20,Spain,Europe,Southern Europe,1974,95,95,,,,,,95,,49.07767742113141
angelo-lopeboselli,21.750033027066607,68,78,58,Italy,Europe,Southern Europe,1977,81,82,78,66,,83,71,89,8,44.430196344911955
thomas-bruun-eriksen,20.000492572816828,134,112,47,Denmark,Europe,Northern Europe,1979,114,112,114,,,111,120,112,,48.314131671271255
domingo-jose-sanchez-segado,21.927547147358432,80,82,18,Spain,Europe,Southern Europe,1970,83,80,,121,,,,82,,26.7703865263698
thorsten-rund,21.701504253643133,110,107,38,Germany,Europe,Western Europe,1976,110,121,88,96,,,94,120,,31.23143545300459
denis-lunghi,21.61,60,66,102,Italy,Europe,Southern Europe,1976,68,82,60,74,,57,63,85,21,40.966176605875084
paulo-barroso,20.997422925448117,118,113,40,Portugal,Europe,Southern Europe,1972,113,113,116,,,116,,113,,24.30404366482126
goncalo-amorim,21.39,63,72,27,Portugal,Europe,Southern Europe,1972,76,76,,42,,,42,79,40,39.675930829401935
gustavo-miguel-otero,18.86797365495789,85,90,78,Spain,Europe,Southern Europe,1973,91,106,85,82,,94,83,106,,36.13248460259055
ronald-mutsaars,21.63,110,109,48,Netherlands,Europe,Western Europe,1979,111,114,101,,,101,101,114,,25.97130850088664
gomez-perez,21.033295484689596,132,118,10,Spain,Europe,Southern Europe,1978,123,146,62,38,,,62,132,,53.84143385906434
jose-luis-martinez,21.33593474604047,108,101,22,Spain,Europe,Southern Europe,1979,102,100,,113,,,,101,,43.086166560947945
cristian-pepoli,20.206239306106863,109,108,55,Italy,Europe,Southern Europe,1978,112,107,115,84,,130,102,107,,43.11048369844398
joaquin-lopez-torella,21.81408297515021,88,91,102,Spain,Europe,Southern Europe,1976,95,108,85,72,,109,77,105,,43.13986499577865
seweryn-zenon-kohut,17.55512631705914,82,74,27,Poland,Europe,Eastern Europe,1976,79,,94,41,,,74,,,39.12617474092694
piotr-przydzial,23.12,60,70,17,Poland,Europe,Eastern Europe,1974,77,70,128,41,,,70,,70,44.26549246907134
radoslaw-romanik,22.23,50,55,31,Poland,Europe,Eastern Europe,1967,56,,57,51,,,55,,,24.030536129405576
lilian-jegou,22.41,81,81,140,France,Europe,Western Europe,1976,83,,72,96,59,53,77,111,,48.332968540046394
malte-urban,22.564182259138384,105,96,37,Germany,Europe,Western Europe,1974,104,,112,76,,25,98,,,42.916988103405714
yohann-charpenteau,19.87,73,88,18,France,Europe,Western Europe,1979,96,,127,58,,127,58,,,44.20969047647974
steffen-weigold,20.825427307021673,76,84,38,Germany,Europe,Western Europe,1979,87,48,88,83,,107,81,,48,33.866117879911265
bert-roesems,21.08,87,90,77,Belgium,Europe,Western Europe,1972,97,119,82,80,32,57,89,118,,44.44688551813811
corey-sweet,19.880295373737532,88,97,13,Australia,Oceania,Oceania,1976,101,,105,94,,169,91,,,27.270722537041582
flavio-chesini,21.054697277128696,5,15,7,Italy,Europe,Southern Europe,1962,33,,15,,,22,5,,,18.127852813255288
rudy-verdonck,23.756513966945878,73,79,77,Belgium,Europe,Western Europe,1965,86,88,47,91,110,53,49,91,88,52.41950832506631
stephane-hennebert,19.481991605469194,54,52,8,Belgium,Europe,Western Europe,1969,53,,50,71,43,39,76,71,,22.500793636796775
casper-van-der-meer,22.378206381772504,50,50,2,Netherlands,Europe,Western Europe,1965,50,48,51,,,51,,,48,2.1213203435596424
olivier-trastour,23.406276162591823,127,126,9,France,Europe,Western Europe,1971,130,,,126,,,100,147,,41.20072814890533
loic-lamouller,22.261366501954356,84,88,38,France,Europe,Western Europe,1978,92,,76,93,,76,80,122,,34.527454184472994
jonathan-dibben,21.38,132,129,30,Great Britain,Europe,Northern Europe,1994,131,132,58,130,,58,130,,132,35.42581693831669
dylan-sunderland,20.68,105,104,56,Australia,Oceania,Oceania,1996,105,102,110,104,,,104,103,105,29.19711336025239
rodrigo-contreras,20.99,92,89,55,Colombia,America,America,1994,91,112,69,83,,74,75,138,110,37.95001142296755
marco-mathis,20.52,111,106,21,Germany,Europe,Western Europe,1994,107,106,,,,,,,106,38.20676828596135
etienne-van-empel,18.5,116,112,29,Netherlands,Europe,Western Europe,1994,114,105,130,,,130,,,105,47.44961029599062
humberto-contreras,22.636715862388215,44,49,8,Colombia,America,America,1972,51,,,49,,,49,,,22.977862016670368
christophe-bassons,21.39,64,66,57,France,Europe,Western Europe,1974,71,106,48,71,26,46,54,90,,34.44630051322811
francisque-teyssier,21.600076052893222,65,75,60,France,Europe,Western Europe,1969,80,49,79,105,,67,95,65,,45.11167561547852
jamie-burrow,21.843308904086296,85,82,11,Great Britain,Europe,Northern Europe,1977,83,,88,76,,,82,,,24.752226713423727
laurent-estadieu,22.65,83,83,15,France,Europe,Western Europe,1975,83,,,83,,,83,,,14.153242939845473
frederic-mainguenaud,22.2,109,109,39,France,Europe,Western Europe,1974,110,,113,104,,90,114,,,34.027455771608885
henry-cardenas,19.514519236524123,79,82,47,Colombia,America,America,1965,99,,55,95,,,48,104,,52.232597277144606
jure-pavlic,21.338716730536586,121,111,50,Slovenia,Europe,Southern Europe,1963,119,,41,123,,7,46,123,,47.20368802609925
marc-van-orsouw,18.34429137413619,62,70,103,Netherlands,Europe,Western Europe,1964,76,46,55,77,71,73,49,77,46,40.54837085298427
didier-virvaleix,19.02626311702176,82,90,28,France,Europe,Western Europe,1966,95,50,72,94,57,57,72,94,50,47.328680187112425
olaf-lurvik,22.722108539590067,76,81,30,Norway,Europe,Northern Europe,1963,83,71,71,83,,75,59,83,71,31.75953110629869
benjamin-van-itterbeeck,22.005977328038497,76,87,26,Belgium,Europe,Western Europe,1964,103,77,49,118,,40,57,118,77,52.61554318464635
mauro-ribeiro,20.79659932631178,68,71,48,Brazil,America,America,1964,85,64,52,89,,52,53,89,64,47.252753306399626
arsenio-chaparro,21.10340628289703,148,137,34,Colombia,America,America,1960,142,,113,138,,,68,142,,40.64108587331996
javier-duch,21.310914682486256,112,117,25,Spain,Europe,Southern Europe,1964,120,,78,121,,,78,121,,39.23017546056437
thomas-barth,21.082860427517097,109,97,26,Germany,Europe,Western Europe,1960,100,,56,101,111,73,62,101,,55.572101467719044
camillo-passera,19.443511078086367,88,84,54,Italy,Europe,Southern Europe,1965,103,,25,99,,15,27,103,,55.35494071819376
stefano-zanatta,22.364286611698756,105,94,98,Italy,Europe,Southern Europe,1964,107,,46,111,,44,50,112,,62.347215316579785
jose-luis-villanueva,20.705850576985874,115,99,25,Spain,Europe,Southern Europe,1965,126,,33,143,,39,45,143,,66.84028226551212
henri-abadie,21.04029516171153,94,88,59,France,Europe,Western Europe,1963,99,56,57,98,,98,33,102,56,50.91151604886581
werner-stutz,22.36630382720973,105,93,29,Switzerland,Europe,Western Europe,1962,112,,47,95,,,10,115,,56.001033593557885
enrique-guerrikagoitia,20.673105924330955,104,102,23,Spain,Europe,Southern Europe,1967,102,,152,99,,,152,99,,47.88284451052352
jose-manuel-oliveira,20.77153907425626,114,124,26,Spain,Europe,Southern Europe,1967,125,,98,128,,140,84,128,,34.88071982320054
atle-pedersen,23.39,48,60,26,Norway,Europe,Northern Europe,1964,77,42,47,68,,45,31,77,50,51.319646860107625
laurence-roche,20.84349546082053,162,155,23,Ireland,Europe,Northern Europe,1967,159,,61,159,,61,,159,,36.67709757009145
frank-van-den-abeele,20.689064654138004,66,69,49,Belgium,Europe,Western Europe,1966,82,38,60,76,45,46,49,84,25,46.0453876201345
nathan-dahlberg,19.661993534365234,87,92,48,New Zealand,Oceania,Oceania,1964,97,,62,97,,85,49,99,,50.588833285533376
joshua-edmondson,18.92,116,105,32,Great Britain,Europe,Northern Europe,1992,106,,112,87,,121,97,,,39.557519879692386
adrian-saez-de-arregi,20.68,134,129,45,Spain,Europe,Southern Europe,1986,132,52,145,84,,132,132,52,,41.5558161824053
morgan-lamoisson,21.78,162,152,5,France,Europe,Western Europe,1988,154,,152,,,,152,,,20.692993983471798
primoz-cerin,21.93066450827914,75,85,48,Yugoslavia,Europe,Southern Europe,1962,92,,103,84,,127,62,85,,52.58467926029218
vincent-lavenu,17.509243403046323,70,74,22,France,Europe,Western Europe,1956,76,,52,75,,,52,75,,36.46088457369217
frank-pineau,20.60781728101875,60,71,43,France,Europe,Western Europe,1963,72,,59,71,,,59,71,,38.420186646751304
bernard-richard,19.945763019735868,77,77,46,France,Europe,Western Europe,1957,87,,33,83,,22,30,88,,39.060395450553536
juan-carlos-jusdado-ibanez,20.553985276297055,130,132,22,Spain,Europe,Southern Europe,1966,134,,174,130,,,174,130,,27.892030545755677
laurent-bezault,21.279418858324252,46,54,43,France,Europe,Western Europe,1966,74,40,23,66,,31,20,76,40,43.880841368445274
michael-wilson,21.287283363472937,54,58,88,Australia,Oceania,Oceania,1960,70,40,44,69,,35,39,75,38,44.90959221986135
johannes-draaijer,22.54998957654513,99,91,26,Netherlands,Europe,Western Europe,1963,98,,58,96,,67,44,101,,41.46828259692535
ennio-vanotti,20.685940281184607,92,96,105,Italy,Europe,Southern Europe,1955,106,41,53,107,,26,60,108,41,47.33042218773107
roy-knickman,21.692297458494178,134,124,37,United States,America,America,1965,133,63,34,131,,,23,133,,52.322530014776106
walter-magnago,19.404467464257444,139,124,63,Italy,Europe,Southern Europe,1960,137,16,41,139,,44,29,142,16,54.825198178855146
helmut-wechselberger,21.91,57,60,36,Austria,Europe,Western Europe,1953,74,30,74,59,,60,44,69,30,45.95998950087603
rene-beuker,22.090809354188565,89,88,46,Netherlands,Europe,Western Europe,1965,105,,20,109,,97,12,109,,62.65590410201244
matteo-priamo,21.74,97,100,36,Italy,Europe,Southern Europe,1982,102,,100,,,98,105,,,49.11043596461877
tom-stubbe,21.07,115,96,15,Belgium,Europe,Western Europe,1981,98,,96,,,64,146,,,58.84944471154458
christian-murro,22.957169145252095,89,86,9,Italy,Europe,Southern Europe,1978,92,,86,,,82,111,,,34.76348659153739
francesco-ginanni,21.654050123672455,88,77,31,Italy,Europe,Southern Europe,1985,82,,77,,,78,53,,,50.770684115849754
riccardo-chiarini,20.68,109,107,57,Italy,Europe,Southern Europe,1984,113,41,112,36,,100,115,,41,44.75651196651189
carlo-scognamiglio,20.91,110,102,65,Italy,Europe,Southern Europe,1983,106,58,104,102,,96,107,,58,45.80066551414358
enrico-poitschke,22.78,120,118,86,Germany,Europe,Western Europe,1969,121,128,135,107,,133,108,119,,40.871872801721594
claudio-cucinotta,22.66,157,128,6,Italy,Europe,Southern Europe,1982,128,,128,,,128,,,,56.89288180431714
felice-gimondi,23.81,5,7,27,Italy,Europe,Southern Europe,1942,10,6,9,5,,0,9,6,8,8.947775034201412
bernard-vifian,22.575852941241486,8,20,6,Switzerland,Europe,Western Europe,1944,41,56,,13,,,6,50,,23.586012804202408
sigfrido-fontanelli,22.470595341271117,39,30,13,Italy,Europe,Southern Europe,1947,38,39,,2,,,2,39,,18.96859753138572
jordi-riera,21.251040241103123,95,87,47,Spain,Europe,Southern Europe,1978,91,,92,59,,103,85,,,36.36810722242389
mario-de-sarraga,17.713102903093475,72,80,34,Spain,Europe,Southern Europe,1980,81,71,78,105,,,78,81,,51.003232919795835
jaume-rovira-pous,20.300831545945307,79,68,7,Spain,Europe,Southern Europe,1979,68,,68,,,,68,,,31.08283862749439
eladio-sanchez,22.821631397643603,102,116,10,Spain,Europe,Southern Europe,1984,116,,116,,,,116,,,39.73649316294644
ivan-santos,23.855800012214807,154,150,11,Spain,Europe,Southern Europe,1982,151,,150,,,,150,,,23.693881066638276
nick-ingels,20.9,133,105,11,Belgium,Europe,Western Europe,1984,104,,105,106,,,105,,,61.92869800313613
bas-giling,21.04,96,90,51,Netherlands,Europe,Western Europe,1982,92,98,82,93,,82,92,92,,36.33916484952268
luis-fernandez-oliveira,20.95232709636923,114,109,34,Spain,Europe,Southern Europe,1980,109,105,118,99,,,118,104,,23.062130296927087
sergio-dominguez-rodriguez,20.93445889518069,142,136,7,Spain,Europe,Southern Europe,1979,137,,136,,,,136,,,35.234587985049444
kevin-van-impe,21.22,108,102,147,Belgium,Europe,Western Europe,1981,107,122,93,105,58,85,101,123,,46.599376716359444
aaron-kemps,22.28,78,75,61,Australia,Oceania,Oceania,1983,75,94,70,61,,70,70,85,,50.218663937327854
ruben-oarbeaskoa-ispizua,21.862316399900397,98,103,34,Spain,Europe,Southern Europe,1975,104,92,101,124,,,101,103,,38.684207558621424
romero-jesus-buendia,19.458643949970487,166,156,7,Spain,Europe,Southern Europe,1982,157,,156,,,,156,,,20.255510714018406
israel-nunez-1,21.577663031418915,96,92,20,Spain,Europe,Southern Europe,1979,93,,94,57,,,94,57,,51.13786834575106
stefan-rutimann,20.857989818106336,67,62,29,Switzerland,Europe,Western Europe,1978,63,,65,57,,,61,90,,31.793166226709975
martin-cotar,21.59408114391107,94,72,10,Croatia,Europe,Southern Europe,1977,72,,64,84,,,72,,,50.25048369031995
michel-klinger,20.11850023658979,100,98,18,Switzerland,Europe,Western Europe,1977,99,,98,,,,98,,,28.700390560071714
jason-phillips,22.50844731945198,119,118,17,Australia,Oceania,Oceania,1969,123,,115,125,,142,100,,,37.623326619031886
jean-nuttli,19.974436522964325,107,92,13,Switzerland,Europe,Western Europe,1974,95,,91,95,,121,79,,,48.4701864485683
cedric-fragniere,21.625946178783384,62,68,62,Switzerland,Europe,Western Europe,1976,72,,73,56,,73,65,,,38.27600231544887
chris-wherry,20.82011052616933,93,90,7,United States,America,America,1973,90,,90,,,,90,,,19.415261547359616
laurent-chotard,20.250000455452643,108,106,6,France,Europe,Western Europe,1976,106,,106,,,,106,,,12.14358541233464
pierre-ackermann,18.205594059628954,97,88,23,Switzerland,Europe,Western Europe,1972,88,,90,87,,,88,,,31.984309394308173
roland-muller,19.833507738936017,70,68,23,Switzerland,Europe,Western Europe,1973,69,,69,67,,,68,,,27.21085867883492
adri-jos-schipper,23.015257413153588,43,53,92,Netherlands,Europe,Western Europe,1951,73,10,28,87,8,20,33,85,,44.135496698244644
walter-godefroot,24.96,7,9,51,Belgium,Europe,Western Europe,1943,11,19,8,14,,6,9,17,,8.581420879651894
eddy-merckx,22.34,2,4,111,Belgium,Europe,Western Europe,1945,8,5,4,5,6,2,4,10,2,8.348667300847824
patrick-beon,20.53502433508969,12,14,10,France,Europe,Western Europe,1950,14,14,13,,,8,18,14,,7.501851623284599
raymond-poulidor,18.431908866161876,11,16,43,France,Europe,Western Europe,1936,24,27,15,14,,12,15,27,4,15.358398310732026
herman-van-springel,22.572955206999204,10,14,58,Belgium,Europe,Western Europe,1943,19,15,13,23,17,19,11,25,6,14.612487926009718
marcello-osler,21.76542856736067,16,17,5,Italy,Europe,Southern Europe,1945,17,,17,,,13,18,,,4.764451699828638
karel-rottiers,19.086925651420824,14,14,2,Belgium,Europe,Western Europe,1953,16,,14,,,,14,,,6.363961030678928
enrico-paolini,21.154113134477726,2,8,18,Italy,Europe,Southern Europe,1945,20,20,14,1,,,6,29,1,12.31676152156422
willy-de-geest,23.305463698754306,13,14,29,Belgium,Europe,Western Europe,1947,18,,16,6,,12,15,,,10.65051630377353
luc-leman,20.794935103576815,12,14,15,Belgium,Europe,Western Europe,1953,19,,14,,,13,19,,,13.879412640241489
ottavio-crepaldi,19.841895194725186,2,19,6,Italy,Europe,Southern Europe,1945,51,,54,1,,,19,,,31.50502605405472
roberto-poggiali,21.381964630759587,16,19,8,Italy,Europe,Southern Europe,1941,24,21,30,9,,,16,24,14,12.844537471514608
renato-marchetti,19.86279568748646,26,24,3,Italy,Europe,Southern Europe,1947,26,,24,,,,24,,,8.621678104251709
jean-pierre-baert,21.98991122913825,26,30,5,Belgium,Europe,Western Europe,1951,32,,30,,,30,29,,,7.300684899377592
jan-aling,21.71918998512978,28,35,28,Netherlands,Europe,Western Europe,1949,44,36,34,,,14,44,36,,30.103525079668366
walter-muller,19.252741748806198,40,40,1,Switzerland,Europe,Western Europe,1952,40,,40,,,,40,,,
ferdinand-bracke,23.33,12,18,21,Belgium,Europe,Western Europe,1939,27,,20,6,,14,19,,,16.889698184452698
tino-tabak,21.88485194545983,35,35,11,Netherlands,Europe,Western Europe,1946,43,,37,13,,37,36,13,,22.783167630352178
bruce-biddle,21.38,27,23,5,New Zealand,Oceania,Oceania,1949,36,34,45,1,,,16,34,,20.957099035887577
luciano-conati,20.201013146668682,46,46,1,Italy,Europe,Southern Europe,1950,46,,46,,,,46,,,
walter-riccomi,23.11,20,24,7,Italy,Europe,Southern Europe,1950,29,26,29,12,,,23,32,9,16.224613870231096
phil-edwards,23.63,21,27,3,Great Britain,Europe,Northern Europe,1949,31,10,35,,,,35,,10,20.108041509140897
lieven-malfait,22.09214667868515,32,42,13,Belgium,Europe,Western Europe,1952,65,,29,70,,27,46,,,34.18539199191704
leonardo-sierra,19.410029616587476,46,53,55,Venezuela,America,America,1968,68,48,8,54,,,7,67,,40.12852248087782
frank-pirard,21.756962227565815,40,39,4,Netherlands,Europe,Western Europe,1964,42,,39,,,13,47,,,24.03296347380683
stefan-rakers,21.978746776584895,67,63,7,Netherlands,Europe,Western Europe,1966,65,,63,,,,63,,,31.894916746806445
alex-pedersen,19.584828826248373,34,44,8,Denmark,Europe,Northern Europe,1966,66,34,46,,,14,70,34,,37.785106665381875
kurt-van-keirsbulck,22.914904856391296,62,60,3,Belgium,Europe,Western Europe,1965,64,,36,108,,,36,108,,49.03060268852505
pascal-ducrot,22.203816019442417,38,38,2,Switzerland,Europe,Western Europe,1965,49,,38,,,11,66,,,38.890872965260115
jan-van-camp,22.01839247502903,45,49,25,Belgium,Europe,Western Europe,1961,52,,50,,43,34,59,,,25.614123708089906
luigi-belli,21.748742195950644,66,63,4,Italy,Europe,Southern Europe,1964,65,50,76,,,,76,,50,19.510680835549195
oleg-iarochenko,21.31864437722135,61,58,4,Russia,Asia,Asia,1962,62,,58,,,32,67,,,20.768565991260285
danny-lippens,22.228882806864743,102,105,16,Belgium,Europe,Western Europe,1961,109,,68,114,,99,52,114,,55.58761852547143
antonio-zanini,22.499498858783163,91,91,2,Italy,Europe,Southern Europe,1965,91,,91,,,,91,,,7.0710678118654755
john-tomac,23.65258399313047,87,87,2,United States,America,America,1967,87,,87,,,76,98,,,15.556349186104045
john-van-den-akker,21.366421677065233,53,57,41,Netherlands,Europe,Western Europe,1966,67,,39,68,92,44,40,71,,37.83041427082763
danny-neskens,21.413293035173723,24,41,4,Belgium,Europe,Western Europe,1964,45,,49,,15,21,100,,,40.136226363058434
joachim-halupczok,19.905699870299287,12,25,10,Poland,Europe,Eastern Europe,1968,42,15,26,,,,26,15,,31.51031577118833
patrick-hendrikx,20.78019255175984,104,104,2,Belgium,Europe,Western Europe,1964,105,,104,105,,,104,105,,0.7071067811865476
franky-pattyn,20.643606430679096,62,68,5,Belgium,Europe,Western Europe,1963,70,,68,,,,68,,,22.963013739489856
emile-de-haes,21.995371773811346,106,105,10,Belgium,Europe,Western Europe,1955,106,,,105,,,111,102,,20.23775349851526
riccardo-magrini,18.386864154359607,86,77,21,Italy,Europe,Southern Europe,1954,78,,77,77,,77,103,70,,34.148206395065614
nazzareno-berto,20.803503517082554,101,89,13,Italy,Europe,Southern Europe,1957,91,,,89,,,110,80,,37.12677518850021
miguel-gutierrez-mayor,20.560832539039634,62,69,32,Spain,Europe,Southern Europe,1954,78,,48,101,,,57,101,,32.32669362876046
patrick-busolini2,21.3376827608985,50,54,47,France,Europe,Western Europe,1954,61,34,,60,,,70,50,,32.09750408883306
sam-welsford,24.38,121,92,29,Australia,Oceania,Oceania,1996,93,,122,104,40,51,131,104,,61.92568643458132
enrico-zanoncello,22.15,22,54,6,Italy,Europe,Southern Europe,1997,54,,,,54,54,,,,56.94441734416699
luca-colnaghi,21.55,62,75,14,Italy,Europe,Southern Europe,1999,77,,96,,48,75,,,,65.61425736248769
arvid-de-kleijn,23.26,14,48,6,Netherlands,Europe,Western Europe,1994,47,,,,48,48,,,,60.47699287056745
jensen-plowright,24.9,20,51,6,Australia,Oceania,Oceania,2000,51,,,,51,51,,,,53.461824385879936
kim-heiduk,20.68,68,69,18,Germany,Europe,Western Europe,2000,72,,95,73,44,64,75,,,35.79443853541162
joshua-tarling,20.72,76,77,10,Great Britain,Europe,Northern Europe,2004,78,,82,,74,77,,,,36.933724426328844
mika-heming,20.09,95,96,7,Germany,Europe,Western Europe,2000,98,,137,,90,96,,,,41.08064078880766
filippo-magli2,21.583718334722107,110,96,35,Italy,Europe,Southern Europe,1999,97,,101,,72,86,104,,,41.242019854520606
thomas-gloag,18.31,79,80,34,Great Britain,Europe,Northern Europe,2001,83,,86,85,49,49,86,85,,44.81942378771844
asbjorn-hellemose,17.63,58,60,13,Denmark,Europe,Northern Europe,1999,60,,66,,53,54,66,,,19.681437304195402
georg-steinhauser,18.2,69,68,12,Germany,Europe,Western Europe,2001,67,,85,,50,50,85,,,35.145153551831555
arthur-kluckers,19.26,94,93,26,Luxembourg,Europe,Western Europe,2000,95,,91,116,81,89,99,,,37.17006653415953
fran-miholjevic,20.16,98,92,19,Croatia,Europe,Southern Europe,2002,91,,95,94,85,88,100,,,30.98216804618594
elmar-reinders,21.63,103,101,54,Netherlands,Europe,Western Europe,1992,103,,88,111,65,83,103,112,,39.9743453718826
matthew-riccitello,18.59,73,71,34,United States,America,America,2002,72,,73,,58,64,75,,,37.303603358515005
juri-hollmann,20.68,85,83,15,Germany,Europe,Western Europe,1999,84,89,70,,93,85,73,89,,20.356817039999154
sebastian-kolze-changizi,23.130105025617414,126,122,6,Denmark,Europe,Northern Europe,2000,122,,,,122,122,,,,18.019433953373788
maikel-zijlaard,20.44,101,103,6,Netherlands,Europe,Western Europe,1999,103,,,,103,103,,,,18.988593067067047
valentin-paret-peintre,16.79,76,76,43,France,Europe,Western Europe,2001,77,,79,,59,79,75,,,34.378294164116866
maurice-ballerstedt,22.21,126,111,10,Germany,Europe,Western Europe,2001,113,,140,,92,111,,,,40.46685886829699
blake-quick,22.02,96,84,6,Australia,Oceania,Oceania,2000,83,,,,84,84,,,,35.725341146026864
laurence-pithie,21.62,79,81,6,New Zealand,Oceania,Oceania,2002,81,,,,81,81,,,,35.26707624210812
michel-hessmann,21.38,82,78,43,Germany,Europe,Western Europe,2001,78,,77,,85,97,69,,,37.880034450443375
rick-pluimers,20.68,88,90,7,Netherlands,Europe,Western Europe,2000,89,,48,,97,90,,,,24.32028351965064
alex-baudin,19.71,82,81,35,France,Europe,Western Europe,2001,83,,84,28,76,76,84,28,,37.89920289177508
riccardo-lucca,21.86,123,125,15,Italy,Europe,Southern Europe,1997,127,,137,,107,125,,,,25.431139517191465
pedro-merino-criado,19.03,138,114,10,Spain,Europe,Southern Europe,1987,116,,110,123,,110,143,82,,44.71639023395734
enrico-magazzini,20.31,110,111,30,Italy,Europe,Southern Europe,1988,113,82,107,115,,106,117,60,,30.330004869803414
nikita-eskov,21.56,73,77,70,Russia,Asia,Asia,1983,78,59,88,64,110,98,79,57,73,41.57665225126189
jose-luis-roldan,19.92,98,109,28,Spain,Europe,Southern Europe,1985,109,106,129,99,,129,,103,,36.807288069436126
artur-gajek,20.72,132,130,26,Germany,Europe,Western Europe,1985,131,143,135,110,127,134,107,141,,22.898605936741085
joao-da-silva-correia,21.14,144,144,9,Portugal,Europe,Southern Europe,1975,144,,144,144,,148,138,,,11.829811682543578
andrei-kunitski,23.24,93,92,33,Belarus,Europe,Eastern Europe,1984,93,,94,77,,131,80,,,43.41377295073743
sergio-andres-de-lis,20.52,118,110,7,Spain,Europe,Southern Europe,1986,110,,110,,,110,,,,41.75096234990107
johnny-vanderveken,19.417858179174416,29,24,3,Belgium,Europe,Western Europe,1954,25,,24,,,33,6,,,16.09347693943108
ronny-van-de-vijver,22.299022453018402,16,21,16,Belgium,Europe,Western Europe,1945,25,,21,,,15,24,,,11.392980294900891
willy-planckaert,19.398645421750555,10,15,14,Belgium,Europe,Western Europe,1944,19,,13,,33,11,21,,,14.073589949473947
herman-van-der-slagmolen,20.47086347711846,26,31,12,Belgium,Europe,Western Europe,1948,36,,31,,,36,27,,,18.31210892642716
guido-van-sweevelt,18.24923616721583,22,18,14,Belgium,Europe,Western Europe,1949,19,,18,,,18,18,,,9.245432492751325
dirk-ongenae,18.80882226231893,24,24,4,Belgium,Europe,Western Europe,1953,24,,24,,,24,24,,,2.6299556396765835
ronny-bossant,21.64903027158113,30,32,12,Belgium,Europe,Western Europe,1954,33,32,27,,,,27,34,21,11.855186820352285
frank-van-impe,22.458611572489332,28,28,1,Belgium,Europe,Western Europe,1955,28,,28,,,,28,,,
hugo-van-gastel,20.91090130407806,29,29,1,Belgium,Europe,Western Europe,1953,29,,29,,,,29,,,
alan-mccormack,21.72,48,48,2,Ireland,Europe,Northern Europe,1956,53,65,31,,,,31,65,,24.041630560342615
eric-jacques,19.94833982821498,19,20,6,Belgium,Europe,Western Europe,1953,20,,20,,,24,19,,,7.67897562612792
alex-turrin,21.459569202395784,97,100,22,Italy,Europe,Southern Europe,1992,101,,100,,,,100,,,45.27769057791336
zakkari-dempster,21.33,122,109,107,Australia,Oceania,Oceania,1987,110,106,100,122,106,100,100,119,50,45.22999084617398
giovanni-paolo-bottoia,19.98589032429477,158,133,14,Italy,Europe,Southern Europe,1962,140,,18,142,,18,,142,,58.71106378689635
lech-piasecki,20.11528912685054,14,66,11,Poland,Europe,Eastern Europe,1961,104,33,5,113,,,5,101,,84.11809879838313
bruno-wojtinek,23.82771339911537,9,11,26,France,Europe,Western Europe,1963,14,,8,15,,5,14,15,,10.619865275112414
roberto-amadio,21.446657938484993,120,102,29,Italy,Europe,Southern Europe,1963,104,,44,107,,17,72,107,,73.92933651825611
jacques-van-der-poel,22.658748480708905,28,41,18,Netherlands,Europe,Western Europe,1963,58,,38,86,11,31,42,86,,36.63193542266717
milan-jurco,22.947654152261425,153,120,39,Slovakia,Europe,Eastern Europe,1957,121,,,120,,,,120,,64.2705881568256
frank-van-de-vijver,20.58882310653827,55,73,18,Belgium,Europe,Western Europe,1962,87,,42,87,19,36,26,93,,57.328003628244375
john-bogers,24.265059077801123,82,98,23,Netherlands,Europe,Western Europe,1964,105,,53,111,,43,55,111,,58.53663425075886
steve-swart,23.36,121,112,62,New Zealand,Oceania,Oceania,1965,120,4,,115,,,4,113,,53.378072907999986
paul-kimmage,22.82940542441061,142,136,58,Ireland,Europe,Northern Europe,1962,141,43,40,143,,,40,141,,43.54900376561578
bernard-chesneau,22.614732262469474,39,63,5,France,Europe,Western Europe,1960,89,,24,121,,,24,121,,63.251877442491775
pedro-saul,21.70369066728321,104,94,22,Colombia,America,America,1965,132,,24,134,,,24,134,,70.52634520493295
jeff-bradley,16.627406462229967,146,123,11,United States,America,America,1961,124,,95,126,,95,,126,,59.41778123821797
dario-montani,19.979041261484415,152,144,19,Italy,Europe,Southern Europe,1961,144,,76,148,,76,,148,,31.995248185203202
shane-sutton,22.070773470752243,182,162,14,Australia,Oceania,Oceania,1957,178,54,23,183,,23,,173,,55.665010613431186
paul-watson,21.49721350390799,166,123,8,Great Britain,Europe,Northern Europe,1962,166,,17,186,,14,18,186,,89.77740329758454
ronny-assez,21.06192915539731,32,42,6,Belgium,Europe,Western Europe,1970,44,,47,,37,35,79,,,23.16894473211933
michel-zanoli,21.059270092505866,6,19,14,Netherlands,Europe,Western Europe,1968,32,,23,1,16,9,29,,,33.86625277356615
danny-daelman,21.39981332389962,62,60,10,Belgium,Europe,Western Europe,1969,61,,61,,56,51,80,,,24.300205760445735
peter-van-den-abeele,22.41,46,49,3,Belgium,Europe,Western Europe,1966,49,,50,,46,41,65,,,14.730919862656235
rob-mulders,19.875089751680125,95,96,59,Netherlands,Europe,Western Europe,1967,109,28,51,119,38,40,56,111,22,48.02722416157607
eric-de-clercq,20.249730849009747,60,55,14,Belgium,Europe,Western Europe,1967,56,,56,,53,51,60,,,18.662414481671824
olivier-vanconingsloo,21.377089408701856,66,50,3,Belgium,Europe,Western Europe,1970,50,,42,,66,40,71,,,31.56474826976026
patrick-de-wael,18.870392203452806,69,67,7,Belgium,Europe,Western Europe,1966,76,,66,,70,67,,,,27.530070139844575
jean-pierre-bourgeot,22.391041992070182,110,107,68,France,Europe,Western Europe,1968,108,166,,106,72,72,126,107,,39.94430659680501
bjorn-stenersen,22.09,66,67,11,Norway,Europe,Northern Europe,1970,75,76,48,139,50,55,42,118,,41.29736949580115
wim-omloop,20.046217219790474,55,55,9,Belgium,Europe,Western Europe,1971,71,,60,3,66,65,22,,,39.25168078496059
michel-cornelisse,20.844794346765347,51,46,8,Netherlands,Europe,Western Europe,1965,50,,37,,60,41,59,,,31.75323380606859
dmitry-nelyubin,18.75030988669445,62,68,10,Russia,Asia,Asia,1971,79,,58,109,59,51,70,109,,37.87772725787837
hans-de-meester,22.06695972278788,37,52,10,Belgium,Europe,Western Europe,1970,60,,52,,51,49,78,,,35.505242179461646
luca-belluomini,21.152948736327204,39,45,9,Italy,Europe,Southern Europe,1976,49,,,45,,,45,,,36.15591237958185
timothy-jones,19.6122275383233,102,94,46,Zimbabwe,Africa,Africa,1975,96,,106,84,,97,93,,,40.008604147071935
fabio-balzi,19.64966030033364,76,88,9,Italy,Europe,Southern Europe,1971,90,,,88,,,88,,,31.893485924941544
davide-dall-olio,20.64049791284073,85,82,17,Italy,Europe,Southern Europe,1969,86,,130,75,,,82,,,27.47445337464049
simone-cheli,22.716884355696628,85,88,9,Italy,Europe,Southern Europe,1971,90,,,88,,,88,,,21.27465889529398
manuel-scopsi,19.69379242170673,85,80,24,Italy,Europe,Southern Europe,1973,93,,59,110,,,80,,,50.014327657327286
jean-luc-masdupuy,20.166776278698983,119,111,23,France,Europe,Western Europe,1969,121,,,111,,,129,108,,57.38187729498951
omar-pumar,19.59,106,101,36,Venezuela,America,America,1970,103,,96,103,,,94,106,,28.125004409170728
dario-bottaro,20.57518629152887,116,101,98,Italy,Europe,Southern Europe,1966,110,,91,105,80,67,86,112,,47.63519412067479
arno-kuttel,19.986328170432973,18,28,8,Switzerland,Europe,Western Europe,1963,39,,32,0,,15,40,,,24.02639917138765
miroslav-uryga,20.51428412999896,22,22,2,Poland,Europe,Eastern Europe,1962,22,,22,,,22,,,,7.7781745930520225
andrzej-mierzejewski,20.290493592232128,18,18,1,Poland,Europe,Eastern Europe,1960,18,,18,,,18,,,,
claude-seguy,21.286795129698096,16,30,6,France,Europe,Western Europe,1961,57,,30,,,16,57,,,33.734255586866
marek-kulas,20.399018234098403,73,58,10,Poland,Europe,Eastern Europe,1963,75,56,46,92,105,49,58,68,,36.39429137164844
noel-szostek,20.75639642245593,40,48,12,Belgium,Europe,Western Europe,1966,55,,44,30,106,50,50,30,,27.737268441684385
daniel-beelen,21.128730764533664,38,58,6,Belgium,Europe,Western Europe,1966,75,,58,,,,58,,,50.23445033042563
david-rayner,21.568892184030826,66,59,5,Great Britain,Europe,Northern Europe,1967,68,82,83,22,,,56,43,82,37.95787138394354
ioannis-tamouridis,21.6,115,100,28,Greece,Europe,Southern Europe,1980,102,124,99,,,67,110,124,,54.21986398722936
iwan-schmid,21.89,2,2,2,Switzerland,Europe,Western Europe,1947,3,,,2,,,2,,,2.8284271247461903
christian-scaroni,20.57,76,80,32,Italy,Europe,Southern Europe,1997,80,67,73,,117,117,73,67,,42.56110408160438
felix-gall,20.37,42,52,90,Austria,Europe,Western Europe,1998,53,96,60,40,,55,57,39,,40.60745981662791
abel-balderstone-roumens,18.83,64,72,17,Spain,Europe,Southern Europe,2000,75,,81,36,47,71,80,36,,38.60613712260541
rainer-kepplinger,21.85,58,61,18,Austria,Europe,Western Europe,1997,62,,61,,,75,52,,,29.4474717891238
jon-agirre,18.38,70,76,20,Spain,Europe,Southern Europe,1997,79,,86,61,29,29,86,61,,36.946440609133255
romain-gregoire1,20.66,30,44,15,France,Europe,Western Europe,2003,45,,56,34,,7,45,72,,37.47164006984228
alan-jousseaume,21.148139193888614,79,83,23,France,Europe,Western Europe,1998,87,43,89,44,,103,83,44,43,33.74872271042239
martin-svrcek,21.55,98,98,5,Slovakia,Europe,Eastern Europe,2003,98,,98,,,,98,,,24.566236993076494
matthew-dinham,20.57,66,73,45,Australia,Oceania,Oceania,2000,74,,77,70,,82,63,77,,36.67238247460392
michael-vink,20.22,99,102,7,New Zealand,Oceania,Oceania,1991,103,,102,,99,99,102,,,20.4590182699813
luis-joe-luhrs,20.6,87,85,10,Germany,Europe,Western Europe,2003,87,,85,,,,85,,,36.449203618795906
florian-lipowitz,20.76,119,100,6,Germany,Europe,Western Europe,2000,105,,100,,,,100,,,45.8475735453906
txomin-juaristi,20.38,91,86,23,Spain,Europe,Southern Europe,1995,90,,96,91,21,80,90,91,,47.06563409796449
brandon-smith-rivera-vargas,20.76,94,94,24,Colombia,America,America,1996,96,46,109,34,76,74,113,34,46,37.09503560675831
jokin-murguialday-elorza,19.05,115,108,12,Spain,Europe,Southern Europe,2000,111,,114,77,,,114,77,,30.103231478606173
carlos-garcia-pierna,19.84,96,107,11,Spain,Europe,Southern Europe,1999,109,,107,,,,107,,,31.210429492253212
ole-ritter,23.36,8,10,13,Denmark,Europe,Northern Europe,1941,15,8,7,39,,2,9,20,5,10.456258094238748
eric-leman,20.35038850255365,4,7,38,Belgium,Europe,Western Europe,1946,10,16,7,,11,5,10,16,,7.836704680925874
guido-reybroeck,23.63379525975516,2,5,10,Belgium,Europe,Western Europe,1941,8,,5,,,3,22,,,6.556591255285698
marino-basso,20.77017150026361,2,11,15,Italy,Europe,Southern Europe,1945,19,26,8,6,,7,8,21,10,14.837211905976714
leif-mortensen,21.6,7,16,19,Denmark,Europe,Northern Europe,1946,22,14,18,4,,16,20,7,22,16.121069719124996
cipriano-chemello,21.72473477925502,5,5,3,Italy,Europe,Southern Europe,1945,5,,5,,,5,,,,4.509249752822894
giuseppe-beghetto,23.38312596889778,7,7,3,Italy,Europe,Southern Europe,1939,7,,7,,,7,,,,2.516611478423583
michele-dancelli,21.835002964408773,8,10,9,Italy,Europe,Southern Europe,1942,13,7,10,11,,5,17,9,8,6.105553028004733
cyril-guimard,22.629176084361728,5,8,29,France,Europe,Western Europe,1947,11,18,7,8,,5,10,12,,8.193773918926661
efrain-rico,21.142850015648442,93,98,26,Colombia,America,America,1967,106,90,,125,,,20,101,,54.09421979643126
claudio-camin,20.036348469609894,21,54,37,Italy,Europe,Southern Europe,1970,58,56,53,49,,43,59,55,,54.25945621353562
darren-baker,19.459296445495163,66,66,34,United States,America,America,1967,69,72,89,46,,96,43,74,,29.888816549400342
danny-jonasson,21.513172883341397,115,111,73,Denmark,Europe,Northern Europe,1974,115,117,107,138,,112,107,119,70,34.55350118937941
juan-ramirez,21.44667521980177,90,88,35,Colombia,America,America,1971,89,96,79,,,,79,96,,38.405794380754664
remigius-lupeikis,24.15,90,86,28,Lithuania,Europe,Northern Europe,1964,98,101,39,55,,49,35,101,,57.01605640370691
stefano-cembali,20.78440838457576,126,119,22,Italy,Europe,Southern Europe,1967,129,119,,,,,,119,,49.576474661141845
andrea-paluan,20.066041691449097,93,89,51,Italy,Europe,Southern Europe,1966,92,99,64,43,,23,64,99,,34.52974847014911
nicola-ramacciotti,22.28168801836561,127,130,20,Italy,Europe,Southern Europe,1973,132,130,,,,,,130,,24.11682094786913
sebastien-delfosse,20.88,112,107,14,Belgium,Europe,Western Europe,1982,112,,106,,124,80,112,,,31.687693038621322
floris-goesinnen,22.64,81,80,38,Netherlands,Europe,Western Europe,1983,82,,79,,104,80,81,,,27.030000192084135
luca-solari,20.802841849674376,85,88,10,Italy,Europe,Southern Europe,1979,95,12,74,108,,53,85,108,12,63.63926111729736
josef-wehrli,23.50043043941476,61,58,32,Switzerland,Europe,Western Europe,1954,72,10,37,70,,24,35,65,,35.01313117729847
pascal-guyot,21.015046418714356,98,87,29,France,Europe,Western Europe,1959,96,,24,97,,24,24,100,,37.06936647738241
antonio-bevilacqua,21.48185505697864,80,82,30,Italy,Europe,Southern Europe,1957,87,,73,85,,69,65,89,,37.61096990867511
hans-neumayer,19.84492347880593,65,70,4,Germany,Europe,Western Europe,1956,104,,20,121,,,20,121,,64.0436049370531
hubert-graignic,23.688793432727625,115,110,21,France,Europe,Western Europe,1957,110,,,110,,,,110,,17.331776486860086
gerard-kerbrat,20.85469093017237,103,104,16,France,Europe,Western Europe,1956,104,,,104,,,,104,,27.239371015743615
mike-gutmann,20.43540831891673,54,59,36,Switzerland,Europe,Western Europe,1962,83,36,18,72,,,17,88,36,46.77887869608988
alfonso-dal-pian,20.196547404459995,37,60,37,Italy,Europe,Southern Europe,1957,75,,31,95,,,31,95,,40.779252659256116
erwin-lienhard,22.435596216829136,39,61,45,Switzerland,Europe,Western Europe,1957,95,6,24,80,,32,15,93,,52.70668790101452
dany-schoonbaert,17.852934635959198,106,97,21,Belgium,Europe,Western Europe,1960,98,,,97,,,,97,,30.87925794815302
frans-van-vlierberghe,19.93552836404429,116,96,28,Belgium,Europe,Western Europe,1954,112,7,30,119,,30,,114,,44.95846113373129
benedetto-patellaro,20.628652292649136,140,136,7,Italy,Europe,Southern Europe,1960,135,,,136,,,,136,,17.896527995276465
amilcare-sgalbazzi,21.28960992982787,42,66,34,Italy,Europe,Southern Europe,1955,82,,36,108,,,43,121,,47.52885416891118
luigino-moro,18.587895111579275,92,101,30,Italy,Europe,Southern Europe,1956,114,,60,133,,,65,132,,42.48158492183718
giuliano-biatta,20.82814554649407,136,134,21,Italy,Europe,Southern Europe,1957,135,,,134,,,,134,,16.41616508781744
ezio-serpelloni,18.246968055958074,132,125,21,Italy,Europe,Southern Europe,1959,127,,,125,,,,125,,28.718585321306186
luciano-rui,19.988166821845788,125,116,16,Italy,Europe,Southern Europe,1958,116,,,116,,,,116,,30.877648334461398
ludo-frijns,20.89363460301136,124,101,18,Belgium,Europe,Western Europe,1957,113,,19,118,,12,35,118,,56.00233421839215
luc-desmet,21.577580416208086,127,99,22,Belgium,Europe,Western Europe,1957,122,,35,136,,24,47,136,,52.9140444862808
hans-kanel2,20.221471061073455,134,120,18,Switzerland,Europe,Western Europe,1953,130,,1,127,,,32,131,,44.983657163070966
werner-devos,23.425881562201575,63,72,39,Belgium,Europe,Western Europe,1957,98,,30,108,,18,34,108,,56.17284632246803
camilo-andres-suarez,21.15,69,78,7,Colombia,America,America,1988,80,,78,,,78,,,,49.6880746447753
blazej-janiaczyk,21.71,27,59,7,Poland,Europe,Eastern Europe,1983,60,,59,,,59,,,,60.46053415639156
lukasz-bodnar,21.95,124,118,7,Poland,Europe,Eastern Europe,1982,120,,118,,,118,,,,27.568097504180443
francisco-javier-iriarte-garro,20.99,128,124,8,Spain,Europe,Southern Europe,1986,125,108,126,,,126,,108,,32.93283207638585
andre-steensen,18.99,95,96,27,Denmark,Europe,Northern Europe,1987,101,63,92,112,,120,97,58,,54.32900722119838
yevgeniy-nepomnyachshiy,20.48,123,114,16,Kazakhstan,Asia,Asia,1987,116,161,117,105,,117,105,161,,33.248558866012026
pablo-lechuga-rodriguez,21.63,134,124,22,Spain,Europe,Southern Europe,1990,126,157,82,142,,82,,144,,52.96776770437296
eloy-ruiz-pinto,22.05,124,122,7,Spain,Europe,Southern Europe,1989,123,,122,,,122,,,,27.673263699996138
wouter-mol,21.83,114,105,35,Netherlands,Europe,Western Europe,1982,108,117,96,108,,93,103,112,,48.77895606326409
diego-milan,20.68,107,81,7,Dominican Republic,America,America,1985,82,,81,,,81,,,,72.74809766781338
raul-alexander-montana-herrera,21.60268196208761,91,93,24,Colombia,America,America,1971,96,,101,55,,,93,,,43.7664254880382
bjornar-vestol,23.55,102,104,30,Norway,Europe,Northern Europe,1974,108,69,110,74,,,105,,69,39.71652425440291
luis-oran-castaneda,21.752720057886613,108,105,28,Colombia,America,America,1977,108,,109,81,,,105,,,31.213634925958324
david-mckenzie,19.17217750529587,116,106,28,Australia,Oceania,Oceania,1974,113,,108,90,,16,112,,,45.730562991662275
fredy-gonzalez,21.48,71,75,97,Colombia,America,America,1975,76,90,72,84,,,73,88,46,44.901132322568394
ciaran-power,20.09,108,94,23,Ireland,Europe,Northern Europe,1976,99,,94,91,,10,98,,,56.42074436992937
tayeb-braikia,20.00500685726205,78,72,30,Denmark,Europe,Northern Europe,1974,76,,71,77,,12,74,,,54.705943277536655
matthew-stephens,19.32,102,100,23,Great Britain,Europe,Northern Europe,1970,103,,100,,,,100,,,40.68373148944352
jean-michel-tessier,20.45,82,82,41,France,Europe,Western Europe,1977,86,,89,70,,49,83,,,37.961533804372124
denis-bondarenko,21.82871972279139,121,110,29,Russia,Asia,Asia,1978,114,20,115,91,,133,107,,20,42.836468740866025
hernan-dario-munoz,22.0768943419604,63,69,54,Colombia,America,America,1973,70,,68,76,,,68,96,,32.85261328814251
oscar-cavagnis,22.713697362092745,80,78,44,Italy,Europe,Southern Europe,1974,82,,79,57,,67,83,,,48.02534126693424
saulius-ruskys,21.587842846547417,90,75,40,Lithuania,Europe,Northern Europe,1974,80,,77,72,,82,69,,,55.2237349102349
mikhaylo-khalilov,23.188357454565352,78,73,71,Ukraine,Europe,Eastern Europe,1975,75,27,74,81,83,82,74,47,13,55.30356321818484
matteo-gigli,20.829878193458132,147,144,20,Italy,Europe,Southern Europe,1978,146,,146,124,,,144,,,29.481662454017606
domenico-romano,18.729318660525816,122,112,40,Italy,Europe,Southern Europe,1975,117,51,114,114,,,114,,51,43.343470214744116
sasa-gajicic,21.97126059403526,137,121,18,Serbia,Europe,Southern Europe,1977,121,,121,,,53,164,,,61.65580190457935
michele-colleoni,21.315187276687126,108,100,57,Italy,Europe,Southern Europe,1974,102,101,103,95,,164,96,105,,41.21635865225576
faat-zakirov,19.752180314334655,119,95,7,Russia,Asia,Asia,1974,102,13,109,,,,109,,13,72.18824597635586
hector-orlando-mesa-mesa,18.9782471792321,120,111,39,Colombia,America,America,1976,114,,111,113,,,111,,,40.86941450321203
miguel-angel-meza,22.166919995588135,124,100,28,Mexico,America,America,1977,102,,102,70,,104,99,,,59.52122692810065
domenico-gualdi,23.9606359477899,144,137,73,Italy,Europe,Southern Europe,1974,139,,139,118,,144,135,,,31.64582346968683
john-freddy-garcia,23.627219158032066,124,118,40,Colombia,America,America,1974,119,,118,,,,118,,,37.58333475467619
nicola-chesini,17.80352450471556,177,162,9,Italy,Europe,Southern Europe,1974,163,,162,,,148,174,,,38.476544081354874
hidenori-nodera,22.172955285397894,139,141,40,Japan,Asia,Asia,1975,142,,142,132,,128,144,,,22.873663615159842
jimmi-madsen,21.63976320422608,128,120,21,Denmark,Europe,Northern Europe,1969,121,,122,98,,,120,,,30.16667982109684
alessandro-bazzana,19.6,90,86,26,Italy,Europe,Southern Europe,1984,88,,82,88,,69,90,,,45.0398285281611
frederique-robert,21.95,137,115,13,Belgium,Europe,Western Europe,1989,114,,70,128,,70,128,,,59.8311727343634
david-boucher,22.07,87,84,40,Belgium,Europe,Western Europe,1980,91,,73,115,72,71,90,188,,40.72182052249957
martin-mortensen,21.6,96,101,13,Denmark,Europe,Northern Europe,1984,104,68,86,113,,84,111,68,,26.46429621884879
raimond-kunzli,20.48178147730485,123,103,9,Switzerland,Europe,Western Europe,1984,105,,,103,,,103,,,43.38522533971418
biniam-girmay,20.68,70,66,55,Eritrea,Africa,Africa,2000,67,28,47,90,,43,66,83,,57.81575286599042
jonas-abrahamsen,23.29,80,79,23,Norway,Europe,Northern Europe,1995,79,,67,78,100,100,67,78,,40.43371582595484
soren-waerenskjold,24.19,122,94,27,Norway,Europe,Northern Europe,2000,96,,58,104,,66,21,104,,60.85602550656623
stefano-dante,17.880773126055114,124,116,24,Italy,Europe,Southern Europe,1970,127,126,8,,,8,,126,,53.79079173392336
renzo-ragnetti,21.13872941114628,47,47,1,Italy,Europe,Southern Europe,1973,47,,47,,,47,,,,
massimo-gimondi,17.262649704404964,89,84,3,Italy,Europe,Southern Europe,1971,88,,60,96,,60,96,,,21.501937897160182
gerd-audehem,20.73828848677528,70,73,70,Germany,Europe,Western Europe,1968,79,71,18,76,,29,5,77,,41.28981546681511
jacques-jolidon,22.575416452936214,98,94,10,Switzerland,Europe,Western Europe,1969,122,,94,,,163,86,,,59.637888776999624
roger-rosiers,24.62,7,13,25,Belgium,Europe,Western Europe,1946,17,,13,,1,11,13,,,14.994776868407659
daniel-alejandro-mendez-norena,19.49,112,106,8,Colombia,America,America,2000,105,,106,,,85,128,,,32.55297879720731
jeremy-bellicaud,18.29,104,100,17,France,Europe,Western Europe,1998,99,,86,112,,85,106,111,,26.96307387782737
colin-joyce,20.53540745380049,99,98,19,United States,America,America,1994,99,102,107,88,,109,88,102,,41.057369647106974
marti-marquez,19.49,116,116,4,Spain,Europe,Southern Europe,1996,115,,116,,,116,,,,16.600702796367788
frederik-wandahl,19.25,106,101,40,Denmark,Europe,Northern Europe,2001,102,40,103,105,,103,106,47,,38.086103529388275
alexander-evans,18.61,148,135,12,Australia,Oceania,Oceania,1997,136,,145,116,,127,156,116,,33.97180203247
karel-vacek,18.94,99,96,27,Czech Republic,Europe,Eastern Europe,2000,100,,103,,39,97,96,,,48.28515134547929
danail-andonov-petrov,21.8,130,119,31,Bulgaria,Europe,Eastern Europe,1978,123,133,76,149,,67,93,143,,51.12203405178043
javier-chacon-quesada,20.45,143,136,21,Spain,Europe,Southern Europe,1985,137,142,,132,,,,136,,35.21545926760819
florent-barle,21.27,125,120,22,France,Europe,Western Europe,1986,122,128,74,123,,88,61,125,,39.84213980066964
raymond-kreder,22.34,129,106,36,Netherlands,Europe,Western Europe,1989,111,149,73,106,,58,104,127,,64.54728179638231
joost-van-leijen,19.8,168,148,29,Netherlands,Europe,Western Europe,1984,152,162,128,160,,140,109,170,,49.568656670702005
koen-barbe,22.64,51,54,27,Belgium,Europe,Western Europe,1981,56,,58,,39,49,76,,,27.99084099285299
alexandre-blain,23.45,108,108,2,France,Europe,Western Europe,1981,116,,76,140,,,108,,,45.254833995939045
stijn-neirynck,22.55,64,60,6,Belgium,Europe,Western Europe,1985,61,,60,,62,57,77,,,17.88481665174867
emilien-benoit-berges,20.049826499183045,80,80,3,France,Europe,Western Europe,1983,77,,80,,,50,94,,,29.501412395567325
romain-villa,20.97,118,118,2,France,Europe,Western Europe,1985,122,,95,,140,140,95,,,31.81980515339464
julien-laidoun,22.229803761388563,129,105,12,France,Europe,Western Europe,1980,109,126,,75,,,75,126,,60.373270726223026
heberth-gutierrez-garcia,20.16220393471224,128,125,20,Colombia,America,America,1973,126,125,,,,,,125,,17.126387765513687
gustaaf-van-roosbroeck,20.873158192367917,12,17,18,Belgium,Europe,Western Europe,1948,24,,19,3,,21,15,,,15.21179452958978
gerard-vianen,23.15768904698823,8,13,18,Netherlands,Europe,Western Europe,1944,16,30,12,4,27,9,14,23,,13.227150726436488
jan-krekels,22.78,6,11,18,Netherlands,Europe,Western Europe,1947,13,,12,5,32,16,9,12,,9.934425522269335
aime-delaere,24.422130759205977,12,12,2,Belgium,Europe,Western Europe,1946,12,,12,,,,12,,,1.4142135623730951
jo-vrancken,20.15029068455131,15,15,1,Netherlands,Europe,Western Europe,1948,15,,15,,,,15,,,
wilfried-david,21.022307419735185,9,15,17,Belgium,Europe,Western Europe,1946,27,,16,0,,31,10,,,17.461512298902004
rene-pijnen,23.51,6,12,10,Netherlands,Europe,Western Europe,1946,21,11,15,10,,12,11,14,,10.511898020814318
ger-harings,22.63000148238123,23,23,2,Netherlands,Europe,Western Europe,1948,22,,23,,,,23,,,2.8284271247461903
jacques-hochart,19.389394893542622,26,26,1,France,Europe,Western Europe,1948,26,,26,,,,26,,,
jacques-botherel,20.36774997058731,27,27,1,France,Europe,Western Europe,1946,27,,27,,,,27,,,
wim-kelleners,18.28523380326341,28,28,1,Netherlands,Europe,Western Europe,1950,28,,28,,,,28,,,
theo-van-der-loo,21.384423727472093,29,29,1,Netherlands,Europe,Western Europe,1949,29,,29,,,,29,,,
ryszard-szurkowski,23.77,10,10,2,Poland,Europe,Eastern Europe,1946,11,,10,,,10,,,,2.1213203435596424
fabio-malberti,19.792782726000144,40,54,22,Italy,Europe,Southern Europe,1976,53,,48,62,,40,66,,,39.63920072057752
christian-poos,20.47257740560266,58,51,26,Luxembourg,Europe,Western Europe,1977,51,,42,54,,,51,,,25.397516535162374
rene-stadelmann,21.218474779480406,84,85,34,Switzerland,Europe,Western Europe,1974,90,,111,65,,134,70,,,37.72671219221501
sascha-henrix,22.59492653012393,95,90,37,Germany,Europe,Western Europe,1973,95,77,95,86,,152,82,93,77,40.4279286807699
anton-chantyr,22.203320394604532,100,102,29,Russia,Asia,Asia,1974,104,,117,95,,114,97,,,24.2939206650715
scott-mcgrory,21.33,114,115,4,Australia,Oceania,Oceania,1969,115,,,115,,,115,,,12.84198842339716
ondrej-cink,20.37,66,75,46,Czech Republic,Europe,Eastern Europe,1990,78,,57,88,,53,61,100,,42.600900400999095
jeroen-meijers,20.76,108,112,17,Netherlands,Europe,Western Europe,1993,115,,109,115,,111,113,,,27.216857881489123
gustavo-toledo,20.740343770611165,56,64,17,Argentina,America,America,1975,68,,64,65,,,63,91,,30.0914048701423
clement-lhotellerie,19.560165638258717,36,42,11,France,Europe,Western Europe,1986,41,,42,,,37,53,,,28.785728787338037
aurelien-passeron,22.78,92,85,26,France,Europe,Western Europe,1984,89,,82,91,,66,94,102,,50.52926037303687
carlo-westphal,22.89,125,109,23,Germany,Europe,Western Europe,1985,108,,105,124,,98,112,,,36.232123846373845
kevyn-ista,20.9,86,85,31,Belgium,Europe,Western Europe,1984,87,,89,,48,90,52,,,41.71289478563972
lander-aperribay,23.18,135,127,21,Spain,Europe,Southern Europe,1982,129,,127,,,110,136,,,31.71457528825328
michele-poser,21.692487965740057,84,80,12,Italy,Europe,Southern Europe,1969,83,,85,54,,,80,,,41.620489563617
barnabas-peak,22.1,104,102,32,Hungary,Europe,Eastern Europe,1998,104,97,103,100,,32,105,,97,38.50932019570696
hideto-nakane,19.03,109,112,14,Japan,Asia,Asia,1990,112,,114,110,,115,110,,,20.499932993725924
jasper-de-plus,20.16,106,108,7,Belgium,Europe,Western Europe,1997,108,,115,105,,,108,,,12.66039945205973
thomas-fleischer,20.337871648342215,76,86,36,Germany,Europe,Western Europe,1971,106,,66,95,,101,61,118,,53.86199296084657
filippo-simonetti,23.405447415199227,57,57,1,Italy,Europe,Southern Europe,,57,,57,,,,57,,,
georges-pintens,22.276447008263947,4,13,37,Belgium,Europe,Western Europe,1946,24,4,15,10,4,14,12,36,4,18.68547958033583
louis-pfenninger,20.9,4,8,19,Switzerland,Europe,Western Europe,1944,19,23,,6,,,3,29,20,10.2332447564599
andre-poppe,20.699608847792266,11,15,8,Belgium,Europe,Western Europe,1943,23,,26,3,,26,11,,,14.017845768876185
ugo-colombo,19.177589493552656,4,4,7,Italy,Europe,Southern Europe,1940,3,0,,4,,,4,0,,2.9680841985233184
wim-prinsen,22.05812655106785,20,26,8,Netherlands,Europe,Western Europe,1945,42,,42,10,,25,28,20,,25.011068978125895
arnaldo-caverzasi,20.102774779505076,2,3,6,Italy,Europe,Southern Europe,1948,3,,,3,,,3,,,2.9944392908634274
jonathan-patrick-mccarty,21.46,124,123,62,United States,America,America,1982,125,101,125,63,,,125,82,,32.30601301609808
aketza-pena,21.770664822109662,90,91,98,Spain,Europe,Southern Europe,1981,93,79,90,113,,100,86,92,,36.83277727800826
antonio-berasategui,22.366882549098214,132,133,7,Spain,Europe,Southern Europe,1978,135,,138,104,,,138,104,,21.373102811934533
ivan-gilmartin,21.219206111469536,107,107,1,Spain,Europe,Southern Europe,1983,107,,,107,,,,107,,
jon-bru,18.481862128567,98,94,44,Spain,Europe,Southern Europe,1977,93,,94,93,,66,98,69,,49.20269161925271
fabien-patanchon,21.53,120,120,58,France,Europe,Western Europe,1983,122,115,131,109,,130,122,114,,27.83796343316934
aaron-olsen,22.42557959056218,148,142,46,United States,America,America,1978,146,,146,104,,,142,145,,32.945490040514834
andrea-masciarelli,20.38,94,99,46,Italy,Europe,Southern Europe,1982,106,58,110,78,38,108,106,,58,47.40250100415879
dmytro-grabovskyy,20.16,80,76,50,Israel,Asia,Asia,1985,75,,80,66,,110,69,,,40.146669874857814
valeriy-dmitriyev,22.53,140,125,10,Kazakhstan,Asia,Asia,1984,129,,122,129,,122,129,,,31.308678243153825
martin-reimer,21.3,132,112,24,Germany,Europe,Western Europe,1987,116,,113,109,113,112,112,,,45.78713745716955
brayan-stiven-ramirez-chacon,21.78,128,117,28,Colombia,America,America,1992,119,115,99,136,,99,,125,,35.3777797718752
edwin-avila,21.87,138,118,30,Colombia,America,America,1989,118,,118,,,135,114,,,59.514984107645816
mikel-elgezabal,20.527977734312625,88,88,1,Spain,Europe,Southern Europe,1978,88,,,88,,,,88,,
jonathan-gonzalez-rios,21.77846099157885,80,81,22,Spain,Europe,Southern Europe,1981,81,,86,74,,139,70,108,,43.70344771286748
massimo-iannetti,21.26669163484897,70,73,18,Italy,Europe,Southern Europe,1982,72,,69,132,,76,66,132,,35.228340121447935
nicolas-saenz,18.07,107,104,7,Colombia,America,America,1997,104,,100,,109,109,100,,,28.014452052637473
yecid-sierra,19.49,112,115,6,Colombia,America,America,1994,117,,115,,,,115,,,32.481789770064495
david-gonzalez-lopez,20.99,128,111,12,Spain,Europe,Southern Europe,1996,113,,111,,,120,102,,,40.70700929889846
daniel-alexander-jaramillo-diez,20.57,145,131,3,Colombia,America,America,1991,132,,131,,,,131,,,33.28663395418648
meiyin-wang,21.13,126,125,16,China,Asia,Asia,1988,127,,125,,,,125,,,20.499999999999996
nicolas-sessler,20.31,112,111,7,Brazil,America,America,1994,116,,117,80,,,117,80,,34.05807365298838
patrick-sercu,23.46,2,6,20,Belgium,Europe,Western Europe,1944,11,,8,1,,3,7,,,10.273112581163664
frans-van-looy,23.41,9,36,19,Belgium,Europe,Western Europe,1950,97,,16,47,,16,38,,,51.836619177173375
heinrich-trumheller,22.66708126996604,38,52,18,Germany,Europe,Western Europe,1972,73,54,63,11,85,74,45,56,27,46.37824033391725
filippo-colombo1,21.56,54,62,10,Switzerland,Europe,Western Europe,1997,62,,62,,,79,55,,,32.196618179899296
finn-fisher-black,20.44,44,54,34,New Zealand,Oceania,Oceania,2001,55,,55,50,,73,38,,,38.643913491142094
mathias-fluckiger,21.63,50,60,18,Switzerland,Europe,Western Europe,1988,60,,60,,,,60,,,29.89682694598055
ben-healy,21.22,68,64,34,Ireland,Europe,Northern Europe,2000,65,,64,44,74,78,63,44,,38.26305656016261
dario-lillo,20.08121188419818,104,101,12,Switzerland,Europe,Western Europe,2002,101,,101,,,,101,,,17.54712270292526
nils-brun,18.47266324174979,102,99,8,Switzerland,Europe,Western Europe,2000,101,,99,,,111,97,,,21.970353401150117
valere-thiebaud,21.871429073961238,118,118,6,Switzerland,Europe,Western Europe,1999,119,,118,,,,118,,,6.565059024867941
antoine-debons,20.06,98,105,12,Switzerland,Europe,Western Europe,1998,105,,105,,,,105,,,24.224174001616777
tim-naberman,20.02,92,97,10,Netherlands,Europe,Western Europe,1999,97,,97,,,,97,,,25.100686134933532
juan-mauricio-soler-hernandez,19.39,64,75,79,Colombia,America,America,1983,77,32,79,71,,103,64,79,32,50.189863471882376
rafael-andriato,21.39,140,128,23,Brazil,America,America,1987,132,83,133,,,104,136,83,,53.53839448278653
dirk-bellemakers,19.52,91,94,47,Netherlands,Europe,Western Europe,1984,97,67,95,,91,101,93,75,52,32.13805787702966
alessandro-proni,20.31,102,98,45,Italy,Europe,Southern Europe,1982,99,,102,83,144,113,95,,,40.1530154093643
mattia-gavazzi,23.94,172,139,13,Italy,Europe,Southern Europe,1983,141,,139,,,127,153,,,75.17364513629043
willem-wauters,20.37,138,133,25,Belgium,Europe,Western Europe,1989,135,,133,,,101,145,,,35.37065638821724
ricardo-mestre,20.07,108,116,36,Portugal,Europe,Southern Europe,1983,118,58,122,108,,92,125,58,,36.55006351372242
robert-vrecer,20.53,114,110,32,Slovenia,Europe,Southern Europe,1980,111,,108,116,,95,113,,,33.68926733948021
stefano-locatelli,19.37,132,123,33,Italy,Europe,Southern Europe,1989,123,,123,,,,123,,,46.44212755808257
josef-fuchs,22.020401920493423,5,13,27,Switzerland,Europe,Western Europe,1948,26,33,18,6,,25,8,26,,15.539857769206883
daniel-schorn,21.5,122,105,53,Austria,Europe,Western Europe,1988,104,128,98,106,,96,104,108,,51.3639296160479
alexander-gottfried,21.26,105,102,8,Germany,Europe,Western Europe,1985,102,,,102,,,102,,,31.272991542223778
francois-parisien,21.89,89,83,23,Canada,America,America,1982,90,65,67,123,,66,128,62,,48.482994859165146
jean-lou-paiani,21.11,104,85,11,France,Europe,Western Europe,1988,89,,90,,66,95,42,,,48.61911333846167
andrew-fenn,22.84,114,104,18,Great Britain,Europe,Northern Europe,1990,108,189,78,132,66,74,104,139,,68.2721629604198
adelino-teixeira,19.743956646494595,62,66,4,Portugal,Europe,Southern Europe,1954,67,,66,,,,66,,,35.72464135579251
gianni-zola,22.189485339336564,36,50,13,Italy,Europe,Southern Europe,1959,62,,50,,,,50,,,39.31790223164806
mariano-sanchez-martinez,23.567839242993447,63,68,67,Spain,Europe,Southern Europe,1959,87,,49,94,,,47,105,,49.118143692539874
alexandr-osipov,19.412700568624537,41,41,13,Russia,Asia,Asia,,48,,41,,,,41,,,32.192529791226015
guido-beyens,19.045303497665397,54,50,10,Belgium,Europe,Western Europe,1955,51,,50,,,,50,,,15.072049186048547
yuri-barinov,22.730540288999734,64,64,9,Russia,Asia,Asia,1955,66,,64,,,,64,,,18.744628860319192
jacinto-paulinho,21.29515198187884,56,52,9,Portugal,Europe,Southern Europe,1953,56,,52,,,,52,,,24.111431129468677
luis-domingos,20.224480899878866,69,70,10,Portugal,Europe,Southern Europe,1961,71,,70,,,,70,,,18.19157314069713
sergei-jermachenko,19.420880587039566,50,48,14,Russia,Asia,Asia,,52,,48,,,,48,,,24.220711326112145
vladimir-malakov,22.69781995968547,44,36,14,Russia,Asia,Asia,1958,44,,36,,,,36,,,28.13048481317334
jean-claude-garde,22.227013812360124,48,59,37,France,Europe,Western Europe,1960,60,,62,56,,44,64,56,,41.18899164865575
jesus-ignacio-alonso,20.67897034427741,64,64,16,Spain,Europe,Southern Europe,1961,68,,72,41,,,72,41,,23.864810216439324
guillermo-arenas,21.10656722553354,66,76,32,Spain,Europe,Southern Europe,1963,91,,54,102,,23,60,102,,43.494855090629265
benjamin-carvalho,19.72391501168959,77,82,7,Portugal,Europe,Southern Europe,1963,85,,82,,,,82,,,28.16532822968187
jeronimo-ibanez,19.527088966685447,54,71,36,Spain,Europe,Southern Europe,1957,87,19,53,137,,,61,120,,43.617047417229266
nicolai-kosyakov,19.548897163489485,61,64,11,Russia,Asia,Asia,,69,,64,,,,64,,,29.480347845486982
carlos-ferreira,20.470956512834555,91,85,5,Portugal,Europe,Southern Europe,1961,92,,85,,,,85,,,27.02406335102107
pedro-luis-diaz-zabala,20.503196509383983,52,51,21,Spain,Europe,Southern Europe,1962,58,,50,52,74,44,52,52,,22.9599029365793
joao-battista-silva-paulo,19.18877583311995,96,93,5,Portugal,Europe,Southern Europe,1962,96,,93,,,,93,,,22.23285856564558
jose-poeira,20.567432644942194,65,63,10,Portugal,Europe,Southern Europe,1959,65,,63,,,,63,,,28.975085082800977
maurizio-colombo,23.189261748761233,98,73,7,Italy,Europe,Southern Europe,1963,99,,73,,,2,85,,,49.999047609977154
eric-louvel,20.0067590548916,98,88,36,France,Europe,Western Europe,1962,101,,61,104,,26,90,104,,48.871348765495824
youri-perunovski,22.01466149118491,65,68,10,Russia,Asia,Asia,1963,71,,68,,,,68,,,25.575378785073738
jose-maria-gonzalez-barcala,21.181451836213412,56,60,18,Spain,Europe,Southern Europe,1959,70,,60,,,,60,,,31.743251045349854
alexis-rodriguez,19.679943729611598,77,76,63,Spain,Europe,Southern Europe,1977,76,,75,81,,103,68,117,,37.52016013818004
hanskurt-brand,22.674337151148954,116,122,6,Switzerland,Europe,Western Europe,1966,127,,122,,,180,111,,,29.79541351729602
christian-charriere,20.558833401063218,59,65,75,Switzerland,Europe,Western Europe,1975,66,,72,53,,74,63,,,31.905875083828445
stephane-krafft,20.45,108,109,4,France,Europe,Western Europe,1979,109,,109,,,,109,,,5.737304826019502
jaanus-kuum,18.69952069952481,29,42,59,Norway,Europe,Northern Europe,1964,50,34,40,45,,39,40,44,43,36.64991470397031
frederic-garnier,19.014296444082266,95,88,24,France,Europe,Western Europe,1964,92,,56,93,,74,47,93,,48.02165876086464
stefano-giuliani,21.195879933912128,84,101,19,Italy,Europe,Southern Europe,1958,115,,48,139,,37,50,139,,66.13723991008376
marco-bergamo,20.64334623899294,85,90,28,Italy,Europe,Southern Europe,1964,102,74,44,101,,,38,106,74,46.29351949344473
jacques-decrion,22.06846334945437,55,60,40,France,Europe,Western Europe,1961,74,11,32,87,,25,36,87,11,38.48102262887647
hartmut-bolts,22.185112807576015,103,96,34,Germany,Europe,Western Europe,1961,111,,45,117,,55,39,117,,53.066601277291106
jens-veggerby,21.498261290583997,123,116,39,Denmark,Europe,Northern Europe,1962,130,54,21,132,,,21,130,,55.586821611260575
marco-tabai,19.033614688169298,140,128,22,Italy,Europe,Southern Europe,1961,129,,64,131,,64,,131,,31.071241975854104
bruno-bruyere,22.6225811422224,125,111,21,Belgium,Europe,Western Europe,1965,138,,40,154,,9,50,154,,68.67688319743614
willem-wijnant,22.78892704693484,154,119,14,Belgium,Europe,Western Europe,1961,149,,25,156,,6,31,156,,76.70408387769508
gines-garcia-pallares,20.338719738805334,52,48,22,Spain,Europe,Southern Europe,1959,48,,48,,,,48,,,17.382692790761986
daniel-rossel,22.337126377590884,24,30,9,Belgium,Europe,Western Europe,1960,37,,28,47,,24,31,,,23.91013267308328
cedric-coutouly,21.27,100,99,14,France,Europe,Western Europe,1980,104,,72,118,74,78,107,,,36.324846943855185
benny-de-schrooder,20.38,110,91,5,Belgium,Europe,Western Europe,1980,97,,96,,68,52,117,,,37.73194932679731
wim-de-vocht,22.07,110,109,47,Belgium,Europe,Western Europe,1982,121,147,100,144,57,101,99,159,,51.938384116959696
christopher-baldwin,20.09228732056771,70,70,1,United States,America,America,1975,70,,,,70,70,,,,
kirk-o-bee,21.155379843516034,72,72,1,United States,America,America,1977,72,,,,72,72,,,,
giuseppe-citterio,21.785101091165913,10,49,45,Italy,Europe,Southern Europe,1967,76,63,22,79,,14,24,76,,58.61694690655992
marco-villa,19.54322270191192,135,119,25,Italy,Europe,Southern Europe,1969,127,,121,114,,84,122,,,51.365098396998455
juan-rodrigo-arenas-gonzalez,21.59579182839915,61,63,43,Spain,Europe,Southern Europe,1967,67,57,74,50,,,71,58,,31.429384364800836
sauro-gallorini,18.851176341677313,86,80,43,Italy,Europe,Southern Europe,1971,84,88,90,42,,74,74,88,,42.89760917168617
mario-mantovan,20.463676070769356,117,110,29,Italy,Europe,Southern Europe,1965,118,,76,115,,177,36,123,,52.797060113705626
dariusz-bigos,22.545188071357767,107,107,2,Poland,Europe,Eastern Europe,1969,107,,107,,,,107,,,65.05382386916237
stefano-giraldi,22.104375907626167,115,101,29,Italy,Europe,Southern Europe,1968,108,37,108,88,,202,101,138,37,51.64255224105838
roberto-dal-sie,20.52686508099604,89,87,29,Italy,Europe,Southern Europe,1969,93,96,89,53,,,65,96,,35.13268305608343
thomas-davy,21.193583443905716,78,72,49,France,Europe,Western Europe,1968,77,,119,68,,116,60,73,,44.263800261674795
angelo-citracca,21.344560748839417,68,80,17,Italy,Europe,Southern Europe,1969,86,56,83,,,56,90,,56,45.819980229538444
roberto-menegotto,21.60450903834232,138,129,4,Italy,Europe,Southern Europe,1968,149,48,178,113,,,178,113,48,62.94441992742487
daisuke-imanaka,21.80330773889369,142,146,16,Japan,Asia,Asia,1963,149,,152,145,,,160,141,,38.85013942488924
carlos-alberto-maya-lizcano,19.84,171,156,3,Venezuela,America,America,1972,156,171,149,,,,149,171,,42.922410618851934
karol-rychlik,19.19919890712489,182,182,2,Poland,Europe,Eastern Europe,1970,182,,182,,,,182,,,12.727922061357855
jimmy-turgis,20.57,72,87,21,France,Europe,Western Europe,1991,90,168,73,83,61,70,72,96,,40.579434153157884
plamen-stoyanov,20.324169000695186,77,68,17,Bulgaria,Europe,Eastern Europe,1971,67,,63,68,,,68,,,31.104189239317815
bo-andre-namtvedt,21.229341217769747,57,67,7,Norway,Europe,Northern Europe,1967,70,,74,57,,137,53,57,,44.957122429520076
cezary-zamana,21.62,33,52,53,Poland,Europe,Eastern Europe,1967,65,45,68,47,,54,46,54,53,47.843335591516784
bart-bowen,24.55125291170383,45,48,4,United States,America,America,1967,49,,51,39,,52,50,39,,11.16542281629615
diego-trepin,20.80710817690536,40,50,3,Italy,Europe,Southern Europe,1968,67,,9,70,,9,101,40,,46.8081189538738
nate-reiss,21.244566230397364,54,52,11,United States,America,America,1963,71,,64,21,,72,32,55,,39.50212882640861
xabier-usabiaga,22.818252947748125,76,76,1,Spain,Europe,Southern Europe,1969,76,,,76,,,,76,,
santiago-crespo,19.28311701586773,89,82,3,Spain,Europe,Southern Europe,1970,86,,,82,,,,82,,21.939310229205777
valter-bonca,21.3,72,70,5,Slovenia,Europe,Southern Europe,1968,83,,67,74,,110,46,74,,42.45585943070756
dario-mariuzzo,22.20816407420658,84,87,9,Italy,Europe,Southern Europe,1961,101,,75,130,,76,105,115,,44.42252931915416
michele-moro,19.533009618040023,51,51,9,Italy,Europe,Southern Europe,1965,73,40,53,62,,59,32,124,40,39.11983015186941
louis-de-koning,19.867239127290507,63,60,20,Netherlands,Europe,Western Europe,1967,72,54,58,72,42,51,56,94,54,33.32787674636732
pierre-herinne,20.533657791601087,142,142,2,Belgium,Europe,Western Europe,1968,144,,126,159,,126,,159,,23.33452377915607
martin-van-steen,20.468636610452638,106,92,42,Netherlands,Europe,Western Europe,1969,101,57,96,163,40,33,98,84,,54.0604041220963
frank-corvers,22.74,34,55,24,Belgium,Europe,Western Europe,1969,67,,47,120,36,44,49,148,,43.04646545775619
florian-guillou,18.67,98,92,44,France,Europe,Western Europe,1982,93,,104,86,,104,68,93,,33.60662719048889
jean-marc-bideau,19.8,112,113,31,France,Europe,Western Europe,1984,114,,121,112,,103,117,112,,34.396642746902856
fabio-casartelli,22.84,62,68,33,Italy,Europe,Southern Europe,1970,104,,16,73,,,8,107,,59.3275448317017
anthony-houbrechts,21.31918584436227,14,14,13,Belgium,Europe,Western Europe,1943,18,9,17,,,10,19,,9,11.397255630082002
tino-conti,25.22,5,6,9,Italy,Europe,Southern Europe,1945,6,9,,3,,,3,2,11,5.027701042999452
roland-salm,20.433604249323025,3,9,19,Switzerland,Europe,Western Europe,1951,20,25,28,4,,,6,22,11,11.548777814377067
italo-zilioli,18.95098062110609,8,20,9,Italy,Europe,Southern Europe,1941,37,25,5,34,,3,6,48,10,23.03499752791632
regis-lhuillier,20.6,115,112,30,France,Europe,Western Europe,1980,113,,118,88,,107,113,,,30.791176523870238
piotr-chmielewski,20.59,61,58,30,Poland,Europe,Eastern Europe,1970,59,76,57,56,,54,57,,76,28.731195749488084
domenico-passuello,22.157885026026527,94,90,8,Italy,Europe,Southern Europe,1978,94,63,66,99,,,94,,63,23.329549012847576
eddy-lembo,22.303188618347146,76,69,9,Algeria,Africa,Africa,1980,69,,,69,,,69,,,39.006409729684165
sebastian-mora-vedri,21.37,114,112,14,Spain,Europe,Southern Europe,1988,113,,113,,109,112,,,,24.386651906499818
willy-vigouroux,22.009522031119413,35,40,22,Belgium,Europe,Western Europe,1956,52,,48,2,,16,41,,,29.644940728942448
willy-sprangers,19.914024121282242,8,13,10,Belgium,Europe,Western Europe,1954,22,,20,3,,,13,,,12.723119813071706
francis-de-ridder,20.481938137550202,25,28,5,Netherlands,Europe,Western Europe,1959,34,,28,,,13,32,,,18.096961070853858
mario-van-vlimmeren,21.168119716332154,24,24,10,Netherlands,Europe,Western Europe,1958,28,,20,61,,20,29,,,14.974422637729088
patrick-devos,21.42751793142255,24,24,1,Belgium,Europe,Western Europe,1956,24,,24,,,24,,,,
raoul-bruyndonckx,22.06338685844487,44,45,7,Belgium,Europe,Western Europe,1958,54,,45,,,32,55,,,24.481285369304718
marcel-summermatter,19.884373338202305,28,29,4,Switzerland,Europe,Western Europe,1956,39,,28,30,,,29,,,22.211108331943574
hans-baudoin,21.21008334080907,12,12,1,Netherlands,Europe,Western Europe,1961,12,,12,,,12,,,,
michel-demeyre,20.999114755977658,23,25,4,France,Europe,Western Europe,1957,29,,25,,,20,40,,,12.579745625409126
ignacio-gutierrez,19.969980748384433,86,89,103,Spain,Europe,Southern Europe,1977,91,93,81,120,,56,88,109,,43.769825672992205
andreas-matzbacher,20.978883209491123,99,96,37,Austria,Europe,Western Europe,1982,98,103,70,98,,,83,105,,34.609099811896144
jukka-vastaranta,21.55,100,103,39,Finland,Europe,Northern Europe,1984,107,134,74,123,,17,85,143,,53.1174061810835
gianni-pigatto,20.477518618163156,7,7,1,Italy,Europe,Southern Europe,1964,7,,,7,,,7,,,
zico-waeytens,20.68,136,115,70,Belgium,Europe,Western Europe,1991,118,139,96,131,51,99,107,135,,51.49575551867284
lars-van-der-haar,20.31,106,110,8,Netherlands,Europe,Western Europe,1991,111,,,110,,,110,,,39.001831458828406
eddy-van-hoof,22.602738143856836,6,23,6,Belgium,Europe,Western Europe,1959,48,,23,,,,23,,,29.775269380253583
marc-van-den-brande2,21.665875832259054,18,21,12,Belgium,Europe,Western Europe,1959,28,,21,,,10,24,,,16.3269158697588
maurice-van-heer,21.62242945917955,28,33,7,Belgium,Europe,Western Europe,1956,46,,33,,,,33,,,23.48758537327042
stephane-barthe,22.49,56,67,60,France,Europe,Western Europe,1972,74,88,61,73,20,60,53,81,,54.01331442888152
jay-sweet,22.53,94,88,29,Australia,Oceania,Oceania,1975,93,,72,108,,72,,108,,55.47368790031075
roberto-gonzalez,20.593020244550488,96,96,1,Panama,America,America,1994,96,,,96,,,,96,,
leonardo-bonifazio,21.8,137,137,1,Italy,Europe,Southern Europe,1991,137,,,137,,,,137,,
oscar-dierickx,21.868952771114827,7,7,2,Belgium,Europe,Western Europe,1956,13,,14,0,,,7,,,9.899494936611665
wim-maessen,21.894700344589356,31,31,2,Netherlands,Europe,Western Europe,1956,31,,31,,,,31,,,18.384776310850235
bert-scheunemann,22.370331998375676,12,12,2,Netherlands,Europe,Western Europe,1954,21,,23,1,,,12,,,15.556349186104045
roelof-groen,22.89471266919371,26,42,12,Netherlands,Europe,Western Europe,1952,48,,44,,23,28,47,,,36.938421321125375
roland-berland,21.838632623883747,30,32,8,France,Europe,Western Europe,1945,33,,26,42,,16,32,42,,14.764218328687193
andre-gevers,22.11370395713145,28,34,3,Netherlands,Europe,Western Europe,1952,38,,34,,,,34,,,16.258331197676263
roger-blockx,22.239621763017553,58,58,1,Belgium,Europe,Western Europe,1943,58,,58,,,,58,,,
michael-bresciani,22.45090707283148,106,106,6,Italy,Europe,Southern Europe,1994,107,,106,,,106,,,,33.54052275482102
gerard-moneyron,21.91072560670131,38,38,2,France,Europe,Western Europe,1948,68,,38,,,,38,,,53.74011537017761
claude-tollet,20.20133956897237,7,7,1,France,Europe,Western Europe,1949,7,,7,,,,7,,,
gabriele-mugnaini,19.338180265242897,8,8,2,Italy,Europe,Southern Europe,1950,8,,8,,,,8,,,0.7071067811865476
laurent-paumier,20.2,42,53,8,France,Europe,Western Europe,1973,56,,49,54,,,53,,,33.910596742442785
federico-giabbecucci,21.22869119905795,84,95,21,Italy,Europe,Southern Europe,1975,101,154,161,76,,161,58,125,,52.83762187792223
sven-vanthourenhout,19.62,91,78,10,Belgium,Europe,Western Europe,1981,78,,,78,,,78,,,36.55878067502313
innar-mandoja,22.53,86,86,8,Estonia,Europe,Northern Europe,1978,89,,,86,,,86,,,30.147257634105674
agustin-gago-pena,21.50525950483058,103,104,9,Spain,Europe,Southern Europe,1979,105,,,104,,,104,,,12.776932339180638
vincent-bader,19.604662124181388,54,58,10,Switzerland,Europe,Western Europe,1979,60,,,58,,,58,,,31.662104934588427
ettore-badolato,20.358083180992846,146,121,18,Italy,Europe,Southern Europe,1964,136,,6,128,,,5,135,,66.10708781079023
rob-kleinsman,22.319043057955394,119,106,23,Netherlands,Europe,Western Europe,1962,112,,71,118,,100,65,118,,38.07087212486504
francesco-rossignoli,22.44420464430454,75,77,39,Italy,Europe,Southern Europe,1963,85,,24,83,,31,6,86,,47.15837444931445
julian-usano-martinez,19.57,105,107,62,Spain,Europe,Southern Europe,1976,111,,97,121,,106,91,134,,31.280654980219627
roberto-lozano,22.392176515782737,78,76,27,Spain,Europe,Southern Europe,1977,80,,93,56,,92,70,,,36.8336910683792
luis-perez-romero,19.9190365843708,88,91,25,Spain,Europe,Southern Europe,1980,90,,91,,,,91,,,42.51438972081492
manuel-lloret-zaragoza,23.0170735890158,117,112,7,Spain,Europe,Southern Europe,1981,112,,112,115,,,112,115,,22.714585203176853
remmert-wielinga,20.76,104,103,64,Netherlands,Europe,Western Europe,1978,107,,109,98,,103,91,138,,49.73117215717908
andoni-aranaga,19.82,118,116,68,Spain,Europe,Southern Europe,1979,121,,119,98,,93,123,,,46.99187113310122
agustin-alonso,20.599709933750283,132,134,4,Spain,Europe,Southern Europe,1980,134,,134,,,,134,,,21.977260975835915
marco-righetto,22.047775182540406,142,133,9,Italy,Europe,Southern Europe,1980,134,,153,117,,,133,,,44.9206089797446
fernando-serrano-sanchez,18.048898170383932,151,145,4,Spain,Europe,Southern Europe,1979,145,,145,,,,145,,,15.945218719101971
enrico-grigoli,18.426948030961004,108,94,6,Italy,Europe,Southern Europe,1978,97,,111,77,,,94,,,63.27216344228057
edward-beltran,19.71,97,92,29,Colombia,America,America,1990,93,,93,91,,,92,80,,38.88903628089983
inigo-gonzalez-de-heredia,21.715356017178163,76,78,31,Spain,Europe,Southern Europe,1971,81,81,92,58,,124,34,81,52,31.27168494932584
riccardo-faverio,21.957160486257848,127,124,7,Italy,Europe,Southern Europe,1969,124,,124,,,124,,,,12.959644321985886
riccardo-ferrari,22.918667036387255,118,113,7,Italy,Europe,Southern Europe,1972,114,,113,,,113,,,,10.341778423094404
william-walker,21.39218363734272,75,78,62,Australia,Oceania,Oceania,1985,78,113,55,86,,,61,111,,41.81490780895482
alexander-arekeev,22.27776888169994,58,63,30,Russia,Asia,Asia,1982,64,37,66,,,65,67,43,34,35.16903353150652
andrea-pagoto,20.60060980961854,72,85,21,Italy,Europe,Southern Europe,1985,87,9,87,97,,,88,,9,35.175478471717845
nicolas-crosbie,20.473735703989213,119,112,51,France,Europe,Western Europe,1980,114,,113,102,,121,109,,,29.67178629541512
mathieu-heijboer,21.16,105,106,23,Netherlands,Europe,Western Europe,1982,109,,106,,,92,117,,,41.655988091431915
benat-albizuri-aransolo,23.05,119,120,51,Spain,Europe,Southern Europe,1981,121,,117,136,,99,131,,,40.12628105584355
anton-luengo,20.718064202231115,127,123,66,Spain,Europe,Southern Europe,1981,125,,123,122,,99,127,,,37.46115626136263
mekseb-debesay,19.32,81,81,26,Eritrea,Africa,Africa,1991,81,83,99,47,,116,74,,83,38.51984503523426
gregory-daniel,20.2,116,113,15,United States,America,America,1994,114,98,115,,,,115,98,,20.8367806671623
vincenzo-cupperi,19.94582025090896,83,80,7,Italy,Europe,Southern Europe,1961,81,,80,,,,80,,,8.223080178318071
frits-van-bindsbergen,19.607564686874266,60,54,16,Netherlands,Europe,Western Europe,1960,58,,54,,,123,50,,,31.378336475982916
piero-onesti,23.06248101004872,55,53,12,Italy,Europe,Southern Europe,1959,55,,53,,,58,53,,,27.630132870187982
ramon-troncoso-sobrino,22.327821742343843,46,46,1,Spain,Europe,Southern Europe,1981,46,,,46,,,,46,,
david-belda,19.95,56,56,1,Spain,Europe,Southern Europe,1983,56,,,56,,,,56,,
gil-suray,20.01,111,111,1,Belgium,Europe,Western Europe,1984,111,,,111,,,,111,,
philip-zajicek,19.48221176005312,79,77,5,United States,America,America,1979,76,,,77,,,77,,,15.142654985173504
sergi-escobar-roure,23.96894495613362,94,89,23,Spain,Europe,Southern Europe,1974,88,,89,,,,89,,,55.25034651940052
eric-baumann,22.98,102,96,26,Germany,Europe,Western Europe,1980,105,,96,,,17,106,,,53.262311686161794
sascha-urweider,24.39016298089374,115,120,36,Switzerland,Europe,Western Europe,1980,122,,126,101,,121,119,,,35.369467148222725
francisco-cambil,21.20289940101524,57,57,9,Spain,Europe,Southern Europe,1960,61,,62,20,,,62,20,,27.775888824662296
santo-anza,19.84,92,93,57,Italy,Europe,Southern Europe,1980,94,68,110,84,,,108,75,30,36.63729456965209
steve-houanard,20.9,102,100,33,France,Europe,Western Europe,1986,104,116,71,116,54,64,102,116,,51.058808191529444
jonas-aaen-jorgensen,20.57,120,114,63,Denmark,Europe,Northern Europe,1986,117,128,103,129,,82,112,136,,45.23949468285722
antonio-cabello-baena,20.91,158,153,20,Spain,Europe,Southern Europe,1990,153,146,,159,,,,153,,25.41958424439501
julian-andiano,21.487237281834716,14,20,11,Spain,Europe,Southern Europe,1951,24,15,,66,,,66,15,,17.877359984069237
attilio-rota,21.242418456800124,28,28,10,Italy,Europe,Southern Europe,1945,28,28,,,,,,28,,11.557104597028905
aldo-parecchini,23.72,24,24,10,Italy,Europe,Southern Europe,1950,24,24,,,,,,24,,19.73265764608959
jose-gabriel-alonso-pascual,22.0895447017231,47,42,10,Spain,Europe,Southern Europe,1957,42,42,,,,,,42,,14.236494574781315
jose-luis-san-jose-amo,20.451377517730815,30,33,8,Spain,Europe,Southern Europe,1954,33,33,,,,,,33,,11.005680351527568
armando-lora,19.304374649360398,30,35,11,Italy,Europe,Southern Europe,1951,36,35,,,,,,36,22,16.36959487475595
gonzalo-aja,22.84,17,20,13,Spain,Europe,Southern Europe,1946,24,26,4,1,,,2,26,,13.996794504823466
mauro-vannucchi,22.538769982189354,44,39,10,Italy,Europe,Southern Europe,1948,44,43,,4,,,4,45,27,17.075323325391725
custodio-mazuela,21.23553925140924,20,23,10,Spain,Europe,Southern Europe,1951,23,23,,,,,,23,,13.192590513028303
celestino-vercelli,19.74740882911463,40,40,11,Italy,Europe,Southern Europe,1946,40,41,27,,,,27,41,,6.670150604814638
hendrik-vandenbrande,21.376856568423047,34,32,11,Belgium,Europe,Western Europe,1954,34,34,9,,,9,,34,,13.95316842480263
carlo-zoni,20.1162342853946,32,30,11,Italy,Europe,Southern Europe,1954,32,32,,3,,,3,32,,14.725981986086545
ronan-de-meyer,21.890894477689724,22,25,22,Belgium,Europe,Western Europe,1953,28,33,18,,,24,13,33,,15.723531321857607
garry-clively,19.384210106977747,47,46,6,Australia,Oceania,Oceania,1955,46,46,,,,,,46,,13.740451229854134
fernando-cabrero,21.23525841664903,37,30,10,Spain,Europe,Southern Europe,1955,30,30,,,,,,30,,16.168900189355284
roger-verschaeve,19.835187637058965,56,63,11,Belgium,Europe,Western Europe,1951,75,52,22,126,,22,126,52,,33.18844267621979
felix-suarez,20.664817760446482,52,49,7,Spain,Europe,Southern Europe,1950,50,47,62,,,62,,47,,10.367072415884364
ruggero-gialdini,24.054611396042855,29,33,11,Italy,Europe,Southern Europe,1950,34,33,,,,,,34,15,13.01816912137522
gianni-di-lorenzo,21.80782742118856,49,47,8,Italy,Europe,Southern Europe,1948,47,47,,,,,,47,,8.245128431816138
giuseppe-perletto,20.91402527038084,41,33,13,Italy,Europe,Southern Europe,1948,35,33,,,,,,38,15,18.75892949764021
jos-van-de-poel,20.161463271518524,47,47,15,Belgium,Europe,Western Europe,1954,52,42,42,65,,42,65,42,,21.579973079112914
erich-loder,21.884229429463048,38,33,12,Switzerland,Europe,Western Europe,1952,36,36,,4,,,4,36,,17.58011962589009
patrick-lefevere,23.13259351163556,41,40,11,Belgium,Europe,Western Europe,1955,41,41,32,,,22,41,41,,13.20881248533445
joaquin-llach,20.8,16,45,6,Spain,Europe,Southern Europe,1964,101,,45,,,,45,,,62.14713723629325
paolo-cimini,20.620334881819115,13,27,7,Italy,Europe,Southern Europe,1964,43,,30,7,,30,7,,,29.46992009619623
sergio-finazzi,22.454289228544983,17,48,5,Italy,Europe,Southern Europe,1964,67,12,57,,,49,82,,12,47.05847426340977
micol-gianelli,21.3245685464185,17,17,2,Italy,Europe,Southern Europe,1962,27,,17,,,17,,,,19.79898987322333
danilo-gioia,21.03835881251478,5,17,5,Italy,Europe,Southern Europe,1966,26,26,15,,,20,2,,26,21.789905919943756
stefano-tomasini,23.232647195049278,24,32,7,Italy,Europe,Southern Europe,1963,48,,32,,,32,,,,25.61063767079535
claudio-vandelli,20.999903051934822,5,24,5,Italy,Europe,Southern Europe,1961,50,,56,3,,56,3,,,28.665310045419005
marcel-arntz,21.85,60,55,16,Netherlands,Europe,Western Europe,1965,68,,49,80,,55,43,115,,36.17158184726421
luciano-boffo,22.18315480675457,6,28,3,Italy,Europe,Southern Europe,1962,55,,28,,,28,,,,40.42688874169435
maurizio-rossi,19.344742431900308,66,62,9,Italy,Europe,Southern Europe,1962,78,32,63,119,,74,7,119,32,34.807007595853136
kjell-nilsson,20.873995795411723,108,108,1,Sweden,Europe,Northern Europe,1962,108,,108,,,108,,,,
nino-schurter,22.72,49,44,15,Switzerland,Europe,Western Europe,1986,44,,47,42,,,44,,,30.29725745878345
andrea-palini,21.88,143,131,32,Italy,Europe,Southern Europe,1989,133,,120,143,127,125,136,,,41.58066393052455
peter-mazur,23.3,127,120,25,Poland,Europe,Eastern Europe,1982,122,129,139,82,,,120,129,,52.34188889726213
kaspars-ozers,21.33,63,73,29,Latvia,Europe,Northern Europe,1968,86,78,23,80,,22,68,82,,55.095193035023506
mariano-rojas,22.366254862233397,24,32,20,Spain,Europe,Southern Europe,1973,38,,14,39,,14,,39,,22.625323492889436
rosario-fina,22.91824011696232,102,103,28,Italy,Europe,Southern Europe,1969,112,26,,115,,,82,108,52,46.543033509366026
hector-manuel-castano,19.760925107469166,122,132,16,Colombia,America,America,1965,134,,,132,,,,132,,24.478476940637734
alvaro-cuadros,20.91,130,119,28,Spain,Europe,Southern Europe,1995,120,76,132,127,,132,,115,,41.84362423223984
marius-mayrhofer,21.13,84,79,34,Germany,Europe,Western Europe,2000,79,,78,86,,97,72,,,47.68697135567165
danielle-cignali,21.19005993332589,93,86,22,Italy,Europe,Southern Europe,1970,89,86,,,,,,86,,35.471713015336945
joaquim-adrego-pereira-andrade,21.775066040574895,76,82,36,Portugal,Europe,Southern Europe,1969,85,86,41,,,,41,86,,31.943141450306445
martial-locatelli,19.323047525179994,98,95,23,France,Europe,Western Europe,1971,97,95,,,,,,95,,30.542784091812116
asier-guenetxea,21.054048767459744,82,71,24,Spain,Europe,Southern Europe,1970,74,71,,,,,,71,,49.30603558315692
lorenzo-di-silvestro,20.7704298552435,98,98,29,Italy,Europe,Southern Europe,1970,100,97,100,,,,100,97,,34.144938823940514
lorenzo-ferdeghini,20.554932557190146,90,89,21,Italy,Europe,Southern Europe,1971,95,108,,59,,,59,108,,40.14711043388398
alessio-barbagli,21.72187003951134,116,103,28,Italy,Europe,Southern Europe,1969,107,118,104,75,,129,92,118,,44.57482859098108
luca-pavanello,20.751383163431356,88,85,30,Italy,Europe,Southern Europe,1969,88,81,132,,,132,,81,,48.85033441455435
oscar-aranguren,21.823530239031584,60,62,19,Spain,Europe,Southern Europe,1970,61,62,,,,,,62,,44.765536033585796
juri-recanati,22.481085350798566,118,117,20,Italy,Europe,Southern Europe,1970,118,117,,,,,,117,,30.637094818983222
joaquin-miguelanez,21.23916809039674,112,111,23,Spain,Europe,Southern Europe,1970,112,110,,149,,,,111,,29.938474459538295
steele-von-hoff,21.6,93,97,13,Australia,Oceania,Oceania,1987,97,114,90,,133,94,,114,,39.04796524460128
aidis-kruopis,23.63,136,109,17,Lithuania,Europe,Northern Europe,1986,112,48,111,118,,111,118,70,26,44.52040180041717
luc-wallays,21.061751903723003,61,63,13,Belgium,Europe,Western Europe,1961,75,,43,95,,,61,74,,35.1279711764622
philippe-delaurier,20.79851135652328,62,73,17,France,Europe,Western Europe,1960,82,38,56,79,,,44,86,38,39.014797343632395
bruno-huger,22.60023430629763,166,144,14,France,Europe,Western Europe,1962,159,,47,170,,,47,170,,56.5708735681511
jean-habets,23.319829124098035,45,39,7,Netherlands,Europe,Western Europe,1961,42,,43,,12,12,43,,,17.26681375190157
patrick-serra,19.059187379479603,58,58,2,Sweden,Europe,Northern Europe,1962,57,,58,,,,58,,,8.48528137423857
gael-malacarne,21.33,102,100,11,France,Europe,Western Europe,1986,104,,98,,120,114,62,,,36.65093326357338
jean-luc-delpech,22.72,86,86,10,France,Europe,Western Europe,1979,86,,85,,90,88,73,,,54.51156859888652
igor-abakoumov,20.99,80,77,20,Belgium,Europe,Western Europe,1981,81,,66,119,,49,100,,,50.51761026977049
david-kopp,20.09,76,76,45,Germany,Europe,Western Europe,1979,79,,54,113,,53,96,146,,50.83350720288198
pascal-hungerbuhler,21.445681086841805,110,113,9,Switzerland,Europe,Western Europe,1977,114,,,113,,,113,,,26.56124997058685
tom-criel,22.84817746309378,116,112,15,Belgium,Europe,Western Europe,1983,112,,108,115,,,112,,,19.330459556530638
josef-benetseder,20.06,111,113,9,Austria,Europe,Western Europe,1983,114,,,113,,,113,,,24.423349483639623
mariusz-witecki,20.68,127,115,15,Poland,Europe,Eastern Europe,1981,117,,149,92,,149,92,,,40.89615187392621
sebastien-van-den-abeele,21.311941228154854,24,24,2,Belgium,Europe,Western Europe,1970,23,,24,,,24,,,,12.727922061357855
robbie-vandaele,23.507011694838987,57,60,4,Belgium,Europe,Western Europe,1972,63,,60,,,49,91,,,23.542514733987108
andy-de-smet,22.985767141695362,52,51,6,Belgium,Europe,Western Europe,1970,61,,51,,,53,47,,,29.366647748764244
marnix-cappelle,20.85071825668558,41,41,1,Belgium,Europe,Western Europe,1969,41,,41,,,41,,,,
peter-naessens,20.875506534266425,43,52,7,Belgium,Europe,Western Europe,1967,55,,46,,68,46,89,,,23.521013907527355
frank-mccormack,19.7279771876924,62,62,2,United States,America,America,1969,62,69,54,,,54,,,69,10.606601717798213
saul-raisin,19.635990153821627,64,77,10,United States,America,America,1983,81,51,,80,,,80,,51,35.28235315911404
diego-caccia,19.81,126,116,50,Italy,Europe,Southern Europe,1981,117,96,116,,,115,117,,96,38.155129111968954
alexys-brunel,19.19,108,100,16,France,Europe,Western Europe,1998,101,,102,115,91,96,115,,,41.43986607121215
geert-malfait,22.204479125353675,4,13,8,Belgium,Europe,Western Europe,1953,26,,30,2,,26,8,,,15.046950331735474
bart-lemmen,20.671009395800116,20,19,3,Netherlands,Europe,Western Europe,1995,19,,,,19,19,,,,15.044378795195676
max-walker,19.259330678210357,18,19,3,Great Britain,Europe,Northern Europe,2001,19,,,,19,19,,,,13.527749258468683
johannes-staune-mittet,23.02089841349492,58,47,3,Norway,Europe,Northern Europe,2002,47,,,,47,47,,,,31.564748269760262
lukas-nerurkar,19.04539473808736,9,10,3,Great Britain,Europe,Northern Europe,2003,10,,,,10,10,,,,3.605551275463989
pelayo-sanchez-mayo,19.79,83,87,31,Spain,Europe,Southern Europe,2000,90,71,91,103,15,54,78,96,,39.10814891845377
gage-hecht,22.22,95,74,3,United States,America,America,1998,75,,,,74,74,,,,46.22769732530488
embret-svestad-bardseng,18.92525967964562,41,40,3,Norway,Europe,Northern Europe,2002,40,,,,40,40,,,,17.009801096230763
luke-lamperti,22.84,70,65,3,United States,America,America,2002,65,,,,65,65,,,,37.28717384481336
enekoitz-azparren-irurzun,19.4930468912488,30,31,3,Spain,Europe,Southern Europe,2002,31,,,,31,31,,,,3.214550253664318
charlie-quarterman,23.15,102,96,34,Great Britain,Europe,Northern Europe,1998,97,,96,,93,93,96,,,34.23361338224452
xabier-isasa-larranaga,22.32997097818802,91,88,8,Spain,Europe,Southern Europe,2001,89,,100,,68,68,100,,,27.405682413897825
paul-magnier,21.45,45,56,3,France,Europe,Western Europe,2004,56,,,,56,56,,,,30.04995840263344
oliver-rees,20.108976375988888,35,36,3,Great Britain,Europe,Northern Europe,2001,36,,,,36,36,,,,3.214550253664317
adrien-boichis,21.020941978211173,47,56,3,France,Europe,Western Europe,2003,57,,,,56,56,,,,21.571586249817916
emanuel-duarte,24.380163426607947,54,52,3,Portugal,Europe,Southern Europe,1997,52,,,,52,52,,,,8.18535277187245
raul-rota-rus,21.14,34,36,3,Spain,Europe,Southern Europe,1999,36,,,,36,36,,,,9.60902353693305
gleb-brussenskiy,20.2,92,92,9,Kazakhstan,Asia,Asia,2000,94,,110,,57,57,110,,,31.232105987980454
charlesetienne-chretien,20.75,70,76,4,Canada,America,America,1999,77,115,,,63,63,,115,,27.820855486487112
dean-harvey,20.021092150979932,85,76,3,Ireland,Europe,Northern Europe,2003,77,,,,76,76,,,,21.361959960016154
sergio-martin,20.83,104,101,11,Spain,Europe,Southern Europe,1996,107,,,121,48,48,,121,,52.42587841202784
mulu-kinfe-hailemichael,20.03,62,74,8,Ethiopia,Africa,Africa,1999,77,,89,,48,74,,,,38.828376957360156
pedro-pinto2,19.87,64,66,3,Portugal,Europe,Southern Europe,2000,65,,,,66,66,,,,14.571661996262927
alex-martin-gutierrez,19.82,64,56,3,Spain,Europe,Southern Europe,2000,56,,,,56,56,,,,15.947831618540913
eric-antonio-fagundez,23.005187707419783,80,84,11,Uruguay,America,America,1998,87,,103,80,41,85,,80,,36.92375436441474
jose-maria-garcia,21.54896701824555,76,69,3,Spain,Europe,Southern Europe,1998,69,,,,69,69,,,,11.547005383792513
nicolo-parisini,19.41,72,82,4,Italy,Europe,Southern Europe,2000,85,,140,,63,82,,,,41.06093033529562
german-nicolas-tivani-perez,21.63,83,84,10,Argentina,America,America,1995,84,,87,,76,84,,,,48.295847532566285
mateu-estelrich,21.185730163083104,55,58,3,Spain,Europe,Southern Europe,2001,58,,,,58,58,,,,20.207259421636902
sanchez-canellas,21.55,81,79,3,Spain,Europe,Southern Europe,1997,79,,,,79,79,,,,17.616280348965084
jose-luis-faura-asensio,21.00371578169898,61,60,3,Spain,Europe,Southern Europe,2000,60,,,,60,60,,,,24.515301344262525
loe-van-belle,20.091267591986757,85,88,3,Netherlands,Europe,Western Europe,2002,88,,,,88,88,,,,11.789826122551595
nurbergen-nurlykhassym,20.06,86,92,3,Kazakhstan,Asia,Asia,2000,92,,,,92,92,,,,12.74100990241093
marco-murgano,21.85746269054275,48,57,3,Italy,Europe,Southern Europe,1998,57,,,,57,57,,,,26.664583251946766
andrew-vollmer,19.41,88,87,3,United States,America,America,2000,87,,,,87,87,,,,5.0332229568471645
josu-etxeberria-azpilikueta,20.52,93,100,3,Spain,Europe,Southern Europe,2000,101,,,,100,100,,,,15.37313674346694
rui-carvalho,19.59,56,67,3,Portugal,Europe,Southern Europe,1995,67,,,,67,67,,,,20.808652046684813
vicente-hernaiz,20.31,46,60,3,Spain,Europe,Southern Europe,1998,60,,,,60,60,,,,28.36077102854105
iker-ballarin-manso,19.92318615526695,87,78,3,Spain,Europe,Southern Europe,1997,78,,,,78,78,,,,22.50185177565023
leangel-linarez,24.16,108,105,3,Venezuela,America,America,1997,105,,,,105,105,,,,9.29157324317757
angel-sanchez-rebollido,23.36,109,107,3,Spain,Europe,Southern Europe,1993,107,,,,107,107,,,,8.62167810425171
lars-boven,20.96,99,103,3,Netherlands,Europe,Western Europe,2001,104,,,,103,103,,,,14.977761292440645
cesar-fonte,20.76,101,100,3,Portugal,Europe,Southern Europe,1986,100,,,,100,100,,,,5.131601439446882
venceslau-fernandes,21.285472708650623,98,86,3,Portugal,Europe,Southern Europe,1996,86,,,,86,86,,,,23.75570107012911
alejandro-franco-gonzalez,18.94,27,51,3,Spain,Europe,Southern Europe,2001,50,,,,51,51,,,,46.285346853332896
joseba-lopez-cuesta,19.93,103,99,3,Spain,Europe,Southern Europe,2000,99,,,,99,99,,,,8.144527815247079
alejandro-ropero,20.86,104,101,10,Spain,Europe,Southern Europe,1998,100,,98,,107,101,,,,38.67370625574378
goncalo-carvalho,20.28,108,100,3,Portugal,Europe,Southern Europe,1997,99,,,,100,100,,,,19.857828011475306
rafael-elvas-barbas,18.76,109,102,3,Portugal,Europe,Southern Europe,2004,101,,,,102,102,,,,13.576941236277534
francisco-morais,21.46,109,101,3,Portugal,Europe,Southern Europe,1998,100,,,,101,101,,,,15.307950004273378
david-livramento,16.6,111,111,3,Portugal,Europe,Southern Europe,1983,111,,,,111,111,,,,0.5773502691896278
davide-baldaccini,24.634770304511406,85,86,3,Italy,Europe,Southern Europe,1998,86,,,,86,86,,,,25.02665245959462
tiago-nunes,22.182409347269523,106,106,3,Portugal,Europe,Southern Europe,2004,106,,,,106,106,,,,8.504900548115382
ryan-roth,22.86,78,72,11,Canada,America,America,1983,76,68,103,,,103,,75,14,34.618702249716776
bruno-langlois,18.29275125432383,70,70,10,Canada,America,America,1979,69,70,,,,,,70,,29.08397802532827
sylvain-georges,21.06,120,118,16,France,Europe,Western Europe,1984,121,50,121,138,,,127,50,,53.84665727786637
nic-hamilton,21.784065657878067,73,73,2,Canada,America,America,1986,72,73,,,,,,73,,29.698484809834994
marcello-pavarin,21.46,84,81,5,Italy,Europe,Southern Europe,1986,83,79,92,,,92,,79,,17.386776584519627
franco-ongarato,23.84,2,2,3,Italy,Europe,Southern Europe,1949,2,,2,,,2,,,,0.0
federico-ghiotto,21.92824697197883,6,4,4,Italy,Europe,Southern Europe,1963,4,,4,,,4,,,,3.1091263510296048
david-boily,18.52,138,130,6,Canada,America,America,1990,131,,,130,,,130,,,19.22931789395211
patrick-vermeulen,21.413219223324617,38,50,15,Belgium,Europe,Western Europe,1958,55,,33,61,,12,37,61,,35.695137724105464
ronny-de-cnodder,21.70065361526901,60,66,4,Belgium,Europe,Western Europe,1958,68,,66,,,,66,,,19.956202043475106
leo-van-thielen,20.521203356410314,20,21,4,Belgium,Europe,Western Europe,1953,25,,21,,,16,36,,,13.73559851869101
daniel-muller,21.072496401912655,34,30,4,Switzerland,Europe,Western Europe,1956,30,,30,,,,30,,,14.750706197783662
marco-cattaneo-2,21.70964991879792,11,22,3,Italy,Europe,Southern Europe,1957,23,10,28,,,,28,,10,19.347695814575268
nicolas-rousseau,22.6,107,108,21,France,Europe,Western Europe,1983,111,,108,107,,,108,,,37.79537638641102
josu-agirre,19.66,139,138,27,Spain,Europe,Southern Europe,1981,138,,139,110,,142,136,,,26.829046214834413
geert-steurs,20.67,106,108,24,Belgium,Europe,Western Europe,1981,112,108,110,,90,69,116,,108,40.92762700394336
nicolas-hartmann,21.864263932420087,121,114,27,France,Europe,Western Europe,1985,117,78,116,90,,,115,,78,33.00975423482996
luigi-furlan,20.833443218297653,93,100,23,Italy,Europe,Southern Europe,1963,112,31,90,108,,93,47,114,31,61.95816515398928
daniel-castro,23.391905364058932,30,62,3,Argentina,America,America,1966,74,27,130,30,,130,,30,27,58.62024678669762
herbert-niederberger,19.281791735573584,30,30,1,Switzerland,Europe,Western Europe,1965,30,30,,,,,,,30,
maurizio-vandelli,18.228772869436465,70,67,6,Italy,Europe,Southern Europe,1964,105,44,89,4,,99,65,,44,59.11824309522963
daniele-gallo,22.150142515370437,58,58,1,Italy,Europe,Southern Europe,1967,58,58,,,,,,,58,
dario-rando,18.951484291451248,82,82,2,Italy,Europe,Southern Europe,1966,85,62,102,,,102,,,62,28.284271247461902
gianluca-rigamonti,20.129557407368605,65,65,1,Italy,Europe,Southern Europe,1967,65,65,,,,,,,65,
francisco-san-roman,22.106204761392906,72,76,4,Spain,Europe,Southern Europe,1966,79,66,85,,,,85,,66,12.971121771072848
marc-thevenin,22.95892074983595,72,87,3,France,Europe,Western Europe,1966,103,62,,137,,,,137,62,44.44097208657794
gino-van-hooydonck,22.283353750647876,86,84,6,Belgium,Europe,Western Europe,1964,91,78,80,113,70,49,106,113,78,33.056013068729264
daniel-wyder,21.635939505197374,8,22,14,Switzerland,Europe,Western Europe,1962,47,79,39,8,,60,14,,79,25.352027033854217
daniel-arroyave-canas,16.41,144,133,5,Colombia,America,America,2000,134,,133,,,133,,,,26.099808428415717
ebel-keizer,22.50969449502193,8,8,1,Netherlands,Europe,Western Europe,1958,8,,8,,,8,,,,
henry-rinklin,22.581704349114606,3,6,3,Germany,Europe,Western Europe,1957,12,,6,,,13,2,,,6.429100507328637
gerrie-van-gerwen,21.61582812600881,36,36,1,Netherlands,Europe,Western Europe,1953,36,,36,,,,36,,,
alain-gallopin,21.831702418341628,40,40,1,France,Europe,Western Europe,1957,40,,40,,,,40,,,
jack-burke,21.6,82,82,2,Canada,America,America,1995,81,82,,,,,,82,,9.192388155425117
sebastien-medan,22.4732967923687,111,109,5,France,Europe,Western Europe,1972,119,,109,111,,146,84,,,39.239011200589644
niels-scheuneman,22.15,102,115,21,Netherlands,Europe,Western Europe,1983,117,112,103,148,,,103,125,,47.8469783093283
luis-ocana,21.42774268816279,4,10,20,Spain,Europe,Southern Europe,1945,18,6,12,8,,12,10,6,6,12.078253620715032
alain-santy,21.847979829263203,7,22,9,France,Europe,Western Europe,1949,37,,22,,,30,5,,,26.029363760525875
matteo-spreafico,20.38,108,109,20,Italy,Europe,Southern Europe,1993,110,110,,83,,,,83,110,29.42626825062761
didier-thueux,21.834695587709717,15,13,3,France,Europe,Western Europe,1966,19,,13,,,18,1,,,10.692676621563626
frederic-vifian,23.974589647264136,94,82,23,Switzerland,Europe,Western Europe,1974,84,,82,,,93,74,,,30.03746014325624
leon-giner,21.884548955696193,105,96,13,Spain,Europe,Southern Europe,1969,97,,95,109,,,95,109,,37.46673738473115
mirko-rossato,20.30811603851028,133,97,33,Italy,Europe,Southern Europe,1968,106,133,90,5,,151,85,133,,75.84172863951811
niels-van-der-steen,20.45,112,108,10,Netherlands,Europe,Western Europe,1972,109,,108,,,,108,,,40.4674080107821
hector-palacio,22.59,90,86,15,Colombia,America,America,1969,89,86,,,,,,86,,31.62232484450548
jose-francisco,21.98090174018994,70,67,15,Spain,Europe,Southern Europe,1971,74,70,,52,,,14,75,,34.13586300149951
anton-villatoro,20.29,152,147,9,Guatemala,America,America,1970,148,147,,,,,,147,,46.19283253685335
eddy-gragus,22.583917721230407,144,135,12,United States,America,America,1968,148,156,,31,,,17,146,,53.140394382724665
scott-mercier,20.042368169371418,162,157,6,United States,America,America,1968,157,157,,,,,,157,,16.76206033477587
emmanuel-hubert,20.08775265808505,121,115,7,France,Europe,Western Europe,1970,117,119,86,,,,86,119,,30.126716509089533
igor-romero-etxebarria,24.80077620717106,90,90,1,Spain,Europe,Southern Europe,1986,90,,,90,,,,90,,
nikolai-galitchanin,22.199611345882676,82,82,2,Russia,Asia,Asia,1967,151,,82,,,,82,,,108.18733752154178
julen-irizar,21.15,117,99,3,Spain,Europe,Southern Europe,1995,99,,99,,,99,,,,48.569537778323564
daniel-turek,21.5,118,122,6,Czech Republic,Europe,Eastern Europe,1993,124,,122,,,127,95,,,22.91433321453336
roy-goldstein,20.81,165,161,3,Israel,Asia,Asia,1993,161,,161,,,161,,,,10.969655114602887
gregor-gazvoda,20.59,111,113,22,Slovenia,Europe,Southern Europe,1981,114,,113,,,87,115,,,40.66271891987438
angelo-pagani,21.95,111,111,29,Italy,Europe,Southern Europe,1988,115,,111,,,100,115,,,35.72814016989969
alfredo-balloni,20.81,157,148,27,Italy,Europe,Southern Europe,1989,150,,163,114,,,148,,,28.834086744763713
timon-seubert,21.8,153,138,23,Germany,Europe,Western Europe,1987,142,,141,,103,98,146,,,43.605625702257456
tom-leaper,21.884442294925876,108,111,32,Australia,Oceania,Oceania,1975,116,60,118,,,122,117,,60,39.13907172486173
justin-spinelli,21.56829430945743,143,132,17,United States,America,America,1979,135,,146,100,,,132,127,,33.34523071992014
rune-herregodts,21.37,106,96,16,Belgium,Europe,Western Europe,1998,97,,118,59,,119,78,,,41.90102425160193
milan-menten,22.46,101,87,24,Belgium,Europe,Western Europe,1996,87,77,87,91,71,92,84,,77,51.36393309695438
patrick-deneut,22.504345913211015,32,36,18,Belgium,Europe,Western Europe,1960,51,,40,8,,40,34,,,33.226741336900325
steven-lammertink,21.95,122,108,10,Netherlands,Europe,Western Europe,1993,111,,95,128,,,108,,,59.32059788415263
alex-peters,21.88,131,124,6,Great Britain,Europe,Northern Europe,1994,123,,124,,,,124,,,26.44743213748107
dylan-page,20.9,123,135,9,Switzerland,Europe,Western Europe,1993,138,,135,,,168,118,,,29.61887536314938
francesco-de-bonis,20.6,86,91,26,Italy,Europe,Southern Europe,1982,94,,91,,,,91,,,46.92935771331859
nathan-miller,20.462245725497166,128,128,6,United States,America,America,1985,128,,128,,,,128,,,9.867454923467685
tom-stremersch,19.27578906316014,82,86,36,Belgium,Europe,Western Europe,1975,89,,85,95,,116,81,124,,27.501284241297437
luca-de-angeli,20.42038506742216,87,90,21,Italy,Europe,Southern Europe,1976,93,,90,87,,,90,,,45.59730568481306
julian-winn,21.6,102,94,28,Great Britain,Europe,Northern Europe,1972,98,,95,84,,110,89,,,43.188693283233604
leonardo-zanotti,19.63305970731419,70,70,29,Italy,Europe,Southern Europe,1978,71,57,71,44,,65,72,,57,22.24322556968396
salvatore-scamardella,18.445648895631,123,109,21,Italy,Europe,Southern Europe,1979,114,,112,43,,,109,,,33.04981809617832
moises-aldape,20.24,135,122,15,Mexico,America,America,1981,130,24,137,,,128,138,29,19,53.58526805364467
dirk-ronellenfitsch,23.122778333705718,125,127,21,Germany,Europe,Western Europe,1975,129,117,,152,,,,127,,26.081191909661097
saulius-sarkauskas,22.84,75,78,21,Lithuania,Europe,Northern Europe,1970,80,67,,104,,,,78,,42.37407113745273
pablo-soler,22.26569324153757,109,96,27,Spain,Europe,Southern Europe,1975,95,97,106,84,,,106,94,,40.63926497305109
mirko-marini,19.308826921822643,126,121,50,Italy,Europe,Southern Europe,1974,122,121,122,121,,164,115,135,,37.07677638278139
luis-diego-prior,20.732370074773506,110,112,21,Spain,Europe,Southern Europe,1975,113,102,,135,,,,112,,27.797738859739756
antonio-segismundo-de-la-torre-viel,19.972153577523656,100,102,19,Spain,Europe,Southern Europe,1974,106,83,,145,,,,102,,52.614286632954894
janusz-kowalski,19.919798585172536,13,13,1,Poland,Europe,Eastern Europe,1952,13,,13,,,13,,,,
kees-bal,23.902679588859336,6,10,13,Netherlands,Europe,Western Europe,1951,12,35,8,,,6,19,35,,9.692053313715181
sylvain-vasseur,22.76408439636919,19,34,6,France,Europe,Western Europe,1946,56,,34,,,36,32,,,32.108669649592564
frederic-brun-2,20.44,116,118,22,France,Europe,Western Europe,1988,120,,129,120,69,69,129,120,,38.9100694742827
thierry-bock,20.816696428230202,0,0,1,Belgium,Europe,Western Europe,1966,0,,,0,,,0,,,
gilberto-zattoni,23.33046585707591,147,147,2,Italy,Europe,Southern Europe,1973,147,,,147,,,147,,,1.4142135623730951
alf-segersall,21.22,54,48,10,Sweden,Europe,Northern Europe,1956,66,54,48,43,,,48,43,54,33.459926280054276
francisco-jose-garcia-armendaris,21.131242133858432,41,69,7,Spain,Europe,Southern Europe,1968,77,,86,64,32,98,57,,,52.624455658309024
maxime-vantomme,20.81,64,65,31,Belgium,Europe,Western Europe,1986,68,,61,86,55,50,82,,,35.774653128319954
dalivier-ospina,20.72,102,96,15,Colombia,America,America,1985,98,,96,,,80,102,,,47.0250186704097
wilson-alexander-marentes,21.41690682351419,141,133,26,Colombia,America,America,1985,138,,133,,,106,141,,,42.64205219480665
juan-esteban-arango,20.96,118,118,1,Colombia,America,America,1986,118,,118,,,,118,,,
arthur-vanoverberghe,19.84,120,127,3,Belgium,Europe,Western Europe,1990,127,,127,,,,127,,,13.0
egidijus-juodvalkis,22.04,57,69,8,Lithuania,Europe,Northern Europe,1988,70,,68,,74,63,80,,,32.731592427762244
gregory-habeaux,20.31,125,125,11,Belgium,Europe,Western Europe,1982,126,,125,,,122,130,,,32.39388269972645
dino-zandegu,21.80791197507336,2,2,4,Italy,Europe,Southern Europe,1940,2,,,2,,,2,,,1.2583057392117916
harry-steevens,23.04,4,10,12,Netherlands,Europe,Western Europe,1945,19,,22,2,,14,10,,,12.38400728212142
giuseppe-milioli,21.779250726771075,2,2,2,Italy,Europe,Southern Europe,1945,1,,1,2,,1,2,,,0.7071067811865476
henk-benjamins,21.002666957223134,3,3,1,Netherlands,Europe,Western Europe,1945,3,,,3,,,3,,,
albert-fritz,20.609468150214166,1,2,7,Germany,Europe,Western Europe,1947,2,,,2,,,2,,,2.115700942049815
sjoerd-bax,22.79,88,82,17,Netherlands,Europe,Western Europe,1996,82,,67,87,,86,81,,,31.026435597444205
diego-magoni,21.051926620790617,4,4,1,Italy,Europe,Southern Europe,1955,4,,,4,,,4,,,
moretti-roberto,20.40612238813911,82,73,9,Italy,Europe,Southern Europe,1970,73,,73,,,,73,,,46.33303357217181
alvaro-lozano,20.094278700321652,92,93,11,Colombia,America,America,1964,93,,94,88,,,93,,,23.46486735526114
andrea-dolci,20.456505795211527,149,132,15,Italy,Europe,Southern Europe,1969,137,146,123,,,,123,164,55,50.26169610387313
stefano-casagrande,20.842311393910496,135,125,8,Italy,Europe,Southern Europe,1962,131,,125,,,,125,,,37.55281994357129
enrico-bonetti,21.648888894618047,121,113,18,Italy,Europe,Southern Europe,1970,115,,125,98,,,113,,,36.01452139948533
paolo-alberati,20.258588862907324,109,106,12,Italy,Europe,Southern Europe,1973,108,,109,74,,93,108,,,22.94459730425761
per-bausager,17.661457372443945,40,44,29,Denmark,Europe,Northern Europe,1956,53,38,35,75,,36,45,43,,28.220455146399583
jorgen-marcussen,20.45,34,40,39,Denmark,Europe,Northern Europe,1950,53,27,25,76,,,34,50,29,34.84397457384223
hugues-grondin,20.493910284045356,51,46,23,France,Europe,Western Europe,1959,48,,46,,,,46,,,17.85780461789049
fabian-garcia-rodriguez,21.981184570197264,67,66,11,Spain,Europe,Southern Europe,1955,66,,66,,,,66,,,7.698878312632775
felix-perez,23.127439131524074,37,37,21,Spain,Europe,Southern Europe,1955,38,4,38,,,,38,4,,21.065317919452795
erich-jagsch,22.070640127671542,54,51,33,Austria,Europe,Western Europe,1955,57,,34,64,,,49,53,,35.912219368900054
vivencio-rubio,21.882070305784104,66,67,5,Spain,Europe,Southern Europe,1957,67,,67,,,,67,,,3.04959013639538
hans-vonk,20.30962636163855,38,38,14,Netherlands,Europe,Western Europe,1959,40,,39,,24,24,39,,,25.276166944072344
jose-teixeira-rodriguez,20.806325278317747,58,52,19,Spain,Europe,Southern Europe,1957,52,,52,,,,52,,,18.630447317535403
dag-selander,20.118866964739865,76,68,5,Norway,Europe,Northern Europe,1955,68,,68,,,,68,,,14.584238067173754
mursio-rivas,20.487765441361695,69,69,5,Spain,Europe,Southern Europe,1961,69,,69,,,,69,,,7.681145747868608
gerald-oberson,22.022101504727964,31,32,14,Switzerland,Europe,Western Europe,1954,35,,32,,,,32,,,24.578647035788812
marc-revoul,22.77854197850726,42,42,18,France,Europe,Western Europe,1957,43,,42,,,,42,,,16.15367377628347
steve-larsen,20.782247512881924,36,49,6,United States,America,America,1970,64,22,39,65,84,84,39,47,32,35.936981880323046
alain-van-den-bossche,21.632635376765457,16,33,11,Belgium,Europe,Western Europe,1965,39,,20,93,42,24,37,93,,34.83049865223919
franck-boucanville,20.520546213939916,20,32,9,France,Europe,Western Europe,1966,42,,34,,20,15,67,,,28.485863940636317
hans-kindberg,21.75634927782334,10,10,4,Sweden,Europe,Northern Europe,1967,19,,6,,22,17,4,,,9.251126057585278
enrico-cecchetto,18.22040137489644,58,53,4,Italy,Europe,Southern Europe,1968,69,92,48,,25,14,92,,92,45.558570360946725
kurt-onclin,22.417516124294245,60,51,5,Belgium,Europe,Western Europe,1966,57,,57,,28,49,60,,,23.78655082184048
lorenzo-lapage,21.382030295025597,85,81,5,Belgium,Europe,Western Europe,1966,83,,95,,59,68,100,,,26.763781496642064
peter-de-frenne,21.861227298089503,80,80,2,Belgium,Europe,Western Europe,1969,86,,122,,39,80,,,,58.68986283848344
peter-huyghe,22.51822549310209,29,25,5,Belgium,Europe,Western Europe,1965,27,,20,,46,22,37,,,18.096961070853858
michel-stasse,23.343060875645236,56,56,1,Belgium,Europe,Western Europe,1967,56,,,,56,56,,,,
patrick-van-roosbroeck,23.44390186452309,59,58,9,Belgium,Europe,Western Europe,1969,59,,56,,63,46,83,,,26.888659319497503
bernd-grone,21.01629840977396,80,76,18,Germany,Europe,Western Europe,1963,110,,43,125,76,57,52,153,,57.69992240680774
arno-wohlfahrter,22.965916299353246,54,54,2,Austria,Europe,Western Europe,1964,80,,17,,91,54,,,,52.32590180780452
kees-hopmans,20.18412532627116,94,91,3,Netherlands,Europe,Western Europe,1964,106,,89,,94,91,,,,46.09049070397638
jan-mattheus,22.599061263229345,84,84,2,Belgium,Europe,Western Europe,1965,87,,,,84,84,,,,24.748737341529164
john-herety,21.480424226914504,2,2,2,Great Britain,Europe,Northern Europe,1958,2,,2,,,2,,,,1.4142135623730951
michel-larpe,22.770122100632083,7,6,5,France,Europe,Western Europe,1959,7,,6,,,6,,,,3.391164991562634
jose-enrique-carrera,20.874724643306966,8,41,6,Spain,Europe,Southern Europe,1965,99,,33,83,,73,6,83,,55.88798320450173
fernando-grijalba,19.69,93,93,1,Spain,Europe,Southern Europe,1991,93,,,93,,,,93,,
benjamin-perry,21.67,97,93,13,Canada,America,America,1994,95,88,98,,100,97,104,88,,30.222465748139015
jonas-ljungblad,22.34,115,103,32,Sweden,Europe,Northern Europe,1979,104,82,103,116,,,106,100,26,43.053417683077704
michel-cerneus,21.736386989080863,74,74,1,Netherlands,Europe,Western Europe,1976,74,,74,,,74,,,,
ivan-luna,19.127018844168852,61,60,3,Italy,Europe,Southern Europe,1970,63,,60,,,77,51,,,18.036999011291577
michele-zamboni,20.941196441346733,71,71,2,Italy,Europe,Southern Europe,1970,73,,71,,,85,57,,,19.79898987322333
johan-de-geyter,22.867575322121397,71,71,2,Belgium,Europe,Western Europe,1972,73,,94,,48,71,,,,32.526911934581186
michael-van-der-wolf,20.87589635158469,97,97,2,Netherlands,Europe,Western Europe,1970,97,,97,,,97,,,,1.4142135623730951
jean-pierre-delphis,21.416135998867304,96,93,27,France,Europe,Western Europe,1969,95,,140,91,,140,76,95,,36.92407702824085
dieter-runkel,21.935744621929704,118,105,21,Switzerland,Europe,Western Europe,1966,106,,23,109,,,23,109,,43.04604400826986
jocelyn-jolidon,21.10124977081459,9,29,7,Switzerland,Europe,Western Europe,1962,79,,46,6,,60,6,,,41.22181576832946
filippo-zaccanti,20.941833603558894,116,116,8,Italy,Europe,Southern Europe,1995,117,,,116,,,116,,,12.375090187261552
daniel-pearson,19.47,118,110,17,Great Britain,Europe,Northern Europe,1994,109,,,110,,,110,,,36.28188253109257
masakazu-ito,21.237973760947007,130,128,8,Japan,Asia,Asia,1988,128,,,128,,,128,,,6.928203230275505
manuel-cardenas,19.178668437217542,134,125,35,Colombia,America,America,1961,130,,,125,,,128,125,,45.14974152377691
jan-van-wijk,21.542074245646557,83,80,25,Netherlands,Europe,Western Europe,1962,85,,84,79,,,44,83,,40.41027097162304
juan-carlos-rozas,20.190824798347993,112,110,25,Spain,Europe,Southern Europe,1963,118,,109,110,,,109,110,,48.779708896220356
alex-stieda,20.16539075699584,108,87,25,Canada,America,America,1961,89,,40,91,,7,73,91,,56.82493584099619
heriberto-uran,23.100121885744933,132,123,23,Colombia,America,America,1954,126,,,123,,,,123,,44.53031121158699
bernard-croyet,23.274523758308515,1,1,1,France,Europe,Western Europe,1948,1,,,1,,,1,,,
eduardo-perez-landaluce,20.68,105,105,1,Spain,Europe,Southern Europe,1998,105,,,,105,105,,,,
jonathan-tiernan-locke,23.570509495575074,108,104,20,Great Britain,Europe,Northern Europe,1984,106,40,111,112,,118,108,40,,35.898211361394715
arman-kamyshev,20.23,135,130,19,Kazakhstan,Asia,Asia,1991,132,69,114,138,105,110,137,69,,25.5278772055156
jonas-ahlstrand,22.98,143,128,19,Sweden,Europe,Northern Europe,1990,129,,134,120,,134,120,,,38.89917992490856
chris-butler,18.83,133,131,12,United States,America,America,1988,135,,131,,,,131,,,36.95410749302519
joey-mcloughlin,22.024554883706372,15,28,6,Great Britain,Europe,Northern Europe,1964,49,,28,,,34,22,,,30.766323580607853
daniel-plummer,21.712395116011464,64,67,26,Belgium,Europe,Western Europe,1957,72,,64,68,,,76,64,,33.53943717705839
jean-raymond-toso,20.489350516093367,52,54,25,France,Europe,Western Europe,1952,60,24,19,57,,,79,47,24,37.5114649140766
hans-peter-jakst,20.320385395748577,46,54,23,Germany,Europe,Western Europe,1954,55,,,54,,,65,51,,20.106141275641317
karel-hnik,19.05,88,83,12,Czech Republic,Europe,Eastern Europe,1991,85,40,89,83,,89,83,40,,22.998517738798252
marcin-mrosek,21.31,115,121,7,Poland,Europe,Eastern Europe,1990,127,,121,,,121,,,,34.32894100429243
boris-dron,21.5,148,137,7,Belgium,Europe,Western Europe,1988,141,,137,,,137,,,,43.94693770142959
pawel-franczak,19.88,150,123,6,Poland,Europe,Eastern Europe,1991,123,,123,,,123,,,,61.78160459770098
mateusz-taciak,21.46,140,130,20,Poland,Europe,Eastern Europe,1984,131,,144,107,,144,107,,,44.458733083258466
jose-grande,23.858852195227524,6,6,4,Spain,Europe,Southern Europe,1944,7,,7,5,,,6,,,2.3804761428476167
willy-van-neste,22.15698755088757,6,10,10,Belgium,Europe,Western Europe,1944,10,,9,,13,11,8,,,8.14111649454654
alain-nogues,22.707127169458783,9,9,1,France,Europe,Western Europe,1948,9,,9,,,,9,,,
denis-smyslov,21.67357714800015,102,98,5,Russia,Asia,Asia,1979,98,,,98,,,98,,,15.385057685949702
paul-de-keyser,20.093046378289653,91,78,14,Belgium,Europe,Western Europe,1957,77,,,78,,,77,78,,35.92819456687415
benny-vermeulen,22.640149941310572,84,72,14,Belgium,Europe,Western Europe,1957,76,,26,75,,,73,71,,48.196484300217364
john-archibald,22.12,153,133,7,Great Britain,Europe,Northern Europe,1990,133,,133,,,133,,,,40.376796731361864
emil-vinjebo,20.45,92,88,13,Denmark,Europe,Northern Europe,1994,91,54,93,68,,93,,61,,18.327854659240845
daniel-munoz,18.83,98,99,7,Colombia,America,America,1996,99,,99,,,99,,,,32.251245823112896
ettore-pastorelli,22.14665586121079,8,24,13,Italy,Europe,Southern Europe,1966,47,,24,,,43,12,,,37.073904015821675
dries-de-pooter,18.42,77,75,7,Belgium,Europe,Western Europe,2002,76,,58,82,,,75,,,25.636655305208894
tim-van-dijke,20.72,78,79,4,Netherlands,Europe,Western Europe,2000,82,,68,,113,117,42,,,43.71403283462493
arnaud-de-lie,23.55,24,39,8,Belgium,Europe,Western Europe,2002,41,,44,,1,37,49,,,41.87545308923322
erik-nordsaeter-resell,20.08595652231397,68,66,13,Norway,Europe,Northern Europe,1996,66,,66,,67,67,61,,,15.214281414985035
liam-slock,22.07,57,57,1,Belgium,Europe,Western Europe,2000,57,,57,,,,57,,,
pierre-gautherat,22.34,82,82,1,France,Europe,Western Europe,2003,82,,82,,,,82,,,
sander-de-pestel,21.86,88,87,4,Belgium,Europe,Western Europe,1998,87,,88,,83,83,88,,,2.6299556396765835
andre-carvalho,20.15,105,102,14,Portugal,Europe,Southern Europe,1997,104,109,104,,76,88,118,109,,21.730618496024913
louis-bendixen,20.484382762756617,89,89,2,Denmark,Europe,Northern Europe,1995,89,,89,,,81,97,,,11.313708498984761
gilles-de-wilde,22.4,114,117,4,Belgium,Europe,Western Europe,1999,117,,115,,123,114,120,,,17.211914478058507
alexandre-balmer,19.19,80,78,12,Switzerland,Europe,Western Europe,2000,81,51,88,,,85,90,36,81,28.808142788265453
antonio-puppio,21.68,107,105,3,Italy,Europe,Southern Europe,1999,107,,105,,,116,99,,,12.662279942148388
ward-vanhoof,21.68,64,69,9,Belgium,Europe,Western Europe,1999,70,,68,,74,69,72,,,28.46098694314338
gleb-syritsa,23.55,106,97,10,Russia,Asia,Asia,2000,98,,97,,,98,94,,,35.72363052347532
milan-fretin,21.13,117,117,1,Belgium,Europe,Western Europe,2001,117,,117,,,,117,,,
ceriel-desal,21.05,112,112,2,Belgium,Europe,Western Europe,1999,111,,112,,,104,119,,,10.606601717798213
samuel-watson,19.66,98,94,10,Great Britain,Europe,Northern Europe,2001,97,,93,97,74,74,96,,,41.56240288209205
william-blume-levy,21.79233302955333,99,100,4,Denmark,Europe,Northern Europe,2001,102,,104,,89,99,102,,,17.61628034896508
nathan-vandepitte,21.7,129,129,1,France,Europe,Western Europe,2000,129,,129,,,,129,,,
luc-de-decker,20.789086996313014,10,23,10,Belgium,Europe,Western Europe,1960,35,,23,,,23,23,,,29.43712697333835
silvano-ricco,22.10689376138335,3,25,3,Italy,Europe,Southern Europe,1959,34,,36,3,,36,3,,,39.551653989856526
thomas-durst,20.52692431885407,40,52,7,Germany,Europe,Western Europe,1967,74,,39,83,,19,70,83,,40.04461797259937
rik-van-linden,21.4010881994499,8,22,14,Belgium,Europe,Western Europe,1949,58,22,6,110,11,4,36,67,,37.761614907728195
bruno-huerlimann,20.721602275085182,41,36,4,Switzerland,Europe,Western Europe,1962,52,,36,,,58,28,,,29.14761282392322
arne-marit,21.04,104,89,37,Belgium,Europe,Western Europe,1999,90,,88,,111,85,91,,,47.33539520950089
henok-mulubrhan,19.37,90,102,22,Eritrea,Africa,Africa,1999,106,,102,,,161,99,,,37.37319107669844
nicolas-dalla-valle,20.817912675529797,124,118,21,Italy,Europe,Southern Europe,1997,120,,118,,,,118,,,42.22440052860431
martin-marcellusi,20.96,108,95,21,Italy,Europe,Southern Europe,2000,96,,95,,,,95,,,43.47084408789741
alessandro-iacchi,20.42,117,116,26,Italy,Europe,Southern Europe,1999,118,,116,,,130,112,,,32.68434111078505
diego-pablo-sevilla,21.89,106,105,25,Spain,Europe,Southern Europe,1996,107,,105,,,84,109,,,27.74785276977902
volodymyr-dyudya,22.16,122,106,28,Ukraine,Europe,Eastern Europe,1983,108,106,102,109,,,89,140,,56.95640215139775
jose-antonio-carrasco-ramirez,21.069963699355768,74,77,20,Spain,Europe,Southern Europe,1980,78,76,,94,,,,77,,42.23754877257662
jorgen-bo-petersen,18.177604816630872,86,80,24,Denmark,Europe,Northern Europe,1970,82,,80,,,62,86,,,41.123003894114575
ruslan-gryschenko,21.450704078319358,119,110,28,Ukraine,Europe,Eastern Europe,1981,115,,110,,,147,103,,,38.801898169900156
bogdan-bondariew,20.875989014002453,113,108,19,Ukraine,Europe,Eastern Europe,1974,111,,108,,,54,114,,,43.547379588281174
bruno-wolfer,21.754428678088644,12,15,25,Switzerland,Europe,Western Europe,1954,22,18,21,7,,13,14,16,20,13.545355907714889
maxime-cam,21.36,130,127,6,France,Europe,Western Europe,1992,127,,,127,,,127,,,13.227496613746178
julian-kern,19.84,108,105,16,Germany,Europe,Western Europe,1989,106,88,87,123,,87,123,88,,41.1379792081883
magno-prado,21.97,110,118,4,Brazil,America,America,1986,119,,118,,,118,,,,34.39476704383968
leszek-plucinski,19.27,115,110,18,Poland,Europe,Eastern Europe,1990,109,,89,131,,89,131,,,33.2581505072576
martijn-budding,21.16,125,124,10,Netherlands,Europe,Western Europe,1995,128,,117,132,,126,123,,,34.413175771304026
tim-ariesen,21.13,134,134,4,Netherlands,Europe,Western Europe,1994,136,,134,,,134,,,,44.684076209167245
murilo-ferraz-affonso,20.57,142,134,4,Brazil,America,America,1991,135,,134,,,134,,,,35.81898937714463
caio-godoy-ormenese,20.99286752945718,143,119,4,Brazil,America,America,1995,116,,119,,,119,,,,57.80426743185431
piotr-brozyna,19.26,152,148,4,Poland,Europe,Eastern Europe,1995,148,,148,,,148,,,,16.603212540549695
patryk-stosz,21.46,168,164,4,Poland,Europe,Eastern Europe,1994,165,,164,,,164,,,,17.748239349298846
stephan-gottschling,21.30341502693553,54,54,16,Germany,Europe,Western Europe,1968,56,,69,44,,,54,,,22.668627366178715
massimo-cigana,22.34,42,73,17,Italy,Europe,Southern Europe,1974,88,42,145,44,,145,33,141,42,60.52175107299174
thomas-muhlbacher,20.99,36,34,9,Austria,Europe,Western Europe,1974,35,,,34,,,34,,,17.698870020427858
svein-gaute-holestol,24.25,70,71,9,Norway,Europe,Northern Europe,1971,71,,,71,,,71,,,29.042115013277606
jan-bratkowski,22.632671134718176,31,43,7,Germany,Europe,Western Europe,1975,43,,,43,,,43,,,34.60250472629595
kirk-willett,17.50688655101229,80,80,9,United States,America,America,1970,82,,,80,,,80,,,29.167619032070476
dominique-perras,24.870603386047232,108,98,15,Canada,America,America,1974,99,85,103,97,,,100,,85,23.754297856738823
jochen-summer,20.353611362180448,116,97,6,Austria,Europe,Western Europe,1977,99,39,121,106,,121,106,,39,34.50797009387831
jamie-peter-drew,21.73733997679395,114,100,6,Australia,Oceania,Oceania,1973,101,,129,95,,,100,,,43.421960649729606
lukas-spengler,22.07,74,75,3,Switzerland,Europe,Western Europe,1994,75,,75,,,76,74,,,24.515301344262525
dimitri-peyskens,20.83,84,84,6,Belgium,Europe,Western Europe,1991,86,131,74,,,82,72,131,,30.824773586624552
benjamin-declercq,20.23,103,93,13,Belgium,Europe,Western Europe,1994,94,110,90,,94,77,98,110,,31.519428278037644
jan-willem-van-schip,22.32,93,93,1,Netherlands,Europe,Western Europe,1994,93,,93,,,,93,,,
justin-jules,22.95,86,80,7,France,Europe,Western Europe,1986,87,,90,,22,29,119,,,53.315770917913476
dainis-ozols,23.36,46,40,5,Latvia,Europe,Northern Europe,1966,44,40,40,,,,40,28,63,24.443813123160634
massimo-graziato,22.28,151,143,28,Italy,Europe,Southern Europe,1988,146,141,99,153,,99,159,143,,34.86421127048807
luca-dodi,20.06,141,133,20,Italy,Europe,Southern Europe,1987,134,123,,151,,,,133,,32.0047282691003
daan-holst,21.76036631632206,39,32,5,Belgium,Europe,Western Europe,1945,39,,40,1,,46,23,,,18.681541692269406
jurg-schneider,19.584961382121282,5,5,3,Switzerland,Europe,Western Europe,1949,5,,,5,,,5,,,1.5275252316519465
mathijs-de-koning,20.82815166569973,6,7,5,Netherlands,Europe,Western Europe,1949,10,,16,5,,16,5,,,5.272570530585627
albert-hitchen,20.440077972061005,7,7,2,Great Britain,Europe,Northern Europe,1938,7,,,7,,,7,,,0.0
bernt-johansson,22.92,14,17,9,Sweden,Europe,Northern Europe,1953,20,11,16,23,,14,20,13,10,10.8755587340503
regis-roqueta,23.874005377148663,17,17,1,France,Europe,Western Europe,1956,17,,17,,,17,,,,
gene-michael-bates,21.36,140,127,8,Australia,Oceania,Oceania,1981,128,95,131,,,131,,,95,31.9550465498018
remo-rocchia,20.480318144272545,2,2,2,Italy,Europe,Southern Europe,1951,2,,,2,,,2,,,1.4142135623730951
aivaras-baranauskas,22.878588192479974,72,82,18,Lithuania,Europe,Northern Europe,1980,86,,82,,69,87,38,,,34.50627488640215
sebastian-siedler,22.15,111,98,51,Germany,Europe,Western Europe,1978,99,120,81,95,,81,84,122,,49.079631173007314
hans-dekkers-1,24.34,93,88,8,Netherlands,Europe,Western Europe,1981,87,,104,40,,104,40,,,58.55400437691199
andre-meuwissen,22.423069410282995,22,36,11,Belgium,Europe,Western Europe,1962,45,,38,39,21,31,48,39,,20.35101069636681
steven-caethoven,21.63,75,78,7,Belgium,Europe,Western Europe,1981,86,,68,,140,61,92,,,48.548453950176224
oleg-chuzhda,21.52758569193672,73,88,3,Ukraine,Europe,Eastern Europe,1985,88,64,135,,,,135,64,,41.968241961432376
leo-schoenenberger,20.98925609089125,5,27,11,Switzerland,Europe,Western Europe,1963,67,15,108,3,,108,3,,15,42.180779767782646
jose-fernando-pacheco,19.934186203913455,82,74,4,Spain,Europe,Southern Europe,1962,95,,75,69,,,75,69,,41.637323000724564
falk-boden,20.49946768002133,69,78,26,Germany,Europe,Western Europe,1960,86,,81,77,,97,24,85,,50.38516265116761
gianluca-bordignon,20.804198092216428,95,95,1,Italy,Europe,Southern Europe,1966,95,,95,,,95,,,,
sebastien-flicher,20.559958816852458,102,102,2,France,Europe,Western Europe,1968,111,,102,,,102,,,,55.154328932550705
richard-parra,19.426892065923827,142,142,1,Venezuela,America,America,1964,142,,142,,,142,,,,
barry-markus,23.41,162,163,8,Netherlands,Europe,Western Europe,1991,163,153,,165,,,,163,,17.679184693547704
sebastian-lander,22.86,156,157,12,Denmark,Europe,Northern Europe,1991,157,168,,154,130,130,,159,,16.93481262925217
vladimir-muravski,21.040774880908504,5,15,9,Belarus,Europe,Eastern Europe,1959,53,,15,,,,15,,,30.105831845526396
martin-emilio-rodriguez,22.09,14,14,3,Colombia,America,America,1942,14,14,,14,,,,14,,4.0
antonio-martos,20.81911467807624,25,23,5,Spain,Europe,Southern Europe,1946,28,16,36,30,,36,,18,25,11.30044246921332
vicente-lopez-carril,20.73237152574572,19,33,15,Spain,Europe,Southern Europe,1942,77,12,31,46,,31,52,16,,44.329609582245205
giancarlo-polidori,18.98484183316918,3,9,7,Italy,Europe,Southern Europe,1943,14,11,0,10,,,0,17,9,11.54288071661902
jean-louis-danguillaume,20.37238848546388,22,25,9,France,Europe,Western Europe,1949,25,24,30,8,,28,32,21,20,9.553940431977676
herculano-ferreira-de-oliveira,21.01153080445236,24,24,1,Portugal,Europe,Southern Europe,1946,24,24,,,,,,24,,
fabrizio-fabbri,19.056009566887017,21,16,7,Italy,Europe,Southern Europe,1948,20,17,,12,,,,17,15,9.235026490796564
karl-heinz-kuster,21.700002986199348,27,27,1,Germany,Europe,Western Europe,1949,27,27,,,,,,27,,
jurgen-tschan,21.71,28,26,7,Germany,Europe,Western Europe,1947,28,28,30,18,,25,46,21,,12.893335303097304
juan-santiago-zurano,21.611116059494694,58,58,2,Spain,Europe,Southern Europe,1948,65,38,78,,,78,,38,,28.284271247461902
lennert-van-eetvelt,20.34,29,52,13,Belgium,Europe,Western Europe,2001,51,,31,85,,32,74,,,39.82155710486985
louis-barre,20.09,89,92,17,France,Europe,Western Europe,2000,98,46,80,154,,89,118,45,48,52.69752756785375
luca-van-boven,21.22,78,83,6,Belgium,Europe,Western Europe,2000,83,,77,,117,82,85,,,22.88813375237629
thomas-bonnet,22.899068713036662,67,79,3,France,Europe,Western Europe,1998,83,,79,,,85,67,,,49.1121166312347
lennert-teugels,20.9,88,88,2,Belgium,Europe,Western Europe,1993,86,,88,,,,88,,,26.870057685088806
marco-tizza,19.38,92,98,6,Italy,Europe,Southern Europe,1992,97,91,99,,,81,103,,91,20.69541011915444
bastien-tronchon,21.04,77,77,1,France,Europe,Western Europe,2002,77,,77,,,,77,,,
danny-van-der-tuuk,19.75,104,104,2,Poland,Europe,Eastern Europe,1999,103,,104,,,,104,,,12.727922061357855
felix-engelhardt,20.99,66,68,10,Germany,Europe,Western Europe,2000,69,,96,60,107,107,62,84,,36.463832918538756
alexis-guerin,20.66,93,93,2,France,Europe,Western Europe,1992,94,,93,,,,93,,,5.656854249492381
mathis-le-berre,21.95,94,89,11,France,Europe,Western Europe,2001,92,,98,94,22,22,95,,,37.556018764700625
clement-alleno,21.3,141,141,1,France,Europe,Western Europe,2000,141,,141,,,,141,,,
alexandre-naulleau,21.74,71,82,5,France,Europe,Western Europe,1981,82,,82,,,82,,,,27.2910241654651
david-drouin,22.227830548716714,62,62,2,Canada,America,America,1995,62,62,,,,,,62,,27.577164466275352
fons-van-katwijk,22.89,18,38,11,Netherlands,Europe,Western Europe,1951,59,,38,,,29,45,,,37.14590397093846
julien-trarieux,21.2,75,75,9,France,Europe,Western Europe,1992,76,,75,,,72,84,,,20.93442141545832
corentin-ermenault,21.0,112,99,4,France,Europe,Western Europe,1996,100,,89,103,,,99,,,54.125625477525276
filippo-fortin,23.29,125,112,9,Italy,Europe,Southern Europe,1989,113,,112,,,109,122,,,46.314144707637645
jan-tilborg,20.903452686752082,14,14,1,Netherlands,Europe,Western Europe,1953,14,,14,,,14,,,,
fredrik-ludvigsson,19.88,80,86,12,Sweden,Europe,Northern Europe,1994,87,84,86,,,,86,84,,33.27149567185738
miguel-angel-benito,20.45,128,112,7,Spain,Europe,Southern Europe,1993,118,,116,90,,,116,90,,34.811054620759826
flip-vandeghinste,21.858838420511596,63,62,6,Belgium,Europe,Western Europe,1956,67,,62,,,,62,,,28.80740645505365
jaime-tomas,17.749241509500973,27,34,4,Spain,Europe,Southern Europe,1967,48,,54,14,,,37,24,,31.68990375498165
dick-dekker,23.579629215689312,39,65,3,Netherlands,Europe,Western Europe,1965,87,,78,39,,78,,39,,61.85736280616345
manuel-guijarro,20.098148663872184,111,100,6,Spain,Europe,Southern Europe,1963,114,,113,98,,,113,98,,52.50809461406879
jesus-maria-arambarri,19.17860211081207,45,38,5,Spain,Europe,Southern Europe,1964,47,2,,48,,,,38,,22.277791632026727
jose-angel-gomez,20.781580171647523,48,48,1,Spain,Europe,Southern Europe,1965,48,,,48,,,,48,,
aurelio-robles,18.995003553454854,60,60,2,Spain,Europe,Southern Europe,1964,58,,,60,,,,60,,14.849242404917497
javier-garciandia,22.322928703626225,8,22,3,Spain,Europe,Southern Europe,1965,44,,,22,,,7,51,,25.423086620891127
francisco-javier-ochaita,21.154437997595654,54,54,1,Spain,Europe,Southern Europe,1965,54,,,54,,,,54,,
jose-antonio-casajus,20.489938317195723,49,49,2,Spain,Europe,Southern Europe,1965,48,,43,55,,,43,55,,8.48528137423857
antonio-balboa,22.31,59,77,3,Spain,Europe,Southern Europe,1964,79,,,77,,,,77,,38.31448812133603
juan-carlos-arribas,20.797789758663903,63,63,1,Spain,Europe,Southern Europe,1966,63,,,63,,,,63,,
jose-ignacio-moratinos,19.970747488990213,74,74,2,Spain,Europe,Southern Europe,1963,76,,81,67,,,81,67,,9.899494936611665
edi-kagi,20.59485368287344,71,71,1,Switzerland,Europe,Western Europe,1960,71,,,71,,,,71,,
jose-luis-moran,23.239384243036756,46,54,4,Spain,Europe,Southern Europe,1965,65,,10,97,,,10,97,,53.38226921616078
kari-myyrylainen,22.445381632940652,77,77,1,Finland,Europe,Northern Europe,1963,77,,,77,,,,77,,
masatoshi-ichikawa,22.961956927383635,78,79,9,Japan,Asia,Asia,1961,83,59,119,74,,,119,67,,26.506812541516776
juan-ramon,20.968635213140008,60,78,4,Spain,Europe,Southern Europe,1963,100,,77,79,,,77,79,,64.63422725873137
vicente-prado,23.32,58,50,4,Spain,Europe,Southern Europe,1965,66,,40,83,,,40,83,,39.90405159045048
frederic-guedon,18.924640768493383,87,87,1,France,Europe,Western Europe,1962,87,,,87,,,,87,,
isidro-araujo,20.979565134888993,90,90,1,Spain,Europe,Southern Europe,1964,90,,,90,,,,90,,
jose-antonio-sanchez-valencia,21.287912236641393,96,96,2,Spain,Europe,Southern Europe,1965,97,,,96,,,,96,,7.7781745930520225
jose-julian-balaguer,18.793405530968915,92,92,1,Spain,Europe,Southern Europe,1963,92,,,92,,,,92,,
benny-heylen,18.421225194223425,60,53,7,Belgium,Europe,Western Europe,1962,66,,52,56,,,45,103,,40.41864256338487
patrick-van-passel,21.487448721203386,76,76,2,Netherlands,Europe,Western Europe,1964,83,,47,104,,,47,104,,40.30508652763321
arjan-jagt,21.293667588401163,77,67,4,Netherlands,Europe,Western Europe,1966,87,,32,102,,,32,102,,44.30951741255295
jean-jacques-philipp,21.344620598535563,56,56,2,France,Europe,Western Europe,1961,101,,4,109,,,4,109,,74.24621202458749
john-baldi,20.036184669135807,6,28,5,Italy,Europe,Southern Europe,1966,87,,12,32,,,6,114,,48.4386209547712
fabien-sanchez,21.22,91,97,15,France,Europe,Western Europe,1983,106,,97,,,117,80,,,49.78353141351064
naglis-ciplijauskas,22.27605537658874,48,47,4,Lithuania,Europe,Northern Europe,1970,68,,61,4,,,47,,,33.55964838909967
bernardo-gonzalez-milano,22.19213191847722,23,26,3,Spain,Europe,Southern Europe,1969,32,,26,,,,26,,,27.15388247255507
andrzej-dulas,21.643964565858667,88,88,2,Poland,Europe,Eastern Europe,1965,95,,88,,,,88,,,24.748737341529164
jose-andres-ripoll-jover,22.31,49,64,6,Spain,Europe,Southern Europe,1965,117,,64,,,,64,,,66.21706728631221
benedito-ferreira,23.748500715998006,123,134,11,Portugal,Europe,Southern Europe,1956,134,,,134,,,137,134,,23.139890783116186
marc-somers,19.66477230737971,118,97,14,Belgium,Europe,Western Europe,1961,111,,47,110,,,55,128,,56.41116715881512
kristof-goddaert,21.74,46,56,21,Belgium,Europe,Western Europe,1986,60,,54,,64,58,49,,,40.98850012939169
frans-verbeeck,20.176182814862436,4,5,52,Belgium,Europe,Western Europe,1941,6,8,5,9,0,5,4,9,7,4.5099186817322
robert-mintkiewicz,22.128338607233115,39,58,9,France,Europe,Western Europe,1947,84,,27,119,,27,97,,,49.35444368150766
jean-luc-yansenne,22.780948139206846,24,24,2,Belgium,Europe,Western Europe,1952,22,,24,,,18,30,,,8.48528137423857
jean-pierre-berckmans,20.169132764317567,29,29,10,Belgium,Europe,Western Europe,1948,27,,29,,,31,27,,,11.140017953306897
carlos-cuyle,21.402602774288475,30,28,3,Belgium,Europe,Western Europe,1953,26,,28,,,21,32,,,6.244997998398398
daniel-verplancke,21.368510271150843,30,25,6,Belgium,Europe,Western Europe,1948,30,,25,,,23,32,,,15.970806700560454
jos-spruyt,20.3282566365339,19,19,10,Belgium,Europe,Western Europe,1943,20,,19,,,22,18,,,7.574812062208394
luc-d-hondt,20.453736775561225,8,12,4,Belgium,Europe,Western Europe,1951,22,,15,4,,15,4,,,12.503332889007368
jos-gysemans,18.85749606461514,32,32,1,Belgium,Europe,Western Europe,1952,32,,32,,,32,,,,
benny-ceulen,21.3355140944297,33,33,1,Netherlands,Europe,Western Europe,1951,33,,33,,,33,,,,
jacques-mourioux,21.67,8,15,8,France,Europe,Western Europe,1948,29,,15,,,12,41,,,14.637891143974842
johnny-soenens,18.231330727597225,36,36,1,Belgium,Europe,Western Europe,1951,36,,36,,,36,,,,
karl-heinz-muddemann,21.513436544788213,12,20,5,Germany,Europe,Western Europe,1950,29,,36,9,,39,16,12,,15.4983870128475
roger-gilson,21.6,21,22,5,Luxembourg,Europe,Western Europe,1947,29,,22,,,22,25,,,12.235195135346228
alfred-gaida,22.76,40,40,2,Germany,Europe,Western Europe,1951,41,,40,,,41,40,,,0.7071067811865476
karel-sels,20.159686737822796,42,42,1,Belgium,Europe,Western Europe,1951,42,,42,,,42,,,,
frans-verhaegen,21.659934204777926,26,27,8,Belgium,Europe,Western Europe,1948,35,,27,,,17,44,,,18.126539343499314
marc-lievens,21.244695529661428,20,22,8,Belgium,Europe,Western Europe,1948,30,,25,1,,28,19,,,15.165750888103101
eddy-goossens,20.521178675478296,36,27,5,Belgium,Europe,Western Europe,1946,39,6,41,,,44,36,6,,19.84187491140895
willy-detemmerman,21.680845802225036,50,50,1,Belgium,Europe,Western Europe,1952,50,,50,,,50,,,,
raphael-constant,22.10896089812355,53,53,1,Belgium,Europe,Western Europe,1948,53,,53,,,53,,,,
eric-serlet,20.2092534261314,54,54,1,Belgium,Europe,Western Europe,1950,54,,54,,,54,,,,
dave-lloyd,25.69,20,25,4,Great Britain,Europe,Northern Europe,1949,41,,37,13,,37,4,22,,21.494185260204677
frans-mintjens,22.80289535365423,21,24,10,Belgium,Europe,Western Europe,1946,29,,27,1,,33,21,,,17.689921801221544
michael-wright,21.922159838760088,24,24,9,Great Britain,Europe,Northern Europe,1941,33,11,31,31,,33,28,16,,17.727097901235837
jos-huysmans,19.536162144215176,19,28,17,Belgium,Europe,Western Europe,1941,35,,26,64,,21,29,64,,19.1858173720927
willy-in-t-ven,23.60002281258664,23,27,11,Belgium,Europe,Western Europe,1943,38,13,29,,,27,31,,13,22.5404686569008
joseph-abelshausen,22.948202173622832,11,21,5,Belgium,Europe,Western Europe,1949,34,,21,,,21,,,,24.285798319182344
luc-de-croock,23.89445235664825,63,63,1,Belgium,Europe,Western Europe,1953,63,,63,,,63,,,,
roger-swerts,23.15,9,17,19,Belgium,Europe,Western Europe,1942,24,9,17,,,15,20,9,,17.944521391032314
willy-van-malderghem,20.136103011196216,34,34,2,Belgium,Europe,Western Europe,1949,60,,34,,,65,4,,,43.1335136523794
bernard-draux,23.483502463702745,39,43,3,Belgium,Europe,Western Europe,1951,53,,43,,,70,29,,,25.696951829610715
willy-scheers,20.12494277703374,30,39,3,Belgium,Europe,Western Europe,1947,48,,39,,,44,30,,,31.480152477394387
gunther-haritz,21.84094989204186,76,76,1,Germany,Europe,Western Europe,1948,76,,76,,,76,,,,
richard-bukacki,22.548157159746157,35,44,3,Netherlands,Europe,Western Europe,1946,54,,48,,35,56,19,,,29.955522584881294
eddy-cael,19.66210326111102,22,34,6,Belgium,Europe,Western Europe,1945,43,,34,,,31,40,,,27.147129989497355
louis-verreydt,21.060782356870345,50,50,2,Belgium,Europe,Western Europe,1950,57,,50,,,50,,,,41.71930009000631
andre-delcroix,20.93917028917016,44,44,2,Belgium,Europe,Western Europe,1953,70,,44,,,44,,,,52.32590180780452
jan-stockli,19.785728763188914,113,113,13,Switzerland,Europe,Western Europe,1999,113,,113,,,102,126,,,42.61349852347559
donavan-grondin,22.74,119,103,13,France,Europe,Western Europe,2000,102,,86,128,104,88,128,,,35.74302872678955
lucas-eriksson,19.75,84,95,11,Sweden,Europe,Northern Europe,1996,104,64,102,,,109,44,64,,41.433846506975875
alessandro-santaromita,21.006668293948636,66,97,7,Italy,Europe,Southern Europe,1999,99,,97,,,97,,,,50.197704367924274
negasi-abreha,22.37295164014309,134,136,9,Ethiopia,Africa,Africa,2000,137,,136,,,136,,,,22.918939281253348
stefano-gandin,20.16,133,133,17,Italy,Europe,Southern Europe,1996,134,,133,,,131,134,,,27.408671878032454
manuele-tarozzi,19.942861608367323,149,144,8,Italy,Europe,Southern Europe,1998,145,,144,,,144,,,,20.12106217020222
asbjorn-kragh-andersen,21.74,113,100,16,Denmark,Europe,Northern Europe,1992,100,,64,,112,112,64,,,34.838436627763116
thimo-willems,21.88,84,88,3,Belgium,Europe,Western Europe,1996,91,,90,,84,84,90,,,30.6648550189518
adrien-garel,22.02,133,133,1,France,Europe,Western Europe,1996,133,,133,,,,133,,,
emiel-planckaert,20.6,133,130,3,Belgium,Europe,Western Europe,1996,131,128,136,,,,136,133,122,7.371114795831993
christopher-lawless,22.72,149,128,6,Great Britain,Europe,Northern Europe,1995,132,82,152,,,152,150,65,98,37.77521233119236
noel-vantyghem,19.253098954440574,3,3,3,Belgium,Europe,Western Europe,1947,2,,3,,,3,,,,0.5773502691896258
cees-rentmeester,22.43567751262215,22,24,6,Netherlands,Europe,Western Europe,1947,24,,24,,,13,34,,,14.162156144693034
frans-kerremans,21.07993220357802,11,17,3,Belgium,Europe,Western Europe,1947,13,,17,,,11,20,,,19.139836293274126
raymond-steegmans,20.82380350851934,15,36,3,Belgium,Europe,Western Europe,1945,47,,36,,,14,78,,,36.665151483845435
emile-bodart,21.853610497625667,26,31,4,Belgium,Europe,Western Europe,1942,36,,31,,,24,52,,,15.121728296285006
jan-janssen,25.1,6,11,16,Netherlands,Europe,Western Europe,1940,14,35,8,15,,8,9,25,,9.715751815136764
harrie-jansen,22.6,27,25,6,Netherlands,Europe,Western Europe,1947,28,36,20,,31,19,36,36,,13.21615173439934
rini-wagtmans,20.13828363354287,25,27,7,Netherlands,Europe,Western Europe,1946,31,25,22,36,,28,16,32,,13.877010793806736
pol-mahieu,20.592686753833874,28,32,5,Belgium,Europe,Western Europe,1944,40,,32,,,22,48,,,19.62906008957128
jacques-cadiou,22.01098654635735,18,24,6,France,Europe,Western Europe,1943,41,,24,,,11,50,,,22.7508241608958
eddy-peelman,24.225878880960437,9,19,10,Belgium,Europe,Western Europe,1947,32,,19,,,15,28,,,19.158983967493334
jose-catieau,20.12349276040103,26,24,10,France,Europe,Western Europe,1946,26,,24,,,24,24,,,10.733643887846807
marc-sohet,23.640420529542887,25,18,5,Belgium,Europe,Western Europe,1947,25,0,29,,,32,25,0,,16.330952207388275
franky-ebo,18.3246602518563,38,38,1,Belgium,Europe,Western Europe,1945,38,,38,,,38,,,,
desire-letort,22.597560129792345,30,27,4,France,Europe,Western Europe,1943,33,,27,,,24,30,,,15.107944929738128
willy-van-den-eynde,20.647912255162417,27,26,7,Belgium,Europe,Western Europe,1943,29,,27,,24,25,30,,,10.179344164485629
jean-jacques-sanquer,20.74687238041959,45,45,1,France,Europe,Western Europe,1946,45,,45,,,45,,,,
alirio-chizabas,22.570518471956333,16,14,3,Colombia,America,America,1962,18,,5,18,,,5,18,,8.18535277187245
vicente-barbera,21.683552041565832,19,19,1,Spain,Europe,Southern Europe,1963,19,,,19,,,,19,,
jose-claramunt,21.35073800801495,36,36,1,Spain,Europe,Southern Europe,1964,36,,,36,,,,36,,
joaquim-faura,18.93076136541447,38,38,1,Spain,Europe,Southern Europe,1962,38,,,38,,,,38,,
hipolito-verdu,21.979559114468294,40,40,1,Spain,Europe,Southern Europe,1963,40,,,40,,,,40,,
jesus-cruz-martin,20.21758911734423,60,73,4,Spain,Europe,Southern Europe,1963,117,,86,60,,,86,60,,73.27289175859424
pius-schwarzentruber,23.542051723007802,32,35,3,Switzerland,Europe,Western Europe,1965,52,,35,,,70,18,,,33.60059523282288
wayne-bennington,19.701959650848593,12,12,2,Great Britain,Europe,Northern Europe,1964,12,,7,17,,,12,,,7.0710678118654755
armando-ceci,21.72992072919165,13,13,2,Belgium,Europe,Western Europe,1966,13,,15,11,,,13,,,2.8284271247461903
gian-friesecke,20.55110004241854,65,63,9,Switzerland,Europe,Western Europe,1994,62,,,63,,,63,,,20.36404784035935
robin-carpenter,20.48500152682493,80,74,12,United States,America,America,1992,75,63,88,76,,,77,68,52,31.996685434398962
enzo-wouters,22.4,122,122,10,Belgium,Europe,Western Europe,1996,122,,109,125,,,122,,,17.862437310363518
humberto-parra,19.488251941657293,131,117,6,Colombia,America,America,1964,117,,,117,,,,117,,45.14864339047188
jose-roncancio,20.45139319238569,138,133,10,Colombia,America,America,1965,134,,,133,,,,133,,46.128323427393525
philippe-van-vooren,22.52725115208687,176,149,11,Belgium,Europe,Western Europe,1962,160,,54,170,,16,93,170,,55.37590549228887
unai-uribarri,19.79,106,104,8,Spain,Europe,Southern Europe,1984,104,,,104,,,104,,,18.988718455215153
jaime-alberto-castaneda,19.958120635014364,126,107,11,Colombia,America,America,1986,105,,106,108,,,107,,,50.00763578058491
kevin-vauquelin,22.28,31,36,10,France,Europe,Western Europe,2001,36,65,32,,47,25,62,,65,21.407163909931334
pavel-bittner,21.56,86,87,17,Czech Republic,Europe,Eastern Europe,2002,89,86,86,95,41,81,93,86,,47.71776706969477
phillip-gaimon,19.58,106,109,8,United States,America,America,1986,110,84,117,,,117,,84,,26.01888050737662
garrett-mcleod,22.60197378644016,96,96,2,Canada,America,America,1989,95,96,,,,,,96,,13.435028842544403
peter-harings,20.585927852499193,51,46,9,Netherlands,Europe,Western Europe,1961,60,,46,,,36,53,,,29.3759160613664
nicola-castaldo,19.27347906173116,114,122,8,Italy,Europe,Southern Europe,1967,123,,,122,,,122,,,17.449928366615147
kenneth-weltz,22.12111871766031,88,62,3,Denmark,Europe,Northern Europe,1965,86,88,91,8,,,50,88,,47.077949544700154
karl-kalin,20.126003461525055,8,34,5,Switzerland,Europe,Western Europe,1965,70,,77,5,,81,22,,,39.38908478246226
john-edibberto-martinez,21.353404758194703,110,105,6,Colombia,America,America,1983,105,,105,,,105,,,,15.71517313511584
arturo-mora,20.75,143,128,5,Spain,Europe,Southern Europe,1987,129,,128,,,128,,,,38.888301582866795
urs-graf,22.548135409252563,72,85,17,Switzerland,Europe,Western Europe,1974,89,,71,131,,,85,,,38.45002486039126
simone-campagnari,21.395296071515613,84,84,7,Italy,Europe,Southern Europe,1972,84,,84,,,,84,,,18.571611720708624
marcel-gono,20.83,92,98,6,Australia,Oceania,Oceania,1976,99,,98,,,,98,,,20.647033685253678
nevens-guy,20.409011450736298,7,7,1,Belgium,Europe,Western Europe,,7,,7,,,,7,,,
ruben-diaz-de-cerio,21.554658539182807,82,78,29,Spain,Europe,Southern Europe,1976,79,,64,83,,64,83,,,23.34729232937517
clyde-sefton,22.46,17,17,4,Australia,Oceania,Oceania,1951,21,20,,14,,,4,26,11,11.324751652906125
matija-kvasina,22.22,33,42,7,Croatia,Europe,Southern Europe,1981,40,35,85,,,85,,36,27,21.759508047660233
andrei-nechita,21.2,90,90,2,Romania,Europe,Eastern Europe,1988,111,90,,,,,,90,,61.518289963229634
christophe-faudot,19.17379968809233,122,125,6,France,Europe,Western Europe,1968,125,,,125,,,,125,,33.27862176633321
camilo-santos,23.034903321732276,60,62,9,Spain,Europe,Southern Europe,1964,70,,64,49,,,64,49,,29.7279329923895
fabrizio-arzilli,19.937968877866417,15,15,1,Italy,Europe,Southern Europe,1972,15,,,15,,,15,,,
adrian-kurek,21.26,114,104,14,Poland,Europe,Eastern Europe,1988,106,,127,99,66,124,99,,,41.369681524644946
michael-kolar,26.3,132,115,19,Slovakia,Europe,Eastern Europe,1992,119,18,123,117,,121,120,,18,41.95500235040181
jesper-asselman,20.38,97,90,14,Netherlands,Europe,Western Europe,1990,95,,95,102,28,59,102,,,44.66905165575128
jakub-kaczmarek,20.15,112,106,10,Poland,Europe,Eastern Europe,1993,107,,89,108,,,106,,,40.22381826176569
yvan-martin,19.55312253069513,45,55,14,France,Europe,Western Europe,1973,61,53,76,,,,76,53,,44.615327775636395
michel-nottebart-2,20.620214419992383,82,82,1,Belgium,Europe,Western Europe,1971,82,,82,,,,82,,,
raymond-meijs,19.448652289839906,53,63,9,Netherlands,Europe,Western Europe,1968,65,,64,,53,54,74,,,20.45184044964604
dean-woods,24.034714704156617,28,34,8,Australia,Oceania,Oceania,1966,44,,34,,,22,42,,,24.47739481936052
werner-wuller,21.3757205231763,32,48,4,Germany,Europe,Western Europe,1961,78,,48,,,6,89,,,54.604639607515644
imanol-ayestaran,20.316881398882767,86,88,13,Spain,Europe,Southern Europe,1974,88,,88,90,,,88,90,,27.677168226277068
iban-sastre-estevez,22.629389630041775,68,73,27,Spain,Europe,Southern Europe,1977,78,,74,68,,162,69,,,37.78191279531695
fabio-testi,21.695661440117497,109,108,10,Italy,Europe,Southern Europe,1976,109,,122,94,,,108,,,19.355160092911202
david-vazquez,22.87583936760863,71,77,17,Spain,Europe,Southern Europe,1975,82,,99,47,,,77,,,41.05797550953014
markus-eberli,21.357381433092424,8,8,2,Switzerland,Europe,Western Europe,1963,8,,,8,,,8,,,0.7071067811865476
vladislav-kulikov,21.559009467081037,71,73,5,Russia,Asia,Asia,1996,73,,,,73,73,,,,8.927485648266256
leonardo-tortomasi,19.397750529896573,89,99,5,Italy,Europe,Southern Europe,1994,99,,,,99,99,,,,20.334699407662754
michael-carbel,22.53,95,79,6,Denmark,Europe,Northern Europe,1995,79,,,,79,79,,,,43.48333013926141
rolando-ovando,23.38,13,13,1,Guatemala,America,America,1963,13,,,13,,,,13,,
carlos-emirio-gutierrez,21.003235448997128,6,27,5,Colombia,America,America,1960,57,,26,33,,,26,33,,40.329889660151565
juan-martin-zapatero-marcos,20.396495391704615,35,35,1,Spain,Europe,Southern Europe,1964,35,,,35,,,,35,,
emilio-garcia-perez,21.409127183740193,55,55,1,Spain,Europe,Southern Europe,1959,55,,,55,,,,55,,
jorge-perez,22.39287139970302,68,68,1,Spain,Europe,Southern Europe,1964,68,,,68,,,,68,,
manuel-carrera-punzon,22.34773949274881,14,27,4,Spain,Europe,Southern Europe,1962,42,,12,71,,,12,71,,29.832867780352597
jesus-gabriel-arguintxona-abarrategui,20.51331129492808,63,63,2,Spain,Europe,Southern Europe,1962,63,,51,75,,,51,75,,16.97056274847714
jose-antonio-borja,19.96050908899101,84,84,1,Spain,Europe,Southern Europe,1964,84,,,84,,,,84,,
jose-maria-palacin-salgado,21.723756419823182,71,71,2,Spain,Europe,Southern Europe,1964,64,,51,91,,,51,91,,28.284271247461902
jan-koba,23.080833616343874,88,80,5,Czech Republic,Europe,Eastern Europe,1962,91,,77,93,,107,48,93,,33.54549150034919
sander-cordeel,22.88,114,106,16,Belgium,Europe,Western Europe,1987,108,,124,108,86,101,108,,,36.83832922378538
will-routley,20.16,72,97,3,Canada,America,America,1983,107,68,,156,,,156,68,,50.96403960964371
noe-gianetti,23.553360134733968,129,126,21,Switzerland,Europe,Western Europe,1989,127,,133,113,,,126,,,19.507995918645893
higinio-fernandez,20.81,137,134,4,Spain,Europe,Southern Europe,1988,134,,134,,,,134,,,16.84240679554637
patrick-cocquyt,21.891416867172317,33,45,13,Belgium,Europe,Western Europe,1960,56,,45,,,46,44,,,34.13491332481024
renato-piccolo,21.001332358478095,158,137,14,Italy,Europe,Southern Europe,1962,149,,51,161,,93,30,161,,52.91736248857507
patrick-verplancke,20.967101136189488,50,50,2,Belgium,Europe,Western Europe,1962,49,,50,,,,50,,,12.727922061357855
yves-godimus,20.60714982319745,84,99,13,Belgium,Europe,Western Europe,1960,120,,48,143,,42,88,136,,56.61328556588199
filip-cottenies,21.18428816928123,80,75,5,Belgium,Europe,Western Europe,1962,92,,75,,,79,68,,,43.672645901067185
stefan-van-leeuwe,22.12553578532183,58,67,5,Belgium,Europe,Western Europe,1963,77,,55,116,,31,63,116,,31.913946794465897
sergio-scremin,20.999596155801378,38,44,6,Italy,Europe,Southern Europe,1963,75,,64,5,,119,29,,,43.866464031953456
koen-van-rooy,20.39036285001343,63,52,3,Belgium,Europe,Western Europe,1963,61,,52,,,42,72,,,27.2213151776324
salvatore-cavallaro,20.86589948201819,26,21,4,Italy,Europe,Southern Europe,1962,25,,27,3,,27,3,,,11.98262631201246
deno-davie,21.57222175731195,19,29,4,Great Britain,Europe,Northern Europe,1965,34,,13,77,,19,10,77,,33.1058907144937
mathieu-drujon,21.91,76,65,10,France,Europe,Western Europe,1983,64,,65,,,,65,,,45.09791815840529
jason-donald,20.528319706988796,102,102,9,United States,America,America,1980,103,,102,,,55,108,,,40.25543441574069
john-devine,21.20623158599689,115,104,5,United States,America,America,1985,105,,104,,,,104,,,29.68164415931166
denis-flahaut,23.67,170,170,2,France,Europe,Western Europe,1978,169,,170,,,,170,,,2.1213203435596424
blake-caldwell,20.008650544557778,105,108,6,United States,America,America,1984,109,,108,,,,108,,,38.43782858938141
cristian-zanolini,20.209853770138075,70,77,3,Italy,Europe,Southern Europe,1968,77,70,92,69,,,92,69,70,13.0
sebastien-duret,19.79,76,74,8,France,Europe,Western Europe,1980,76,,,74,,,74,,,32.030956009103804
eloy-teruel,22.28,136,121,7,Spain,Europe,Southern Europe,1982,121,,,121,,,121,,,46.92192096096095
jacob-rathe,21.62,126,128,12,United States,America,America,1991,132,,123,134,100,124,129,,,37.9005876663482
alexander-wetterhall,20.45,142,121,8,Sweden,Europe,Northern Europe,1986,124,,,121,,,121,,,48.34622159856076
victor-demidenko,20.807449774976714,7,8,4,Russia,Asia,Asia,1962,14,,8,,,,8,,,6.994045086119096
alejandro-paleo,21.224231717164127,143,143,1,Spain,Europe,Southern Europe,1981,143,,143,,,,143,,,
paolo-ciavatta,20.1344251544122,72,82,9,Italy,Europe,Southern Europe,1984,89,,82,,,76,131,,,39.861566005921595
marnix-lameire,21.820661328065082,4,17,7,Belgium,Europe,Western Europe,1955,25,,17,,,25,16,,,29.548990797366617
gino-de-backer,23.07908957626056,36,44,3,Belgium,Europe,Western Europe,1963,34,,44,,,36,48,,,47.50789408087881
joachim-schlaphoff,21.626741253728653,5,5,2,Germany,Europe,Western Europe,1959,7,,7,3,,,5,,,2.8284271247461903
fernando-sousa-fernandes,19.978811834812614,11,11,1,Portugal,Europe,Southern Europe,1956,11,,11,,,,11,,,
hector-patarroyo,20.557180094045332,12,16,5,Colombia,America,America,1958,19,,26,9,,,16,,,13.590437814875575
isaac-lisaso,21.499131807782597,23,23,1,Spain,Europe,Southern Europe,1965,23,,23,,,,23,,,
jens-jentner,23.014410097530728,78,78,2,Switzerland,Europe,Western Europe,1968,69,,78,,,,78,,,65.05382386916237
claudio-savini,22.11416083811995,27,28,5,Italy,Europe,Southern Europe,1956,38,29,46,4,,,25,,29,19.086644545335883
eduardo-acevedo-porras,21.580054877172387,21,29,3,Colombia,America,America,1965,42,,47,20,,,29,,,15.620499351813308
carlos-muniz,21.02677799471002,59,59,1,Spain,Europe,Southern Europe,1964,59,,59,,,,59,,,
alexandre-zinoview,19.534655462064322,62,62,1,Ukraine,Europe,Eastern Europe,1961,62,,62,,,,62,,,
adrie-kools,20.577815860000044,63,47,3,Netherlands,Europe,Western Europe,1964,62,,47,,,7,68,,,35.21836642056717
luis-fernando-mosquera,20.152476228430725,65,65,1,Colombia,America,America,1962,65,,65,,,,65,,,
bruno-bonnet,22.248828893545348,10,40,6,France,Europe,Western Europe,1967,91,,19,145,,12,21,145,,56.83660792130368
emilio-cuadrado,18.59231218771333,36,36,2,Spain,Europe,Southern Europe,1964,68,,36,,,,36,,,50.91168824543142
jesus-rodriguez-carballido,21.61045073404519,85,85,1,Spain,Europe,Southern Europe,1962,85,,85,,,,85,,,
rafael-lorenzana,21.911015931980852,97,97,1,Spain,Europe,Southern Europe,1964,97,,97,,,,97,,,
juan-guillen,21.581025202326998,55,55,2,Spain,Europe,Southern Europe,1966,96,,55,,,,55,,,67.88225099390856
joao-manuel-leitao-santos,19.70249324879703,105,105,1,Portugal,Europe,Southern Europe,1962,105,,105,,,,105,,,
bruno-surra,19.763775780180204,110,110,1,Italy,Europe,Southern Europe,1964,110,,110,,,,110,,,
eduardo-ruiz,19.767694597902896,103,76,3,Spain,Europe,Southern Europe,1966,76,,108,12,,103,114,12,,55.985117069926126
torjus-larsen,18.82942064432519,111,111,2,Norway,Europe,Northern Europe,1964,113,,111,,,,111,,,8.48528137423857
antonio-sampedro,21.64594336950418,119,119,1,Spain,Europe,Southern Europe,1965,119,,119,,,,119,,,
antonio-araujo,20.44925527809335,122,122,1,Portugal,Europe,Southern Europe,1967,122,,122,,,,122,,,
pascal-kohlvelter,24.35376055705581,124,124,1,Luxembourg,Europe,Western Europe,1965,124,,124,,,,124,,,
stephane-guay,19.62430305951226,5,30,5,France,Europe,Western Europe,1961,112,,30,,,,30,,,57.490868840190615
roberto-cordoba,21.12931457467914,8,50,7,Spain,Europe,Southern Europe,1962,117,,50,,,,50,,,74.01061699899162
joaquin-hernandez,21.644422884887078,4,27,10,Spain,Europe,Southern Europe,1964,100,,20,83,,,20,83,,51.28612547918459
sergei-sukhoruchenkov,23.24,22,67,3,Russia,Asia,Asia,1956,121,,67,,,,67,,,97.2745256135096
marko-kump,20.99,136,109,26,Slovenia,Europe,Southern Europe,1988,110,,101,144,,102,126,,,51.6642414650002
lennie-kristensen,20.9,80,74,10,Denmark,Europe,Northern Europe,1968,76,,76,51,,76,81,51,,26.807130063142196
lizuarte-martins,21.225547027793034,89,103,7,Portugal,Europe,Southern Europe,1978,106,,103,,,103,,,,27.384389018284885
damon-kluck,20.651823663096344,129,122,7,United States,America,America,1977,125,,122,,,122,,,,22.706198021056466
mikael-holst-kyneb,21.284368690984316,57,69,9,Denmark,Europe,Northern Europe,1972,75,26,56,81,,57,65,149,26,37.83186487605389
pedro-jimenez-villanueva,21.920407918372995,59,61,7,Spain,Europe,Southern Europe,1974,63,,,61,,,61,,,16.359066220877267
bjarke-schmidt-nielsen,20.605376979813425,101,79,4,Denmark,Europe,Northern Europe,1976,80,,,79,,,79,,,47.006205264127985
jean-marc-manfrin,23.096422688944962,7,7,1,France,Europe,Western Europe,1963,7,,7,,,,7,,,
gilbert-bellone,19.476101318375342,6,8,8,France,Europe,Western Europe,1942,9,,8,,,5,8,,,4.59619407771256
attilio-benfatto,20.139898231899796,34,37,3,Italy,Europe,Southern Europe,1943,49,,37,,,,37,,,30.13856886670854
lucien-aimar,22.90327670988825,15,19,8,France,Europe,Western Europe,1941,26,,19,,,7,26,,,15.464244473716041
wim-schepers,19.8594361542554,15,16,14,Netherlands,Europe,Western Europe,1943,22,,18,4,,20,15,,,10.676048987243455
johnny-schleck,20.81,18,24,6,Luxembourg,Europe,Western Europe,1942,29,,25,19,,,25,19,,17.19786808493037
victor-van-schil,22.377512694762647,16,16,8,Belgium,Europe,Western Europe,1939,17,,16,,,12,17,,,6.885543862739841
jan-valach,19.93,42,45,3,Slovakia,Europe,Eastern Europe,1973,46,45,,,,,,45,,13.203534880225572
pedro-miguel-miranda-soeiro,21.268756381594187,78,78,1,Portugal,Europe,Southern Europe,1975,78,78,,,,,,78,,
james-lewis-perry,21.327421538866666,79,79,1,South Africa,Africa,Africa,1979,79,79,,,,,,79,,
martin-prazdnovsky,20.544698568037063,84,84,1,Slovakia,Europe,Eastern Europe,1975,84,84,,,,,,84,,
john-lieswyn,23.529667035510872,85,85,1,United States,America,America,1968,85,85,,,,,,85,,
jaroslaw-zarebski,19.21623385217479,94,94,1,Poland,Europe,Eastern Europe,1979,94,94,,,,,,94,,
petr-bencik,22.53,99,91,3,Czech Republic,Europe,Eastern Europe,1976,94,91,,,,,,110,53,34.26854728950928
guillermo-ruben-bongiorno,21.042237466188517,99,98,8,Argentina,America,America,1978,98,107,97,,,86,112,107,,61.748337166737876
shinichi-fukushima,21.2,124,124,1,Japan,Asia,Asia,1971,124,124,,,,,,124,,
martin-riska,22.53,104,104,2,Slovakia,Europe,Eastern Europe,1975,104,104,,,,,,104,,30.405591591021544
bruno-ricardo-fernandes-neves,21.130496740735264,127,127,1,Portugal,Europe,Southern Europe,1981,127,127,,,,,,127,,
mitja-mahoric,20.09,130,130,1,Slovenia,Europe,Southern Europe,1976,130,130,,,,,,130,,
marcio-may,22.47,131,131,1,Brazil,America,America,1972,131,131,,,,,,131,,
rodney-green,18.857352785898605,133,133,1,South Africa,Africa,Africa,1974,133,133,,,,,,133,,
makoto-iijima,18.930496071895913,134,134,1,Japan,Asia,Asia,1971,134,134,,,,,,134,,
fridolin-keller,19.974353126166726,28,22,16,Switzerland,Europe,Western Europe,1954,34,,31,17,,20,20,31,,17.404501333467348
pablo-castrillo-zapater,22.1,111,104,8,Spain,Europe,Southern Europe,2001,107,,115,23,,115,,23,,47.52142374009552
welay-hagos-berhe,20.07,37,52,8,Ethiopia,Africa,Africa,2001,55,,,52,,,54,40,,39.79501045536811
johannes-adamietz,20.15,90,89,14,Germany,Europe,Western Europe,1998,92,,95,85,,,92,52,,38.4359750211202
mario-aparicio-munoz,20.16,67,67,1,Spain,Europe,Southern Europe,2000,67,,,67,,,,67,,
ivan-romeo,20.13,82,86,10,Spain,Europe,Southern Europe,2003,86,,88,78,75,93,83,78,,37.7625622953622
xabier-berasategi-garmendia,21.347442971276763,87,87,1,Spain,Europe,Southern Europe,2000,87,,,87,,,,87,,
bert-wekema,21.972949652618503,18,39,9,Netherlands,Europe,Western Europe,1956,70,,44,20,,18,41,,,41.021335911937335
corne-van-rijen,22.259074737695254,36,38,4,Netherlands,Europe,Western Europe,1966,45,,38,,,64,13,,,32.254198693090075
bruno-geuens,22.183224781661814,54,54,2,Belgium,Europe,Western Europe,1963,54,,54,,,,54,,,4.242640687119285
loic-le-flohic,22.18317486968493,54,54,1,France,Europe,Western Europe,1959,54,,54,,,,54,,,
kevin-deltombe,20.83,100,101,7,Belgium,Europe,Western Europe,1994,104,116,98,,,147,89,116,,26.633312473917574
mikel-aristi,22.22,143,110,12,Spain,Europe,Southern Europe,1993,111,,110,,,98,122,,,58.62722503369501
rudi-altig,21.906531142727317,1,4,4,Germany,Europe,Western Europe,1937,11,,0,5,,0,1,14,,6.733003292241386
erich-spahn,18.069110382743002,3,14,7,Switzerland,Europe,Western Europe,1948,32,55,,7,,,3,40,,20.24728082860464
paolo-botarelli,21.146358890085374,80,77,8,Italy,Europe,Southern Europe,1966,104,,98,16,,123,32,,,61.27091479650031
maurizio-nuzzi,21.520710782634435,146,146,1,Italy,Europe,Southern Europe,1965,146,,146,,,146,,,,
thomas-liese,23.15,118,108,22,Germany,Europe,Western Europe,1968,111,,103,109,,131,75,109,,45.059652621522666
hubert-hutsebaut,20.022808489361555,32,32,2,Belgium,Europe,Western Europe,1947,61,,32,,,0,65,,,45.96194077712559
roberto-longo,22.488888956723585,128,129,5,Italy,Europe,Southern Europe,1984,129,,,129,,,129,,,7.661592523751183
john-murphy,23.67,152,130,14,United States,America,America,1984,131,166,138,109,,118,128,166,,59.18108734132128
sven-vandousselaere,21.67,97,104,11,Belgium,Europe,Western Europe,1988,107,,96,126,36,66,126,,,48.68021812157004
andy-cappelle,21.43,66,84,21,Belgium,Europe,Western Europe,1979,93,,57,148,114,60,111,,,46.042268364954346
vitaliy-kondrut,24.38,148,138,7,Ukraine,Europe,Eastern Europe,1984,139,114,,142,,,142,,114,30.685811829232215
balint-szeghalmi,22.84,148,149,6,Hungary,Europe,Eastern Europe,1980,149,,,149,,,149,,,10.462631918722302
rolf-wolfshohl,21.824629812599003,5,9,11,Germany,Europe,Western Europe,1938,17,,9,11,,6,30,11,,9.954441676503464
federico-de-beni,19.894969789778298,12,22,6,Italy,Europe,Southern Europe,1973,28,,30,6,,30,6,,,20.523157651784484
christian-corre,20.706245570377856,34,35,4,France,Europe,Western Europe,1961,55,,45,3,,,35,,,32.41784488004511
james-vanlandschoot,24.31,68,63,28,Belgium,Europe,Western Europe,1978,66,,66,,51,56,91,,,28.639960797762182
ondrej-fadrny,20.685037954612312,48,48,2,Czech Republic,Europe,Eastern Europe,1978,49,,48,,,48,,,,6.363961030678928
sven-nys,22.28,40,41,8,Belgium,Europe,Western Europe,1976,42,,41,,,43,38,,,12.42046122907105
benoit-sinner,22.108242021610067,103,101,6,France,Europe,Western Europe,1984,101,,,101,,,101,,,42.94026859099354
simone-rebellin,20.586215695244487,66,66,2,Italy,Europe,Southern Europe,1970,86,,66,,,117,15,,,72.12489168102785
jean-pierre-guernion,21.238186144386308,30,30,4,France,Europe,Western Europe,1958,31,,30,,,,30,,,11.775681155103795
lorenzo-germani,20.37,74,85,13,Italy,Europe,Southern Europe,2002,88,,85,,,100,68,,,33.26293848900119
ewen-costiou,20.66,65,68,19,France,Europe,Western Europe,2002,70,,76,53,,88,56,,,36.92461104175365
magnus-kulset,19.16,98,92,7,Norway,Europe,Northern Europe,2000,92,,92,,,92,,,,21.345234775449242
herman-vrijders,21.241876939128932,21,22,4,Belgium,Europe,Western Europe,1946,28,,22,,,11,25,,,14.059397805975427
jan-van-katwijk,19.85627642573189,18,21,15,Netherlands,Europe,Western Europe,1946,29,4,24,33,,23,26,11,,15.783656405402695
josef-holzmann,19.73253504041419,62,59,7,Germany,Europe,Western Europe,1964,99,,42,83,,16,51,143,,54.58457832095243
alessandro-calzolari,23.038274028744787,93,92,15,Italy,Europe,Southern Europe,1971,109,28,108,,,52,113,,28,55.4799835204425
carmelo-barone,20.24245739894425,14,20,5,Italy,Europe,Southern Europe,1956,36,,32,2,,58,11,,,23.028243528328424
paolo-colonna,20.98,58,58,1,Italy,Europe,Southern Europe,1987,58,,58,,,58,,,,
nicola-testi,22.141256413395634,76,76,2,Italy,Europe,Southern Europe,1990,77,,76,,,76,,,,17.67766952966369
jonathan-paredes,20.57,76,76,1,Colombia,America,America,1989,76,,76,,,76,,,,
alessandro-verre,20.42,108,105,14,Italy,Europe,Southern Europe,2001,105,,105,,,102,105,,,45.654519653974724
dieter-cappelle,20.83,105,103,4,Belgium,Europe,Western Europe,1983,105,,93,,106,103,,,,20.982135258357285
arnoud-van-groen,20.6,86,73,7,Netherlands,Europe,Western Europe,1983,77,,62,,102,64,86,,,43.01051920059513
willy-vekemans,21.759422595919638,8,19,3,Belgium,Europe,Western Europe,1945,28,,24,,8,6,45,,,22.94195574342635
vittorio-adorni,20.64701487366007,26,26,2,Italy,Europe,Southern Europe,1937,46,,4,49,,4,,49,,31.81980515339464
lindsay-de-vylder,20.68,60,73,6,Belgium,Europe,Western Europe,1995,76,139,49,,103,58,67,139,,40.11192673839873
dusan-rajovic,22.1,92,87,13,Serbia,Europe,Southern Europe,1997,88,,87,,87,68,118,,,39.180057721715045
sean-flynn,21.39,96,94,10,Great Britain,Europe,Northern Europe,2000,97,,74,108,38,62,108,,,38.560342322131945
alex-colman,21.33,110,104,7,Belgium,Europe,Western Europe,1998,107,,100,,114,90,139,,,30.35347316755256
louis-blouwe,21.43,100,99,3,Belgium,Europe,Western Europe,1999,99,,100,,99,99,,,,12.013880860626735
cameron-scott,23.89,115,115,1,Australia,Oceania,Oceania,1998,115,,115,,,115,,,,
robbe-ghys,21.74,82,82,2,Belgium,Europe,Western Europe,1997,87,,82,,,119,44,,,53.033008588991066
tuur-dens,23.92,126,126,1,Belgium,Europe,Western Europe,2000,126,,126,,,126,,,,
noah-vandenbranden,22.59,131,131,1,Belgium,Europe,Western Europe,2002,131,,131,,,131,,,,
emilien-jeanniere,21.37555581090969,134,134,1,France,Europe,Western Europe,1998,134,,134,,,134,,,,
valentin-retailleau,19.54,135,135,1,France,Europe,Western Europe,2000,135,,135,,,135,,,,
gang-xu,19.73,127,126,29,China,Asia,Asia,1984,128,,125,136,,,126,,,26.126445089313737
julio-lopez,20.46110664931881,149,149,2,Spain,Europe,Southern Europe,1978,149,,149,,,,149,,,1.4142135623730951
christophe-stevens,22.243049668985904,85,86,9,Belgium,Europe,Western Europe,1974,90,,93,84,,25,94,,,45.07771067833858
federico-morini,18.888409106053853,100,88,8,Italy,Europe,Southern Europe,1976,87,,88,,,85,109,,,38.536624509308396
nicolas-dumont,22.427461116513435,145,142,5,France,Europe,Western Europe,1973,141,,142,,,142,,,,22.89759812731458
raphael-jeune,21.97829110882194,106,99,14,France,Europe,Western Europe,1975,99,,99,,,97,103,,,47.58410714458403
santiago-umba,20.07,87,87,1,Colombia,America,America,2002,87,87,,,,,,,87,
ole-kristan-silseth,19.68553974041458,80,80,4,Norway,Europe,Northern Europe,1959,95,,40,120,,40,40,120,,46.492830988587194
emiel-kerstens,21.62872456152572,46,40,4,Netherlands,Europe,Western Europe,1959,47,14,46,56,,,49,14,,19.465781943365815
marino-polini,22.436222125631208,145,125,19,Italy,Europe,Southern Europe,1959,137,38,57,140,,,57,140,38,55.9155064329129
bruno-vicino,19.975448795652436,38,35,4,Italy,Europe,Southern Europe,1952,45,39,48,4,,,33,,39,22.779742462694056
rob-goris,25.7,69,69,2,Belgium,Europe,Western Europe,1982,69,,54,,84,69,,,,21.213203435596427
sylwester-janiszewski,23.88,98,98,2,Poland,Europe,Eastern Europe,1988,99,,98,,,98,,,,21.920310216782973
michele-maccanti,19.195152556652893,93,89,15,Italy,Europe,Southern Europe,1979,91,,77,117,9,70,117,,,53.778381211359324
mirko-allegrini,21.110406759206295,140,135,9,Italy,Europe,Southern Europe,1981,135,,135,,,135,,,,26.13639437855021
paul-crake,21.13727320160199,85,96,5,Australia,Oceania,Oceania,1976,96,,96,,,96,,,,20.315019074566482
ruben-simao,23.227303180666084,91,91,1,Portugal,Europe,Southern Europe,2000,91,,,,91,91,,,,
mikhail-timochine,19.877136623802908,73,70,4,Russia,Asia,Asia,1980,69,,70,,,70,,,,63.44748484639351
floris-gerts,21.43,89,93,8,Netherlands,Europe,Western Europe,1992,99,,97,,64,81,113,,,34.159290725323075
eric-salomon,19.93784669189732,6,12,6,France,Europe,Western Europe,1962,20,30,10,3,,8,8,,30,12.66491215919005
berden-de-vries,20.23,107,117,11,Netherlands,Europe,Western Europe,1989,120,,100,134,78,92,122,,,41.49764505914215
tarik-chaoufi,21.47,141,140,3,Morocco,Africa,Africa,1986,140,,140,,,140,,,,24.00694344004112
ralf-matzka,22.02,102,91,12,Germany,Europe,Western Europe,1989,94,,75,98,,32,102,,,53.86908935445993
frantisek-padour,18.83,108,103,8,Czech Republic,Europe,Eastern Europe,1988,103,,117,101,,,103,,,28.79204999400256
alexander-rybakov,19.84,80,79,8,Russia,Asia,Asia,1988,78,,,79,,,79,,,32.427666758935516
ricardo-felgueiras,23.097190540233946,128,133,10,Portugal,Europe,Southern Europe,1970,134,133,,,,,,133,,15.253779131014642
omar-pedretti,18.889670640181667,8,20,4,Switzerland,Europe,Western Europe,1963,49,,59,7,,,20,,,26.051231576773233
rafael-tolosa,20.064278297799962,129,111,5,Colombia,America,America,1958,113,72,,120,,,,111,,29.72036338943385
fabio-casas,22.48698180192603,114,110,10,Colombia,America,America,1959,110,,,110,,,,110,,18.324543347349447
julio-alberto-rubiano,21.67732856339271,118,112,10,Colombia,America,America,1953,112,,,112,,,,112,,17.47029224458226
gosta-pettersson,21.0,5,13,13,Sweden,Europe,Northern Europe,1940,25,23,2,12,,2,3,30,16,13.48123101736595
dominique-lecrocq,22.26556906518389,13,14,17,France,Europe,Western Europe,1963,15,,14,,,10,18,,,9.179180406832435
hector-guerra-garcia,21.625407053036312,64,55,5,Spain,Europe,Southern Europe,1978,62,,55,,,,55,,,33.7683283566125
dermot-nally,19.579579683777286,103,99,5,Ireland,Europe,Northern Europe,1980,99,,99,,,,99,,,11.840608092492545
jacob-moe-rasmussen,20.443153685052124,139,123,6,Denmark,Europe,Northern Europe,1975,126,,123,,,123,,,,51.25784492803679
gianni-gobbini,20.38987465947635,110,110,14,Italy,Europe,Southern Europe,1976,110,,110,,,102,118,,,23.596540070457436
fabio-bulgarelli,19.975638018845256,99,98,27,Italy,Europe,Southern Europe,1977,100,,107,72,,115,92,,,34.80707921576821
daniele-callegarin,21.932934367386057,119,114,7,Italy,Europe,Southern Europe,1982,114,,,114,,,114,,,41.78402519988664
daniel-van-ryckeghem,21.711518998696462,4,9,16,Belgium,Europe,Western Europe,1945,15,,10,,5,4,18,,,10.568624949979696
willy-donie,22.175410313363063,21,18,3,Belgium,Europe,Western Europe,1945,19,,17,,21,14,27,,,10.263202878893768
jaak-de-boever,21.898430714993523,10,20,6,Belgium,Europe,Western Europe,1937,38,,20,,,9,31,,,24.633310780323463
evert-dolman,22.41,17,15,11,Netherlands,Europe,Western Europe,1946,15,17,14,25,14,12,15,21,,7.861297602813418
willy-maes,21.097078161824903,25,26,5,Belgium,Europe,Western Europe,1943,27,,26,,25,19,35,,,10.644247272588137
michel-lhoest,22.007935204695546,12,12,1,Belgium,Europe,Western Europe,1947,12,,12,,,12,,,,
etienne-sonck,21.74921579553952,18,18,2,Belgium,Europe,Western Europe,1946,18,,16,,20,18,,,,2.8284271247461903
freddy-decloedt,20.74556944463517,17,17,1,Belgium,Europe,Western Europe,1944,17,,17,,,17,,,,
jan-serpenti,22.1946743068366,18,18,1,Netherlands,Europe,Western Europe,1945,18,,18,,,18,,,,
etienne-buysse,20.282817137038666,19,19,1,Belgium,Europe,Western Europe,1944,19,,19,,,19,,,,
leopold-vandenneste,22.687940159501967,22,22,2,Belgium,Europe,Western Europe,1942,22,,20,,23,22,,,,2.1213203435596424
roland-van-de-rijse,24.07819942600356,21,21,1,Belgium,Europe,Western Europe,1942,21,,21,,,21,,,,
raphael-van-bruaene,21.631916449480247,22,22,1,Belgium,Europe,Western Europe,1946,22,,22,,,22,,,,
victor-nuelant,22.986376563371937,23,23,3,Belgium,Europe,Western Europe,1945,23,,23,,,23,23,,,2.0
jos-boons,20.17996782964935,24,24,1,Belgium,Europe,Western Europe,1943,24,,24,,,24,,,,
bernard-deville,22.950857601095375,25,25,1,Belgium,Europe,Western Europe,1942,25,,25,,,25,,,,
jaak-clauwaert,19.419975212726637,28,28,2,Belgium,Europe,Western Europe,1947,29,,28,,,28,,,,3.5355339059327378
leo-van-dam,22.12224789663404,27,27,1,Belgium,Europe,Western Europe,1944,27,,27,,,27,,,,
jose-serste,21.886962093186387,28,28,1,Belgium,Europe,Western Europe,1943,28,,28,,,28,,,,
willy-moonen,22.928680525111705,29,29,1,Belgium,Europe,Western Europe,1947,29,,29,,,29,,,,
chris-pepels,21.28071135132538,30,30,1,Netherlands,Europe,Western Europe,1948,30,,30,,,30,,,,
eric-raes,21.05332621392551,26,26,2,Belgium,Europe,Western Europe,1948,26,,26,,,31,21,,,7.0710678118654755
hendrik-marien,19.700541477554225,32,32,1,Belgium,Europe,Western Europe,1946,32,,32,,,32,,,,
christian-callens,18.967588950553658,10,15,4,Belgium,Europe,Western Europe,1947,15,,17,,9,17,8,,,12.027745701779143
michele-rezzani,21.671288939714525,104,105,7,Italy,Europe,Southern Europe,1975,104,,105,,,105,,,,28.105244384362894
frank-verleyen,20.40268695830628,35,27,3,Belgium,Europe,Western Europe,1963,34,,27,,,22,35,,,18.929694486000912
stefano-d-arcangelo,17.163705927404123,18,18,1,Italy,Europe,Southern Europe,1954,18,18,,,,,,,18,
jean-claude-fabbri,21.290086351421593,19,19,2,Italy,Europe,Southern Europe,1952,19,19,,,,,,,19,0.0
antonio-d-alonzo,21.16126194572556,26,26,1,Italy,Europe,Southern Europe,1955,26,26,,,,,,,26,
alexandre-grux,21.38832611605501,60,64,9,France,Europe,Western Europe,1976,68,,112,50,,,64,,,35.29518380742619
jose-azevedo-goncalves,18.99269612774442,94,94,2,Portugal,Europe,Southern Europe,1940,110,129,,59,,,,94,,49.49747468305833
marco-vermey,22.21685971770015,149,124,15,Netherlands,Europe,Western Europe,1965,137,38,,130,,,8,140,38,58.62040925268588
dariusz-zakrzewski,21.917266071600423,9,9,1,Poland,Europe,Eastern Europe,1961,9,,9,,,9,,,,
luc-wirtgen,19.44,82,86,15,Luxembourg,Europe,Western Europe,1998,87,90,85,,,82,86,94,87,32.34516229375768
david-martin-romero,21.71,159,159,1,Spain,Europe,Southern Europe,1999,159,,159,,,159,,,,
alois-charrin,20.45,164,164,1,France,Europe,Western Europe,2000,164,,164,,,164,,,,
pol-lannoo,22.72389759844572,6,9,3,Belgium,Europe,Western Europe,1952,12,,12,2,,12,2,,,8.32666399786453
wim-de-waal,20.394032375987663,12,17,8,Netherlands,Europe,Western Europe,1951,19,,18,5,,16,18,,,11.093756287724576
marc-meernhout,22.65130268079871,15,15,2,Belgium,Europe,Western Europe,1952,16,,15,,,15,,,,5.656854249492381
walter-naegels,21.342754396757023,12,13,3,Belgium,Europe,Western Europe,1953,13,,13,,,10,20,,,6.557438524302
wim-van-de-meulenhof,19.017944720520283,46,46,4,Netherlands,Europe,Western Europe,1966,45,,46,,,46,,,,6.244997998398397
jan-poppe,22.21246709273826,90,90,2,Belgium,Europe,Western Europe,1970,91,,66,,114,90,,,,33.94112549695428
danny-baeyens,21.112850624777753,74,66,3,Belgium,Europe,Western Europe,1974,67,,66,,,62,74,,,14.433756729740644
mike-weissmann,22.302394823563752,84,84,1,Germany,Europe,Western Europe,1966,84,,84,,,84,,,,
jens-zemke,21.741384081584663,53,51,5,Germany,Europe,Western Europe,1966,53,15,63,,53,74,47,,15,28.892905703649813
franky-de-buyst,18.408593986788716,80,80,2,Belgium,Europe,Western Europe,1967,83,,80,,,96,65,,,21.920310216782973
manabu-ishibashi,21.71,179,179,7,Japan,Asia,Asia,1992,179,,179,,,,179,,,11.338934190276817
stefan-kupfernagel,18.71963071447968,78,73,4,Germany,Europe,Western Europe,1977,82,,73,,,31,87,,,30.836936726378426
michael-steen-nielsen,21.283905455147874,61,70,5,Denmark,Europe,Northern Europe,1975,83,61,91,,17,73,,,61,47.36876608061477
giacomo-battistel,21.51071255353551,32,32,2,Italy,Europe,Southern Europe,1976,28,,32,,,32,,,,10.606601717798213
martin-van-den-bossche,20.206056602710508,3,4,4,Belgium,Europe,Western Europe,1941,4,,4,,,4,,,,2.362907813126304
alain-vasseur,21.88,12,21,5,France,Europe,Western Europe,1948,26,,25,5,,6,31,5,,18.506755523321747
georges-vandenberghe,22.15724518663379,10,17,5,Belgium,Europe,Western Europe,1941,19,,17,,,8,22,,,12.218837915284743
kim-eriksen,19.116888278990675,13,20,6,Denmark,Europe,Northern Europe,1964,29,,14,47,,14,,47,,16.60622373288601
pascal-campion,19.10662539919579,11,11,2,France,Europe,Western Europe,1962,11,,11,,,11,,,,5.656854249492381
leon-nevels,19.260456798288885,17,17,2,Netherlands,Europe,Western Europe,1961,18,,17,,,11,23,,,8.48528137423857
jonathan-hall,21.643443184160162,126,101,4,Australia,Oceania,Oceania,1972,124,,101,,,16,130,,,57.162779265299314
martijn-verschoor,23.25,134,134,10,Netherlands,Europe,Western Europe,1985,139,,136,,114,134,,,,28.315876975451225
giorgio-cecchinel,22.28,174,160,10,Italy,Europe,Southern Europe,1989,165,,160,,,146,181,,,35.21615790766758
tim-de-troyer,22.72,137,121,6,Belgium,Europe,Western Europe,1990,129,,133,,61,150,62,,,68.20972560175467
robert-dill-bundi,21.385109388750724,67,74,14,Switzerland,Europe,Western Europe,1958,89,,0,86,,1,8,92,,69.18187528631952
michael-carter,22.774295508627713,138,126,15,United States,America,America,1963,139,,50,145,,,50,145,,51.986078722600155
harry-rozendal,20.977775888295685,22,22,2,Netherlands,Europe,Western Europe,1965,36,39,,4,,,4,,39,24.748737341529164
keith-lambert,24.535094311546384,34,34,2,Great Britain,Europe,Northern Europe,1947,36,44,,25,,,,34,,13.435028842544403
jurgen-kraft,23.088343330981367,88,86,4,Germany,Europe,Western Europe,1951,116,,,86,,,136,36,,57.78335977309269
gerard-simonnot,23.03279353086471,28,28,1,France,Europe,Western Europe,1953,28,,28,,,,28,,,
ronny-vanmarcke,21.17101236805636,40,36,4,Belgium,Europe,Western Europe,1947,48,,36,,,50,31,,,25.46893532652409
joel-hauvieux,20.86159608149276,28,28,2,France,Europe,Western Europe,1949,26,,28,,,24,31,,,4.949747468305833
maxime-daniel,21.39,98,84,5,France,Europe,Western Europe,1991,84,,78,,109,98,27,,,33.02574753128232
sjoerd-van-ginneken,21.04,78,78,11,Netherlands,Europe,Western Europe,1992,80,,82,,46,72,94,,,31.55658697987128
sander-helven,19.07,103,96,5,Belgium,Europe,Western Europe,1990,99,,104,,63,86,110,,,21.897488440458186
ivar-slik,20.3,116,116,1,Netherlands,Europe,Western Europe,1993,116,,116,,,116,,,,
kristoffer-skjerping,21.43,119,104,3,Norway,Europe,Northern Europe,1993,109,,104,,,94,126,,,31.65964834506747
maurizio-tomi,20.992518132043234,33,57,6,Italy,Europe,Southern Europe,1968,86,,57,,,53,66,,,66.28021323643027
filippo-meloni,21.089040938558316,108,75,9,Italy,Europe,Southern Europe,1969,100,,59,95,,2,96,,,65.34098594637553
horst-schutz,21.69648059215034,3,3,1,Germany,Europe,Western Europe,1951,3,,,3,,,3,,,
rene-savary,23.53228121230134,2,2,6,Switzerland,Europe,Western Europe,1949,2,,,2,,,2,,,1.8348478592697182
max-hurzeler,19.164568334502356,4,4,6,Switzerland,Europe,Western Europe,1954,5,,,4,,,4,,,2.3664319132398464
remo-rossi,22.289271172567005,145,126,29,Italy,Europe,Southern Europe,1968,129,168,146,122,,145,148,124,,40.28240824222285
ramon-saez,21.62,3,10,5,Spain,Europe,Southern Europe,1940,26,3,,37,,,,10,,15.355780670483675
alberto-della-torre,25.109556172815896,4,4,5,Italy,Europe,Southern Europe,1945,4,5,,4,,,4,5,,1.0
henk-hiddinga,21.941889364683494,7,7,1,Netherlands,Europe,Western Europe,1942,7,7,,,,,,7,,
sylvain-golay,20.834339282621457,62,65,5,Switzerland,Europe,Western Europe,1972,80,,4,80,,,65,,,52.65738314804487
patrick-roelandt,20.11547751365812,56,56,5,Belgium,Europe,Western Europe,1962,101,,69,4,,147,33,,,58.0646191755358
kevin-neirynck-1,21.2,41,52,8,Belgium,Europe,Western Europe,1982,52,,53,,49,38,75,,,26.411239490576193
michael-reihs,21.0,134,108,9,Denmark,Europe,Northern Europe,1979,117,,105,,134,106,128,,,56.870466852312724
dirk-baert,20.558878042467935,12,18,8,Belgium,Europe,Western Europe,1949,21,,18,,,19,17,,,12.993817211054099
joaquin-novoa-mendez,19.062443377695313,163,154,9,Spain,Europe,Southern Europe,1983,155,,141,170,,159,152,,,20.04855217826076
alvaro-forner,20.434664328740098,109,108,3,Spain,Europe,Southern Europe,1972,109,,108,,,108,,,,23.515952032609693
ezio-moroni,21.127241980623452,20,20,2,Italy,Europe,Southern Europe,1961,23,10,29,,,29,,,10,13.435028842544403
tullio-cortinovis,22.142303261571758,48,48,2,Italy,Europe,Southern Europe,1962,52,28,69,,,,69,,28,28.991378028648448
franco-pica,22.39783248301283,35,35,1,Italy,Europe,Southern Europe,1961,35,35,,,,,,,35,
francesco-bianchi,20.995123031294312,37,37,1,Italy,Europe,Southern Europe,1958,37,37,,,,,,,37,
gianmarco-saccani,20.12508190180508,48,48,1,Italy,Europe,Southern Europe,1959,48,48,,,,,,,48,
fabrizio-verza,19.46772599470987,53,48,3,Italy,Europe,Southern Europe,1959,47,53,45,,,,45,,53,14.742229591663987
santiago-laczano,21.07364542409465,8,9,4,Spain,Europe,Southern Europe,1947,11,,7,14,,7,8,14,,3.559026084010437
lino-farisato,17.800892124076586,8,8,1,Italy,Europe,Southern Europe,1945,8,,8,,,,8,,,
alexander-khatuntsev,22.600291733702054,110,96,9,Russia,Asia,Asia,1985,98,,96,,,,96,,,39.87828704668466
luca-celli,19.73,92,85,7,Italy,Europe,Southern Europe,1979,85,,90,50,,,90,50,,24.28795507869615
nazareno-rossi,19.761899063911514,120,127,6,Switzerland,Europe,Western Europe,1985,128,,127,,,,127,,,19.75516810018752
chris-barton,21.79,205,205,1,United States,America,America,1988,205,,205,,,,205,,,
julian-cuevas,22.73212001579613,2,2,1,Spain,Europe,Southern Europe,1948,2,2,,,,,,2,,
jos-van-der-vleuten,21.18685755261997,7,15,11,Netherlands,Europe,Western Europe,1943,26,10,18,,3,6,34,10,,16.99625627227147
jose-manuel-lopez-rodriguez,22.023476925853114,4,4,3,Spain,Europe,Southern Europe,1940,4,4,4,,,4,,4,,1.5275252316519465
tomas-aurelio-gil-martinez,22.04,143,153,9,Venezuela,America,America,1977,154,129,156,,,120,161,129,,32.93469970174989
noan-lelarge,22.150335232070965,122,112,13,France,Europe,Western Europe,1975,112,,112,,,112,112,,,37.22419946272889
alberto-benito,21.900893124580072,164,160,6,Spain,Europe,Southern Europe,1975,165,,160,,,173,95,,,34.40155035266095
kurt-hovelijnck,21.91,54,55,14,Belgium,Europe,Western Europe,1981,56,,59,,38,50,67,,,27.764709990906095
gilles-devillers,18.72,118,119,4,Belgium,Europe,Western Europe,1985,124,,119,,,93,128,,,28.709754439911183
daniele-bruschi,20.424250689199635,15,15,1,Italy,Europe,Southern Europe,1966,15,,15,,,15,,,,
gianluca-brugnami,21.8703181224238,66,66,1,Italy,Europe,Southern Europe,1963,66,,66,,,66,,,,
eduardo-rocchi,20.644201803307222,50,60,4,Italy,Europe,Southern Europe,1965,78,,60,,,39,122,,,52.29643072587905
claudio-rio,20.052371311810784,105,105,1,Italy,Europe,Southern Europe,1964,105,,105,,,105,,,,
daniele-del-ben,22.27505635972906,107,107,1,Italy,Europe,Southern Europe,1962,107,,107,,,107,,,,
diego-bittante,21.97262027139259,108,108,1,Italy,Europe,Southern Europe,1964,108,,108,,,108,,,,
romain-lemarchand,21.15,114,112,14,France,Europe,Western Europe,1987,116,,116,,51,113,104,,,40.02773763554194
edwig-cammaerts,22.1,85,102,3,Belgium,Europe,Western Europe,1987,105,,112,,81,83,140,,,32.96968304366907
evert-verbist,22.78,68,68,6,Belgium,Europe,Western Europe,1984,67,,65,,83,61,82,,,19.387281053996887
mathieu-halleguen,20.45,101,101,2,France,Europe,Western Europe,1988,101,,100,,102,102,100,,,1.4142135623730951
tom-wirtgen,21.33,87,83,7,Luxembourg,Europe,Western Europe,1996,84,89,82,,86,72,103,,89,21.01360103769529
michele-gazzoli,23.46,75,75,1,Italy,Europe,Southern Europe,1999,75,,75,,,75,,,,
aaron-verwilst,20.76,93,91,4,Belgium,Europe,Western Europe,1997,92,,86,,106,90,96,,,13.841363131329707
flavio-zappi,20.35321411485216,17,21,3,Italy,Europe,Southern Europe,1960,25,,21,,,23,17,,,12.489995996796797
thierry-barrault,21.12616079007309,17,20,4,France,Europe,Western Europe,1960,22,,20,,,15,26,,,9.146948489341495
michel-goffin,18.96030871863965,30,29,4,Belgium,Europe,Western Europe,1961,32,,26,39,,19,39,39,,11.575836902790225
guido-trombetta,20.01859880009595,107,114,7,Italy,Europe,Southern Europe,1971,114,,114,,,,114,,,22.259294473908884
camilo-jorge-castiblanco,20.16920825484812,157,154,4,Colombia,America,America,1987,153,,154,,,154,,,,11.61895003862225
frederico-rocchetti,22.1232920770791,130,127,4,Italy,Europe,Southern Europe,1986,128,,127,,,100,136,,,22.7943706500823
philipp-walsleben,21.31,100,100,2,Germany,Europe,Western Europe,1987,101,,100,,,94,107,,,9.192388155425117
jury-manuylov,20.075392581872865,18,26,4,Russia,Asia,Asia,1964,37,,26,,,,26,,,21.252450839060106
jose-marques,21.108972054021013,58,58,2,Portugal,Europe,Southern Europe,1966,63,,58,,,75,40,,,24.748737341529164
eric-heiden,21.067959071063477,99,91,17,United States,America,America,1958,91,,,91,,,,91,,41.91097006470628
alexi-grewal,20.303745480987157,138,129,17,United States,America,America,1960,132,,119,130,,,119,130,,58.00481724416871
francisco-martin-826,20.656500046694127,63,54,8,Spain,Europe,Southern Europe,1955,57,,54,,,,54,,,37.99224544937709
roque-moya,22.82562844380543,65,64,7,Spain,Europe,Southern Europe,1953,64,,64,,,,64,,,20.546115378408082
juan-maria-azcarate,19.677486366959712,83,74,6,Spain,Europe,Southern Europe,1955,79,,74,,,,74,,,27.469376888940648
lorenzo-vidal,22.625475985426835,86,79,8,Spain,Europe,Southern Europe,1956,82,,79,,,,79,,,24.654396884010076
domingo-munoz,21.802210131753647,72,60,8,Spain,Europe,Southern Europe,1955,64,,60,,,,60,,,35.41892149684968
juan-garcia2,21.197219469739554,100,91,7,Spain,Europe,Southern Europe,1957,91,,91,,,,91,,,23.082667172784078
pedro-pardo,20.45699105144368,86,89,7,Spain,Europe,Southern Europe,1960,89,,89,,,,89,,,10.279429296739513
salvador-galvez,20.751767648348384,108,108,1,Spain,Europe,Southern Europe,1956,108,,108,,,,108,,,
paolo-toffalori,22.114448417026622,115,115,1,Italy,Europe,Southern Europe,1973,115,,,115,,,115,,,
antonio-londono,21.093215716061234,125,131,11,Colombia,America,America,1955,132,,,131,,,,131,,38.821034598175345
chris-carmichael,20.733964711080663,138,132,12,United States,America,America,1961,134,,101,135,,101,,135,,43.57334464596864
graziano-salvietti,23.111543065616363,138,134,12,Italy,Europe,Southern Europe,1956,134,,,134,,,,134,,47.05211488500294
renan-ferraro,20.483821666973167,188,173,5,Brazil,America,America,1962,173,,,173,,,,173,,39.42968424930639
henk-boeve,23.063188351523184,159,133,16,Netherlands,Europe,Western Europe,1957,136,,37,140,,,37,140,,59.315786263017706
manuele-spadi,18.143932645518024,9,9,1,Italy,Europe,Southern Europe,1981,9,9,,,,,,,9,
micula-dematteis,20.344368097890573,37,37,2,Italy,Europe,Southern Europe,1983,46,37,,,,,,,37,29.698484809834994
hubert-krys,19.643561572983007,44,44,2,Poland,Europe,Eastern Europe,1983,50,44,,,,,,67,20,33.23401871576773
leonardo-moser,22.07039081645758,34,69,3,Italy,Europe,Southern Europe,1984,94,28,151,,,151,,,28,71.26710321038733
alessandro-maserati,19.952876841777652,25,25,1,Italy,Europe,Southern Europe,1979,25,25,,,,,,,25,
piergiorgio-camussa,19.110568621169254,74,74,2,Italy,Europe,Southern Europe,1981,100,29,120,,,120,,,29,64.34671708797582
federico-vitali,20.268353318532604,34,34,1,Italy,Europe,Southern Europe,1982,34,34,,,,,,,34,
herve-vermeeren,23.13781920359051,20,21,4,Belgium,Europe,Western Europe,1947,22,,21,,,16,26,,,7.88986691902975
jakub-otruba,20.78,63,63,1,Czech Republic,Europe,Eastern Europe,1998,63,63,,,,,,63,,
adam-toupalik,21.22,70,70,1,Czech Republic,Europe,Eastern Europe,1996,70,70,,,,,,70,,
anatoliy-budyak,18.56,86,86,1,Ukraine,Europe,Eastern Europe,1995,86,86,,,,,,86,,
walter-delle-case,20.247282186684465,9,9,1,Italy,Europe,Southern Europe,1959,9,,9,,,9,,,,
leonardo-bevilacqua,19.68488453657393,21,21,1,Italy,Europe,Southern Europe,1956,21,,21,,,21,,,,
dante-morandi,17.99337913832591,38,39,5,Italy,Europe,Southern Europe,1958,58,,39,,,39,,,,33.11042132018256
piero-ghibaudo,20.971683261244834,66,66,1,Italy,Europe,Southern Europe,1958,66,,66,,,66,,,,
corrado-donadio,22.410188064160398,42,42,2,Italy,Europe,Southern Europe,1958,61,13,71,,,71,,,13,41.012193308819754
daniele-antinori,19.504118433279857,76,76,1,Italy,Europe,Southern Europe,1959,76,,76,,,76,,,,
stefanino-cecini,21.86484451003119,3,3,1,Italy,Europe,Southern Europe,1966,3,,3,,,,3,,,
alberto-david-fernandez,21.203450689532357,139,89,5,Spain,Europe,Southern Europe,1975,89,,89,,,,89,,,71.2972650246838
ernesto-manchon,21.12643495739691,104,104,2,Spain,Europe,Southern Europe,1972,103,,104,,,,104,,,45.254833995939045
raymond-riotte,20.296069253468517,28,24,5,France,Europe,Western Europe,1940,27,,24,24,,9,32,24,,11.067971810589327
gerard-guazzini,22.93636169481259,155,133,9,France,Europe,Western Europe,1966,144,,22,147,,22,,147,,52.81913584214637
wanderley-magalhaes,23.39,178,177,4,Brazil,America,America,1966,177,,,177,,,,177,,9.069178573608527
gianvito-martinelli,21.01840537619343,173,149,11,Italy,Europe,Southern Europe,1969,153,,146,164,32,108,,164,,47.929303998891754
rene-van-den-broek,20.874226507286433,60,60,1,Netherlands,Europe,Western Europe,1958,60,,60,,,,60,,,
rudy-bormans,21.464073909703668,61,61,1,Belgium,Europe,Western Europe,1959,61,,61,,,,61,,,
wil-van-helvoirt,20.796964799972642,33,33,2,Netherlands,Europe,Western Europe,1952,58,,62,4,,,33,,,41.012193308819754
rudy-claessens,22.079378607737848,67,67,1,Belgium,Europe,Western Europe,1958,67,,67,,,,67,,,
patrick-hermans,19.00963296609159,56,55,4,Belgium,Europe,Western Europe,1958,58,,55,,,,55,,,17.03672503740082
giuseppe-faraca,19.722434174959908,48,48,2,Italy,Europe,Southern Europe,1959,48,,48,,,48,,,,9.192388155425117
victor-schraner,21.127736187522476,64,64,2,Switzerland,Europe,Western Europe,1956,64,,59,69,,59,69,,,7.0710678118654755
alain-dallenbach,19.41954378036148,62,62,1,Switzerland,Europe,Western Europe,1956,62,,62,,,62,,,,
martin-kemp,21.977661172204865,20,40,7,Netherlands,Europe,Western Europe,1957,61,,40,,,45,36,,,35.87677322646028
hans-daams,20.92858165715318,18,29,5,Netherlands,Europe,Western Europe,1962,37,,34,6,,14,39,,,24.893774322107124
bruno-risi,22.54414506541892,8,8,4,Switzerland,Europe,Western Europe,1968,10,,10,5,,,8,,,2.8867513459481287
jean-pierre-monsere,20.83,7,10,7,Belgium,Europe,Western Europe,1948,9,,12,2,19,22,6,0,,9.031690238899282
les-west,22.09,3,3,1,Great Britain,Europe,Northern Europe,1943,3,,,3,,,,3,,
harm-ottenbros,20.581647492460007,19,19,1,Netherlands,Europe,Western Europe,1943,19,,,19,,,,19,,
christian-raymond,19.774720873238838,22,20,3,France,Europe,Western Europe,1943,27,,19,22,,5,33,22,,14.106735979665885
sid-barras,25.716726061521555,12,12,4,Great Britain,Europe,Northern Europe,1948,21,,,12,,,3,22,,11.030261405182864
mauro-simonetti,20.062183606682126,34,34,2,Italy,Europe,Southern Europe,1948,32,,44,24,,,44,24,,14.142135623730951
peter-kisner,22.63831457373092,27,27,1,Netherlands,Europe,Western Europe,1944,27,,,27,,,,27,,
sture-pettersson,21.22,29,29,1,Sweden,Europe,Northern Europe,1942,29,,,29,,,,29,,
daniel-rebillard,20.57050635534126,35,41,3,France,Europe,Western Europe,1948,56,,44,35,,9,79,35,,35.38361202590826
gianni-motta,21.864707156262295,20,20,5,Italy,Europe,Southern Europe,1943,24,2,14,36,,,14,36,2,15.30686120666154
firmino-bernardino,20.699837629116303,40,40,1,Portugal,Europe,Southern Europe,1950,40,,,40,,,,40,,
tomas-pettersson,19.94,26,26,2,Sweden,Europe,Northern Europe,1947,27,11,,41,,,,26,,21.213203435596427
jose-antonio-gonzalez-linares,19.21133655065783,5,17,3,Spain,Europe,Southern Europe,1946,35,,5,22,,5,3,42,,21.962088546705512
giacinto-santambrogio,20.54870956833409,40,37,4,Italy,Europe,Southern Europe,1945,47,36,67,23,,,67,27,,26.411802917130313
brian-jolly,23.46,26,31,3,Great Britain,Europe,Northern Europe,1946,34,,24,44,,24,,44,,11.357816691600547
dieter-puschel,19.917925023157824,49,49,2,Germany,Europe,Western Europe,1939,49,,52,46,,,52,46,,4.242640687119285
ernst-streng,22.408371639950296,47,47,1,Germany,Europe,Western Europe,1942,47,,,47,,,,47,,
andres-gandarias,20.72212639287773,48,48,1,Spain,Europe,Southern Europe,1943,48,,,48,,,,48,,
danny-horton,23.313550746495444,29,29,2,Great Britain,Europe,Northern Europe,1946,47,,,29,,,6,52,,32.526911934581186
kurt-rub,22.075945060378046,27,24,5,Switzerland,Europe,Western Europe,1946,35,29,,23,,,6,36,,19.308029417835474
peter-glemser,23.2,54,54,1,Germany,Europe,Western Europe,1940,54,,,54,,,,54,,
jesus-aranzabal,19.876957808253486,55,55,1,Spain,Europe,Southern Europe,1939,55,,,55,,,,55,,
erwin-thalmann,21.526380005259544,38,38,2,Switzerland,Europe,Western Europe,1944,40,19,,57,,,,38,,26.870057685088806
erik-pettersson,20.68,44,44,2,Sweden,Europe,Northern Europe,1944,46,27,,61,,,,44,,24.041630560342615
hugh-porter,20.065583002172104,33,33,2,Great Britain,Europe,Northern Europe,1940,56,,,33,,,3,63,,42.42640687119285
jose-luis-pacheco,20.036465143664582,66,66,1,Portugal,Europe,Southern Europe,1948,66,,,66,,,,66,,
winfried-bolke,17.998652007051703,29,34,3,Germany,Europe,Western Europe,1941,54,,29,36,,,16,68,,32.25419869309007
jose-antonio-de-segovia,21.45,160,152,4,Spain,Europe,Southern Europe,1982,152,,152,,,152,,,,17.55704986607944
milan-vader,21.05,35,37,6,Netherlands,Europe,Western Europe,1996,36,,37,,,41,35,,,9.389710680668852
walter-calzoni,21.46627615609424,106,98,8,Italy,Europe,Southern Europe,2001,101,,52,104,,52,104,,,40.3732584763727
samuel-gaze,22.4,84,84,1,New Zealand,Oceania,Oceania,1995,84,,84,,,84,,,,
axel-mariault,20.31,102,102,1,France,Europe,Western Europe,1998,102,,102,,,102,,,,
kirk-carlsen,20.31,119,107,5,United States,America,America,1987,107,,107,,,,107,,,24.443813123160634
thomas-kvist,20.31,110,103,13,Denmark,Europe,Northern Europe,1987,104,,128,87,,,103,,,38.005229059925895
juan-pablo-valencia,22.41,76,86,21,Colombia,America,America,1988,86,88,101,81,,101,,85,,32.84451102942324
sigmund-hermann,20.888921558774186,6,6,1,Liechtenstein,Europe,Western Europe,1959,6,,,6,,,6,,,
roy-jans,21.46,68,69,6,Belgium,Europe,Western Europe,1990,70,,60,,116,65,89,,,39.58787693221247
robin-stenuit,22.5,90,90,1,Belgium,Europe,Western Europe,1990,90,,90,,,,90,,,
maxime-farazijn,21.95,63,78,7,Belgium,Europe,Western Europe,1994,79,,68,,102,78,76,,,32.469032865764504
jordi-warlop,21.74,79,70,11,Belgium,Europe,Western Europe,1996,72,,84,,34,62,106,,,37.08981727448311
norman-vahtra,23.06,110,110,1,Estonia,Europe,Northern Europe,1996,110,,,,110,110,,,,
mick-van-dijke,20.5,75,72,10,Netherlands,Europe,Western Europe,2000,71,,94,63,,104,68,,,26.07254835603489
jacob-eriksson,21.868041910780725,106,103,5,Sweden,Europe,Northern Europe,1999,103,,,103,,,103,,,24.795160818191924
alessandro-paganessi,23.033948843192736,39,34,5,Italy,Europe,Southern Europe,1959,50,,55,1,,55,19,,,31.848076865016512
steen-michael-petersen,23.859980130040643,98,82,3,Denmark,Europe,Northern Europe,1959,87,48,99,,,100,98,48,,29.46183972531247
laurent-masson,20.56675463741779,3,3,1,France,Europe,Western Europe,1964,3,,3,,,3,,,,
luciano-borgognoni,23.13087513540488,3,7,3,Italy,Europe,Southern Europe,1951,15,,17,2,,17,2,,,8.386497083606084
enrico-maestrelli,21.72773480012323,14,14,2,Italy,Europe,Southern Europe,1958,22,,14,,,14,,,,12.727922061357855
alberto-minetti,21.06,24,24,1,Italy,Europe,Southern Europe,1957,24,,24,,,24,,,,
jean-van-der-stappen,22.04469192108468,36,42,4,Belgium,Europe,Western Europe,1951,53,,42,,,20,63,,,30.424770609926817
derek-hunt,24.535723383503555,26,33,4,Great Britain,Europe,Northern Europe,1958,41,,33,,,48,18,,,24.303634844744245
marcel-van-der-slagmolen,21.094520259144684,37,37,1,Belgium,Europe,Western Europe,1952,37,,37,,,,37,,,
hans-hindelang,20.843489328179025,42,42,1,Germany,Europe,Western Europe,1951,42,,42,,,,42,,,
brian-walton,21.71,9,37,7,Canada,America,America,1965,86,,25,109,,12,47,,,52.17415890211223
georges-vanconingsloo,20.390487342382517,15,16,3,Belgium,Europe,Western Europe,1940,12,,9,,29,22,3,,,13.012814197295423
michel-coulon,20.589435610344786,29,30,3,Belgium,Europe,Western Europe,1947,30,,30,,,22,34,,,8.020806277010642
frans-staes,21.170173186822467,28,28,1,Belgium,Europe,Western Europe,1947,28,,28,,,28,,,,
derek-harrison,24.39,29,29,1,Great Britain,Europe,Northern Europe,1944,29,,29,,,29,,,,
edy-schutz,23.24,33,37,3,Luxembourg,Europe,Western Europe,1941,43,,37,,,33,39,,,33.18132004607411
romano-tumellero,19.894853753280415,35,28,3,Italy,Europe,Southern Europe,1948,40,,28,,,20,45,,,21.37755832643195
jean-ronsmans,22.186653362160634,30,31,3,Belgium,Europe,Western Europe,1947,30,,31,,30,34,25,,,6.027713773341708
emile-cambre,20.074657117662582,37,36,3,Belgium,Europe,Western Europe,1948,36,,36,,,38,36,,,2.0816659994661335
piet-hoekstra,22.844911127603137,39,39,1,Netherlands,Europe,Western Europe,1947,39,,39,,,39,,,,
giovanni-jimenez,23.413399857512918,36,36,4,Colombia,America,America,1942,36,37,36,,,40,31,37,,5.560275772537426
maurice-eyers,17.587163937484128,12,22,3,Belgium,Europe,Western Europe,1948,23,,28,,12,28,10,,,19.655363983740756
nick-barnes,22.15295776478316,10,10,1,Great Britain,Europe,Northern Europe,1964,10,,10,,,10,,,,
victor-gonzalo,20.173884438414493,94,94,1,Spain,Europe,Southern Europe,1967,94,,94,,,,94,,,
yves-bonnamour,20.989366271169157,93,93,2,France,Europe,Western Europe,1961,104,,93,,,,93,,,46.66904755831214
johan-pauwels,23.094581582066763,90,90,2,Belgium,Europe,Western Europe,1964,90,,90,,,,90,,,53.033008588991066
truls-korsaeth,24.28,91,78,9,Norway,Europe,Northern Europe,1993,91,15,85,,93,94,62,,15,50.67735632848702
andreas-walzer,21.87685070120335,16,16,1,Germany,Europe,Western Europe,1970,16,,16,,,,16,,,
pablo-rincon-murcia,20.218696084190963,12,13,3,Colombia,America,America,1964,14,,,13,,,13,,,6.557438524302
alexandre-bazhenov,21.4032660397784,74,69,15,Russia,Asia,Asia,1981,72,52,79,74,,,76,52,52,25.187298386289864
ramon-carretero,20.02,192,178,5,Panama,America,America,1990,178,,178,,,,178,,,27.316661582265137
benjamin-brooks,23.69437694829217,103,106,8,Australia,Oceania,Oceania,1979,110,,106,,,,106,,,32.16919555812894
marco-votolo,20.7400036111043,57,53,4,Italy,Europe,Southern Europe,1964,69,,53,,,,53,,,33.14614105241614
thierry-lauder,20.47387418470882,99,99,1,France,Europe,Western Europe,,99,,,99,,,99,,,
herve-meyvisch,19.676801141208774,53,49,3,Belgium,Europe,Western Europe,1969,48,,49,,,54,38,,,9.29157324317757
piet-rooijakkers,19.45,114,103,11,Netherlands,Europe,Western Europe,1980,102,,104,100,,106,97,100,,33.37990685754204
jarl-salomein,21.48,72,65,7,Belgium,Europe,Western Europe,1989,66,,65,,,61,69,,,19.137348176748397
benjamin-verraes,21.8,68,68,2,Belgium,Europe,Western Europe,1987,65,,86,,49,68,,,,26.16295090390226
joab-schneiter,20.807777420487273,112,114,6,Switzerland,Europe,Western Europe,1998,114,,114,,,,114,,,11.86591757935306
francisco-fernandez-moreno,20.645154664922202,116,116,2,Spain,Europe,Southern Europe,1954,116,,,116,,,116,,,15.556349186104045
tobias-lund-andresen,21.06,118,118,1,Denmark,Europe,Northern Europe,2002,118,,,,118,118,,,,
frederik-rodenberg,20.22,128,128,2,Denmark,Europe,Northern Europe,1998,128,,,,128,128,,,,3.5355339059327378
tyler-williams,22.53,125,125,1,United States,America,America,1994,125,125,,,,,,125,,
antonino-parrinello,21.46,82,81,4,Italy,Europe,Southern Europe,1988,82,67,86,,,82,94,,67,12.622730819174325
alessio-taliani,18.52,58,58,2,Italy,Europe,Southern Europe,1990,66,58,,,,,,,58,48.79036790187178
iban-iriondo,20.6,94,89,4,Spain,Europe,Southern Europe,1984,92,,62,98,,,89,,,56.870466852312724
henk-prinsen,21.190117494230954,20,20,4,Netherlands,Europe,Western Europe,1951,27,,26,3,,20,20,,,14.5
anthony-jullien,22.72,49,49,1,France,Europe,Western Europe,1998,49,,49,,,49,,,,
florian-maitre,21.91,88,88,2,France,Europe,Western Europe,1996,88,82,94,,,94,,,82,8.48528137423857
kenny-de-ketele,20.83,122,122,1,Belgium,Europe,Western Europe,1985,122,,122,,,122,,,,
eric-lalouette,20.55155263592136,12,12,1,France,Europe,Western Europe,1951,12,,12,,,12,,,,
jos-alberts,21.274127421576896,28,28,1,Netherlands,Europe,Western Europe,1961,28,,28,,,28,,,,
daan-luyckx,20.133198580994936,35,52,3,Netherlands,Europe,Western Europe,1966,82,,76,6,,35,61,,,57.01169470672954
pascal-dubois,20.69739409461827,38,38,1,France,Europe,Western Europe,1962,38,,38,,,38,,,,
pino-cerami-2,20.676580571945703,75,75,2,Belgium,Europe,Western Europe,1963,77,,75,,,75,,,,18.384776310850235
klaas-sys,21.937610149353468,94,94,1,Belgium,Europe,Western Europe,1986,94,,94,,,94,,,,
lars-wahlqvist,20.88197434343499,27,31,3,Sweden,Europe,Northern Europe,1964,30,27,44,23,,,44,25,,11.150485789118488
michael-lange,23.520824719814396,102,87,6,United States,America,America,1983,86,,87,,,,87,,,45.81266200517058
joaquin-ortega,20.094400514073467,124,110,6,Spain,Europe,Southern Europe,1981,109,,110,,,,110,,,61.0431541343226
juan-carlos-carinena,19.833888433248525,128,127,6,Spain,Europe,Southern Europe,1980,128,,127,,,,127,,,30.367197214538365
javier-cherro,20.837997544132783,152,136,6,Spain,Europe,Southern Europe,1980,138,,136,,,,136,,,41.9654619895933
tim-kerkhof,21.05,59,55,3,Netherlands,Europe,Western Europe,1993,58,,53,,59,44,78,,,25.238858928247925
louis-verhelst,21.43,103,103,2,Belgium,Europe,Western Europe,1990,106,,127,,79,79,127,,,33.94112549695428
david-lozano,19.88,128,121,12,Spain,Europe,Southern Europe,1988,123,,121,,,121,,,,36.315432064903284
umberto-poli,20.35356788170717,164,165,4,Italy,Europe,Southern Europe,1996,166,,165,,,165,,,,20.445048300260876
jesus-david-pena-jimenez,19.38,138,142,3,Colombia,America,America,2000,142,,142,,,,142,,,8.717797887081348
francisco-javier-quevedo,18.604740235400715,3,3,3,Spain,Europe,Southern Europe,1964,3,,3,,,,3,,,0.5773502691896257
alexandre-rua,21.87913110312969,6,6,2,Portugal,Europe,Southern Europe,1956,6,,6,,,,6,,,2.1213203435596424
chris-jones,19.75,101,104,4,United States,America,America,1979,104,,104,,,100,108,,,13.524668819112234
michael-van-staeyen,22.23,107,90,3,Belgium,Europe,Western Europe,1988,99,,90,,,82,107,,,62.26556030423239
daniel-summerhill,20.45,126,111,3,United States,America,America,1989,113,,111,,,75,128,,,30.989245446337243
werner-stauff,22.21792171101175,7,7,1,Germany,Europe,Western Europe,1960,7,,,7,,,7,,,
alexei-kuznetsov,23.119328282880268,46,45,6,Uzbekistan,Asia,Asia,1976,45,,,45,,,45,,,6.723094525588644
alberto-hierro,21.21366499637424,61,62,6,Spain,Europe,Southern Europe,1978,62,,,62,,,62,,,33.534559288391826
cees-jeurissen,20.473886536501272,100,100,1,Netherlands,Europe,Western Europe,1976,100,,100,,,,100,,,
josef-regec,20.995100605413693,147,140,3,Slovakia,Europe,Eastern Europe,1965,140,,140,,,,140,,,12.423096769056148
luc-branckaerts,21.15305149719385,19,20,4,Belgium,Europe,Western Europe,1962,25,8,24,,,,24,8,,11.586630226256467
benjamin-gourgue,22.5,143,141,3,Belgium,Europe,Western Europe,1986,141,,141,,,,141,,,8.18535277187245
rasmus-byriel-iversen,21.33,118,116,6,Denmark,Europe,Northern Europe,1997,117,,116,,,,116,,,14.039230748157108
raimund-lehnert,20.637272122678432,7,11,3,Germany,Europe,Western Europe,1965,23,,16,1,,16,1,,,13.051181300301263
kenny-van-der-schueren,20.064987513324084,73,77,3,Belgium,Europe,Western Europe,1982,80,,77,,,58,87,,,21.825062046494466
didac-ortega-orts,22.264030813880407,66,71,8,Spain,Europe,Southern Europe,1982,70,,71,,,71,,,,25.722419348553842
enrico-rossi,22.145677380284564,7,17,6,Italy,Europe,Southern Europe,1982,17,,17,,,17,,,,21.568495543268657
maurizio-biondo,20.187490448234563,58,76,7,Italy,Europe,Southern Europe,1981,79,,76,,,76,,,,43.199977954138994
gabriele-rampollo,22.703322195794133,32,32,2,Italy,Europe,Southern Europe,1968,52,,8,,56,56,8,,,33.94112549695428
stefan-brykt,21.363562231562355,8,43,5,Sweden,Europe,Northern Europe,1964,97,64,136,6,,136,6,64,,57.617705612077266
dariusz-kajzer,20.78569010263264,33,39,18,Germany,Europe,Western Europe,1961,59,48,41,32,,30,40,54,,31.253339690824486
rene-grelin,21.82741532979034,7,7,1,France,Europe,Western Europe,1942,7,,7,,,7,,,,
meinrad-vogele,21.226501384338064,30,23,3,Switzerland,Europe,Western Europe,1949,32,,34,0,,,23,,,20.033305601755625
pier-andre-cote,21.140452906802096,96,96,2,Canada,America,America,1997,96,96,,,,,,96,,19.79898987322333
adam-roberge,19.13,99,99,2,Canada,America,America,1997,99,99,,,,,,99,,1.4142135623730951
nigel-ellsay,21.36071369864356,105,104,3,Canada,America,America,1994,104,104,,,,,,104,,8.082903768654763
adam-de-vos,22.364312118623335,82,83,5,Canada,America,America,1993,85,83,,,82,82,,83,,41.92612550665754
noel-vanclooster,21.29629496611434,18,17,4,Belgium,Europe,Western Europe,1943,17,18,14,,22,22,14,,18,4.546060565661952
joseph-schoeters,20.72819923497472,19,20,7,Belgium,Europe,Western Europe,1947,20,,20,,,18,21,,,9.86093784779598
ludo-van-staeyen,20.374645898431233,19,19,2,Belgium,Europe,Western Europe,1948,19,,19,,,,19,,,2.8284271247461903
robert-bouloux,23.041199716083693,16,17,5,France,Europe,Western Europe,1947,29,,25,4,,,17,,,14.872793954062566
ben-janbroers,22.8866330408647,23,23,2,Netherlands,Europe,Western Europe,1948,23,,23,,,24,22,,,1.4142135623730951
romain-maes2,22.320058030785027,24,30,3,Belgium,Europe,Western Europe,1950,35,,30,,,24,34,,,10.96965511460289
markus-schleicher,21.51053358026196,63,72,3,Germany,Europe,Western Europe,1967,106,,37,142,,,72,,,65.96211033616193
fabrizio-nespoli,21.546254112030663,4,4,1,Italy,Europe,Southern Europe,1965,4,,4,,,,4,,,
johan-devos,21.574490905211274,41,43,3,Belgium,Europe,Western Europe,1966,49,,32,,64,44,41,,,20.074859899884732
wim-sels,22.539819045428445,54,54,2,Belgium,Europe,Western Europe,1967,72,,54,,,19,89,,,49.49747468305833
pierre-dewailly,23.911278427518134,90,90,1,Belgium,Europe,Western Europe,1967,90,,90,,,,90,,,
stefano-cavallari,21.82077582402804,88,88,2,Italy,Europe,Southern Europe,1978,95,,56,121,,56,,121,,45.96194077712559
vytautas-kaupas,20.951751213295445,86,86,2,Lithuania,Europe,Northern Europe,1982,91,,86,,,86,,,,30.405591591021544
felix-odebrecht,23.16087169735924,75,75,1,Germany,Europe,Western Europe,1984,75,,75,,,75,,,,
guy-santy,20.092177576295715,34,34,2,France,Europe,Western Europe,1950,36,,34,,,,34,,,21.920310216782973
jean-pierre-genet,20.490017470786352,18,23,8,France,Europe,Western Europe,1940,30,14,24,,,12,40,14,,19.197749124013768
antoine-demoitie,21.3,68,68,1,Belgium,Europe,Western Europe,1990,68,,68,,,68,,,,
mattia-frapporti,22.34,116,121,8,Italy,Europe,Southern Europe,1994,126,,121,,,121,,,,36.959437225152655
raffaello-bonusi,21.10249927379638,114,118,8,Italy,Europe,Southern Europe,1992,119,,118,,,118,,,,35.12833614050059
kohei-uchima,21.8,156,161,7,Japan,Asia,Asia,1988,162,,161,,,161,,,,17.424667790780045
joonas-henttala,20.88,132,129,10,Finland,Europe,Northern Europe,1991,129,,129,,,129,,,,21.38769116415639
johan-remels,19.033937490691798,79,69,3,Belgium,Europe,Western Europe,1967,101,,,64,79,79,5,123,,59.632206063502295
giovanni-cavalcanti,21.20326991608556,39,54,7,Italy,Europe,Southern Europe,1943,102,51,8,63,,,57,45,,55.24447828473341
lachlan-norris,21.39,32,32,2,Australia,Oceania,Oceania,1987,32,32,,,,,,32,,2.1213203435596424
adam-phelan,22.04,46,46,2,Australia,Oceania,Oceania,1991,47,46,,,,,,46,,5.656854249492381
adriano-pella,20.086740954487727,0,0,1,Italy,Europe,Southern Europe,1945,0,,0,,,0,,,,
gianfranco-bianchin,20.693234452816835,4,4,1,Italy,Europe,Southern Europe,1947,4,,4,,,4,,,,
pietro-guerra,21.612881891985577,2,2,2,Italy,Europe,Southern Europe,1943,3,,2,,,2,,,,3.5355339059327378
gianpaolo-cucchietti,21.965380051070095,6,6,1,Italy,Europe,Southern Europe,1942,6,,6,,,6,,,,
sylvain-bolay,20.99,100,100,2,France,Europe,Western Europe,1963,100,,100,,,,100,,,94.75230867899737
isidro-cerrato-lopez,18.39175882600552,176,164,5,Spain,Europe,Southern Europe,1981,164,,164,,,,164,,,35.33128924904949
luc-ronsse,21.404524886856947,50,54,4,Belgium,Europe,Western Europe,1955,56,,54,,,,54,,,15.800843859321775
eric-de-vlaeminck,21.01403511141656,9,11,10,Belgium,Europe,Western Europe,1945,13,39,7,,,7,8,39,,10.956479564369408
arie-den-hartog,24.841060578645003,11,13,4,Netherlands,Europe,Western Europe,1941,16,,16,4,,,13,,,8.808140174482542
jean-claude-theilliere,21.8092209801157,23,23,1,France,Europe,Western Europe,1944,23,,23,,,,23,,,
willy-monty,20.86379946689011,25,24,4,Belgium,Europe,Western Europe,1939,24,,24,,,,24,,,2.362907813126304
maurice-dury,21.64939746355419,8,16,5,Belgium,Europe,Western Europe,1947,24,,28,6,34,34,12,,,13.718600511714014
steven-van-vooren,23.41,85,84,4,Belgium,Europe,Western Europe,1986,84,,82,,87,64,103,,,33.560889936551646
frans-melckenbeeck,19.62562405687789,8,8,2,Belgium,Europe,Western Europe,1940,8,,8,,,8,8,,,0.0
englebert-opdebeeck,20.261895870023615,29,29,11,Belgium,Europe,Western Europe,1946,34,,28,,36,25,30,,,13.945999752291305
theo-mertens,20.13606998649108,16,16,1,Belgium,Europe,Western Europe,1941,16,,16,,,,16,,,
ward-sels,22.2851795919322,18,16,6,Belgium,Europe,Western Europe,1941,19,,17,,15,14,19,,,6.156297588648555
etienne-antheunis,22.721346996025755,22,22,2,Belgium,Europe,Western Europe,1947,23,,22,,,,22,,,7.7781745930520225
romain-furniere,21.530570893896215,31,31,1,Belgium,Europe,Western Europe,1943,31,,31,,,,31,,,
ercole-gualazzini,20.214072243611685,33,33,1,Italy,Europe,Southern Europe,1944,33,,33,,,,33,,,
wim-dubois,22.290979945365617,34,34,1,Netherlands,Europe,Western Europe,1946,34,,34,,,,34,,,
colin-lewis,21.6,35,38,3,Great Britain,Europe,Northern Europe,1942,39,54,35,24,,,35,39,,15.17673658377628
roger-cooreman,20.691054385477077,20,24,5,Belgium,Europe,Western Europe,1941,30,,24,,,17,26,,,17.24818831066034
claudio-brandini,20.663248491452794,38,38,2,Italy,Europe,Southern Europe,1965,65,,38,,,70,7,,,44.54772721475249
jose-inguanzo,19.40880927620505,87,87,2,Spain,Europe,Southern Europe,1957,139,,,87,,,,87,,106.06601717798213
philippe-martinez,20.18826459872458,14,14,2,France,Europe,Western Europe,1958,24,,2,26,,,2,26,,16.97056274847714
claudio-jose-casas,22.8500993294951,175,177,4,Spain,Europe,Southern Europe,1982,177,,177,,,,177,,,10.078855755160568
pedro-autran-dourado-dutra-nicacio,20.37,193,193,1,Brazil,America,America,1981,193,,193,,,193,,,,
gabriel-machado-silva,22.32,195,195,1,Brazil,America,America,1997,195,,195,,,195,,,,
kristof-de-zutter,22.588053292946203,106,106,2,Belgium,Europe,Western Europe,1982,112,,106,,,106,,,,41.71930009000631
marlon-gaillard,20.43,118,118,2,France,Europe,Western Europe,1996,120,118,,,,,,136,101,24.748737341529164
fausto-bertoglio,18.873268176207887,9,9,2,Italy,Europe,Southern Europe,1949,13,17,1,,,,1,,17,11.313708498984761
jose-pedrero,23.506315355500135,39,52,3,Spain,Europe,Southern Europe,1965,72,,58,39,,,58,39,,50.76416058598822
javier-claramunt,23.055179465290735,102,102,2,Spain,Europe,Southern Europe,1968,103,,110,94,,,110,94,,11.313708498984761
andrei-sitnov,21.29695237228761,114,114,1,Russia,Asia,Asia,1965,114,,114,,,,114,,,
juan-romero-ruiz,20.755826624479212,72,72,2,Spain,Europe,Southern Europe,1967,113,,72,,,,72,,,76.36753236814714
oleg-ripa,19.9515753079816,133,133,1,Russia,Asia,Asia,1968,133,,133,,,,133,,,
alexandre-lysenko,21.27647021602905,139,139,1,Russia,Asia,Asia,1967,139,,139,,,,139,,,
carlos-pereira,22.029274000473784,140,140,1,Portugal,Europe,Southern Europe,1966,140,,140,,,,140,,,
rustam-tukhvatulin,23.860892583026924,62,80,3,Russia,Asia,Asia,1969,135,,88,62,,,88,62,,81.94103571064582
ricky-eno-jorgensen,21.17544387442961,46,46,1,Denmark,Europe,Northern Europe,1989,46,,46,,,46,,,,
frans-maes,20.954765006946253,9,9,1,Belgium,Europe,Western Europe,1947,9,,9,,,,9,,,
bernard-van-de-kerckhove,20.979924466835,31,31,1,Belgium,Europe,Western Europe,1941,31,,31,,,,31,,,
georges-claes2,24.11105912759211,20,20,2,Belgium,Europe,Western Europe,1947,31,,20,,,7,34,,,19.091883092036785
jos-van-beers,24.419557846417973,36,36,1,Netherlands,Europe,Western Europe,1948,36,,36,,,,36,,,
walter-ricci,19.565828701808847,38,38,2,Italy,Europe,Southern Europe,1946,38,,38,,,,38,,,0.7071067811865476
adriano-passuello,19.84147940798948,26,28,4,Italy,Europe,Southern Europe,1942,31,21,30,,,32,30,,21,9.128709291752768
roger-pingeon,19.826892718637414,7,13,5,France,Europe,Western Europe,1940,29,,13,,,6,18,,,16.66433316997713
albert-van-midden,21.58513953591983,44,44,1,Netherlands,Europe,Western Europe,1948,44,,44,,,,44,,,
bernard-van-der-linde,20.571610007443528,49,49,1,France,Europe,Western Europe,1946,49,,49,,,,49,,,
jean-marie-leblanc,21.179282547991715,48,48,2,France,Europe,Western Europe,1944,53,,48,,,,48,,,21.213203435596427
serge-lapebie,21.821108653347316,77,77,1,France,Europe,Western Europe,1948,77,,77,,,,77,,,
eddy-reyniers,20.73808674955742,36,44,4,Belgium,Europe,Western Europe,1946,50,,44,,,22,51,,,25.144581921360313
michele-merlo,20.57,169,134,4,Italy,Europe,Southern Europe,1984,133,,134,,,,134,,,82.92365967161201
flavio-zandarin,22.024640103383124,17,20,3,Italy,Europe,Southern Europe,1975,26,,10,38,,10,,38,,17.15614564327703
walter-schoonjans,20.153237049045238,14,14,1,Belgium,Europe,Western Europe,1956,14,,14,,,14,,,,
alain-van-hoornweder,21.945862574827917,17,17,1,Belgium,Europe,Western Europe,1958,17,,17,,,17,,,,
franck-jarno,21.11479774820804,22,40,4,France,Europe,Western Europe,1970,64,,17,,109,42,33,,,47.3990154609425
michele-paletti,20.255696085064624,151,144,9,Italy,Europe,Southern Europe,1967,144,,,144,,,,144,,36.73024790429696
jiri-skoda,20.408930399889048,52,52,2,Czech Republic,Europe,Eastern Europe,1956,89,,95,8,,95,8,,,61.518289963229634
corneille-daems,20.33947476695263,96,67,3,Belgium,Europe,Western Europe,1964,92,,96,9,,,67,,,50.22947341949744
manuel-oliveira,22.784221607404525,68,68,1,Portugal,Europe,Southern Europe,1957,68,,,68,,,,68,,
ramon-rota,21.00272332342408,98,98,1,Spain,Europe,Southern Europe,1967,98,,,98,,,,98,,
pedro-luis-garcia-velasco,20.903068499321925,100,100,1,Spain,Europe,Southern Europe,1966,100,,,100,,,,100,,
joseba-ruiz,23.304309061024,101,101,1,Spain,Europe,Southern Europe,1965,101,,,101,,,,101,,
geert-decorte,19.121671366425407,110,110,1,Belgium,Europe,Western Europe,1964,110,,,110,,,,110,,
pedro-antonio-marquina,22.313452430885004,111,111,1,Spain,Europe,Southern Europe,1965,111,,,111,,,,111,,
joseba-berrojalbiz,21.693424193599483,94,94,2,Spain,Europe,Southern Europe,1966,101,,57,130,,57,,130,,51.61879502661797
willem-jan-van-loenhout,21.25101827110145,110,116,3,Netherlands,Europe,Western Europe,1965,120,,97,154,,,97,154,,35.38361202590826
morten-hulgaard,22.28,103,103,2,Denmark,Europe,Northern Europe,1998,104,,122,,84,84,122,,,26.870057685088806
stanislaw-aniolkowski,20.76,83,76,4,Poland,Europe,Eastern Europe,1997,77,75,68,,94,94,68,75,,22.44066249764773
leonardo-mazzantini,19.82463322253712,2,2,2,Italy,Europe,Southern Europe,1953,3,,,2,,,2,,,2.1213203435596424
jonathan-breyne,23.99,67,67,1,Belgium,Europe,Western Europe,1991,67,,,,67,67,,,,
blaz-jarc,22.65,66,69,4,Slovenia,Europe,Southern Europe,1988,71,,57,,105,72,66,,,26.993826454703797
clinton-avery,23.67,111,111,1,New Zealand,Oceania,Oceania,1987,111,,,,111,111,,,,
roberto-de-patre,20.6,112,112,1,Italy,Europe,Southern Europe,1988,112,,,,112,112,,,,
erick-rowsell,21.07,113,113,1,Great Britain,Europe,Northern Europe,1990,113,,,,113,113,,,,
jonathan-mcevoy,20.01,119,110,3,Great Britain,Europe,Northern Europe,1989,110,,106,,119,119,92,,,15.588457268119896
peter-hoondert,19.119675643138734,49,54,4,Netherlands,Europe,Western Europe,1961,57,,54,,,,54,,,16.68332500832293
marc-siemons,22.52022905879269,14,23,5,Netherlands,Europe,Western Europe,1966,37,32,10,,54,25,9,,32,19.84187491140895
daniele-asti,21.801346287020202,5,5,1,Italy,Europe,Southern Europe,1964,5,,5,,,5,,,,
ronan-van-zandbeek,21.27,68,68,1,Netherlands,Europe,Western Europe,1988,68,,68,,,68,,,,
robert-retschke,20.37,70,70,2,Germany,Europe,Western Europe,1980,70,,70,,,72,69,,,2.1213203435596424
robin-chaigneau,23.37,106,106,2,Netherlands,Europe,Western Europe,1988,111,,73,,138,106,,,,45.96194077712559
coen-vermeltfoort,23.55,106,106,2,Netherlands,Europe,Western Europe,1988,112,,106,,,106,,,,41.71930009000631
keven-lacombe,22.92,51,51,2,Canada,America,America,1985,50,23,79,,,79,,23,,39.59797974644666
tomasz-kiendys,22.79,112,114,4,Poland,Europe,Eastern Europe,1977,118,,112,,120,118,104,,,29.825883613622135
romain-matheou,22.28,82,82,1,France,Europe,Western Europe,1988,82,,82,,,82,,,,
mark-mcnally,20.81,125,117,4,Great Britain,Europe,Northern Europe,1989,122,,117,,,101,123,,,38.78466191679386
rudy-porter,20.6,62,69,5,Australia,Oceania,Oceania,2000,69,,,69,,,69,,,24.7244817943673
takashi-miyazawa,22.68,53,72,3,Japan,Asia,Asia,1978,71,41,133,,,133,,41,,54.454874284432364
oleksandr-polivoda,20.145615466522315,86,86,1,Ukraine,Europe,Eastern Europe,1987,86,86,,,,,,86,,
siarhei-papok,24.26,93,93,1,Belarus,Europe,Eastern Europe,1988,93,93,,,,,,93,,
stefan-koychev-histrov,18.61,94,94,1,Bulgaria,Europe,Eastern Europe,1985,94,94,,,,,,94,,
ronan-mclaughlin,23.224205826817734,104,104,1,Ireland,Europe,Northern Europe,1987,104,104,,,,,,104,,
georgi-petrov-georgiev,22.574734205434265,108,108,1,Bulgaria,Europe,Eastern Europe,1985,108,108,,,,,,108,,
jure-kocjan,21.74,114,94,7,Slovenia,Europe,Southern Europe,1984,107,75,108,,,108,,90,47,57.06137047074842
wim-arras,22.524985805462016,4,32,6,Belgium,Europe,Western Europe,1964,84,,3,91,,,3,91,,70.47954786082744
pedro-jose-soler,23.616963950232517,151,151,2,Colombia,America,America,1961,151,,,151,,,,151,,79.19595949289332
raul-acosta-arias,19.86887834904435,152,152,2,Colombia,America,America,1962,152,,,152,,,,152,,77.07463914933368
sergio-jaramillo,22.642448471018227,200,200,2,Colombia,America,America,1958,200,,,200,,,,200,,12.020815280171307
chun-kai-feng,23.88,124,123,3,Taiwan,Asia,Asia,1988,123,,116,137,,,123,,,14.52583904633395
romeo-hernandez,20.237026436382436,54,52,3,Belgium,Europe,Western Europe,1975,51,,52,,,66,45,,,15.0996688705415
luis-zubero,23.30171163600702,2,7,3,Spain,Europe,Southern Europe,1948,10,7,,,,,,7,,8.082903768654761
ventura-diaz,24.62,3,3,1,Spain,Europe,Southern Europe,1937,3,3,,,,,,3,,
gabriel-mascaro,21.3561077436731,5,5,1,Spain,Europe,Southern Europe,1944,5,5,,,,,,5,,
bernard-labourdette,20.20236479503303,10,10,6,France,Europe,Western Europe,1946,15,10,13,,,13,,9,13,6.918574034197124
sean-way,20.950308459984143,59,67,4,Canada,America,America,1967,72,,111,59,50,70,,59,,30.510927004381013
thomas-bay,22.359613754924524,44,44,2,Denmark,Europe,Northern Europe,1970,44,,29,60,,,29,60,,21.920310216782973
antony-doyle,22.68491835572308,63,63,1,Great Britain,Europe,Northern Europe,1958,63,,,63,,,,63,,
john-tanner,22.09,64,64,1,Great Britain,Europe,Northern Europe,1968,64,,,64,,,,64,,
oleg-polovnikov,22.346104801803552,16,17,3,Russia,Asia,Asia,1969,17,,12,19,,,17,,,5.033222956847167
linas-balciunas,23.43,126,116,3,Lithuania,Europe,Northern Europe,1978,116,,,116,,,116,,,19.655363983740756
peter-roman,19.815158543776768,117,119,3,Switzerland,Europe,Western Europe,1978,119,,,119,,,119,,,7.637626158259732
peter-hofland,20.082939607009067,4,4,1,Netherlands,Europe,Western Europe,1958,4,,4,,,4,,,,
wouter-van-mechelen,19.32580790368663,86,86,1,Belgium,Europe,Western Europe,1981,86,,86,,,,86,,,
jose-coll,22.432313813563947,7,7,1,Spain,Europe,Southern Europe,1964,7,,7,,,,7,,,
jose-maria-moreno,19.02030538980847,25,49,5,Spain,Europe,Southern Europe,1960,85,,49,,,,49,,,51.270849417578404
dainius-kairelis,20.11,102,102,2,Lithuania,Europe,Northern Europe,1979,107,63,141,,,141,,63,,55.154328932550705
cristiano-fumagalli,20.449247484502415,149,149,1,Italy,Europe,Southern Europe,1984,149,,149,,,149,,,,
david-gutierrez-palacios,21.201064884435574,153,150,7,Spain,Europe,Southern Europe,1987,151,,,150,,,150,,,11.92236793354647
peter-gansler,21.446008724674424,59,62,5,Germany,Europe,Western Europe,1963,80,59,74,50,,,51,97,59,39.45630494610462
lucien-de-brauwere,20.81,24,24,1,Belgium,Europe,Western Europe,1951,24,,24,,,,24,,,
julien-van-lint,21.559105471455233,24,23,3,Belgium,Europe,Western Europe,1946,24,,23,,,,23,,,2.081665999466132
august-herijgers,21.51682518371044,30,30,1,Belgium,Europe,Western Europe,1950,30,,30,,,,30,,,
robert-de-guchtenaere,21.664058853283937,32,32,1,Belgium,Europe,Western Europe,1949,32,,32,,,,32,,,
claude-magni,23.1638642491434,33,33,1,France,Europe,Western Europe,1950,33,,33,,,,33,,,
emil-merks,20.924932619855234,36,36,1,Germany,Europe,Western Europe,1950,36,,36,,,,36,,,
ronny-vlassaks,23.239178488596654,43,43,2,Belgium,Europe,Western Europe,1964,52,,43,,,43,,,,24.041630560342615
jonas-tegstrom,23.330020308102636,20,16,3,Sweden,Europe,Northern Europe,1965,21,20,27,2,,27,2,20,,12.897028081435403
mathias-de-witte,19.25,58,60,8,Belgium,Europe,Western Europe,1993,59,,60,,,58,77,,,42.191527585523616
chris-scharmin,18.593196003125193,42,43,3,Belgium,Europe,Western Europe,1966,49,,43,,,44,42,,,17.52141546793523
frank-francken,22.042018508539094,72,72,2,Belgium,Europe,Western Europe,1964,76,,72,,,,72,,,34.64823227814083
scott-stewart,22.10087400223622,127,118,4,United States,America,America,1987,118,,,118,,,118,,,30.681155997343605
gordon-mccauley,20.87171084426874,24,24,1,New Zealand,Oceania,Oceania,1972,24,,24,,,24,,,,
juan-jose-martinez-diaz,21.422350056340758,10,10,1,Spain,Europe,Southern Europe,1966,10,,10,,,,10,,,
pascal-robert,20.411098078285598,8,8,1,France,Europe,Western Europe,1963,8,,8,,,,8,,,
yvan-lamote,23.20910389489994,11,13,6,Belgium,Europe,Western Europe,1958,15,16,12,,,8,30,,16,9.859006035092989
hendrik-caethoven,19.11370029963709,34,34,2,Belgium,Europe,Western Europe,1956,34,,34,,,,34,,,7.7781745930520225
marco-giroletti,21.94132416752246,45,39,7,Italy,Europe,Southern Europe,1972,47,,39,,,39,,,,25.867795753462588
vadim-chabalkine,20.975389356837923,7,10,4,Russia,Asia,Asia,1968,9,,15,6,,,10,,,9.983319421247959
mike-engleman,21.57430964038634,40,47,3,United States,America,America,1958,47,19,,61,,,82,30,,32.07802986469088
jorge-leon-otalvaro,21.296595997676803,89,72,3,Colombia,America,America,1964,72,34,,90,,,,72,,32.65475973473596
brian-smith,20.941436262562863,78,78,2,Great Britain,Europe,Northern Europe,1967,83,44,,,113,113,,44,,48.79036790187178
fernando-carvalho,22.091618219378446,75,75,1,Portugal,Europe,Southern Europe,1962,75,75,,,,,,75,,
martin-aun,22.954160036393482,86,86,1,Estonia,Europe,Northern Europe,1964,86,86,,,,,,86,,
richard-trinkler,21.63,4,4,2,Switzerland,Europe,Western Europe,1950,4,,4,,,,4,,,2.8284271247461903
miguel-angel-martinez,22.7701346665492,3,3,1,Spain,Europe,Southern Europe,1961,3,,,3,,,3,,,
romain-gioux,19.584454501811166,163,161,3,France,Europe,Western Europe,1986,161,,161,,,161,,,,7.6376261582597325
geir-digerud,22.74,11,11,1,Norway,Europe,Northern Europe,1956,11,11,,,,,,,11,
leon-boelhouwers,20.95329161917067,49,49,1,Netherlands,Europe,Western Europe,1965,49,,49,,,,49,,,
henri-dorgelo,23.331458141716674,35,35,2,Netherlands,Europe,Western Europe,1964,39,,35,,,17,53,,,25.45584412271571
theo-muis,20.097050020179296,80,80,1,Netherlands,Europe,Western Europe,1965,80,,80,,,,80,,,
wayne-hildred,21.812063058082895,38,33,4,Australia,Oceania,Oceania,1955,43,29,26,49,,,26,36,,22.276669409945463
mario-traxl,20.683517715914615,36,36,1,Austria,Europe,Western Europe,1964,36,,36,,,36,,,,
rober-van-der-vin,21.85664447408502,53,57,3,Netherlands,Europe,Western Europe,1969,62,,57,,,37,68,,,22.810816147900834
luc-dierickx,19.41974222222361,38,38,1,Belgium,Europe,Western Europe,1967,38,,38,,,38,,,,
roberto-savoldi,21.848814150979333,147,144,8,Italy,Europe,Southern Europe,1975,147,,152,122,,152,122,,,35.83468989680251
stefano-guerrini,19.120819930134253,149,152,7,Italy,Europe,Southern Europe,1978,152,,152,,,152,,,,16.557259952747533
alessandro-brendolin,22.748416130471185,141,138,5,Italy,Europe,Southern Europe,1977,139,,138,,,138,,,,38.79819583434261
roberto-traficante,21.998366012255442,66,66,1,Italy,Europe,Southern Europe,1984,66,66,,,,,,,66,
rasmus-guldhammer,19.71,50,56,4,Denmark,Europe,Northern Europe,1989,54,,56,,,50,62,,,21.802140567690444
walter-baumgartner,22.838262555974637,0,0,1,Switzerland,Europe,Western Europe,1953,0,,,0,,,0,,,
pierrick-naud,21.188972045620247,129,129,1,Canada,America,America,1991,129,129,,,,,,129,,
jean-zen,20.94573417734937,60,60,2,France,Europe,Western Europe,1981,67,,31,,90,60,,,,41.71930009000631
kenny-van-braeckel2,19.67996777377306,74,74,2,Belgium,Europe,Western Europe,1983,78,,74,,,74,,,,24.041630560342615
rogelio-arango,23.48155854997887,130,114,5,Colombia,America,America,1959,118,,73,124,,,103,157,,38.16673944680106
syver-waersted,22.468259790937687,101,101,1,Norway,Europe,Northern Europe,1996,101,,101,,,,101,,,
german-martin,19.22814207134529,3,3,1,Spain,Europe,Southern Europe,1948,3,3,,,,,,3,,
luis-balague,20.017796264255946,10,15,3,Spain,Europe,Southern Europe,1944,16,5,20,,,20,,5,,13.228756555322953
jose-gomez-lucas,22.23795275918782,6,6,2,Spain,Europe,Southern Europe,1944,6,6,,,,,,6,,0.0
kristjan-fajt,21.595073102433446,56,49,4,Slovenia,Europe,Southern Europe,1982,51,49,,,,,,49,,24.060687161148714
mykhaylo-kononenko,19.040952549279144,70,70,2,Ukraine,Europe,Eastern Europe,1987,68,70,,,,,,70,,30.405591591021544
andriy-khripta,22.478262428363905,92,92,1,Ukraine,Europe,Eastern Europe,1986,92,92,,,,,,92,,
miyataka-shimizu,22.31,93,93,1,Japan,Asia,Asia,1981,93,93,,,,,,93,,
leon-paul-menard2,22.13371505827157,7,7,1,France,Europe,Western Europe,1946,7,7,,,,,,7,,
eduardo-castello,21.26367986478703,31,31,2,Spain,Europe,Southern Europe,1940,42,31,,,,,,31,,29.698484809834994
joaquim-galera,22.432882881536624,12,12,1,Spain,Europe,Southern Europe,1940,12,12,,,,,,12,,
felix-gonzalez,22.462718347799168,30,30,2,Spain,Europe,Southern Europe,1945,38,13,46,,,,46,13,,23.33452377915607
eufronio-enrique-sahagun,22.008366797557237,14,14,1,Spain,Europe,Southern Europe,1943,14,14,,,,,,14,,
rik-mannaerts,19.980751238913797,48,48,1,Belgium,Europe,Western Europe,1964,48,,48,,,,48,,,
koen-vekemans,18.29528011042218,71,71,2,Belgium,Europe,Western Europe,1966,77,,71,,,91,51,,,28.284271247461902
michal-precechtel,19.821255651990583,15,15,2,Czech Republic,Europe,Eastern Europe,1977,14,,15,,,15,,,,2.8284271247461903
dennis-kraft,21.00891871331114,18,18,1,Germany,Europe,Western Europe,1981,18,,18,,,18,,,,
peter-ronsse,23.52636399277608,58,58,2,Belgium,Europe,Western Europe,1980,58,,58,,,58,,,,1.4142135623730951
antonio-salomone,20.869110808903756,184,152,3,Italy,Europe,Southern Europe,1976,165,,152,,,152,,,,54.84827557301445
jean-philippe-rouxel,21.106477866646504,79,79,1,France,Europe,Western Europe,1966,79,,79,,,,79,,,
dietmar-hauer,21.712682517529363,49,63,3,Austria,Europe,Western Europe,1968,66,,63,,,,63,,,31.085902485424697
zbigniew-ludwiniak,21.87669174297747,7,7,1,Poland,Europe,Eastern Europe,1963,7,,7,,,,7,,,
yuri-kashirin,19.037723885392325,11,11,2,Russia,Asia,Asia,1959,13,,11,,,,11,,,2.8284271247461903
edwin-bafcop,21.439441555184263,20,20,2,Belgium,Europe,Western Europe,1962,21,,20,,,16,23,,,4.949747468305833
marco-bernal,19.591998609554317,63,63,1,Colombia,America,America,1962,63,,63,,,,63,,,
segundo-leopoldo-chaparro,21.422596444831775,72,72,1,Colombia,America,America,1963,72,,72,,,,72,,,
luis-felipe-moreno,20.613402538943348,7,12,3,Colombia,America,America,1966,16,,,12,,,12,,,9.865765724632494
sergio-carcano,23.839050416586502,42,42,2,Italy,Europe,Southern Europe,1966,68,,42,,,9,74,,,45.96194077712559
herman-crabbe,21.39086756557951,30,34,3,Belgium,Europe,Western Europe,1959,44,,34,,,7,48,,,29.206163733020468
armando-aristizabal,21.154385170598278,17,17,1,Colombia,America,America,1955,17,,,17,,,17,,,
jerry-cooman,21.481918687595858,35,56,3,Belgium,Europe,Western Europe,1966,95,,56,,,56,,,,57.838856604650594
andrea-zatti-1,21.151904137840933,89,89,2,Italy,Europe,Southern Europe,1973,86,,89,,,68,110,,,29.698484809834994
jimmy-delbove,19.716990172299376,57,85,3,France,Europe,Western Europe,1968,137,178,39,,,39,,178,,82.2455672564384
david-mccann,21.1,73,86,3,Ireland,Europe,Northern Europe,1973,90,86,,,,,,119,70,28.448784391135824
mateusz-mroz,20.440771463362054,76,76,1,Poland,Europe,Eastern Europe,1980,76,76,,,,,,,76,
george-mount,20.83,48,48,2,United States,America,America,1955,48,51,,45,,,,48,,4.242640687119285
guido-frei,20.177896356017595,49,50,4,Switzerland,Europe,Western Europe,1953,50,,56,44,,,49,51,,11.98262631201246
mirko-tedeschi,21.3,144,144,2,Italy,Europe,Southern Europe,1989,144,,148,,139,144,,,,6.363961030678928
christopher-williams,22.89,153,153,1,Australia,Oceania,Oceania,1981,153,,153,,,153,,,,
kevin-de-mesmaeker,21.95,158,158,2,Belgium,Europe,Western Europe,1991,159,,158,,,158,,,,0.7071067811865476
samuele-conti,19.45,177,177,1,Italy,Europe,Southern Europe,1991,177,,177,,,177,,,,
claudio-bartoli,19.881254722154974,163,163,1,Italy,Europe,Southern Europe,1979,163,,163,,,163,,,,
georges-talbourdet,20.379719857199028,12,24,4,France,Europe,Western Europe,1951,43,,30,7,,30,7,,,26.870057685088806
marc-patry,20.27870923329519,42,42,2,Belgium,Europe,Western Europe,1969,45,,19,,65,42,,,,32.526911934581186
johnny-van-cadsand,19.06417821716349,41,41,2,Netherlands,Europe,Western Europe,1972,41,,41,,,41,,,,1.4142135623730951
nicolas-aubier,19.215602925206294,51,51,7,France,Europe,Western Europe,1971,58,76,42,,58,47,,76,,17.746897783905247
andrzej-sypytkowski,22.94,55,68,4,Poland,Europe,Eastern Europe,1963,81,62,86,39,,86,,39,62,37.86819245752297
jacek-mickiewicz,25.01,55,55,1,Poland,Europe,Eastern Europe,1970,55,,55,,,55,,,,
pedro-rosselle,19.670680974441794,57,57,1,Belgium,Europe,Western Europe,1971,57,,57,,,57,,,,
patrick-facchini,19.39,79,79,1,Italy,Europe,Southern Europe,1988,79,,79,,,79,,,,
andrea-zordan,20.98,107,107,1,Italy,Europe,Southern Europe,1991,107,,107,,,107,,,,
theo-akkermans,19.971139505878178,72,76,5,Netherlands,Europe,Western Europe,1966,106,,76,,80,93,52,,,67.95807531117991
eric-knuvers,20.857782928663752,69,69,1,Netherlands,Europe,Western Europe,1966,69,,69,,,,69,,,
nuno-ribeiro,20.42,40,46,4,Portugal,Europe,Southern Europe,1977,47,46,,,,,,37,73,18.518009252256753
jose-carlos-silva-rodrigues,19.056345094282808,57,57,1,Portugal,Europe,Southern Europe,1978,57,57,,,,,,57,,
daniel-petrov,21.31,80,80,1,Bulgaria,Europe,Eastern Europe,1982,80,80,,,,,,80,,
nelson-nuno-sequeira-vitorino,20.77133378741016,85,85,1,Portugal,Europe,Southern Europe,1975,85,85,,,,,,85,,
tomas-buchacek,21.655360565719665,100,100,2,Czech Republic,Europe,Eastern Europe,1978,99,103,96,,,96,,103,,4.949747468305833
jorn-reuss,20.550262784510604,42,42,1,Germany,Europe,Western Europe,1968,42,,42,,,42,,,,
oleg-pankov,23.51,47,47,5,Ukraine,Europe,Eastern Europe,1967,50,,53,,24,43,64,,,15.388307249337076
raimondas-vilcinskas,20.58052770347813,77,77,1,Lithuania,Europe,Northern Europe,1977,77,,77,,,77,,,,
stefano-bizzoni,22.271402356265504,70,70,1,Italy,Europe,Southern Europe,1961,70,,70,,,,70,,,
john-van-asten,20.619905358329223,75,75,1,Netherlands,Europe,Western Europe,1960,75,,75,,,,75,,,
ron-snijders,21.106394218630236,77,77,1,Netherlands,Europe,Western Europe,1959,77,,77,,,,77,,,
hennie-rovers,23.531918503497984,78,78,1,Netherlands,Europe,Western Europe,1958,78,,78,,,,78,,,
romain-costermans,20.88398461117411,80,80,1,Belgium,Europe,Western Europe,1961,80,,80,,,,80,,,
karl-maxon,23.019016533796652,7,7,1,United States,America,America,1959,7,,7,,,,7,,,
walter-polini,20.58186284937061,116,110,8,Italy,Europe,Southern Europe,1955,110,,,110,,,103,118,,16.2810143594135
gaetano-baronchelli,18.570571775472626,119,102,9,Italy,Europe,Southern Europe,1952,108,,76,110,,,106,94,,35.7246413557925
claudio-cerri,21.67308360420999,155,132,4,Italy,Europe,Southern Europe,1960,139,,41,162,,41,162,,,61.98386886924695
piergiorgio-angeli,22.211934101164623,87,87,1,Italy,Europe,Southern Europe,1960,87,,87,,,87,,,,
tom-schuler,19.742398832956486,94,94,1,United States,America,America,1956,94,,94,,,94,,,,
domenico-cavallo,21.714888038984483,115,115,1,Italy,Europe,Southern Europe,1961,115,,115,,,115,,,,
raniero-gradi,21.21252642777213,68,68,2,Italy,Europe,Southern Europe,1960,109,,68,,,68,,,,78.48885271170677
mark-walters,21.027310433003166,94,94,1,Canada,America,America,1976,94,94,,,,,,,94,
dawid-krupa,22.59,97,97,1,Poland,Europe,Eastern Europe,1980,97,97,,,,,,,97,
michal-hrazdira,21.56,101,101,1,Czech Republic,Europe,Eastern Europe,1977,101,101,,,,,,,101,
eric-wohlberg,21.8,104,104,1,Canada,America,America,1965,104,104,,,,,,,104,
marcel-meisen,20.96,51,51,1,Germany,Europe,Western Europe,1989,51,,51,,,,51,,,
yann-tournier,22.7331945049459,137,125,6,France,Europe,Western Europe,1978,129,,140,50,,140,,50,,44.518161088107256
emiel-gysemans,22.764605904657856,22,22,2,Belgium,Europe,Western Europe,1953,22,,22,,,18,25,,,4.949747468305833
mario-mariotti,20.52749303424224,56,56,2,Italy,Europe,Southern Europe,1955,58,,56,,,,56,,,9.192388155425117
christophe-leroscouet,21.1418657970644,12,33,5,France,Europe,Western Europe,1971,66,,13,,111,33,,,,44.32042418569569
menno-vink,20.86705501320587,105,105,2,Netherlands,Europe,Western Europe,1969,113,,75,135,,,75,135,,42.42640687119285
daniel-verelst,21.2057182744063,88,88,1,Belgium,Europe,Western Europe,1969,88,,88,,,,88,,,
camille-bouquet,21.39627441218938,88,88,2,France,Europe,Western Europe,1979,94,,88,,,,88,,,34.64823227814083
vincent-van-der-kooij,19.116891318307978,27,27,1,Netherlands,Europe,Western Europe,1979,27,,27,,,27,,,,
yoeri-beyens,21.612011485314177,40,40,2,Belgium,Europe,Western Europe,1978,40,,40,,,40,,,,6.363961030678928
peter-van-de-knoop,21.877145139855386,14,14,1,Netherlands,Europe,Western Europe,1957,14,,14,,,,14,,,
pedro-costa,23.1484481080427,77,77,1,Portugal,Europe,Southern Europe,1977,77,,,77,,,,77,,
ricardo-costa,19.969346633226387,105,105,1,Portugal,Europe,Southern Europe,1977,105,,,105,,,,105,,
jan-verstraeten,20.75,26,26,1,Belgium,Europe,Western Europe,1978,26,,26,,,26,,,,
renato-laghi,19.546040007962528,16,14,3,Italy,Europe,Southern Europe,1944,16,18,,6,,,6,,18,7.211102550927978
leith-sherwin,21.532753400593332,44,44,2,Australia,Oceania,Oceania,1972,50,,,44,,,,44,,23.33452377915607
thierry-elissalde,22.25763082613603,85,105,3,France,Europe,Western Europe,1969,111,164,,76,,,,105,,51.597803570823956
julian-barcina,19.770402719585054,88,88,1,Spain,Europe,Southern Europe,1966,88,,,88,,,,88,,
francisco-navarro,22.02,148,117,4,Spain,Europe,Southern Europe,1962,153,,0,156,,,117,,,80.49016503068351
greg-saunders,22.35104468767921,28,59,3,United States,America,America,1959,79,,59,,,,59,,,56.01190349678659
bernard-guyot,22.990107294172052,9,9,1,France,Europe,Western Europe,1945,9,,9,,,9,,,,
don-allan,22.53,14,14,2,Australia,Oceania,Oceania,1949,12,8,,21,,,,14,,9.192388155425117
mike-neel,23.33,9,9,1,United States,America,America,1951,9,9,,,,,,9,,
willy-singer,20.536555911383218,31,31,1,Germany,Europe,Western Europe,1949,31,31,,,,,,31,,
rene-leuenberger,22.183315324119757,45,45,1,Switzerland,Europe,Western Europe,1951,45,45,,,,,,45,,
roland-schar,19.215188697772593,52,52,1,Switzerland,Europe,Western Europe,1950,52,52,,,,,,52,,
dirk-durant,21.369287083621888,32,28,3,Belgium,Europe,Western Europe,1961,32,,28,,,24,38,,,11.930353445448855
eric-stevens,20.222414545863305,19,19,1,Belgium,Europe,Western Europe,1960,19,,19,,,19,,,,
martin-durant,21.96720305195511,29,48,5,Belgium,Europe,Western Europe,1956,65,,48,,,21,54,,,36.76683287964847
francis-vermaelen,19.966494383669207,40,40,2,Belgium,Europe,Western Europe,1960,55,,40,,,17,64,,,33.23401871576773
marco-maronese,22.34069846101116,102,102,2,Italy,Europe,Southern Europe,1994,102,,102,,,102,,,,65.76093065034893
giancarlo-casiraghi,23.124129972874726,4,4,2,Italy,Europe,Southern Europe,1956,4,,,4,,,4,,,1.4142135623730951
fabrizio-vanucci,20.710900590847732,11,11,2,Italy,Europe,Southern Europe,1960,11,11,,,,,,,11,2.8284271247461903
michael-schlickau,20.793827233520684,71,71,1,Germany,Europe,Western Europe,1969,71,,71,,,71,,,,
peter-rogers,20.862294730080816,73,73,1,Australia,Oceania,Oceania,1974,73,,73,,,73,,,,
michael-rosborg,22.29034367157243,74,74,1,Denmark,Europe,Northern Europe,1971,74,,74,,,74,,,,
stefano-de-mauri,20.344604706961825,83,83,1,Italy,Europe,Southern Europe,1975,83,,83,,,83,,,,
ken-hashikawa,21.661265514968537,98,98,1,Japan,Asia,Asia,1970,98,,98,,,98,,,,
thibau-nys,20.66,34,38,6,Belgium,Europe,Western Europe,2002,38,,38,,,,38,,,30.605010483034746
enzo-paleni,20.06,66,60,6,France,Europe,Western Europe,2002,61,,60,,,,60,,,30.129166378555293
jan-christen,17.92,67,64,6,Switzerland,Europe,Western Europe,2004,64,,64,,,,64,,,32.64148689423732
jan-sommer,21.8725026176057,102,92,6,Switzerland,Europe,Western Europe,2000,91,,92,,,,92,,,31.954655372887377
jonathan-bogli,20.224231680550005,111,109,6,Switzerland,Europe,Western Europe,2000,109,,109,,,,109,,,32.091535748023446
mason-hollyman,19.49,130,126,4,Great Britain,Europe,Northern Europe,2000,127,,126,,,,126,,,17.253019059476713
antoine-aebi,22.111984485248655,122,122,6,Switzerland,Europe,Western Europe,1998,122,,122,,,,122,,,12.62933094031509
jean-paul-le-bris,18.854190086316045,89,89,1,France,Europe,Western Europe,1958,89,,89,,,,89,,,
gilles-canouet,21.620552192441533,72,72,2,France,Europe,Western Europe,1976,75,,72,,,43,100,,,40.30508652763321
jarno-van-mingeroet,19.35448859062106,78,78,2,Belgium,Europe,Western Europe,1977,85,,78,,,78,,,,40.30508652763321
jean-paul-simon,22.261066098174254,60,60,1,Belgium,Europe,Western Europe,1982,60,,60,,,60,,,,
david-mcpartland,22.061464313049715,62,62,1,Australia,Oceania,Oceania,1980,62,,62,,,62,,,,
carlos-garcia,18.86622871345085,77,77,1,Spain,Europe,Southern Europe,,77,,,77,,,,77,,
plamen-stanev,21.54574888208154,91,91,1,Bulgaria,Europe,Eastern Europe,1988,91,,,91,,,,91,,
rik-van-ijzendoorn,22.982773155467427,189,189,1,Netherlands,Europe,Western Europe,1987,189,,189,,,189,,,,
roman-maikin,21.71,130,130,2,Russia,Asia,Asia,1990,154,,130,,,130,,,,88.38834764831844
brian-kamstra,18.9,176,176,2,Netherlands,Europe,Western Europe,1993,177,,176,,,176,,,,26.16295090390226
roman-jaskula,21.70209071200715,23,23,1,Poland,Europe,Eastern Europe,1960,23,,,23,,,23,,,
juan-valbuena,22.494592556378194,45,45,1,Spain,Europe,Southern Europe,1965,45,,,45,,,45,,,
javier-luquin,17.814653693479745,74,74,1,Spain,Europe,Southern Europe,,74,,,74,,,74,,,
gianluigi-barsotelli,20.846374052010937,78,78,1,Italy,Europe,Southern Europe,1965,78,,,78,,,78,,,
fabrizio-convalle,22.374455628666258,73,51,3,Italy,Europe,Southern Europe,1965,74,,36,80,,73,40,,,44.30575583375144
jonas-romanovas,21.603635393894685,111,111,1,Lithuania,Europe,Northern Europe,1957,111,,,111,,,111,,,
salvatore-criscione,23.229106920969173,97,95,4,Italy,Europe,Southern Europe,1966,98,,86,122,,97,94,,,28.975564417856187
ivan-alemany,21.200933556056643,140,140,2,Spain,Europe,Southern Europe,1967,140,,144,135,,144,135,,,6.363961030678928
alessandro-bertuola,21.198453749679015,60,60,1,Italy,Europe,Southern Europe,1979,60,60,,,,,,,60,
tim-harris,22.461900804371503,28,28,2,Great Britain,Europe,Northern Europe,1962,30,,28,,,16,39,,,16.263455967290593
luc-meersman,21.186238168664172,16,16,1,Belgium,Europe,Western Europe,1960,16,,16,,,16,,,,
luis-pedro-santamarina,20.685740255832265,6,6,1,Spain,Europe,Southern Europe,1942,6,6,,,,,,6,,
jose-florencio,20.575930274608513,7,7,1,Spain,Europe,Southern Europe,1943,7,7,,,,,,7,,
vladimir-tuychiev,22.506666942899187,70,70,1,Uzbekistan,Asia,Asia,1983,70,70,,,,,,70,,
william-billy-bilsland,24.39,13,25,3,Great Britain,Europe,Northern Europe,1945,33,11,54,,,,54,13,9,24.90649179096352
aldo-moser,20.238315958820873,18,16,3,Italy,Europe,Southern Europe,1934,17,16,,,,,,18,16,3.785938897200183
jean-luc-molineris,19.72752279092882,22,29,5,France,Europe,Western Europe,1950,33,22,31,,,26,48,22,,13.70401401050072
wilmo-francioni,22.503033102261128,30,30,1,Italy,Europe,Southern Europe,1948,30,30,,,,,,30,,
hans-junkermann,21.4751362121704,19,19,2,Germany,Europe,Western Europe,1934,34,37,,1,,,1,37,,25.45584412271571
patrick-bol,20.414006117331173,53,53,2,Netherlands,Europe,Western Europe,1965,53,,53,,,48,58,,,7.0710678118654755
jean-louis-peillon,21.89847700290993,76,76,1,France,Europe,Western Europe,1961,76,,76,,,76,,,,
danny-janssens,20.26652960987417,84,84,1,Belgium,Europe,Western Europe,1963,84,,84,,,84,,,,
jean-marie-vernie,21.748809398676944,100,100,1,Belgium,Europe,Western Europe,1960,100,,100,,,100,,,,
patrice-bar,21.528262246581026,101,101,1,Belgium,Europe,Western Europe,1967,101,,101,,,101,,,,
charly-grosskost,23.181673279232527,14,14,2,France,Europe,Western Europe,1944,23,,14,,,,14,,,14.849242404917497
antoine-warnier,21.2,106,106,2,Belgium,Europe,Western Europe,1993,105,,106,,,,106,,,16.97056274847714
christophe-masson,20.76,111,111,2,France,Europe,Western Europe,1985,110,,111,,,,111,,,16.97056274847714
karl-patrick-lauk,23.05,78,78,1,Estonia,Europe,Northern Europe,1997,78,,78,,,,78,,,
pierre-barbier,22.28,90,90,1,France,Europe,Western Europe,1997,90,,90,,,,90,,,
matti-helminen,21.86,135,135,1,Finland,Europe,Northern Europe,1975,135,,135,,,,135,,,
gustaaf-hermans,21.91,36,36,1,Belgium,Europe,Western Europe,1951,36,,36,,,36,,,,
albert-hulzebosch,21.398773387608028,43,43,1,Netherlands,Europe,Western Europe,1949,43,,43,,,43,,,,
ludo-van-der-linden,23.189911641201455,49,49,1,Belgium,Europe,Western Europe,1951,49,,49,,,49,,,,
dirk-reichl,20.675051504030264,74,74,2,Germany,Europe,Western Europe,1981,73,,74,,,,74,,,22.627416997969522
eddy-beugels,19.971865925673832,11,11,2,Netherlands,Europe,Western Europe,1944,20,,22,0,,,11,,,15.556349186104045
pierino-primavera,21.728441009432004,1,1,1,Italy,Europe,Southern Europe,1945,1,,,1,,,1,,,
auguste-girard,20.454566259446185,2,2,1,Switzerland,Europe,Western Europe,1943,2,,,2,,,2,,,
sergio-rodriguez,21.6,68,68,1,Spain,Europe,Southern Europe,1992,68,,,68,,,,68,,
jos-op-t-eyndt,21.7810412009499,23,23,1,Belgium,Europe,Western Europe,1960,23,,23,,,23,,,,
dmitro-krivtsov,21.5,98,94,3,Ukraine,Europe,Eastern Europe,1985,101,,94,,,63,110,,,29.67041174863155
stephane-bonsergent,21.8,103,103,1,France,Europe,Western Europe,1977,103,,103,,,,103,,,
michael-baer,20.37,106,106,1,Switzerland,Europe,Western Europe,1988,106,,106,,,,106,,,
greg-randolph,21.75595881691896,68,68,1,United States,America,America,1972,68,,,68,,,68,,,
evgeny-kobernyak,20.42,163,163,1,Russia,Asia,Asia,1995,163,,163,,,163,,,,
jose-luis-uribezubia,20.64383027692266,19,30,3,Spain,Europe,Southern Europe,1945,50,,30,,,30,,,,31.564748269760262
jens-wallays,20.66,155,155,1,Belgium,Europe,Western Europe,1992,155,,155,,,,155,,,
benny-van-der-auwera,23.932007405704393,28,28,1,Belgium,Europe,Western Europe,1958,28,,28,,,,28,,,
tim-johnson,23.010660239106237,134,127,4,United States,America,America,1977,127,,127,,,127,,,,28.971250116854353
leandro-navarrete,20.80673510927413,121,121,5,Spain,Europe,Southern Europe,1977,121,,121,,,121,,,,36.031930284124385
rudy-delehouzee,21.740059562038713,28,28,1,Belgium,Europe,Western Europe,1960,28,,28,,,,28,,,
hakan-jensen,24.250590738996245,41,41,1,Sweden,Europe,Northern Europe,1961,41,,41,,,,41,,,
thierry-degasperi,20.470963745940235,64,64,1,Belgium,Europe,Western Europe,1960,64,,64,,,,64,,,
jose-antonio-ponton,21.853238753341316,3,3,1,Spain,Europe,Southern Europe,1942,3,,3,,,3,,,,
rene-grenier,20.347845925050745,6,6,1,France,Europe,Western Europe,1943,6,,6,,,6,,,,
georges-chappe,21.205816802724815,16,16,2,France,Europe,Western Europe,1944,23,,16,,,7,26,,,13.435028842544403
georges-barras,20.36597922794406,8,8,1,Belgium,Europe,Western Europe,1949,8,,8,,,8,,,,
willy-abbeloos,20.481125961754035,9,21,5,Belgium,Europe,Western Europe,1949,44,,26,3,,6,31,,,25.228951623085727
roberto-gaggioli,20.050846154060615,18,18,2,Italy,Europe,Southern Europe,1962,26,,18,,,18,,,,16.263455967290593
cees-koeken,20.649679759951,19,19,1,Netherlands,Europe,Western Europe,1948,19,,19,,,19,,,,
jules-bruessing,22.55991473285154,28,28,1,Netherlands,Europe,Western Europe,1949,28,,28,,,28,,,,
enrico-maggioni,20.00934028683055,6,6,2,Italy,Europe,Southern Europe,1946,6,6,,,,,,,6,1.4142135623730951
davide-boifava,19.757898425292044,16,18,3,Italy,Europe,Southern Europe,1946,28,16,2,36,,2,,36,16,17.08800749063506
theo-van-der-leeuw,19.406364995605585,5,5,1,Netherlands,Europe,Western Europe,1949,5,,,5,,,5,,,
markus-pajur,21.04,88,88,2,Estonia,Europe,Northern Europe,2000,87,,88,,,82,93,,,7.7781745930520225
eugenio-sanchez,19.97,87,87,1,Spain,Europe,Southern Europe,1999,87,,87,,,,87,,,
kurt-huygens,21.973044701725385,91,91,1,Belgium,Europe,Western Europe,1968,91,,91,,,,91,,,
jacques-guiot,21.607084118358074,6,6,1,France,Europe,Western Europe,1945,6,,6,,,6,,,,
richard-groenendaal,21.31,120,120,4,Netherlands,Europe,Western Europe,1971,119,,,120,,,120,,,9.39858145324779
soren-petersen,19.54170550586976,78,78,1,Denmark,Europe,Northern Europe,1967,78,78,,,,,,,78,
jose-manuel-garcia-114,19.432308863723108,18,54,3,Spain,Europe,Southern Europe,1968,107,127,,18,,,18,127,,63.221831672294975
willy-engelbrecht,20.091991369921217,70,59,3,South Africa,Africa,Africa,1962,62,,59,,,,59,,,23.18045153428495
arkadiusz-wojtas,20.090755562742736,18,18,2,Poland,Europe,Eastern Europe,1977,17,14,21,,,21,,,14,4.949747468305833
johan-dekkers,20.896461731122844,78,80,4,Belgium,Europe,Western Europe,1978,91,,80,,,43,116,,,48.94554797595657
greg-gilmore,21.375939417458714,107,107,1,United States,America,America,1961,107,,107,,,,107,,,
bert-van-ende,21.074681325822066,22,22,2,Belgium,Europe,Western Europe,1959,23,,22,,,21,24,,,2.1213203435596424
julien-mortier,19.71,105,105,1,Belgium,Europe,Western Europe,1997,105,,105,,,,105,,,
giuseppe-lanzoni,20.891009867432004,3,3,2,Italy,Europe,Southern Europe,1959,3,,,3,,,3,,,1.4142135623730951
eelke-van-der-wal,20.967221038906985,118,118,1,Netherlands,Europe,Western Europe,1981,118,,118,,,,118,,,
oleksandr-sheydyk,21.50204739249836,105,105,2,Ukraine,Europe,Eastern Europe,1980,116,105,,,,,,144,66,55.154328932550705
zsolt-der,23.085077494318533,98,98,1,Hungary,Europe,Eastern Europe,1983,98,98,,,,,,,98,
wilfried-peffgen,22.39,15,21,3,Germany,Europe,Western Europe,1942,31,,24,15,,6,42,15,,18.734993995195193
wilco-zuijderwijk,21.552334626172165,45,45,2,Netherlands,Europe,Western Europe,1969,43,,45,,,40,50,,,7.0710678118654755
greg-moens,18.977989089069194,51,55,3,Belgium,Europe,Western Europe,1966,59,,55,,,59,47,,,10.583005244258363
pascal-elaut,22.00940386096593,79,79,2,Belgium,Europe,Western Europe,1965,94,,79,,,79,,,,42.42640687119285
radomir-simunek-sr,20.506946921136038,112,112,1,Czech Republic,Europe,Eastern Europe,1962,112,,112,,,112,,,,
rudy-vingerhoets,20.4007433180544,114,114,1,Belgium,Europe,Western Europe,1965,114,,114,,,114,,,,
nicolas-coudray,21.954773177775465,119,119,1,Switzerland,Europe,Western Europe,1967,119,,119,,,119,,,,
dirk-friel,21.491462180651425,120,120,1,United States,America,America,1970,120,,120,,,120,,,,
erwin-biets,21.748165173061643,92,92,2,Belgium,Europe,Western Europe,1968,96,,123,,61,92,,,,43.840620433565945
philip-de-baets,21.49243973307576,127,127,1,Belgium,Europe,Western Europe,1969,127,,127,,,127,,,,
kurt-verleden,20.34723865849582,128,128,1,Belgium,Europe,Western Europe,1963,128,,128,,,128,,,,
peter-van-brecht,17.83263826906879,130,130,1,Belgium,Europe,Western Europe,1965,130,,130,,,130,,,,
daniel-hirs,21.05580540579471,94,94,2,Switzerland,Europe,Western Europe,1965,101,,148,,39,94,,,,77.07463914933368
nicola-gavazzi,21.736551155882793,120,120,2,Italy,Europe,Southern Europe,1978,144,187,54,,,,54,187,,94.04520189781083
massimiliano-maisto,20.827168987402594,110,110,1,Italy,Europe,Southern Europe,1980,110,,110,,,110,,,,
stefano-usai,19.569304133082827,125,125,1,Italy,Europe,Southern Europe,1982,125,,125,,,125,,,,
pasquale-muto,20.281383507466927,136,136,1,Italy,Europe,Southern Europe,1980,136,,136,,,136,,,,
krzysztof-szczawinski,22.87570402076578,145,145,1,Poland,Europe,Eastern Europe,1979,145,,145,,,145,,,,
donato-cannone,21.68,149,149,1,Italy,Europe,Southern Europe,1982,149,,149,,,149,,,,
jonathan-garcia,21.529562135615908,139,137,3,United States,America,America,1981,137,,,137,,,137,,,3.7859388972001797
giacomo-bazzan,20.616502911248215,3,3,2,Italy,Europe,Southern Europe,1950,3,,,3,,,3,,,0.0
dirk-clarysse,22.032699157383373,42,42,2,Belgium,Europe,Western Europe,1964,57,,42,,,11,73,,,43.840620433565945
john-dekeukelaere,20.73738542706465,19,19,1,Belgium,Europe,Western Europe,1962,19,,19,,,19,,,,
johan-de-lathouwer,21.512643094296553,19,18,3,Belgium,Europe,Western Europe,1960,18,,18,,,18,,,,2.081665999466133
cees-zoontjes,23.644501424359095,4,4,2,Netherlands,Europe,Western Europe,1944,4,,3,4,,,4,,,0.7071067811865476
hans-boom,20.291366284133247,11,11,1,Netherlands,Europe,Western Europe,1958,11,,11,,,11,,,,
marco-van-der-hulst,19.92394745393826,36,36,2,Netherlands,Europe,Western Europe,1963,38,,36,,,26,46,,,14.142135623730951
clement-koretzky,21.8,74,71,3,France,Europe,Western Europe,1990,75,,71,,,39,88,,,31.0859024854247
julien-stevens,20.254211439884518,18,26,4,Belgium,Europe,Western Europe,1943,38,,26,,,10,42,,,26.31064423384574
rik-van-looy,23.04,10,10,1,Belgium,Europe,Western Europe,1933,10,,10,,,10,,,,
alfons-de-bal,24.06578197135993,14,14,3,Belgium,Europe,Western Europe,1943,15,,14,,,14,14,,,10.0
frans-brands,22.87312031532479,23,23,1,Belgium,Europe,Western Europe,1940,23,,23,,,23,,,,
julien-delocht,19.493972258700282,24,24,1,Belgium,Europe,Western Europe,1942,24,,24,,,24,,,,
arthur-van-de-vijver,22.48731846337574,27,27,1,Belgium,Europe,Western Europe,1948,27,,27,,,27,,,,
walter-boucquet,21.404338475757378,30,30,1,Belgium,Europe,Western Europe,1941,30,,30,,,30,,,,
christian-dumont,20.452252069584176,118,118,2,Belgium,Europe,Western Europe,1956,118,,,118,,,118,,,38.18376618407357
didier-bourrier,19.82503969620868,107,107,1,France,Europe,Western Europe,1955,107,,,107,,,107,,,
gianfranco-foresti,20.542406924164556,143,143,2,Italy,Europe,Southern Europe,1950,143,,,143,,,143,,,1.4142135623730951
ignazio-paleari,20.611084329576236,104,90,4,Italy,Europe,Southern Europe,1954,118,,,90,,,90,,,65.5101773263768
kirill-pozdnyakov,21.63,42,42,1,Azerbaijan,Asia,Asia,1989,42,,42,,,42,,,,
benjamin-le-montagner,24.39696719142051,104,104,1,France,Europe,Western Europe,1986,104,,104,,,104,,,,
aitor-gonzalez-prieto,21.3,132,132,4,Spain,Europe,Southern Europe,1990,132,,132,,,,132,,,12.151817422372122
steve-speaks,22.26101210206153,57,57,1,United States,America,America,1962,57,,57,,,,57,,,
paul-willerton,21.80711070792828,72,72,1,United States,America,America,1969,72,,72,,,,72,,,
theo-smit,20.677244305666388,3,3,2,Netherlands,Europe,Western Europe,1951,4,,5,1,,5,1,,,2.8284271247461903
karl-heinz-bohnen,19.588947909024636,4,4,1,Germany,Europe,Western Europe,1953,4,,,4,,,4,,,
luigi-ferreri,21.86290701584255,31,31,1,Italy,Europe,Southern Europe,1961,31,,31,,,,31,,,
zdislaw-krudysz,22.034507856732777,18,18,1,Poland,Europe,Eastern Europe,1961,18,,18,,,18,,,,
carlos-malfait,20.488389634363216,42,42,1,Belgium,Europe,Western Europe,1964,42,,42,,,,42,,,
chris-lillywhite,20.657856479543817,62,62,1,Great Britain,Europe,Northern Europe,1966,62,,62,,,,62,,,
jan-erik-ostergaard,20.467121332543716,63,63,1,Denmark,Europe,Northern Europe,1961,63,,63,,,,63,,,
alessandro-fantini-1,20.31,80,94,3,Italy,Europe,Southern Europe,1985,96,,100,,80,94,,,,35.52933060632206
felix-vidal-celis-zabala,21.118937266100836,104,104,1,Spain,Europe,Southern Europe,1982,104,,104,,,104,,,,
tom-van-becelaere,18.512701863385534,128,128,2,Belgium,Europe,Western Europe,1982,128,,118,,137,128,,,,13.435028842544403
fuyu-li,22.462607614758102,121,121,1,China,Asia,Asia,1978,121,,121,,,121,,,,
david-j-akam,25.528952390005433,31,31,1,Great Britain,Europe,Northern Europe,1960,31,,31,,,,31,,,
luca-rota,22.24299232052725,5,5,1,Italy,Europe,Southern Europe,1963,5,5,,,,,,,5,
theo-appeldoorn,19.89222843359772,19,19,1,Netherlands,Europe,Western Europe,1959,19,,19,,,19,,,,
pete-sanders,20.494429698147943,22,22,1,Great Britain,Europe,Northern Europe,1961,22,,22,,,22,,,,
danny-van-looy,21.445658828244696,91,91,1,Belgium,Europe,Western Europe,1969,91,,91,,,,91,,,
francis-campaner,21.7762569506253,26,26,2,France,Europe,Western Europe,1946,25,,26,,,,26,,,4.949747468305833
patrick-novelle,19.879056177732366,36,36,1,Switzerland,Europe,Western Europe,1958,36,36,,,,,,,36,
daniel-aeschlimann,19.985345089409428,111,103,7,Switzerland,Europe,Western Europe,1974,102,,103,,,,103,,,27.802021166677452
andrea-rossi,20.79886401941891,150,150,1,Italy,Europe,Southern Europe,1979,150,,150,,,150,,,,
piet-kleine,24.33,4,4,2,Netherlands,Europe,Western Europe,1951,4,,4,,,4,,,,3.5355339059327378
aksel-nommela,22.28,74,74,1,Estonia,Europe,Northern Europe,1994,74,,74,,,74,,,,
ludwig-de-winter,23.74,94,94,2,Belgium,Europe,Western Europe,1992,94,,94,,94,94,,,,0.0
marco-aurelio-fontana,22.99,47,47,1,Italy,Europe,Southern Europe,1984,47,,47,,,47,,,,
ivan-balykin,21.22,63,63,1,Russia,Asia,Asia,1990,63,,63,,,63,,,,
javier-ruiz-de-larrinaga-ibanez,19.289509992330736,91,92,6,Spain,Europe,Southern Europe,1979,93,,92,,,,92,,,33.43451310646929
jose-almagro,21.244278292528822,130,127,6,Spain,Europe,Southern Europe,1980,127,,127,,,,127,,,18.467990325605722
donato-giuliani,21.37364546242404,0,0,1,Italy,Europe,Southern Europe,1946,0,,0,,,,0,,,
jens-renders,20.80187605167501,67,67,2,Belgium,Europe,Western Europe,1981,93,,67,,,8,126,,,83.43860018001261
rik-reinerink,22.777563112708435,74,74,2,Netherlands,Europe,Western Europe,1973,85,,74,,,44,104,,,42.42640687119285
oscar-pumar,19.615658714727164,57,57,1,Venezuela,America,America,,57,,57,,,,57,,,
leandro-fioroni,23.415491023851164,43,43,1,Italy,Europe,Southern Europe,1974,43,43,,,,,,,43,
jose-angel-urien,22.18185338435383,31,31,2,Spain,Europe,Southern Europe,1961,31,,,31,,,,31,,7.0710678118654755
benno-wiss,18.839429081907152,25,29,3,Switzerland,Europe,Western Europe,1962,30,24,,38,,,,32,24,7.810249675906654
inaki-arrieta,19.20890268291407,50,50,1,Spain,Europe,Southern Europe,1961,50,,,50,,,,50,,
pascal-andorra,21.996509513275715,53,53,1,France,Europe,Western Europe,1960,53,,,53,,,,53,,
santiago-izuzkiza,21.662978146691824,74,74,1,Spain,Europe,Southern Europe,1962,74,,,74,,,,74,,
manuel-mesa,19.685677140490167,0,0,1,Spain,Europe,Southern Europe,1944,0,0,,,,,,0,,
bradley-white,23.77,143,143,1,United States,America,America,1982,143,,143,,,,143,,,
cesare-cipollini,22.443840987219595,37,29,3,Italy,Europe,Southern Europe,1958,39,,29,,,43,22,,,19.28730152198591
andre-massard,21.44543610970117,68,76,3,Switzerland,Europe,Western Europe,1957,80,,76,,,94,67,,,15.620499351813308
peter-schroen,21.096562223364774,73,73,1,Netherlands,Europe,Western Europe,1960,73,,73,,,,73,,,
jules-dubois,21.376069683766698,74,74,1,Belgium,Europe,Western Europe,1958,74,,74,,,,74,,,
filippo-piersanti,21.268297567582923,77,77,1,Italy,Europe,Southern Europe,1960,77,,77,,,,77,,,
secondo-volpi,21.98430997459664,81,81,1,Italy,Europe,Southern Europe,1956,81,,81,,,,81,,,
andre-corbeau,20.740208991217578,28,28,1,France,Europe,Western Europe,1950,28,,28,,,,28,,,
kyoshi-miura,24.02,50,50,1,Japan,Asia,Asia,1961,50,50,,,,,,50,,
gaetano-juliano,22.450802004496577,1,1,2,Italy,Europe,Southern Europe,1948,1,,,1,,,1,,,0.0
john-trevorrow,23.18,1,1,1,Australia,Oceania,Oceania,1949,1,,,1,,,1,,,
jaroslav-poslusny,20.15087507225548,3,3,1,Czech Republic,Europe,Eastern Europe,1948,3,,,3,,,3,,,
karl-pauwels,23.15193464224671,72,65,3,Belgium,Europe,Western Europe,1971,64,,65,,,,65,,,25.238858928247925
primo-mori,21.854158348614344,36,36,1,Italy,Europe,Southern Europe,1944,36,,36,,,,36,,,
philippe-crepel,19.2397853549007,40,40,1,France,Europe,Western Europe,1945,40,,40,,,,40,,,
jef-peeters,19.645309850248392,116,116,1,Belgium,Europe,Western Europe,1978,116,,116,,,,116,,,
ludo-engelen,23.155479004950337,37,37,1,Belgium,Europe,Western Europe,1957,37,,37,,,37,,,,
ronny-naets,20.581646977177865,38,38,1,Belgium,Europe,Western Europe,1958,38,,38,,,38,,,,
john-mullan,18.14486490616815,39,39,1,New Zealand,Oceania,Oceania,1952,39,,39,,,39,,,,
enrico-pochini,21.919629865005945,8,34,4,Italy,Europe,Southern Europe,1959,102,,118,7,,118,7,,,55.680636969536664
corrado-pinizzotto,22.945154170325768,123,123,1,Italy,Europe,Southern Europe,1962,123,,123,,,123,,,,
sauro-varocchi,20.80590533117782,131,131,1,Italy,Europe,Southern Europe,1961,131,,131,,,131,,,,
roberto-antonelli,20.502918576434837,138,138,1,Italy,Europe,Southern Europe,1963,138,,138,,,138,,,,
luciano-rossignoli,22.277109074144178,35,35,1,Italy,Europe,Southern Europe,1951,35,,35,,,,35,,,
alain-meunier,24.12314373665915,29,29,1,France,Europe,Western Europe,1952,29,,29,,,,29,,,
lucien-zelck,22.974401821326104,35,35,1,Belgium,Europe,Western Europe,1952,35,,35,,,,35,,,
ben-koken,23.266260423644884,45,45,1,Netherlands,Europe,Western Europe,1950,45,,45,,,,45,,,
juan-pablo-suarez,23.6964860028256,96,96,1,Colombia,America,America,1985,96,,96,,,96,,,,
juan-pablo-forero,21.998626535064158,122,122,1,Colombia,America,America,1983,122,,122,,,122,,,,
alan-banaszek,22.89,166,166,2,Poland,Europe,Eastern Europe,1997,167,,166,,,166,,,,3.5355339059327378
sergey-kolesnikov,20.862836725316864,73,95,3,Russia,Asia,Asia,1986,96,,95,,,73,106,,,42.50882261366456
maurizio-bellin,21.14983759264621,105,105,1,Italy,Europe,Southern Europe,1982,105,,105,,,105,,,,
tanguy-turgis,20.86,54,54,2,France,Europe,Western Europe,1998,54,,54,,,67,41,,,18.384776310850235
jimmy-duquennoy,23.41,55,55,1,Belgium,Europe,Western Europe,1995,55,,55,,,,55,,,
julien-stassen,19.93,108,108,2,Belgium,Europe,Western Europe,1988,113,,108,,,126,91,,,24.748737341529164
jose-casas-garcia,19.893461186231878,20,20,2,Spain,Europe,Southern Europe,1945,19,,17,24,,17,,24,,4.949747468305833
matus-stocek,22.16,63,63,1,Slovakia,Europe,Eastern Europe,1999,63,63,,,,,,63,,
marek-canecky,20.59,64,64,1,Slovakia,Europe,Eastern Europe,1988,64,64,,,,,,64,,
jaka-primozic,18.73,67,67,1,Slovenia,Europe,Southern Europe,1998,67,67,,,,,,67,,
keegan-swenson,20.83,72,72,1,United States,America,America,1994,72,72,,,,,,72,,
scott-mcgill,21.313697638276814,85,85,1,United States,America,America,1998,85,85,,,,,,85,,
wilson-estiben-pena-molano,20.97282904618653,92,92,1,Colombia,America,America,1998,92,92,,,,,,92,,
manuel-anton,19.357923533225836,7,7,1,Spain,Europe,Southern Europe,1966,7,,7,,,,7,,,
francesco-masi,22.39948707799623,11,11,1,Italy,Europe,Southern Europe,1957,11,11,,,,,,,11,
johann-lienhart,22.05,18,18,1,Austria,Europe,Western Europe,1960,18,,18,,,18,,,,
gianluca-mirenda,19.153855926070673,98,98,1,Italy,Europe,Southern Europe,1983,98,98,,,,,,,98,
yoshiyuki-abe,21.88,109,109,1,Japan,Asia,Asia,1969,109,,,109,,,,109,,
ignacio-rodriguez,22.025503348695906,112,112,1,Spain,Europe,Southern Europe,1971,112,,,112,,,,112,,
raymond-thebes,22.95601682323858,145,145,2,Netherlands,Europe,Western Europe,1969,145,170,,120,,,,145,,35.35533905932738
junichi-kikuta,19.26197488098012,143,143,1,Japan,Asia,Asia,1966,143,,,143,,,,143,,
brian-petersen,19.4281440222214,3,3,1,Denmark,Europe,Northern Europe,1963,3,,,3,,,3,,,
bruno-zanoni,20.998730799190007,3,3,1,Italy,Europe,Southern Europe,1952,3,,,3,,,3,,,
willy-govaerts,19.525214603059123,16,16,1,Belgium,Europe,Western Europe,1951,16,,16,,,,16,,,
kamiel-bonneu,19.57,42,59,3,Belgium,Europe,Western Europe,1999,58,,59,,,,59,,,44.60194315647395
cyrus-monk,21.88,57,57,1,Australia,Oceania,Oceania,1996,57,,57,,,,57,,,
elias-maris,20.52,78,78,2,Belgium,Europe,Western Europe,1999,80,,78,,,96,59,,,26.16295090390226
franky-van-oyen,19.48511424660567,9,9,1,Belgium,Europe,Western Europe,1962,9,,9,,,9,,,,
rudi-dexters,21.93985406517058,23,23,1,Belgium,Europe,Western Europe,1959,23,,23,,,23,,,,
luigi-botteon,20.31524170612595,5,5,1,Italy,Europe,Southern Europe,1964,5,,,5,,,5,,,
tomaz-nose,21.53395263848391,24,24,1,Slovenia,Europe,Southern Europe,1982,24,24,,,,,,,24,
jose-luis-diaz,20.160709173847657,80,80,1,Spain,Europe,Southern Europe,1965,80,,80,,,80,,,,
franco-balmamion,22.65,16,16,1,Italy,Europe,Southern Europe,1940,16,,16,,,,16,,,
jean-pierre-parenteau,22.72,39,39,1,France,Europe,Western Europe,1944,39,,39,,,,39,,,
andre-doyen,23.101962285992155,41,41,1,Belgium,Europe,Western Europe,1949,41,,41,,,,41,,,
carlo-chiappano,20.53271742546351,42,42,1,Italy,Europe,Southern Europe,1941,42,,42,,,,42,,,
christian-brasseur,21.53168653107421,48,48,1,Belgium,Europe,Western Europe,1949,48,,48,,,,48,,,
robby-meul,18.71165305409671,36,36,1,Belgium,Europe,Western Europe,1981,36,,,,36,36,,,,
ronny-poelvoorde,19.974482456487372,43,43,1,Belgium,Europe,Western Europe,1969,43,,,,43,43,,,,
marc-fournier,21.2,182,182,1,France,Europe,Western Europe,1994,182,,,182,,,,182,,
filipe-cardoso,22.09,57,57,1,Portugal,Europe,Southern Europe,1984,57,57,,,,,,57,,
mart-ojavee,23.89,109,109,1,Estonia,Europe,Northern Europe,1981,109,109,,,,,,109,,
miguel-armando-ubeto,21.26,115,115,1,Venezuela,America,America,1976,115,115,,,,,,115,,
hossein-askari,22.78,125,125,1,Iran,Asia,Asia,1975,125,125,,,,,,125,,
hrvoje-miholjevic,23.21813331748938,75,78,3,Croatia,Europe,Southern Europe,1979,94,78,,,,,,78,,56.55970296951709
ivan-mauricio-casas,21.002432278523862,140,140,1,Colombia,America,America,1980,140,140,,,,,,140,,
anatoliy-pakhtusov,21.783896911386794,146,146,1,Ukraine,Europe,Eastern Europe,1985,146,146,,,,,,146,,
gonzalo-garrido,22.46,147,147,1,Chile,America,America,1973,147,147,,,,,,147,,
gregolry-panizo,21.5,148,148,1,Brazil,America,America,1985,148,148,,,,,,148,,
jannes-slendebroek,22.25331939433552,13,13,1,Netherlands,Europe,Western Europe,1959,13,,13,,,13,,,,
jacek-bodyk,19.09210478096048,72,72,1,Poland,Europe,Eastern Europe,1966,72,,72,,,72,,,,
franco-cavallini,20.918505629720755,99,99,1,Italy,Europe,Southern Europe,1966,99,,99,,,99,,,,
manuel-martinez-1,21.746204686876393,84,84,2,Spain,Europe,Southern Europe,1967,93,,84,,,84,,,,36.76955262170047
victor-hugo-olarte,20.031925200357257,121,121,1,Colombia,America,America,1963,121,,121,,,121,,,,
marco-toffali,18.548375388633897,163,163,1,Italy,Europe,Southern Europe,1965,163,,163,,,163,,,,
juan-carlos-garcia,21.431529943089984,165,165,1,Spain,Europe,Southern Europe,1968,165,,165,,,165,,,,
roman-kreuziger-sr,22.16184656854003,171,171,1,Czech Republic,Europe,Eastern Europe,1965,171,,171,,,171,,,,
eladio-ambite,22.521794208501756,183,183,1,Spain,Europe,Southern Europe,1970,183,,183,,,183,,,,
vadim-kravchenko,22.413110549703266,199,199,1,Kazakhstan,Asia,Asia,1969,199,,199,,,199,,,,
ad-prinsen,23.533554602588158,8,8,1,Netherlands,Europe,Western Europe,1954,8,,8,,,,8,,,
johnny-de-nul,17.502185125038455,21,21,1,Belgium,Europe,Western Europe,1955,21,,21,,,,21,,,
jan-huisjes,21.302162150040022,25,25,1,Netherlands,Europe,Western Europe,1951,25,,25,,,,25,,,
mario-liboton,21.02064552506473,94,94,1,Belgium,Europe,Western Europe,1969,94,,,,94,94,,,,
wim-vervoort-1,20.951679681775477,95,95,1,Belgium,Europe,Western Europe,1969,95,,,,95,95,,,,
roberto-ballini,19.991955277075007,15,15,1,Italy,Europe,Southern Europe,1944,15,,15,,,,15,,,
valere-van-sweevelt,22.841594677235676,23,23,1,Belgium,Europe,Western Europe,1947,23,,23,,,,23,,,
theo-verschueren,22.708551059788782,30,30,1,Belgium,Europe,Western Europe,1943,30,,30,,,,30,,,
jan-van-nueten,21.065183345758825,33,33,1,Belgium,Europe,Western Europe,1946,33,,33,,,,33,,,
libardo-nino-corredor,19.158551273748095,81,81,1,Colombia,America,America,1968,81,,,81,,,,81,,
kam-po-wong,21.72,81,81,1,Hongkong,Asia,Asia,1973,81,81,,,,,,,81,
artour-babaitsev,21.509435169046885,96,96,1,Russia,Asia,Asia,1971,96,96,,,,,,,96,
martin-bo-johansson,20.459944947540237,103,103,1,Sweden,Europe,Northern Europe,1969,103,103,,,,,,,103,
jean-claude-lebeau,19.899131626497,147,147,1,Belgium,Europe,Western Europe,1979,147,,147,,,,147,,,
wesley-van-der-linden,18.55247143240065,148,148,1,Belgium,Europe,Western Europe,1982,148,,148,,,,148,,,
sean-sullivan,21.418495528694987,44,44,1,Australia,Oceania,Oceania,1978,44,,44,,,44,,,,
luca-pierfelici,20.19211845880547,53,53,1,Italy,Europe,Southern Europe,1983,53,,53,,,53,,,,
luigi-sestili,19.621981568918084,66,66,1,Italy,Europe,Southern Europe,1983,66,,66,,,66,,,,
adriano-angeloni,22.174066049608676,67,67,1,Italy,Europe,Southern Europe,1983,67,,67,,,67,,,,
fabio-negri,21.092030479241036,69,69,1,Italy,Europe,Southern Europe,1982,69,,69,,,69,,,,
antonio-quadranti,22.07555369671672,47,47,1,Italy,Europe,Southern Europe,1980,47,47,,,,,,,47,
nicolas-vereecken,21.98,29,29,1,Belgium,Europe,Western Europe,1990,29,,29,,,29,,,,
alphonse-vermote,21.16,60,60,1,Belgium,Europe,Western Europe,1990,60,,60,,,60,,,,
nuno-alves,19.955034761704766,63,63,1,Portugal,Europe,Southern Europe,1974,63,63,,,,,,,63,
morten-sonne,20.57071199078279,74,74,1,Denmark,Europe,Northern Europe,1970,74,74,,,,,,,74,
uwe-nepp,22.126032167122705,144,144,2,Germany,Europe,Western Europe,1966,144,,144,,,,144,,,18.384776310850235
christian-delle-stelle,22.49,141,141,1,Italy,Europe,Southern Europe,1989,141,,141,,,141,,,,
xabier-carbayeda,22.66247039822791,131,131,2,Spain,Europe,Southern Europe,1966,135,,,131,,,,131,,39.59797974644666
eddy-vancraeynest,21.206442714338493,114,114,1,Belgium,Europe,Western Europe,1968,114,,,114,,,,114,,
laurent-gervais,22.22,84,84,2,Canada,America,America,1997,83,84,,,,,,84,,16.263455967290593
jordan-cheyne,21.221807191574015,114,114,1,Canada,America,America,1991,114,114,,,,,,114,,
evan-burtnik,21.64768077836798,124,124,1,Canada,America,America,1997,124,124,,,,,,124,,
olivier-pardini,20.99,73,73,1,Belgium,Europe,Western Europe,1985,73,,,,73,73,,,,
chris-wreghitt,19.456419363110573,15,15,1,Great Britain,Europe,Northern Europe,1958,15,,15,,,,15,,,
david-per,21.97,86,86,2,Slovenia,Europe,Southern Europe,1995,86,,86,,,80,92,,,8.48528137423857
eric-bonnet,22.71098259202793,11,11,2,France,Europe,Western Europe,1960,14,,11,,,11,,,,11.313708498984761
vincenzo-galati,18.025739826830055,6,6,1,Italy,Europe,Southern Europe,1969,6,,,6,,,6,,,
serge-vandaele,21.82737989321173,4,4,1,Belgium,Europe,Western Europe,1952,4,,4,,,4,,,,
bernard-bourguignon,23.63644336212785,7,7,1,Belgium,Europe,Western Europe,1949,7,,7,,,7,,,,
nidi-den-hertog,21.637427762484695,17,17,2,Netherlands,Europe,Western Europe,1951,17,,17,,,17,,,,1.4142135623730951
christian-de-buysschere,19.39751156555659,19,19,1,Belgium,Europe,Western Europe,1950,19,,19,,,19,,,,
marc-steels,23.1598309236279,20,20,1,Belgium,Europe,Western Europe,1953,20,,20,,,20,,,,
jacky-coene,20.95737345467359,25,25,1,Belgium,Europe,Western Europe,1946,25,,25,,,25,,,,
rafaa-chtioui,22.71,53,53,1,Tunisia,Africa,Africa,1986,53,,53,,,,53,,,
dimitri-defauw,23.25,81,81,2,Belgium,Europe,Western Europe,1981,80,,,81,,,81,,,96.16652224137046
john-vos,24.58804803579856,1,1,1,Netherlands,Europe,Western Europe,1963,1,,1,,,,1,,,
peter-besanko,20.702312176193825,29,29,1,Australia,Oceania,Oceania,1955,29,29,,,,,,29,,
dennis-van-niekerk,19.638599843344096,132,132,1,South Africa,Africa,Africa,1984,132,,132,,,,132,,,
maxat-ayazbayev,21.0,129,129,1,Kazakhstan,Asia,Asia,1992,129,,129,,,,129,,,
william-dazzani,21.76940181587666,9,9,1,Italy,Europe,Southern Europe,1966,9,,9,,,9,,,,
stefano-arlotti,19.97526972270793,55,55,1,Italy,Europe,Southern Europe,1965,55,,55,,,55,,,,
silvano-lorenzon,23.51406805616844,59,59,1,Italy,Europe,Southern Europe,1964,59,,59,,,59,,,,
michele-mara,18.023753531702116,90,90,1,Italy,Europe,Southern Europe,1966,90,,90,,,90,,,,
stefano-bianchini,22.353276406114123,91,91,1,Italy,Europe,Southern Europe,1966,91,,91,,,91,,,,
simone-bruscoli,20.459338168797576,106,106,1,Italy,Europe,Southern Europe,1966,106,,106,,,106,,,,
davy-delme,22.096229315914734,75,75,2,Belgium,Europe,Western Europe,1972,75,,69,,81,81,69,,,8.48528137423857
venancio-teran,23.791902895323517,47,47,1,France,Europe,Western Europe,1961,47,,,47,,,,47,,
antonio-girabent,22.963633668719844,56,56,1,Spain,Europe,Southern Europe,1959,56,,,56,,,,56,,
oleksandr-fedenko,21.3,170,170,1,Ukraine,Europe,Eastern Europe,1970,170,,170,,,170,,,,
antonio-salutini,21.171298466035957,1,1,1,Italy,Europe,Southern Europe,1947,1,,,1,,,1,,,
francisco-perez-rodriguez,21.550837239974854,3,3,1,Spain,Europe,Southern Europe,1945,3,,,3,,,3,,,
stian-remme,20.77689846058548,80,80,1,Norway,Europe,Northern Europe,1982,80,80,,,,,,80,,
franklin-raul-chacon,16.043556079799817,82,82,1,Venezuela,America,America,1979,82,82,,,,,,82,,
juan-carlos-lopez-marin,21.6416044928706,107,107,1,Colombia,America,America,1981,107,107,,,,,,107,,
hakan-larsson,19.348592103517472,18,18,1,Sweden,Europe,Northern Europe,1958,18,,18,,,18,,,,
davide-orrico,21.347179062435387,70,70,1,Italy,Europe,Southern Europe,1990,70,70,,,,,,,70,
alessandro-monaco,19.173069938945197,104,104,1,Italy,Europe,Southern Europe,1998,104,104,,,,,,,104,
jan-brzezny,23.069807703258004,9,9,1,Poland,Europe,Eastern Europe,1951,9,,9,,,9,,,,
roman-klimov,18.011562838051894,66,66,1,Russia,Asia,Asia,1985,66,66,,,,,,66,,
olegs-melehs,21.36188947814669,74,74,1,Latvia,Europe,Northern Europe,1982,74,74,,,,,,74,,
jose-santos,21.99905568215806,125,125,1,Portugal,Europe,Southern Europe,1973,125,,125,,,125,,,,
wladimiro-d-ascenzo,20.534128125097254,143,143,1,Italy,Europe,Southern Europe,1971,143,,143,,,143,,,,
rene-de-bie,21.684988062629717,23,23,1,Belgium,Europe,Western Europe,1945,23,,23,,,,23,,,
ernie-de-blaere,22.667416253449755,28,28,1,Belgium,Europe,Western Europe,1948,28,,28,,,,28,,,
marc-de-block,21.79630021313085,30,30,1,Belgium,Europe,Western Europe,1945,30,,30,,,,30,,,
herman-flabat,20.40309378562142,33,33,1,Belgium,Europe,Western Europe,1945,33,,33,,,,33,,,
guy-leleu,21.77461972339507,17,17,1,France,Europe,Western Europe,1950,17,,17,,,17,,,,
michel-coroller,20.051449167580408,7,7,1,France,Europe,Western Europe,1949,7,,7,,,7,,,,
mario-gonzalez-salas,19.62,60,60,1,Spain,Europe,Southern Europe,1992,60,,60,,,,60,,,
pieter-nassen,22.855396343897038,39,39,2,Belgium,Europe,Western Europe,1944,47,,62,,16,16,62,,,32.526911934581186
john-brouwer,23.05007033972444,18,18,1,Netherlands,Europe,Western Europe,1947,18,,,,18,18,,,,
ralf-hofeditz,22.385411843548955,6,6,2,Germany,Europe,Western Europe,1962,6,,6,,,6,,,,0.7071067811865476
bart-vanheule,21.97,106,106,2,Belgium,Europe,Western Europe,1983,106,,104,,108,106,,,,2.8284271247461903
stefan-rucker,19.856691814217427,115,115,1,Austria,Europe,Western Europe,1980,115,,,,115,115,,,,
matthias-friedemann,22.4,122,122,1,Germany,Europe,Western Europe,1984,122,,,,122,122,,,,
timothy-vangheel,22.2435560290139,130,130,1,Belgium,Europe,Western Europe,1986,130,,,,130,130,,,,
sven-van-den-houte,22.102540959500327,131,131,1,Belgium,Europe,Western Europe,1984,131,,,,131,131,,,,
mathieu-criquielion,19.413665251915543,88,88,2,Belgium,Europe,Western Europe,1981,88,,42,,133,88,,,,64.34671708797582
bolat-raimbekov,20.15,143,143,1,Kazakhstan,Asia,Asia,1986,143,,,,143,143,,,,
stijn-ennekens,22.11943574091887,43,43,1,Belgium,Europe,Western Europe,1984,43,,43,,,43,,,,
sven-nevens,24.12771471247481,98,98,1,Belgium,Europe,Western Europe,1983,98,,98,,,98,,,,
harald-starzengruber,21.051641550744968,111,111,1,Austria,Europe,Western Europe,1981,111,,111,,,111,,,,
sjef-de-wilde,20.72,101,101,2,Belgium,Europe,Western Europe,1981,103,,101,,,120,82,,,26.870057685088806
fabien-bacquet,22.62564677146129,125,125,1,France,Europe,Western Europe,1986,125,,125,,,125,,,,
lucas-persson,22.716378898682873,136,136,1,Sweden,Europe,Northern Europe,1984,136,,136,,,136,,,,
ole-sigurd-simensen,22.8679396482179,29,29,1,Norway,Europe,Northern Europe,1972,29,,29,,,29,,,,
andrea-di-renzo,19.35,101,101,1,Italy,Europe,Southern Europe,1995,101,,101,,,101,,,,
jack-van-hooydonck,21.455641760387664,60,60,1,Belgium,Europe,Western Europe,1959,60,,,60,,,60,,,
roland-vogeli,21.366295033704674,67,67,1,Switzerland,Europe,Western Europe,1959,67,,,67,,,67,,,
philippe-deleye,21.30965226971698,52,52,1,Belgium,Europe,Western Europe,1962,52,,52,,,,52,,,
peter-van-impe,21.970887272969556,78,78,1,Belgium,Europe,Western Europe,1963,78,,78,,,,78,,,
danny-de-bie,23.19282749761116,79,79,1,Belgium,Europe,Western Europe,1960,79,,79,,,,79,,,
edgar-humberto-ruiz,20.47167652881378,36,36,1,Colombia,America,America,1971,36,,,36,,,,36,,
fernand-hermie,23.4654112190639,39,39,1,Belgium,Europe,Western Europe,1945,39,,39,,,,39,,,
alfons-scheys,22.088989397280514,55,55,1,Belgium,Europe,Western Europe,1947,55,,55,,,,55,,,
enzo-mattioda,20.993536225913484,57,57,1,France,Europe,Western Europe,1946,57,,57,,,,57,,,
roger-kindt,21.369545528130782,60,60,1,Belgium,Europe,Western Europe,1945,60,,60,,,,60,,,
franco-mori,19.74827021679261,66,66,1,Italy,Europe,Southern Europe,1944,66,,66,,,,66,,,
tony-gakens,19.038885641956508,68,68,1,Belgium,Europe,Western Europe,1947,68,,68,,,,68,,,
guerrino-tosello,23.118635112782098,70,70,1,Italy,Europe,Southern Europe,1943,70,,70,,,,70,,,
francois-coquery,21.385468751957518,71,71,1,France,Europe,Western Europe,1948,71,,71,,,,71,,,
mario-anni,20.207431754113212,73,73,1,Italy,Europe,Southern Europe,1943,73,,73,,,,73,,,
andre-peirsman,20.17407018589,74,74,1,Belgium,Europe,Western Europe,1948,74,,74,,,,74,,,
angelo-bassini,20.517828635001656,77,77,1,Italy,Europe,Southern Europe,1946,77,,77,,,,77,,,
alexandre-chouffe,19.97782707194082,54,54,1,France,Europe,Western Europe,1974,54,,54,,,,54,,,
christian-wegmann,19.657711012812793,49,49,1,Germany,Europe,Western Europe,1976,49,,,49,,,,49,,
angel-jose-rodriguez,22.603986580374485,136,136,1,Spain,Europe,Southern Europe,1981,136,,,136,,,,136,,
didier-garcia,21.143790460466363,15,15,1,France,Europe,Western Europe,1964,15,15,,,,,,15,,
alain-cigana,19.127316918714726,12,12,2,France,Europe,Western Europe,1950,17,,12,,,12,,,,10.606601717798213
guy-dolhats,22.261326160650103,14,14,1,France,Europe,Western Europe,1952,14,,14,,,14,,,,
leon-thomas,23.881879141475792,16,16,1,Belgium,Europe,Western Europe,1949,16,,16,,,16,,,,
guy-maingon,19.50281322181533,24,24,2,France,Europe,Western Europe,1948,29,,24,,,24,,,,10.606601717798213
rodolfo-jimenez,22.16882171968677,91,91,1,Spain,Europe,Southern Europe,1968,91,,,91,,,,91,,
mario-moermans,23.469197887314902,107,107,1,Belgium,Europe,Western Europe,1969,107,,107,,,,107,,,
jerome-chiotti,20.95020555162284,108,108,1,France,Europe,Western Europe,1972,108,,108,,,,108,,,
philip-vereecke,19.884396989831817,45,45,1,Belgium,Europe,Western Europe,1975,45,,45,,,,45,,,
marc-vanacker,21.67172328551691,136,136,1,Luxembourg,Europe,Western Europe,1976,136,,136,,,,136,,,
kristoffer-ingeby,22.05408044631119,138,138,1,Sweden,Europe,Northern Europe,1979,138,,138,,,,138,,,
rudolf-wentzel,21.867818048753538,140,140,1,South Africa,Africa,Africa,1976,140,,140,,,,140,,,
christoph-van-kleinsorgen,21.266000625115705,143,143,1,Germany,Europe,Western Europe,1980,143,,143,,,,143,,,
willy-lienhard,22.53499825581472,3,3,1,Switzerland,Europe,Western Europe,1954,3,,,3,,,3,,,
joaquim-leite,22.890732380268165,4,4,1,Portugal,Europe,Southern Europe,1945,4,,,4,,,4,,,
batik-odriozola,21.189275533966082,54,54,1,Spain,Europe,Southern Europe,,54,,,54,,,54,,,
jurgen-van-loocke,21.17042166317838,105,105,1,Belgium,Europe,Western Europe,1980,105,,105,,,,105,,,
franck-laurance,22.07536429798713,9,9,1,France,Europe,Western Europe,1970,9,,9,,,9,,,,
aristide-ratti,22.045273742768188,131,131,1,Italy,Europe,Southern Europe,1982,131,,131,,,131,,,,
laurent-beuret,22.95499741376977,137,137,1,Switzerland,Europe,Western Europe,1986,137,,137,,,137,,,,
oleg-rodionov,20.388899479953977,45,45,1,Russia,Asia,Asia,1983,45,,,45,,,45,,,
julen-fernandez,19.522325647492835,107,107,1,Spain,Europe,Southern Europe,1978,107,,,107,,,107,,,
brecht-dhaene,19.8,25,25,1,Belgium,Europe,Western Europe,1988,25,,,,25,25,,,,
stef-van-zummeren,20.65,47,47,1,Belgium,Europe,Western Europe,1991,47,,,,47,47,,,,
kristian-house,21.682562932666777,104,104,1,Great Britain,Europe,Northern Europe,1979,104,,,,104,104,,,,
joeri-calleeuw,21.2,114,114,1,Belgium,Europe,Western Europe,1985,114,,,,114,114,,,,
peter-williams-1,21.44965271458249,118,118,1,Great Britain,Europe,Northern Europe,1986,118,,,,118,118,,,,
yanto-barker,20.47943320611112,136,136,1,Great Britain,Europe,Northern Europe,1980,136,,,,136,136,,,,
eddie-salas,23.16678759532221,90,90,1,Australia,Oceania,Oceania,1965,90,,,90,,,,90,,
marc-vercammen,21.33171612541351,41,41,1,Belgium,Europe,Western Europe,1960,41,,41,,,,41,,,
osvaldo-bettoni,21.023765267379282,8,8,1,Italy,Europe,Southern Europe,1952,8,,,8,,,8,,,
paidi-o-brien,22.5047080011337,101,101,1,Ireland,Europe,Northern Europe,1984,101,,,,101,101,,,,
kim-borry,21.856081882661837,105,105,1,Belgium,Europe,Western Europe,1985,105,,,,105,105,,,,
gino-ligneel,22.34252459858928,23,23,1,Belgium,Europe,Western Europe,1957,23,,23,,,,23,,,
dominique-turcksin,22.579024741740653,47,47,1,Belgium,Europe,Western Europe,1959,47,,47,,,,47,,,
piero-spinelli,21.18101909835573,1,1,1,Italy,Europe,Southern Europe,1948,1,,,1,,,1,,,
inaki-murua-gorostidi,20.32084646635423,71,71,1,Spain,Europe,Southern Europe,1966,71,,,71,,,,71,,
jose-ignacio-cano,18.78481953836609,113,113,1,Spain,Europe,Southern Europe,1965,113,,,113,,,,113,,
manuel-delgado,21.472120472546173,143,143,1,Spain,Europe,Southern Europe,1965,143,,,143,,,,143,,
jose-antonio-davoz,21.365324840204636,160,160,1,Spain,Europe,Southern Europe,1965,160,,,160,,,,160,,
samuel-spokes,19.23,123,123,1,Australia,Oceania,Oceania,1992,123,123,,,,,,123,,
bjorn-backmann,21.893975941929767,70,70,1,Sweden,Europe,Northern Europe,1962,70,70,,,,,,70,,
luca-raggio,23.44623558091392,162,162,1,Italy,Europe,Southern Europe,1995,162,,162,,,162,,,,
alessandro-pessot,20.35,166,166,1,Italy,Europe,Southern Europe,1995,166,,166,,,166,,,,
walter-pedroni,20.56181807188378,121,121,1,Italy,Europe,Southern Europe,1970,121,,121,,,121,,,,
luca-maggioni,19.34169742784447,161,161,1,Italy,Europe,Southern Europe,1973,161,,161,,,161,,,,
ivan-raimondi,23.00706153740433,173,173,1,Italy,Europe,Southern Europe,1969,173,,173,,,173,,,,
jose-vincente-diaz,20.891767002167665,17,17,1,Colombia,America,America,1965,17,,17,,,17,,,,
jon-ander-insausti,25.45,54,54,1,Spain,Europe,Southern Europe,1992,54,,,54,,,,54,,
carlos-melero,23.02772011907127,38,38,1,Spain,Europe,Southern Europe,1948,38,,38,,,38,,,,
roland-smet,19.82662002324349,61,61,1,France,Europe,Western Europe,1952,61,,61,,,61,,,,
