_url,name,points,uci_points,length,climb_total,profile,startlist_quality,average_temperature,is_tarmac,is_cobbled,is_gravel,date,climb/length,median_delta,std_delta
tour-de-france/1978/stage-6,Tour de France,100,,162000,1101,1,1241,,1,0,0,1978-07-05,0.0067962962962962,27.0,6.847589931546714
vuelta-a-espana/2016/stage-14,Vuelta a España,80,100.0,196000,5575,5,821,,1,0,0,2016-09-03,0.0284438775510204,1957.0,873.8356698492918
tour-de-france/2019/stage-21,Tour de France,100,120.0,128000,781,1,1699,,1,0,0,2019-07-28,0.0061015625,29.0,44.0795307056556
volta-a-catalunya/1999/prologue,Volta Ciclista a Catalunya,50,,8100,68,1,804,,1,0,0,1999-06-17,0.008395061728395,53.0,27.154497912357733
tour-de-france/2022/stage-9,Tour de France,100,120.0,192900,3743,3,1551,24.0,1,0,0,2022-07-10,0.0194038361845515,1376.0,675.3542300723467
vuelta-a-espana/2017/stage-20,Vuelta a España,80,100.0,117500,3817,5,899,,1,0,0,2017-09-09,0.0324851063829787,1113.0,490.08617566570666
tour-de-france/1978/stage-14,Tour de France,100,,52000,1351,5,1241,,1,0,0,1978-07-14,0.0259807692307692,580.5,231.2733933165256
volta-a-catalunya/2018/stage-7,Volta Ciclista a Catalunya,50,50.0,154800,2008,2,659,,1,0,0,2018-03-25,0.0129715762273901,101.0,187.12934033080495
volta-a-catalunya/1981/stage-2b,Volta Ciclista a Catalunya,50,,30000,588,4,388,,1,0,0,1981-09-05,0.0196,15.0,5.2783625407043715
paris-nice/1994/stage-8b,Paris - Nice,50,,12500,331,5,900,,1,0,0,1994-03-13,0.02648,121.5,44.31261552579402
tirreno-adriatico/1984/stage-1,Tirreno-Adriatico,50,,189000,1193,1,541,,1,0,0,1984-03-09,0.0063121693121693,20.0,7.483314773547884
dauphine/1991/stage-2,Critérium du Dauphiné Libéré,50,,222000,3899,4,830,,1,0,0,1991-06-05,0.017563063063063,0.0,0.0
dauphine/2022/stage-7,Critérium du Dauphiné,50,60.0,134800,3828,5,789,22.0,1,0,0,2022-06-11,0.0283976261127596,998.0,483.00428291417137
ronde-van-vlaanderen/1980/result,Ronde van Vlaanderen / Tour des Flandres,275,,265000,2717,1,602,,0,0,0,1980-03-30,0.0102528301886792,375.0,189.2611231269452
volta-a-catalunya/2015/stage-4,Volta Ciclista a Catalunya,50,6.0,188400,3867,3,817,,1,0,0,2015-03-26,0.0205254777070063,1669.0,668.573869320117
milano-sanremo/2004/result,Milano-Sanremo,275,,294000,2618,1,1400,,0,0,0,2004-03-20,0.0089047619047619,127.0,253.96151899759911
tour-de-suisse/1997/stage-6,Tour de Suisse,50,,193900,2108,2,1161,,1,0,0,1997-06-23,0.0108715832903558,0.0,158.85512576052483
tirreno-adriatico/2005/stage-2,Tirreno-Adriatico,50,,181000,2340,3,1040,,1,0,0,2005-03-10,0.0129281767955801,82.0,181.40339620270467
giro-d-italia/2019/stage-14,Giro d'Italia,80,100.0,131000,4187,4,896,,1,0,0,2019-05-25,0.0319618320610687,1529.0,750.2656622422346
tirreno-adriatico/1984/stage-5,Tirreno-Adriatico,50,,211000,1755,1,541,,1,0,0,1984-03-13,0.0083175355450236,6.0,1.9894458366193608
vuelta-a-espana/1994/stage-3,Vuelta a España,80,,239000,1082,1,791,,1,0,0,1994-04-27,0.0045271966527196,9.0,19.212188271178643
vuelta-a-espana/1993/stage-21,Vuelta a España,80,,44600,818,4,819,,1,0,0,1993-05-16,0.0183408071748878,642.0,204.03498578202465
tour-de-suisse/2021/stage-4,Tour de Suisse,50,60.0,171000,1940,2,670,,1,0,0,2021-06-09,0.011345029239766,316.0,156.57884635377562
gran-camino/2022/stage-2,Gran Camiño,20,14.0,177600,3006,3,225,,1,0,0,2022-02-25,0.0169256756756756,131.5,202.4836788551183
vuelta-a-espana/1980/stage-19,Vuelta a España,80,,84000,1213,3,520,,1,0,0,1980-05-11,0.0144404761904761,0.0,0.0
giro-d-italia/1999/stage-8,Giro d'Italia,80,,253000,4298,5,1057,,1,0,0,1999-05-22,0.0169881422924901,1030.0,575.5458853414477
tour-de-suisse/1983/stage-5b,Tour de Suisse,50,,19000,152,1,809,,1,0,0,1983-06-19,0.008,66.5,36.1817940713589
vuelta-a-espana/1988/stage-21,Vuelta a España,80,,202000,2500,2,828,,1,0,0,1988-05-15,0.0123762376237623,0.0,0.0
volta-a-catalunya/2022/stage-3,Volta Ciclista a Catalunya,50,50.0,161100,3394,5,722,,1,0,0,2022-03-23,0.0210676598386095,356.0,506.10909302045974
vuelta-a-espana/1984/stage-11,Vuelta a España,80,,182000,2609,3,747,,1,0,0,1984-04-28,0.0143351648351648,826.0,493.0331761206327
tour-de-france/2022/stage-2,Tour de France,100,120.0,202200,1149,1,1551,22.0,1,0,0,2022-07-02,0.0056824925816023,0.0,107.06087398726136
tour-de-romandie/2009/stage-1,Tour de Romandie,50,,87000,1128,2,714,,1,0,0,2009-04-29,0.0129655172413793,31.0,133.8173867112462
tirreno-adriatico/2005/stage-6,Tirreno-Adriatico,50,,164000,1405,1,1040,,1,0,0,2005-03-14,0.0085670731707317,0.0,13.557887534735997
paris-nice/1985/stage-6,Paris - Nice,50,,171000,2108,2,815,,1,0,0,1985-03-09,0.0123274853801169,50.0,13.89347225961068
volta-a-catalunya/2004/stage-6,Volta a Catalunya,50,,148100,2416,3,376,,1,0,0,2004-06-19,0.0163133018230925,17.0,154.07803303857327
giro-d-italia/2004/stage-18,Giro d'Italia,80,,118000,3813,5,621,,1,0,0,2004-05-28,0.0323135593220339,1423.0,594.2286543672815
volta-a-catalunya/2012/stage-2,Volta Ciclista a Catalunya,50,,161000,2451,2,760,,1,0,0,2012-03-20,0.015223602484472,129.0,272.3164755521465
vuelta-a-espana/2019/stage-9,La Vuelta ciclista a España,80,100.0,94400,3300,5,798,,1,0,0,2019-09-01,0.034957627118644,1702.0,681.0770038828457
giro-d-italia/2016/stage-6,Giro d'Italia,80,100.0,157000,3749,5,933,,1,0,0,2016-05-12,0.0238789808917197,905.0,413.81683048495626
tour-de-france/1997/stage-15,Tour de France,100,,208500,5000,4,1994,,1,0,0,1997-07-21,0.0239808153477218,1389.0,771.6551063265885
tour-de-france/2000/stage-8,Tour de France,100,,203500,2570,1,1437,,1,0,0,2000-07-08,0.0126289926289926,342.0,88.16524469672281
tour-de-france/1981/stage-2,Tour de France,100,,254000,3500,1,1362,,1,0,0,1981-06-27,0.0137795275590551,25.0,269.46517614456974
volta-a-catalunya/1993/prologue,Volta Ciclista a Catalunya,50,,6800,65,1,884,,1,0,0,1993-09-09,0.0095588235294117,24.5,8.618218157515294
tirreno-adriatico/1999/stage-4,Tirreno-Adriatico,50,,197000,2970,3,1150,,1,0,0,1999-03-13,0.0150761421319796,549.0,431.0590741958472
tour-de-france/1981/stage-15,Tour de France,100,,231000,4000,4,1362,,1,0,0,1981-07-11,0.0173160173160173,29.5,512.0310174152299
tour-de-suisse/1998/stage-1,Tour de Suisse,50,,178000,1721,1,971,,1,0,0,1998-06-17,0.0096685393258426,41.0,25.43980785166059
giro-d-italia/2017/stage-15,Giro d'Italia,80,100.0,199000,2255,2,881,,1,0,0,2017-05-21,0.0113316582914572,784.0,462.7438791278446
dauphine/1983/stage-6,Critérium du Dauphiné Libéré,50,,190000,1899,1,621,,1,0,0,1983-06-05,0.0099947368421052,180.0,122.3915846780325
la-fleche-wallone/2015/result,La Flèche Wallonne,225,,205500,3030,3,1112,,0,0,0,2015-04-22,0.0147445255474452,136.0,258.48195939185956
vuelta-a-espana/2014/stage-9,Vuelta a España,80,16.0,185000,3080,5,1175,,1,0,0,2014-08-31,0.0166486486486486,905.0,546.1052364981479
giro-d-italia/2011/stage-13,Giro d'Italia,80,16.0,167000,4208,5,891,,1,0,0,2011-05-20,0.0251976047904191,950.0,434.09998038710546
giro-d-italia/2010/stage-9,Giro d'Italia,80,16.0,188000,1018,3,878,,1,0,0,2010-05-17,0.0054148936170212,91.0,202.1147778501472
e3-harelbeke/2002/result,E3-Prijs Harelbeke,125,,209000,1671,2,400,,0,0,0,2002-03-30,0.0079952153110047,681.0,287.8575955736468
paris-nice/2018/stage-3,Paris - Nice,50,60.0,210000,2380,2,936,,1,0,0,2018-03-06,0.0113333333333333,97.0,291.1354635791653
vuelta-a-espana/2020/stage-7,La Vuelta ciclista a España,80,100.0,159700,2657,2,692,,1,0,0,2020-10-27,0.0166374452097683,676.0,405.79735140683835
tirreno-adriatico/1994/stage-6,Tirreno-Adriatico,50,,137000,772,1,727,,1,0,0,1994-03-14,0.0056350364963503,43.5,13.945927322659072
itzulia-basque-country/2007/stage-3,Vuelta al País Vasco,50,,173000,2731,3,1002,,1,0,0,2007-04-11,0.01578612716763,160.0,486.2012688546999
itzulia-basque-country/2012/stage-1,Vuelta Ciclista al País Vasco,50,6.0,154000,2703,4,928,,1,0,0,2012-04-02,0.017551948051948,0.0,181.30833607639485
tirreno-adriatico/2018/stage-2,Tirreno-Adriatico,50,60.0,167000,776,1,1196,,1,0,0,2018-03-08,0.0046467065868263,0.0,125.97430608246756
vuelta-a-espana/1988/stage-18,Vuelta a España,80,,212500,3610,4,828,,1,0,0,1988-05-12,0.0169882352941176,147.0,67.8731660280163
tour-de-france/2002/stage-14,Tour de France,100,,221000,4000,5,1489,,1,0,0,2002-07-21,0.0180995475113122,1339.0,525.0680170373435
tirreno-adriatico/2020/stage-2,Tirreno-Adriatico,50,60.0,201000,1492,2,687,,1,0,0,2020-09-08,0.0074228855721393,0.0,77.99606115552903
vuelta-a-espana/1980/stage-18,Vuelta a España,80,,197000,3030,3,520,,1,0,0,1980-05-10,0.0153807106598984,771.0,480.0710558219406
vuelta-a-espana/1994/stage-8,Vuelta a España,80,,39500,403,1,791,,1,0,0,1994-05-02,0.0102025316455696,140.5,58.48466085697647
vuelta-a-espana/1993/stage-4,Vuelta a España,80,,233400,1375,1,819,,1,0,0,1993-04-29,0.0058911739502999,0.0,23.90286176120243
tirreno-adriatico/1996/stage-4,Tirreno-Adriatico,50,,205000,1754,1,585,,1,0,0,1996-03-16,0.0085560975609756,31.0,13.66747965061591
tour-de-suisse/1986/stage-2,Tour de Suisse,50,,136500,1109,1,835,,1,0,0,1986-06-12,0.0081245421245421,0.0,0.0
tour-de-suisse/1987/stage-4,Tour de Suisse,50,,25000,284,2,673,,1,0,0,1987-06-20,0.01136,53.5,24.49399019260757
vuelta-a-espana/1980/stage-8,Vuelta a España,80,,160000,1447,1,520,,1,0,0,1980-04-30,0.00904375,0.0,0.0
liege-bastogne-liege/1999/result,Liège - Bastogne - Liège,275,,264000,4352,3,1328,,0,0,0,1999-04-18,0.0164848484848484,482.0,450.01027486592955
giro-d-italia/2021/stage-14,Giro d'Italia,80,100.0,205000,3580,5,885,,1,0,0,2021-05-22,0.0174634146341463,1871.0,824.5497682232697
tour-de-romandie/1989/stage-6,Tour de Romandie,50,,189200,1095,1,502,,1,0,0,1989-05-14,0.0057875264270613,0.0,0.0
tour-de-france/1997/stage-2,Tour de France,100,,262000,2808,1,1994,,1,0,0,1997-07-07,0.0107175572519083,0.0,134.4094142282316
giro-d-italia/2015/stage-21,Giro d'Italia,80,16.0,185000,142,1,861,,1,0,0,2015-05-31,0.0007675675675675,57.0,79.96777119125161
paris-roubaix/2021/result,Paris-Roubaix,275,500.0,257700,1360,1,982,13.0,0,0,0,2021-10-03,0.0052774544043461,744.0,495.2502547224296
giro-d-italia/1998/stage-3,Giro d'Italia,80,,196000,2188,2,923,,1,0,0,1998-05-19,0.0111632653061224,13.0,25.292171597144023
vuelta-a-espana/2018/stage-9,La Vuelta ciclista a España,80,100.0,200800,4399,5,1036,,1,0,0,2018-09-02,0.0219073705179282,1068.0,545.2747242281339
tour-de-france/2013/stage-12,Tour de France,100,20.0,218000,1425,1,1690,,1,0,0,2013-07-11,0.0065366972477064,0.0,107.66545834109672
vuelta-a-espana/1985/stage-9,Vuelta a España,80,,253000,3500,3,925,,1,0,0,1985-05-02,0.0138339920948616,1181.0,234.860224501413
paris-nice/2004/stage-5,Paris - Nice,50,,215000,2511,2,989,,1,0,0,2004-03-11,0.0116790697674418,264.0,200.13851670525025
paris-nice/2016/stage-5,Paris - Nice,50,60.0,198000,3089,4,1109,,1,0,0,2016-03-11,0.0156010101010101,29.0,459.9402220931434
vuelta-a-espana/2002/stage-10,Vuelta a España,80,,36500,355,1,1084,,1,0,0,2002-09-16,0.0097260273972602,330.5,130.34017374917033
vuelta-a-espana/1989/stage-21,Vuelta a España,80,,188500,4695,5,803,,1,0,0,1989-05-14,0.0249071618037135,22.0,8.305955025696257
giro-d-italia/1997/stage-21,Giro d'Italia,80,,238000,2016,1,792,,1,0,0,1997-06-07,0.0084705882352941,120.0,129.37317504433688
tour-de-suisse/1988/stage-5,Tour de Suisse,50,,199000,1123,1,548,,1,0,0,1988-06-18,0.005643216080402,34.5,11.554700823089757
volta-a-catalunya/2009/stage-2,Volta Ciclista a Catalunya,50,,163100,2293,2,668,,1,0,0,2009-05-19,0.0140588595953402,61.0,265.643770948009
vuelta-a-espana/1993/stage-6,Vuelta a España,80,,24100,814,5,819,,1,0,0,1993-05-01,0.0337759336099585,441.0,139.69213422830055
tour-de-suisse/1999/stage-8,Tour de Suisse,50,,168600,3276,4,900,,1,0,0,1999-06-23,0.0194306049822064,1029.0,468.18006209121086
tour-de-france/2011/stage-1,Tour de France,100,20.0,191500,1286,3,1713,,1,0,0,2011-07-02,0.0067154046997389,115.0,105.29394186095378
tour-de-france/2008/stage-10,Tour de France,100,,156000,3794,5,1520,,1,0,0,2008-07-14,0.0243205128205128,1468.0,652.1106911762079
tour-de-france/1990/stage-1,Tour de France,100,,138500,1232,1,1959,,1,0,0,1990-07-01,0.0088953068592057,635.0,89.9650550011833
tour-de-romandie/2015/stage-6,Tour de Romandie,50,6.0,17300,214,2,883,,1,0,0,2015-05-03,0.0123699421965317,125.0,70.91447320423931
volta-a-catalunya/1993/stage-5,Volta Ciclista a Catalunya,50,,201000,5049,5,884,,1,0,0,1993-09-14,0.0251194029850746,49.0,23.26822997814379
volta-a-catalunya/1998/stage-1a,Volta Ciclista a Catalunya,50,,79200,1276,3,859,,1,0,0,1998-06-18,0.0161111111111111,0.0,1.9599157740244455
tour-de-france/1992/stage-7,Tour de France,100,,196500,2010,1,2047,,1,0,0,1992-07-11,0.0102290076335877,94.0,230.8556768839283
dauphine/2017/stage-7,Critérium du Dauphiné,50,60.0,167500,4717,5,1024,,1,0,0,2017-06-10,0.0281611940298507,957.0,616.2163432595925
vuelta-a-espana/1984/stage-13,Vuelta a España,80,,170000,1761,1,747,,1,0,0,1984-04-30,0.0103588235294117,7.0,35.76879026191819
tour-de-suisse/1992/stage-10,Tour de Suisse,50,,188000,1186,1,533,,1,0,0,1992-06-26,0.0063085106382978,0.0,0.0
tour-de-suisse/1996/stage-1,Tour de Suisse,50,,190100,1327,1,971,,1,0,0,1996-06-12,0.0069805365597054,75.0,24.130720392617103
vuelta-a-espana/1989/stage-13,Vuelta a España,80,,161000,2500,3,803,,1,0,0,1989-05-06,0.015527950310559,0.0,0.0
giro-d-italia/2016/stage-9,Giro d'Italia,80,100.0,40500,561,2,933,,1,0,0,2016-05-15,0.0138518518518518,316.0,120.34664288456086
la-fleche-wallone/2000/result,La Flèche Wallonne,225,,198000,2445,3,819,,0,0,0,2000-04-12,0.0123484848484848,475.5,414.3011922204425
tour-de-france/1983/stage-11,Tour de France,100,,177000,1202,1,1269,,1,0,0,1983-07-12,0.0067909604519774,126.0,264.6895463403226
tour-de-suisse/1992/stage-4,Tour de Suisse,50,,32200,407,2,533,,1,0,0,1992-06-20,0.012639751552795,41.0,22.90948372278268
uae-tour/2019/stage-2,UAE Tour,50,40.0,184000,255,1,751,,1,0,0,2019-02-25,0.0013858695652173,0.0,54.97786589813556
liege-bastogne-liege/2002/result,Liège - Bastogne - Liège,275,,258000,4026,3,1202,,0,0,0,2002-04-21,0.0156046511627906,301.0,340.05673179905847
volta-a-catalunya/1970/stage-9,Volta Ciclista a Catalunya,50,,124200,1308,2,570,,1,0,0,1970-09-18,0.0105314009661835,51.0,25.182193255212248
tour-de-suisse/1986/stage-3,Tour de Suisse,50,,217500,2598,2,835,,1,0,0,1986-06-13,0.0119448275862068,0.0,0.0
gran-camino/2022/stage-3,Gran Camiño,20,14.0,148400,2669,2,225,,1,0,0,2022-02-26,0.0179851752021563,754.0,451.47549599688693
tour-de-france/2012/stage-17,Tour de France,100,20.0,143500,4383,5,1703,,1,0,0,2012-07-19,0.0305435540069686,966.0,678.6874992644991
world-championship/2002/result,World Championships ME - Road Race,350,,256000,1608,1,1416,,0,0,0,2002-10-13,0.00628125,119.0,156.42044293708594
tour-de-romandie/1987/stage-4,Tour de Romandie,50,,156000,2659,4,251,,1,0,0,1987-05-09,0.0170448717948717,5.0,15.932297236685464
vuelta-a-espana/2001/stage-1,Vuelta a España,80,,12300,95,1,971,,1,0,0,2001-09-08,0.0077235772357723,79.0,41.197949260890866
paris-nice/2017/stage-8,Paris - Nice,50,60.0,115500,2292,4,1158,,1,0,0,2017-03-12,0.0198441558441558,205.0,453.35197966974
tour-de-france/1978/stage-16,Tour de France,100,,240500,5492,5,1241,,1,0,0,1978-07-16,0.0228357588357588,928.5,469.1148085708598
amstel-gold-race/2018/result,Amstel Gold Race,225,500.0,263000,3496,2,1139,,0,0,0,2018-04-15,0.0132927756653992,206.0,72.91462785563992
tour-de-suisse/1982/prologue,Tour de Suisse,50,,4000,27,1,657,,1,0,0,1982-06-16,0.00675,5.0,3.669695718539436
vuelta-a-espana/2020/stage-11,La Vuelta ciclista a España,80,100.0,170000,5098,5,692,,1,0,0,2020-10-31,0.0299882352941176,1687.0,774.3441760341829
tour-de-suisse/2015/stage-4,Tour de Suisse,50,6.0,193200,2323,3,1048,,1,0,0,2015-06-16,0.0120238095238095,248.0,422.04367926678594
tour-de-romandie/1991/stage-6,Tour de Romandie,50,,194500,1095,1,521,,1,0,0,1991-05-12,0.0056298200514138,96.0,52.58136552049595
giro-d-italia/1996/stage-15,Giro d'Italia,80,,235000,2552,2,1034,,1,0,0,1996-06-02,0.0108595744680851,174.0,77.98431238914962
paris-nice/2019/stage-3,Paris - Nice,50,60.0,200000,896,1,1099,,1,0,0,2019-03-12,0.00448,0.0,64.78587216919021
paris-nice/2000/prologue,Paris - Nice,50,,7900,63,1,880,,1,0,0,2000-03-05,0.0079746835443037,16.0,19.500327005446785
itzulia-basque-country/2009/stage-6,Vuelta Ciclista al País Vasco,50,,24000,290,2,1029,,1,0,0,2009-04-11,0.0120833333333333,203.0,91.13214018834762
tour-de-suisse/1977/stage-7,Tour de Suisse,50,,151000,2070,3,627,,1,0,0,1977-06-22,0.0137086092715231,0.0,0.0
tour-de-france/1981/stage-14,Tour de France,100,,38500,334,1,1362,,1,0,0,1981-07-10,0.0086753246753246,287.5,94.05783168261809
vuelta-a-espana/2018/stage-15,La Vuelta ciclista a España,80,100.0,178200,4586,5,1036,,1,0,0,2018-09-09,0.0257351290684624,1739.0,782.3977685995799
dwars-door-vlaanderen/1999/result,Dwars door België / À travers la Belgique,75,,200000,4678,5,340,,0,0,0,1999-03-22,0.02339,244.0,100.9404557635644
tour-de-suisse/1990/stage-4,Tour de Suisse,50,,98000,1557,3,767,,1,0,0,1990-06-15,0.0158877551020408,0.0,0.0
dauphine/2005/stage-5,Critérium du Dauphiné Libéré,50,,219000,3200,3,933,,1,0,0,2005-06-10,0.0146118721461187,816.0,303.73223326395856
dauphine/2004/stage-7,Critérium du Dauphiné Libéré,50,,200000,2703,2,737,,1,0,0,2004-06-13,0.013515,558.0,284.6266673232725
vuelta-a-espana/2009/stage-1,Vuelta a España,80,,4800,13,1,1220,,1,0,0,2009-08-29,0.0027083333333333,34.0,10.83444224087484
itzulia-basque-country/2018/stage-6,Itzulia Basque Country,50,50.0,122200,2853,5,824,,1,0,0,2018-04-07,0.0233469721767594,462.0,354.81808678632643
e3-harelbeke/2001/result,E3-Prijs Harelbeke,125,,209000,1534,2,369,,0,0,0,2001-03-31,0.0073397129186602,232.5,170.8444341781586
tour-de-suisse/1987/stage-2,Tour de Suisse,50,,178500,1244,1,673,,1,0,0,1987-06-18,0.00696918767507,14.0,24.963862770902352
tour-de-france/1999/stage-19,Tour de France,70,,57000,543,1,1255,,1,0,0,1999-07-24,0.0095263157894736,464.5,154.20430565595953
amstel-gold-race/2006/result,Amstel Gold Race,225,,253100,3435,2,1019,,0,0,0,2006-04-16,0.0135717107862504,174.0,282.2339557002747
vuelta-a-espana/2007/stage-8,Vuelta a España,80,,49000,97,1,995,,1,0,0,2007-09-08,0.0019795918367346,395.0,129.8487946273283
tirreno-adriatico/2022/stage-5,Tirreno-Adriatico,50,60.0,155000,2402,3,1059,,1,0,0,2022-03-11,0.0154967741935483,443.0,459.38565984192184
vuelta-a-espana/1999/prologue,Vuelta a España,80,,6000,63,1,1342,,1,0,0,1999-09-04,0.0105,26.0,16.271793031258095
vuelta-a-espana/2022/stage-2,La Vuelta ciclista a España,80,100.0,175100,518,1,968,24.0,1,0,0,2022-08-20,0.0029583095374071,0.0,64.22188100639843
tour-de-suisse/2004/stage-9,Tour de Suisse,50,,25600,425,3,676,,1,0,0,2004-06-20,0.0166015625,152.0,72.06954375786148
tour-de-france/1979/stage-15,Tour de France,100,,55500,1900,5,1381,,1,0,0,1979-07-12,0.0342342342342342,833.5,327.98840073282173
amstel-gold-race/2022/result,Amstel Gold Race,225,500.0,254100,3460,2,705,10.0,0,0,0,2022-04-10,0.013616686343959,445.0,224.23402061239503
tour-de-suisse/2016/stage-9,Tour de Suisse,50,60.0,57000,2625,2,680,,1,0,0,2016-06-19,0.0460526315789473,507.5,245.3014949578813
paris-nice/1997/stage-4,Paris - Nice,50,,197500,2636,2,779,,1,0,0,1997-03-13,0.0133468354430379,0.0,0.0
vuelta-a-espana/2010/stage-10,Vuelta a España,80,16.0,173700,2459,2,1123,,1,0,0,2010-09-07,0.0141565918249856,637.0,405.4365848096773
itzulia-basque-country/2004/stage-5b,Vuelta al País Vasco,50,,8500,7,1,1020,,1,0,0,2004-04-09,0.0008235294117647,52.0,30.534655205836625
tour-de-france/1984/stage-13,Tour de France,100,,220500,2799,2,1632,,1,0,0,1984-07-11,0.0126938775510204,435.0,73.04947752844785
milano-sanremo/1983/result,Milano-Sanremo,275,,294000,2207,1,1251,,0,0,0,1983-03-19,0.0075068027210884,91.0,54.33465974832392
tour-de-france/1985/stage-10,Tour de France,100,,204500,3000,5,1470,,1,0,0,1985-07-08,0.0146699266503667,201.0,435.8740292905025
dauphine/2009/stage-5,Critérium du Dauphiné Libéré,50,,154000,3461,5,708,,1,0,0,2009-06-11,0.0224740259740259,1076.0,452.8691081695087
giro-d-italia/2014/stage-11,Giro d'Italia,80,16.0,249000,3435,2,892,,1,0,0,2014-05-21,0.0137951807228915,884.0,446.6390825735045
vuelta-a-espana/1982/stage-1b,Vuelta a España,80,,97000,1775,4,523,,1,0,0,1982-04-21,0.0182989690721649,0.0,427.64496931475736
tirreno-adriatico/1990/stage-7,Tirreno-Adriatico,50,,178000,1107,1,590,,1,0,0,1990-03-13,0.0062191011235955,0.0,0.0
tour-de-suisse/1989/stage-6,Tour de Suisse,50,,203000,1429,1,604,,1,0,0,1989-06-19,0.007039408866995,40.0,15.54348738218036
paris-nice/1995/stage-2,Paris - Nice,50,,187000,2716,3,861,,1,0,0,1995-03-06,0.0145240641711229,223.0,328.7352653924487
giro-d-italia/1999/stage-19,Giro d'Italia,80,,166000,3428,5,1057,,1,0,0,1999-06-03,0.0206506024096385,1118.5,479.09863843666903
giro-d-italia/2010/stage-21,Giro d'Italia,80,16.0,15300,288,2,878,,1,0,0,2010-05-30,0.0188235294117647,96.0,42.32388239219811
dauphine/2023/stage-7,Critérium du Dauphiné,50,60.0,147900,4015,5,781,19.0,1,0,0,2023-06-10,0.0271467207572684,1682.0,713.7799661975544
dauphine/2004/stage-3,Critérium du Dauphiné Libéré,50,,180000,3242,4,737,,1,0,0,2004-06-09,0.0180111111111111,124.0,135.29912844032978
tour-de-france/1981/stage-12b,Tour de France,100,,133800,969,1,1362,,1,0,0,1981-07-08,0.0072421524663677,0.0,75.81034097653307
uae-tour/2022/stage-1,UAE Tour,50,40.0,184000,1303,1,621,,1,0,0,2022-02-20,0.0070815217391304,0.0,17.796527388700703
tour-de-romandie/1996/stage-2,Tour de Romandie,50,,188000,1069,1,614,,1,0,0,1996-05-08,0.0056861702127659,0.0,0.0
tour-de-france/1990/stage-9,Tour de France,100,,196000,2381,2,1959,,1,0,0,1990-07-09,0.0121479591836734,37.0,316.5355678440931
vuelta-a-espana/1998/stage-7,Vuelta a España,80,,186000,1594,1,1309,,1,0,0,1998-09-11,0.0085698924731182,0.0,142.1259537596411
tour-de-suisse/2022/stage-8,Tour de Suisse,50,60.0,25600,131,1,767,,1,0,0,2022-06-19,0.0051171875,154.5,76.0453362008134
paris-nice/1975/stage-7a,Paris - Nice,50,,105000,1538,3,951,,1,0,0,1975-03-16,0.014647619047619,80.0,25.298221281347033
vuelta-a-espana/1984/stage-8,Vuelta a España,80,,269000,2408,1,747,,1,0,0,1984-04-25,0.0089516728624535,21.0,7.030992757422636
tour-de-france/1987/stage-24,Tour de France,100,,38000,472,2,1812,,1,0,0,1987-07-26,0.0124210526315789,367.0,129.13571522386508
paris-nice/1992/stage-6,Paris - Nice,50,,180000,2644,3,877,,1,0,0,1992-03-14,0.0146888888888888,74.0,26.229027903487093
tour-de-france/2016/stage-13,Tour de France,100,120.0,37500,752,3,1758,,1,0,0,2016-07-15,0.0200533333333333,408.0,136.1317107702936
paris-nice/1997/stage-6,Paris - Nice,50,,160500,2382,3,779,,1,0,0,1997-03-15,0.0148411214953271,0.0,219.67032262239167
tour-de-romandie/2012/stage-2,Tour de Romandie,50,6.0,149100,2459,4,727,,1,0,0,2012-04-26,0.0164922870556673,0.0,156.24038248546788
vuelta-a-espana/1986/stage-12,Vuelta a España,80,,258000,4880,4,843,,1,0,0,1986-05-04,0.0189147286821705,1.0,12.34008824027518
tour-de-suisse/2008/stage-6,Tour de Suisse,50,,188100,2918,3,1041,,1,0,0,2008-06-19,0.0155130249867091,592.0,291.2068693033928
tour-de-france/2021/stage-18,Tour de France,100,120.0,129700,3561,5,1646,,1,0,0,2021-07-15,0.02745566692367,1115.0,579.673629095247
vuelta-a-espana/2003/stage-5,Vuelta a España,80,,166700,835,1,935,,1,0,0,2003-09-10,0.0050089982003599,2.0,206.5624876356152
tour-de-suisse/2003/stage-6,Tour de Suisse,50,,135000,3445,5,660,,1,0,0,2003-06-22,0.0255185185185185,917.0,521.8291184535216
vuelta-a-espana/1988/stage-7,Vuelta a España,80,,160000,479,1,828,,1,0,0,1988-05-01,0.00299375,0.0,0.0
la-fleche-wallone/1996/result,La Flèche Wallonne,225,,200500,3126,3,961,,0,0,0,1996-04-17,0.0155910224438902,211.5,465.6978463562798
world-championship/1996/result,World Championships - Road Race,350,,252000,4981,4,1238,,0,0,0,1996-10-13,0.019765873015873,379.0,451.5306300395861
tour-de-france/2001/stage-1,Tour de France,100,,194500,1885,1,1496,,1,0,0,2001-07-08,0.0096915167095115,0.0,114.4896742745673
giro-d-italia/2020/stage-21,Giro d'Italia,80,100.0,15700,3,1,765,,1,0,0,2020-10-25,0.0001910828025477,131.0,49.16422463823544
dauphine/2000/stage-4,Criterium du Dauphiné Libére,50,,159000,2647,3,494,,1,0,0,2000-06-08,0.0166477987421383,701.5,448.7490930548164
tour-de-france/1991/stage-12,Tour de France,100,,192000,4000,4,1933,,1,0,0,1991-07-18,0.0208333333333333,1371.0,571.1880195282002
tour-de-romandie/1989/stage-3,Tour de Romandie,50,,123100,1393,2,502,,1,0,0,1989-05-12,0.0113160032493907,0.0,0.0
tour-de-romandie/2013/stage-2,Tour de Romandie,50,6.0,190300,2403,2,956,,1,0,0,2013-04-25,0.0126274303730951,0.0,312.57488577526084
tour-de-france/1989/stage-17,Tour de France,100,,165000,5000,5,1849,,1,0,0,1989-07-19,0.0303030303030303,1189.0,496.632745314984
tirreno-adriatico/2008/stage-2,Tirreno-Adriatico,50,,203000,2561,3,1136,,1,0,0,2008-03-13,0.012615763546798,503.0,291.2126558696494
vuelta-a-espana/1993/stage-12,Vuelta a España,80,,220700,1003,1,819,,1,0,0,1993-05-07,0.0045446307204349,0.0,155.09492173617497
tour-de-suisse/1970/stage-3,Tour de Suisse,50,,144000,2374,3,393,,1,0,0,1970-06-13,0.0164861111111111,73.5,93.13252206757136
volta-a-catalunya/2006/stage-6,Volta Ciclista a Catalunya,50,,166400,2600,2,882,,1,0,0,2006-05-20,0.015625,301.0,318.248167794425
tour-de-romandie/2001/stage-5,Tour de Romandie,50,,178000,2042,2,597,,1,0,0,2001-05-13,0.0114719101123595,0.0,196.3026045120805
tirreno-adriatico/2018/stage-5,Tirreno-Adriatico,50,60.0,178000,1946,3,1196,,1,0,0,2018-03-11,0.0109325842696629,485.0,480.3984188107034
tirreno-adriatico/1997/stage-2,Tirreno-Adriatico,50,,131000,1102,1,692,,1,0,0,1997-03-14,0.008412213740458,0.0,50.29082089871537
amstel-gold-race/1977/result,Amstel Gold Race,225,,230000,4157,4,874,,0,0,0,1977-04-09,0.0180739130434782,153.0,94.48605250325078
giro-d-italia/1991/stage-13,Giro d'Italia,80,,192000,1957,1,908,,1,0,0,1991-06-08,0.0101927083333333,15.5,15.58489297008128
ronde-van-vlaanderen/1990/result,Ronde van Vlaanderen / Tour des Flandres,275,,265000,2512,1,888,,0,0,0,1990-04-01,0.0094792452830188,206.0,353.72435515929726
tour-de-france/1979/stage-11,Tour de France,100,,33400,352,1,1381,,1,0,0,1979-07-08,0.0105389221556886,272.5,107.09099649256078
uae-tour/2023/stage-5,UAE Tour,50,40.0,170000,522,1,530,29.0,1,0,0,2023-02-24,0.0030705882352941,0.0,80.37718814892487
volta-a-catalunya/2010/stage-6,Volta Ciclista a Catalunya,50,6.0,161900,2446,3,722,,1,0,0,2010-03-27,0.0151080914144533,91.5,145.2485435443593
giro-d-italia/1993/stage-5,Giro d'Italia,80,,212000,2035,1,1089,,1,0,0,1993-05-27,0.0095990566037735,4.0,1.3165611772087666
e3-harelbeke/1978/result,E3-Prijs Harelbeke,125,,230000,1518,1,446,,0,0,0,1978-04-01,0.0066,150.0,51.89293791401286
giro-d-italia/2018/stage-10,Giro d'Italia,80,100.0,244000,4133,2,838,,1,0,0,2018-05-15,0.0169385245901639,723.0,749.3399433682399
tour-de-france/1987/stage-1,Tour de France,100,,105500,723,1,1812,,1,0,0,1987-07-02,0.0068530805687203,23.0,69.58599536294064
vuelta-a-espana/1993/stage-20,Vuelta a España,80,,247000,2363,1,819,,1,0,0,1993-05-15,0.0095668016194331,0.0,180.56582047978935
omloop-het-nieuwsblad/1995/result,Omloop Het Volk,125,,205000,1510,1,373,,0,0,0,1995-02-25,0.0073658536585365,23.0,171.60991528816183
tour-de-france/1997/stage-5,Tour de France,100,,261300,2212,1,1994,,1,0,0,1997-07-10,0.0084653654802908,204.0,19.05613092037442
tour-de-france/1992/stage-15,Tour de France,100,,198000,2662,2,2047,,1,0,0,1992-07-20,0.0134444444444444,740.0,367.87150219614375
tour-de-suisse/1998/stage-9,Tour de Suisse,50,,180000,1926,2,971,,1,0,0,1998-06-25,0.0107,21.5,133.45672636183426
tour-de-france/1996/stage-15,Tour de France,100,,176000,2629,1,1872,,1,0,0,1996-07-15,0.0149375,338.0,59.461799360557016
tirreno-adriatico/1992/stage-5,Tirreno-Adriatico,50,,214000,1835,1,638,,1,0,0,1992-03-16,0.0085747663551401,15.0,7.092249290598858
giro-d-italia/2019/stage-16,Giro d'Italia,80,100.0,194000,5207,4,896,,1,0,0,2019-05-28,0.026840206185567,1344.0,756.8687599127085
dauphine/2022/stage-3,Critérium du Dauphiné,50,60.0,169000,2707,5,789,20.0,1,0,0,2022-06-07,0.0160177514792899,178.0,322.0380307405373
paris-nice/1989/stage-5,Paris - Nice,50,,178000,1953,2,794,,1,0,0,1989-03-10,0.0109719101123595,63.0,15.857301882366553
liege-bastogne-liege/1992/result,Liège - Bastogne - Liège,275,,262000,3227,2,932,,0,0,0,1992-04-19,0.0123167938931297,301.0,454.01971163826175
tirreno-adriatico/2013/stage-7,Tirreno-Adriatico,50,6.0,9200,6,1,1331,,1,0,0,2013-03-12,0.0006521739130434,53.0,25.945183183356313
dauphine/2017/stage-8,Critérium du Dauphiné,50,60.0,115000,4113,5,1024,,1,0,0,2017-06-11,0.0357652173913043,1412.0,516.5774869271792
tour-de-suisse/1976/stage-8,Tour de Suisse,50,,188000,4819,5,377,,1,0,0,1976-06-17,0.0256329787234042,32.0,35.22782990761708
itzulia-basque-country/2023/stage-2,Itzulia Basque Country,50,50.0,193800,3261,2,719,11.0,1,0,0,2023-04-04,0.0168266253869969,106.0,398.6099861917805
paris-nice/1970/stage-2,Paris - Nice,50,,226000,2485,2,1121,,1,0,0,1970-03-10,0.0109955752212389,4.0,1.2649110640673518
vuelta-a-espana/1991/stage-17,Vuelta a España,80,,152000,2561,3,1042,,1,0,0,1991-05-15,0.0168486842105263,21.0,7.528991584914561
vuelta-a-espana/1997/stage-20,Vuelta a España,80,,190000,2978,3,1165,,1,0,0,1997-09-26,0.0156736842105263,531.0,615.505027947434
amstel-gold-race/2009/result,Amstel Gold Race,225,,258600,3444,3,1105,,0,0,0,2009-04-19,0.0133178654292343,270.0,232.1716918367916
tour-de-france/2005/stage-13,Tour de France,100,,174000,1117,1,1535,,1,0,0,2005-07-15,0.006419540229885,0.0,11.026854579568068
tour-de-france/1982/stage-1,Tour de France,100,,207000,3367,2,1492,,1,0,0,1982-07-03,0.0162657004830917,38.0,197.31792941712385
volta-a-catalunya/2011/stage-7,Volta Ciclista a Catalunya,50,6.0,124500,1685,2,732,,1,0,0,2011-03-27,0.0135341365461847,0.0,84.80422643472465
giro-d-italia/2000/stage-14,Giro d'Italia,80,,205000,4776,4,866,,1,0,0,2000-05-28,0.0232975609756097,1239.0,579.6252154408686
giro-d-italia/2002/prologue,Giro d'Italia,80,,6500,21,1,920,,1,0,0,2002-05-11,0.0032307692307692,33.0,24.940843202307864
tour-de-france/1978/stage-19,Tour de France,100,,182000,2000,2,1241,,1,0,0,1978-07-20,0.0109890109890109,31.0,10.593352359811044
tour-de-suisse/2012/stage-4,Tour de Suisse,50,6.0,192700,2499,2,917,,1,0,0,2012-06-13,0.0129683445770627,667.0,141.6162804984656
tour-de-france/2023/stage-4,Tour de France,100,210.0,181800,1427,1,1584,25.0,1,0,0,2023-07-04,0.0078492849284928,0.0,69.95127555257159
e3-harelbeke/1998/result,E3-Prijs Harelbeke,125,,201000,1897,1,653,,0,0,0,1998-03-28,0.0094378109452736,278.0,286.65772225727625
san-sebastian/2016/result,Clasica Ciclista San Sebastian,225,400.0,220200,3851,2,906,,0,0,0,2016-07-30,0.0174886466848319,156.0,277.74473012782806
tour-de-france/1997/stage-8,Tour de France,100,,161500,1346,1,1994,,1,0,0,1997-07-13,0.0083343653250773,0.0,198.5597474128316
tour-de-romandie/1993/stage-2,Tour de Romandie,50,,203700,1350,1,551,,1,0,0,1993-05-06,0.0066273932253313,3.0,1.1595018087284057
paris-roubaix/1973/result,Paris - Roubaix,275,,272500,3250,2,611,,0,0,0,1973-04-15,0.0119266055045871,140.0,197.24401131593325
volta-a-catalunya/2021/stage-1,Volta Ciclista a Catalunya,50,50.0,178400,2819,4,772,,1,0,0,2021-03-22,0.0158015695067264,136.0,388.8994532968323
vuelta-a-espana/2012/stage-12,Vuelta a España,80,16.0,184600,2589,3,852,,1,0,0,2012-08-30,0.0140249187432286,199.0,285.1466581317472
paris-roubaix/2009/result,Paris - Roubaix,275,,259000,2157,1,607,,0,0,0,2009-04-12,0.0083281853281853,549.0,331.4571521985278
vuelta-a-espana/1994/stage-10,Vuelta a España,80,,205000,3958,4,791,,1,0,0,1994-05-04,0.0193073170731707,26.0,10.524574417365608
vuelta-a-espana/2010/stage-20,Vuelta a España,80,,168800,4189,5,1123,,1,0,0,2010-09-18,0.0248163507109004,907.5,637.479319575171
vuelta-a-espana/2004/stage-6,Vuelta a España,80,,157000,1931,2,1177,,1,0,0,2004-09-09,0.0122993630573248,203.0,324.63547598290904
amstel-gold-race/1974/result,Amstel Gold Race,225,,238000,2796,2,389,,0,0,0,1974-04-13,0.0117478991596638,201.0,308.952691390189
paris-nice/1975/stage-3,Paris - Nice,50,,234000,2503,2,951,,1,0,0,1975-03-12,0.0106965811965811,0.0,0.0
tour-de-france/1983/stage-14,Tour de France,100,,149000,2500,4,1269,,1,0,0,1983-07-15,0.0167785234899328,441.0,285.05804212237337
vuelta-a-espana/2010/stage-6,Vuelta a España,80,16.0,144000,1243,2,1123,,1,0,0,2010-09-02,0.0086319444444444,129.0,309.2155270373044
tour-de-suisse/2001/stage-1,Tour de Suisse,50,,178800,3966,5,873,,1,0,0,2001-06-20,0.0221812080536912,0.0,1549.5546607154756
tour-de-france/1985/stage-9,Tour de France,100,,173500,2890,3,1470,,1,0,0,1985-07-07,0.0166570605187319,135.0,152.62715956591157
volta-a-catalunya/2017/stage-6,Volta Ciclista a Catalunya,50,50.0,189700,3163,4,883,,1,0,0,2017-03-25,0.0166736953083816,1386.0,728.5048750929083
itzulia-basque-country/2002/stage-4,Vuelta al País Vasco,50,,154000,2563,3,966,,1,0,0,2002-04-11,0.0166428571428571,172.0,245.92239416902223
paris-nice/2008/stage-4,Paris - Nice,30,,176000,2479,3,775,,1,0,0,2008-03-13,0.0140852272727272,725.0,461.9715329241811
tour-de-france/2011/stage-5,Tour de France,100,20.0,164500,1652,1,1713,,1,0,0,2011-07-06,0.0100425531914893,0.0,108.3211825505197
giro-d-italia/1997/stage-18,Giro d'Italia,80,,40000,410,1,792,,1,0,0,1997-06-04,0.01025,160.0,51.34965279439837
dauphine/2021/stage-2,Critérium du Dauphiné,50,60.0,172800,3224,2,790,,1,0,0,2021-05-31,0.0186574074074074,205.0,293.9520535902215
la-fleche-wallone/1997/result,La Flèche Wallonne,225,,200500,2742,3,1090,,0,0,0,1997-04-16,0.0136758104738154,280.0,117.39720544439652
tour-de-suisse/1971/stage-3a,Tour de Suisse,50,,91000,2029,5,302,,1,0,0,1971-06-13,0.0222967032967033,13.5,14.230249470757707
tour-de-romandie/1983/stage-1,Tour de Romandie,50,,197000,2345,2,478,,1,0,0,1983-05-04,0.0119035532994923,83.0,44.12708918566915
san-sebastian/2006/result,Clasica Ciclista San Sebastian,225,,227000,3828,2,952,,0,0,0,2006-08-12,0.016863436123348,308.0,274.1833713627983
tirreno-adriatico/2010/stage-1,Tirreno-Adriatico,50,6.0,148000,1282,1,1176,,1,0,0,2010-03-10,0.0086621621621621,0.0,100.5280393089734
tirreno-adriatico/2015/stage-5,Tirreno-Adriatico,50,6.0,196900,4335,5,1017,,1,0,0,2015-03-15,0.02201625190452,1245.0,584.5991041548183
giro-d-italia/2002/stage-1,Giro d'Italia,80,,215000,452,1,920,,1,0,0,2002-05-12,0.0021023255813953,32.0,47.68110985336921
giro-d-italia/2016/stage-13,Giro d'Italia,80,100.0,170000,3669,4,933,,1,0,0,2016-05-20,0.0215823529411764,1521.0,712.1987214864592
vuelta-a-espana/2018/stage-20,La Vuelta ciclista a España,80,100.0,97300,3429,5,1036,,1,0,0,2018-09-15,0.0352415210688592,1278.0,592.396778314458
san-sebastian/2004/result,Clasica Ciclista San Sebastian,225,,227000,3256,2,1278,,0,0,0,2004-08-07,0.0143436123348017,573.0,278.0620662628809
itzulia-basque-country/2019/stage-3,Itzulia Basque Country,50,50.0,191400,2356,3,762,,1,0,0,2019-04-10,0.0123092998955067,56.0,159.4257083032444
vuelta-a-espana/1995/stage-14,Vuelta a España,80,,207000,1781,1,883,,1,0,0,1995-09-16,0.0086038647342995,0.0,0.0
vuelta-a-espana/1987/stage-10,Vuelta a España,80,,213000,3500,3,838,,1,0,0,1987-05-03,0.0164319248826291,258.0,94.3120706307876
dauphine/1977/stage-2,Critérium du Dauphiné Libéré,50,,204000,2386,2,809,,1,0,0,1977-06-01,0.0116960784313725,1.0,0.3015113445777636
tour-de-suisse/1992/stage-7,Tour de Suisse,50,,225000,3170,3,533,,1,0,0,1992-06-23,0.0140888888888888,55.0,29.04192371957019
tour-de-romandie/2022/stage-1,Tour de Romandie,50,60.0,178000,2729,3,508,15.0,1,0,0,2022-04-27,0.0153314606741573,107.0,275.2736906317198
tour-de-france/2007/stage-3,Tour de France,100,,236500,1397,1,1612,,1,0,0,2007-07-10,0.005906976744186,0.0,12.392363840329912
giro-d-italia/2013/stage-12,Giro d'Italia,80,16.0,134000,1064,1,930,,1,0,0,2013-05-16,0.0079402985074626,57.0,94.36878871861666
tour-de-suisse/1980/stage-9,Tour de Suisse,50,,265500,3101,2,477,,1,0,0,1980-06-19,0.0116798493408662,188.5,106.3766891757776
tour-de-france/2009/stage-17,Tour de France,100,,169500,4781,4,1557,,1,0,0,2009-07-22,0.0282064896755162,1783.0,708.4192288128573
tour-de-suisse/2011/stage-9,Tour de Suisse,50,6.0,32100,260,1,972,,1,0,0,2011-06-19,0.0080996884735202,215.0,107.0999560405172
volta-a-catalunya/2013/stage-4,Volta Ciclista a Catalunya,50,6.0,217700,4777,5,811,,1,0,0,2013-03-21,0.0219430408819476,1178.0,727.4645055891363
tour-de-romandie/2001/stage-2,Tour de Romandie,50,,171700,2384,3,597,,1,0,0,2001-05-10,0.0138846825859056,331.0,254.8398004344816
tour-de-france/1988/stage-4,Tour de France,100,,158000,1567,3,1941,,1,0,0,1988-07-06,0.0099177215189873,0.0,136.2055892124306
tour-de-france/1982/stage-17,Tour de France,100,,251000,5000,4,1492,,1,0,0,1982-07-21,0.0199203187250996,1368.0,767.9520337352246
vuelta-a-espana/1984/stage-15,Vuelta a España,80,,121000,1383,2,747,,1,0,0,1984-05-02,0.0114297520661157,102.0,276.54139817541824
omloop-het-nieuwsblad/2005/result,Omloop Het Volk,125,,201000,1583,2,692,,0,0,0,2005-02-26,0.0078756218905472,14.0,161.53501912857973
giro-d-italia/1995/stage-3,Giro d'Italia,80,,161000,860,1,1365,,1,0,0,1995-05-15,0.0053416149068322,0.0,88.62902931562893
tour-de-romandie/2012/stage-1,Tour de Romandie,50,6.0,184500,2950,2,727,,1,0,0,2012-04-25,0.0159891598915989,75.0,217.7660759953789
paris-nice/1985/stage-5,Paris - Nice,50,,211000,2555,2,815,,1,0,0,1985-03-08,0.0121090047393364,56.0,16.78180405583444
tour-de-france/2004/prologue,Tour de France,100,,6100,177,1,1555,,1,0,0,2004-07-03,0.0290163934426229,33.0,12.003478377978189
strade-bianche/2019/result,Strade Bianche,225,300.0,184000,2993,3,680,,0,0,0,2019-03-09,0.016266304347826,557.0,345.27827342666603
dauphine/2001/stage-6,Criterium du Dauphiné Libére,50,,193000,4516,5,442,,1,0,0,2001-06-16,0.0233989637305699,1865.5,902.5024519585191
san-sebastian/1993/result,Clasica Ciclista San Sebastian,225,,238000,3412,3,1443,,0,0,0,1993-08-07,0.0143361344537815,405.0,183.28640815361388
tour-de-france/2014/stage-6,Tour de France,100,20.0,194000,1422,1,1612,,1,0,0,2014-07-10,0.0073298969072164,59.0,141.9477123631882
tour-de-suisse/1993/stage-1,Tour de Suisse,50,,161000,2120,2,655,,1,0,0,1993-06-15,0.013167701863354,0.0,0.0
il-lombardia/1975/result,Giro di Lombardia,275,,266000,3520,2,393,,0,0,0,1975-10-11,0.0132330827067669,355.0,271.86537284542317
tour-de-france/2008/stage-2,Tour de France,100,,164500,1888,3,1520,,1,0,0,2008-07-06,0.0114772036474164,0.0,74.45615369242215
tour-de-romandie/2001/stage-3,Tour de Romandie,50,,25450,314,2,597,,1,0,0,2001-05-11,0.0123379174852652,141.0,65.70509292723044
tour-de-suisse/2003/stage-4,Tour de Suisse,50,,168000,1846,2,660,,1,0,0,2003-06-20,0.0109880952380952,0.0,357.6279199136272
vuelta-a-espana/1990/stage-11,Vuelta a España,80,,203000,4500,4,807,,1,0,0,1990-05-04,0.022167487684729,50.0,15.46896534642472
paris-nice/2021/stage-7,Paris - Nice,50,60.0,119200,3127,5,1044,,1,0,0,2021-03-13,0.02623322147651,1051.0,500.4070214310214
tirreno-adriatico/1983/prologue,Tirreno-Adriatico,50,,9500,52,1,463,,1,0,0,1983-03-11,0.0054736842105263,8.0,6.913754406977442
tour-de-suisse/1980/stage-7,Tour de Suisse,50,,163000,1159,1,477,,1,0,0,1980-06-17,0.0071104294478527,83.0,50.19960159204453
dwars-door-vlaanderen/1983/result,Dwars door België / À travers la Belgique,75,,222000,4043,4,200,,0,0,0,1983-03-24,0.0182117117117117,160.0,73.02712878418224
tour-de-suisse/1980/stage-4,Tour de Suisse,50,,110000,1813,3,477,,1,0,0,1980-06-14,0.0164818181818181,0.0,0.0
vuelta-a-espana/2017/stage-6,Vuelta a España,80,100.0,204400,2704,2,899,,1,0,0,2017-08-24,0.0132289628180039,751.0,474.1711767603921
giro-d-italia/1993/stage-3,Giro d'Italia,80,,153000,1175,1,1089,,1,0,0,1993-05-25,0.0076797385620915,19.0,155.9600384612608
tour-de-france/2010/stage-16,Tour de France,100,20.0,199500,4721,4,1685,,1,0,0,2010-07-20,0.0236641604010025,1422.0,802.0176310693241
paris-nice/1982/prologue,Paris - Nice,50,,5700,40,1,721,,1,0,0,1982-03-11,0.0070175438596491,21.5,7.041231949625083
tour-de-france/1978/stage-3,Tour de France,100,,244000,1705,3,1241,,1,0,0,1978-07-02,0.0069877049180327,185.0,433.1681534305714
vuelta-a-espana/2005/stage-14,Vuelta a España,80,,172300,3655,5,960,,1,0,0,2005-09-10,0.021213000580383,647.0,348.6543747645374
vuelta-a-espana/2018/stage-7,La Vuelta ciclista a España,80,100.0,185700,2535,2,1036,,1,0,0,2018-08-31,0.0136510500807754,487.0,368.23761809814374
tour-de-suisse/1988/stage-3,Tour de Suisse,50,,217000,2110,1,548,,1,0,0,1988-06-16,0.0097235023041474,24.0,30.18167214276461
dauphine/2016/stage-4,Criterium du Dauphiné,50,60.0,176000,1479,3,1182,,1,0,0,2016-06-09,0.008403409090909,33.0,89.97864823358314
itzulia-basque-country/2008/stage-5,Vuelta Ciclista al País Vasco,50,,162000,2926,4,838,,1,0,0,2008-04-11,0.0180617283950617,368.0,682.6660939196745
giro-d-italia/1996/stage-17,Giro d'Italia,80,,236000,2852,2,1034,,1,0,0,1996-06-04,0.0120847457627118,986.0,135.84957052683285
vuelta-a-espana/1982/stage-12,Vuelta a España,80,,200000,2600,2,523,,1,0,0,1982-05-02,0.013,0.0,195.6876108128489
tour-de-suisse/2003/stage-8,Tour de Suisse,50,,32500,464,3,660,,1,0,0,2003-06-24,0.014276923076923,244.0,115.31626213830305
tour-de-france/1999/stage-5,Tour de France,100,,233500,1924,1,1255,,1,0,0,1999-07-08,0.0082398286937901,0.0,11.150052832203064
tour-de-france/2011/stage-21,Tour de France,100,20.0,95000,436,1,1713,,1,0,0,2011-07-24,0.0045894736842105,0.0,11.523048096674604
tour-de-suisse/1990/stage-10,Tour de Suisse,50,,199000,2461,2,767,,1,0,0,1990-06-21,0.0123668341708542,74.0,38.21343568257985
tour-de-france/1990/stage-18,Tour de France,100,,202000,321,1,1959,,1,0,0,1990-07-19,0.001589108910891,19.0,114.84833639355202
amstel-gold-race/1980/result,Amstel Gold Race,225,,238000,3960,3,698,,0,0,0,1980-04-05,0.0166386554621848,212.0,161.39444773461952
tirreno-adriatico/2019/stage-7,Tirreno-Adriatico,50,60.0,10100,9,1,1067,,1,0,0,2019-03-19,0.0008910891089108,53.0,30.552453505580996
tour-de-romandie/1973/stage-5,Tour de Romandie,50,,189100,4634,5,352,,1,0,0,1973-05-13,0.0245055526176626,0.0,0.0
tour-de-suisse/2002/stage-5,Tour de Suisse,50,,149000,3797,5,673,,1,0,0,2002-06-23,0.02548322147651,1140.0,548.5509585429636
vuelta-a-espana/2010/stage-17,Vuelta a España,80,,46000,101,1,1123,,1,0,0,2010-09-15,0.002195652173913,321.0,125.11086894645082
tour-de-france/1989/stage-12,Tour de France,100,,242000,2648,2,1849,,1,0,0,1989-07-13,0.0109421487603305,1305.0,236.05364839874903
giro-d-italia/1997/stage-12,Giro d'Italia,80,,214000,3078,3,792,,1,0,0,1997-05-29,0.0143831775700934,12.0,20.375136780655225
tour-de-france/1982/stage-7,Tour de France,100,,234000,2596,1,1492,,1,0,0,1982-07-10,0.011094017094017,23.0,6.930195833226219
paris-nice/2002/stage-5,Paris - Nice,50,,188500,3457,4,883,,1,0,0,2002-03-15,0.018339522546419,230.0,684.426297498585
giro-d-italia/1990/stage-2,Giro d'Italia,80,,239000,2364,1,1061,,1,0,0,1990-05-19,0.0098912133891213,0.0,0.0
tour-de-france/2013/stage-19,Tour de France,100,20.0,204500,5567,4,1690,,1,0,0,2013-07-19,0.0272224938875305,1639.0,648.6437139099157
volta-a-catalunya/2005/stage-7,Volta Ciclista a Catalunya,50,,113100,1687,3,850,,1,0,0,2005-05-22,0.0149160035366931,0.0,125.74471319014428
volta-a-catalunya/2005/stage-4,Volta Ciclista a Catalunya,50,,237700,4099,5,850,,1,0,0,2005-05-19,0.0172444257467395,994.0,510.43902639192214
tour-de-france/1979/stage-19,Tour de France,100,,162000,1568,2,1381,,1,0,0,1979-07-17,0.009679012345679,0.0,0.0
dauphine/2015/stage-8,Critérium du Dauphiné,50,6.0,156500,2979,5,997,,1,0,0,2015-06-14,0.019035143769968,668.0,515.9227123885422
tour-de-france/2016/stage-19,Tour de France,100,120.0,146000,4436,5,1758,,1,0,0,2016-07-22,0.0303835616438356,1518.0,665.5260737768633
volta-a-catalunya/1995/stage-1,Volta Ciclista a Catalunya,50,,191000,4475,5,737,,1,0,0,1995-06-16,0.0234293193717277,43.5,121.88539699242072
tour-de-france/1982/stage-3,Tour de France,100,,134000,1591,5,1492,,1,0,0,1982-07-05,0.0118731343283582,29.0,96.60130331026718
paris-nice/1998/stage-4,Paris - Nice,50,,113000,2002,4,960,,1,0,0,1998-03-12,0.017716814159292,234.0,196.86350747072376
giro-d-italia/1997/stage-11,Giro d'Italia,80,,155000,2937,4,792,,1,0,0,1997-05-28,0.0189483870967741,60.0,26.83281572999748
tour-de-suisse/1979/stage-7,Tour de Suisse,50,,139000,1040,1,538,,1,0,0,1979-06-20,0.0074820143884892,0.0,0.0
vuelta-a-espana/1983/stage-19,Vuelta a España,80,,135000,1189,1,705,,1,0,0,1983-05-08,0.0088074074074074,20.0,7.366591251499343
giro-d-italia/2007/stage-2,Giro d'Italia,80,,206000,2247,2,844,,1,0,0,2007-05-13,0.0109077669902912,0.0,162.00386205904096
tour-de-romandie/2017/stage-3,Tour de Romandie,50,60.0,187000,2034,2,636,,1,0,0,2017-04-28,0.0108770053475935,0.0,189.19979707764205
vuelta-a-espana/1983/stage-6,Vuelta a España,80,,235000,4116,4,705,,1,0,0,1983-04-25,0.0175148936170212,732.0,581.9585245512985
san-sebastian/2007/result,Clasica Ciclista San Sebastian,150,,225000,2070,2,869,,0,0,0,2007-08-04,0.0092,325.0,361.53541592977336
dauphine/2001/prologue,Criterium du Dauphiné Libére,50,,4000,53,2,442,,1,0,0,2001-06-10,0.01325,23.0,10.137810679685584
tour-de-suisse/1985/stage-6a,Tour de Suisse,50,,73000,889,2,699,,1,0,0,1985-06-16,0.0121780821917808,52.0,19.031928060874066
giro-d-italia/2005/stage-12,Giro d'Italia,80,,178000,2120,4,929,,1,0,0,2005-05-19,0.0119101123595505,0.0,37.32010065765438
vuelta-a-espana/1985/stage-19,Vuelta a España,80,,175000,1616,1,925,,1,0,0,1985-05-12,0.0092342857142857,0.0,4.2134812990607005
paris-nice/1995/stage-8b,Paris - Nice,50,,12500,231,4,861,,1,0,0,1995-03-12,0.01848,118.5,49.364674136791166
tour-de-suisse/1990/stage-1,Tour de Suisse,50,,158000,1521,1,767,,1,0,0,1990-06-13,0.009626582278481,0.0,33.88460810850063
vuelta-a-espana/2014/stage-18,Vuelta a España,80,16.0,157000,2384,3,1175,,1,0,0,2014-09-11,0.0151847133757961,1014.5,460.39908794225875
vuelta-a-espana/2011/stage-5,Vuelta a España,80,16.0,187000,3510,3,1170,,1,0,0,2011-08-24,0.0187700534759358,709.0,600.7197907641355
tour-de-suisse/1993/stage-3,Tour de Suisse,50,,195000,2208,2,655,,1,0,0,1993-06-17,0.0113230769230769,30.5,71.0457599016296
paris-nice/1982/stage-7b,Paris - Nice,50,,11000,110,1,721,,1,0,0,1982-03-18,0.01,64.0,25.289372885707955
tour-de-suisse/1994/stage-9,Tour de Suisse,50,,239000,3549,3,616,,1,0,0,1994-06-23,0.0148493723849372,0.0,0.0
volta-a-catalunya/1977/stage-1,Volta Ciclista a Catalunya,50,,213600,2851,2,490,,1,0,0,1977-09-08,0.0133473782771535,0.0,5.356068236001516
vuelta-a-espana/2009/stage-7,Vuelta a España,80,,30300,40,1,1220,,1,0,0,2009-09-05,0.0013201320132013,194.5,84.5612801972915
vuelta-a-espana/1991/stage-12,Vuelta a España,80,,111000,2646,5,1042,,1,0,0,1991-05-10,0.0238378378378378,108.0,57.82588808944774
milano-sanremo/1988/result,Milano-Sanremo,275,,294000,2121,1,1063,,0,0,0,1988-03-19,0.0072142857142857,18.0,120.908032546032
tour-de-suisse/2014/stage-9,Tour de Suisse,50,6.0,156500,3834,5,944,,1,0,0,2014-06-22,0.0244984025559105,1429.0,742.0575345436514
dauphine/2006/stage-7,Critérium du Dauphiné Libéré,50,,131000,2873,4,800,,1,0,0,2006-06-11,0.0219312977099236,122.0,438.13290692326706
tour-de-france/1995/stage-2,Tour de France,100,,241000,2723,1,1871,,1,0,0,1995-07-03,0.0112987551867219,19.0,79.57064820521279
volta-a-catalunya/2022/stage-1,Volta Ciclista a Catalunya,50,50.0,171200,1688,3,722,,1,0,0,2022-03-21,0.0098598130841121,48.0,417.1207617397004
vuelta-a-espana/1996/stage-14,Vuelta a España,80,,202600,3067,3,988,,1,0,0,1996-09-21,0.0151382033563672,194.0,275.98367184836894
giro-d-italia/2018/stage-18,Giro d'Italia,80,100.0,196000,2314,5,838,,1,0,0,2018-05-24,0.0118061224489795,1377.0,443.4984963888825
paris-nice/1984/stage-7b,Paris - Nice,50,,10000,105,1,778,,1,0,0,1984-03-14,0.0105,20.5,35.01319300221741
giro-d-italia/1994/stage-21,Giro d'Italia,80,,121000,898,1,1292,,1,0,0,1994-06-11,0.0074214876033057,0.0,0.0
paris-nice/2014/stage-6,Paris - Nice,50,6.0,221500,2789,3,971,,1,0,0,2014-03-14,0.0125914221218961,874.0,430.57852961066857
paris-nice/2012/stage-2,Paris - Nice,50,6.0,185000,826,1,1079,,1,0,0,2012-03-05,0.0044648648648648,149.0,273.9658354882563
la-fleche-wallone/1986/result,La Flèche Wallonne,225,,248000,3749,3,874,,0,0,0,1986-04-16,0.0151169354838709,735.0,414.4349478042826
tour-de-france/2004/stage-9,Tour de France,100,,160500,2000,1,1555,,1,0,0,2004-07-13,0.0124610591900311,0.0,58.7924144648587
paris-nice/2011/stage-6,Paris - Nice,50,6.0,27000,286,2,1038,,1,0,0,2011-03-11,0.0105925925925925,220.0,85.22085666043196
tour-de-suisse/2007/prologue,Tour de Suisse,50,,3800,50,2,1089,,1,0,0,2007-06-16,0.0131578947368421,22.5,7.173362533109774
e3-harelbeke/1996/result,E3-Prijs Harelbeke,125,,206000,1579,1,480,,0,0,0,1996-03-30,0.0076650485436893,337.0,246.1010434833701
vuelta-a-espana/1983/stage-5,Vuelta a España,80,,195000,1544,1,705,,1,0,0,1983-04-24,0.0079179487179487,87.0,118.73015508612778
tour-de-suisse/2005/stage-1,Tour de Suisse,50,,170000,1739,1,971,,1,0,0,2005-06-11,0.0102294117647058,6.0,60.362112073950186
tirreno-adriatico/2010/stage-5,Tirreno-Adriatico,50,6.0,216000,3210,4,1176,,1,0,0,2010-03-14,0.0148611111111111,673.0,710.9688200506049
tour-de-suisse/2021/stage-2,Tour de Suisse,50,60.0,178000,2392,2,670,,1,0,0,2021-06-07,0.013438202247191,188.5,264.0994759103105
tour-de-france/2017/stage-21,Tour de France,100,120.0,105000,519,1,1791,,1,0,0,2017-07-23,0.0049428571428571,0.0,71.66056046055084
dauphine/1975/stage-1b,Critérium du Dauphiné Libéré,50,,93000,1375,3,889,,1,0,0,1975-06-03,0.0147849462365591,0.0,0.0
tour-de-france/2009/stage-20,Tour de France,100,,167000,3767,5,1557,,1,0,0,2009-07-25,0.0225568862275449,650.5,561.9798430359742
volta-a-catalunya/2022/stage-4,Volta Ciclista a Catalunya,50,50.0,166700,3538,5,722,,1,0,0,2022-03-24,0.0212237552489502,693.0,475.31805035202075
gran-camino/2023/stage-4,O Gran Camiño,20,14.0,18100,308,2,156,11.0,1,0,0,2023-02-26,0.0170165745856353,187.0,71.51024954140267
gp-quebec/2012/result,Grand Prix Cycliste de Quebec,225,,201600,2868,3,857,,0,0,0,2012-09-07,0.0142261904761904,75.5,150.8479998950711
tour-de-france/2000/stage-18,Tour de France,100,,246500,2137,1,1437,,1,0,0,2000-07-20,0.0086693711967545,940.0,174.5026841106205
volta-a-catalunya/2012/stage-4,Volta Ciclista a Catalunya,50,6.0,199000,2960,4,760,,1,0,0,2012-03-22,0.0148743718592964,116.0,422.66937780728256
tirreno-adriatico/1973/stage-5a,Tirreno-Adriatico,50,,107000,1742,3,536,,1,0,0,1973-03-17,0.0162803738317757,0.0,0.0
tirreno-adriatico/1991/stage-1,Tirreno-Adriatico,50,,185000,1640,1,710,,1,0,0,1991-03-13,0.0088648648648648,31.5,68.98824376499068
tour-de-france/1984/stage-22,Tour de France,100,,51000,744,2,1632,,1,0,0,1984-07-21,0.0145882352941176,437.0,169.11494670196012
tour-de-suisse/2012/stage-3,Tour de Suisse,50,6.0,188800,2778,3,917,,1,0,0,2012-06-12,0.0147139830508474,364.0,379.0296084956043
vuelta-a-espana/1983/stage-2,Vuelta a España,80,,152000,1475,1,705,,1,0,0,1983-04-21,0.009703947368421,0.0,0.0
tour-de-france/1992/stage-16,Tour de France,100,,212000,3500,3,2047,,1,0,0,1992-07-21,0.0165094339622641,564.0,361.79647409428696
ronde-van-vlaanderen/1981/result,Ronde van Vlaanderen / Tour des Flandres,275,,267000,3041,2,605,,0,0,0,1981-04-05,0.0113895131086142,240.0,75.26724776327738
tour-de-france/2022/stage-3,Tour de France,100,120.0,182000,1280,1,1551,23.0,1,0,0,2022-07-03,0.007032967032967,26.0,70.94575184204828
giro-d-italia/2008/stage-7,Giro d'Italia,80,,180000,3936,3,1058,,1,0,0,2008-05-16,0.0218666666666666,1469.0,630.8237146765952
il-lombardia/1990/result,Giro di Lombardia,275,,246000,1342,1,724,,0,0,0,1990-10-20,0.0054552845528455,812.0,387.0727349840359
paris-nice/2021/stage-4,Paris - Nice,50,60.0,187600,3540,3,1044,,1,0,0,2021-03-10,0.0188699360341151,649.0,489.60201576846595
paris-nice/1984/stage-1,Paris - Nice,50,,172000,1786,1,778,,1,0,0,1984-03-08,0.0103837209302325,0.0,0.0
tour-de-france/2017/stage-15,Tour de France,100,120.0,189500,3164,2,1791,,1,0,0,2017-07-16,0.0166965699208443,1080.0,531.2924268370772
tour-de-romandie/1981/stage-5a,Tour de Romandie,50,,142900,2319,3,439,,1,0,0,1981-05-10,0.0162281315605318,0.0,0.0
paris-roubaix/1982/result,Paris - Roubaix,275,,270000,2191,1,608,,0,0,0,1982-04-18,0.0081148148148148,380.0,495.3978266449281
gp-montreal/2017/result,Grand Prix Cycliste de Montréal,225,500.0,205700,3779,2,824,,0,0,0,2017-09-10,0.0183714146815751,100.0,187.459043711705
tour-de-france/1990/stage-19,Tour de France,100,,182500,1114,1,1959,,1,0,0,1990-07-20,0.006104109589041,364.0,114.8239296582689
giro-d-italia/1995/stage-5,Giro d'Italia,80,,182000,867,1,1365,,1,0,0,1995-05-17,0.0047637362637362,31.0,15.534906930308058
ronde-van-vlaanderen/1997/result,Ronde van Vlaanderen / Tour des Flandres,275,,256000,2152,2,771,,0,0,0,1997-04-06,0.00840625,344.0,157.88848145210227
tour-de-france/2022/stage-16,Tour de France,100,120.0,178500,3418,4,1551,31.0,1,0,0,2022-07-19,0.0191484593837535,1378.0,610.5204121558951
itzulia-basque-country/2004/stage-3,Vuelta al País Vasco,50,,169000,2284,2,1020,,1,0,0,2004-04-07,0.0135147928994082,21.0,320.84486612389134
paris-nice/1972/stage-5,Paris - Nice,50,,175000,2194,2,1086,,1,0,0,1972-03-14,0.0125371428571428,23.0,11.493476410555688
giro-d-italia/2020/stage-17,Giro d'Italia,80,100.0,203000,5650,5,765,,1,0,0,2020-10-21,0.0278325123152709,1210.0,987.1325665404928
giro-d-italia/2021/stage-20,Giro d'Italia,80,100.0,164000,3867,5,885,,1,0,0,2021-05-29,0.0235792682926829,1629.0,783.2206878134476
paris-nice/1996/stage-8b,Paris - Nice,50,,18000,210,2,766,,1,0,0,1996-03-17,0.0116666666666666,70.0,25.16660276511
tour-de-france/1995/stage-7,Tour de France,100,,200000,3572,2,1871,,1,0,0,1995-07-08,0.01786,459.5,453.28507828935994
tour-de-romandie/1983/stage-5b,Tour de Romandie,50,,28000,241,1,478,,1,0,0,1983-05-08,0.0086071428571428,15.0,9.6850400102426
tour-de-france/1996/stage-17,Tour de France,100,,262000,6000,4,1872,,1,0,0,1996-07-17,0.0229007633587786,1995.0,820.3240909664673
giro-d-italia/1991/stage-1,Giro d'Italia,80,,193000,2057,2,908,,1,0,0,1991-05-26,0.0106580310880829,0.0,0.0
paris-nice/1999/stage-2,Paris - Nice,50,,214000,2265,2,792,,1,0,0,1999-03-09,0.0105841121495327,0.0,8.787548486543978
tour-de-france/1990/stage-7,Tour de France,100,,61500,845,1,1959,,1,0,0,1990-07-07,0.0137398373983739,388.0,167.73860040965735
tour-de-suisse/1975/stage-6,Tour de Suisse,50,,152000,857,1,549,,1,0,0,1975-06-17,0.0056381578947368,30.5,16.509593170840603
volta-a-catalunya/1996/stage-7,Volta Ciclista a Catalunya,50,,129000,2521,4,327,,1,0,0,1996-06-20,0.0195426356589147,2.0,1.0327955589886444
tour-de-france/1985/stage-16,Tour de France,100,,247000,3500,2,1470,,1,0,0,1985-07-15,0.0141700404858299,195.0,16.13851239823437
tour-de-suisse/1981/stage-7a,Tour de Suisse,50,,84000,1788,4,516,,1,0,0,1981-06-17,0.0212857142857142,0.0,0.0
tour-de-suisse/2005/stage-7,Tour de Suisse,50,,193000,1950,1,971,,1,0,0,2005-06-17,0.0101036269430051,23.0,99.88240454379762
giro-d-italia/1996/stage-7,Giro d'Italia,80,,164000,2867,4,1034,,1,0,0,1996-05-25,0.0174817073170731,666.0,423.3741821386197
vuelta-a-espana/2017/stage-16,Vuelta a España,80,100.0,40200,411,1,899,,1,0,0,2017-09-05,0.0102238805970149,307.0,112.42341615364188
vuelta-a-espana/1997/stage-6,Vuelta a España,80,,147000,2169,3,1165,,1,0,0,1997-09-11,0.0147551020408163,737.0,378.7820814549047
san-sebastian/2011/result,Clasica Ciclista San Sebastian,225,,234000,3814,2,806,,0,0,0,2011-07-30,0.0162991452991453,393.0,278.4004038617639
vuelta-a-espana/1992/stage-13,Vuelta a España,80,,178300,1942,2,1033,,1,0,0,1992-05-09,0.0108917554683118,172.0,54.35694783353621
tour-de-france/2000/stage-10,Tour de France,100,,205000,5202,5,1437,,1,0,0,2000-07-10,0.0253756097560975,1666.0,750.2133564021792
volta-a-catalunya/2018/stage-1,Volta Ciclista a Catalunya,50,50.0,152300,2612,2,659,,1,0,0,2018-03-19,0.0171503611293499,0.0,69.41503473101385
tour-de-france/1988/stage-8,Tour de France,100,,219000,1820,2,1941,,1,0,0,1988-07-10,0.008310502283105,23.0,141.32784799343509
giro-d-italia/2012/stage-5,Giro d'Italia,80,16.0,209000,842,1,886,,1,0,0,2012-05-10,0.0040287081339712,5.0,231.60790494404404
giro-d-italia/2000/stage-10,Giro d'Italia,80,,257000,1880,2,866,,1,0,0,2000-05-23,0.0073151750972762,0.0,5.255421728764478
dauphine/2023/stage-6,Critérium du Dauphiné,50,60.0,170200,3406,5,781,21.0,1,0,0,2023-06-09,0.020011750881316,466.0,405.4627835199304
vuelta-a-espana/1987/stage-8,Vuelta a España,80,,219000,2000,1,838,,1,0,0,1987-05-01,0.0091324200913242,1.0,0.3162277660168379
tour-de-suisse/1982/stage-7,Tour de Suisse,50,,197000,2228,2,657,,1,0,0,1982-06-23,0.0113096446700507,0.0,0.0
tour-de-romandie/2016/stage-3,Tour de Romandie,50,60.0,15110,278,2,917,,1,0,0,2016-04-29,0.0183984116479152,94.0,53.66467913859912
tour-de-romandie/2008/stage-1,Tour de Romandie,50,,182800,2354,2,590,,1,0,0,2008-04-30,0.0128774617067833,78.0,393.8900446380914
tour-de-france/1978/stage-11,Tour de France,100,,161000,4500,5,1241,,1,0,0,1978-07-11,0.0279503105590062,763.0,404.78912360734944
giro-d-italia/2021/stage-8,Giro d'Italia,80,100.0,170000,3085,3,885,,1,0,0,2021-05-15,0.0181470588235294,524.0,249.15780609417467
tour-de-france/1999/stage-18,Tour de France,100,,182000,1691,1,1255,,1,0,0,1999-07-23,0.0092912087912087,187.0,54.813867514913106
giro-d-italia/2011/stage-16,Giro d'Italia,80,16.0,12700,708,5,891,,1,0,0,2011-05-24,0.0557480314960629,207.0,76.28472697110361
giro-d-italia/2003/stage-18,Giro d'Italia,80,,175000,5211,5,734,,1,0,0,2003-05-29,0.0297771428571428,1610.0,643.0136393194759
tirreno-adriatico/2007/stage-2,Tirreno-Adriatico,50,,202000,1604,1,1148,,1,0,0,2007-03-15,0.0079405940594059,54.0,240.26270944724445
vuelta-a-espana/2000/stage-1,Vuelta a España,80,,13300,146,2,981,,1,0,0,2000-08-26,0.0109774436090225,94.0,39.19497094379796
tour-de-suisse/1995/stage-3,Tour de Suisse,50,,259000,3680,3,764,,1,0,0,1995-06-16,0.0142084942084942,0.0,0.0
tour-de-france/1989/stage-19,Tour de France,100,,125000,2500,4,1849,,1,0,0,1989-07-21,0.02,598.0,355.47503242515995
paris-nice/1975/stage-6b,Paris - Nice,50,,117000,1317,2,951,,1,0,0,1975-03-15,0.0112564102564102,22.0,6.327883158146799
paris-nice/1990/stage-2,Paris - Nice,50,,245000,2378,1,995,,1,0,0,1990-03-06,0.0097061224489795,4.0,0.8051557998728974
vuelta-a-espana/2007/stage-3,Vuelta a España,80,,153000,2789,3,995,,1,0,0,2007-09-03,0.0182287581699346,34.0,172.78818188097588
giro-d-italia/1998/stage-13,Giro d'Italia,80,,166000,969,1,923,,1,0,0,1998-05-29,0.0058373493975903,235.0,195.3266049124222
vuelta-a-espana/1987/stage-5,Vuelta a España,80,,165000,2500,3,838,,1,0,0,1987-04-28,0.0151515151515151,179.0,75.47302682268531
tour-de-france/2019/stage-5,Tour de France,100,120.0,175500,2325,2,1699,,1,0,0,2019-07-10,0.0132478632478632,496.0,451.8871975954279
tour-de-france/2015/stage-15,Tour de France,100,20.0,183000,1993,2,1812,,1,0,0,2015-07-19,0.0108907103825136,105.0,320.13349103332405
tour-de-suisse/1990/stage-6,Tour de Suisse,50,,253500,3126,2,767,,1,0,0,1990-06-17,0.0123313609467455,88.0,35.92584956081994
paris-nice/1981/stage-7b,Paris - Nice,50,,11000,47,1,821,,1,0,0,1981-03-18,0.0042727272727272,22.0,12.34008824027518
tour-de-suisse/1999/prologue,Tour de Suisse,50,,6000,82,3,900,,1,0,0,1999-06-15,0.0136666666666666,32.0,13.603339488605164
vuelta-a-espana/1984/stage-12,Vuelta a España,80,,199000,2497,2,747,,1,0,0,1984-04-29,0.0125477386934673,374.0,320.02215407139903
uae-tour/2022/stage-3,UAE Tour,50,40.0,9000,9,1,621,,1,0,0,2022-02-22,0.001,56.0,23.120866151874647
tour-de-romandie/1981/stage-2,Tour de Romandie,50,,171500,1532,1,439,,1,0,0,1981-05-07,0.0089329446064139,2.0,2.309401076758503
volta-a-catalunya/1977/prologue,Volta Ciclista a Catalunya,50,,4200,48,2,490,,1,0,0,1977-09-07,0.0114285714285714,28.0,9.13551828533106
giro-d-italia/1991/stage-5,Giro d'Italia,80,,246000,2019,1,908,,1,0,0,1991-05-31,0.0082073170731707,50.0,15.811388300841896
dauphine/1998/stage-1,Critérium du Dauphiné Libéré,50,,190000,2271,2,721,,1,0,0,1998-06-08,0.0119526315789473,90.0,27.70141550629916
tour-de-suisse/1997/stage-2,Tour de Suisse,50,,202100,2205,2,1161,,1,0,0,1997-06-19,0.0109104403760514,692.0,119.58375870960978
tour-de-france/2002/stage-20,Tour de France,100,,140000,1423,1,1489,,1,0,0,2002-07-28,0.0101642857142857,0.0,0.0
la-fleche-wallone/2013/result,La Flèche Wallonne,225,,205000,2130,3,1053,,0,0,0,2013-04-17,0.010390243902439,136.0,223.25988520331228
tour-de-france/2009/stage-7,Tour de France,100,,224000,4910,5,1557,,1,0,0,2009-07-10,0.0219196428571428,738.0,608.968706019382
tirreno-adriatico/1983/stage-1,Tirreno-Adriatico,50,,193000,2724,3,463,,1,0,0,1983-03-12,0.0141139896373057,0.0,0.0
tour-de-suisse/1970/stage-8,Tour de Suisse,50,,165000,3130,4,393,,1,0,0,1970-06-18,0.0189696969696969,4.0,1.632993161855452
tour-de-suisse/2022/stage-1,Tour de Suisse,50,60.0,177600,2746,2,767,29.0,1,0,0,2022-06-12,0.0154617117117117,382.0,370.5387907747371
vuelta-a-espana/2017/stage-15,Vuelta a España,80,100.0,129400,3549,5,899,,1,0,0,2017-09-03,0.0274265842349304,1457.0,564.6677658030071
tour-de-suisse/1978/stage-6,Tour de Suisse,50,,178000,2129,2,691,,1,0,0,1978-06-20,0.0119606741573033,0.0,0.0
tour-de-france/1987/stage-13,Tour de France,100,,219000,4500,4,1812,,1,0,0,1987-07-13,0.0205479452054794,1604.0,700.0420586821803
dauphine/2017/stage-6,Critérium du Dauphiné,50,60.0,145500,2592,4,1024,,1,0,0,2017-06-09,0.0178144329896907,895.0,409.8169153026111
tirreno-adriatico/2007/stage-4,Tirreno-Adriatico,50,,161000,1482,3,1148,,1,0,0,2007-03-17,0.0092049689440993,123.0,139.29621743387736
giro-d-italia/1997/stage-7,Giro d'Italia,80,,210000,2482,2,792,,1,0,0,1997-05-23,0.0118190476190476,0.0,79.7975055366383
paris-nice/1995/stage-6,Paris - Nice,50,,178000,2774,3,861,,1,0,0,1995-03-10,0.0155842696629213,11.0,2.9006539096293915
vuelta-a-espana/1981/stage-2,Vuelta a España,80,,159000,2326,3,457,,1,0,0,1981-04-23,0.01462893081761,313.0,423.5996248713426
amstel-gold-race/1994/result,Amstel Gold Race,225,,250000,3719,3,666,,0,0,0,1994-04-23,0.014876,139.0,169.9113961318104
omloop-het-nieuwsblad/1992/result,Omloop Het Volk,125,,208000,1969,1,758,,0,0,0,1992-02-29,0.0094663461538461,20.0,23.992571780522
itzulia-basque-country/2019/stage-5,Itzulia Basque Country,50,50.0,149800,3231,2,762,,1,0,0,2019-04-12,0.0215687583444592,1248.0,449.9240617077307
paris-nice/1983/stage-5,Paris - Nice,50,,183000,693,1,658,,1,0,0,1983-03-14,0.0037868852459016,34.0,14.199932930760456
giro-d-italia/2022/stage-16,Giro d'Italia,80,100.0,202000,5268,4,817,20.0,1,0,0,2022-05-24,0.026079207920792,2365.0,918.9272459603342
paris-nice/1988/stage-5,Paris - Nice,50,,167000,1757,2,1146,,1,0,0,1988-03-11,0.0105209580838323,15.0,3.994043183589901
san-sebastian/2014/result,Clasica Ciclista San Sebastian,225,,219200,3796,2,741,,0,0,0,2014-08-02,0.0173175182481751,329.0,334.180525004485
vuelta-a-espana/1982/stage-6,Vuelta a España,80,,190000,2514,2,523,,1,0,0,1982-04-26,0.0132315789473684,2.0,5.977736472389306
vuelta-a-espana/1983/stage-7,Vuelta a España,80,,137000,1161,1,705,,1,0,0,1983-04-26,0.0084744525547445,14.0,220.76432784616065
dauphine/2021/stage-1,Critérium du Dauphiné,50,60.0,181800,2308,2,790,,1,0,0,2021-05-30,0.0126952695269526,25.0,264.6692601882885
tour-de-france/2013/stage-8,Tour de France,100,20.0,195000,3839,5,1690,,1,0,0,2013-07-06,0.0196871794871794,1742.0,654.3452774839042
tour-de-suisse/1985/stage-6b,Tour de Suisse,50,,12000,43,1,699,,1,0,0,1985-06-16,0.0035833333333333,30.0,18.677377879253942
giro-d-italia/1993/stage-8,Giro d'Italia,80,,140000,1024,1,1089,,1,0,0,1993-05-30,0.0073142857142857,0.0,0.0
dauphine/2012/stage-3,Critérium du Dauphiné,50,6.0,167000,2683,3,1117,,1,0,0,2012-06-06,0.016065868263473,0.0,68.65638169139416
tour-de-france/2013/stage-3,Tour de France,100,20.0,145500,2426,2,1690,,1,0,0,2013-07-01,0.0166735395189003,220.0,255.5845564885268
giro-d-italia/2005/stage-18,Giro d'Italia,80,,34000,518,2,929,,1,0,0,2005-05-27,0.015235294117647,289.5,105.53433560521766
vuelta-a-espana/1992/stage-20,Vuelta a España,80,,188300,3267,4,1033,,1,0,0,1992-05-16,0.0173499734466277,39.0,16.443843832875572
vuelta-a-espana/2000/stage-16,Vuelta a España,80,,168000,4005,5,981,,1,0,0,2000-09-12,0.0238392857142857,1252.0,444.12378919754633
giro-d-italia/2009/stage-19,Giro d'Italia,80,,164000,3921,5,975,,1,0,0,2009-05-29,0.0239085365853658,789.0,359.86874126360954
dauphine/2017/stage-3,Critérium du Dauphiné,50,60.0,184000,1990,2,1024,,1,0,0,2017-06-06,0.0108152173913043,11.0,110.92675162391645
e3-harelbeke/1997/result,E3-Prijs Harelbeke,125,,206000,1496,1,518,,0,0,0,1997-03-29,0.00726213592233,182.0,48.38917295603638
tour-de-france/1993/stage-11,Tour de France,100,,179000,5339,5,1804,,1,0,0,1993-07-15,0.0298268156424581,1696.0,611.157405144644
paris-nice/1992/stage-2,Paris - Nice,50,,176000,2653,3,877,,1,0,0,1992-03-10,0.0150738636363636,0.0,0.0
vuelta-a-espana/2021/stage-15,La Vuelta ciclista a España,80,100.0,197500,3860,4,1023,27.0,1,0,0,2021-08-29,0.0195443037974683,1348.0,765.6020073236565
tour-de-suisse/1981/stage-9,Tour de Suisse,50,,210000,1787,1,516,,1,0,0,1981-06-19,0.0085095238095238,0.0,0.0
itzulia-basque-country/2007/stage-4,Vuelta al País Vasco,50,,176000,3212,4,1002,,1,0,0,2007-04-12,0.01825,782.0,336.6696805033234
tour-de-suisse/2018/stage-6,Tour de Suisse,50,60.0,186000,3436,5,956,,1,0,0,2018-06-14,0.0184731182795698,284.0,534.6355544566402
tour-de-france/1986/stage-20,Tour de France,100,,58000,1035,2,1872,,1,0,0,1986-07-24,0.0178448275862068,454.0,167.91279980397326
tour-de-suisse/1995/stage-1,Tour de Suisse,50,,201000,2530,2,764,,1,0,0,1995-06-14,0.0125870646766169,0.5,0.983192080250175
vuelta-a-espana/1987/stage-15,Vuelta a España,80,,185000,3000,3,838,,1,0,0,1987-05-08,0.0162162162162162,224.0,70.8350195877717
paris-nice/1993/prologue,Paris - Nice,50,,7700,18,1,1182,,1,0,0,1993-03-07,0.0023376623376623,7.5,4.532597979574677
tour-de-suisse/2003/stage-2,Tour de Suisse,50,,175000,2023,2,660,,1,0,0,2003-06-18,0.01156,0.0,100.56499240405752
dauphine/1975/stage-7b,Critérium du Dauphiné Libéré,50,,30000,379,2,889,,1,0,0,1975-06-09,0.0126333333333333,42.0,22.93914875174198
gran-camino/2022/stage-1,Gran Camiño,20,14.0,165000,1993,2,225,,1,0,0,2022-02-24,0.0120787878787878,0.0,22.507054163750244
tour-de-france/2022/stage-13,Tour de France,100,120.0,192600,2109,2,1551,32.0,1,0,0,2022-07-15,0.0109501557632398,371.0,310.44892465938267
tour-de-suisse/2013/stage-5,Tour de Suisse,50,6.0,178400,1759,2,960,,1,0,0,2013-06-12,0.009859865470852,0.0,217.74293743137167
vuelta-a-espana/2005/stage-5,Vuelta a España,80,,176000,1470,1,960,,1,0,0,2005-08-31,0.0083522727272727,84.0,194.32544725688192
giro-d-italia/2011/stage-7,Giro d'Italia,80,16.0,110000,2333,5,891,,1,0,0,2011-05-13,0.0212090909090909,508.0,387.93005114197535
san-sebastian/2008/result,Clasica Ciclista San Sebastian,225,,225000,4204,2,847,,0,0,0,2008-08-02,0.0186844444444444,106.0,301.71574106399737
paris-nice/1987/stage-5,Paris - Nice,50,,208000,1467,1,1164,,1,0,0,1987-03-13,0.0070528846153846,66.5,61.42370106588807
tour-de-france/1980/stage-18,Tour de France,100,,196000,5000,5,1224,,1,0,0,1980-07-16,0.0255102040816326,1033.0,467.89870464793705
giro-d-italia/1996/stage-16,Giro d'Italia,80,,180000,2929,3,1034,,1,0,0,1996-06-03,0.0162722222222222,675.0,324.79423827162867
tirreno-adriatico/2015/stage-6,Tirreno-Adriatico,50,6.0,210000,2326,2,1017,,1,0,0,2015-03-16,0.0110761904761904,42.0,303.4044543151152
vuelta-a-espana/1981/stage-1,Vuelta a España,80,,221000,1514,1,457,,1,0,0,1981-04-22,0.0068506787330316,0.0,7.586256128768792
volta-a-catalunya/2016/stage-1,Volta Ciclista a Catalunya,50,50.0,175800,2644,2,1045,,1,0,0,2016-03-21,0.0150398179749715,0.0,264.8782727609794
tour-de-romandie/1973/stage-3,Tour de Romandie,50,,175000,4924,5,352,,1,0,0,1973-05-11,0.0281371428571428,159.0,75.39496004375889
volta-a-catalunya/2002/stage-2,Volta a Catalunya,50,,182900,2480,2,431,,1,0,0,2002-06-18,0.0135593220338983,0.0,296.3050037278476
uae-tour/2019/stage-3,UAE Tour,50,40.0,179000,1436,5,751,,1,0,0,2019-02-26,0.008022346368715,475.0,412.9324751928804
tour-de-suisse/2005/stage-3,Tour de Suisse,50,,154000,2952,4,971,,1,0,0,2005-06-13,0.0191688311688311,342.0,259.38509687908464
tour-de-france/1980/stage-9,Tour de France,100,,203500,1845,1,1224,,1,0,0,1980-07-06,0.009066339066339,0.0,50.48410865522955
giro-d-italia/2002/stage-8,Giro d'Italia,80,,237000,2328,3,920,,1,0,0,2002-05-20,0.0098227848101265,165.0,105.33752139239448
vuelta-a-espana/2014/stage-19,Vuelta a España,80,16.0,180500,2319,2,1175,,1,0,0,2014-09-12,0.0128476454293628,464.0,325.6456241979413
volta-a-catalunya/1977/stage-4b,Volta Ciclista a Catalunya,50,,92100,1679,4,490,,1,0,0,1977-09-11,0.0182301845819761,0.0,39.506962177520904
giro-d-italia/2011/stage-15,Giro d'Italia,80,16.0,229000,6939,5,891,,1,0,0,2011-05-22,0.0303013100436681,1711.0,747.7810329532584
tour-de-suisse/1977/stage-6,Tour de Suisse,50,,172500,584,1,627,,1,0,0,1977-06-21,0.0033855072463768,0.0,0.0
tour-de-france/1997/stage-14,Tour de France,100,,148000,5000,5,1994,,1,0,0,1997-07-20,0.0337837837837837,2216.0,651.3201181277267
tirreno-adriatico/2008/stage-3,Tirreno-Adriatico,50,,195000,2793,3,1136,,1,0,0,2008-03-14,0.0143230769230769,602.0,316.8285057762679
tirreno-adriatico/2021/stage-7,Tirreno-Adriatico,50,60.0,10100,11,1,1108,,1,0,0,2021-03-16,0.001089108910891,70.0,29.92082671564779
tour-de-france/2021/stage-1,Tour de France,100,120.0,197800,2843,3,1646,,1,0,0,2021-06-26,0.0143731041456016,321.0,266.17730028541393
vuelta-a-espana/2011/stage-8,Vuelta a España,80,16.0,183000,3835,3,1170,,1,0,0,2011-08-27,0.0209562841530054,383.0,492.9146006019464
vuelta-a-espana/1988/stage-4,Vuelta a España,80,,210000,1126,1,828,,1,0,0,1988-04-28,0.0053619047619047,0.0,0.0
paris-roubaix/2023/result,Paris-Roubaix,275,800.0,256600,1380,1,775,16.0,0,0,0,2023-04-09,0.0053780202650038,718.0,421.3794947632896
vuelta-a-espana/1984/stage-10,Vuelta a España,80,,148000,2588,4,747,,1,0,0,1984-04-27,0.0174864864864864,175.0,18.98141505913242
itzulia-basque-country/2011/stage-5,Vuelta Ciclista al País Vasco,50,6.0,179000,2966,3,935,,1,0,0,2011-04-08,0.0165698324022346,80.0,248.7085650522945
tour-de-suisse/1982/stage-3,Tour de Suisse,50,,192000,1394,1,657,,1,0,0,1982-06-19,0.0072604166666666,10.0,5.059644256269407
paris-nice/1989/prologue,Paris - Nice,50,,5300,45,1,794,,1,0,0,1989-03-05,0.0084905660377358,12.0,4.558811097280699
tirreno-adriatico/1999/stage-8,Tirreno-Adriatico,50,,164000,1543,1,1150,,1,0,0,1999-03-17,0.0094085365853658,0.0,22.778932490261575
paris-nice/1981/stage-2a,Paris - Nice,50,,101000,1647,3,821,,1,0,0,1981-03-13,0.0163069306930693,0.0,0.0
tour-de-romandie/1988/stage-1,Tour de Romandie,50,,162900,1778,2,439,,1,0,0,1988-05-11,0.010914671577655,68.0,32.17452408350433
paris-nice/1997/stage-3,Paris - Nice,50,,165000,2564,3,779,,1,0,0,1997-03-12,0.0155393939393939,14.0,209.2922206347709
dauphine/2000/stage-1,Criterium du Dauphiné Libére,50,,189000,1062,1,494,,1,0,0,2000-06-05,0.0056190476190476,8.5,25.16202044207247
paris-nice/2000/stage-4,Paris - Nice,50,,194200,3336,4,880,,1,0,0,2000-03-09,0.017178166838311,2.0,0.2981423969999719
tour-de-romandie/2001/prologue,Tour de Romandie,50,,6900,53,1,597,,1,0,0,2001-05-08,0.0076811594202898,39.0,25.89900483827329
dauphine/1994/stage-3,Critérium du Dauphiné Libéré,50,,38000,663,4,362,,1,0,0,1994-06-02,0.0174473684210526,100.0,43.01110967593787
vuelta-a-espana/1981/stage-13,Vuelta a España,80,,187000,2467,2,457,,1,0,0,1981-05-04,0.0131925133689839,136.0,120.2355582749305
vuelta-a-espana/1981/stage-3,Vuelta a España,80,,195000,2133,2,457,,1,0,0,1981-04-24,0.0109384615384615,0.0,5.783947264113492
vuelta-a-espana/2017/stage-21,Vuelta a España,80,100.0,117600,913,1,899,,1,0,0,2017-09-10,0.0077636054421768,14.0,49.69019113587644
giro-d-italia/2023/stage-17,Giro d'Italia,80,180.0,197000,523,1,835,24.0,1,0,0,2023-05-24,0.0026548223350253,0.0,63.438898266547326
tour-de-france/2016/stage-1,Tour de France,100,120.0,188000,1071,2,1758,,1,0,0,2016-07-02,0.0056968085106382,0.0,60.156148187821664
vuelta-a-espana/2016/stage-6,Vuelta a España,80,100.0,163200,2824,2,821,,1,0,0,2016-08-25,0.0173039215686274,954.0,559.2672348486309
volta-a-catalunya/2004/stage-7,Volta a Catalunya,50,,132800,2371,2,376,,1,0,0,2004-06-20,0.0178539156626506,0.0,5.91804016366579
tour-de-france/1980/stage-8,Tour de France,100,,164000,1574,1,1224,,1,0,0,1980-07-04,0.0095975609756097,13.0,15.3219446396875
tour-de-romandie/1987/stage-1,Tour de Romandie,50,,206000,4343,4,251,,1,0,0,1987-05-06,0.0210825242718446,9.0,2.32379000772445
volta-a-catalunya/1981/stage-7b,Volta Ciclista a Catalunya,50,,126000,2361,4,388,,1,0,0,1981-09-10,0.0187380952380952,0.0,15.26181761531296
tirreno-adriatico/1996/stage-1,Tirreno-Adriatico,50,,156000,922,1,585,,1,0,0,1996-03-13,0.0059102564102564,2.0,0.8944271909999159
dauphine/2009/stage-2,Critérium du Dauphiné Libéré,50,,228000,4375,4,708,,1,0,0,2009-06-08,0.019188596491228,0.0,55.72917334008583
giro-d-italia/2016/stage-3,Giro d'Italia,80,100.0,190000,691,1,933,,1,0,0,2016-05-08,0.0036368421052631,20.0,179.79958399407084
vuelta-a-espana/2008/stage-4,Vuelta a España,80,,170300,2760,1,1101,,1,0,0,2008-09-02,0.0162066940692894,42.0,93.98371649090394
vuelta-a-espana/2020/stage-4,La Vuelta ciclista a España,80,100.0,191700,1160,1,692,,1,0,0,2020-10-23,0.0060511215440792,0.0,39.18131606341408
tour-de-romandie/1996/stage-4,Tour de Romandie,50,,160200,1404,1,614,,1,0,0,1996-05-10,0.0087640449438202,75.0,77.73195702448989
giro-d-italia/2003/stage-3,Giro d'Italia,80,,145000,1332,3,734,,1,0,0,2003-05-12,0.0091862068965517,129.0,175.13658413017643
giro-d-italia/1991/stage-19,Giro d'Italia,80,,185000,1808,1,908,,1,0,0,1991-06-14,0.0097729729729729,0.0,0.0
tour-de-suisse/1980/stage-10a,Tour de Suisse,50,,81000,1240,3,477,,1,0,0,1980-06-20,0.0153086419753086,68.5,63.28796620738153
dauphine/2019/stage-4,Critérium du Dauphiné,50,60.0,26100,341,2,973,,1,0,0,2019-06-12,0.0130651340996168,198.5,81.50600528925442
vuelta-a-espana/1993/stage-19,Vuelta a España,80,,153000,2715,4,819,,1,0,0,1993-05-14,0.0177450980392156,1071.0,429.82895006710464
volta-a-catalunya/1977/stage-6,Volta Ciclista a Catalunya,50,,181400,3056,3,490,,1,0,0,1977-09-13,0.0168467475192943,358.0,503.1811952306901
giro-d-italia/2008/stage-18,Giro d'Italia,80,,147000,2241,2,1058,,1,0,0,2008-05-29,0.0152448979591836,471.0,155.7040822159321
tour-de-france/2017/stage-10,Tour de France,100,120.0,178000,1407,1,1791,,1,0,0,2017-07-11,0.0079044943820224,0.0,34.982981416169274
giro-d-italia/2000/stage-2,Giro d'Italia,80,,225000,2650,4,866,,1,0,0,2000-05-15,0.0117777777777777,80.0,389.40634663045074
tour-de-france/1990/stage-12,Tour de France,100,,33500,970,3,1959,,1,0,0,1990-07-12,0.028955223880597,311.5,137.67779455352334
vuelta-a-espana/2005/stage-8,Vuelta a España,80,,189000,1671,1,960,,1,0,0,2005-09-03,0.0088412698412698,5.0,84.24268853707453
paris-roubaix/1997/result,Paris - Roubaix,275,,267000,2147,1,579,,0,0,0,1997-04-13,0.0080411985018726,474.0,483.56932997700545
vuelta-a-espana/1982/stage-19,Vuelta a España,80,,84000,1214,3,523,,1,0,0,1982-05-09,0.0144523809523809,0.0,0.0
vuelta-a-espana/1992/stage-10,Vuelta a España,80,,196000,2969,3,1033,,1,0,0,1992-05-06,0.0151479591836734,261.0,82.32192903473532
vuelta-a-espana/1996/stage-16,Vuelta a España,80,,220900,2213,1,988,,1,0,0,1996-09-23,0.0100181077410593,0.0,121.68314737721693
itzulia-basque-country/2013/stage-5,Vuelta Ciclista al País Vasco,50,6.0,166100,3715,4,927,,1,0,0,2013-04-05,0.022366044551475,182.0,370.6257907761308
tour-de-suisse/2014/stage-3,Tour de Suisse,50,6.0,202900,2970,5,944,,1,0,0,2014-06-16,0.0146377525874815,193.0,335.1717042340814
vuelta-a-espana/2000/stage-19,Vuelta a España,80,,130000,919,1,981,,1,0,0,2000-09-15,0.0070692307692307,35.0,137.54886188910538
volta-a-catalunya/2017/stage-3,Volta Ciclista a Catalunya,50,50.0,188300,4151,5,883,,1,0,0,2017-03-22,0.0220446096654275,969.0,597.7021936989826
omloop-het-nieuwsblad/1999/result,Omloop Het Volk,125,,202000,1817,2,774,,0,0,0,1999-02-27,0.0089950495049504,104.0,77.15079547956044
tour-de-suisse/2000/stage-4,Tour de Suisse,50,,156000,2701,4,895,,1,0,0,2000-06-16,0.0173141025641025,510.0,373.53434043176185
vuelta-a-espana/1987/stage-19,Vuelta a España,80,,213000,5281,5,838,,1,0,0,1987-05-12,0.0247934272300469,128.0,42.54200538552716
tour-de-france/1979/stage-24,Tour de France,100,,180000,1894,1,1381,,1,0,0,1979-07-22,0.0105222222222222,138.0,173.00643519720506
tour-de-romandie/2006/stage-1,Tour de Romandie,50,,169000,1387,1,772,,1,0,0,2006-04-26,0.0082071005917159,0.0,25.499309634104577
ronde-van-vlaanderen/2018/result,Ronde van Vlaanderen - Tour des Flandres ME,275,500.0,264700,2166,2,920,,0,0,0,2018-04-01,0.0081828485077446,299.5,286.1603085347999
dauphine/1991/stage-5,Critérium du Dauphiné Libéré,50,,155000,1618,1,830,,1,0,0,1991-06-08,0.0104387096774193,9.0,42.609858014314014
vuelta-a-espana/1995/stage-2,Vuelta a España,80,,223500,2590,2,883,,1,0,0,1995-09-04,0.0115883668903803,13.0,10.233144256742907
tour-de-france/1978/prologue,Tour de France,100,,5200,27,1,1241,,1,0,0,1978-06-29,0.0051923076923076,49.5,17.1724049833085
tour-de-romandie/1984/stage-2,Tour de Romandie,50,,181500,1385,1,491,,1,0,0,1984-05-10,0.0076308539944903,219.0,122.82885111677412
tour-de-suisse/2012/stage-6,Tour de Suisse,50,6.0,34300,607,4,917,,1,0,0,2012-06-15,0.0176967930029154,208.0,104.65108706372013
vuelta-a-espana/2013/stage-18,Vuelta a España,80,16.0,186500,3879,5,1128,,1,0,0,2013-09-12,0.020798927613941,626.0,460.17167771710274
tour-de-suisse/1971/stage-1,Tour de Suisse,50,,167000,3892,5,302,,1,0,0,1971-06-11,0.0233053892215568,126.0,44.09648512069868
paris-nice/1981/stage-3,Paris - Nice,50,,217000,3157,3,821,,1,0,0,1981-03-14,0.0145483870967741,520.0,249.57021056207813
il-lombardia/2006/result,Giro di Lombardia,275,,245000,4036,3,926,,0,0,0,2006-10-14,0.0164734693877551,282.0,340.51424434430726
tour-de-suisse/1976/stage-3,Tour de Suisse,50,,179000,4817,5,377,,1,0,0,1976-06-12,0.0269106145251396,71.5,37.15964593095965
giro-d-italia/2018/stage-1,Giro d'Italia,80,100.0,9700,155,3,838,,1,0,0,2018-05-04,0.0159793814432989,66.0,25.34283498540239
giro-d-italia/1996/stage-20,Giro d'Italia,80,,220000,4772,4,1034,,1,0,0,1996-06-07,0.021690909090909,1383.0,707.2070362349053
paris-nice/2006/stage-5,Paris - Nice,50,,201500,1919,4,795,,1,0,0,2006-03-10,0.0095235732009925,315.0,275.6897627069926
omloop-het-nieuwsblad/1987/result,Omloop Het Volk,125,,237000,1445,1,533,,0,0,0,1987-02-28,0.0060970464135021,7.0,3.1764760348537187
vuelta-a-espana/1994/stage-7,Vuelta a España,80,,256500,842,1,791,,1,0,0,1994-05-01,0.0032826510721247,69.0,29.092954473549092
vuelta-a-espana/1992/stage-5,Vuelta a España,80,,213500,896,1,1033,,1,0,0,1992-05-01,0.0041967213114754,0.0,0.0
giro-d-italia/1993/stage-12,Giro d'Italia,80,,236000,2398,1,1089,,1,0,0,1993-06-04,0.0101610169491525,0.0,0.0
tour-de-france/2000/stage-20,Tour de France,100,,254500,2404,1,1437,,1,0,0,2000-07-22,0.0094459724950884,0.0,97.12015346710392
paris-nice/2000/stage-2,Paris - Nice,50,,203700,3195,3,880,,1,0,0,2000-03-07,0.0156848306332842,0.0,0.0
tour-de-france/2018/stage-17,Tour de France,100,120.0,65000,3274,5,1689,,1,0,0,2018-07-25,0.0503692307692307,1177.0,493.2204450096112
amstel-gold-race/2012/result,Amstel Gold Race,225,,256500,3300,2,1251,,0,0,0,2012-04-15,0.0128654970760233,141.0,243.96558414076304
volta-a-catalunya/1993/stage-4,Volta Ciclista a Catalunya,50,,164200,4208,5,884,,1,0,0,1993-09-13,0.0256272838002436,0.0,0.0
giro-d-italia/1995/stage-1,Giro d'Italia,80,,205000,2625,2,1365,,1,0,0,1995-05-13,0.0128048780487804,0.0,355.67918310257767
tour-de-suisse/1988/stage-2,Tour de Suisse,50,,185000,1190,1,548,,1,0,0,1988-06-15,0.0064324324324324,65.0,30.11920760356531
tour-de-france/1980/stage-5,Tour de France,100,,236500,1461,1,1224,,1,0,0,1980-07-01,0.0061775898520084,348.0,340.84889042865103
giro-d-italia/2007/stage-14,Giro d'Italia,80,,192000,3633,4,844,,1,0,0,2007-05-26,0.018921875,1129.0,450.3060069089574
tour-de-france/2005/stage-11,Tour de France,100,,173000,4280,4,1535,,1,0,0,2005-07-13,0.0247398843930635,1875.0,842.3090353330879
giro-d-italia/2010/stage-18,Giro d'Italia,80,16.0,143000,1047,2,878,,1,0,0,2010-05-27,0.0073216783216783,0.0,56.75440370540289
tour-de-france/2010/stage-20,Tour de France,100,20.0,102500,481,1,1685,,1,0,0,2010-07-25,0.0046926829268292,0.0,5.727654327592191
vuelta-a-espana/1983/stage-15b,Vuelta a España,80,,22000,329,3,705,,1,0,0,1983-05-04,0.0149545454545454,175.0,71.19616190067943
vuelta-a-espana/1986/prologue,Vuelta a España,80,,5700,135,5,843,,1,0,0,1986-04-22,0.0236842105263157,14.0,4.903274952840997
tour-de-suisse/2014/stage-1,Tour de Suisse,50,6.0,9400,210,4,944,,1,0,0,2014-06-14,0.0223404255319148,71.0,30.17038842412105
dauphine/1977/stage-6,Critérium du Dauphiné Libéré,50,,192000,2849,3,809,,1,0,0,1977-06-05,0.0148385416666666,0.0,0.4472135954999579
giro-d-italia/2012/stage-3,Giro d'Italia,80,16.0,190000,1184,1,886,,1,0,0,2012-05-07,0.0062315789473684,0.0,66.89227879597605
milano-sanremo/1991/result,Milano-Sanremo,275,,294000,2264,1,1434,,0,0,0,1991-03-23,0.0077006802721088,281.0,250.86165113355872
paris-nice/1999/stage-5,Paris - Nice,50,,211000,2502,2,792,,1,0,0,1999-03-12,0.0118578199052132,38.0,202.57658282306943
tour-de-france/2009/stage-16,Tour de France,100,,159000,3895,4,1557,,1,0,0,2009-07-21,0.0244968553459119,1000.0,616.7503042363256
tour-de-suisse/1983/stage-3,Tour de Suisse,50,,153000,1558,1,809,,1,0,0,1983-06-17,0.0101830065359477,0.0,0.0
vuelta-a-espana/2013/stage-9,Vuelta a España,80,16.0,163700,2677,3,1128,,1,0,0,2013-09-01,0.0163530849114233,360.5,412.30275347161034
vuelta-a-espana/2009/stage-11,Vuelta a España,80,,191000,3226,2,1220,,1,0,0,2009-09-09,0.0168900523560209,33.0,390.82383022700094
tour-de-france/2016/stage-20,Tour de France,100,120.0,146500,4127,4,1758,,1,0,0,2016-07-23,0.0281706484641638,1616.0,686.537446527428
vuelta-a-espana/2019/stage-7,La Vuelta ciclista a España,80,100.0,183200,2842,5,798,,1,0,0,2019-08-30,0.0155131004366812,1221.0,549.3299642310114
vuelta-a-espana/2003/stage-3,Vuelta a España,80,,154300,1786,1,935,,1,0,0,2003-09-08,0.0115748541801685,0.0,115.73413663273404
vuelta-a-espana/2000/stage-20,Vuelta a España,80,,125000,2376,5,981,,1,0,0,2000-09-16,0.019008,545.0,394.14255845708504
vuelta-a-espana/1986/stage-20,Vuelta a España,80,,239000,4000,3,843,,1,0,0,1986-05-12,0.0167364016736401,7.0,3.24037034920393
tour-de-france/1992/stage-1,Tour de France,100,,194500,2500,2,2047,,1,0,0,1992-07-05,0.0128534704370179,348.0,246.7814048794213
world-championship/1973/result,World Championships - Road Race,350,,248670,2601,1,1275,,0,0,0,1973-09-02,0.0104596453130655,309.0,111.77009732424165
la-fleche-wallone/2023/result,La Flèche Wallonne,225,400.0,194300,3092,3,915,14.0,0,0,0,2023-04-19,0.0159135357694287,123.0,245.3537320387969
tirreno-adriatico/2004/stage-5,Tirreno-Adriatico,50,,215000,3045,2,926,,1,0,0,2004-03-14,0.0141627906976744,292.0,266.7873062632793
tour-de-france/2017/stage-20,Tour de France,100,120.0,22500,160,1,1791,,1,0,0,2017-07-22,0.0071111111111111,154.5,64.56958712016774
tour-de-france/1990/stage-10,Tour de France,100,,118500,2501,5,1959,,1,0,0,1990-07-10,0.0211054852320675,607.0,354.00282181282483
tour-de-france/1982/stage-2,Tour de France,100,,246000,2500,3,1492,,1,0,0,1982-07-04,0.0101626016260162,39.5,70.59902640226115
gp-quebec/2016/result,Grand Prix Cycliste de Quebec,225,500.0,201600,2824,3,914,,0,0,0,2016-09-09,0.0140079365079365,62.0,137.04309069179502
giro-d-italia/2022/stage-14,Giro d'Italia,80,100.0,147000,3167,2,817,29.0,1,0,0,2022-05-21,0.0215442176870748,1899.0,671.7239222957688
giro-d-italia/2019/stage-9,Giro d'Italia,80,100.0,34800,723,3,896,,1,0,0,2019-05-19,0.0207758620689655,353.0,138.96633069353277
tour-de-france/1982/stage-6,Tour de France,100,,233000,1184,1,1492,,1,0,0,1982-07-08,0.0050815450643776,195.0,335.8251171022345
ronde-van-vlaanderen/1979/result,Ronde van Vlaanderen / Tour des Flandres,275,,267000,3682,3,492,,0,0,0,1979-04-01,0.0137902621722846,90.0,178.6763554586896
paris-nice/1980/stage-6,Paris - Nice,50,,143000,1132,1,1128,,1,0,0,1980-03-11,0.0079160839160839,235.0,63.66882895279118
paris-roubaix/2019/result,Paris-Roubaix,275,500.0,257000,1334,1,690,,0,0,0,2019-04-14,0.0051906614785992,711.0,469.8056347516965
vuelta-a-espana/2012/stage-10,Vuelta a España,80,16.0,166400,2240,1,852,,1,0,0,2012-08-28,0.0134615384615384,17.0,111.32600593951798
paris-nice/1981/stage-5,Paris - Nice,50,,175000,2275,2,821,,1,0,0,1981-03-16,0.013,5.0,1.5886502207249786
volta-a-catalunya/2017/stage-7,Volta Ciclista a Catalunya,50,50.0,138700,1774,2,883,,1,0,0,2017-03-26,0.012790194664744,192.0,181.42400387597544
itzulia-basque-country/2016/stage-2,Vuelta Ciclista al País Vasco,50,50.0,174200,3291,5,943,,1,0,0,2016-04-05,0.0188920780711825,237.0,283.0402626605899
vuelta-a-espana/2012/stage-14,Vuelta a España,80,16.0,152000,3951,5,852,,1,0,0,2012-09-01,0.0259934210526315,1059.0,556.4018110860277
vuelta-a-espana/1983/stage-1,Vuelta a España,80,,235000,928,1,705,,1,0,0,1983-04-20,0.0039489361702127,42.0,13.664876565143798
vuelta-a-espana/2018/stage-10,La Vuelta ciclista a España,80,100.0,177000,1306,1,1036,,1,0,0,2018-09-04,0.0073785310734463,0.0,85.59332206583491
giro-d-italia/1995/stage-11,Giro d'Italia,80,,175000,873,1,1365,,1,0,0,1995-05-24,0.0049885714285714,43.0,19.240004620004065
vuelta-a-espana/1996/stage-17,Vuelta a España,80,,165700,3535,4,988,,1,0,0,1996-09-24,0.0213337356668678,712.0,496.0117915764907
san-sebastian/1988/result,Clasica Ciclista San Sebastian,225,,244000,3540,3,731,,0,0,0,1988-08-13,0.0145081967213114,346.0,285.4985656158821
tour-de-romandie/2004/prologue,Tour de Romandie,50,,3400,46,2,507,,1,0,0,2004-04-27,0.0135294117647058,18.0,11.105593973607686
tour-de-france/1989/stage-21,Tour de France,100,,24500,200,1,1849,,1,0,0,1989-07-23,0.0081632653061224,174.5,64.76318414114179
vuelta-a-espana/1992/stage-19,Vuelta a España,80,,37900,294,1,1033,,1,0,0,1992-05-15,0.0077572559366754,125.0,17.33885389354604
vuelta-a-espana/2017/stage-19,Vuelta a España,80,100.0,149700,2484,2,899,,1,0,0,2017-09-08,0.0165931863727454,1011.0,360.8442009090326
tour-de-france/1983/stage-18,Tour de France,100,,247500,6589,4,1269,,1,0,0,1983-07-20,0.0266222222222222,1788.0,943.526322416578
tour-de-france/1984/stage-5,Tour de France,100,,207000,1843,1,1632,,1,0,0,1984-07-03,0.008903381642512,1062.0,174.2035856623777
volta-a-catalunya/2021/stage-3,Volta Ciclista a Catalunya,50,50.0,203100,3755,5,772,,1,0,0,2021-03-24,0.0184884293451501,611.0,372.9141654727185
tirreno-adriatico/2012/stage-4,Tirreno-Adriatico,50,6.0,251000,3470,3,1188,,1,0,0,2012-03-10,0.0138247011952191,195.0,373.76218744225537
tour-de-france/1979/stage-20,Tour de France,100,,240000,1949,2,1381,,1,0,0,1979-07-18,0.0081208333333333,31.0,156.56631498828537
tirreno-adriatico/2008/stage-6,Tirreno-Adriatico,50,,196000,1429,3,1136,,1,0,0,2008-03-17,0.0072908163265306,139.0,261.91740802227224
omloop-het-nieuwsblad/1975/result,Omloop Het Volk,125,,198000,1564,1,700,,0,0,0,1975-03-01,0.0078989898989898,140.0,31.66079439680558
vuelta-a-espana/1994/stage-11,Vuelta a España,80,,195300,4112,4,791,,1,0,0,1994-05-05,0.0210547875064004,25.5,14.702985335562904
vuelta-a-espana/2005/stage-11,Vuelta a España,80,,192600,4757,5,960,,1,0,0,2005-09-06,0.0246988577362409,813.0,617.867177982284
tour-de-france/2012/stage-9,Tour de France,100,20.0,41500,499,1,1703,,1,0,0,2012-07-09,0.0120240963855421,368.5,126.778741432141
tour-de-france/1987/stage-7,Tour de France,100,,211000,1894,1,1812,,1,0,0,1987-07-07,0.0089763033175355,0.0,80.26114013885353
tour-de-france/2009/stage-13,Tour de France,100,,200000,3019,4,1557,,1,0,0,2009-07-17,0.015095,1142.0,469.5365278052347
giro-d-italia/1999/stage-22,Giro d'Italia,80,,170000,1581,1,1057,,1,0,0,1999-06-06,0.0093,0.0,148.97400712070947
tirreno-adriatico/2023/stage-2,Tirreno-Adriatico,50,60.0,210000,1592,2,1044,14.0,1,0,0,2023-03-07,0.0075809523809523,0.0,71.3457277312179
dwars-door-vlaanderen/2019/result,Dwars door Vlaanderen - A travers la Flandre ME,225,300.0,182600,1213,2,680,,0,0,0,2019-04-03,0.0066429353778751,222.0,237.24991069300532
omloop-het-nieuwsblad/1971/result,Omloop Het Volk,125,,198000,1564,1,574,,0,0,0,1971-03-25,0.0078989898989898,235.0,179.36008097495662
vuelta-a-espana/1994/stage-13,Vuelta a España,80,,201600,969,1,791,,1,0,0,1994-05-07,0.0048065476190476,0.0,0.0
vuelta-a-espana/1982/stage-18,Vuelta a España,80,,184000,2687,3,523,,1,0,0,1982-05-08,0.0146032608695652,135.0,531.2537615300103
vuelta-a-espana/2017/stage-12,Vuelta a España,80,100.0,160100,2681,2,899,,1,0,0,2017-08-31,0.0167457838850718,923.0,359.0037397138348
giro-d-italia/1997/stage-9,Giro d'Italia,80,,232000,3181,3,792,,1,0,0,1997-05-25,0.0137112068965517,0.0,466.8317973247638
tour-de-france/2017/stage-7,Tour de France,100,120.0,213500,1578,1,1791,,1,0,0,2017-07-07,0.0073911007025761,0.0,50.919193717405975
san-sebastian/1986/result,Clasica Ciclista San Sebastian,225,,244000,3471,3,463,,0,0,0,1986-08-13,0.0142254098360655,475.0,177.53485359901657
dauphine/1977/stage-4a,Critérium du Dauphiné Libéré,50,,119000,2036,4,809,,1,0,0,1977-06-03,0.0171092436974789,0.0,0.0
tour-de-romandie/1988/stage-4a,Tour de Romandie,50,,89800,1747,4,439,,1,0,0,1988-05-14,0.0194543429844098,0.0,0.0
dauphine/1989/stage-1,Critérium du Dauphiné Libéré,50,,186000,1094,1,603,,1,0,0,1989-05-30,0.0058817204301075,7.0,3.1098316082352344
tour-de-suisse/1985/stage-10b,Tour de Suisse,50,,123500,1523,2,699,,1,0,0,1985-06-20,0.012331983805668,0.0,0.0
tour-de-suisse/2019/stage-1,Tour de Suisse,50,60.0,9500,52,1,802,,1,0,0,2019-06-15,0.0054736842105263,46.0,23.48810511540293
tour-de-france/1989/prologue,Tour de France,100,,7800,152,1,1849,,1,0,0,1989-07-01,0.0194871794871794,38.0,17.97424550607306
tirreno-adriatico/1993/stage-8,Tirreno-Adriatico,50,,161000,302,1,568,,1,0,0,1993-03-17,0.0018757763975155,0.0,0.0
uae-tour/2022/stage-5,UAE Tour,50,40.0,182000,544,1,621,,1,0,0,2022-02-24,0.0029890109890109,0.0,23.50826896386502
giro-d-italia/2004/stage-8,Giro d'Italia,80,,214000,2474,2,621,,1,0,0,2004-05-16,0.0115607476635514,0.0,132.95084063653553
tour-de-suisse/1978/stage-9b,Tour de Suisse,50,,20500,172,1,691,,1,0,0,1978-06-23,0.008390243902439,0.0,0.0
dauphine/2007/stage-2,Critérium du Dauphiné Libéré,50,,157000,2320,3,816,,1,0,0,2007-06-12,0.0147770700636942,33.0,352.94942297063915
vuelta-a-espana/1981/prologue,Vuelta a España,80,,6300,63,1,457,,1,0,0,1981-04-21,0.01,45.0,20.84400570523004
paris-nice/2023/stage-1,Paris - Nice,50,60.0,169400,1405,2,981,,1,0,0,2023-03-05,0.0082939787485242,6.0,187.53866103980351
gp-montreal/2014/result,Grand Prix Cycliste de Montréal,225,,205700,1886,2,709,,0,0,0,2014-09-14,0.0091686922702965,92.0,182.34808328974216
tour-de-france/1978/stage-12b,Tour de France,100,,96000,646,1,1241,,1,0,0,1978-07-12,0.0067291666666666,0.0,3.618136134933163
giro-d-italia/2016/stage-2,Giro d'Italia,80,100.0,190000,732,1,933,,1,0,0,2016-05-07,0.0038526315789473,0.0,25.98958365403932
tour-de-france/1997/stage-19,Tour de France,100,,172000,1776,1,1994,,1,0,0,1997-07-25,0.0103255813953488,1051.0,304.8077612990505
paris-nice/1988/stage-1,Paris - Nice,50,,194000,1372,1,1146,,1,0,0,1988-03-07,0.0070721649484536,132.0,34.08225344662527
tour-de-suisse/1998/stage-6,Tour de Suisse,50,,164000,2547,3,971,,1,0,0,1998-06-22,0.015530487804878,621.0,183.68383274862032
tour-de-romandie/1997/stage-5,Tour de Romandie,50,,69300,1300,4,922,,1,0,0,1997-05-11,0.0187590187590187,0.0,0.0
giro-d-italia/2019/stage-18,Giro d'Italia,80,100.0,222000,1478,2,896,,1,0,0,2019-05-30,0.0066576576576576,9.0,139.7897479905381
tirreno-adriatico/2000/stage-2,Tirreno-Adriatico,50,,189000,1455,1,1197,,1,0,0,2000-03-09,0.0076984126984126,0.0,0.0
giro-d-italia/2009/stage-4,Giro d'Italia,50,,165000,2685,5,975,,1,0,0,2009-05-12,0.0162727272727272,495.0,499.86795594047794
vuelta-a-espana/2003/stage-13,Vuelta a España,80,,53300,155,1,935,,1,0,0,2003-09-18,0.0029080675422138,393.0,137.18926427192233
vuelta-a-espana/2003/stage-14,Vuelta a España,80,,167400,910,1,935,,1,0,0,2003-09-19,0.0054360812425328,0.0,19.72145076383671
giro-d-italia/1991/stage-7,Giro d'Italia,80,,179000,1502,1,908,,1,0,0,1991-06-02,0.0083910614525139,0.0,0.0
paris-nice/2012/stage-6,Paris - Nice,50,6.0,176500,2225,1,1079,,1,0,0,2012-03-09,0.0126062322946175,14.0,317.1047145008152
giro-d-italia/2016/stage-14,Giro d'Italia,80,100.0,210000,6001,4,933,,1,0,0,2016-05-21,0.0285761904761904,1880.0,860.2714301404419
tour-de-suisse/1972/stage-8a,Tour de Suisse,50,,117000,1780,3,433,,1,0,0,1972-06-23,0.0152136752136752,0.0,0.0
tour-de-suisse/1992/stage-2,Tour de Suisse,50,,185000,1177,1,533,,1,0,0,1992-06-18,0.0063621621621621,42.0,15.427248620541512
volta-a-catalunya/1988/stage-1,Volta Ciclista a Catalunya,50,,156800,2999,4,343,,1,0,0,1988-09-02,0.019126275510204,0.0,0.0
tour-de-france/1995/stage-5,Tour de France,100,,264000,2194,1,1871,,1,0,0,1995-07-06,0.008310606060606,0.0,119.78776387588272
paris-nice/1981/stage-6,Paris - Nice,50,,175000,2286,2,821,,1,0,0,1981-03-17,0.0130628571428571,24.5,15.550696956219548
tour-de-france/2014/stage-10,Tour de France,100,20.0,161500,3906,5,1612,,1,0,0,2014-07-14,0.0241857585139318,1202.0,700.2686066848777
giro-d-italia/2023/stage-21,Giro d'Italia,80,180.0,126000,692,1,835,26.0,1,0,0,2023-05-28,0.0054920634920634,0.0,68.89903939216705
paris-nice/2008/prologue,Paris - Nice,30,,4600,48,1,775,,1,0,0,2008-03-09,0.0104347826086956,27.0,12.45564087469169
vuelta-a-espana/2011/stage-13,Vuelta a España,80,16.0,150000,3923,4,1170,,1,0,0,2011-09-02,0.0261533333333333,1110.0,644.0850316246512
vuelta-a-espana/2012/stage-9,Vuelta a España,80,16.0,194000,2442,3,852,,1,0,0,2012-08-26,0.0125876288659793,140.0,170.34491634331346
vuelta-a-espana/2014/stage-12,Vuelta a España,80,16.0,166400,1070,1,1175,,1,0,0,2014-09-04,0.0064302884615384,0.0,82.0027964082271
volta-a-catalunya/2011/stage-1,Volta Ciclista a Catalunya,50,6.0,166900,2231,2,732,,1,0,0,2011-03-21,0.0133672857998801,194.0,327.5734937854211
tirreno-adriatico/1984/stage-2,Tirreno-Adriatico,50,,180000,1064,1,541,,1,0,0,1984-03-10,0.0059111111111111,9.0,2.3196879921559237
giro-d-italia/2008/stage-12,Giro d'Italia,80,,169000,325,1,1058,,1,0,0,2008-05-22,0.0019230769230769,0.0,84.19040546916753
tour-de-romandie/1998/stage-4a,Tour de Romandie,50,,100400,1584,3,857,,1,0,0,1998-05-09,0.0157768924302788,401.0,144.14969018620206
giro-d-italia/2004/stage-4,Giro d'Italia,80,,184000,1936,2,621,,1,0,0,2004-05-12,0.0105217391304347,0.0,82.4001150124352
san-sebastian/2019/result,Clásica Ciclista San Sebastián,225,400.0,227300,3980,2,785,,0,0,0,2019-08-03,0.0175098988121425,359.0,306.6744282431641
tour-de-romandie/1983/stage-3,Tour de Romandie,50,,192500,1063,1,478,,1,0,0,1983-05-06,0.0055220779220779,5.0,5.167204273105526
tour-de-romandie/1993/stage-1,Tour de Romandie,50,,162900,288,1,551,,1,0,0,1993-05-05,0.0017679558011049,0.0,0.0
tour-de-france/2012/stage-4,Tour de France,100,20.0,214500,1698,1,1703,,1,0,0,2012-07-04,0.0079160839160839,0.0,77.91454999632475
dauphine/2003/prologue,Critérium du Dauphiné Libéré,50,,5100,66,2,572,,1,0,0,2003-06-08,0.0129411764705882,59.0,23.754827693953203
tour-de-suisse/1999/stage-5,Tour de Suisse,50,,29500,548,4,900,,1,0,0,1999-06-20,0.0185762711864406,204.5,86.59750093757265
dauphine/1993/stage-3,Critérium du Dauphiné Libéré,50,,43000,644,3,386,,1,0,0,1993-06-03,0.0149767441860465,103.5,41.36571312357883
tour-de-romandie/1975/stage-1,Tour de Romandie,50,,169000,1736,1,429,,1,0,0,1975-05-07,0.0102721893491124,1.0,0.408248290463863
world-championship/1977/result,World Championships - Road Race,350,,255000,3915,3,1212,,0,0,0,1977-09-04,0.0153529411764705,123.0,39.17387909092362
world-championship/2013/result,World Championships ME - Road Race,350,,272200,3923,2,1630,,0,0,0,2013-09-29,0.0144121969140337,121.0,268.23195043650685
vuelta-a-espana/2009/stage-16,Vuelta a España,80,,170300,2760,2,1220,,1,0,0,2009-09-15,0.0162066940692894,52.0,97.3073900388596
vuelta-a-espana/2012/stage-19,Vuelta a España,80,16.0,178400,1719,3,852,,1,0,0,2012-09-07,0.0096356502242152,245.0,154.5952192604345
tour-de-france/2000/stage-7,Tour de France,100,,205500,1997,1,1437,,1,0,0,2000-07-07,0.0097177615571776,71.0,18.82329872281801
vuelta-a-espana/1985/stage-18,Vuelta a España,80,,200000,4268,4,925,,1,0,0,1985-05-11,0.02134,1014.0,442.4490485853251
volta-a-catalunya/1996/stage-1,Volta Ciclista a Catalunya,50,,190000,5192,5,327,,1,0,0,1996-06-14,0.0273263157894736,11.0,4.6611496210134336
giro-d-italia/2020/stage-18,Giro d'Italia,80,100.0,207000,5848,4,765,,1,0,0,2020-10-22,0.0282512077294686,2825.0,941.3604048530073
tour-de-france/2017/stage-9,Tour de France,100,120.0,181500,4696,4,1791,,1,0,0,2017-07-09,0.0258732782369146,1630.0,668.5969713646176
tour-de-france/2002/stage-16,Tour de France,100,,179500,5161,5,1489,,1,0,0,2002-07-24,0.0287520891364902,1592.0,687.0115784476591
tour-de-suisse/2017/stage-9,Tour de Suisse,50,60.0,28600,416,2,855,,1,0,0,2017-06-18,0.0145454545454545,206.5,96.85286066350872
ronde-van-vlaanderen/1995/result,Ronde van Vlaanderen / Tour des Flandres,275,,261000,1743,2,780,,0,0,0,1995-04-02,0.0066781609195402,717.0,266.98274798064807
tirreno-adriatico/2010/stage-2,Tirreno-Adriatico,50,6.0,165000,2026,2,1176,,1,0,0,2010-03-11,0.0122787878787878,0.0,174.23735812375102
vuelta-a-espana/1982/stage-5,Vuelta a España,80,,230000,2084,1,523,,1,0,0,1982-04-25,0.0090608695652173,88.0,200.45725507227496
ronde-van-vlaanderen/1991/result,Ronde van Vlaanderen / Tour des Flandres,275,,261000,2179,1,782,,0,0,0,1991-04-07,0.0083486590038314,290.0,217.4543878603662
giro-d-italia/1993/stage-10,Giro d'Italia,80,,28000,524,4,1089,,1,0,0,1993-06-02,0.0187142857142857,88.0,30.217780952847708
tour-de-suisse/1975/stage-9b,Tour de Suisse,50,,20400,244,2,549,,1,0,0,1975-06-20,0.0119607843137254,27.0,34.50603811895343
tirreno-adriatico/2008/stage-1,Tirreno-Adriatico,50,,160000,1656,1,1136,,1,0,0,2008-03-12,0.01035,0.0,149.96514372686977
itzulia-basque-country/2001/stage-4,Vuelta al País Vasco,50,,182000,2379,2,898,,1,0,0,2001-04-12,0.0130714285714285,174.0,194.1011807164433
paris-nice/1996/stage-5,Paris - Nice,50,,162600,1949,2,766,,1,0,0,1996-03-14,0.0119864698646986,27.0,4.9295030175464944
tour-de-suisse/1988/stage-10,Tour de Suisse,50,,180500,1310,1,548,,1,0,0,1988-06-23,0.0072576177285318,0.0,0.0
vuelta-a-espana/2009/stage-5,Vuelta a España,80,,174000,1802,1,1220,,1,0,0,2009-09-03,0.0103563218390804,0.0,80.30058189124496
volta-a-catalunya/1981/stage-7a,Volta Ciclista a Catalunya,50,,36900,654,4,388,,1,0,0,1981-09-10,0.0177235772357723,193.0,84.05565049984672
giro-d-italia/2021/stage-21,Giro d'Italia,80,100.0,30300,24,1,885,,1,0,0,2021-05-30,0.0007920792079207,206.0,81.89325353104087
uae-tour/2020/stage-3,UAE Tour,50,40.0,184000,1555,5,747,,1,0,0,2020-02-25,0.0084510869565217,649.0,404.7875149306512
tirreno-adriatico/2003/stage-7,Tirreno-Adriatico,50,,162000,2964,4,882,,1,0,0,2003-03-19,0.0182962962962962,0.0,17.18389039882544
tour-de-suisse/2014/stage-6,Tour de Suisse,50,6.0,183500,2896,4,944,,1,0,0,2014-06-19,0.0157820163487738,107.0,503.5000617513072
san-sebastian/1987/result,Clasica Ciclista San Sebastian,225,,244000,3788,3,890,,0,0,0,1987-08-12,0.0155245901639344,213.0,202.1580840071732
paris-nice/2010/stage-4,Paris - Nice,30,6.0,173500,1306,3,1192,,1,0,0,2010-03-11,0.0075273775216138,289.0,240.47416810846383
volta-a-catalunya/2016/stage-2,Volta Ciclista a Catalunya,50,50.0,178700,2163,2,1045,,1,0,0,2016-03-22,0.0121040850587576,0.0,42.15599737509262
tirreno-adriatico/1994/stage-2,Tirreno-Adriatico,50,,186500,2061,2,727,,1,0,0,1994-03-10,0.0110509383378016,3.0,4.08248290463863
tirreno-adriatico/2005/stage-7,Tirreno-Adriatico,50,,164000,1437,1,1040,,1,0,0,2005-03-15,0.0087621951219512,0.0,32.66983836006388
giro-d-italia/2000/stage-16,Giro d'Italia,80,,102000,527,1,866,,1,0,0,2000-05-30,0.0051666666666666,0.0,51.97733759892774
tour-de-suisse/2012/stage-2,Tour de Suisse,50,6.0,194700,1899,1,917,,1,0,0,2012-06-11,0.0097534668721109,3.0,227.54594182858727
dauphine/2004/stage-1,Critérium du Dauphiné Libéré,50,,231000,4072,4,737,,1,0,0,2004-06-07,0.0176277056277056,0.0,13.20142945470974
itzulia-basque-country/2011/stage-1,Vuelta Ciclista al País Vasco,50,6.0,149500,2975,4,935,,1,0,0,2011-04-04,0.0198996655518394,254.0,377.280317599492
ronde-van-vlaanderen/1988/result,Ronde van Vlaanderen / Tour des Flandres,275,,279000,2157,1,940,,0,0,0,1988-04-03,0.0077311827956989,556.0,173.26518489641464
giro-d-italia/1995/stage-6,Giro d'Italia,80,,165000,886,1,1365,,1,0,0,1995-05-18,0.0053696969696969,0.0,0.0
vuelta-a-espana/2002/stage-14,Vuelta a España,80,,190200,2003,2,1084,,1,0,0,2002-09-21,0.0105310199789695,159.0,340.1917199855828
vuelta-a-espana/1987/stage-11,Vuelta a España,80,,179000,4500,5,838,,1,0,0,1987-05-04,0.0251396648044692,99.0,32.61628768303073
giro-d-italia/2021/stage-3,Giro d'Italia,80,100.0,190000,1870,2,885,,1,0,0,2021-05-10,0.0098421052631578,4.0,340.99509274428874
tour-de-suisse/1976/stage-2,Tour de Suisse,50,,155000,2588,3,377,,1,0,0,1976-06-11,0.0166967741935483,14.0,14.585952145814822
tour-de-france/2022/stage-19,Tour de France,100,120.0,188300,1316,3,1551,30.0,1,0,0,2022-07-22,0.0069888475836431,146.0,200.05281977330117
tour-de-france/2004/stage-3,Tour de France,100,,210000,1615,1,1555,,1,0,0,2004-07-06,0.0076904761904761,134.0,229.43814039859345
tour-de-suisse/1986/stage-11,Tour de Suisse,50,,170000,2287,2,835,,1,0,0,1986-06-20,0.0134529411764705,45.0,265.8287878399261
paris-nice/1989/stage-1,Paris - Nice,50,,167000,2134,2,794,,1,0,0,1989-03-06,0.0127784431137724,0.0,0.0
vuelta-a-espana/1991/stage-5,Vuelta a España,80,,227800,1749,1,1042,,1,0,0,1991-05-03,0.0076777875329236,0.0,0.0
tour-de-france/2017/stage-14,Tour de France,100,120.0,181500,1786,1,1791,,1,0,0,2017-07-15,0.0098402203856749,126.0,348.96032041146873
tour-de-france/2005/stage-21,Tour de France,100,,144000,851,1,1535,,1,0,0,2005-07-24,0.0059097222222222,20.0,9.07438807940568
tour-de-france/1984/stage-8,Tour de France,100,,192000,1277,1,1632,,1,0,0,1984-07-06,0.0066510416666666,44.0,166.63001705625786
dauphine/2015/stage-1,Critérium du Dauphiné,50,6.0,132000,1519,2,997,,1,0,0,2015-06-07,0.0115075757575757,2.0,168.04950243409266
uae-tour/2023/stage-7,UAE Tour,50,40.0,153000,1378,5,530,32.0,1,0,0,2023-02-26,0.0090065359477124,466.0,365.3047186665726
volta-a-catalunya/2008/prologue,Volta Ciclista a Catalunya,50,,3700,33,1,616,,1,0,0,2008-05-19,0.0089189189189189,20.5,8.74566437759996
il-lombardia/1993/result,Giro di Lombardia,275,,242000,2317,1,701,,0,0,0,1993-10-09,0.0095743801652892,604.0,267.7770544820289
tour-de-france/1980/stage-11,Tour de France,100,,51000,721,3,1224,,1,0,0,1980-07-08,0.0141372549019607,377.5,165.60109702198798
tour-de-suisse/1972/stage-6b,Tour de Suisse,50,,234000,2678,2,433,,1,0,0,1972-06-21,0.0114444444444444,0.0,0.0
dauphine/2013/stage-5,Critérium du Dauphiné,50,6.0,139000,2447,5,985,,1,0,0,2013-06-06,0.0176043165467625,865.0,434.6585406054097
vuelta-a-espana/1986/stage-7,Vuelta a España,80,,180000,3500,4,843,,1,0,0,1986-04-29,0.0194444444444444,0.0,0.0
giro-d-italia/2008/stage-6,Giro d'Italia,80,,232000,2387,3,1058,,1,0,0,2008-05-15,0.0102887931034482,717.0,196.61944087775072
tour-de-suisse/2001/prologue,Tour de Suisse,50,,7900,58,1,873,,1,0,0,2001-06-19,0.0073417721518987,30.0,14.694651426343391
tour-de-suisse/1985/stage-9,Tour de Suisse,50,,135500,820,1,699,,1,0,0,1985-06-19,0.0060516605166051,28.0,15.532224567009068
vuelta-a-espana/2013/stage-21,Vuelta a España,80,16.0,109600,741,1,1128,,1,0,0,2013-09-15,0.0067609489051094,3.0,27.72197619683641
tour-de-france/1995/stage-14,Tour de France,100,,159000,3500,5,1871,,1,0,0,1995-07-16,0.0220125786163522,1685.0,593.5300704473144
dauphine/2022/stage-1,Critérium du Dauphiné,50,60.0,191800,2473,4,789,25.0,1,0,0,2022-06-05,0.0128936392075078,0.0,184.45294954547757
tour-de-suisse/2019/stage-5,Tour de Suisse,50,60.0,177000,2705,4,802,,1,0,0,2019-06-19,0.0152824858757062,0.0,102.28333365939056
tirreno-adriatico/1987/stage-4,Tirreno-Adriatico,50,,181000,3304,4,438,,1,0,0,1987-03-16,0.0182541436464088,0.0,0.0
tour-de-france/1996/stage-20,Tour de France,100,,63500,640,1,1872,,1,0,0,1996-07-20,0.0100787401574803,603.0,208.2608531864815
tour-de-france/2018/stage-2,Tour de France,100,120.0,182500,1395,1,1689,,1,0,0,2018-07-08,0.0076438356164383,0.0,90.33962446431396
giro-d-italia/1999/stage-16,Giro d'Italia,80,,232000,2104,1,1057,,1,0,0,1999-05-31,0.0090689655172413,160.0,229.74476858502132
tour-de-france/2002/stage-5,Tour de France,100,,195000,1503,1,1489,,1,0,0,2002-07-11,0.0077076923076923,33.0,129.57084161366993
itzulia-basque-country/2023/stage-3,Itzulia Basque Country,50,50.0,162800,2799,3,719,13.0,1,0,0,2023-04-05,0.0171928746928746,693.0,464.1462318214466
giro-d-italia/2007/stage-16,Giro d'Italia,80,,189000,3309,2,844,,1,0,0,2007-05-29,0.0175079365079365,490.0,125.4368224005401
itzulia-basque-country/2008/stage-3,Vuelta Ciclista al País Vasco,50,,195000,2517,2,838,,1,0,0,2008-04-09,0.0129076923076923,0.0,222.59352354490895
volta-a-catalunya/1981/stage-3,Volta Ciclista a Catalunya,50,,155500,2414,3,388,,1,0,0,1981-09-06,0.015524115755627,64.5,67.20283515322534
vuelta-a-espana/1982/stage-16,Vuelta a España,80,,176000,2360,2,523,,1,0,0,1982-05-06,0.0134090909090909,3.0,578.412219129312
volta-a-catalunya/2014/stage-3,Volta Ciclista a Catalunya,50,6.0,162900,3545,5,896,,1,0,0,2014-03-26,0.0217618170656844,273.0,439.649722503814
tirreno-adriatico/2011/stage-2,Tirreno-Adriatico,50,6.0,202000,1783,1,1216,,1,0,0,2011-03-10,0.0088267326732673,0.0,31.80248301396198
vuelta-a-espana/1989/stage-1,Vuelta a España,80,,20100,588,5,803,,1,0,0,1989-04-24,0.0292537313432835,15.0,12.27017299369717
paris-nice/2008/stage-3,Paris - Nice,30,,164500,3082,4,775,,1,0,0,2008-03-12,0.0187355623100303,1026.0,452.7036065540229
vuelta-a-espana/2003/stage-9,Vuelta a España,80,,174800,4201,5,935,,1,0,0,2003-09-14,0.024033180778032,1632.0,598.8200673533039
paris-nice/2016/stage-1,Paris - Nice,50,60.0,195000,935,1,1109,,1,0,0,2016-03-07,0.0047948717948717,88.0,211.75835287762004
paris-roubaix/1994/result,Paris - Roubaix,275,,270000,2765,1,391,,0,0,0,1994-04-10,0.0102407407407407,684.0,349.8317158537892
tour-de-france/2000/stage-2,Tour de France,100,,194000,1383,1,1437,,1,0,0,2000-07-02,0.0071288659793814,0.0,94.28944642849596
paris-nice/2003/stage-6,Paris - Nice,50,,194500,3511,4,831,,1,0,0,2003-03-15,0.018051413881748,471.0,695.434618570545
volta-a-catalunya/2005/stage-5,Volta Ciclista a Catalunya,50,,17100,448,5,850,,1,0,0,2005-05-20,0.0261988304093567,303.0,127.00881109292416
tour-de-france/2000/stage-15,Tour de France,100,,173500,5231,5,1437,,1,0,0,2000-07-16,0.0301498559077809,2156.0,784.7965952146877
tour-de-france/1995/stage-19,Tour de France,100,,46000,1097,1,1871,,1,0,0,1995-07-22,0.0238478260869565,428.0,147.07993903595147
dauphine/1990/stage-8,Critérium du Dauphiné Libéré,50,,37800,421,2,637,,1,0,0,1990-06-06,0.0111375661375661,81.0,30.69219951569309
tour-de-france/1996/stage-8,Tour de France,100,,30500,1556,5,1872,,1,0,0,1996-07-07,0.0510163934426229,486.0,177.4411231835384
tour-de-france/1981/stage-9,Tour de France,100,,196500,1781,1,1362,,1,0,0,1981-07-05,0.0090636132315521,156.0,32.51284449984751
tour-de-france/2022/stage-1,Tour de France,100,120.0,13200,21,1,1551,,1,0,0,2022-07-01,0.001590909090909,66.0,31.01647213198105
tour-de-france/2022/stage-18,Tour de France,100,120.0,143200,4036,5,1551,27.0,1,0,0,2022-07-21,0.0281843575418994,1943.0,674.3961074846359
volta-a-catalunya/2000/stage-2,Volta a Catalunya,50,,160000,2150,2,697,,1,0,0,2000-06-16,0.0134375,0.0,21.97819184934345
tour-de-france/2001/stage-7,Tour de France,100,,162000,3300,2,1496,,1,0,0,2001-07-14,0.0203703703703703,650.0,449.482910665711
dauphine/1987/stage-3b,Critérium du Dauphiné Libéré,50,,32000,420,2,505,,1,0,0,1987-05-28,0.013125,59.5,24.999777776790115
dauphine/2006/stage-6,Critérium du Dauphiné Libéré,50,,169000,4000,5,800,,1,0,0,2006-06-10,0.0236686390532544,1673.0,799.1205140309817
liege-bastogne-liege/1971/result,Liège - Bastogne - Liège,275,,251000,3530,3,447,,0,0,0,1971-04-25,0.0140637450199203,414.0,356.96375381607237
tour-de-france/1982/stage-18,Tour de France,100,,233000,2500,2,1492,,1,0,0,1982-07-22,0.0107296137339055,631.0,132.6370279271698
il-lombardia/2003/result,Giro di Lombardia,275,,249000,4113,3,1100,,0,0,0,2003-10-18,0.0165180722891566,300.0,283.240220097185
world-championship/2005/result,World Championships ME - Road Race,350,,273000,3404,2,1110,,0,0,0,2005-09-25,0.0124688644688644,36.0,328.68314235865114
giro-d-italia/2006/stage-14,Giro d'Italia,80,,189000,496,1,997,,1,0,0,2006-05-22,0.0026243386243386,0.0,20.37981537629364
tour-de-france/2023/stage-17,Tour de France,100,210.0,165700,5399,4,1584,24.0,1,0,0,2023-07-19,0.0325829812914906,2193.0,762.608742887728
tour-de-suisse/1989/stage-2,Tour de Suisse,50,,197500,1314,1,604,,1,0,0,1989-06-15,0.006653164556962,7.0,2.2135943621178655
tour-de-france/1985/stage-11,Tour de France,100,,195000,3500,5,1470,,1,0,0,1985-07-09,0.0179487179487179,1007.0,550.2117465065506
tour-de-france/2002/stage-10,Tour de France,100,,147000,1183,1,1489,,1,0,0,2002-07-17,0.008047619047619,237.0,44.37229013493066
tour-de-france/2023/stage-14,Tour de France,100,210.0,151800,4281,4,1584,28.0,1,0,0,2023-07-15,0.0282015810276679,1956.0,634.7252152286476
vuelta-a-espana/1996/stage-21,Vuelta a España,80,,43000,591,3,988,,1,0,0,1996-09-28,0.0137441860465116,370.0,139.68600071164303
vuelta-a-espana/1998/stage-6,Vuelta a España,80,,202000,1959,1,1309,,1,0,0,1998-09-10,0.0096980198019801,286.0,382.0594458890745
tour-de-france/2010/stage-6,Tour de France,100,20.0,227500,2345,1,1685,,1,0,0,2010-07-09,0.0103076923076923,3.0,65.89098730754482
tour-de-suisse/1979/stage-1,Tour de Suisse,50,,180000,970,1,538,,1,0,0,1979-06-14,0.0053888888888888,0.0,0.0
tour-de-france/1991/stage-22,Tour de France,100,,178000,2412,1,1933,,1,0,0,1991-07-28,0.0135505617977528,0.0,0.0
tour-de-romandie/1973/stage-1,Tour de Romandie,50,,192500,4935,5,352,,1,0,0,1973-05-09,0.0256363636363636,91.0,37.99839177883425
san-sebastian/2023/result,Donostia San Sebastian Klasikoa,225,400.0,230300,4057,2,787,24.0,0,0,0,2023-07-29,0.0176161528441163,669.5,389.1570497039062
volta-a-catalunya/1984/stage-4b,Volta Ciclista a Catalunya,50,,92000,2028,4,319,,1,0,0,1984-09-09,0.0220434782608695,0.0,17.28711787558714
tour-de-suisse/2022/stage-4,Tour de Suisse,50,60.0,190800,2062,2,767,29.0,1,0,0,2022-06-15,0.0108071278825995,171.0,269.2623917211435
dauphine/1984/stage-7a,Critérium du Dauphiné Libéré,50,,104000,1828,4,529,,1,0,0,1984-06-04,0.017576923076923,0.0,0.0
paris-nice/2005/stage-1,Paris - Nice,50,,186500,1516,1,1091,,1,0,0,2005-03-07,0.0081286863270777,58.0,59.919386135918465
vuelta-a-espana/1996/stage-12,Vuelta a España,80,,191700,1935,1,988,,1,0,0,1996-09-19,0.010093896713615,598.0,355.1964310036083
paris-nice/2022/stage-7,Paris - Nice,50,60.0,155200,3582,5,1182,,1,0,0,2022-03-12,0.0230798969072164,1088.0,571.018572454276
itzulia-basque-country/2011/stage-2,Vuelta Ciclista al País Vasco,50,6.0,167000,2997,4,935,,1,0,0,2011-04-05,0.0179461077844311,270.0,378.4451708041505
paris-roubaix/1988/result,Paris - Roubaix,275,,266000,3050,2,611,,0,0,0,1988-04-10,0.0114661654135338,315.0,244.2592020965798
vuelta-a-espana/2007/stage-1,Vuelta a España,80,,146400,2160,2,995,,1,0,0,2007-09-01,0.0147540983606557,0.0,34.980251868952635
tour-de-suisse/1979/stage-4,Tour de Suisse,50,,196000,1129,1,538,,1,0,0,1979-06-17,0.0057602040816326,0.0,0.0
liege-bastogne-liege/2018/result,Liège - Bastogne - Liège,275,500.0,258500,4109,3,1168,,0,0,0,2018-04-22,0.0158955512572533,558.0,351.45871519591265
giro-d-italia/2000/stage-11,Giro d'Italia,80,,42000,23,1,866,,1,0,0,2000-05-24,0.000547619047619,339.0,118.07317502151312
itzulia-basque-country/2021/stage-2,Itzulia Basque Country,50,50.0,154800,2616,3,936,,1,0,0,2021-04-06,0.0168992248062015,267.0,280.03850265842937
tour-de-suisse/1982/stage-5,Tour de Suisse,50,,141000,1397,1,657,,1,0,0,1982-06-21,0.0099078014184397,0.0,0.0
milano-sanremo/1993/result,Milano-Sanremo,275,,297000,3166,2,1704,,0,0,0,1993-03-20,0.0106599326599326,94.0,139.03558207078146
tour-de-romandie/2012/stage-5,Tour de Romandie,50,6.0,16500,586,2,727,,1,0,0,2012-04-29,0.0355151515151515,156.0,75.32394071219059
tour-de-france/2003/stage-18,Tour de France,100,,202500,1678,1,1688,,1,0,0,2003-07-25,0.0082864197530864,1445.0,444.56636366315456
e3-harelbeke/1972/result,E3-Prijs Harelbeke,125,,226000,1502,1,394,,0,0,0,1972-03-25,0.006646017699115,0.0,40.53146925538229
vuelta-a-espana/1981/stage-16,Vuelta a España,80,,209000,2357,2,457,,1,0,0,1981-05-07,0.0112775119617224,508.0,73.79202053800918
vuelta-a-espana/2014/stage-14,Vuelta a España,80,16.0,200800,4198,5,1175,,1,0,0,2014-09-06,0.020906374501992,906.0,517.7072825913574
dauphine/2008/stage-4,Critérium du Dauphiné Libéré,50,,31000,459,3,644,,1,0,0,2008-06-11,0.0148064516129032,241.5,91.92020199856692
dauphine/2011/prologue,Critérium du Dauphiné,50,6.0,5400,58,2,958,,1,0,0,2011-06-05,0.0107407407407407,29.0,14.445962926424208
omloop-het-nieuwsblad/1972/result,Omloop Het Volk,125,,198000,1426,1,502,,0,0,0,1972-03-04,0.0072020202020202,0.0,8.262364471909157
vuelta-a-espana/2014/stage-16,Vuelta a España,80,16.0,160500,4908,5,1175,,1,0,0,2014-09-08,0.0305794392523364,1610.0,684.0735677210288
paris-nice/2012/stage-7,Paris - Nice,50,6.0,219500,3382,2,1079,,1,0,0,2012-03-10,0.0154077448747152,564.0,218.2224213768394
volta-a-catalunya/1996/stage-2,Volta Ciclista a Catalunya,50,,147100,1910,2,327,,1,0,0,1996-06-15,0.0129843643779741,0.0,0.0
dauphine/1983/stage-2b,Critérium du Dauphiné Libéré,50,,75000,1350,4,621,,1,0,0,1983-06-01,0.018,95.0,42.485291572496
tour-de-suisse/1977/stage-9a,Tour de Suisse,50,,149000,2375,3,627,,1,0,0,1977-06-24,0.0159395973154362,164.5,177.4673678924288
vuelta-a-espana/2018/stage-5,La Vuelta ciclista a España,80,100.0,188700,3178,4,1036,,1,0,0,2018-08-29,0.0168415474297827,295.0,363.9385035296426
tour-de-france/1981/stage-16,Tour de France,100,,199500,5000,4,1362,,1,0,0,1981-07-12,0.025062656641604,1665.0,674.6899587458273
il-lombardia/1973/result,Giro di Lombardia,275,,266000,3218,2,544,,0,0,0,1973-10-13,0.0120977443609022,0.0,0.0
vuelta-a-espana/2017/stage-9,Vuelta a España,80,100.0,174000,2041,3,899,,1,0,0,2017-08-27,0.0117298850574712,581.0,455.6829155846495
tour-de-france/1997/stage-9,Tour de France,100,,182000,5000,4,1994,,1,0,0,1997-07-14,0.0274725274725274,1677.0,695.6733252715097
vuelta-a-espana/1982/stage-15a,Vuelta a España,80,,119000,1122,1,523,,1,0,0,1982-05-05,0.0094285714285714,0.0,37.45130171302461
tour-de-france/2002/stage-15,Tour de France,100,,226500,4619,5,1489,,1,0,0,2002-07-23,0.0203929359823399,1122.0,445.5228042907362
vuelta-a-espana/2022/stage-17,La Vuelta ciclista a España,80,100.0,162300,2755,1,968,27.0,1,0,0,2022-09-07,0.0169747381392483,870.0,368.36396765479174
tour-de-france/1996/stage-14,Tour de France,100,,186500,3000,3,1872,,1,0,0,1996-07-14,0.0160857908847185,299.0,167.25638545580452
vuelta-a-espana/1998/stage-10,Vuelta a España,80,,200000,4219,4,1309,,1,0,0,1998-09-15,0.021095,1580.0,649.3516860938519
itzulia-basque-country/2013/stage-6,Vuelta Ciclista al País Vasco,50,6.0,24000,437,2,927,,1,0,0,2013-04-06,0.0182083333333333,164.0,91.76496780781969
dwars-door-vlaanderen/2003/result,Dwars door Vlaanderen,75,,200000,2131,2,526,,0,0,0,2003-03-26,0.010655,47.0,44.71471045987656
dauphine/2007/stage-1,Critérium du Dauphiné Libéré,50,,219000,3273,3,816,,1,0,0,2007-06-11,0.014945205479452,0.0,35.62998914670389
dauphine/2006/stage-3,Critérium du Dauphiné Libéré,30,,43000,355,1,800,,1,0,0,2006-06-07,0.0082558139534883,311.0,113.81390231692936
tour-de-france/2002/stage-17,Tour de France,100,,142000,4000,4,1489,,1,0,0,2002-07-25,0.028169014084507,852.0,456.23839697967895
tour-de-france/1984/prologue,Tour de France,100,,5400,73,1,1632,,1,0,0,1984-06-29,0.0135185185185185,34.5,14.274916236313842
tour-de-france/1987/stage-6,Tour de France,100,,169000,2646,4,1812,,1,0,0,1987-07-06,0.0156568047337278,157.0,213.08319596728956
paris-nice/1996/stage-7,Paris - Nice,50,,193700,2981,3,766,,1,0,0,1996-03-16,0.0153897780072276,0.0,0.0
e3-harelbeke/1973/result,E3-Prijs Harelbeke,125,,226000,1436,1,480,,0,0,0,1973-03-24,0.0063539823008849,22.0,9.838699100999074
san-sebastian/2009/result,Clasica Ciclista San Sebastian,225,,237000,4227,2,864,,0,0,0,2009-08-01,0.0178354430379746,0.0,0.0
paris-nice/2015/stage-4,Paris - Nice,50,6.0,204000,3295,5,1225,,1,0,0,2015-03-12,0.0161519607843137,843.5,564.0034083440062
vuelta-a-espana/2008/stage-2,Vuelta a España,80,,167300,2224,3,1101,,1,0,0,2008-08-31,0.0132934847579199,2.0,158.46613895737144
milano-sanremo/1997/result,Milano-Sanremo,275,,294000,2658,1,1530,,0,0,0,1997-03-22,0.0090408163265306,187.0,225.4561179701384
tour-de-suisse/1997/stage-3,Tour de Suisse,50,,183200,2684,3,1161,,1,0,0,1997-06-20,0.014650655021834,417.0,406.3684514091291
itzulia-basque-country/2015/stage-4,Vuelta Ciclista al País Vasco,50,6.0,162200,3498,3,970,,1,0,0,2015-04-09,0.0215659679408138,739.0,520.4412735699347
tour-de-romandie/1983/stage-5a,Tour de Romandie,50,,85100,1665,4,478,,1,0,0,1983-05-08,0.0195652173913043,0.0,0.0
giro-d-italia/2021/stage-1,Giro d'Italia,80,100.0,8600,48,1,885,,1,0,0,2021-05-08,0.0055813953488372,52.0,19.557115214772285
tour-de-france/1984/stage-19,Tour de France,100,,186000,5500,4,1632,,1,0,0,1984-07-18,0.0295698924731182,718.0,512.6677790914259
giro-d-italia/2020/stage-9,Giro d'Italia,80,100.0,208000,4544,5,765,,1,0,0,2020-10-11,0.0218461538461538,973.0,683.1424660572768
paris-nice/2005/prologue,Paris - Nice,50,,4000,50,1,1091,,1,0,0,2005-03-06,0.0125,18.0,8.392761445903384
paris-nice/2005/stage-7,Paris - Nice,50,,135000,2160,4,1091,,1,0,0,2005-03-13,0.016,115.0,375.8346897563485
vuelta-a-espana/1982/stage-11,Vuelta a España,80,,143000,1178,1,523,,1,0,0,1982-05-01,0.0082377622377622,54.0,63.96736652068644
tour-de-france/1989/stage-10,Tour de France,100,,136000,4750,5,1849,,1,0,0,1989-07-11,0.0349264705882352,1304.5,520.3044316278177
paris-roubaix/2002/result,Paris - Roubaix,275,,261000,2171,1,565,,0,0,0,2002-04-14,0.0083180076628352,551.0,325.7658593559969
tour-de-france/2021/stage-17,Tour de France,100,120.0,178400,4375,5,1646,,1,0,0,2021-07-14,0.0245235426008968,1739.0,618.8399732878039
tour-de-romandie/2018/stage-2,Tour de Romandie,50,60.0,173900,2195,2,566,,1,0,0,2018-04-26,0.0126221966647498,124.0,324.79008429621564
volta-a-catalunya/2023/stage-6,Volta Ciclista a Catalunya,50,50.0,174100,2534,2,704,18.0,1,0,0,2023-03-25,0.0145548535324526,295.0,318.2908529464069
paris-nice/2017/stage-4,Paris - Nice,50,60.0,14500,333,3,1158,,1,0,0,2017-03-08,0.0229655172413793,152.5,69.6203788573816
paris-roubaix/1974/result,Paris - Roubaix,275,,274000,2517,1,681,,0,0,0,1974-04-07,0.0091861313868613,266.0,110.5364541330492
volta-a-catalunya/1994/stage-3,Volta Ciclista a Catalunya,50,,217500,2230,1,379,,1,0,0,1994-09-10,0.0102528735632183,0.0,0.0
giro-d-italia/2020/stage-3,Giro d'Italia,80,100.0,150000,3516,5,765,,1,0,0,2020-10-05,0.02344,973.5,608.7079687903466
vuelta-a-espana/2018/stage-19,La Vuelta ciclista a España,80,100.0,154400,3183,5,1036,,1,0,0,2018-09-14,0.0206152849740932,1081.0,471.2845313070725
vuelta-a-espana/2006/stage-4,Vuelta a España,80,,142000,1005,1,1026,,1,0,0,2006-08-29,0.0070774647887323,0.0,44.770025383083954
tour-de-suisse/1994/stage-7,Tour de Suisse,50,,186500,1065,1,616,,1,0,0,1994-06-21,0.005710455764075,0.0,0.0
il-lombardia/1996/result,Giro di Lombardia,275,,250000,1565,1,741,,0,0,0,1996-10-19,0.00626,726.0,239.9727725073531
vuelta-a-espana/2002/stage-18,Vuelta a España,80,,193700,3989,5,1084,,1,0,0,2002-09-25,0.020593701600413,1184.0,561.3202588831231
tirreno-adriatico/2018/stage-6,Tirreno-Adriatico,50,60.0,153000,1933,2,1196,,1,0,0,2018-03-12,0.0126339869281045,0.0,132.67255948302096
tour-de-france/2017/stage-5,Tour de France,100,120.0,160500,2348,5,1791,,1,0,0,2017-07-05,0.0146292834890965,626.0,356.0704012476094
tour-de-suisse/1978/stage-7,Tour de Suisse,50,,191500,2869,3,691,,1,0,0,1978-06-21,0.0149817232375979,0.0,0.0
tour-de-suisse/2018/stage-8,Tour de Suisse,50,60.0,123000,824,3,956,,1,0,0,2018-06-16,0.0066991869918699,23.0,135.67478099237107
tour-de-suisse/1983/stage-6,Tour de Suisse,50,,177500,2077,2,809,,1,0,0,1983-06-20,0.0117014084507042,421.0,172.30167342967587
dauphine/2012/stage-5,Critérium du Dauphiné,50,6.0,186500,3216,4,1117,,1,0,0,2012-06-08,0.0172439678284182,543.0,437.2557099083605
tour-de-france/2014/stage-20,Tour de France,100,20.0,54000,611,3,1612,,1,0,0,2014-07-26,0.0113148148148148,435.0,144.10286674386697
omloop-het-nieuwsblad/1973/result,Omloop Het Volk,125,,198000,1388,1,473,,0,0,0,1973-03-03,0.007010101010101,63.0,37.99436048378007
strade-bianche/2014/result,Strade Bianche,75,,197000,3103,3,651,,0,0,0,2014-03-08,0.0157512690355329,735.0,359.5160884046528
paris-nice/2002/stage-7,Paris - Nice,50,,157000,2545,3,883,,1,0,0,2002-03-17,0.0162101910828025,0.0,2.8659359630995693
tour-de-suisse/2007/stage-5,Tour de Suisse,50,,95000,2298,5,1089,,1,0,0,2007-06-21,0.0241894736842105,635.0,466.72436055895656
tour-de-france/2017/stage-6,Tour de France,100,120.0,216000,1735,1,1791,,1,0,0,2017-07-06,0.0080324074074074,0.0,57.43138310427937
volta-a-catalunya/1995/stage-5,Volta Ciclista a Catalunya,50,,163300,2639,3,737,,1,0,0,1995-06-20,0.0161604409063074,0.0,0.0
tour-de-suisse/2016/stage-8,Tour de Suisse,50,60.0,16800,260,2,680,,1,0,0,2016-06-18,0.0154761904761904,124.0,62.88331213866913
paris-nice/1996/stage-4,Paris - Nice,50,,162600,1474,1,766,,1,0,0,1996-03-13,0.0090651906519065,86.5,43.06809630736225
dauphine/2008/stage-6,Critérium du Dauphiné Libéré,50,,125000,2549,4,644,,1,0,0,2008-06-13,0.020392,537.0,426.5005974162952
tour-de-france/2000/stage-11,Tour de France,100,,218500,2632,1,1437,,1,0,0,2000-07-11,0.012045766590389,379.0,210.50741749552495
tour-de-france/2002/stage-8,Tour de France,100,,217500,2436,1,1489,,1,0,0,2002-07-14,0.0112,115.0,72.56904480004245
itzulia-basque-country/2017/stage-6,Vuelta al País Vasco,50,50.0,27700,522,2,811,,1,0,0,2017-04-08,0.0188447653429602,183.0,82.3293476520639
giro-d-italia/2023/stage-7,Giro d'Italia,80,180.0,218000,4143,5,835,14.0,1,0,0,2023-05-12,0.0190045871559633,524.0,673.1306935264772
omloop-het-nieuwsblad/2011/result,Omloop Het Nieuwsblad ME,125,,203000,1660,2,599,,0,0,0,2011-02-26,0.0081773399014778,641.0,268.4728059814371
tirreno-adriatico/1970/stage-5b,Tirreno-Adriatico,50,,18000,186,1,455,,1,0,0,1970-03-15,0.0103333333333333,35.0,18.947295321496416
paris-nice/1985/stage-4a,Paris - Nice,50,,98000,1617,3,815,,1,0,0,1985-03-07,0.0165,76.0,26.7329384841996
dwars-door-vlaanderen/2023/result,Dwars door Vlaanderen - A travers la Flandre ME,225,300.0,183700,1459,2,866,15.0,0,0,0,2023-03-29,0.0079422972237343,212.0,162.0274224500643
giro-d-italia/2011/stage-10,Giro d'Italia,80,16.0,159000,1207,3,891,,1,0,0,2011-05-17,0.0075911949685534,0.0,56.644296050748245
vuelta-a-espana/2003/stage-19,Vuelta a España,80,,164000,2579,4,935,,1,0,0,2003-09-24,0.0157256097560975,621.0,485.8795354160041
tour-de-suisse/2006/stage-9,Tour de Suisse,30,,30700,287,1,972,,1,0,0,2006-06-18,0.0093485342019543,219.5,93.7755780268398
tour-de-france/2015/stage-6,Tour de France,100,20.0,191500,1694,3,1812,,1,0,0,2015-07-09,0.0088459530026109,2.0,106.30384749831836
giro-d-italia/2015/stage-14,Giro d'Italia,80,16.0,59400,593,3,861,,1,0,0,2015-05-23,0.0099831649831649,383.0,180.1913135660334
giro-d-italia/1992/stage-17,Giro d'Italia,80,,200000,1809,1,953,,1,0,0,1992-06-10,0.009045,32.0,25.741757811736463
itzulia-basque-country/2004/stage-2,Vuelta al País Vasco,50,,180000,2520,3,1020,,1,0,0,2004-04-06,0.014,121.0,325.3564663402321
tour-de-france/2012/stage-14,Tour de France,100,20.0,191000,3284,4,1703,,1,0,0,2012-07-15,0.0171937172774869,1279.0,416.95117366699526
dauphine/2012/stage-6,Critérium du Dauphiné,50,6.0,167500,4158,5,1117,,1,0,0,2012-06-09,0.0248238805970149,709.0,364.02572741519
giro-d-italia/1993/stage-18,Giro d'Italia,80,,150000,1303,1,1089,,1,0,0,1993-06-10,0.0086866666666666,0.0,0.0
giro-d-italia/2022/stage-9,Giro d'Italia,80,100.0,191000,5080,5,817,22.0,1,0,0,2022-05-15,0.0265968586387434,1995.0,909.4856344935462
tour-de-romandie/1989/stage-2,Tour de Romandie,50,,157100,337,1,502,,1,0,0,1989-05-11,0.0021451304901336,0.0,0.0
paris-nice/2001/stage-2,Paris - Nice,50,,195400,3911,4,902,,1,0,0,2001-03-13,0.0200153531218014,553.0,553.1043114130772
vuelta-a-espana/1999/stage-4,Vuelta a España,80,,185000,1607,1,1342,,1,0,0,1999-09-08,0.0086864864864864,0.0,176.9116852623681
il-lombardia/2022/result,Il Lombardia,275,500.0,253000,4852,2,1019,20.0,0,0,0,2022-10-08,0.0191778656126482,495.5,460.1254636705724
tour-de-france/1981/stage-19,Tour de France,100,,117500,1996,2,1362,,1,0,0,1981-07-16,0.0169872340425531,229.0,168.23691827023492
vuelta-a-espana/1988/stage-9,Vuelta a España,80,,6800,425,5,828,,1,0,0,1988-05-03,0.0625,33.5,14.960689229518213
tour-de-suisse/2010/stage-7,Tour de Suisse,50,6.0,172400,2467,3,1198,,1,0,0,2010-06-19,0.0143097447795823,555.0,389.469406671156
giro-d-italia/2016/stage-16,Giro d'Italia,80,100.0,132000,2737,4,933,,1,0,0,2016-05-24,0.0207348484848484,1041.0,333.51329746261644
tour-de-france/2007/stage-6,Tour de France,100,,199500,1484,1,1612,,1,0,0,2007-07-13,0.007438596491228,0.0,13.758243245887686
la-fleche-wallone/1984/result,La Flèche Wallonne,225,,246000,3517,3,811,,0,0,0,1984-04-12,0.0142967479674796,403.0,247.29917843342335
dwars-door-vlaanderen/2011/result,Dwars door Vlaanderen,75,,201000,3052,2,556,,0,0,0,2011-03-23,0.01518407960199,620.0,303.50043905168934
dauphine/2020/stage-1,Critérium du Dauphiné,50,60.0,218500,3575,5,1243,,1,0,0,2020-08-12,0.0163615560640732,170.0,416.18348188370794
giro-d-italia/1997/stage-22,Giro d'Italia,80,,165000,1297,1,792,,1,0,0,1997-06-08,0.007860606060606,0.0,11.048547053496572
tour-de-suisse/2003/stage-1,Tour de Suisse,50,,163000,2367,3,660,,1,0,0,2003-06-17,0.014521472392638,48.0,236.64088103753335
tirreno-adriatico/2010/stage-4,Tirreno-Adriatico,50,6.0,243000,3603,3,1176,,1,0,0,2010-03-13,0.0148271604938271,680.0,719.7672480658736
tirreno-adriatico/2022/stage-3,Tirreno-Adriatico,50,60.0,170000,2063,2,1059,,1,0,0,2022-03-09,0.012135294117647,0.0,95.3057961788058
vuelta-a-espana/1998/stage-18,Vuelta a España,80,,223000,751,1,1309,,1,0,0,1998-09-23,0.0033677130044843,0.0,213.916918344837
vuelta-a-espana/1997/stage-8,Vuelta a España,80,,175000,1863,2,1165,,1,0,0,1997-09-13,0.0106457142857142,28.5,15.503055725956264
giro-d-italia/2007/stage-13,Giro d'Italia,80,,13000,728,5,844,,1,0,0,2007-05-25,0.056,227.0,91.09864438250024
giro-d-italia/2009/stage-17,Giro d'Italia,50,,83000,2085,5,975,,1,0,0,2009-05-27,0.0251204819277108,713.0,312.7856946419888
tour-de-france/1990/stage-8,Tour de France,100,,181900,805,1,1959,,1,0,0,1990-07-08,0.0044255085211654,21.0,50.028691854958545
tirreno-adriatico/2006/stage-4,Tirreno-Adriatico,50,,219000,2300,2,1210,,1,0,0,2006-03-11,0.0105022831050228,73.0,190.51241475893713
vuelta-a-espana/2005/stage-15,Vuelta a España,80,,191000,3940,5,960,,1,0,0,2005-09-11,0.0206282722513089,1593.0,645.8077859173659
dauphine/2000/stage-6,Criterium du Dauphiné Libére,50,,218000,3705,4,494,,1,0,0,2000-06-10,0.0169954128440366,713.0,590.8106343217814
tour-de-france/2009/stage-14,Tour de France,100,,199000,1709,2,1557,,1,0,0,2009-07-18,0.0085879396984924,336.0,82.69135398326058
vuelta-a-espana/2017/stage-10,Vuelta a España,80,100.0,164800,1568,2,899,,1,0,0,2017-08-29,0.0095145631067961,879.0,322.8589526601189
giro-d-italia/2020/stage-16,Giro d'Italia,80,100.0,229000,4056,3,765,,1,0,0,2020-10-20,0.0177117903930131,950.0,432.9679017896124
vuelta-a-espana/2021/stage-6,La Vuelta ciclista a España,80,100.0,158300,902,3,1023,,1,0,0,2021-08-19,0.0056980416929879,389.0,290.102149036716
vuelta-a-espana/1997/stage-5,Vuelta a España,80,,229000,2771,2,1165,,1,0,0,1997-09-10,0.0121004366812227,0.0,267.4511040214955
vuelta-a-espana/1983/stage-14,Vuelta a España,80,,185000,3287,4,705,,1,0,0,1983-05-03,0.0177675675675675,518.0,371.6182351231656
vuelta-a-espana/2011/stage-7,Vuelta a España,80,,185000,2128,2,1170,,1,0,0,2011-08-26,0.0115027027027027,0.0,111.6633814031598
gran-camino/2023/stage-2,O Gran Camiño,20,14.0,184300,2456,3,156,,1,0,0,2023-02-24,0.0133260987520347,237.0,266.1197350082882
tour-de-suisse/2021/stage-7,Tour de Suisse,50,60.0,23200,654,4,670,,1,0,0,2021-06-12,0.0281896551724137,254.0,101.6166562434802
tirreno-adriatico/2003/stage-5,Tirreno-Adriatico,50,,181000,2455,2,882,,1,0,0,2003-03-17,0.0135635359116022,20.0,359.5605326344265
giro-d-italia/2004/stage-3,Giro d'Italia,80,,191000,3526,5,621,,1,0,0,2004-05-11,0.0184607329842931,604.0,442.9693570591785
tirreno-adriatico/1994/stage-8,Tirreno-Adriatico,50,,155000,1338,1,727,,1,0,0,1994-03-16,0.0086322580645161,0.0,0.0
amstel-gold-race/2017/result,Amstel Gold Race,225,500.0,261000,3328,2,949,,0,0,0,2017-04-16,0.0127509578544061,425.0,282.1496773787707
dauphine/1983/stage-5,Critérium du Dauphiné Libéré,50,,243000,3544,3,621,,1,0,0,1983-06-04,0.0145843621399176,0.0,0.0
tour-de-suisse/2016/stage-5,Tour de Suisse,50,60.0,126400,3550,5,680,,1,0,0,2016-06-15,0.0280854430379746,1252.0,567.023872626202
vuelta-a-espana/2016/stage-18,Vuelta a España,80,100.0,200600,2550,2,821,,1,0,0,2016-09-08,0.0127118644067796,15.0,113.46276648699336
giro-d-italia/2015/stage-17,Giro d'Italia,80,16.0,134000,1857,2,861,,1,0,0,2015-05-27,0.0138582089552238,62.0,172.79880116277158
volta-a-catalunya/2013/stage-1,Volta Ciclista a Catalunya,50,6.0,159300,2101,4,811,,1,0,0,2013-03-18,0.0131889516635279,28.0,135.30140490067035
vuelta-a-espana/1991/stage-21,Vuelta a España,80,,169600,888,1,1042,,1,0,0,1991-05-19,0.0052358490566037,0.0,0.0
dauphine/2014/stage-7,Critérium du Dauphiné,50,6.0,160000,4130,5,941,,1,0,0,2014-06-14,0.0258125,1146.0,736.3138106547311
giro-d-italia/1995/stage-16,Giro d'Italia,80,,234000,1063,1,1365,,1,0,0,1995-05-29,0.004542735042735,0.0,0.0
vuelta-a-espana/1996/stage-9,Vuelta a España,80,,203500,1408,1,988,,1,0,0,1996-09-15,0.0069189189189189,0.0,16.481617095450662
vuelta-a-espana/1980/stage-14,Vuelta a España,80,,156000,1433,1,520,,1,0,0,1980-05-06,0.0091858974358974,0.0,43.13085810636182
itzulia-basque-country/2021/stage-5,Itzulia Basque Country,50,50.0,160200,2258,2,936,,1,0,0,2021-04-09,0.0140948813982521,28.0,182.15669606615728
vuelta-a-espana/2000/stage-8,Vuelta a España,80,,170000,1269,1,981,,1,0,0,2000-09-02,0.0074647058823529,0.0,78.71540324521098
volta-a-catalunya/2004/stage-3,Volta a Catalunya,50,,200700,3200,5,376,,1,0,0,2004-06-16,0.0159441953163926,668.0,553.9122630850075
giro-d-italia/2009/stage-10,Giro d'Italia,35,,250000,4215,4,975,,1,0,0,2009-05-19,0.01686,1014.0,808.4178295890697
itzulia-basque-country/2014/stage-2,Vuelta Ciclista al País Vasco,50,6.0,155800,2738,2,912,,1,0,0,2014-04-08,0.017573812580231,207.0,286.4827460874324
giro-d-italia/2004/stage-17,Giro d'Italia,80,,153000,2279,2,621,,1,0,0,2004-05-27,0.0148954248366013,833.0,299.37256339260506
tour-de-suisse/1988/stage-4,Tour de Suisse,50,,210000,1347,1,548,,1,0,0,1988-06-17,0.0064142857142857,0.0,0.0
tour-de-france/1983/stage-1,Tour de France,100,,163000,1287,1,1269,,1,0,0,1983-07-02,0.0078957055214723,0.0,55.22347572659472
tour-de-suisse/1974/stage-3b,Tour de Suisse,50,,8400,49,1,541,,1,0,0,1974-06-15,0.0058333333333333,8.5,9.32559202767667
tour-de-suisse/1976/stage-6,Tour de Suisse,50,,172500,4716,5,377,,1,0,0,1976-06-15,0.0273391304347826,57.0,31.27727381251213
ronde-van-vlaanderen/1986/result,Ronde van Vlaanderen / Tour des Flandres,275,,275000,3192,2,601,,0,0,0,1986-04-06,0.0116072727272727,60.0,82.54553399298011
itzulia-basque-country/2003/stage-5a,Vuelta al País Vasco,50,,91000,2048,5,910,,1,0,0,2003-04-11,0.0225054945054945,361.0,355.38063247649546
tirreno-adriatico/2001/stage-8,Tirreno-Adriatico,50,,161000,1562,1,1092,,1,0,0,2001-03-21,0.0097018633540372,0.0,31.061561035328456
giro-d-italia/2012/stage-12,Giro d'Italia,80,16.0,155000,2665,2,886,,1,0,0,2012-05-17,0.0171935483870967,488.0,398.76429723411746
tour-de-suisse/2011/stage-7,Tour de Suisse,50,6.0,222800,2874,2,972,,1,0,0,2011-06-17,0.012899461400359,708.0,495.81614406482726
vuelta-a-espana/2013/stage-20,Vuelta a España,80,16.0,142200,3728,5,1128,,1,0,0,2013-09-14,0.0262165963431786,1025.5,511.2011188050369
dwars-door-vlaanderen/1970/result,Dwars door België / À travers la Belgique,75,,195000,5006,5,171,,0,0,0,1970-03-22,0.0256717948717948,250.0,105.60790833564646
tour-de-romandie/2016/stage-2,Tour de Romandie,50,60.0,173900,3196,5,917,,1,0,0,2016-04-28,0.0183783783783783,689.0,479.35922325462946
dauphine/2011/stage-4,Critérium du Dauphiné,50,6.0,173500,1647,1,958,,1,0,0,2011-06-09,0.0094927953890489,0.0,33.194110519770625
tirreno-adriatico/2012/stage-7,Tirreno-Adriatico,50,6.0,9300,6,1,1188,,1,0,0,2012-03-13,0.0006451612903225,56.0,23.60418291705755
vuelta-a-espana/1985/stage-5,Vuelta a España,80,,238000,3500,3,925,,1,0,0,1985-04-28,0.0147058823529411,1.0,0.2294157338705617
paris-nice/1980/stage-5,Paris - Nice,50,,185000,1709,1,1128,,1,0,0,1980-03-10,0.0092378378378378,0.0,0.0
paris-nice/1998/stage-6,Paris - Nice,50,,223000,2759,2,960,,1,0,0,1998-03-14,0.012372197309417,158.0,389.4480568929909
tour-de-romandie/1997/stage-3,Tour de Romandie,50,,171700,2302,2,922,,1,0,0,1997-05-09,0.0134071054164239,0.0,0.0
giro-d-italia/2022/stage-18,Giro d'Italia,80,100.0,156000,1219,2,817,25.0,1,0,0,2022-05-26,0.0078141025641025,177.0,170.94420488375482
giro-d-italia/2000/stage-9,Giro d'Italia,80,,140000,3508,5,866,,1,0,0,2000-05-22,0.0250571428571428,1044.0,372.1793231899972
paris-nice/1986/stage-1,Paris - Nice,50,,148000,977,1,746,,1,0,0,1986-03-03,0.0066013513513513,0.0,0.0
giro-d-italia/1994/stage-15,Giro d'Italia,80,,195000,616,4,1292,,1,0,0,1994-06-05,0.0031589743589743,0.0,0.0
paris-nice/2014/stage-7,Paris - Nice,50,6.0,195500,3928,3,971,,1,0,0,2014-03-15,0.0200920716112531,593.0,496.7394655236964
tour-de-france/1990/stage-13,Tour de France,100,,149000,1734,2,1959,,1,0,0,1990-07-14,0.0116375838926174,612.0,354.53391729159364
il-lombardia/1978/result,Giro di Lombardia,275,,266000,3581,2,512,,0,0,0,1978-10-07,0.0134624060150375,304.0,366.438994848819
tour-de-france/1988/stage-20,Tour de France,100,,223500,2365,2,1941,,1,0,0,1988-07-22,0.0105816554809843,2.0,172.00853884225114
giro-d-italia/2023/stage-3,Giro d'Italia,80,180.0,213000,1777,2,835,20.0,1,0,0,2023-05-08,0.0083427230046948,280.0,388.4103070643543
gran-camino/2022/stage-4,Gran Camiño,20,14.0,15800,208,1,225,,1,0,0,2022-02-27,0.0131645569620253,93.0,52.29067451988496
tour-de-france/2011/stage-15,Tour de France,100,20.0,192500,1464,1,1713,,1,0,0,2011-07-17,0.0076051948051948,0.0,91.50936445674192
strade-bianche/2018/result,Strade Bianche,225,300.0,184000,2990,3,902,,0,0,0,2018-03-03,0.01625,586.0,411.41088618485514
dauphine/2002/stage-3,Critérium du Dauphiné Libéré,50,,41000,462,2,602,,1,0,0,2002-06-12,0.0112682926829268,314.0,96.29282592529844
vuelta-a-espana/1980/stage-17,Vuelta a España,80,,138000,1112,1,520,,1,0,0,1980-05-09,0.0080579710144927,0.0,0.0
tour-de-france/2023/stage-21,Tour de France,100,210.0,115100,577,1,1584,23.0,1,0,0,2023-07-23,0.00501303214596,0.0,10.70368854862011
giro-d-italia/2022/stage-11,Giro d'Italia,80,100.0,203000,369,1,817,26.0,1,0,0,2022-05-18,0.0018177339901477,0.0,73.09182937281226
vuelta-a-espana/1992/stage-8,Vuelta a España,80,,240500,4120,4,1033,,1,0,0,1992-05-04,0.0171309771309771,11.0,3.8705235280194823
vuelta-a-espana/1996/stage-1,Vuelta a España,80,,162000,862,1,988,,1,0,0,1996-09-07,0.0053209876543209,0.0,9.565125201048437
vuelta-a-espana/2022/stage-6,La Vuelta ciclista a España,80,100.0,181200,4120,5,968,21.0,1,0,0,2022-08-25,0.0227373068432671,1600.0,668.4995788256621
giro-d-italia/2020/stage-1,Giro d'Italia,80,100.0,15100,74,1,765,,1,0,0,2020-10-03,0.0049006622516556,98.0,39.60596687255852
giro-d-italia/2002/stage-3,Giro d'Italia,80,,206000,2516,2,920,,1,0,0,2002-05-14,0.0122135922330097,0.0,157.10902168719784
volta-a-catalunya/1992/stage-7,Volta Ciclista a Catalunya,50,,172000,1903,2,758,,1,0,0,1992-09-15,0.011063953488372,0.0,0.0
tour-de-suisse/2000/stage-5,Tour de Suisse,50,,30000,537,4,895,,1,0,0,2000-06-17,0.0179,181.5,77.38642776841361
il-lombardia/1995/result,Giro di Lombardia,275,,252000,2419,1,646,,0,0,0,1995-10-21,0.0095992063492063,402.0,391.2211650716254
paris-nice/1989/stage-7a,Paris - Nice,50,,101000,1703,3,794,,1,0,0,1989-03-12,0.0168613861386138,0.0,0.0
milano-sanremo/2023/result,Milano-Sanremo,275,800.0,294000,2154,2,1047,14.0,0,0,0,2023-03-18,0.0073265306122448,292.0,287.2654417800235
itzulia-basque-country/2016/stage-5,Vuelta Ciclista al País Vasco,50,50.0,159000,3586,5,943,,1,0,0,2016-04-08,0.0225534591194968,854.0,437.09724564120137
tour-de-suisse/1995/stage-4,Tour de Suisse,50,,192700,2990,3,764,,1,0,0,1995-06-17,0.0155163466528282,0.0,0.0
e3-harelbeke/1976/result,E3-Prijs Harelbeke,125,,228000,1515,1,302,,0,0,0,1976-03-20,0.0066447368421052,45.0,40.80912416831088
tour-de-france/2003/stage-3,Tour de France,100,,167500,1605,1,1688,,1,0,0,2003-07-08,0.0095820895522388,0.0,44.72770503708779
tour-de-suisse/2005/stage-8,Tour de Suisse,50,,162000,3138,4,971,,1,0,0,2005-06-18,0.0193703703703703,561.0,364.6883199106536
tour-de-france/1996/stage-21,Tour de France,100,,147500,1740,1,1872,,1,0,0,1996-07-21,0.0117966101694915,0.0,4.8633581923375475
paris-nice/2011/stage-2,Paris - Nice,50,6.0,199000,886,1,1038,,1,0,0,2011-03-07,0.0044522613065326,0.0,31.925429803456915
omloop-het-nieuwsblad/1997/result,Omloop Het Volk,125,,200000,1555,1,540,,0,0,0,1997-03-01,0.007775,27.0,200.30346802796325
vuelta-a-espana/1990/stage-17,Vuelta a España,80,,151000,2500,3,807,,1,0,0,1990-05-10,0.0165562913907284,223.0,120.85567937873353
vuelta-a-espana/1980/stage-11,Vuelta a España,80,,219000,3584,3,520,,1,0,0,1980-05-03,0.0163652968036529,1029.0,471.68834183739153
tour-de-romandie/2017/stage-4,Tour de Romandie,50,60.0,163500,3145,5,636,,1,0,0,2017-04-29,0.0192354740061162,360.5,534.7200870930437
tour-de-france/1985/stage-7,Tour de France,100,,217000,2341,2,1470,,1,0,0,1985-07-05,0.0107880184331797,9.0,120.4079227637096
giro-d-italia/2015/stage-8,Giro d'Italia,80,16.0,186000,3842,5,861,,1,0,0,2015-05-16,0.0206559139784946,1039.0,539.2716824943116
tirreno-adriatico/2020/stage-5,Tirreno-Adriatico,50,60.0,202000,4429,5,687,,1,0,0,2020-09-11,0.0219257425742574,1170.0,596.3564643589206
vuelta-a-espana/1990/stage-5,Vuelta a España,80,,198000,5000,5,807,,1,0,0,1990-04-28,0.0252525252525252,206.0,66.50513764614982
dwars-door-vlaanderen/2001/result,Dwars door Vlaanderen,75,,201000,4563,2,269,,0,0,0,2001-03-28,0.0227014925373134,284.0,138.88677365910655
paris-nice/1970/stage-7a,Paris - Nice,50,,73000,857,2,1121,,1,0,0,1970-03-15,0.0117397260273972,0.0,0.0
vuelta-a-espana/1983/stage-13,Vuelta a España,80,,188000,3343,4,705,,1,0,0,1983-05-02,0.017781914893617,551.0,349.9722916721717
volta-a-catalunya/2002/stage-5,Volta a Catalunya,50,,141300,1881,2,431,,1,0,0,2002-06-21,0.013312101910828,528.0,361.45469273915927
giro-d-italia/2014/stage-12,Giro d'Italia,80,16.0,42200,654,1,892,,1,0,0,2014-05-22,0.0154976303317535,410.0,144.30970265271708
vuelta-a-espana/2008/stage-17,Vuelta a España,80,,148200,915,1,1101,,1,0,0,2008-09-17,0.0061740890688259,0.0,81.45815860482483
tour-de-romandie/2012/stage-3,Tour de Romandie,50,6.0,157600,2352,4,727,,1,0,0,2012-04-27,0.0149238578680203,75.0,159.8492772422778
paris-nice/1981/stage-7a,Paris - Nice,50,,57500,521,1,821,,1,0,0,1981-03-18,0.0090608695652173,46.0,20.089798406156294
paris-nice/1985/stage-2,Paris - Nice,50,,181000,2692,3,815,,1,0,0,1985-03-05,0.0148729281767955,8.0,2.930780388260186
tour-de-suisse/2005/stage-2,Tour de Suisse,30,,36000,429,2,971,,1,0,0,2005-06-12,0.0119166666666666,222.0,88.41732456767475
vuelta-a-espana/2001/stage-8,Vuelta a España,80,,195000,2472,5,971,,1,0,0,2001-09-15,0.012676923076923,685.0,321.2332961898894
tirreno-adriatico/2000/stage-5,Tirreno-Adriatico,50,,26500,279,2,1197,,1,0,0,2000-03-12,0.0105283018867924,79.0,34.49623167825727
paris-nice/2010/stage-3,Paris - Nice,30,6.0,155000,1377,2,1192,,1,0,0,2010-03-10,0.0088838709677419,47.0,164.68401686482466
strade-bianche/2016/result,Strade Bianche,125,200.0,176000,2907,3,666,,0,0,0,2016-03-05,0.0165170454545454,778.0,593.9104712826334
vuelta-a-espana/2009/stage-9,Vuelta a España,80,,188800,3873,4,1220,,1,0,0,2009-09-07,0.0205137711864406,487.0,216.20801098758008
dauphine/2001/stage-1,Criterium du Dauphiné Libére,50,,227000,2954,2,442,,1,0,0,2001-06-11,0.0130132158590308,0.0,6.184500685912868
volta-a-catalunya/2015/stage-1,Volta Ciclista a Catalunya,50,6.0,185200,2557,2,817,,1,0,0,2015-03-23,0.0138066954643628,160.0,423.84580545838736
tirreno-adriatico/2015/stage-7,Tirreno-Adriatico,50,6.0,10000,8,1,1017,,1,0,0,2015-03-17,0.0008,62.5,31.616369772914908
tirreno-adriatico/1983/stage-5,Tirreno-Adriatico,50,,18300,182,1,463,,1,0,0,1983-03-16,0.0099453551912568,5.0,5.06951674225463
tour-de-france/1991/stage-10,Tour de France,100,,207500,2047,1,1933,,1,0,0,1991-07-15,0.0098650602409638,6.0,5.317478967843212
tour-de-suisse/1990/stage-8,Tour de Suisse,50,,214500,3116,3,767,,1,0,0,1990-06-19,0.0145268065268065,132.5,73.87128445253045
tour-de-suisse/1986/stage-1,Tour de Suisse,50,,177600,2712,3,835,,1,0,0,1986-06-11,0.0152702702702702,0.0,0.0
vuelta-a-espana/2021/stage-7,La Vuelta ciclista a España,80,100.0,152000,3744,5,1023,,1,0,0,2021-08-20,0.0246315789473684,1589.0,606.8796914299652
giro-d-italia/1996/stage-6,Giro d'Italia,80,,179000,2017,2,1034,,1,0,0,1996-05-24,0.011268156424581,84.0,344.8364441949736
world-championship/1979/result,World Championships - Road Race,350,,274800,2584,1,1377,,0,0,0,1979-08-26,0.0094032023289665,310.0,206.72006686945423
paris-roubaix/1977/result,Paris - Roubaix,275,,250500,2100,1,762,,0,0,0,1977-04-17,0.0083832335329341,99.0,486.30329226059337
e3-harelbeke/2015/result,E3 Harelbeke,225,,215300,1866,2,717,,0,0,0,2015-03-27,0.0086669763121226,201.0,283.7184358781481
giro-d-italia/1997/stage-2,Giro d'Italia,80,,211000,1524,1,792,,1,0,0,1997-05-18,0.0072227488151658,14.0,119.35483357528592
tour-de-suisse/1977/stage-2,Tour de Suisse,50,,216000,3216,3,627,,1,0,0,1977-06-17,0.0148888888888888,0.0,0.0
paris-nice/2001/stage-3,Paris - Nice,50,,217900,2885,2,902,,1,0,0,2001-03-14,0.0132400183570445,0.0,36.512024735839546
tour-de-romandie/1993/stage-4a,Tour de Romandie,50,,71400,877,2,551,,1,0,0,1993-05-08,0.0122829131652661,0.0,0.0
tirreno-adriatico/1994/stage-3,Tirreno-Adriatico,50,,198700,3199,3,727,,1,0,0,1994-03-11,0.0160996477101157,0.0,0.0
itzulia-basque-country/2002/stage-3,Vuelta al País Vasco,50,,170000,3574,4,966,,1,0,0,2002-04-10,0.0210235294117647,225.0,476.839088439227
tour-de-romandie/2017/prologue,Tour de Romandie,50,60.0,4800,55,1,636,,1,0,0,2017-04-25,0.0114583333333333,28.0,12.620496256411789
tour-de-suisse/1987/stage-10,Tour de Suisse,50,,170000,2102,2,673,,1,0,0,1987-06-25,0.0123647058823529,0.0,0.0
vuelta-a-espana/2008/stage-18,Vuelta a España,80,,167400,1448,2,1101,,1,0,0,2008-09-18,0.0086499402628434,449.0,144.9753041244272
tour-de-france/1994/stage-15,Tour de France,100,,231000,3876,4,1731,,1,0,0,1994-07-18,0.0167792207792207,1380.0,441.1972257843436
tour-de-france/1995/stage-13,Tour de France,100,,223000,3500,2,1871,,1,0,0,1995-07-15,0.0156950672645739,1154.0,204.8925176731683
volta-a-catalunya/1970/stage-1a,Volta Ciclista a Catalunya,50,,180400,1552,1,570,,1,0,0,1970-09-10,0.0086031042128603,0.0,0.0
vuelta-a-espana/2018/stage-18,La Vuelta ciclista a España,80,100.0,186100,1040,1,1036,,1,0,0,2018-09-13,0.0055883933369156,123.5,104.85201442626312
tour-de-romandie/2006/stage-3,Tour de Romandie,50,,164600,2258,3,772,,1,0,0,2006-04-28,0.0137181044957472,371.0,296.37761468182674
tour-de-suisse/1996/stage-3,Tour de Suisse,50,,198400,3783,4,971,,1,0,0,1996-06-14,0.0190675403225806,1585.0,652.0995538015
tour-de-suisse/1988/stage-7,Tour de Suisse,50,,207000,2691,2,548,,1,0,0,1988-06-20,0.013,363.0,165.48393678340304
ronde-van-vlaanderen/2009/result,Ronde van Vlaanderen / Tour des Flandres ME,275,,260000,2198,2,754,,0,0,0,2009-04-05,0.0084538461538461,405.0,308.6738258010106
giro-d-italia/2017/stage-9,Giro d'Italia,80,100.0,152000,2921,5,881,,1,0,0,2017-05-14,0.0192171052631578,1263.0,562.8874723885631
vuelta-a-espana/2017/stage-18,Vuelta a España,80,100.0,169000,3476,3,899,,1,0,0,2017-09-07,0.0205680473372781,1487.0,488.5532528490189
la-fleche-wallone/2016/result,La Flèche Wallonne,225,400.0,196000,3042,3,909,,0,0,0,2016-04-20,0.0155204081632653,210.0,210.81201407771593
giro-d-italia/2017/stage-14,Giro d'Italia,80,100.0,131000,1106,5,881,,1,0,0,2017-05-20,0.008442748091603,551.0,314.78605082085346
giro-d-italia/1992/stage-21,Giro d'Italia,80,,66000,266,1,953,,1,0,0,1992-06-14,0.004030303030303,216.0,62.591038457898215
tirreno-adriatico/2021/stage-3,Tirreno-Adriatico,50,60.0,219000,3001,3,1108,,1,0,0,2021-03-12,0.0137031963470319,97.0,165.26813188862712
tour-de-suisse/1988/stage-8,Tour de Suisse,50,,247000,3184,2,548,,1,0,0,1988-06-21,0.0128906882591093,11.5,9.238205693988656
giro-d-italia/1998/stage-2,Giro d'Italia,80,,160000,1369,1,923,,1,0,0,1998-05-18,0.00855625,0.0,294.7209362761714
tour-de-france/1991/stage-21,Tour de France,100,,57000,864,1,1933,,1,0,0,1991-07-27,0.0151578947368421,433.0,171.88908286693643
vuelta-a-espana/2019/stage-15,La Vuelta ciclista a España,80,100.0,154400,4114,5,798,,1,0,0,2019-09-08,0.0266450777202072,999.0,497.17877270425066
vuelta-a-espana/2005/stage-20,Vuelta a España,80,,38900,201,1,960,,1,0,0,2005-09-17,0.0051670951156812,247.0,102.78834718712191
vuelta-a-espana/1989/stage-16,Vuelta a España,80,,193500,2500,2,803,,1,0,0,1989-05-09,0.0129198966408268,2.0,1.0327955589886444
paris-roubaix/1979/result,Paris - Roubaix,275,,264000,3338,2,560,,0,0,0,1979-04-08,0.0126439393939393,417.0,315.069669747616
tirreno-adriatico/2021/stage-2,Tirreno-Adriatico,50,60.0,202000,2372,3,1108,,1,0,0,2021-03-11,0.0117425742574257,548.0,381.8152628034767
itzulia-basque-country/2011/stage-4,Vuelta Ciclista al País Vasco,50,6.0,177000,3112,4,935,,1,0,0,2011-04-07,0.0175819209039548,478.5,450.5118023177303
tour-de-romandie/2015/stage-3,Tour de Romandie,50,6.0,173200,2337,4,883,,1,0,0,2015-04-30,0.0134930715935334,0.0,352.91791783891824
tour-de-france/2010/prologue,Tour de France,100,20.0,8900,43,1,1685,,1,0,0,2010-07-03,0.0048314606741573,62.0,17.707597007956778
liege-bastogne-liege/1982/result,Liège - Bastogne - Liège,275,,244700,2952,2,491,,0,0,0,1982-04-11,0.0120637515324887,315.0,511.4852655972378
tour-de-france/1999/stage-3,Tour de France,100,,194500,1506,1,1255,,1,0,0,1999-07-06,0.0077429305912596,0.0,32.4643815808737
san-sebastian/2015/result,Clasica Ciclista San Sebastian,225,,219000,3796,2,929,,0,0,0,2015-08-01,0.0173333333333333,149.0,216.65706490195475
paris-nice/2010/stage-1,Paris - Nice,30,,201500,1712,1,1192,,1,0,0,2010-03-08,0.0084962779156327,17.0,187.06052999193855
paris-nice/2000/stage-6,Paris - Nice,50,,10000,338,5,880,,1,0,0,2000-03-11,0.0338,147.0,59.6008698056668
il-lombardia/1984/result,Giro di Lombardia,275,,251000,3094,2,692,,0,0,0,1984-10-13,0.0123266932270916,184.0,221.6851978550935
vuelta-a-espana/1995/stage-6,Vuelta a España,80,,264000,3390,2,883,,1,0,0,1995-09-08,0.012840909090909,0.0,0.0
volta-a-catalunya/2000/stage-4,Volta a Catalunya,50,,158000,4311,5,697,,1,0,0,2000-06-18,0.0272848101265822,1690.0,791.336643492094
tour-de-france/1992/stage-5,Tour de France,100,,196000,1538,1,2047,,1,0,0,1992-07-09,0.0078469387755102,213.0,91.59797286741497
tour-de-france/1987/stage-4,Tour de France,100,,79000,1017,2,1812,,1,0,0,1987-07-05,0.0128734177215189,88.0,7.17174624067826
tirreno-adriatico/2023/stage-4,Tirreno-Adriatico,50,60.0,218000,2503,3,1044,17.0,1,0,0,2023-03-09,0.0114816513761467,598.0,425.9878125355467
tour-de-france/1995/stage-4,Tour de France,100,,154000,1845,1,1871,,1,0,0,1995-07-05,0.0119805194805194,0.0,161.85489012418967
tour-de-france/2019/stage-20,Tour de France,100,120.0,59500,2228,5,1699,,1,0,0,2019-07-27,0.0374453781512605,682.0,403.6089832933065
tour-de-france/1989/stage-15,Tour de France,100,,39000,1453,5,1849,,1,0,0,1989-07-16,0.0372564102564102,418.5,179.78734256298827
tour-de-romandie/1973/stage-4a,Tour de Romandie,50,,90600,2012,5,352,,1,0,0,1973-05-12,0.0222075055187637,16.0,10.113896830149548
tirreno-adriatico/2016/stage-4,Tirreno-Adriatico,50,60.0,222000,2716,2,1133,,1,0,0,2016-03-12,0.0122342342342342,375.0,341.0975626341395
tour-de-romandie/2007/stage-5,Tour de Romandie,50,,20400,384,4,674,,1,0,0,2007-05-06,0.0188235294117647,139.0,59.4129974834838
giro-d-italia/2011/stage-2,Giro d'Italia,80,16.0,244000,944,1,891,,1,0,0,2011-05-08,0.0038688524590163,0.0,59.345738237328035
volta-a-catalunya/1970/stage-3,Volta Ciclista a Catalunya,50,,139200,1554,2,570,,1,0,0,1970-09-12,0.0111637931034482,0.0,0.0
giro-d-italia/2013/stage-6,Giro d'Italia,80,16.0,169000,550,1,930,,1,0,0,2013-05-09,0.0032544378698224,0.0,113.3535689752581
paris-nice/2014/stage-4,Paris - Nice,50,6.0,201500,2070,2,971,,1,0,0,2014-03-12,0.010272952853598,223.0,218.87688246269556
tirreno-adriatico/2001/stage-1,Tirreno-Adriatico,50,,132000,1658,2,1092,,1,0,0,2001-03-14,0.012560606060606,49.0,261.7711740441431
la-fleche-wallone/2012/result,La Flèche Wallonne,225,,194000,2320,3,975,,0,0,0,2012-04-18,0.0119587628865979,117.0,234.5016602531406
tour-de-france/1983/stage-9,Tour de France,100,,207000,1461,2,1269,,1,0,0,1983-07-10,0.0070579710144927,169.0,230.3207021454187
tour-de-france/1987/stage-14,Tour de France,100,,166000,5000,5,1812,,1,0,0,1987-07-14,0.0301204819277108,895.0,572.42174789753
giro-d-italia/2002/stage-10,Giro d'Italia,80,,118000,1570,3,920,,1,0,0,2002-05-22,0.0133050847457627,23.0,132.92139592220963
tour-de-romandie/1996/stage-6,Tour de Romandie,50,,29800,321,2,614,,1,0,0,1996-05-11,0.0107718120805369,86.0,35.795095877632306
milano-sanremo/1989/result,Milano-Sanremo,275,,294000,2251,1,1242,,0,0,0,1989-03-18,0.007656462585034,182.0,168.127196039118
dauphine/1984/stage-5,Critérium du Dauphiné Libéré,50,,154000,1996,2,529,,1,0,0,1984-06-02,0.0129610389610389,706.0,360.3694157243005
e3-harelbeke/2012/result,E3 Prijs Vlaanderen,225,,203000,1876,2,845,,0,0,0,2012-03-23,0.0092413793103448,338.0,243.43054270341491
tour-de-france/2014/stage-18,Tour de France,100,20.0,145500,3748,5,1612,,1,0,0,2014-07-24,0.0257594501718213,1450.5,616.6800185259285
tour-de-france/2019/stage-11,Tour de France,100,120.0,167000,1827,2,1699,,1,0,0,2019-07-17,0.010940119760479,46.0,149.5774710194476
ronde-van-vlaanderen/2021/result,Ronde van Vlaanderen - Tour des Flandres ME,275,500.0,254300,2198,2,872,,0,0,0,2021-04-04,0.0086433346441211,540.0,268.2854213703165
tour-de-suisse/2002/stage-3,Tour de Suisse,50,,158000,3269,4,673,,1,0,0,2002-06-21,0.0206898734177215,687.0,427.4803802123999
omloop-het-nieuwsblad/2012/result,Omloop Het Nieuwsblad ME,125,,199600,1577,2,557,,0,0,0,2012-02-25,0.0079008016032064,330.0,216.51458765327263
tour-de-france/1991/stage-18,Tour de France,100,,255000,5000,3,1933,,1,0,0,1991-07-24,0.0196078431372549,1118.0,650.9839550320111
tirreno-adriatico/1973/stage-1,Tirreno-Adriatico,50,,169000,517,1,536,,1,0,0,1973-03-13,0.0030591715976331,0.0,0.0
vuelta-a-espana/2014/stage-15,Vuelta a España,80,16.0,152200,2976,5,1175,,1,0,0,2014-09-07,0.0195532194480946,1798.0,644.3856274395398
vuelta-a-espana/2008/stage-9,Vuelta a España,80,,200800,3319,2,1101,,1,0,0,2008-09-08,0.0165288844621513,402.0,175.63640963184366
e3-harelbeke/2022/result,E3 Saxo Bank Classic,225,400.0,203900,2010,2,640,16.0,0,0,0,2022-03-25,0.0098577734183423,365.0,232.70545051508063
tour-de-suisse/2002/stage-6,Tour de Suisse,50,,177000,2595,3,673,,1,0,0,2002-06-24,0.0146610169491525,636.0,333.8994724685295
paris-roubaix/1984/result,Paris - Roubaix,275,,265000,1944,1,473,,0,0,0,1984-04-08,0.0073358490566037,654.0,553.5789740297267
vuelta-a-espana/2006/stage-2,Vuelta a España,80,,167000,2099,1,1026,,1,0,0,2006-08-27,0.0125688622754491,0.0,44.005854767924674
vuelta-a-espana/1987/stage-12,Vuelta a España,80,,142000,2500,4,838,,1,0,0,1987-05-05,0.0176056338028169,20.0,6.740425308044984
la-fleche-wallone/1980/result,La Flèche Wallonne,225,,248000,3611,3,749,,0,0,0,1980-04-17,0.0145604838709677,254.0,358.61597713491415
tour-de-france/2005/stage-17,Tour de France,100,,240000,2830,2,1535,,1,0,0,2005-07-20,0.0117916666666666,1460.0,426.79348457860374
paris-nice/2014/stage-2,Paris - Nice,50,6.0,205000,1515,1,971,,1,0,0,2014-03-10,0.007390243902439,18.0,140.97647574102007
tour-de-france/2011/stage-18,Tour de France,100,20.0,189000,5268,5,1713,,1,0,0,2011-07-21,0.0278730158730158,2140.0,728.55709909183
vuelta-a-espana/2003/stage-15,Vuelta a España,80,,172100,2505,5,935,,1,0,0,2003-09-20,0.0145554909936083,695.0,530.1766160104552
vuelta-a-espana/2004/stage-14,Vuelta a España,80,,167000,2835,4,1177,,1,0,0,2004-09-18,0.0169760479041916,836.0,415.94242322625786
volta-a-catalunya/2015/stage-5,Volta Ciclista a Catalunya,50,6.0,195400,2020,2,817,,1,0,0,2015-03-27,0.0103377686796315,386.0,324.93091861315224
giro-d-italia/1999/stage-1,Giro d'Italia,80,,175000,2176,2,1057,,1,0,0,1999-05-15,0.0124342857142857,0.0,154.2100165966446
tour-de-suisse/1977/stage-1,Tour de Suisse,50,,159000,1534,1,627,,1,0,0,1977-06-16,0.0096477987421383,0.0,0.0
vuelta-a-espana/1997/stage-1,Vuelta a España,80,,160000,1959,2,1165,,1,0,0,1997-09-06,0.01224375,76.0,244.9374026789144
dauphine/2017/stage-2,Critérium du Dauphiné,50,60.0,171000,2544,2,1024,,1,0,0,2017-06-05,0.0148771929824561,0.0,151.81867953288344
tour-de-france/2019/stage-10,Tour de France,100,120.0,217500,3031,2,1699,,1,0,0,2019-07-15,0.013935632183908,581.0,274.8969238602899
tirreno-adriatico/2015/stage-4,Tirreno-Adriatico,50,6.0,226000,3212,2,1017,,1,0,0,2015-03-14,0.0142123893805309,667.0,403.58308949804285
vuelta-a-espana/2000/stage-21,Vuelta a España,80,,38000,334,1,981,,1,0,0,2000-09-17,0.0087894736842105,297.0,112.8840235815648
itzulia-basque-country/2012/stage-2,Vuelta Ciclista al País Vasco,50,6.0,165700,2631,3,928,,1,0,0,2012-04-03,0.0158780929390464,0.0,108.30875108980204
tour-de-suisse/2008/stage-7,Tour de Suisse,50,,170600,2116,2,1041,,1,0,0,2008-06-20,0.0124032825322391,2.0,153.25845057336315
tirreno-adriatico/2005/stage-5,Tirreno-Adriatico,50,,170400,1871,2,1040,,1,0,0,2005-03-13,0.0109800469483568,93.0,186.01500949113657
vuelta-a-espana/2019/stage-14,La Vuelta ciclista a España,80,100.0,188000,2432,3,798,,1,0,0,2019-09-07,0.0129361702127659,126.0,213.30238659457345
la-fleche-wallone/2021/result,La Flèche Wallonne,225,400.0,193600,2981,3,1071,,0,0,0,2021-04-21,0.0153977272727272,159.0,289.3990215268939
la-fleche-wallone/1992/result,La Flèche Wallonne,225,,207000,1950,1,615,,0,0,0,1992-04-15,0.0094202898550724,195.0,152.89399890761177
omloop-het-nieuwsblad/1981/result,Omloop Het Volk,125,,224000,1532,1,428,,0,0,0,1981-02-28,0.0068392857142857,275.0,102.88034124838728
giro-d-italia/2015/stage-5,Giro d'Italia,80,16.0,152000,3066,5,861,,1,0,0,2015-05-13,0.0201710526315789,782.0,419.30770289562093
world-championship/1983/result,World Championships - Road Race,350,,269890,4248,3,1485,,0,0,0,1983-09-04,0.015739745822372,96.0,156.59127541543265
tour-de-france/1986/stage-16,Tour de France,100,,246500,2500,2,1872,,1,0,0,1986-07-19,0.0101419878296146,496.0,105.57986922643904
vuelta-a-espana/1980/prologue,Vuelta a España,80,,10000,69,1,520,,1,0,0,1980-04-22,0.0069,64.5,30.867632869492994
tour-de-suisse/1997/prologue,Tour de Suisse,50,,7200,10,1,1161,,1,0,0,1997-06-17,0.0013888888888888,40.0,17.28993632062622
paris-nice/2019/stage-1,Paris - Nice,50,60.0,138500,1107,1,1099,,1,0,0,2019-03-10,0.0079927797833935,60.0,125.8080606977724
tirreno-adriatico/1999/stage-5,Tirreno-Adriatico,50,,198000,2812,3,1150,,1,0,0,1999-03-14,0.0142020202020202,1170.0,418.0021201722763
tour-de-suisse/2016/stage-1,Tour de Suisse,50,60.0,6400,46,3,680,,1,0,0,2016-06-11,0.0071875,37.0,17.153378940923243
tour-de-france/1986/stage-5,Tour de France,100,,124500,1140,2,1872,,1,0,0,1986-07-08,0.009156626506024,75.0,39.62848577452582
giro-d-italia/2014/stage-21,Giro d'Italia,80,16.0,172000,1092,1,892,,1,0,0,2014-06-01,0.0063488372093023,9.0,51.16684583291861
itzulia-basque-country/2009/stage-3,Vuelta Ciclista al País Vasco,50,,172500,3834,5,1029,,1,0,0,2009-04-08,0.0222260869565217,622.0,433.6461457052566
volta-a-catalunya/1993/stage-2,Volta Ciclista a Catalunya,50,,180000,2325,2,884,,1,0,0,1993-09-11,0.0129166666666666,0.0,0.0
tirreno-adriatico/1988/stage-3,Tirreno-Adriatico,50,,182000,1036,1,724,,1,0,0,1988-03-13,0.0056923076923076,12.0,3.3879582154396792
giro-d-italia/2016/stage-7,Giro d'Italia,80,100.0,211000,2301,2,933,,1,0,0,2016-05-13,0.0109052132701421,74.0,111.46892420178838
vuelta-a-espana/2002/stage-3,Vuelta a España,80,,134200,721,1,1084,,1,0,0,2002-09-09,0.0053725782414307,6.0,35.22195931390598
vuelta-a-espana/1981/stage-18,Vuelta a España,80,,175000,4131,5,457,,1,0,0,1981-05-09,0.0236057142857142,1001.0,776.2894050571864
liege-bastogne-liege/2012/result,Liège - Bastogne - Liège,275,,257500,4325,3,1189,,0,0,0,2012-04-22,0.0167961165048543,339.0,268.59222620168987
tirreno-adriatico/2012/stage-5,Tirreno-Adriatico,50,6.0,196000,4406,5,1188,,1,0,0,2012-03-11,0.0224795918367346,1326.0,567.0890907661925
tour-de-france/2016/stage-4,Tour de France,100,120.0,237500,1934,2,1758,,1,0,0,2016-07-05,0.0081431578947368,0.0,143.99164287009242
dauphine/1991/stage-7,Critérium du Dauphiné Libéré,50,,33000,359,2,830,,1,0,0,1991-06-10,0.0108787878787878,96.0,38.83369098547749
dauphine/2015/stage-5,Critérium du Dauphiné,50,6.0,161000,4225,5,997,,1,0,0,2015-06-11,0.0262422360248447,657.0,429.7696361305109
tour-de-france/2010/stage-1,Tour de France,100,20.0,223500,420,1,1685,,1,0,0,2010-07-04,0.0018791946308724,0.0,66.17218244400013
la-fleche-wallone/1974/result,La Flèche Wallonne,225,,225000,3057,2,792,,0,0,0,1974-04-11,0.0135866666666666,0.0,0.0
giro-d-italia/2021/stage-7,Giro d'Italia,80,100.0,181000,1725,3,885,,1,0,0,2021-05-14,0.0095303867403314,54.0,56.25146862204241
paris-nice/2018/stage-1,Paris - Nice,50,60.0,135000,1224,3,936,,1,0,0,2018-03-04,0.0090666666666666,93.0,96.75732936572892
strade-bianche/2007/result,Monte Paschi Eroica,75,,180000,3711,3,323,,0,0,0,2007-10-09,0.0206166666666666,406.0,326.97811215803074
la-fleche-wallone/1977/result,La Flèche Wallonne,225,,223000,3014,2,762,,0,0,0,1977-04-07,0.0135156950672645,4.0,1.4166752066422923
world-championship/2020/result,World Championships ME - Road Race,350,600.0,258200,4662,2,1008,,0,0,0,2020-09-27,0.0180557707203718,632.0,544.7989400296877
milano-sanremo/1982/result,Milano-Sanremo,275,,294000,2182,1,837,,0,0,0,1982-03-20,0.0074217687074829,270.0,146.78371373327508
itzulia-basque-country/2004/stage-5a,Vuelta al País Vasco,50,,88000,2360,5,1020,,1,0,0,2004-04-09,0.0268181818181818,737.0,305.8161950428748
tour-de-romandie/1995/prologue,Tour de Romandie,50,,6100,37,1,798,,1,0,0,1995-05-02,0.0060655737704918,18.5,9.311283477587825
itzulia-basque-country/2000/stage-5a,Vuelta al País Vasco,50,,105000,2448,5,992,,1,0,0,2000-04-07,0.0233142857142857,163.0,323.44801058257906
tour-de-france/1983/stage-8,Tour de France,100,,222000,1617,1,1269,,1,0,0,1983-07-09,0.0072837837837837,77.0,70.85821360789235
tour-de-romandie/2011/prologue,Tour de Romandie,50,6.0,3500,14,1,660,,1,0,0,2011-04-26,0.004,13.0,8.499882943574086
paris-nice/1993/stage-3,Paris - Nice,50,,153000,1197,1,1182,,1,0,0,1993-03-10,0.0078235294117647,0.0,0.0
tour-de-romandie/1997/stage-6,Tour de Romandie,50,,21700,230,2,922,,1,0,0,1997-05-11,0.0105990783410138,57.0,19.412088158327187
vuelta-a-espana/2022/stage-21,La Vuelta ciclista a España,80,100.0,96700,773,1,968,34.0,1,0,0,2022-09-11,0.0079937952430196,28.0,66.24100466837714
tour-de-suisse/1997/stage-7,Tour de Suisse,50,,174300,1516,1,1161,,1,0,0,1997-06-24,0.0086976477337923,117.0,21.718507754749453
vuelta-a-espana/1990/stage-2a,Vuelta a España,80,,108000,704,1,807,,1,0,0,1990-04-25,0.0065185185185185,486.0,234.7603032882689
volta-a-catalunya/1977/stage-5,Volta Ciclista a Catalunya,50,,165600,2451,3,490,,1,0,0,1977-09-12,0.0148007246376811,157.5,250.1483625107062
itzulia-basque-country/2000/stage-2,Vuelta al País Vasco,50,,190000,2442,2,992,,1,0,0,2000-04-04,0.0128526315789473,250.0,307.1151764508256
paris-nice/1970/stage-3,Paris - Nice,50,,208000,1353,1,1121,,1,0,0,1970-03-11,0.0065048076923076,55.0,17.312808360671394
giro-d-italia/2013/stage-4,Giro d'Italia,80,16.0,246000,3519,2,930,,1,0,0,2013-05-07,0.0143048780487804,625.0,485.09062027748377
tour-de-france/1980/stage-14,Tour de France,100,,189500,3130,2,1224,,1,0,0,1980-07-11,0.0165171503957783,94.0,69.05767914030714
tour-de-france/2023/stage-8,Tour de France,100,210.0,200700,1996,2,1584,31.0,1,0,0,2023-07-08,0.0099451918285999,113.0,218.9110617149724
tour-de-france/1994/stage-1,Tour de France,100,,234000,1782,1,1731,,1,0,0,1994-07-03,0.0076153846153846,0.0,7.640113039367021
tour-de-suisse/1997/stage-5,Tour de Suisse,50,,147500,3883,5,1161,,1,0,0,1997-06-22,0.0263254237288135,1293.0,549.9324421450606
liege-bastogne-liege/1983/result,Liège - Bastogne - Liège,275,,244700,2696,2,807,,0,0,0,1983-04-17,0.0110175725378013,28.0,5.509441258792035
milano-sanremo/1984/result,Milano-Sanremo,275,,294000,2112,1,949,,0,0,0,1984-03-17,0.0071836734693877,20.0,174.39337180948243
vuelta-a-espana/2000/stage-13,Vuelta a España,80,,143300,1447,1,981,,1,0,0,2000-09-09,0.0100976971388695,140.0,225.35300867920537
paris-roubaix/1986/result,Paris - Roubaix,275,,268000,2141,1,605,,0,0,0,1986-04-13,0.0079888059701492,384.0,518.2960092907847
volta-a-catalunya/1995/prologue,Volta Ciclista a Catalunya,50,,3100,35,2,737,,1,0,0,1995-06-15,0.0112903225806451,5.0,2.1980852911951394
tirreno-adriatico/2001/stage-4,Tirreno-Adriatico,50,,170000,3912,5,1092,,1,0,0,2001-03-17,0.0230117647058823,628.0,404.9734572845144
tour-de-france/2004/stage-1,Tour de France,100,,202500,2864,2,1555,,1,0,0,2004-07-04,0.0141432098765432,0.0,12.144873140373663
paris-nice/1976/stage-1,Paris - Nice,50,,228500,3735,3,779,,1,0,0,1976-03-08,0.0163457330415754,0.0,0.0
tour-de-france/1987/stage-21,Tour de France,100,,185500,6000,5,1812,,1,0,0,1987-07-22,0.0323450134770889,117.0,130.56900361832572
tour-de-suisse/2013/stage-9,Tour de Suisse,50,6.0,26800,976,3,960,,1,0,0,2013-06-16,0.0364179104477611,331.0,196.2636039759834
vuelta-a-espana/2021/stage-5,La Vuelta ciclista a España,80,100.0,184400,640,1,1023,,1,0,0,2021-08-18,0.0034707158351409,0.0,199.6268527406433
paris-roubaix/2003/result,Paris - Roubaix,275,,261000,3701,1,641,,0,0,0,2003-04-13,0.0141800766283524,273.0,304.35840559649256
giro-d-italia/2006/stage-16,Giro d'Italia,80,,121000,2243,5,997,,1,0,0,2006-05-24,0.0185371900826446,328.0,247.58008170154943
vuelta-a-espana/1995/stage-16,Vuelta a España,80,,197300,3736,4,883,,1,0,0,1995-09-18,0.0189356310187531,214.0,66.52518320155157
tour-de-france/2023/stage-18,Tour de France,100,210.0,184900,1216,1,1584,28.0,1,0,0,2023-07-20,0.0065765278528934,0.0,125.264012932615
giro-d-italia/1993/stage-7,Giro d'Italia,80,,242000,2537,1,1089,,1,0,0,1993-05-29,0.0104834710743801,81.0,41.06580085667392
vuelta-a-espana/2005/stage-10,Vuelta a España,80,,206300,4570,5,960,,1,0,0,2005-09-05,0.0221522055259331,1205.0,674.4268671894617
tirreno-adriatico/1992/stage-3,Tirreno-Adriatico,50,,191000,1101,1,638,,1,0,0,1992-03-14,0.0057643979057591,0.0,0.0
vuelta-a-espana/1983/stage-4,Vuelta a España,80,,192000,1592,1,705,,1,0,0,1983-04-23,0.0082916666666666,20.0,3.496934159580282
vuelta-a-espana/2018/stage-8,La Vuelta ciclista a España,80,100.0,195100,2112,3,1036,,1,0,0,2018-09-01,0.0108252178370066,86.5,126.02121878825837
vuelta-a-espana/2019/stage-5,La Vuelta ciclista a España,80,100.0,170700,3764,5,798,,1,0,0,2019-08-28,0.0220503807850029,707.0,384.9883060354349
tirreno-adriatico/2019/stage-5,Tirreno-Adriatico,50,60.0,180000,2902,3,1067,,1,0,0,2019-03-17,0.0161222222222222,807.0,530.0356353233655
vuelta-a-espana/1997/stage-3,Vuelta a España,80,,173000,748,1,1165,,1,0,0,1997-09-08,0.0043236994219653,0.0,202.921199386976
tirreno-adriatico/2023/stage-1,Tirreno-Adriatico,50,60.0,11500,3,1,1044,13.0,1,0,0,2023-03-06,0.0002608695652173,94.0,31.824633530776048
tour-de-france/1980/stage-7b,Tour de France,100,,92000,1081,1,1224,,1,0,0,1980-07-03,0.01175,0.0,114.2580357772634
dauphine/2003/stage-4,Critérium du Dauphiné Libéré,50,,237000,3390,3,572,,1,0,0,2003-06-12,0.0143037974683544,650.0,507.772763307678
tour-de-suisse/2010/prologue,Tour de Suisse,50,6.0,7600,17,1,1198,,1,0,0,2010-06-12,0.0022368421052631,41.0,21.0079930587794
tour-de-france/2004/stage-17,Tour de France,70,,204500,6000,4,1555,,1,0,0,2004-07-22,0.0293398533007334,1648.0,736.0912428606194
tour-de-romandie/2002/stage-3,Tour de Romandie,50,,180300,919,1,535,,1,0,0,2002-05-03,0.0050970604547975,5.0,15.46328948006717
world-championship/1970/result,World Championships - Road Race,350,,271960,1222,1,1230,,0,0,0,1970-08-16,0.0044933078393881,18.0,4.2031226973771725
vuelta-a-espana/1985/stage-2,Vuelta a España,80,,262000,3726,3,925,,1,0,0,1985-04-25,0.0142213740458015,0.0,537.7040826758857
il-lombardia/1979/result,Giro di Lombardia,275,,249000,2525,1,740,,0,0,0,1979-10-13,0.0101405622489959,275.0,131.61851138682027
vuelta-a-espana/2004/stage-12,Vuelta a España,80,,145000,4254,5,1177,,1,0,0,2004-09-16,0.0293379310344827,1911.0,689.4874921059634
dauphine/2016/stage-1,Criterium du Dauphiné,50,60.0,186000,1878,2,1182,,1,0,0,2016-06-06,0.0100967741935483,0.0,41.14111564000053
tour-de-suisse/2008/stage-8,Tour de Suisse,50,,25000,527,4,1041,,1,0,0,2008-06-21,0.02108,505.0,197.31280254751027
tour-de-france/1985/stage-22,Tour de France,100,,217000,1998,1,1470,,1,0,0,1985-07-21,0.0092073732718894,0.0,0.0
volta-a-catalunya/2010/stage-1,Volta Ciclista a Catalunya,50,6.0,3600,26,1,722,,1,0,0,2010-03-22,0.0072222222222222,20.0,9.486840318424704
tour-de-france/1996/stage-7,Tour de France,100,,199000,5000,5,1872,,1,0,0,1996-07-06,0.0251256281407035,2244.0,782.54998296461
tour-de-france/1987/stage-11,Tour de France,100,,255000,3532,3,1812,,1,0,0,1987-07-11,0.0138509803921568,662.0,267.807817361297
tour-de-france/2005/stage-5,Tour de France,100,,183000,1018,1,1535,,1,0,0,2005-07-06,0.0055628415300546,0.0,0.0
giro-d-italia/2017/stage-17,Giro d'Italia,80,100.0,219000,4576,4,881,,1,0,0,2017-05-24,0.0208949771689497,474.0,322.75895286969086
dauphine/2018/prologue,Critérium du Dauphiné,50,60.0,6600,30,1,762,,1,0,0,2018-06-03,0.0045454545454545,29.0,13.0832322265258
itzulia-basque-country/2009/stage-2,Vuelta Ciclista al País Vasco,50,,160000,1275,1,1029,,1,0,0,2009-04-07,0.00796875,70.0,110.95077366839878
volta-a-catalunya/2021/stage-5,Volta Ciclista a Catalunya,50,50.0,201100,2952,4,772,,1,0,0,2021-03-26,0.0146792640477374,176.0,425.79740415037736
tour-de-suisse/1997/stage-9,Tour de Suisse,50,,191300,2460,2,1161,,1,0,0,1997-06-26,0.0128593831677992,8.0,354.1750628658869
vuelta-a-espana/1998/stage-15,Vuelta a España,80,,178800,1284,1,1309,,1,0,0,1998-09-20,0.0071812080536912,69.0,121.92350709482652
tour-de-romandie/2004/stage-5,Tour de Romandie,50,,20400,436,4,507,,1,0,0,2004-05-02,0.0213725490196078,136.5,55.60728160449727
vuelta-a-espana/2013/stage-14,Vuelta a España,80,16.0,155700,3340,5,1128,,1,0,0,2013-09-07,0.0214515093127809,1411.5,535.2360954104167
itzulia-basque-country/2008/stage-6,Vuelta Ciclista al País Vasco,50,,20000,257,2,838,,1,0,0,2008-04-12,0.01285,180.0,75.94168253711344
milano-sanremo/2022/result,Milano-Sanremo,275,500.0,293000,2096,2,938,,0,0,0,2022-03-19,0.0071535836177474,361.0,280.52293763882733
paris-nice/2006/stage-1,Paris - Nice,50,,193000,2881,1,795,,1,0,0,2006-03-06,0.0149274611398963,0.0,86.15276906537714
giro-d-italia/2001/stage-5,Giro d'Italia,80,,229000,1095,2,920,,1,0,0,2001-05-24,0.0047816593886462,0.0,102.34094136376106
strade-bianche/2023/result,Strade Bianche,225,400.0,184000,3107,3,688,13.0,0,0,0,2023-03-04,0.0168858695652173,549.0,367.24443748722746
dauphine/2016/stage-6,Criterium du Dauphiné,50,60.0,141000,4528,5,1182,,1,0,0,2016-06-11,0.0321134751773049,1677.0,678.2630064866814
tour-de-romandie/2010/prologue,Tour de Romandie,50,6.0,4300,36,1,678,,1,0,0,2010-04-27,0.0083720930232558,17.0,10.056802713544531
paris-nice/2001/stage-7,Paris - Nice,50,,157100,2444,3,902,,1,0,0,2001-03-18,0.0155569700827498,0.0,22.581557583997387
tour-de-france/1980/stage-22,Tour de France,100,,186000,1917,1,1224,,1,0,0,1980-07-20,0.0103064516129032,0.0,63.367104367853095
vuelta-a-espana/1994/stage-20,Vuelta a España,80,,53000,401,1,791,,1,0,0,1994-05-14,0.007566037735849,131.0,50.23721506789342
vuelta-a-espana/1980/stage-2,Vuelta a España,80,,170000,2096,2,520,,1,0,0,1980-04-24,0.0123294117647058,0.0,15.546527888624428
tour-de-france/1984/stage-11,Tour de France,100,,226500,4500,5,1632,,1,0,0,1984-07-09,0.0198675496688741,972.0,773.3831628627253
giro-d-italia/2014/stage-18,Giro d'Italia,80,16.0,171000,4295,5,892,,1,0,0,2014-05-29,0.0251169590643274,1473.0,653.8482974765756
tour-de-france/1996/stage-18,Tour de France,100,,154500,3000,2,1872,,1,0,0,1996-07-18,0.0194174757281553,1016.0,298.1074954638748
giro-d-italia/2009/stage-8,Giro d'Italia,80,,208000,3042,4,975,,1,0,0,2009-05-16,0.014625,732.0,439.8468879463234
itzulia-basque-country/2013/stage-4,Vuelta Ciclista al País Vasco,50,6.0,151600,2775,3,927,,1,0,0,2013-04-04,0.0183047493403693,539.0,397.40525454427575
vuelta-a-espana/2015/stage-4,Vuelta a España,80,16.0,209600,2141,3,1115,,1,0,0,2015-08-25,0.0102146946564885,231.0,150.92876301932694
tour-de-suisse/2019/stage-2,Tour de Suisse,50,60.0,159600,2598,2,802,,1,0,0,2019-06-16,0.0162781954887218,321.0,310.96195098707136
vuelta-a-espana/2022/stage-15,La Vuelta ciclista a España,80,100.0,152600,4033,5,968,28.0,1,0,0,2022-09-04,0.0264285714285714,1442.0,676.1341972375652
itzulia-basque-country/2015/stage-1,Vuelta Ciclista al País Vasco,50,6.0,162700,2638,2,970,,1,0,0,2015-04-06,0.0162138905961893,189.0,238.39869558264184
tour-de-suisse/1984/stage-7,Tour de Suisse,50,,273500,2981,2,646,,1,0,0,1984-06-20,0.0108994515539305,0.0,264.8138969163061
paris-roubaix/2016/result,Paris - Roubaix,275,500.0,257500,1296,1,676,,0,0,0,2016-04-10,0.0050330097087378,863.0,378.24616222319554
tour-de-suisse/2008/stage-9,Tour de Suisse,50,,168400,1999,2,1041,,1,0,0,2008-06-22,0.0118705463182897,8.0,91.86243636691415
vuelta-a-espana/2003/stage-17,Vuelta a España,80,,188400,1857,2,935,,1,0,0,2003-09-22,0.0098566878980891,271.5,344.40570926925164
paris-nice/2013/stage-5,Paris - Nice,50,6.0,176000,3482,5,917,,1,0,0,2013-03-08,0.0197840909090909,886.0,543.2374479765126
omloop-het-nieuwsblad/2021/result,Omloop Het Nieuwsblad ME,225,300.0,200500,1654,2,643,,0,0,0,2021-02-27,0.0082493765586034,187.0,161.54778390648892
tour-de-suisse/2023/stage-2,Tour de Suisse,50,60.0,173700,1893,2,855,25.0,1,0,0,2023-06-12,0.0108981001727115,0.0,206.25785138476945
vuelta-a-espana/1991/stage-16,Vuelta a España,80,,186600,2939,3,1042,,1,0,0,1991-05-14,0.0157502679528403,137.0,72.2016389472335
tour-de-france/2021/stage-3,Tour de France,100,120.0,182900,1534,2,1646,,1,0,0,2021-06-28,0.0083870967741935,78.0,118.57580733304026
tour-de-france/2021/stage-16,Tour de France,100,120.0,169000,3260,4,1646,,1,0,0,2021-07-13,0.0192899408284023,1002.0,307.68075987945673
tirreno-adriatico/2013/stage-5,Tirreno-Adriatico,50,6.0,230000,4084,5,1331,,1,0,0,2013-03-10,0.0177565217391304,845.0,509.5922577720806
dauphine/2003/stage-5,Critérium du Dauphiné Libéré,50,,192000,2381,2,572,,1,0,0,2003-06-13,0.0124010416666666,238.5,290.3634324618912
tour-de-romandie/2017/stage-2,Tour de Romandie,50,60.0,136000,2161,5,636,,1,0,0,2017-04-27,0.0158897058823529,20.0,183.50646132912448
vuelta-a-espana/1995/stage-21,Vuelta a España,80,,171200,1664,1,883,,1,0,0,1995-09-24,0.0097196261682243,0.0,0.0
volta-a-catalunya/2013/stage-2,Volta Ciclista a Catalunya,50,6.0,160700,1473,2,811,,1,0,0,2013-03-19,0.0091661481020535,0.0,66.56969385393687
dauphine/2007/prologue,Critérium du Dauphiné Libéré,50,,4200,33,1,816,,1,0,0,2007-06-10,0.0078571428571428,19.0,9.139996876290676
giro-d-italia/2001/stage-12,Giro d'Italia,80,,139000,345,1,920,,1,0,0,2001-05-31,0.0024820143884892,37.0,45.85254411984415
vuelta-a-espana/2013/stage-3,Vuelta a España,80,16.0,184800,1878,3,1128,,1,0,0,2013-08-26,0.0101623376623376,250.0,264.66632898536056
tour-de-france/2019/stage-15,Tour de France,100,120.0,185000,4345,5,1699,,1,0,0,2019-07-21,0.0234864864864864,1608.0,621.0736448725143
vuelta-a-espana/1981/stage-6,Vuelta a España,80,,199000,2080,1,457,,1,0,0,1981-04-27,0.0104522613065326,0.0,0.0
giro-d-italia/2015/stage-7,Giro d'Italia,80,16.0,264000,2873,3,861,,1,0,0,2015-05-15,0.0108825757575757,58.0,447.23315468858897
milano-sanremo/1986/result,Milano-Sanremo,275,,293000,2121,1,1085,,0,0,0,1986-03-15,0.0072389078498293,51.0,97.5520519077012
paris-nice/1987/stage-7a,Paris - Nice,50,,104000,799,1,1164,,1,0,0,1987-03-15,0.0076826923076923,70.0,30.65144549790615
vuelta-a-espana/1999/stage-8,Vuelta a España,80,,175600,4200,5,1342,,1,0,0,1999-09-12,0.0239179954441913,1490.5,626.2532875132899
dauphine/1983/stage-7a,Critérium du Dauphiné Libéré,50,,93000,1471,3,621,,1,0,0,1983-06-06,0.0158172043010752,0.0,0.0
vuelta-a-espana/2003/stage-18,Vuelta a España,80,,143800,1818,1,935,,1,0,0,2003-09-23,0.0126425591098748,231.0,92.38195255152762
tour-de-romandie/2012/stage-4,Tour de Romandie,50,6.0,184000,2875,4,727,,1,0,0,2012-04-28,0.015625,405.0,475.63437108687793
paris-nice/2023/stage-8,Paris - Nice,50,60.0,117200,2465,2,981,17.0,1,0,0,2023-03-12,0.0210324232081911,752.0,409.3316274441221
tour-de-france/2019/stage-7,Tour de France,100,120.0,230000,2367,2,1699,,1,0,0,2019-07-12,0.010291304347826,25.0,89.80720700258976
omloop-het-nieuwsblad/1982/result,Omloop Het Volk,125,,217000,1555,1,700,,0,0,0,1982-03-06,0.0071658986175115,37.0,4.592112803492527
giro-d-italia/1992/stage-4,Giro d'Italia,80,,198000,2115,2,953,,1,0,0,1992-05-28,0.0106818181818181,0.0,0.0
tour-de-france/2015/stage-10,Tour de France,100,20.0,167000,2655,5,1812,,1,0,0,2015-07-14,0.0158982035928143,1000.0,433.495518568517
tour-de-romandie/1983/stage-4,Tour de Romandie,50,,174500,628,1,478,,1,0,0,1983-05-07,0.0035988538681948,8.0,3.5777087639996634
tirreno-adriatico/1973/stage-4a,Tirreno-Adriatico,50,,95000,1472,3,536,,1,0,0,1973-03-16,0.0154947368421052,2.0,24.51938009004306
vuelta-a-espana/2011/stage-17,Vuelta a España,80,16.0,212500,3207,5,1170,,1,0,0,2011-09-07,0.0150917647058823,915.0,537.9764406207394
volta-a-catalunya/2014/stage-6,Volta Ciclista a Catalunya,50,6.0,163900,1869,2,896,,1,0,0,2014-03-29,0.0114032946918852,55.0,162.42572576954117
giro-d-italia/1991/stage-20,Giro d'Italia,80,,68000,1041,3,908,,1,0,0,1991-06-15,0.0153088235294117,163.5,82.99103030515472
vuelta-a-espana/1980/stage-4,Vuelta a España,80,,214000,1570,1,520,,1,0,0,1980-04-26,0.0073364485981308,0.0,0.0
uae-tour/2021/stage-1,UAE Tour,50,40.0,176000,436,1,755,,1,0,0,2021-02-21,0.0024772727272727,509.0,187.90193537117705
milano-sanremo/1981/result,Milano-Sanremo,275,,288000,2165,1,883,,0,0,0,1981-03-21,0.0075173611111111,11.0,18.030734521571425
giro-d-italia/1990/stage-12,Giro d'Italia,80,,193000,2069,2,1061,,1,0,0,1990-05-29,0.010720207253886,33.0,10.435516278555651
tour-de-france/2021/stage-13,Tour de France,100,120.0,219900,2023,2,1646,,1,0,0,2021-07-09,0.0091996361982719,28.0,183.90956506832455
vuelta-a-espana/1993/stage-17,Vuelta a España,80,,179500,3304,4,819,,1,0,0,1993-05-12,0.0184066852367688,642.0,303.30704431314064
tour-de-suisse/2000/stage-10,Tour de Suisse,50,,175000,2161,2,895,,1,0,0,2000-06-22,0.0123485714285714,451.0,110.62746451032696
giro-d-italia/2002/stage-5,Giro d'Italia,50,,150000,1825,5,920,,1,0,0,2002-05-16,0.0121666666666666,647.0,366.8692993407385
paris-roubaix/1981/result,Paris - Roubaix,275,,263000,2387,1,633,,0,0,0,1981-04-12,0.0090760456273764,449.0,232.885686352342
itzulia-basque-country/2019/stage-6,Itzulia Basque Country,50,50.0,118200,2850,2,762,,1,0,0,2019-04-13,0.0241116751269035,751.0,370.1436936479782
tour-de-france/1985/stage-21,Tour de France,100,,45700,1004,2,1470,,1,0,0,1985-07-20,0.0219693654266958,371.0,161.13023355624384
tour-de-suisse/2005/stage-5,Tour de Suisse,50,,172000,1680,1,971,,1,0,0,2005-06-15,0.0097674418604651,38.0,25.66820229769515
paris-nice/1990/stage-7b,Paris - Nice,50,,12000,28,1,995,,1,0,0,1990-03-11,0.0023333333333333,66.0,25.075622466955092
paris-nice/1985/prologue,Paris - Nice,50,,6400,35,1,815,,1,0,0,1985-03-03,0.00546875,22.0,8.850612031567836
giro-d-italia/2005/stage-6,Giro d'Italia,80,,153000,1549,2,929,,1,0,0,2005-05-13,0.0101241830065359,0.0,131.96910358421988
giro-d-italia/1994/stage-11,Giro d'Italia,80,,165000,908,1,1292,,1,0,0,1994-06-01,0.0055030303030303,0.0,0.0
amstel-gold-race/1971/result,Amstel Gold Race,225,,233000,2590,2,523,,0,0,0,1971-03-28,0.0111158798283261,157.0,60.07177329117208
tour-de-france/1997/stage-3,Tour de France,100,,224000,2568,3,1994,,1,0,0,1997-07-08,0.0114642857142857,131.0,199.7260273884931
vuelta-a-espana/2015/stage-6,Vuelta a España,80,16.0,200300,2908,3,1115,,1,0,0,2015-08-27,0.0145182226660009,301.5,259.60864649390106
paris-nice/1990/stage-4,Paris - Nice,50,,179000,1822,1,995,,1,0,0,1990-03-08,0.0101787709497206,0.0,0.0
tour-de-france/2016/stage-17,Tour de France,100,120.0,184500,3891,5,1758,,1,0,0,2016-07-20,0.0210894308943089,1826.0,696.5895126656259
itzulia-basque-country/2021/stage-4,Itzulia Basque Country,50,50.0,189200,2646,2,936,,1,0,0,2021-04-08,0.0139852008456659,834.0,430.11972760514783
vuelta-a-espana/1997/stage-2,Vuelta a España,80,,224000,1648,1,1165,,1,0,0,1997-09-07,0.0073571428571428,0.0,73.35543313828421
tour-de-suisse/1983/stage-4,Tour de Suisse,50,,232000,3686,3,809,,1,0,0,1983-06-18,0.0158879310344827,0.0,0.0
giro-d-italia/2015/stage-16,Giro d'Italia,80,16.0,177000,4951,5,861,,1,0,0,2015-05-26,0.0279717514124293,1897.0,657.2087704132608
paris-nice/2016/stage-2,Paris - Nice,50,60.0,214000,1792,1,1109,,1,0,0,2016-03-08,0.0083738317757009,12.0,59.11441854267036
vuelta-a-espana/1988/stage-13,Vuelta a España,80,,178200,4000,5,828,,1,0,0,1988-05-07,0.0224466891133557,42.0,47.223934609475315
tour-de-suisse/1997/stage-8,Tour de Suisse,50,,195900,2706,3,1161,,1,0,0,1997-06-25,0.013813169984686,594.0,507.56725803441213
tour-de-suisse/2007/stage-7,Tour de Suisse,50,,152500,1965,2,1089,,1,0,0,2007-06-23,0.0128852459016393,222.0,347.59772315888426
tour-de-france/2018/stage-13,Tour de France,100,120.0,169500,1302,1,1689,,1,0,0,2018-07-20,0.0076814159292035,67.0,55.96414020569307
tour-de-france/1992/stage-11,Tour de France,100,,249500,4500,2,2047,,1,0,0,1992-07-15,0.0180360721442885,726.0,557.2632646400003
tour-de-france/1981/stage-12a,Tour de France,100,,105500,1052,1,1362,,1,0,0,1981-07-08,0.0099715639810426,5.0,20.025460803383865
volta-a-catalunya/1994/stage-4,Volta Ciclista a Catalunya,50,,166700,4475,5,379,,1,0,0,1994-09-11,0.0268446310737852,77.5,50.22681886535653
liege-bastogne-liege/1990/result,Liège - Bastogne - Liège,275,,256000,4086,3,1232,,0,0,0,1990-04-15,0.0159609375,551.0,276.20056995770517
tour-de-france/2001/stage-16,Tour de France,100,,227500,3500,3,1496,,1,0,0,2001-07-25,0.0153846153846153,1568.0,306.2939651763455
world-championship/2016/result,World Championships ME - Road Race,350,600.0,257300,401,1,998,,0,0,0,2016-10-16,0.0015584920326467,326.0,155.87910028034227
tour-de-romandie/1997/prologue,Tour de Romandie,50,,8100,123,3,922,,1,0,0,1997-05-06,0.0151851851851851,24.0,21.844071542147574
vuelta-a-espana/2000/stage-18,Vuelta a España,80,,160000,2713,2,981,,1,0,0,2000-09-14,0.01695625,505.0,385.8193897433591
dauphine/2019/stage-8,Critérium du Dauphiné,50,60.0,113500,2993,4,973,,1,0,0,2019-06-16,0.0263700440528634,429.0,325.63645511286444
tour-de-france/2012/stage-20,Tour de France,100,20.0,120000,699,1,1703,,1,0,0,2012-07-22,0.005825,9.0,21.663385827404348
tour-de-france/1997/stage-18,Tour de France,100,,175500,3500,2,1994,,1,0,0,1997-07-24,0.0199430199430199,329.0,523.6833997126843
tirreno-adriatico/1991/stage-4,Tirreno-Adriatico,50,,220000,3356,3,710,,1,0,0,1991-03-16,0.0152545454545454,0.0,0.0
itzulia-basque-country/2008/stage-1,Vuelta Ciclista al País Vasco,50,,137000,1827,2,838,,1,0,0,2008-04-07,0.0133357664233576,119.0,262.7523044385596
dauphine/1989/stage-6b,Critérium du Dauphiné Libéré,50,,30000,398,2,603,,1,0,0,1989-06-04,0.0132666666666666,180.5,72.89608682010447
paris-nice/2013/stage-2,Paris - Nice,50,6.0,200500,1810,1,917,,1,0,0,2013-03-05,0.0090274314214463,0.0,21.682307707724924
vuelta-a-espana/1990/stage-12,Vuelta a España,80,,156000,3000,4,807,,1,0,0,1990-05-05,0.0192307692307692,111.0,38.67471180672628
paris-nice/2015/stage-1,Paris - Nice,50,,192000,748,1,1225,,1,0,0,2015-03-09,0.0038958333333333,0.0,18.74184280621727
tour-de-suisse/1998/stage-8,Tour de Suisse,50,,30000,285,1,971,,1,0,0,1998-06-24,0.0095,187.0,91.45984094758062
giro-d-italia/2019/stage-5,Giro d'Italia,80,100.0,140000,2056,2,896,,1,0,0,2019-05-15,0.0146857142857142,0.0,19.084011444528045
tour-de-suisse/2004/stage-6,Tour de Suisse,50,,185400,3683,4,676,,1,0,0,2004-06-17,0.0198651564185544,889.0,559.1665811510828
giro-d-italia/2014/stage-3,Giro d'Italia,80,16.0,187000,1243,1,892,,1,0,0,2014-05-11,0.0066470588235294,11.0,131.0020236241254
dauphine/1975/stage-2,Critérium du Dauphiné Libéré,50,,113000,1670,3,889,,1,0,0,1975-06-04,0.0147787610619469,0.0,0.0
vuelta-a-espana/2016/stage-20,Vuelta a España,80,100.0,193200,5036,5,821,,1,0,0,2016-09-10,0.0260662525879917,1671.0,583.7254282001309
paris-nice/2014/stage-5,Paris - Nice,50,6.0,152500,2389,2,971,,1,0,0,2014-03-13,0.0156655737704918,240.0,351.0989841883812
tour-de-romandie/2000/prologue,Tour de Romandie,50,,6500,36,1,764,,1,0,0,2000-05-02,0.0055384615384615,30.0,10.81630139895361
vuelta-a-espana/1995/stage-12,Vuelta a España,80,,238000,4251,4,883,,1,0,0,1995-09-14,0.0178613445378151,2.0,294.0846573935568
paris-nice/2021/stage-3,Paris - Nice,50,60.0,14400,102,1,1044,,1,0,0,2021-03-09,0.0070833333333333,69.0,35.46839446340417
tour-de-romandie/1991/stage-1,Tour de Romandie,50,,174000,512,1,521,,1,0,0,1991-05-08,0.0029425287356321,2.0,3.286335345030997
tirreno-adriatico/1991/stage-6,Tirreno-Adriatico,50,,176000,1627,1,710,,1,0,0,1991-03-18,0.0092443181818181,115.0,37.99013029722325
giro-d-italia/1999/stage-2,Giro d'Italia,80,,133000,669,1,1057,,1,0,0,1999-05-16,0.0050300751879699,0.0,58.582903284517926
vuelta-a-espana/1994/stage-5,Vuelta a España,80,,166900,1547,1,791,,1,0,0,1994-04-29,0.0092690233672858,0.0,52.43372404846465
vuelta-a-espana/1997/stage-18,Vuelta a España,80,,185000,830,1,1165,,1,0,0,1997-09-24,0.0044864864864864,265.0,79.21792506221546
tirreno-adriatico/2023/stage-7,Tirreno-Adriatico,50,60.0,154000,1660,1,1044,12.0,1,0,0,2023-03-12,0.0107792207792207,0.0,72.78234908459808
vuelta-a-espana/1988/stage-19,Vuelta a España,80,,150000,3207,4,828,,1,0,0,1988-05-13,0.02138,0.0,0.0
tour-de-france/2007/stage-1,Tour de France,100,,203000,1709,1,1612,,1,0,0,2007-07-08,0.0084187192118226,0.0,22.070677203284145
tour-de-france/2014/stage-7,Tour de France,100,20.0,234500,2076,2,1612,,1,0,0,2014-07-11,0.0088528784648187,221.0,297.7531305232807
giro-d-italia/1997/stage-8,Giro d'Italia,80,,212000,3753,4,792,,1,0,0,1997-05-24,0.0177028301886792,1573.0,482.5587380975351
dauphine/2016/stage-7,Criterium du Dauphiné,50,60.0,151000,3794,3,1182,,1,0,0,2016-06-12,0.0251258278145695,1093.0,632.0711390502993
tour-de-france/2003/stage-9,Tour de France,100,,184500,4500,4,1688,,1,0,0,2003-07-14,0.024390243902439,1158.0,744.7006149802529
ronde-van-vlaanderen/1977/result,Ronde van Vlaanderen / Tour des Flandres,275,,264000,3782,3,595,,0,0,0,1977-04-03,0.0143257575757575,120.0,325.1705055928503
dauphine/1977/stage-4b,Critérium du Dauphiné Libéré,50,,129000,1374,2,809,,1,0,0,1977-06-03,0.0106511627906976,0.0,0.0
giro-d-italia/1998/stage-19,Giro d'Italia,80,,243000,3737,3,923,,1,0,0,1998-06-04,0.0153786008230452,1520.0,589.4805495615639
vuelta-a-espana/1999/stage-15,Vuelta a España,80,,193400,931,1,1342,,1,0,0,1999-09-20,0.0048138572905894,766.0,270.80258808638763
dauphine/2000/prologue,Criterium du Dauphiné Libére,50,,3600,50,3,494,,1,0,0,2000-06-04,0.0138888888888888,79.0,36.87574069010826
tour-de-france/2015/stage-14,Tour de France,100,20.0,178500,2772,5,1812,,1,0,0,2015-07-18,0.0155294117647058,759.0,340.6966708205818
giro-d-italia/1998/stage-9,Giro d'Italia,80,,169000,893,1,923,,1,0,0,1998-05-25,0.005284023668639,0.0,40.39621161090568
ronde-van-vlaanderen/1992/result,Ronde van Vlaanderen / Tour des Flandres,275,,260000,4051,3,988,,0,0,0,1992-04-05,0.0155807692307692,610.0,228.288566908758
tour-de-france/2016/stage-15,Tour de France,100,120.0,159000,4386,4,1758,,1,0,0,2016-07-17,0.0275849056603773,1313.0,575.1566436329031
paris-nice/2009/stage-3,Paris - Nice,30,,178000,2700,2,796,,1,0,0,2009-03-10,0.0151685393258426,170.0,280.4206380207313
tour-de-suisse/2013/stage-8,Tour de Suisse,50,6.0,180500,1759,2,960,,1,0,0,2013-06-15,0.0097451523545706,215.0,134.85360847021963
giro-d-italia/2018/stage-12,Giro d'Italia,80,100.0,214000,874,2,838,,1,0,0,2018-05-17,0.0040841121495327,184.0,274.18301010913564
giro-d-italia/1991/stage-15,Giro d'Italia,80,,132000,1195,1,908,,1,0,0,1991-06-10,0.0090530303030303,47.0,17.1386502774674
vuelta-a-espana/2010/stage-19,Vuelta a España,80,16.0,200000,2554,1,1123,,1,0,0,2010-09-17,0.01277,36.0,91.52049345092456
tour-de-france/1979/stage-12,Tour de France,100,,193000,2696,1,1381,,1,0,0,1979-07-09,0.0139689119170984,389.0,226.9908455226641
vuelta-a-espana/1999/stage-20,Vuelta a España,80,,46000,971,4,1342,,1,0,0,1999-09-25,0.0211086956521739,557.0,199.55579121201856
tour-de-france/2004/stage-18,Tour de France,100,,166500,2500,2,1555,,1,0,0,2004-07-23,0.015015015015015,689.0,136.23946934593812
ronde-van-vlaanderen/2013/result,Ronde van Vlaanderen / Tour des Flandres ME,275,,256200,2066,2,868,,0,0,0,2013-03-31,0.0080640124902419,356.0,302.3807945745501
tirreno-adriatico/1996/stage-5b,Tirreno-Adriatico,50,,28200,304,2,585,,1,0,0,1996-03-17,0.0107801418439716,11.0,15.725775020646836
tour-de-romandie/2021/stage-5,Tour de Romandie,50,60.0,16190,338,3,560,,1,0,0,2021-05-02,0.0208770846201358,123.0,61.79950810225491
tour-de-suisse/1992/stage-1,Tour de Suisse,50,,150000,359,1,533,,1,0,0,1992-06-17,0.0023933333333333,0.0,0.0
vuelta-a-espana/1992/stage-2a,Vuelta a España,80,,135500,872,1,1033,,1,0,0,1992-04-28,0.0064354243542435,0.0,0.0
giro-d-italia/1996/stage-5,Giro d'Italia,80,,196000,1250,1,1034,,1,0,0,1996-05-23,0.0063775510204081,0.0,9.638631946829983
tour-de-romandie/2010/stage-2,Tour de Romandie,50,6.0,171800,2191,1,678,,1,0,0,2010-04-29,0.0127532013969732,0.0,276.804432949415
tour-de-suisse/2002/stage-9,Tour de Suisse,50,,34900,482,3,673,,1,0,0,2002-06-27,0.0138108882521489,217.0,126.85775346174464
tour-de-france/1980/prologue,Tour de France,100,,7600,162,1,1224,,1,0,0,1980-06-26,0.0213157894736842,54.5,19.408356891637037
giro-d-italia/2012/stage-2,Giro d'Italia,80,16.0,206000,671,1,886,,1,0,0,2012-05-06,0.003257281553398,0.0,55.95738434046327
vuelta-a-espana/1986/stage-15,Vuelta a España,80,,207000,1176,1,843,,1,0,0,1986-05-07,0.0056811594202898,26.0,9.192388155425116
paris-nice/2007/stage-6,Paris - Nice,50,,200000,2372,2,823,,1,0,0,2007-03-17,0.01186,338.0,399.9165278778076
tour-de-france/1992/stage-19,Tour de France,100,,64000,624,2,2047,,1,0,0,1992-07-24,0.00975,481.5,173.1322545888262
giro-d-italia/1994/stage-3,Giro d'Italia,80,,185000,774,1,1292,,1,0,0,1994-05-24,0.0041837837837837,2.0,0.6324555320336759
vuelta-a-espana/2001/stage-15,Vuelta a España,80,,207200,3575,5,971,,1,0,0,2001-09-23,0.017253861003861,1282.0,608.9228809691955
vuelta-a-espana/1983/stage-18,Vuelta a España,80,,204000,3062,3,705,,1,0,0,1983-05-07,0.0150098039215686,522.0,271.12052482807496
vuelta-a-espana/2012/stage-21,Vuelta a España,80,16.0,111900,751,1,852,,1,0,0,2012-09-09,0.0067113494191242,0.0,38.25329289194821
uae-tour/2023/stage-1,UAE Tour,50,40.0,151000,518,1,530,21.0,1,0,0,2023-02-20,0.0034304635761589,51.0,148.70508191538534
vuelta-a-espana/1998/stage-13,Vuelta a España,80,,208500,1942,1,1309,,1,0,0,1998-09-18,0.0093141486810551,219.0,442.5024172961964
tour-de-france/2018/stage-18,Tour de France,100,120.0,171000,1312,1,1689,,1,0,0,2018-07-26,0.007672514619883,0.0,74.68375022648983
volta-a-catalunya/2014/stage-5,Volta Ciclista a Catalunya,50,6.0,222200,2863,2,896,,1,0,0,2014-03-28,0.0128847884788478,15.0,158.42528778394416
tirreno-adriatico/2014/stage-2,Tirreno-Adriatico,50,6.0,166000,1353,2,1269,,1,0,0,2014-03-13,0.0081506024096385,0.0,133.86653740820495
giro-d-italia/2012/stage-20,Giro d'Italia,80,16.0,219000,6068,5,886,,1,0,0,2012-05-26,0.0277077625570776,2370.0,863.8250592890273
tour-de-france/2013/stage-9,Tour de France,100,20.0,168500,4411,4,1690,,1,0,0,2013-07-07,0.0261780415430267,1363.0,558.599730854127
vuelta-a-espana/1999/stage-16,Vuelta a España,80,,200400,2692,2,1342,,1,0,0,1999-09-21,0.0134331337325349,759.0,230.03707522399273
amstel-gold-race/1998/result,Amstel Gold Race,225,,257300,3412,2,1476,,0,0,0,1998-04-25,0.013260785075787,554.0,241.6210268099041
vuelta-a-espana/2012/stage-15,Vuelta a España,80,16.0,186700,3549,5,852,,1,0,0,2012-09-02,0.0190091055168719,1290.0,431.6093807358477
tour-de-suisse/1984/stage-8a,Tour de Suisse,50,,19500,270,3,646,,1,0,0,1984-06-21,0.0138461538461538,37.0,20.658331652548
tour-de-france/1999/stage-1,Tour de France,100,,208000,1829,1,1255,,1,0,0,1999-07-04,0.0087932692307692,0.0,0.0
dauphine/2009/stage-3,Critérium du Dauphiné Libéré,50,,182000,2778,3,708,,1,0,0,2009-06-09,0.0152637362637362,92.0,172.218705083761
paris-nice/1996/stage-8a,Paris - Nice,50,,71700,886,2,766,,1,0,0,1996-03-17,0.0123570432357043,0.0,0.0
tirreno-adriatico/2000/stage-3,Tirreno-Adriatico,50,,160000,1285,1,1197,,1,0,0,2000-03-10,0.00803125,10.0,4.630731924968184
vuelta-a-espana/2012/stage-8,Vuelta a España,80,16.0,175000,3565,5,852,,1,0,0,2012-08-25,0.0203714285714285,889.0,422.2807607069043
tour-de-france/2012/stage-18,Tour de France,100,20.0,222500,2146,1,1703,,1,0,0,2012-07-20,0.0096449438202247,16.0,175.34296056086131
giro-d-italia/1997/stage-14,Giro d'Italia,80,,240000,1904,1,792,,1,0,0,1997-05-31,0.0079333333333333,195.0,91.20024238194937
tour-de-france/1999/stage-13,Tour de France,100,,237000,4000,2,1255,,1,0,0,1999-07-17,0.0168776371308016,1352.0,358.3125503368953
gp-quebec/2017/result,Grand Prix Cycliste de Québec,225,500.0,201600,2824,3,824,,0,0,0,2017-09-08,0.0140079365079365,48.0,202.26373536141017
tour-de-france/2003/stage-14,Tour de France,100,,191500,5000,4,1688,,1,0,0,2003-07-20,0.0261096605744125,1589.0,692.8532584688461
volta-a-catalunya/2008/stage-6,Volta Ciclista a Catalunya,50,,106400,1608,2,616,,1,0,0,2008-05-25,0.0151127819548872,23.0,195.33620859022508
strade-bianche/2008/result,Monte Paschi Eroica,75,80.0,181000,2750,3,426,,0,0,0,2008-03-08,0.0151933701657458,110.0,180.24600586933525
giro-d-italia/1990/stage-14,Giro d'Italia,80,,164000,1416,1,1061,,1,0,0,1990-05-31,0.0086341463414634,13.0,5.481281277625192
tour-de-suisse/2008/stage-5,Tour de Suisse,50,,189700,3104,3,1041,,1,0,0,2008-06-18,0.0163626779124934,668.0,384.47072109937426
il-lombardia/2014/result,Il Lombardia,275,,254000,4066,2,1166,,0,0,0,2014-10-05,0.016007874015748,157.0,316.18362809312583
tour-de-france/1984/stage-12,Tour de France,100,,111000,1050,1,1632,,1,0,0,1984-07-10,0.0094594594594594,70.0,101.6382817762596
volta-a-catalunya/2006/stage-7,Volta Ciclista a Catalunya,50,,121600,1845,2,882,,1,0,0,2006-05-21,0.015172697368421,0.0,194.65584905840765
tour-de-suisse/2002/stage-7,Tour de Suisse,50,,170900,1908,2,673,,1,0,0,2002-06-25,0.0111644236395552,326.0,122.54549666917217
dauphine/2006/stage-1,Critérium du Dauphiné Libéré,50,,207000,2160,1,800,,1,0,0,2006-06-05,0.0104347826086956,13.0,1.9565148378070127
itzulia-basque-country/2016/stage-1,Vuelta Ciclista al País Vasco,50,50.0,144000,3271,2,943,,1,0,0,2016-04-04,0.0227152777777777,155.0,304.730044669162
tirreno-adriatico/1995/stage-5,Tirreno-Adriatico,50,,175000,1429,1,749,,1,0,0,1995-03-12,0.0081657142857142,112.5,37.79902996991679
dauphine/2005/stage-4,Critérium du Dauphiné Libéré,50,,182000,2798,3,933,,1,0,0,2005-06-09,0.0153736263736263,710.0,417.6717057650107
itzulia-basque-country/2001/stage-2,Vuelta al País Vasco,50,,175000,2459,3,898,,1,0,0,2001-04-10,0.0140514285714285,33.0,290.55819475452256
vuelta-a-espana/2017/stage-8,Vuelta a España,80,100.0,199500,2593,2,899,,1,0,0,2017-08-26,0.0129974937343358,712.0,404.98774317691726
paris-nice/1988/stage-2,Paris - Nice,50,,200000,1532,1,1146,,1,0,0,1988-03-08,0.00766,72.0,16.92584445533858
vuelta-a-espana/2008/stage-13,Vuelta a España,80,,209500,4413,5,1101,,1,0,0,2008-09-13,0.0210644391408114,993.0,386.5125428542579
tour-de-suisse/2000/stage-3,Tour de Suisse,50,,182000,2709,3,895,,1,0,0,2000-06-15,0.0148846153846153,274.5,280.755477929984
tour-de-france/2018/stage-7,Tour de France,100,120.0,231000,2255,1,1689,,1,0,0,2018-07-13,0.0097619047619047,0.0,56.41493195741649
amstel-gold-race/1976/result,Amstel Gold Race,225,,230000,2755,2,443,,0,0,0,1976-03-27,0.0119782608695652,407.0,85.52481421291627
giro-d-italia/2002/stage-4,Giro d'Italia,80,,232000,1668,2,920,,1,0,0,2002-05-15,0.0071896551724137,0.0,124.8030505244852
dwars-door-vlaanderen/2021/result,Dwars door Vlaanderen - A travers la Flandre ME,225,300.0,184100,1446,2,819,,0,0,0,2021-03-31,0.0078544269418794,268.0,226.7969034161923
giro-d-italia/2013/stage-14,Giro d'Italia,80,16.0,181000,2952,5,930,,1,0,0,2013-05-18,0.0163093922651933,862.0,480.0591390598228
paris-nice/2007/stage-4,Paris - Nice,50,,169500,2825,3,823,,1,0,0,2007-03-15,0.0166666666666666,307.0,224.90412263692497
tour-de-suisse/1978/prologue,Tour de Suisse,50,,4000,28,1,691,,1,0,0,1978-06-14,0.007,1.0,0.6324555320336759
paris-nice/1984/prologue,Paris - Nice,50,,4900,45,1,778,,1,0,0,1984-03-07,0.0091836734693877,13.0,4.293337692054015
itzulia-basque-country/2017/stage-1,Vuelta al País Vasco,50,50.0,153300,1822,2,811,,1,0,0,2017-04-03,0.0118851924331376,0.0,40.97242871827725
tour-de-france/1985/stage-17,Tour de France,100,,209500,5000,5,1470,,1,0,0,1985-07-16,0.0238663484486873,1036.0,587.256938551938
vuelta-a-espana/2003/stage-7,Vuelta a España,80,,190000,4432,5,935,,1,0,0,2003-09-12,0.0233263157894736,1647.0,702.1587555237754
omloop-het-nieuwsblad/1974/result,Omloop Het Volk,125,,193000,1559,1,615,,0,0,0,1974-03-02,0.0080777202072538,82.0,30.99308678675663
paris-nice/1976/stage-3,Paris - Nice,50,,129000,1322,1,779,,1,0,0,1976-03-10,0.0102480620155038,0.0,0.0
tour-de-suisse/1991/stage-5,Tour de Suisse,50,,22400,156,1,796,,1,0,0,1991-06-23,0.0069642857142857,107.0,52.813718756483055
giro-d-italia/2000/stage-3,Giro d'Italia,80,,177000,2507,2,866,,1,0,0,2000-05-16,0.0141638418079096,0.0,261.61035636791235
dauphine/2003/stage-7,Critérium du Dauphiné Libéré,50,,174000,2759,3,572,,1,0,0,2003-06-15,0.0158563218390804,501.0,425.9538233208317
tour-de-france/2003/stage-19,Tour de France,100,,49000,395,1,1688,,1,0,0,2003-07-26,0.0080612244897959,234.0,107.0472698201944
tour-de-suisse/1990/stage-3,Tour de Suisse,50,,162000,1959,2,767,,1,0,0,1990-06-15,0.0120925925925925,0.0,1.889822365046136
giro-d-italia/2022/stage-6,Giro d'Italia,80,100.0,192000,1498,2,817,21.0,1,0,0,2022-05-12,0.0078020833333333,0.0,27.754109527693995
giro-d-italia/1993/stage-4,Giro d'Italia,80,,179000,1369,1,1089,,1,0,0,1993-05-26,0.0076480446927374,0.0,0.0
vuelta-a-espana/1996/stage-8,Vuelta a España,80,,220000,1842,1,988,,1,0,0,1996-09-14,0.0083727272727272,0.0,58.24901491488832
omloop-het-nieuwsblad/1988/result,Omloop Het Volk,125,,246000,1398,1,649,,0,0,0,1988-03-05,0.0056829268292682,121.0,46.9359684359484
tour-de-france/2021/stage-5,Tour de France,100,120.0,27200,356,1,1646,,1,0,0,2021-06-30,0.0130882352941176,224.0,87.12010200047513
tour-de-suisse/1979/stage-9b,Tour de Suisse,50,,20000,238,2,538,,1,0,0,1979-06-22,0.0119,37.0,16.133815419794537
dwars-door-vlaanderen/2018/result,Dwars door Vlaanderen - A travers la Flandre ME,225,300.0,180000,1313,2,853,,0,0,0,2018-03-28,0.0072944444444444,407.0,230.93129267696128
e3-harelbeke/2013/result,E3 Prijs Vlaanderen - Harelbeke,225,,211000,1899,2,775,,0,0,0,2013-03-22,0.009,311.0,239.5791090319356
e3-harelbeke/1975/result,E3-Prijs Harelbeke,125,,226000,1549,1,261,,0,0,0,1975-03-22,0.0068539823008849,387.0,218.4270986757308
giro-d-italia/2002/stage-6,Giro d'Italia,80,,190000,2357,2,920,,1,0,0,2002-05-17,0.0124052631578947,391.0,359.39007175693166
vuelta-a-espana/2022/stage-14,La Vuelta ciclista a España,80,100.0,160300,3312,5,968,30.0,1,0,0,2022-09-03,0.0206612601372426,1053.5,516.706007224706
world-championship/1988/result,World Championships - Road Race,350,,274000,3689,2,1677,,0,0,0,1988-08-28,0.013463503649635,108.0,71.92441667284699
tour-de-france/1995/stage-10,Tour de France,100,,159000,5500,5,1871,,1,0,0,1995-07-12,0.0345911949685534,1520.0,617.9345478981276
giro-d-italia/2017/stage-20,Giro d'Italia,80,100.0,190000,3721,4,881,,1,0,0,2017-05-27,0.0195842105263157,1553.0,799.9075117392387
tour-de-suisse/2001/stage-9,Tour de Suisse,50,,175900,2508,3,873,,1,0,0,2001-06-28,0.0142581011938601,176.0,38.36830375027369
amstel-gold-race/2001/result,Amstel Gold Race,225,,257000,3465,2,1115,,0,0,0,2001-04-28,0.0134824902723735,161.0,187.575176463723
giro-d-italia/1990/stage-8,Giro d'Italia,80,,188000,2148,2,1061,,1,0,0,1990-05-25,0.0114255319148936,0.0,0.0
giro-d-italia/2021/stage-16,Giro d'Italia,80,100.0,153000,3942,4,885,,1,0,0,2021-05-24,0.0257647058823529,1697.0,826.2423044854974
volta-a-catalunya/2007/stage-2,Volta Ciclista a Catalunya,50,,170000,2249,2,816,,1,0,0,2007-05-22,0.0132294117647058,0.0,105.81191199012558
tour-de-france/2005/stage-1,Tour de France,50,,19000,27,1,1535,,1,0,0,2005-07-02,0.0014210526315789,150.0,40.67293566870534
giro-d-italia/2000/stage-18,Giro d'Italia,80,,176000,3725,5,866,,1,0,0,2000-06-01,0.0211647727272727,1001.0,453.1954912587328
tour-de-france/2000/stage-6,Tour de France,100,,198500,1522,1,1437,,1,0,0,2000-07-06,0.0076675062972292,469.0,233.90752358462296
tour-de-romandie/1990/stage-4,Tour de Romandie,50,,191000,2760,3,684,,1,0,0,1990-05-11,0.0144502617801047,0.0,1.5491933384829668
vuelta-a-espana/2005/stage-1,Vuelta a España,80,,7000,162,1,960,,1,0,0,2005-08-27,0.0231428571428571,50.0,20.83399512562409
omloop-het-nieuwsblad/2015/result,Omloop Het Nieuwsblad ME,125,,200200,1649,2,590,,0,0,0,2015-02-28,0.0082367632367632,619.0,188.1872664468753
il-lombardia/1986/result,Giro di Lombardia,275,,262000,3505,2,427,,0,0,0,1986-10-18,0.0133778625954198,485.0,341.46994389059364
vuelta-a-espana/2012/stage-7,Vuelta a España,80,16.0,160000,1300,2,852,,1,0,0,2012-08-24,0.008125,98.0,152.54690668407596
volta-a-catalunya/2014/stage-7,Volta Ciclista a Catalunya,50,6.0,120700,1838,2,896,,1,0,0,2014-03-30,0.0152278376139188,182.0,176.07199753746102
giro-d-italia/2009/stage-5,Giro d'Italia,80,,125000,2851,5,975,,1,0,0,2009-05-13,0.022808,828.0,375.24164516847674
giro-d-italia/2004/stage-9,Giro d'Italia,80,,142000,867,2,621,,1,0,0,2004-05-17,0.0061056338028169,0.0,166.97494826968864
vuelta-a-espana/2013/stage-6,Vuelta a España,80,16.0,175000,1620,1,1128,,1,0,0,2013-08-29,0.0092571428571428,0.0,58.75676551727757
giro-d-italia/2019/stage-3,Giro d'Italia,80,100.0,220000,1790,2,896,,1,0,0,2019-05-13,0.0081363636363636,46.0,85.60485537846446
milano-sanremo/2021/result,Milano-Sanremo,275,500.0,299000,2020,2,1088,,0,0,0,2021-03-20,0.0067558528428093,193.0,309.28252897234415
tour-de-romandie/2014/stage-1,Tour de Romandie,50,6.0,88600,1012,4,847,,1,0,0,2014-04-30,0.0114221218961625,57.0,239.88981475143228
vuelta-a-espana/1995/stage-13,Vuelta a España,80,,181000,1311,1,883,,1,0,0,1995-09-15,0.0072430939226519,585.5,302.04359508742004
tour-de-france/1978/stage-1a,Tour de France,100,,135000,438,1,1241,,1,0,0,1978-06-30,0.0032444444444444,1.0,23.04435145273124
tour-de-suisse/1974/stage-8,Tour de Suisse,50,,197000,1125,1,541,,1,0,0,1974-06-20,0.0057106598984771,0.0,0.0
dauphine/1983/stage-1,Critérium du Dauphiné Libéré,50,,186000,1053,1,621,,1,0,0,1983-05-31,0.0056612903225806,17.0,7.602631123499285
tirreno-adriatico/1992/stage-7,Tirreno-Adriatico,50,,18300,196,2,638,,1,0,0,1992-03-18,0.0107103825136612,23.0,13.352902306240392
tour-de-france/2004/stage-10,Tour de France,100,,237000,4500,3,1555,,1,0,0,2004-07-14,0.0189873417721519,1464.0,562.1456938485552
volta-a-catalunya/1998/stage-5,Volta Ciclista a Catalunya,50,,18000,257,3,859,,1,0,0,1998-06-22,0.0142777777777777,132.5,55.747254732914094
tour-de-suisse/1990/stage-11,Tour de Suisse,50,,173500,1771,1,767,,1,0,0,1990-06-22,0.010207492795389,0.0,0.0
tour-de-suisse/1979/stage-5,Tour de Suisse,50,,160000,317,1,538,,1,0,0,1979-06-18,0.00198125,0.0,0.0
tour-de-france/2013/stage-5,Tour de France,100,20.0,228500,2775,2,1690,,1,0,0,2013-07-03,0.012144420131291,0.0,240.88953872093816
paris-nice/2015/stage-5,Paris - Nice,50,6.0,192000,1789,3,1225,,1,0,0,2015-03-13,0.0093177083333333,0.0,122.10558928327607
itzulia-basque-country/2022/stage-2,Itzulia Basque Country,50,50.0,207920,2625,2,741,11.0,1,0,0,2022-04-05,0.0126250480954213,0.0,86.1238273788625
liege-bastogne-liege/2021/result,Liège-Bastogne-Liège,275,500.0,259100,4352,2,1147,,0,0,0,2021-04-25,0.0167966036279428,186.0,242.29967937343335
tour-de-france/1984/stage-7,Tour de France,100,,67000,606,1,1632,,1,0,0,1984-07-05,0.0090447761194029,391.0,194.58942943972647
vuelta-a-espana/1988/stage-12,Vuelta a España,80,,197500,3353,4,828,,1,0,0,1988-05-06,0.0169772151898734,3.0,0.9660917830792958
vuelta-a-espana/2014/stage-4,Vuelta a España,80,16.0,164700,1474,1,1175,,1,0,0,2014-08-26,0.0089496053430479,579.0,411.69751788028225
paris-nice/2006/stage-3,Paris - Nice,50,,168500,3443,4,795,,1,0,0,2006-03-08,0.0204332344213649,822.0,493.3842812160202
paris-roubaix/2015/result,Paris - Roubaix,275,,253500,1033,1,815,,0,0,0,2015-04-12,0.0040749506903353,470.0,458.25974943193415
tour-de-suisse/1992/stage-8,Tour de Suisse,50,,237000,3124,2,533,,1,0,0,1992-06-24,0.0131814345991561,13.0,5.307227776030219
volta-a-catalunya/2000/stage-5,Volta a Catalunya,50,,159000,3037,4,697,,1,0,0,2000-06-19,0.0191006289308176,1006.0,222.81415828120737
giro-d-italia/2019/stage-13,Giro d'Italia,80,100.0,196000,5187,5,896,,1,0,0,2019-05-24,0.0264642857142857,1838.0,859.9736700112294
tirreno-adriatico/1996/stage-7,Tirreno-Adriatico,50,,174000,812,1,585,,1,0,0,1996-03-19,0.0046666666666666,0.0,7.12039324756716
tour-de-suisse/1989/stage-1,Tour de Suisse,50,,148000,1270,1,604,,1,0,0,1989-06-14,0.008581081081081,0.0,0.0
tour-de-france/1992/stage-21,Tour de France,100,,141000,1808,2,2047,,1,0,0,1992-07-26,0.0128226950354609,0.0,5.019342431993697
tour-de-france/1990/stage-21,Tour de France,100,,182500,1285,1,1959,,1,0,0,1990-07-22,0.0070410958904109,0.0,6.6336579426873525
tour-de-france/1994/stage-13,Tour de France,100,,223000,1848,1,1731,,1,0,0,1994-07-16,0.008286995515695,9.0,256.57911119056286
tour-de-suisse/2021/stage-6,Tour de Suisse,50,60.0,130100,2719,4,670,,1,0,0,2021-06-11,0.0208993082244427,773.0,521.5345251399908
vuelta-a-espana/2007/stage-7,Vuelta a España,80,,176300,1792,1,995,,1,0,0,2007-09-07,0.0101644923425978,0.0,0.0
tour-de-france/1978/stage-22,Tour de France,100,,162000,1774,1,1241,,1,0,0,1978-07-23,0.0109506172839506,63.0,16.937309729483633
tour-de-france/2013/stage-16,Tour de France,100,20.0,168000,3073,4,1690,,1,0,0,2013-07-16,0.0182916666666666,1156.0,418.196879957427
vuelta-a-espana/2012/stage-17,Vuelta a España,80,16.0,187300,3834,5,852,,1,0,0,2012-09-05,0.0204698344901228,1251.0,459.03148772468967
tirreno-adriatico/2019/stage-4,Tirreno-Adriatico,50,60.0,221000,3350,2,1067,,1,0,0,2019-03-16,0.0151583710407239,810.0,732.720128134835
vuelta-a-espana/2007/stage-19,Vuelta a España,80,,133000,3294,5,995,,1,0,0,2007-09-21,0.024766917293233,1145.0,485.8943231763662
tour-de-france/2011/stage-16,Tour de France,100,20.0,162500,2372,4,1713,,1,0,0,2011-07-19,0.014596923076923,635.0,280.59798220417605
tour-de-france/2018/stage-9,Tour de France,100,120.0,156500,618,1,1689,,1,0,0,2018-07-15,0.0039488817891373,347.0,415.8371193401361
vuelta-a-espana/2014/stage-7,Vuelta a España,80,16.0,169000,2744,3,1175,,1,0,0,2014-08-29,0.0162366863905325,464.0,444.11355692058726
paris-nice/2003/stage-1,Paris - Nice,50,,191000,2574,2,831,,1,0,0,2003-03-10,0.0134764397905759,6.0,93.04609772972496
vuelta-a-espana/1985/stage-17,Vuelta a España,80,,43000,531,2,925,,1,0,0,1985-05-10,0.0123488372093023,335.0,153.3422649606351
volta-a-catalunya/2003/stage-3,Volta a Catalunya,50,,216600,3532,3,515,,1,0,0,2003-06-18,0.0163065558633425,973.0,379.85321525460745
giro-d-italia/1996/stage-1,Giro d'Italia,80,,170000,1355,1,1034,,1,0,0,1996-05-18,0.0079705882352941,0.0,237.1200004528928
giro-d-italia/2001/stage-10,Giro d'Italia,80,,212000,1400,2,920,,1,0,0,2001-05-29,0.0066037735849056,606.0,143.45279699220407
tour-de-france/1996/stage-1,Tour de France,100,,209000,1139,1,1872,,1,0,0,1996-06-30,0.0054497607655502,34.0,74.67065683181154
e3-harelbeke/2010/result,E3 Prijs Vlaanderen,125,,203000,1899,2,699,,0,0,0,2010-03-27,0.0093546798029556,196.0,178.96967343368138
amstel-gold-race/2000/result,Amstel Gold Race,225,,257000,3433,2,1352,,0,0,0,2000-04-22,0.0133579766536964,204.0,226.16625218271096
giro-d-italia/1995/stage-8,Giro d'Italia,80,,209000,1151,1,1365,,1,0,0,1995-05-20,0.0055071770334928,108.0,28.144878939627993
tour-de-suisse/2015/stage-2,Tour de Suisse,50,6.0,161100,2023,2,1048,,1,0,0,2015-06-14,0.0125574177529484,438.0,328.0799038511227
giro-d-italia/2009/stage-16,Giro d'Italia,80,,237000,5699,5,975,,1,0,0,2009-05-25,0.0240464135021097,2120.0,1011.7415488963672
vuelta-a-espana/1993/stage-7,Vuelta a España,80,,184000,1705,1,819,,1,0,0,1993-05-02,0.009266304347826,72.0,139.69390698290906
vuelta-a-espana/2003/stage-21,Vuelta a España,80,,145800,898,1,935,,1,0,0,2003-09-26,0.006159122085048,0.0,7.8153424442929795
paris-nice/1984/stage-4a,Paris - Nice,50,,64000,654,1,778,,1,0,0,1984-03-11,0.01021875,104.0,76.34422818046292
giro-d-italia/2006/stage-20,Giro d'Italia,80,,140000,430,1,997,,1,0,0,2006-05-28,0.0030714285714285,0.0,24.943142503338155
tour-de-suisse/1978/stage-1,Tour de Suisse,50,,197500,2870,3,691,,1,0,0,1978-06-15,0.0145316455696202,0.0,0.0
itzulia-basque-country/2013/stage-1,Vuelta Ciclista al País Vasco,50,6.0,156500,2729,4,927,,1,0,0,2013-04-01,0.0174376996805111,61.0,228.58497067802983
volta-a-catalunya/1977/stage-3b,Volta Ciclista a Catalunya,50,,78800,1376,4,490,,1,0,0,1977-09-10,0.0174619289340101,0.0,37.306508411297315
volta-a-catalunya/2002/stage-6,Volta a Catalunya,50,,180100,1993,2,431,,1,0,0,2002-06-22,0.0110660744031093,0.0,111.98498683920148
tour-de-suisse/1995/prologue,Tour de Suisse,50,,7100,43,1,764,,1,0,0,1995-06-13,0.006056338028169,9.0,7.082843120291926
tour-de-france/1997/stage-21,Tour de France,100,,149500,1630,1,1994,,1,0,0,1997-07-27,0.0109030100334448,0.0,16.641550254414124
vuelta-a-espana/1993/stage-3,Vuelta a España,80,,171400,2178,2,819,,1,0,0,1993-04-28,0.0127071178529754,2.0,154.3082486692034
volta-a-catalunya/1992/stage-2,Volta Ciclista a Catalunya,50,,202300,2455,2,758,,1,0,0,1992-09-10,0.012135442412259,0.0,0.0
vuelta-a-espana/2018/stage-16,La Vuelta ciclista a España,80,100.0,32000,501,1,1036,,1,0,0,2018-09-11,0.01565625,281.0,111.21227181084996
paris-nice/1983/stage-6,Paris - Nice,50,,173000,1442,1,658,,1,0,0,1983-03-15,0.0083352601156069,129.0,49.534070931092835
volta-a-catalunya/1983/stage-7b,Volta Ciclista a Catalunya,50,,33000,307,1,583,,1,0,0,1983-09-14,0.0093030303030303,65.0,34.25476446990825
vuelta-a-espana/1985/prologue,Vuelta a España,80,,5600,99,4,925,,1,0,0,1985-04-23,0.0176785714285714,22.0,6.055390582121092
itzulia-basque-country/2015/stage-5,Vuelta Ciclista al País Vasco,50,6.0,155500,3377,3,970,,1,0,0,2015-04-10,0.021717041800643,297.0,277.1304336244873
tour-de-suisse/2006/stage-8,Tour de Suisse,50,,166300,3235,4,972,,1,0,0,2006-06-17,0.0194527961515333,679.0,619.6783720152407
amstel-gold-race/2008/result,Amstel Gold Race,225,,257400,3436,2,1045,,0,0,0,2008-04-20,0.0133488733488733,325.0,301.87892789062477
giro-d-italia/2018/stage-19,Giro d'Italia,80,100.0,184000,5216,5,838,,1,0,0,2018-05-25,0.0283478260869565,2274.5,704.4867560752709
giro-d-italia/1991/stage-2a,Giro d'Italia,80,,127000,983,1,908,,1,0,0,1991-05-27,0.0077401574803149,0.0,0.0
dauphine/2000/stage-3,Criterium du Dauphiné Libére,50,,35700,474,2,494,,1,0,0,2000-06-07,0.0132773109243697,300.0,123.2902960109198
giro-d-italia/2001/stage-9,Giro d'Italia,80,,142000,153,1,920,,1,0,0,2001-05-28,0.0010774647887323,0.0,34.68060983983958
giro-d-italia/2005/stage-8,Giro d'Italia,50,,45000,579,2,929,,1,0,0,2005-05-15,0.0128666666666666,332.0,124.97184142094363
tour-de-france/1980/stage-15,Tour de France,100,,160000,1057,3,1224,,1,0,0,1980-07-12,0.00660625,9.0,38.89659193137033
giro-d-italia/2015/stage-10,Giro d'Italia,80,16.0,200000,841,1,861,,1,0,0,2015-05-19,0.004205,42.0,106.80651393313904
giro-d-italia/2019/stage-6,Giro d'Italia,80,100.0,238000,2881,2,896,,1,0,0,2019-05-16,0.0121050420168067,439.0,469.8119495564536
tour-de-romandie/2019/stage-5,Tour de Romandie,50,60.0,16850,162,1,570,,1,0,0,2019-05-05,0.0096142433234421,105.5,43.62687583779975
giro-d-italia/1990/stage-18,Giro d'Italia,80,,180000,845,1,1061,,1,0,0,1990-06-04,0.0046944444444444,0.0,0.0
itzulia-basque-country/2003/stage-1,Vuelta al País Vasco,50,,129000,1529,2,910,,1,0,0,2003-04-07,0.0118527131782945,41.0,120.07572884198666
giro-d-italia/2018/stage-8,Giro d'Italia,80,100.0,209000,3248,5,838,,1,0,0,2018-05-12,0.0155406698564593,879.5,452.5647722639563
tour-de-france/1994/stage-14,Tour de France,100,,202000,2500,2,1731,,1,0,0,1994-07-17,0.0123762376237623,356.0,156.28229498064528
dauphine/1977/prologue,Critérium du Dauphiné Libéré,50,,5000,35,1,809,,1,0,0,1977-05-30,0.007,10.5,5.546770832355224
dauphine/2014/stage-6,Critérium du Dauphiné,50,6.0,178500,1967,2,941,,1,0,0,2014-06-13,0.0110196078431372,305.0,201.13629379127343
paris-nice/1982/stage-6,Paris - Nice,50,,185000,2100,2,721,,1,0,0,1982-03-17,0.0113513513513513,260.0,66.19775568055806
paris-nice/2020/stage-2,Paris - Nice,50,60.0,166500,1173,1,1082,,1,0,0,2020-03-09,0.007045045045045,141.0,155.25239228020405
giro-d-italia/2007/stage-19,Giro d'Italia,80,,178000,2710,4,844,,1,0,0,2007-06-01,0.0152247191011235,1388.0,597.3714114664429
vuelta-a-espana/2012/stage-3,Vuelta a España,80,16.0,153000,2470,4,852,,1,0,0,2012-08-20,0.0161437908496732,336.0,273.27453818597957
tour-de-suisse/2022/stage-3,Tour de Suisse,50,60.0,176900,3125,2,767,26.0,1,0,0,2022-06-14,0.0176653476540418,67.0,194.43785586680335
tour-de-france/2008/stage-11,Tour de France,100,,167500,2863,4,1520,,1,0,0,2008-07-16,0.0170925373134328,891.0,343.70568477761185
itzulia-basque-country/2014/stage-4,Vuelta Ciclista al País Vasco,50,6.0,151000,2821,2,912,,1,0,0,2014-04-10,0.018682119205298,602.0,516.6395978572241
tour-de-france/1983/stage-7,Tour de France,100,,216000,881,1,1269,,1,0,0,1983-07-08,0.0040787037037037,0.0,19.864565727635135
tour-de-france/1983/stage-12,Tour de France,100,,254000,2500,3,1269,,1,0,0,1983-07-13,0.0098425196850393,118.0,425.820414043394
paris-nice/1998/stage-3,Paris - Nice,50,,194500,2257,2,960,,1,0,0,1998-03-11,0.0116041131105398,0.0,209.4503710234357
tirreno-adriatico/2007/stage-5,Tirreno-Adriatico,50,,20500,295,2,1148,,1,0,0,2007-03-18,0.014390243902439,171.0,76.57224905599963
giro-d-italia/2006/stage-6,Giro d'Italia,80,,236000,4513,5,997,,1,0,0,2006-05-13,0.0191228813559322,827.0,503.8758647690662
tirreno-adriatico/1995/stage-4,Tirreno-Adriatico,50,,200000,2905,3,749,,1,0,0,1995-03-11,0.014525,10.0,4.067486256208427
dauphine/1993/stage-1,Critérium du Dauphiné Libéré,50,,188000,4756,5,386,,1,0,0,1993-06-01,0.0252978723404255,0.0,0.0
la-fleche-wallone/2008/result,La Flèche Wallonne,225,,200000,2757,3,1070,,0,0,0,2008-04-23,0.013785,190.0,186.52905791309797
vuelta-a-espana/2022/stage-11,La Vuelta ciclista a España,80,100.0,191200,1592,1,968,30.0,1,0,0,2022-08-31,0.0083263598326359,0.0,43.03203494141294
tour-de-france/2004/stage-11,Tour de France,100,,164000,3248,2,1555,,1,0,0,2004-07-15,0.0198048780487804,379.0,126.91370947468133
tour-de-france/1981/stage-22,Tour de France,100,,186800,2180,1,1362,,1,0,0,1981-07-19,0.0116702355460385,0.0,0.0
tour-de-suisse/2006/stage-4,Tour de Suisse,50,,161300,3111,4,972,,1,0,0,2006-06-13,0.0192870427774333,475.5,439.3174714948477
giro-d-italia/2006/stage-15,Giro d'Italia,80,,173000,3405,5,997,,1,0,0,2006-05-23,0.0196820809248554,802.0,438.52785127396385
vuelta-a-espana/1981/stage-5,Vuelta a España,80,,152000,1882,2,457,,1,0,0,1981-04-26,0.0123815789473684,160.0,222.41575746915737
tirreno-adriatico/2008/stage-7,Tirreno-Adriatico,50,,176000,1874,1,1136,,1,0,0,2008-03-18,0.0106477272727272,94.0,108.8628966947336
tirreno-adriatico/2009/stage-4,Tirreno-Adriatico,50,,171000,2307,3,1206,,1,0,0,2009-03-14,0.0134912280701754,668.0,337.9634144453301
dauphine/2008/stage-3,Critérium du Dauphiné Libéré,50,,184000,1198,1,644,,1,0,0,2008-06-10,0.0065108695652173,15.0,62.05065944233831
itzulia-basque-country/2017/stage-2,Vuelta al País Vasco,50,50.0,173400,2496,4,811,,1,0,0,2017-04-04,0.01439446366782,0.0,54.02478245267892
vuelta-a-espana/2021/stage-16,La Vuelta ciclista a España,80,100.0,180000,2279,2,1023,24.0,1,0,0,2021-08-31,0.0126611111111111,0.0,139.94418267398933
tour-de-romandie/1994/stage-4,Tour de Romandie,50,,101100,1600,3,780,,1,0,0,1994-05-08,0.0158259149357072,0.0,0.0
giro-d-italia/2020/stage-5,Giro d'Italia,80,100.0,225000,4705,4,765,,1,0,0,2020-10-07,0.0209111111111111,994.0,644.3745414082213
tour-de-suisse/1986/stage-9,Tour de Suisse,50,,195000,3185,3,835,,1,0,0,1986-06-19,0.0163333333333333,62.0,29.467307685335324
vuelta-a-espana/1996/stage-15,Vuelta a España,80,,220000,4265,4,988,,1,0,0,1996-09-22,0.0193863636363636,978.0,507.44946608497025
vuelta-a-espana/2005/stage-19,Vuelta a España,80,,142900,2287,2,960,,1,0,0,2005-09-16,0.0160041987403778,925.0,308.7151498461518
itzulia-basque-country/2022/stage-6,Itzulia Basque Country,50,50.0,135700,3636,3,741,13.0,1,0,0,2022-04-09,0.0267943994104642,391.5,307.8518366346985
tirreno-adriatico/1978/prologue,Tirreno-Adriatico,50,,8000,47,1,512,,1,0,0,1978-03-11,0.005875,5.0,5.192943930629973
tour-de-france/2007/stage-16,Tour de France,100,,218500,6031,5,1612,,1,0,0,2007-07-25,0.0276018306636155,1797.5,890.4471835067969
vuelta-a-espana/1991/stage-7,Vuelta a España,80,,188000,1964,1,1042,,1,0,0,1991-05-05,0.0104468085106382,0.0,0.0
volta-a-catalunya/2016/stage-5,Volta Ciclista a Catalunya,50,50.0,187200,2280,2,1045,,1,0,0,2016-03-25,0.0121794871794871,88.0,214.0191192212781
tour-de-romandie/2008/prologue,Tour de Romandie,50,,1900,68,1,590,,1,0,0,2008-04-29,0.0357894736842105,7.0,3.5752317238459703
dauphine/2004/stage-5,Critérium du Dauphiné Libéré,50,,149000,2259,3,737,,1,0,0,2004-06-11,0.0151610738255033,372.0,111.6373967124514
giro-d-italia/1992/stage-14,Giro d'Italia,80,,171000,1074,1,953,,1,0,0,1992-06-07,0.0062807017543859,13.5,84.05315778323461
paris-nice/1970/stage-6,Paris - Nice,50,,126000,1404,2,1121,,1,0,0,1970-03-14,0.0111428571428571,57.0,26.91158362737751
vuelta-a-espana/1989/stage-10,Vuelta a España,80,,202000,2000,1,803,,1,0,0,1989-05-03,0.0099009900990099,14.0,4.427188724235731
tour-de-france/2004/stage-13,Tour de France,70,,205500,5500,5,1555,,1,0,0,2004-07-17,0.0267639902676399,1874.0,804.5187867984804
vuelta-a-espana/1996/stage-2,Vuelta a España,80,,210000,2390,2,988,,1,0,0,1996-09-08,0.0113809523809523,6.0,4.091766313718438
tour-de-suisse/1977/stage-4,Tour de Suisse,50,,227000,3561,3,627,,1,0,0,1977-06-19,0.0156872246696035,0.0,0.0
giro-d-italia/2007/stage-8,Giro d'Italia,80,,197000,2906,2,844,,1,0,0,2007-05-20,0.0147512690355329,259.0,333.08144225649573
paris-nice/2012/stage-8,Paris - Nice,50,6.0,9600,511,5,1079,,1,0,0,2012-03-11,0.0532291666666666,167.0,74.58427962914558
tour-de-suisse/2000/stage-2,Tour de Suisse,50,,197000,2130,2,895,,1,0,0,2000-06-14,0.0108121827411167,7.0,161.16584008506368
vuelta-a-espana/2003/stage-6,Vuelta a España,80,,43800,305,1,935,,1,0,0,2003-09-11,0.0069634703196347,389.0,124.82508790421488
vuelta-a-espana/2005/stage-7,Vuelta a España,80,,212500,2754,1,960,,1,0,0,2005-09-02,0.01296,0.0,118.65426727476996
tour-de-suisse/1981/stage-3b,Tour de Suisse,50,,12000,50,1,516,,1,0,0,1981-06-13,0.0041666666666666,14.0,14.628738838327791
giro-d-italia/2001/stage-1,Giro d'Italia,80,,202000,2822,2,920,,1,0,0,2001-05-20,0.0139702970297029,115.0,145.8688585620655
gp-quebec/2018/result,Grand Prix Cycliste de Québec,225,500.0,201600,2508,3,742,,0,0,0,2018-09-07,0.0124404761904761,75.0,153.6545028654644
tour-de-suisse/1994/stage-4,Tour de Suisse,50,,207500,2464,2,616,,1,0,0,1994-06-18,0.0118746987951807,0.0,0.0
amstel-gold-race/1973/result,Amstel Gold Race,225,,238000,3446,3,441,,0,0,0,1973-04-07,0.0144789915966386,586.5,191.35780497228097
paris-nice/2013/stage-6,Paris - Nice,50,6.0,220000,3210,4,917,,1,0,0,2013-03-09,0.014590909090909,520.0,569.1844175338174
vuelta-a-espana/1991/stage-9,Vuelta a España,80,,140000,1435,1,1042,,1,0,0,1991-05-07,0.01025,0.0,0.0
volta-a-catalunya/1997/stage-7,Volta Ciclista a Catalunya,50,,234000,3585,3,419,,1,0,0,1997-06-25,0.0153205128205128,58.5,314.545442130124
tirreno-adriatico/1993/stage-5,Tirreno-Adriatico,50,,163000,300,1,568,,1,0,0,1993-03-14,0.001840490797546,0.0,0.0
ronde-van-vlaanderen/2002/result,Ronde van Vlaanderen / Tour des Flandres,275,,264000,2650,2,748,,0,0,0,2002-04-08,0.0100378787878787,157.0,388.64573955148205
vuelta-a-espana/2012/stage-16,Vuelta a España,80,16.0,185000,5159,5,852,,1,0,0,2012-09-03,0.0278864864864864,1619.0,609.3993005826677
dauphine/1987/stage-1,Critérium du Dauphiné Libéré,50,,202000,1490,1,505,,1,0,0,1987-05-26,0.0073762376237623,0.0,0.0
tour-de-france/1989/stage-18,Tour de France,100,,91500,2560,5,1849,,1,0,0,1989-07-20,0.0279781420765027,587.0,209.28228984525555
giro-d-italia/2006/stage-10,Giro d'Italia,50,,50000,69,1,997,,1,0,0,2006-05-18,0.00138,376.0,130.35267074898212
vuelta-a-espana/2000/stage-3,Vuelta a España,80,,198000,1495,1,981,,1,0,0,2000-08-28,0.007550505050505,0.0,304.80325248099456
giro-d-italia/2003/stage-2,Giro d'Italia,80,,177000,1057,2,734,,1,0,0,2003-05-11,0.0059717514124293,153.0,231.13400257363384
paris-roubaix/1991/result,Paris - Roubaix,275,,266000,2659,1,861,,0,0,0,1991-04-14,0.0099962406015037,323.0,362.74259335662214
paris-nice/1970/stage-8b,Paris - Nice,50,,9500,23,1,1121,,1,0,0,1970-03-16,0.0024210526315789,91.5,37.840160911097854
vuelta-a-espana/2009/stage-18,Vuelta a España,80,,165000,3363,4,1220,,1,0,0,2009-09-17,0.0203818181818181,655.0,286.3474093630338
e3-harelbeke/2007/result,E3 Prijs Vlaanderen,125,,203000,2054,2,821,,0,0,0,2007-03-31,0.0101182266009852,402.0,270.91451612517653
dauphine/1992/stage-1,Critérium du Dauphiné Libéré,50,,147800,366,1,492,,1,0,0,1992-06-01,0.0024763193504736,0.0,0.0
giro-d-italia/2006/prologue,Giro d'Italia,80,,6200,171,1,997,,1,0,0,2006-05-06,0.0275806451612903,55.0,20.112738243836827
la-fleche-wallone/1975/result,La Flèche Wallonne,225,,225000,3536,3,763,,0,0,0,1975-04-17,0.0157155555555555,422.0,211.31874860153908
tour-de-suisse/2011/stage-8,Tour de Suisse,50,6.0,167300,2265,2,972,,1,0,0,2011-06-18,0.0135385534967124,103.0,203.15531184220103
vuelta-a-espana/2020/stage-18,La Vuelta ciclista a España,80,100.0,139600,1492,2,692,,1,0,0,2020-11-08,0.0106876790830945,0.0,34.656492469416015
tour-de-france/1984/stage-18,Tour de France,100,,185000,6000,5,1632,,1,0,0,1984-07-17,0.0324324324324324,1685.0,693.2377353954145
liege-bastogne-liege/1994/result,Liège - Bastogne - Liège,275,,268500,3346,2,997,,0,0,0,1994-04-17,0.012461824953445,668.0,298.389476293221
volta-a-catalunya/1996/stage-5,Volta Ciclista a Catalunya,50,,188000,3742,4,327,,1,0,0,1996-06-18,0.0199042553191489,0.0,0.0
tour-de-romandie/2021/prologue,Tour de Romandie,50,60.0,4050,82,1,560,,1,0,0,2021-04-27,0.0202469135802469,31.0,12.585761298445927
paris-nice/1976/stage-7a,Paris - Nice,50,,78000,1095,3,779,,1,0,0,1976-03-14,0.0140384615384615,13.0,3.8508372295412663
volta-a-catalunya/2008/stage-2,Volta Ciclista a Catalunya,50,,191900,3339,4,616,,1,0,0,2008-05-21,0.0173996873371547,692.0,660.7163969717211
e3-harelbeke/2016/result,E3 Harelbeke,225,400.0,206000,1779,2,697,,0,0,0,2016-03-25,0.008635922330097,414.0,229.6298231451125
giro-d-italia/2017/stage-11,Giro d'Italia,80,100.0,161000,3912,4,881,,1,0,0,2017-05-17,0.0242981366459627,978.0,632.4183370958107
e3-harelbeke/1995/result,E3-Prijs Harelbeke,125,,206000,1516,1,341,,0,0,0,1995-03-25,0.0073592233009708,95.0,156.70954774021007
giro-d-italia/2003/stage-4,Giro d'Italia,80,,170000,1810,2,734,,1,0,0,2003-05-13,0.0106470588235294,0.0,361.3013902499797
la-fleche-wallone/2001/result,La Flèche Wallonne,225,,198000,2707,3,896,,0,0,0,2001-04-18,0.0136717171717171,156.0,194.8490666931941
tour-de-france/2013/stage-13,Tour de France,100,20.0,173000,1036,1,1690,,1,0,0,2013-07-12,0.0059884393063583,594.0,291.29664642515024
tour-de-france/1996/stage-5,Tour de France,100,,242000,2518,1,1872,,1,0,0,1996-07-04,0.0104049586776859,0.0,157.2441111857997
tirreno-adriatico/2017/stage-7,Tirreno-Adriatico,50,60.0,10050,13,1,1036,,1,0,0,2017-03-14,0.0012935323383084,59.0,32.29939798479444
giro-d-italia/2017/stage-18,Giro d'Italia,80,100.0,137000,3961,5,881,,1,0,0,2017-05-25,0.028912408759124,1977.0,775.2137960356049
tour-de-suisse/1993/stage-7,Tour de Suisse,50,,185000,693,1,655,,1,0,0,1993-06-21,0.0037459459459459,52.0,30.576679566842
giro-d-italia/2018/stage-4,Giro d'Italia,80,100.0,202000,3428,3,838,,1,0,0,2018-05-08,0.0169702970297029,198.0,277.567885460689
tour-de-romandie/1998/stage-3,Tour de Romandie,50,,151100,2638,4,857,,1,0,0,1998-05-08,0.0174586366644606,1054.0,495.826714135623
volta-a-catalunya/1999/stage-2,Volta Ciclista a Catalunya,50,,172500,2355,3,804,,1,0,0,1999-06-19,0.0136521739130434,19.0,43.69999268247057
tour-de-france/2005/stage-2,Tour de France,100,,182000,432,1,1535,,1,0,0,2005-07-03,0.0023736263736263,0.0,0.0
tour-de-france/1992/stage-20,Tour de France,100,,222000,1489,2,2047,,1,0,0,1992-07-25,0.0067072072072072,451.0,111.32461518609766
giro-d-italia/2012/stage-13,Giro d'Italia,80,16.0,121000,1740,1,886,,1,0,0,2012-05-18,0.0143801652892562,0.0,99.37582435046716
tour-de-france/1982/stage-14,Tour de France,100,,32000,551,3,1492,,1,0,0,1982-07-18,0.01721875,235.5,87.81088649100799
giro-d-italia/2008/stage-15,Giro d'Italia,80,,153000,4864,5,1058,,1,0,0,2008-05-25,0.0317908496732026,1553.0,690.6981691871191
giro-d-italia/1990/stage-4a,Giro d'Italia,80,,31000,510,3,1061,,1,0,0,1990-05-21,0.0164516129032258,0.0,0.0
tour-de-france/1978/stage-18,Tour de France,100,,137000,2500,3,1241,,1,0,0,1978-07-19,0.0182481751824817,268.0,330.1417278072562
volta-a-catalunya/1998/stage-3,Volta Ciclista a Catalunya,50,,151300,2097,3,859,,1,0,0,1998-06-20,0.0138598810310641,0.0,14.24786478015744
paris-nice/2020/stage-4,Paris - Nice,50,60.0,15100,225,2,1082,,1,0,0,2020-03-11,0.0149006622516556,86.0,47.89754021841163
liege-bastogne-liege/1979/result,Liège - Bastogne - Liège,275,,241700,3489,3,602,,0,0,0,1979-04-22,0.014435250310302,86.5,38.77604944526983
giro-d-italia/2007/stage-5,Giro d'Italia,80,,173000,1720,2,844,,1,0,0,2007-05-17,0.0099421965317919,0.0,85.73027375374818
dauphine/2014/stage-4,Critérium du Dauphiné,50,6.0,169500,2290,2,941,,1,0,0,2014-06-11,0.0135103244837758,422.0,350.2619607426302
tour-de-france/1984/stage-2,Tour de France,100,,250000,2397,1,1632,,1,0,0,1984-07-01,0.009588,7.0,19.75992350939424
tour-de-france/2012/stage-13,Tour de France,100,20.0,217000,1795,1,1703,,1,0,0,2012-07-14,0.0082718894009216,516.0,350.7442254165907
tour-de-france/1994/stage-5,Tour de France,100,,187000,2223,1,1731,,1,0,0,1994-07-07,0.0118877005347593,0.0,106.19308202699015
paris-nice/2007/stage-5,Paris - Nice,50,,178000,2616,2,823,,1,0,0,2007-03-16,0.0146966292134831,76.0,402.6813783514734
tour-de-suisse/1993/stage-9,Tour de Suisse,50,,178700,647,1,655,,1,0,0,1993-06-23,0.0036205931729155,4.0,5.657836257007718
gp-montreal/2015/result,Grand Prix Cycliste de Montréal,225,,205600,2840,2,888,,0,0,0,2015-09-13,0.0138132295719844,78.0,176.94998620810236
vuelta-a-espana/2007/stage-13,Vuelta a España,80,,176400,1240,1,995,,1,0,0,2007-09-14,0.0070294784580498,286.0,60.09177939801346
tour-de-france/1987/stage-17,Tour de France,100,,229000,2500,2,1812,,1,0,0,1987-07-17,0.0109170305676855,0.0,73.11709977710039
vuelta-a-espana/2001/stage-3,Vuelta a España,80,,140500,567,1,971,,1,0,0,2001-09-10,0.004035587188612,22.0,63.322328349107494
paris-nice/1970/stage-8a,Paris - Nice,50,,108000,796,1,1121,,1,0,0,1970-03-16,0.0073703703703703,26.0,21.97978869577938
vuelta-a-espana/1994/stage-1,Vuelta a España,80,,9000,65,1,791,,1,0,0,1994-04-25,0.0072222222222222,83.5,26.773109666185658
giro-d-italia/2007/stage-15,Giro d'Italia,80,,184000,5159,5,844,,1,0,0,2007-05-27,0.0280380434782608,2072.0,741.1031962606434
vuelta-a-espana/2005/stage-18,Vuelta a España,80,,197500,3625,4,960,,1,0,0,2005-09-15,0.0183544303797468,1227.0,513.9444995063518
giro-d-italia/1991/stage-12,Giro d'Italia,80,,182000,1056,1,908,,1,0,0,1991-06-07,0.0058021978021978,28.0,41.72342800447303
vuelta-a-espana/2002/stage-20,Vuelta a España,80,,141200,1059,1,1084,,1,0,0,2002-09-27,0.0075,0.0,0.0
volta-a-catalunya/2006/stage-5,Volta Ciclista a Catalunya,50,,161500,3192,2,882,,1,0,0,2006-05-19,0.0197647058823529,91.0,412.61257079932295
volta-a-catalunya/2002/stage-3,Volta a Catalunya,50,,10800,580,5,431,,1,0,0,2002-06-19,0.0537037037037037,183.0,82.08996544648257
giro-d-italia/2015/stage-11,Giro d'Italia,80,16.0,153000,2949,2,861,,1,0,0,2015-05-20,0.0192745098039215,1145.0,495.5404645068447
giro-d-italia/2014/stage-16,Giro d'Italia,80,16.0,139000,4545,5,892,,1,0,0,2014-05-27,0.0326978417266187,2373.0,756.2216036302913
liege-bastogne-liege/1988/result,Liège - Bastogne - Liège,275,,260000,2627,1,808,,0,0,0,1988-04-17,0.0101038461538461,45.0,220.02325379727128
liege-bastogne-liege/1970/result,Liège - Bastogne - Liège,275,,235000,2750,2,451,,0,0,0,1970-04-17,0.0117021276595744,619.0,332.28705219654785
vuelta-a-espana/2001/stage-2,Vuelta a España,80,,147200,673,1,971,,1,0,0,2001-09-09,0.0045720108695652,3.0,28.053183140419783
vuelta-a-espana/2009/stage-12,Vuelta a España,80,,179300,5234,5,1220,,1,0,0,2009-09-11,0.0291912994980479,980.0,477.5001712745262
tour-de-france/2019/stage-12,Tour de France,100,120.0,209500,3088,4,1699,,1,0,0,2019-07-18,0.0147398568019093,575.0,459.0015123650616
amstel-gold-race/2010/result,Amstel Gold Race,225,,257000,3445,2,1012,,0,0,0,2010-04-18,0.0134046692607003,218.0,279.65619141662705
itzulia-basque-country/2014/stage-1,Vuelta Ciclista al País Vasco,50,6.0,153400,2994,2,912,,1,0,0,2014-04-07,0.0195176010430247,605.0,406.8445960044366
amstel-gold-race/1970/result,Amstel Gold Race,225,,240000,2611,2,372,,0,0,0,1970-04-25,0.0108791666666666,52.0,96.75986334139871
tour-de-france/1987/stage-19,Tour de France,100,,185000,4842,4,1812,,1,0,0,1987-07-20,0.0261729729729729,916.0,578.0067268022503
itzulia-basque-country/2014/stage-6,Vuelta Ciclista al País Vasco,50,6.0,25900,664,2,912,,1,0,0,2014-04-12,0.0256370656370656,215.0,113.7135198961412
vuelta-a-espana/1995/stage-9,Vuelta a España,80,,122500,2247,4,883,,1,0,0,1995-09-11,0.0183428571428571,70.0,21.105794120443456
vuelta-a-espana/1990/stage-10,Vuelta a España,80,,230000,1174,1,807,,1,0,0,1990-05-03,0.0051043478260869,0.0,0.0
giro-d-italia/2003/stage-15,Giro d'Italia,80,,42500,304,2,734,,1,0,0,2003-05-25,0.0071529411764705,316.0,106.60647459265856
san-sebastian/1981/result,Clásica San Sebastián,225,,230000,2738,2,250,,0,0,0,1981-08-11,0.0119043478260869,304.0,80.28813771330896
giro-d-italia/2005/stage-1,Giro d'Italia,80,,208000,1785,3,929,,1,0,0,2005-05-08,0.0085817307692307,34.0,30.653096360628155
gp-montreal/2022/result,Grand Prix Cycliste de Montréal,225,500.0,221400,4124,2,864,22.0,0,0,0,2022-09-11,0.0186269196025293,130.5,295.1060398176257
volta-a-catalunya/2006/stage-2,Volta Ciclista a Catalunya,50,,156800,2063,2,882,,1,0,0,2006-05-16,0.013156887755102,12.0,148.1059980487998
tour-de-france/1989/stage-16,Tour de France,100,,175000,4000,5,1849,,1,0,0,1989-07-18,0.0228571428571428,1005.0,458.5561216839011
tirreno-adriatico/1991/stage-2,Tirreno-Adriatico,50,,206000,2183,2,710,,1,0,0,1991-03-14,0.0105970873786407,8.0,3.3730961708462712
volta-a-catalunya/2017/stage-1,Volta Ciclista a Catalunya,50,50.0,178900,2923,4,883,,1,0,0,2017-03-20,0.016338736724427,0.0,227.1737953795926
e3-harelbeke/2008/result,E3 Prijs Vlaanderen,125,,203000,1905,2,708,,0,0,0,2008-03-29,0.0093842364532019,255.0,180.9459206509069
vuelta-a-espana/1987/stage-13,Vuelta a España,80,,223000,3500,3,838,,1,0,0,1987-05-06,0.0156950672645739,237.0,106.50946749780822
giro-d-italia/2019/stage-8,Giro d'Italia,80,100.0,239000,1998,2,896,,1,0,0,2019-05-18,0.0083598326359832,107.0,249.0274084455666
tour-de-romandie/1998/stage-2,Tour de Romandie,50,,183300,2818,3,857,,1,0,0,1998-05-07,0.0153737043098745,302.0,339.5330633615498
liege-bastogne-liege/2020/result,Liège-Bastogne-Liège,275,500.0,257000,4353,2,867,,0,0,0,2020-10-04,0.0169377431906614,359.0,294.3172251708317
vuelta-a-espana/1989/stage-7,Vuelta a España,80,,157000,2186,3,803,,1,0,0,1989-04-30,0.0139235668789808,5.0,2.4244128727957572
tour-de-france/2016/stage-2,Tour de France,100,120.0,183000,1985,3,1758,,1,0,0,2016-07-03,0.0108469945355191,172.0,199.45057776122584
tour-de-suisse/1992/stage-6,Tour de Suisse,50,,235500,3120,2,533,,1,0,0,1992-06-22,0.0132484076433121,0.0,0.0
tour-de-romandie/1990/stage-6,Tour de Romandie,50,,198500,2803,3,684,,1,0,0,1990-05-13,0.0141209068010075,0.0,0.0
tour-de-romandie/1975/stage-5b,Tour de Romandie,50,,25200,558,4,429,,1,0,0,1975-05-11,0.0221428571428571,53.0,29.47767516839368
paris-nice/2003/stage-4,Paris - Nice,50,,16500,116,1,831,,1,0,0,2003-03-13,0.007030303030303,100.0,48.01517331020423
vuelta-a-espana/1992/stage-1,Vuelta a España,80,,9200,90,1,1033,,1,0,0,1992-04-27,0.0097826086956521,55.0,27.50576597389081
dwars-door-vlaanderen/2008/result,Dwars door Vlaanderen,75,,200000,2125,2,460,,0,0,0,2008-03-26,0.010625,44.0,24.04808225031511
vuelta-a-espana/1999/stage-7,Vuelta a España,80,,217000,564,1,1342,,1,0,0,1999-09-11,0.0025990783410138,0.0,73.02187212095795
tour-de-suisse/1995/stage-6,Tour de Suisse,50,,169200,1858,2,764,,1,0,0,1995-06-19,0.0109810874704491,0.0,0.0
tour-de-france/2000/stage-17,Tour de France,100,,155000,2455,2,1437,,1,0,0,2000-07-19,0.0158387096774193,66.0,326.34695405878944
tour-de-france/2017/stage-2,Tour de France,100,120.0,203500,1278,1,1791,,1,0,0,2017-07-02,0.0062800982800982,0.0,159.2711706691257
giro-d-italia/2022/stage-2,Giro d'Italia,80,100.0,9200,81,1,817,,1,0,0,2022-05-07,0.0088043478260869,54.0,21.884080334466553
paris-nice/2015/prologue,Paris - Nice,50,6.0,6700,61,1,1225,,1,0,0,2015-03-08,0.0091044776119402,33.0,21.78199591203592
ronde-van-vlaanderen/1971/result,Ronde van Vlaanderen / Tour des Flandres,275,,268000,3678,3,1026,,0,0,0,1971-04-04,0.0137238805970149,44.0,22.482352810486994
giro-d-italia/2013/stage-3,Giro d'Italia,80,16.0,222000,3908,2,930,,1,0,0,2013-05-06,0.0176036036036036,507.0,349.47736034620044
tour-de-france/2016/stage-8,Tour de France,100,120.0,184000,4597,4,1758,,1,0,0,2016-07-09,0.0249836956521739,2083.0,818.5932706563789
vuelta-a-espana/1987/stage-4,Vuelta a España,80,,169000,2500,3,838,,1,0,0,1987-04-27,0.014792899408284,0.0,0.0
vuelta-a-espana/1980/stage-7,Vuelta a España,80,,216000,3004,3,520,,1,0,0,1980-04-29,0.0139074074074074,137.0,610.2716288721681
volta-a-catalunya/2007/stage-5,Volta Ciclista a Catalunya,50,,17100,310,5,816,,1,0,0,2007-05-25,0.0181286549707602,265.5,134.1695981123012
giro-d-italia/2007/stage-18,Giro d'Italia,80,,208000,360,1,844,,1,0,0,2007-05-31,0.0017307692307692,0.0,43.87259888810213
giro-d-italia/2006/stage-9,Giro d'Italia,80,,187000,2652,3,997,,1,0,0,2006-05-16,0.0141818181818181,257.0,411.89485555196416
giro-d-italia/2010/stage-5,Giro d'Italia,80,16.0,168000,1067,2,878,,1,0,0,2010-05-13,0.0063511904761904,4.0,115.11920473106
vuelta-a-espana/1992/stage-15,Vuelta a España,80,,163000,1997,2,1033,,1,0,0,1992-05-11,0.0122515337423312,17.0,8.582928793055821
tour-de-suisse/1985/stage-4,Tour de Suisse,50,,208000,2142,1,699,,1,0,0,1985-06-14,0.0102980769230769,8.0,3.265986323710904
tour-de-france/1999/stage-11,Tour de France,100,,199000,2500,2,1255,,1,0,0,1999-07-15,0.0125628140703517,1342.0,257.56919596862616
tour-de-suisse/1984/stage-3,Tour de Suisse,50,,183000,2153,2,646,,1,0,0,1984-06-16,0.0117650273224043,20.0,129.39070892284172
paris-nice/1987/stage-2,Paris - Nice,50,,203000,1343,1,1164,,1,0,0,1987-03-10,0.006615763546798,0.0,0.0
volta-a-catalunya/2005/stage-3,Volta Ciclista a Catalunya,50,,157800,1587,1,850,,1,0,0,2005-05-18,0.0100570342205323,0.0,36.248165799244575
tour-de-france/2003/stage-16,Tour de France,100,,197500,4000,4,1688,,1,0,0,2003-07-23,0.020253164556962,121.0,777.2310422466459
vuelta-a-espana/1986/stage-19,Vuelta a España,80,,234000,2000,1,843,,1,0,0,1986-05-11,0.0085470085470085,0.0,2.6457513110645907
giro-d-italia/2013/stage-13,Giro d'Italia,80,16.0,254000,1897,1,930,,1,0,0,2013-05-17,0.0074685039370078,24.0,445.16195160973393
tour-de-suisse/1971/stage-8b,Tour de Suisse,50,,24600,638,5,302,,1,0,0,1971-06-18,0.0259349593495934,45.0,28.23371844342961
tour-de-suisse/1978/stage-8,Tour de Suisse,50,,218500,3239,3,691,,1,0,0,1978-06-22,0.0148237986270022,0.0,0.0
tour-de-france/1981/stage-5,Tour de France,100,,117500,3500,5,1362,,1,0,0,1981-06-30,0.0297872340425531,620.0,326.87065318261693
paris-nice/2014/stage-3,Paris - Nice,50,6.0,180000,2011,1,971,,1,0,0,2014-03-11,0.0111722222222222,0.0,53.43494403526659
tour-de-suisse/2015/stage-8,Tour de Suisse,50,6.0,152500,2138,3,1048,,1,0,0,2015-06-20,0.0140196721311475,224.0,277.080632781341
tirreno-adriatico/2001/stage-3,Tirreno-Adriatico,50,,156000,1825,2,1092,,1,0,0,2001-03-16,0.0116987179487179,104.0,182.371678602309
itzulia-basque-country/2017/stage-3,Vuelta al País Vasco,50,50.0,160500,2540,4,811,,1,0,0,2017-04-05,0.0158255451713395,578.5,427.5148966827511
vuelta-a-espana/2002/stage-8,Vuelta a España,80,,173500,3155,4,1084,,1,0,0,2002-09-14,0.0181844380403458,1408.0,614.9365077842288
vuelta-a-espana/2021/stage-14,La Vuelta ciclista a España,80,100.0,165700,3448,5,1023,28.0,1,0,0,2021-08-28,0.0208086904043452,1447.0,581.4099358494093
san-sebastian/1999/result,Clasica Ciclista San Sebastian,225,,232000,3264,2,1068,,0,0,0,1999-08-07,0.0140689655172413,191.0,301.74417972845805
giro-d-italia/1997/stage-6,Giro d'Italia,80,,210000,2044,1,792,,1,0,0,1997-05-22,0.0097333333333333,16.0,327.7965398185708
tour-de-france/2008/stage-16,Tour de France,100,,157000,4174,4,1520,,1,0,0,2008-07-22,0.0265859872611464,1313.0,727.1496921242484
paris-nice/1988/stage-3,Paris - Nice,50,,179000,1784,1,1146,,1,0,0,1988-03-09,0.0099664804469273,79.0,31.727250448985195
uae-tour/2021/stage-2,UAE Tour,50,40.0,13000,94,1,755,,1,0,0,2021-02-22,0.0072307692307692,80.5,33.37543518574121
vuelta-a-espana/2002/stage-4,Vuelta a España,80,,149500,1254,1,1084,,1,0,0,2002-09-10,0.0083879598662207,0.0,100.53099111036916
e3-harelbeke/1983/result,E3-Prijs Harelbeke,125,,236000,1529,1,194,,0,0,0,1983-03-26,0.006478813559322,117.0,44.27217869556018
giro-d-italia/2013/stage-8,Giro d'Italia,80,16.0,54800,887,3,930,,1,0,0,2013-05-11,0.0161861313868613,398.0,184.2787604822853
tour-de-suisse/1987/stage-1,Tour de Suisse,50,,170000,1950,2,673,,1,0,0,1987-06-17,0.0114705882352941,11.0,12.89810494263057
dauphine/1993/stage-7,Critérium du Dauphiné Libéré,50,,140000,2345,3,386,,1,0,0,1993-06-07,0.01675,0.0,0.0
paris-nice/2015/stage-2,Paris - Nice,50,6.0,172000,1074,1,1225,,1,0,0,2015-03-10,0.0062441860465116,0.0,38.38829943485331
tirreno-adriatico/2013/stage-4,Tirreno-Adriatico,50,6.0,173000,3293,5,1331,,1,0,0,2013-03-09,0.0190346820809248,917.0,396.5471508624706
tour-de-suisse/2013/stage-3,Tour de Suisse,50,6.0,204900,2833,2,960,,1,0,0,2013-06-10,0.0138262567105905,1028.0,459.17480828527454
giro-d-italia/1991/stage-21,Giro d'Italia,80,,153000,1738,2,908,,1,0,0,1991-06-16,0.011359477124183,0.0,0.0
volta-a-catalunya/2013/stage-3,Volta Ciclista a Catalunya,50,6.0,180100,3486,5,811,,1,0,0,2013-03-20,0.0193559133814547,365.0,362.37075323776696
tirreno-adriatico/2010/stage-7,Tirreno-Adriatico,50,6.0,164000,1301,1,1176,,1,0,0,2010-03-16,0.0079329268292682,0.0,67.48524973417165
tour-de-romandie/1990/stage-5,Tour de Romandie,50,,168700,2327,3,684,,1,0,0,1990-05-12,0.0137937166567871,77.5,104.11035811419856
paris-nice/1994/stage-1,Paris - Nice,50,,185500,2458,2,900,,1,0,0,1994-03-06,0.0132506738544474,0.0,0.0
tirreno-adriatico/1988/stage-5,Tirreno-Adriatico,50,,207000,2354,2,724,,1,0,0,1988-03-15,0.0113719806763285,0.0,0.0
paris-nice/2006/stage-4,Paris - Nice,50,,193000,2572,1,795,,1,0,0,2006-03-09,0.0133264248704663,0.0,52.659451867806894
vuelta-a-espana/2001/stage-13,Vuelta a España,80,,206000,2050,2,971,,1,0,0,2001-09-21,0.0099514563106796,35.0,156.2976324045442
tour-de-france/2000/stage-14,Tour de France,100,,249000,6425,5,1437,,1,0,0,2000-07-15,0.0258032128514056,1435.0,804.6397576358906
volta-a-catalunya/2008/stage-3,Volta Ciclista a Catalunya,50,,217200,3179,2,616,,1,0,0,2008-05-22,0.0146362799263351,433.0,385.9919232654691
paris-nice/2007/stage-7,Paris - Nice,50,,129500,2653,4,823,,1,0,0,2007-03-18,0.0204864864864864,171.0,364.2804161699312
tour-de-suisse/2001/stage-5,Tour de Suisse,50,,174500,1869,2,873,,1,0,0,2001-06-24,0.0107106017191977,54.0,107.18323553620075
tour-de-romandie/2018/prologue,Tour de Romandie,50,60.0,4020,102,3,566,,1,0,0,2018-04-24,0.0253731343283582,27.0,12.029431211215048
tour-de-france/2018/stage-10,Tour de France,100,120.0,158500,4254,4,1689,,1,0,0,2018-07-17,0.0268391167192429,1288.0,595.6812053932673
giro-d-italia/2006/stage-2,Giro d'Italia,80,,202000,1873,3,997,,1,0,0,2006-05-08,0.0092722772277227,55.0,123.42100141282113
tour-de-france/1978/stage-21,Tour de France,100,,207000,1942,1,1241,,1,0,0,1978-07-22,0.0093816425120772,14.0,9.21613058376795
tour-de-france/1997/stage-20,Tour de France,100,,63000,541,1,1994,,1,0,0,1997-07-26,0.0085873015873015,489.0,156.20999489954696
tirreno-adriatico/2015/stage-2,Tirreno-Adriatico,50,6.0,153000,738,1,1017,,1,0,0,2015-03-12,0.0048235294117647,0.0,126.02560114558229
tour-de-france/2008/stage-21,Tour de France,100,,143000,807,1,1520,,1,0,0,2008-07-27,0.0056433566433566,14.0,12.57184130057902
vuelta-a-espana/2002/stage-12,Vuelta a España,80,,210500,1204,1,1084,,1,0,0,2002-09-19,0.0057197149643705,0.0,122.40024974734072
vuelta-a-espana/2000/stage-7,Vuelta a España,80,,175000,1530,1,981,,1,0,0,2000-09-01,0.0087428571428571,255.0,357.8760764248865
giro-d-italia/2023/stage-8,Giro d'Italia,80,180.0,207000,2790,2,835,16.0,1,0,0,2023-05-13,0.0134782608695652,1236.0,512.3235499455661
tour-de-france/2005/stage-8,Tour de France,100,,231000,2493,4,1535,,1,0,0,2005-07-09,0.0107922077922077,334.0,411.19656589793976
tour-de-france/1993/stage-2,Tour de France,100,,227500,1349,1,1804,,1,0,0,1993-07-05,0.0059296703296703,6.0,29.916505536975965
tour-de-suisse/1988/stage-1,Tour de Suisse,50,,127500,1276,1,548,,1,0,0,1988-06-14,0.0100078431372549,0.0,0.0
tour-de-france/2008/stage-7,Tour de France,100,,159000,2431,4,1520,,1,0,0,2008-07-11,0.0152893081761006,276.0,568.673251491844
tour-de-france/1978/stage-9,Tour de France,100,,233000,1453,1,1241,,1,0,0,1978-07-08,0.0062360515021459,0.0,75.1645789339982
vuelta-a-espana/2014/stage-10,Vuelta a España,80,16.0,36700,444,1,1175,,1,0,0,2014-09-02,0.0120980926430517,268.0,111.38139956477498
san-sebastian/1990/result,Clásica Ciclista San Sebastián,225,,248000,3447,3,1359,,0,0,0,1990-08-11,0.013899193548387,446.0,300.8049608398386
dauphine/2020/stage-5,Critérium du Dauphiné,50,60.0,142500,4391,5,1243,,1,0,0,2020-08-16,0.0308140350877192,1217.0,715.0589809738345
tour-de-france/2019/stage-17,Tour de France,100,120.0,200000,2472,2,1699,,1,0,0,2019-07-24,0.01236,1210.0,527.7753001375658
paris-nice/1995/stage-7,Paris - Nice,50,,200000,3024,3,861,,1,0,0,1995-03-11,0.01512,88.0,80.04900797736921
uae-tour/2022/stage-7,UAE Tour,50,40.0,148000,1364,5,621,,1,0,0,2022-02-26,0.0092162162162162,493.0,372.2746694966522
dauphine/2020/stage-4,Critérium du Dauphiné,50,60.0,148500,4669,5,1243,,1,0,0,2020-08-15,0.0314410774410774,1107.0,572.0197332494528
dwars-door-vlaanderen/2009/result,Dwars door Vlaanderen,75,,200000,2111,2,557,,0,0,0,2009-03-25,0.010555,111.0,42.08828130754953
dauphine/1991/stage-3,Critérium du Dauphiné Libéré,50,,184000,2692,3,830,,1,0,0,1991-06-03,0.0146304347826086,0.0,24.596070146807328
giro-d-italia/2023/stage-5,Giro d'Italia,80,180.0,171000,2529,2,835,15.0,1,0,0,2023-05-10,0.0147894736842105,71.0,97.87241471999911
tour-de-suisse/2015/stage-7,Tour de Suisse,50,6.0,164600,1604,2,1048,,1,0,0,2015-06-19,0.0097448359659781,37.0,417.9407560012787
giro-d-italia/1991/stage-2b,Giro d'Italia,80,,7000,35,1,908,,1,0,0,1991-05-27,0.005,9.0,4.900113377373131
volta-a-catalunya/1997/stage-1b,Volta Ciclista a Catalunya,50,,7800,268,5,419,,1,0,0,1997-06-19,0.0343589743589743,32.5,12.436952109652015
dauphine/1975/stage-7a,Critérium du Dauphiné Libéré,50,,153000,3102,4,889,,1,0,0,1975-06-08,0.0202745098039215,388.5,425.5804271815141
itzulia-basque-country/2016/stage-4,Vuelta Ciclista al País Vasco,50,50.0,165000,3017,2,943,,1,0,0,2016-04-07,0.0182848484848484,446.0,404.14834427264657
tour-de-france/1978/stage-8,Tour de France,100,,59300,815,1,1241,,1,0,0,1978-07-07,0.0137436762225969,419.5,184.15369864861765
tour-de-france/2011/stage-12,Tour de France,100,20.0,211000,4563,5,1713,,1,0,0,2011-07-14,0.0216255924170616,1150.0,758.6938842528787
tour-de-france/2004/stage-2,Tour de France,100,,197000,1852,1,1555,,1,0,0,2004-07-05,0.0094010152284263,0.0,20.933670235692237
omloop-het-nieuwsblad/2022/result,Omloop Het Nieuwsblad ME,225,300.0,204200,1666,2,749,,0,0,0,2022-02-26,0.0081586679725759,90.0,204.98636454943355
volta-a-catalunya/1995/stage-3,Volta Ciclista a Catalunya,50,,169500,2651,3,737,,1,0,0,1995-06-18,0.0156401179941002,0.0,0.0
tour-de-france/2001/prologue,Tour de France,100,,8200,66,1,1496,,1,0,0,2001-07-07,0.0080487804878048,39.0,15.91540241821035
vuelta-a-espana/1992/stage-18,Vuelta a España,80,,218900,3604,3,1033,,1,0,0,1992-05-14,0.0164641388761991,12.0,5.6656861896861175
vuelta-a-espana/2021/stage-10,La Vuelta ciclista a España,80,100.0,189000,2390,2,1023,,1,0,0,2021-08-24,0.0126455026455026,1259.0,470.3536757106911
vuelta-a-espana/2007/stage-14,Vuelta a España,80,,207000,3664,2,995,,1,0,0,2007-09-15,0.0177004830917874,605.0,147.63954720005037
giro-d-italia/2003/stage-17,Giro d'Italia,80,,117000,489,1,734,,1,0,0,2003-05-28,0.0041794871794871,0.0,17.802709159380267
tour-de-suisse/1979/stage-9a,Tour de Suisse,50,,134000,1351,1,538,,1,0,0,1979-06-22,0.0100820895522388,0.0,0.0
omloop-het-nieuwsblad/2013/result,Omloop Het Nieuwsblad ME,125,,198600,1577,2,594,,0,0,0,2013-02-23,0.0079405840886203,387.0,223.84536046632456
itzulia-basque-country/2009/stage-5,Vuelta Ciclista al País Vasco,50,,169000,1805,2,1029,,1,0,0,2009-04-10,0.010680473372781,137.0,199.3257380770079
tour-de-france/2003/stage-6,Tour de France,100,,230000,2000,2,1688,,1,0,0,2003-07-11,0.008695652173913,0.0,151.83883790138913
tirreno-adriatico/1993/stage-6,Tirreno-Adriatico,50,,170000,622,1,568,,1,0,0,1993-03-15,0.0036588235294117,0.0,0.0
liege-bastogne-liege/1986/result,Liège - Bastogne - Liège,275,,252000,3560,3,674,,0,0,0,1986-04-20,0.0141269841269841,73.0,417.94578212902326
liege-bastogne-liege/2019/result,Liège-Bastogne-Liège,275,500.0,256000,4075,2,1087,,0,0,0,2019-04-28,0.01591796875,416.0,417.8575379004165
il-lombardia/1992/result,Giro di Lombardia,275,,241000,1963,1,746,,0,0,0,1992-10-17,0.0081452282157676,1714.0,621.28999143413
dauphine/1984/stage-1b,Critérium du Dauphiné Libéré,50,,83000,1397,3,529,,1,0,0,1984-05-29,0.0168313253012048,0.0,0.0
tirreno-adriatico/1988/stage-2,Tirreno-Adriatico,50,,202000,2669,2,724,,1,0,0,1988-03-12,0.0132128712871287,0.0,0.0
tour-de-france/2002/stage-9,Tour de France,100,,52000,616,1,1489,,1,0,0,2002-07-15,0.0118461538461538,338.5,128.9503403855024
tour-de-france/1982/prologue,Tour de France,100,,7000,112,1,1492,,1,0,0,1982-07-02,0.016,53.0,13.422725312102992
tour-de-suisse/2021/stage-5,Tour de Suisse,50,60.0,175200,2501,5,670,,1,0,0,2021-06-10,0.0142751141552511,1149.0,465.2991642261789
vuelta-a-espana/1999/stage-6,Vuelta a España,80,,46400,193,1,1342,,1,0,0,1999-09-10,0.0041594827586206,391.0,118.8139184213979
tour-de-france/1993/stage-20,Tour de France,100,,196500,2395,1,1804,,1,0,0,1993-07-25,0.0121882951653944,0.0,48.40859533591647
vuelta-a-espana/2015/stage-15,Vuelta a España,80,16.0,175800,3740,5,1115,,1,0,0,2015-09-06,0.0212741751990898,1053.0,461.47515615874096
tour-de-suisse/2012/stage-5,Tour de Suisse,50,6.0,198500,1951,1,917,,1,0,0,2012-06-14,0.0098287153652392,33.0,214.58566504175604
giro-d-italia/1998/stage-14,Giro d'Italia,80,,165000,2449,3,923,,1,0,0,1998-05-30,0.0148424242424242,576.5,353.13618173677276
e3-harelbeke/2011/result,E3 Prijs Vlaanderen,125,,200000,1548,2,431,,0,0,0,2011-03-26,0.00774,264.0,188.3484019385897
giro-d-italia/1994/stage-22,Giro d'Italia,80,,198000,774,1,1292,,1,0,0,1994-06-12,0.0039090909090909,0.0,0.0
giro-d-italia/2000/stage-4,Giro d'Italia,80,,233000,2808,2,866,,1,0,0,2000-05-17,0.0120515021459227,0.0,268.6586237396674
itzulia-basque-country/2014/stage-5,Vuelta Ciclista al País Vasco,50,6.0,160200,2892,2,912,,1,0,0,2014-04-11,0.0180524344569288,768.0,443.3023170001518
dauphine/2006/stage-5,Critérium du Dauphiné Libéré,50,,155000,3063,4,800,,1,0,0,2006-06-09,0.0197612903225806,725.0,504.0639609708316
tirreno-adriatico/2021/stage-5,Tirreno-Adriatico,50,60.0,205000,2639,3,1108,,1,0,0,2021-03-14,0.0128731707317073,1173.0,489.7883041012018
dauphine/2023/stage-2,Critérium du Dauphiné,50,60.0,167300,2865,3,781,20.0,1,0,0,2023-06-05,0.0171249252839211,15.0,193.6385110155732
tour-de-france/2005/stage-16,Tour de France,100,,181000,3560,4,1535,,1,0,0,2005-07-19,0.0196685082872928,605.0,502.660978443173
world-championship/2012/result,World Championships ME - Road Race,350,,267400,2436,2,1458,,0,0,0,2012-09-23,0.009109947643979,141.0,204.55171038616547
tour-de-suisse/1996/stage-9,Tour de Suisse,50,,180500,1995,2,971,,1,0,0,1996-06-20,0.0110526315789473,371.0,110.7865084700243
vuelta-a-espana/2009/stage-19,Vuelta a España,80,,179800,3363,4,1220,,1,0,0,2009-09-18,0.0187041156840934,711.0,433.94130455902774
tour-de-france/1986/stage-1,Tour de France,100,,85000,936,3,1872,,1,0,0,1986-07-05,0.0110117647058823,11.0,6.73336875031573
vuelta-a-espana/2007/stage-21,Vuelta a España,80,,104200,952,1,995,,1,0,0,2007-09-23,0.0091362763915547,0.0,14.298977636906825
vuelta-a-espana/2006/stage-20,Vuelta a España,80,,27500,356,1,1026,,1,0,0,2006-09-16,0.0129454545454545,207.5,80.11668525749855
volta-a-catalunya/1997/stage-5,Volta Ciclista a Catalunya,50,,22100,569,5,419,,1,0,0,1997-06-23,0.0257466063348416,69.5,25.2947073954656
giro-d-italia/1995/stage-12,Giro d'Italia,80,,196000,955,1,1365,,1,0,0,1995-05-25,0.0048724489795918,0.0,0.0
tour-de-france/1980/stage-19,Tour de France,100,,136500,2439,4,1224,,1,0,0,1980-07-17,0.0178681318681318,20.0,283.2961394004148
la-fleche-wallone/2020/result,La Flèche Wallonne,225,400.0,202000,3124,3,601,,0,0,0,2020-09-30,0.0154653465346534,114.0,237.71796376476073
san-sebastian/2010/result,Clasica Ciclista San Sebastian,225,,234000,3621,2,971,,0,0,0,2010-07-31,0.0154743589743589,448.0,291.83929987554217
paris-nice/2004/stage-8,Paris - Nice,50,,144000,2769,4,989,,1,0,0,2004-03-14,0.0192291666666666,130.0,349.27323825048944
tour-de-romandie/2019/prologue,Tour de Romandie,50,60.0,3870,38,1,570,,1,0,0,2019-04-30,0.0098191214470284,16.0,8.938972180691088
vuelta-a-espana/2014/stage-21,Vuelta a España,80,16.0,9700,121,1,1175,,1,0,0,2014-09-14,0.0124742268041237,89.0,37.721866030422355
giro-d-italia/2007/stage-6,Giro d'Italia,80,,179000,3660,4,844,,1,0,0,2007-05-18,0.0204469273743016,429.0,269.1643205802152
la-fleche-wallone/1999/result,La Flèche Wallonne,225,,201000,2176,2,559,,0,0,0,1999-04-14,0.0108258706467661,377.0,286.46550924502753
amstel-gold-race/2016/result,Amstel Gold Race,225,500.0,248700,3320,2,1120,,0,0,0,2016-04-17,0.0133494169682348,265.0,215.89399761754123
giro-d-italia/2023/stage-4,Giro d'Italia,80,180.0,175000,3667,4,835,16.0,1,0,0,2023-05-09,0.0209542857142857,790.0,542.3453801420009
san-sebastian/1982/result,Clásica San Sebastián,225,,229000,2589,2,304,,0,0,0,1982-08-12,0.0113056768558951,9.0,98.54246233536529
tour-de-france/2017/stage-12,Tour de France,100,120.0,214500,4903,5,1791,,1,0,0,2017-07-13,0.0228578088578088,1445.0,635.5314496148097
tour-de-suisse/1994/stage-3,Tour de Suisse,50,,176500,572,1,616,,1,0,0,1994-06-17,0.0032407932011331,32.0,16.52472894381831
volta-a-catalunya/1970/stage-5,Volta Ciclista a Catalunya,50,,165000,321,1,570,,1,0,0,1970-09-14,0.0019454545454545,13.0,60.41271744071299
world-championship/1993/result,World Championships - Road Race,350,,257600,3237,2,1594,,0,0,0,1993-08-29,0.0125659937888198,107.0,373.7130931485757
vuelta-a-espana/1991/stage-3,Vuelta a España,80,,233200,1685,1,1042,,1,0,0,1991-05-01,0.0072255574614065,0.0,0.0
tour-de-france/2014/stage-3,Tour de France,100,20.0,155000,834,1,1612,,1,0,0,2014-07-07,0.0053806451612903,47.5,74.21006926223562
giro-d-italia/2006/stage-13,Giro d'Italia,80,,223000,3455,4,997,,1,0,0,2006-05-21,0.0154932735426008,464.0,418.4011425944937
giro-d-italia/2017/stage-4,Giro d'Italia,80,100.0,181000,4170,5,881,,1,0,0,2017-05-09,0.0230386740331491,156.0,233.32924122118328
volta-a-catalunya/1993/stage-3,Volta Ciclista a Catalunya,50,,148000,1806,2,884,,1,0,0,1993-09-12,0.0122027027027027,0.0,0.0
tour-de-france/1991/stage-6,Tour de France,100,,259000,2593,1,1933,,1,0,0,1991-07-11,0.010011583011583,114.0,65.8113786725431
tour-de-france/2023/stage-3,Tour de France,100,210.0,193500,2667,2,1584,23.0,1,0,0,2023-07-03,0.0137829457364341,0.0,50.228132799887675
tour-de-france/2002/prologue,Tour de France,70,,7000,207,1,1489,,1,0,0,2002-07-06,0.0295714285714285,37.0,18.324252198079623
itzulia-basque-country/2016/stage-6,Vuelta Ciclista al País Vasco,50,50.0,16500,628,2,943,,1,0,0,2016-04-09,0.038060606060606,190.5,81.91456757853848
giro-d-italia/2019/stage-10,Giro d'Italia,80,100.0,145000,160,1,896,,1,0,0,2019-05-21,0.001103448275862,0.0,82.83863068412676
dauphine/1989/stage-5,Critérium du Dauphiné Libéré,50,,230000,3797,3,603,,1,0,0,1989-06-03,0.0165086956521739,237.0,149.02456239507745
tour-de-suisse/2002/prologue,Tour de Suisse,50,,5700,39,1,673,,1,0,0,2002-06-18,0.0068421052631578,32.0,15.560275284938324
paris-nice/1980/prologue,Paris - Nice,50,,4300,29,1,1128,,1,0,0,1980-03-05,0.0067441860465116,24.0,11.598681466645504
vuelta-a-espana/2020/stage-5,La Vuelta ciclista a España,80,100.0,184400,3407,3,692,,1,0,0,2020-10-24,0.0184761388286334,581.0,396.4617633322636
tour-de-france/2005/stage-10,Tour de France,100,,181000,4197,5,1535,,1,0,0,2005-07-12,0.0231878453038674,1291.0,804.7651123681821
tirreno-adriatico/2013/stage-6,Tirreno-Adriatico,50,6.0,209000,3832,2,1331,,1,0,0,2013-03-11,0.018334928229665,597.0,459.9870033681024
vuelta-a-espana/2008/stage-21,Vuelta a España,80,,102200,609,1,1101,,1,0,0,2008-09-21,0.005958904109589,0.0,0.0
strade-bianche/2012/result,Montepaschi Strade Bianche - Eroica Toscana,75,,190000,2933,3,588,,0,0,0,2012-03-03,0.0154368421052631,470.0,166.08169735427933
paris-nice/1984/stage-7a,Paris - Nice,50,,94000,1610,4,778,,1,0,0,1984-03-14,0.017127659574468,16.0,3.9916579679793873
tour-de-france/1996/stage-11,Tour de France,100,,202000,3000,2,1872,,1,0,0,1996-07-11,0.0148514851485148,171.0,294.19036162159347
paris-roubaix/2007/result,Paris - Roubaix,275,,259500,1218,1,733,,0,0,0,2007-04-15,0.0046936416184971,579.0,490.0169165536756
paris-nice/2001/stage-4,Paris - Nice,50,,195600,3322,4,902,,1,0,0,2001-03-15,0.0169836400817995,227.0,512.2598016247298
paris-nice/1998/stage-5,Paris - Nice,50,,189000,2583,3,960,,1,0,0,1998-03-13,0.0136666666666666,294.0,343.1424274001885
tour-de-france/1986/stage-22,Tour de France,100,,196000,1312,1,1872,,1,0,0,1986-07-26,0.0066938775510204,0.0,31.943249867870552
giro-d-italia/2003/stage-21,Giro d'Italia,80,,33000,40,1,734,,1,0,0,2003-06-01,0.0012121212121212,216.5,91.79605302450204
tour-de-romandie/2009/stage-4,Tour de Romandie,50,,157500,3136,4,714,,1,0,0,2009-05-02,0.0199111111111111,569.0,555.5545801045075
vuelta-a-espana/1996/stage-3,Vuelta a España,80,,167000,872,1,988,,1,0,0,1996-09-09,0.0052215568862275,443.0,367.35784948817127
tour-de-suisse/1986/stage-8,Tour de Suisse,50,,226500,3889,4,835,,1,0,0,1986-06-18,0.0171699779249448,428.5,149.34185243557442
volta-a-catalunya/2023/stage-2,Volta Ciclista a Catalunya,50,50.0,165400,3291,5,704,16.0,1,0,0,2023-03-21,0.0198972188633615,608.0,394.85288858204103
volta-a-catalunya/2009/stage-1,Volta Ciclista a Catalunya,50,,3600,28,1,668,,1,0,0,2009-05-18,0.0077777777777777,14.0,9.30788085241388
vuelta-a-espana/1986/stage-4,Vuelta a España,80,,192000,1810,1,843,,1,0,0,1986-04-26,0.0094270833333333,0.0,0.0
vuelta-a-espana/1989/stage-8,Vuelta a España,80,,235500,1324,1,803,,1,0,0,1989-05-01,0.0056220806794055,0.0,0.0
san-sebastian/2022/result,Donostia San Sebastian Klasikoa,225,400.0,224800,4147,2,724,23.0,0,0,0,2022-07-30,0.0184475088967971,294.0,201.83341217743515
paris-nice/2005/stage-4,Paris - Nice,50,,104500,2260,2,1091,,1,0,0,2005-03-10,0.0216267942583732,32.0,306.5144721485976
milano-sanremo/2009/result,Milano-Sanremo,275,,298000,2142,1,1122,,0,0,0,2009-03-21,0.0071879194630872,499.0,266.53945880203077
paris-nice/1989/stage-2,Paris - Nice,50,,207000,2148,1,794,,1,0,0,1989-03-07,0.0103768115942028,0.0,0.0
vuelta-a-espana/1998/stage-3,Vuelta a España,80,,193000,1084,1,1309,,1,0,0,1998-09-07,0.0056165803108808,0.0,314.1556529220544
itzulia-basque-country/2007/stage-6,Vuelta al País Vasco,50,,14000,171,2,1002,,1,0,0,2007-04-14,0.0122142857142857,153.0,69.15282221654313
tour-de-romandie/2010/stage-1,Tour de Romandie,50,6.0,175600,2254,2,678,,1,0,0,2010-04-28,0.0128359908883826,0.0,301.10698779342704
giro-d-italia/2001/stage-16,Giro d'Italia,80,,142000,259,1,920,,1,0,0,2001-06-04,0.0018239436619718,0.0,38.4185911193973
paris-nice/1980/stage-7a,Paris - Nice,50,,57000,287,1,1128,,1,0,0,1980-03-12,0.0050350877192982,0.0,0.0
dauphine/2010/stage-3,Critérium du Dauphiné,50,6.0,177000,2055,2,673,,1,0,0,2010-06-08,0.0116101694915254,0.0,80.44683253305541
il-lombardia/1989/result,Giro di Lombardia,275,,260000,4544,4,652,,0,0,0,1989-10-14,0.017476923076923,278.0,334.090579415579
tour-de-france/2014/stage-15,Tour de France,100,20.0,222000,1675,1,1612,,1,0,0,2014-07-20,0.007545045045045,18.0,220.0977393356895
tirreno-adriatico/2011/stage-6,Tirreno-Adriatico,50,6.0,178000,2695,3,1216,,1,0,0,2011-03-14,0.0151404494382022,539.0,473.36740352986953
tour-de-france/2008/stage-4,Tour de France,100,,29500,338,1,1520,,1,0,0,2008-07-08,0.011457627118644,187.5,69.98637453786064
giro-d-italia/2003/stage-5,Giro d'Italia,80,,176000,2094,2,734,,1,0,0,2003-05-14,0.0118977272727272,19.0,40.136259792459285
giro-d-italia/2013/stage-1,Giro d'Italia,80,16.0,130000,1114,1,930,,1,0,0,2013-05-04,0.0085692307692307,0.0,54.13077757452383
tour-de-france/2015/stage-21,Tour de France,100,,109500,562,1,1812,,1,0,0,2015-07-26,0.0051324200913242,23.0,8.238428133643426
ronde-van-vlaanderen/1973/result,Ronde van Vlaanderen / Tour des Flandres,275,,260000,3153,2,532,,0,0,0,1973-04-01,0.012126923076923,265.0,420.257239256086
paris-nice/1987/prologue,Paris - Nice,50,,5500,10,1,1164,,1,0,0,1987-03-08,0.0018181818181818,17.0,6.295501039101918
uae-tour/2023/stage-3,UAE Tour,50,40.0,185000,2741,5,530,24.0,1,0,0,2023-02-22,0.0148162162162162,641.5,539.6565414652341
giro-d-italia/2023/stage-16,Giro d'Italia,80,180.0,203000,5852,5,835,23.0,1,0,0,2023-05-23,0.0288275862068965,1754.0,972.7891234949902
uae-tour/2021/stage-4,UAE Tour,50,40.0,204000,695,1,755,,1,0,0,2021-02-24,0.003406862745098,0.0,37.6860750204532
tirreno-adriatico/2014/stage-6,Tirreno-Adriatico,50,6.0,189000,1346,1,1269,,1,0,0,2014-03-17,0.0071216931216931,6.0,167.1615850945385
paris-nice/2011/stage-5,Paris - Nice,50,6.0,194000,3449,3,1038,,1,0,0,2011-03-10,0.0177783505154639,981.0,591.1071845179026
tour-de-romandie/2016/stage-1,Tour de Romandie,50,60.0,100500,2212,2,917,,1,0,0,2016-04-27,0.0220099502487562,0.0,153.9410824023812
tour-de-suisse/2023/stage-8,Tour de Suisse,50,60.0,25700,363,1,855,27.0,1,0,0,2023-06-18,0.014124513618677,122.0,71.13359255648251
tour-de-france/1988/stage-16,Tour de France,100,,38000,203,1,1941,,1,0,0,1988-07-19,0.0053421052631578,10.0,8.043304536552379
vuelta-a-espana/1980/stage-16b,Vuelta a España,80,,22800,460,4,520,,1,0,0,1980-05-08,0.0201754385964912,207.0,95.54543917054109
dauphine/2016/stage-2,Criterium du Dauphiné,50,60.0,168000,2890,3,1182,,1,0,0,2016-06-07,0.0172023809523809,434.0,444.8532532710228
tour-de-france/1980/stage-17,Tour de France,100,,242000,5500,4,1224,,1,0,0,1980-07-14,0.0227272727272727,701.0,422.5629562735617
tour-de-france/2021/stage-19,Tour de France,100,120.0,207000,1181,2,1646,,1,0,0,2021-07-16,0.0057053140096618,1250.0,393.00200758296313
itzulia-basque-country/2012/stage-4,Vuelta Ciclista al País Vasco,50,6.0,151000,3043,4,928,,1,0,0,2012-04-05,0.0201523178807947,404.0,341.75293582078484
volta-a-catalunya/2003/stage-4,Volta a Catalunya,50,,157400,2362,3,515,,1,0,0,2003-06-19,0.0150063532401524,356.0,307.70022562352347
dauphine/2010/stage-5,Critérium du Dauphiné,50,6.0,210500,3018,5,673,,1,0,0,2010-06-10,0.0143372921615201,367.0,374.388071027824
paris-nice/2001/prologue,Paris - Nice,50,,6200,90,3,902,,1,0,0,2001-03-11,0.014516129032258,40.0,15.616735997534734
volta-a-catalunya/2019/stage-5,Volta Ciclista a Catalunya,50,50.0,188100,2705,4,918,,1,0,0,2019-03-29,0.0143806485911749,160.0,220.40923405176903
tour-de-france/2021/stage-11,Tour de France,100,120.0,198900,4671,4,1646,,1,0,0,2021-07-07,0.0234841628959276,1623.0,698.518008285463
giro-d-italia/2009/stage-13,Giro d'Italia,80,,176000,745,1,975,,1,0,0,2009-05-22,0.0042329545454545,0.0,13.486549843881347
giro-d-italia/2016/stage-1,Giro d'Italia,80,100.0,9800,37,1,933,,1,0,0,2016-05-06,0.0037755102040816,47.0,21.60367543001334
giro-d-italia/1994/stage-20,Giro d'Italia,80,,201000,799,1,1292,,1,0,0,1994-06-10,0.0039751243781094,0.0,0.0
tour-de-suisse/1975/stage-3,Tour de Suisse,50,,179000,1210,1,549,,1,0,0,1975-06-14,0.0067597765363128,0.0,0.0
giro-d-italia/1996/stage-3,Giro d'Italia,80,,199000,1865,1,1034,,1,0,0,1996-05-20,0.0093718592964824,0.0,193.49071145070656
vuelta-a-espana/2000/stage-2,Vuelta a España,80,,167500,1495,1,981,,1,0,0,2000-08-27,0.0089253731343283,0.0,51.82019390537519
tour-de-france/2009/stage-18,Tour de France,100,,40500,344,2,1557,,1,0,0,2009-07-23,0.0084938271604938,249.5,100.26668200645707
tour-de-suisse/1999/stage-6,Tour de Suisse,50,,162000,3124,4,900,,1,0,0,1999-06-21,0.0192839506172839,182.0,353.5747162764912
vuelta-a-espana/1994/stage-18,Vuelta a España,80,,189000,3357,4,791,,1,0,0,1994-05-12,0.0177619047619047,123.0,50.996296161802015
vuelta-a-espana/1989/stage-6,Vuelta a España,80,,197500,4759,5,803,,1,0,0,1989-04-29,0.0240962025316455,52.0,25.11838636006169
itzulia-basque-country/2022/stage-4,Itzulia Basque Country,50,50.0,185600,2703,2,741,19.0,1,0,0,2022-04-07,0.0145635775862068,394.0,333.66225086762614
tour-de-romandie/2016/stage-5,Tour de Romandie,50,60.0,177400,2154,2,917,,1,0,0,2016-05-01,0.0121420518602029,0.0,241.13564255771695
vuelta-a-espana/1981/stage-4,Vuelta a España,80,,206000,3047,3,457,,1,0,0,1981-04-25,0.0147912621359223,0.0,486.4760641994229
il-lombardia/2002/result,Giro di Lombardia,275,,251000,4089,3,1084,,0,0,0,2002-10-19,0.0162908366533864,80.0,257.47468270712227
vuelta-a-espana/2001/stage-7,Vuelta a España,80,,44200,516,2,971,,1,0,0,2001-09-14,0.0116742081447963,395.0,136.61107081695567
tour-de-suisse/1982/stage-9,Tour de Suisse,50,,199000,2234,2,657,,1,0,0,1982-06-25,0.0112261306532663,12.0,4.898979485566356
tour-de-france/2000/stage-21,Tour de France,100,,138000,402,1,1437,,1,0,0,2000-07-23,0.0029130434782608,0.0,6.564667329184103
dauphine/1994/stage-1,Critérium du Dauphiné Libéré,50,,224000,2809,2,362,,1,0,0,1994-05-31,0.0125401785714285,0.0,0.0
il-lombardia/2011/result,Il Lombardia,275,,241000,4524,2,947,,0,0,0,2011-10-15,0.0187717842323651,75.0,347.50406953158665
giro-d-italia/2009/stage-18,Giro d'Italia,80,,181000,2106,2,975,,1,0,0,2009-05-28,0.0116353591160221,237.0,76.44795350264522
giro-d-italia/1998/stage-21,Giro d'Italia,80,,34000,355,1,923,,1,0,0,1998-06-06,0.0104411764705882,235.0,89.28706989852354
tour-de-france/2002/stage-7,Tour de France,100,,176000,2234,3,1489,,1,0,0,2002-07-13,0.0126931818181818,27.0,91.66958074121747
tour-de-france/1987/stage-25,Tour de France,100,,186000,1937,1,1812,,1,0,0,1987-07-26,0.0104139784946236,17.0,4.169541296937311
tour-de-suisse/1989/stage-5b,Tour de Suisse,50,,7500,45,1,604,,1,0,0,1989-06-18,0.006,19.0,9.395034149308168
tour-de-romandie/1977/stage-1,Tour de Romandie,50,,168800,556,1,489,,1,0,0,1977-05-11,0.0032938388625592,0.0,0.0
vuelta-a-espana/1981/stage-19,Vuelta a España,80,,84000,1113,2,457,,1,0,0,1981-05-10,0.01325,69.0,91.8688312480471
gp-montreal/2016/result,Grand Prix Cycliste de Montréal,225,500.0,205700,3779,3,914,,0,0,0,2016-09-11,0.0183714146815751,216.0,178.03004751814973
dauphine/2018/stage-4,Critérium du Dauphiné,50,60.0,181000,3227,5,762,,1,0,0,2018-06-07,0.0178287292817679,875.0,509.0476231552163
tour-de-france/2002/stage-1,Tour de France,100,,192500,3000,3,1489,,1,0,0,2002-07-07,0.0155844155844155,0.0,177.53574084937765
world-championship/1987/result,World Championships - Road Race,350,,276000,4620,3,1526,,0,0,0,1987-09-06,0.0167391304347826,40.0,24.05509270215887
tour-de-france/2004/stage-6,Tour de France,100,,196000,1398,1,1555,,1,0,0,2004-07-09,0.0071326530612244,0.0,35.52580317628272
paris-nice/2013/stage-1,Paris - Nice,50,6.0,195000,1248,1,917,,1,0,0,2013-03-04,0.0064,0.0,109.48779498261524
vuelta-a-espana/1985/stage-16,Vuelta a España,80,,252000,1975,1,925,,1,0,0,1985-05-09,0.0078373015873015,43.0,4.719863179556687
tour-de-france/2008/stage-3,Tour de France,100,,208000,1507,1,1520,,1,0,0,2008-07-07,0.0072451923076923,123.0,78.61762789294039
ronde-van-vlaanderen/1989/result,Ronde van Vlaanderen / Tour des Flandres,275,,264000,3203,2,684,,0,0,0,1989-04-02,0.0121325757575757,260.0,270.4583537644646
volta-a-catalunya/1999/stage-7,Volta Ciclista a Catalunya,50,,14200,395,5,804,,1,0,0,1999-06-24,0.0278169014084507,324.0,167.38630039192944
ronde-van-vlaanderen/2014/result,Ronde van Vlaanderen / Tour des Flandres ME,275,,259100,2095,2,816,,0,0,0,2014-04-06,0.0080856812041682,252.0,233.05658762275368
giro-d-italia/1991/stage-17,Giro d'Italia,80,,169000,725,1,908,,1,0,0,1991-06-12,0.0042899408284023,110.0,81.03531466109219
giro-d-italia/2002/stage-15,Giro d'Italia,80,,156000,540,2,920,,1,0,0,2002-05-28,0.0034615384615384,0.0,0.0
tour-de-suisse/2011/stage-5,Tour de Suisse,50,6.0,204200,1891,1,972,,1,0,0,2011-06-15,0.0092605288932419,17.0,66.00119880191832
tour-de-suisse/1995/stage-7,Tour de Suisse,50,,191900,2654,3,764,,1,0,0,1995-06-20,0.0138301198540906,292.0,121.75407818859932
vuelta-a-espana/2022/stage-20,La Vuelta ciclista a España,80,100.0,181000,3977,4,968,26.0,1,0,0,2022-09-10,0.0219723756906077,1395.0,728.0264713238658
vuelta-a-espana/2009/stage-13,Vuelta a España,80,,172400,4763,5,1220,,1,0,0,2009-09-12,0.0276276102088167,1694.0,777.7617329180096
giro-d-italia/1991/stage-4,Giro d'Italia,80,,170000,1343,1,908,,1,0,0,1991-05-30,0.0079,23.0,7.273238618387273
paris-nice/1989/stage-6,Paris - Nice,50,,190000,2228,2,794,,1,0,0,1989-03-11,0.0117263157894736,0.0,0.0
omloop-het-nieuwsblad/2001/result,Omloop Het Volk,125,,200000,2031,2,783,,0,0,0,2001-03-03,0.010155,662.0,226.27445066715535
gp-montreal/2011/result,Grand Prix Cycliste de Montréal,225,,205700,1904,2,735,,0,0,0,2011-09-11,0.0092561983471074,38.0,197.54170440574055
paris-nice/2023/stage-7,Paris - Nice,50,60.0,142900,3554,5,981,17.0,1,0,0,2023-03-11,0.0248705388383484,1463.0,609.4608816849625
giro-d-italia/2000/stage-5,Giro d'Italia,80,,232000,1999,3,866,,1,0,0,2000-05-18,0.0086163793103448,238.0,539.5616122447303
vuelta-a-espana/1987/stage-22,Vuelta a España,80,,173000,2000,2,838,,1,0,0,1987-05-15,0.0115606936416184,0.0,0.0
liege-bastogne-liege/2003/result,Liège - Bastogne - Liège,275,,258000,4138,3,1201,,0,0,0,2003-04-27,0.0160387596899224,367.0,263.81978693535353
vuelta-a-espana/1984/stage-7,Vuelta a España,80,,184000,3252,4,747,,1,0,0,1984-04-24,0.0176739130434782,535.0,360.41767632630155
giro-d-italia/1993/stage-1b,Giro d'Italia,80,,9000,76,1,1089,,1,0,0,1993-05-23,0.0084444444444444,18.0,8.680740933693087
giro-d-italia/2000/stage-21,Giro d'Italia,80,,198000,267,1,866,,1,0,0,2000-06-04,0.0013484848484848,14.0,10.04234255139258
paris-nice/2010/stage-5,Paris - Nice,30,,157000,2313,2,1192,,1,0,0,2010-03-12,0.0147324840764331,156.0,451.70164137474114
tour-de-suisse/1978/stage-5,Tour de Suisse,50,,188500,2756,3,691,,1,0,0,1978-06-19,0.0146206896551724,0.0,0.0
tour-de-france/2018/stage-15,Tour de France,100,120.0,181000,2917,4,1689,,1,0,0,2018-07-22,0.0161160220994475,940.0,437.77285031682226
paris-nice/1990/stage-7a,Paris - Nice,50,,102000,1355,2,995,,1,0,0,1990-03-11,0.0132843137254901,0.0,0.0
vuelta-a-espana/2000/stage-10,Vuelta a España,80,,165800,3321,4,981,,1,0,0,2000-09-04,0.0200301568154402,1172.0,489.8418150682992
tour-de-france/1980/stage-16,Tour de France,100,,207500,3500,5,1224,,1,0,0,1980-07-13,0.016867469879518,263.0,136.595997646948
giro-d-italia/2006/stage-7,Giro d'Italia,80,,171000,2227,5,997,,1,0,0,2006-05-14,0.0130233918128654,964.0,446.49722593712033
giro-d-italia/2007/stage-7,Giro d'Italia,80,,254000,2047,2,844,,1,0,0,2007-05-19,0.0080590551181102,0.0,144.8432125712734
vuelta-a-espana/2000/stage-4,Vuelta a España,80,,159000,596,1,981,,1,0,0,2000-08-29,0.0037484276729559,213.0,229.37802507661553
tour-de-suisse/1993/stage-2,Tour de Suisse,50,,181000,684,1,655,,1,0,0,1993-06-16,0.0037790055248618,4.0,1.632993161855452
vuelta-a-espana/1986/stage-14,Vuelta a España,80,,165000,2411,3,843,,1,0,0,1986-05-06,0.0146121212121212,12.0,3.794733192202055
tour-de-france/2023/stage-11,Tour de France,100,210.0,179300,1873,2,1584,23.0,1,0,0,2023-07-12,0.0104461795872838,35.0,46.49326809964554
vuelta-a-espana/2022/stage-5,La Vuelta ciclista a España,80,100.0,187200,2978,2,968,29.0,1,0,0,2022-08-24,0.0159081196581196,547.0,314.4607289534863
dauphine/1995/prologue,Critérium du Dauphiné Libéré,50,,6700,49,1,479,,1,0,0,1995-06-04,0.0073134328358208,31.0,12.06081083073343
ronde-van-vlaanderen/1982/result,Ronde van Vlaanderen / Tour des Flandres,275,,267000,3158,2,586,,0,0,0,1982-04-04,0.0118277153558052,155.0,93.35166184678248
volta-a-catalunya/1984/stage-3,Volta Ciclista a Catalunya,50,,186000,5340,5,319,,1,0,0,1984-09-08,0.0287096774193548,169.0,76.13201253962313
tour-de-france/2021/stage-4,Tour de France,100,120.0,150400,1404,1,1646,,1,0,0,2021-06-29,0.0093351063829787,0.0,56.031346700268685
vuelta-a-espana/1989/stage-17,Vuelta a España,80,,228000,4000,4,803,,1,0,0,1989-05-10,0.0175438596491228,91.5,36.50038051552036
tour-de-france/2009/stage-15,Tour de France,100,,207500,3659,5,1557,,1,0,0,2009-07-19,0.017633734939759,510.5,358.64549576295667
tirreno-adriatico/1998/stage-6,Tirreno-Adriatico,50,,167000,1908,2,769,,1,0,0,1998-03-16,0.0114251497005988,842.0,267.29615335670434
amstel-gold-race/1992/result,Amstel Gold Race,225,,247500,3978,3,959,,0,0,0,1992-04-25,0.0160727272727272,0.0,207.1146967047173
tour-de-france/2011/stage-19,Tour de France,100,20.0,109500,3571,5,1713,,1,0,0,2011-07-22,0.0326118721461187,1106.0,550.6131946921407
vuelta-a-espana/2008/stage-12,Vuelta a España,80,,186400,2900,2,1101,,1,0,0,2008-09-11,0.015557939914163,227.0,423.37186117233506
itzulia-basque-country/1991/stage-5b,Vuelta Ciclista al País Vasco,50,,7200,52,1,546,,1,0,0,1991-04-12,0.0072222222222222,17.5,8.52186729667989
dauphine/1977/stage-5,Critérium du Dauphiné Libéré,50,,214000,2477,2,809,,1,0,0,1977-06-04,0.0115747663551401,158.0,140.3648307600081
volta-a-catalunya/2007/stage-6,Volta Ciclista a Catalunya,50,,177100,2525,2,816,,1,0,0,2007-05-26,0.0142574816487859,0.0,105.96600774629503
world-championship/1992/result,World Championships - Road Race,350,,261600,4058,3,1603,,0,0,0,1992-09-06,0.0155122324159021,444.0,337.2910137626611
paris-nice/2004/stage-1,Paris - Nice,50,,13200,137,1,989,,1,0,0,2004-03-07,0.0103787878787878,59.0,25.771878359846617
giro-d-italia/2004/stage-11,Giro d'Italia,80,,228000,2401,2,621,,1,0,0,2004-05-20,0.0105307017543859,448.0,409.962175896432
volta-a-catalunya/2008/stage-4,Volta Ciclista a Catalunya,50,,163500,1531,2,616,,1,0,0,2008-05-23,0.0093639143730886,157.0,17.221887254918318
paris-nice/2021/stage-6,Paris - Nice,50,60.0,202400,3181,3,1044,,1,0,0,2021-03-12,0.0157164031620553,162.0,351.5329532789705
tour-de-suisse/1980/stage-5,Tour de Suisse,50,,23500,439,4,477,,1,0,0,1980-06-15,0.0186808510638297,81.0,37.0980682336246
vuelta-a-espana/1994/stage-21,Vuelta a España,80,,165700,1455,1,791,,1,0,0,1994-05-15,0.0087809293904646,0.0,0.0
tour-de-france/1987/stage-9,Tour de France,100,,260000,1675,1,1812,,1,0,0,1987-07-09,0.0064423076923076,92.0,23.6796940103172
volta-a-catalunya/1997/stage-1a,Volta Ciclista a Catalunya,50,,72000,1133,3,419,,1,0,0,1997-06-19,0.0157361111111111,0.0,0.0
dauphine/2018/stage-7,Critérium du Dauphiné,50,60.0,136000,4222,5,762,,1,0,0,2018-06-10,0.0310441176470588,1108.0,519.6906460266218
vuelta-a-espana/1987/stage-14,Vuelta a España,80,,152000,2463,3,838,,1,0,0,1987-05-07,0.016203947368421,384.5,159.80769693603622
tour-de-romandie/1984/stage-5b,Tour de Romandie,50,,26100,501,4,491,,1,0,0,1984-05-13,0.0191954022988505,206.0,102.33489912511456
volta-a-catalunya/2005/stage-6,Volta Ciclista a Catalunya,50,,198700,3296,3,850,,1,0,0,2005-05-21,0.0165878208354302,25.0,49.345654724386186
tour-de-romandie/1987/stage-2,Tour de Romandie,50,,185400,4806,5,251,,1,0,0,1987-05-07,0.0259223300970873,0.0,0.0
tour-de-france/2004/stage-20,Tour de France,100,,163000,1453,1,1555,,1,0,0,2004-07-25,0.0089141104294478,0.0,13.52718279352733
giro-d-italia/2006/stage-1,Giro d'Italia,80,,197000,1364,1,997,,1,0,0,2006-05-07,0.0069238578680203,0.0,22.43569099105139
world-championship/1998/result,World Championships - Road Race,350,,258000,2355,1,1133,,0,0,0,1998-10-11,0.0091279069767441,886.0,304.60551806330653
dauphine/1993/stage-5,Critérium du Dauphiné Libéré,50,,192000,4870,5,386,,1,0,0,1993-06-05,0.0253645833333333,41.0,33.80746137237229
tour-de-france/2014/stage-12,Tour de France,100,20.0,185500,2530,2,1612,,1,0,0,2014-07-17,0.0136388140161725,94.0,226.9219102495608
giro-d-italia/2009/stage-9,Giro d'Italia,80,,155000,195,1,975,,1,0,0,2009-05-17,0.001258064516129,0.0,0.0
vuelta-a-espana/2001/stage-10,Vuelta a España,80,,168400,3669,5,971,,1,0,0,2001-09-18,0.0217874109263657,1245.0,493.1821512933467
vuelta-a-espana/1988/stage-14,Vuelta a España,80,,190300,4500,5,828,,1,0,0,1988-05-08,0.023646873357856,0.0,0.0
giro-d-italia/1998/stage-15,Giro d'Italia,80,,40000,478,2,923,,1,0,0,1998-05-31,0.01195,323.5,98.46591516720407
il-lombardia/1997/result,Giro di Lombardia,275,,250000,3449,3,636,,0,0,0,1997-10-18,0.013796,199.0,188.36327157363263
tour-de-france/2023/stage-15,Tour de France,100,210.0,179000,4483,5,1584,25.0,1,0,0,2023-07-16,0.0250446927374301,1740.0,661.551571095071
tour-de-france/2004/stage-19,Tour de France,70,,55000,1042,3,1555,,1,0,0,2004-07-24,0.0189454545454545,532.0,179.02622616581186
tour-de-suisse/1995/stage-5,Tour de Suisse,50,,21600,187,1,764,,1,0,0,1995-06-18,0.0086574074074074,111.5,49.3400896274464
strade-bianche/2011/result,Montepaschi Strade Bianche - Eroica Toscana,75,,190000,2933,3,590,,0,0,0,2011-03-05,0.0154368421052631,200.0,94.38178891037232
paris-nice/1993/stage-7b,Paris - Nice,50,,12500,47,1,1182,,1,0,0,1993-03-14,0.00376,40.0,20.59732992404598
giro-d-italia/2008/stage-9,Giro d'Italia,80,,218000,1146,2,1058,,1,0,0,2008-05-18,0.0052568807339449,4.0,196.17944637618325
vuelta-a-espana/1986/stage-2,Vuelta a España,80,,182000,2500,3,843,,1,0,0,1986-04-24,0.0137362637362637,0.0,0.0
tour-de-france/2007/stage-11,Tour de France,100,,182500,854,1,1612,,1,0,0,2007-07-19,0.0046794520547945,200.0,173.62082163229047
giro-d-italia/2001/stage-8,Giro d'Italia,80,,185000,4026,4,920,,1,0,0,2001-05-27,0.0217621621621621,815.0,529.8088596395567
paris-nice/2015/stage-3,Paris - Nice,50,6.0,179000,2085,1,1225,,1,0,0,2015-03-11,0.0116480446927374,0.0,81.04495005517832
vuelta-a-espana/1989/stage-4,Vuelta a España,80,,160500,3000,4,803,,1,0,0,1989-04-27,0.0186915887850467,387.5,163.1286131996605
giro-d-italia/2003/stage-6,Giro d'Italia,80,,218000,2289,2,734,,1,0,0,2003-05-15,0.0105,18.0,64.23995114225445
tour-de-france/1995/stage-20,Tour de France,100,,150000,1878,1,1871,,1,0,0,1995-07-23,0.01252,0.0,0.0
volta-a-catalunya/2009/stage-6,Volta Ciclista a Catalunya,50,,150500,2450,1,668,,1,0,0,2009-05-23,0.0162790697674418,0.0,141.29207744748211
tirreno-adriatico/2017/stage-2,Tirreno-Adriatico,50,60.0,229000,2370,3,1036,,1,0,0,2017-03-09,0.0103493449781659,429.0,283.8561736671268
il-lombardia/1981/result,Giro di Lombardia,275,,259000,3645,3,388,,0,0,0,1981-10-17,0.014073359073359,110.0,299.01689344266583
tour-de-romandie/1991/stage-5b,Tour de Romandie,50,,19400,236,2,521,,1,0,0,1991-05-11,0.0121649484536082,34.0,17.093858546273278
amstel-gold-race/1988/result,Amstel Gold Race,225,,242000,4278,4,829,,0,0,0,1988-04-23,0.0176776859504132,61.0,195.86499034907808
paris-nice/2008/stage-1,Paris - Nice,30,,93500,1504,3,775,,1,0,0,2008-03-10,0.0160855614973262,203.0,175.80015875716083
amstel-gold-race/1982/result,Amstel Gold Race,225,,237000,3001,2,513,,0,0,0,1982-04-24,0.0126624472573839,656.0,309.9974641952521
giro-d-italia/2013/stage-21,Giro d'Italia,80,16.0,197000,671,1,930,,1,0,0,2013-05-26,0.0034060913705583,44.0,51.97205855553504
tour-de-france/1993/stage-7,Tour de France,100,,199000,2203,1,1804,,1,0,0,1993-07-10,0.0110703517587939,149.0,114.70718920837504
vuelta-a-espana/2015/stage-2,Vuelta a España,80,16.0,158700,2597,3,1115,,1,0,0,2015-08-23,0.0163642091997479,549.0,423.7513045689895
giro-d-italia/2003/stage-8,Giro d'Italia,80,,214000,1765,2,734,,1,0,0,2003-05-18,0.0082476635514018,10.0,15.799510511266815
paris-nice/2018/stage-5,Paris - Nice,50,60.0,163500,2611,4,936,,1,0,0,2018-03-08,0.0159694189602446,4.0,274.39274495450485
tirreno-adriatico/2006/stage-5,Tirreno-Adriatico,50,,20000,263,1,1210,,1,0,0,2006-03-12,0.01315,138.0,55.48289338815427
liege-bastogne-liege/2008/result,Liège - Bastogne - Liège,275,,261000,4096,3,1158,,0,0,0,2008-04-27,0.0156934865900383,491.0,340.80601375600753
e3-harelbeke/1992/result,E3-Prijs Harelbeke,125,,205000,1527,1,376,,0,0,0,1992-03-28,0.0074487804878048,0.0,237.5906826518944
tour-de-suisse/1983/stage-9,Tour de Suisse,50,,181000,2520,3,809,,1,0,0,1983-06-23,0.0139226519337016,159.0,72.10177991330495
tirreno-adriatico/2006/stage-7,Tirreno-Adriatico,50,,166000,1244,1,1210,,1,0,0,2006-03-14,0.0074939759036144,0.0,29.09672799675033
volta-a-catalunya/2014/stage-2,Volta Ciclista a Catalunya,50,6.0,171200,1583,2,896,,1,0,0,2014-03-25,0.0092464953271028,3.0,69.46655108745676
tour-de-suisse/1980/stage-2,Tour de Suisse,50,,191000,1056,1,477,,1,0,0,1980-06-12,0.0055287958115183,0.0,0.0
tour-de-romandie/2007/stage-2,Tour de Romandie,50,,166900,2161,2,674,,1,0,0,2007-05-03,0.012947872977831,0.0,162.84349731403694
paris-nice/2005/stage-6,Paris - Nice,50,,184000,1895,2,1091,,1,0,0,2005-03-12,0.0102989130434782,366.0,265.32539505685475
giro-d-italia/2014/stage-6,Giro d'Italia,80,16.0,257000,1997,3,892,,1,0,0,2014-05-15,0.0077704280155642,463.0,403.2424004939368
tirreno-adriatico/2022/stage-6,Tirreno-Adriatico,50,60.0,215000,3817,5,1059,,1,0,0,2022-03-12,0.017753488372093,1590.0,661.9586246518373
tirreno-adriatico/2002/stage-3,Tirreno-Adriatico,50,,180000,3324,4,1056,,1,0,0,2002-03-16,0.0184666666666666,489.0,381.7748885287813
il-lombardia/2008/result,Giro di Lombardia,275,,242000,3789,2,693,,0,0,0,2008-10-18,0.0156570247933884,352.0,256.17064615847227
vuelta-a-espana/2014/stage-20,Vuelta a España,80,16.0,185700,4447,5,1175,,1,0,0,2014-09-13,0.0239472267097469,1580.0,587.6966639688031
tour-de-france/2009/stage-9,Tour de France,100,,160500,2915,4,1557,,1,0,0,2009-07-12,0.0181619937694704,915.0,651.5375115793579
tirreno-adriatico/2011/stage-7,Tirreno-Adriatico,50,6.0,9300,8,1,1216,,1,0,0,2011-03-15,0.0008602150537634,66.0,28.047426209630608
tour-de-suisse/1979/stage-6,Tour de Suisse,50,,254000,3149,2,538,,1,0,0,1979-06-19,0.0123976377952755,0.0,0.0
vuelta-a-espana/1992/stage-21,Vuelta a España,80,,175000,1663,1,1033,,1,0,0,1992-05-17,0.0095028571428571,0.0,0.0
tour-de-suisse/2019/stage-6,Tour de Suisse,50,60.0,120200,1901,5,802,,1,0,0,2019-06-20,0.0158153078202995,520.0,336.6083551983096
vuelta-a-espana/2003/stage-20,Vuelta a España,80,,11200,617,5,935,,1,0,0,2003-09-25,0.0550892857142857,199.5,83.25470148694744
tour-de-france/2017/stage-3,Tour de France,100,120.0,212500,2706,1,1791,,1,0,0,2017-07-03,0.0127341176470588,109.0,161.8211606357018
liege-bastogne-liege/2015/result,Liège - Bastogne - Liège,275,,253000,4106,3,1163,,0,0,0,2015-04-26,0.0162292490118577,365.0,290.7371085063382
paris-nice/2017/stage-6,Paris - Nice,50,60.0,193500,3263,4,1158,,1,0,0,2017-03-10,0.0168630490956072,949.0,509.63511659419703
paris-nice/1993/stage-5,Paris - Nice,50,,192000,1502,1,1182,,1,0,0,1993-03-12,0.0078229166666666,0.0,0.0
tour-de-france/2008/stage-5,Tour de France,100,,232000,1299,1,1520,,1,0,0,2008-07-09,0.0055991379310344,0.0,0.0
giro-d-italia/2023/stage-10,Giro d'Italia,80,180.0,196000,3020,2,835,11.0,1,0,0,2023-05-16,0.0154081632653061,679.0,497.9806972212942
paris-nice/2007/stage-1,Paris - Nice,50,,186000,2603,1,823,,1,0,0,2007-03-12,0.0139946236559139,0.0,8.816113659821605
tour-de-suisse/1984/stage-9,Tour de Suisse,50,,208500,4174,4,646,,1,0,0,1984-06-22,0.0200191846522781,1165.0,469.74478886589753
vuelta-a-espana/1980/stage-5,Vuelta a España,80,,200000,3236,3,520,,1,0,0,1980-04-27,0.01618,617.0,629.2206026053811
tour-de-romandie/1992/stage-6,Tour de Romandie,50,,171000,4006,5,343,,1,0,0,1992-05-10,0.0234269005847953,0.0,0.0
gp-quebec/2014/result,Grand Prix Cycliste de Québec,225,80.0,199100,2405,3,719,,0,0,0,2014-09-12,0.0120793571069814,41.0,158.67808744102447
vuelta-a-espana/2016/stage-2,Vuelta a España,80,100.0,160800,2168,2,821,,1,0,0,2016-08-21,0.0134825870646766,0.0,78.29373972778389
itzulia-basque-country/2004/stage-4,Vuelta al País Vasco,50,,182000,1966,2,1020,,1,0,0,2004-04-08,0.0108021978021978,215.0,262.39367261534994
vuelta-a-espana/2016/stage-12,Vuelta a España,80,100.0,193200,2996,2,821,,1,0,0,2016-09-01,0.0155072463768115,730.0,491.2820605520782
vuelta-a-espana/1997/stage-22,Vuelta a España,80,,154000,1159,1,1165,,1,0,0,1997-09-28,0.007525974025974,0.0,0.0
tour-de-romandie/2002/stage-4,Tour de Romandie,50,,86000,1744,4,535,,1,0,0,2002-05-04,0.0202790697674418,249.0,275.43397251356015
vuelta-a-espana/2001/stage-4,Vuelta a España,80,,175000,1942,2,971,,1,0,0,2001-09-11,0.0110971428571428,21.0,117.15346120083584
tirreno-adriatico/1998/stage-2,Tirreno-Adriatico,50,,164000,2503,3,769,,1,0,0,1998-03-12,0.0152621951219512,0.0,726.896721094032
dauphine/1984/stage-6,Critérium du Dauphiné Libéré,50,,178500,2283,2,529,,1,0,0,1984-06-03,0.0127899159663865,431.0,145.06523201119398
milano-sanremo/2001/result,Milano-Sanremo,275,,287000,2622,1,1331,,0,0,0,2001-03-24,0.0091358885017421,103.0,244.0804028031241
giro-d-italia/1998/stage-18,Giro d'Italia,80,,115000,2849,5,923,,1,0,0,1998-06-03,0.0247739130434782,899.0,326.62452674178996
vuelta-a-espana/1995/stage-3,Vuelta a España,80,,206000,2722,2,883,,1,0,0,1995-09-05,0.0132135922330097,35.0,11.953021067649724
tour-de-france/2014/stage-9,Tour de France,100,20.0,170000,3373,4,1612,,1,0,0,2014-07-13,0.0198411764705882,466.0,405.7395731414359
paris-nice/1998/stage-7,Paris - Nice,50,,161400,1570,1,960,,1,0,0,1998-03-15,0.0097273853779429,0.0,0.0
vuelta-a-espana/2021/stage-4,La Vuelta ciclista a España,80,100.0,163900,1534,3,1023,,1,0,0,2021-08-17,0.009359365466748,0.0,42.153852025701035
giro-d-italia/2017/stage-1,Giro d'Italia,80,100.0,206000,2176,2,881,,1,0,0,2017-05-05,0.0105631067961165,18.0,78.20892973604298
tour-de-romandie/2006/stage-2,Tour de Romandie,50,,171200,2170,2,772,,1,0,0,2006-04-27,0.0126752336448598,371.0,249.1332973220842
giro-d-italia/2013/stage-10,Giro d'Italia,80,16.0,167000,3678,5,930,,1,0,0,2013-05-14,0.0220239520958083,1253.0,565.3730510032925
vuelta-a-espana/1993/stage-8,Vuelta a España,80,,225100,544,1,819,,1,0,0,1993-05-03,0.0024167036872501,0.0,163.88419876182326
dauphine/1979/prologue,Critérium du Dauphiné Libéré,50,,3600,38,2,634,,1,0,0,1979-05-21,0.0105555555555555,9.5,4.351245032554858
giro-d-italia/1997/stage-20,Giro d'Italia,80,,176000,2578,3,792,,1,0,0,1997-06-06,0.0146477272727272,610.0,220.80000476735307
vuelta-a-espana/2004/stage-21,Vuelta a España,80,,28200,318,1,1177,,1,0,0,2004-09-26,0.0112765957446808,187.0,82.9299060689785
vuelta-a-espana/1997/stage-13,Vuelta a España,80,,196000,3887,4,1165,,1,0,0,1997-09-19,0.0198316326530612,1230.0,498.8578486547295
e3-harelbeke/2009/result,E3 Prijs Vlaanderen,125,,203000,1619,2,556,,0,0,0,2009-03-28,0.007975369458128,266.0,233.48443982112303
tour-de-france/1985/stage-4,Tour de France,100,,239500,3047,1,1470,,1,0,0,1985-07-02,0.0127223382045929,46.0,23.335177501600427
amstel-gold-race/2021/result,Amstel Gold Race,225,500.0,218600,2893,2,1089,,0,0,0,2021-04-18,0.0132342177493138,132.0,224.74585733022263
paris-nice/1992/stage-7a,Paris - Nice,50,,105000,1837,4,877,,1,0,0,1992-03-15,0.017495238095238,0.0,344.6955178124601
dauphine/2020/stage-3,Critérium du Dauphiné,50,60.0,157000,3472,5,1243,,1,0,0,2020-08-14,0.0221146496815286,1082.0,605.6863126368905
giro-d-italia/1990/stage-6,Giro d'Italia,80,,200000,1146,1,1061,,1,0,0,1990-05-23,0.00573,7.0,3.32665998663324
tour-de-france/1996/prologue,Tour de France,100,,9400,84,1,1872,,1,0,0,1996-06-29,0.0089361702127659,53.0,20.77820150855644
giro-d-italia/2005/stage-9,Giro d'Italia,80,,139000,1354,2,929,,1,0,0,2005-05-16,0.0097410071942446,0.0,43.96821504436312
tour-de-france/1978/stage-7,Tour de France,100,,242000,1980,1,1241,,1,0,0,1978-07-06,0.0081818181818181,0.0,109.7954059922322
vuelta-a-espana/1986/stage-17,Vuelta a España,80,,172000,4979,5,843,,1,0,0,1986-05-09,0.0289476744186046,156.0,87.17144665032875
giro-d-italia/1994/stage-1a,Giro d'Italia,80,,86000,212,1,1292,,1,0,0,1994-05-22,0.0024651162790697,0.0,0.0
san-sebastian/2012/result,Clasica Ciclista San Sebastian,225,,234000,3514,2,854,,0,0,0,2012-08-14,0.015017094017094,222.0,360.10334433972037
vuelta-a-espana/2006/stage-6,Vuelta a España,80,,177000,732,1,1026,,1,0,0,2006-08-31,0.0041355932203389,5.0,34.47689875658798
tour-de-romandie/2022/stage-3,Tour de Romandie,50,60.0,165100,2441,2,508,19.0,1,0,0,2022-04-29,0.0147849788007268,109.0,255.4585321650098
vuelta-a-espana/1998/stage-14,Vuelta a España,80,,145500,731,1,1309,,1,0,0,1998-09-19,0.0050240549828178,0.0,23.763247445032807
tirreno-adriatico/1994/stage-5,Tirreno-Adriatico,50,,191000,2700,3,727,,1,0,0,1994-03-13,0.0141361256544502,0.0,0.0
tour-de-france/1988/stage-10,Tour de France,100,,149500,2322,2,1941,,1,0,0,1988-07-12,0.0155317725752508,0.0,172.12438439600504
tour-de-romandie/2005/stage-5,Tour de Romandie,50,,20400,160,1,799,,1,0,0,2005-05-01,0.0078431372549019,138.0,63.35423312690629
dauphine/2019/stage-2,Critérium du Dauphiné,50,60.0,180000,3127,2,973,,1,0,0,2019-06-10,0.0173722222222222,684.0,481.3361712671456
tour-de-france/2022/stage-7,Tour de France,100,120.0,176300,2526,5,1551,22.0,1,0,0,2022-07-08,0.0143278502552467,612.0,369.6249936263952
tour-de-france/2013/stage-15,Tour de France,100,20.0,242500,4146,5,1690,,1,0,0,2013-07-14,0.0170969072164948,1489.0,631.5447800497627
paris-nice/2010/stage-6,Paris - Nice,30,6.0,220000,3464,2,1192,,1,0,0,2010-03-13,0.0157454545454545,551.0,496.52856101292497
paris-nice/2020/stage-3,Paris - Nice,50,60.0,212500,1787,1,1082,,1,0,0,2020-03-10,0.0084094117647058,113.0,189.3039597512138
tour-de-france/1992/stage-17,Tour de France,100,,189000,2500,2,2047,,1,0,0,1992-07-22,0.0132275132275132,975.0,138.180074883509
paris-nice/1984/stage-5,Paris - Nice,50,,174500,1776,1,778,,1,0,0,1984-03-12,0.0101776504297994,0.0,45.55343883258084
giro-d-italia/2023/stage-9,Giro d'Italia,80,180.0,35000,84,1,835,14.0,1,0,0,2023-05-14,0.0024,259.5,104.64565218892692
tirreno-adriatico/1994/stage-7,Tirreno-Adriatico,50,,167000,2219,2,727,,1,0,0,1994-03-15,0.0132874251497006,6.0,4.575295983139597
giro-d-italia/2004/stage-16,Giro d'Italia,80,,217000,4914,2,621,,1,0,0,2004-05-25,0.0226451612903225,1310.0,545.7114385503791
vuelta-a-espana/1999/stage-21,Vuelta a España,80,,163000,944,1,1342,,1,0,0,1999-09-26,0.0057914110429447,0.0,7.330208751162662
paris-nice/1991/stage-6,Paris - Nice,50,,178000,2701,3,832,,1,0,0,1991-03-16,0.0151741573033707,13.0,12.446094293307228
vuelta-a-espana/1993/stage-13,Vuelta a España,80,,37100,103,1,819,,1,0,0,1993-05-08,0.0027762803234501,284.0,120.32043000418972
tour-de-suisse/1986/stage-4,Tour de Suisse,50,,256000,2542,1,835,,1,0,0,1986-06-14,0.0099296875,15.0,4.909175083453431
giro-d-italia/2017/stage-12,Giro d'Italia,80,100.0,229000,2407,2,881,,1,0,0,2017-05-18,0.0105109170305676,28.0,83.70920660225885
tour-de-france/2019/stage-18,Tour de France,100,120.0,208000,5215,4,1699,,1,0,0,2019-07-25,0.0250721153846153,1764.0,617.3088785782584
paris-nice/2020/stage-7,Paris - Nice,50,60.0,166500,3969,5,1082,,1,0,0,2020-03-14,0.0238378378378378,559.0,408.1207551934503
tour-de-romandie/2002/stage-5,Tour de Romandie,50,,18300,382,4,535,,1,0,0,2002-05-05,0.0208743169398907,118.5,64.40330401142283
tour-de-france/2002/stage-3,Tour de France,100,,174500,1351,1,1489,,1,0,0,2002-07-09,0.0077421203438395,0.0,0.0
vuelta-a-espana/1987/stage-17,Vuelta a España,80,,221000,2059,1,838,,1,0,0,1987-05-10,0.0093167420814479,624.0,291.5597899421508
giro-d-italia/1992/stage-2,Giro d'Italia,80,,174000,1249,1,953,,1,0,0,1992-05-26,0.0071781609195402,0.0,0.0
giro-d-italia/1998/stage-12,Giro d'Italia,80,,202000,2152,2,923,,1,0,0,1998-05-28,0.0106534653465346,142.0,67.13764960285351
vuelta-a-espana/2018/stage-1,La Vuelta ciclista a España,80,100.0,8000,66,1,1036,,1,0,0,2018-08-25,0.00825,48.0,18.151708790626408
volta-a-catalunya/1970/stage-7a,Volta Ciclista a Catalunya,50,,159100,748,1,570,,1,0,0,1970-09-16,0.0047014456316781,0.0,0.5345224838248488
paris-nice/1975/stage-1,Paris - Nice,50,,238000,2515,2,951,,1,0,0,1975-03-10,0.0105672268907563,0.0,0.0
vuelta-a-espana/1998/stage-22,Vuelta a España,80,,163000,944,1,1309,,1,0,0,1998-09-27,0.0057914110429447,0.0,9.31735392223294
tour-de-france/2021/stage-7,Tour de France,100,120.0,249100,3120,2,1646,,1,0,0,2021-07-02,0.0125250903251706,932.0,430.5202247351559
world-championship/2014/result,World Championships ME - Road Race,350,,254800,4520,2,1535,,0,0,0,2014-09-28,0.0177394034536891,65.0,300.4519317126732
tirreno-adriatico/1992/stage-2,Tirreno-Adriatico,50,,191000,1104,1,638,,1,0,0,1992-03-13,0.0057801047120418,7.0,3.1304951684997055
tour-de-france/2022/stage-14,Tour de France,100,120.0,192500,3441,2,1551,27.0,1,0,0,2022-07-16,0.0178753246753246,1406.0,494.9132376277242
itzulia-basque-country/2011/stage-6,Vuelta Ciclista al País Vasco,50,6.0,24000,561,5,935,,1,0,0,2011-04-09,0.023375,181.5,82.08992843599096
vuelta-a-espana/1980/stage-3,Vuelta a España,80,,207000,1953,1,520,,1,0,0,1980-04-25,0.0094347826086956,0.0,0.0
vuelta-a-espana/1996/stage-5,Vuelta a España,80,,208000,1247,1,988,,1,0,0,1996-09-11,0.0059951923076923,0.0,5.963089933787815
tour-de-romandie/2014/stage-5,Tour de Romandie,50,6.0,18500,231,2,847,,1,0,0,2014-05-04,0.0124864864864864,130.0,67.2112459219208
dauphine/2021/stage-7,Critérium du Dauphiné,50,60.0,171100,4163,5,790,,1,0,0,2021-06-05,0.0243308007013442,1107.0,659.8689569011833
vuelta-a-espana/2000/stage-5,Vuelta a España,80,,152000,1113,1,981,,1,0,0,2000-08-30,0.0073223684210526,274.0,465.027479223512
giro-d-italia/2007/stage-12,Giro d'Italia,80,,163000,3864,4,844,,1,0,0,2007-05-24,0.0237055214723926,1352.0,658.0454236675246
tour-de-france/1988/stage-17,Tour de France,100,,210000,1155,1,1941,,1,0,0,1988-07-19,0.0055,0.0,64.15622853187666
volta-a-catalunya/1970/stage-2,Volta Ciclista a Catalunya,50,,173700,727,1,570,,1,0,0,1970-09-11,0.0041853770869314,42.0,12.699004129550984
vuelta-a-espana/2016/stage-3,Vuelta a España,80,100.0,176400,2983,3,821,,1,0,0,2016-08-22,0.0169104308390022,430.0,367.1680554863765
giro-d-italia/1991/stage-16,Giro d'Italia,80,,220000,1268,1,908,,1,0,0,1991-06-11,0.0057636363636363,13.5,18.44059531456497
paris-roubaix/1989/result,Paris - Roubaix,275,,265000,2011,1,454,,0,0,0,1989-04-09,0.007588679245283,770.0,527.9118823381269
tour-de-france/2018/stage-19,Tour de France,100,120.0,200500,5046,4,1689,,1,0,0,2018-07-27,0.0251670822942643,1925.0,741.3021287935479
tour-de-france/1985/stage-5,Tour de France,100,,224000,1898,1,1470,,1,0,0,1985-07-03,0.0084732142857142,134.0,416.9441430251913
tirreno-adriatico/1984/stage-6,Tirreno-Adriatico,50,,12500,52,1,541,,1,0,0,1984-03-14,0.00416,21.0,10.31346920579218
dwars-door-vlaanderen/2005/result,Dwars door Vlaanderen,75,,202000,4374,2,335,,0,0,0,2005-03-23,0.0216534653465346,64.0,26.650762801367183
amstel-gold-race/1991/result,Amstel Gold Race,225,,244000,3450,3,1254,,0,0,0,1991-04-27,0.014139344262295,16.0,205.57276052516377
giro-d-italia/1995/stage-20,Giro d'Italia,80,,208000,1191,1,1365,,1,0,0,1995-06-02,0.0057259615384615,26.0,119.69807411720716
vuelta-a-espana/1986/stage-1,Vuelta a España,80,,190000,2407,2,843,,1,0,0,1986-04-23,0.0126684210526315,153.0,15.534796326544372
giro-d-italia/1993/stage-15,Giro d'Italia,80,,263000,2391,1,1089,,1,0,0,1993-06-07,0.0090912547528517,48.0,16.740171245639434
giro-d-italia/1997/stage-10,Giro d'Italia,80,,189000,4126,4,792,,1,0,0,1997-05-26,0.0218306878306878,0.0,45.83562344879154
tour-de-france/2011/stage-4,Tour de France,100,20.0,172500,2250,3,1713,,1,0,0,2011-07-05,0.0130434782608695,115.0,159.04324397544036
tirreno-adriatico/1991/stage-8,Tirreno-Adriatico,50,,18300,99,1,710,,1,0,0,1991-03-20,0.0054098360655737,21.0,12.606876430477666
tour-de-france/2023/stage-1,Tour de France,100,210.0,182000,3221,3,1584,23.0,1,0,0,2023-07-01,0.0176978021978021,582.0,393.8011731909494
giro-d-italia/2000/prologue,Giro d'Italia,80,,4600,26,1,866,,1,0,0,2000-05-13,0.0056521739130434,22.0,9.692659554391458
dauphine/2008/stage-2,Critérium du Dauphiné Libéré,50,,194000,1510,1,644,,1,0,0,2008-06-09,0.0077835051546391,6.0,53.85022533429726
vuelta-a-espana/2021/stage-12,La Vuelta ciclista a España,80,100.0,175000,2018,2,1023,35.0,1,0,0,2021-08-26,0.0115314285714285,552.0,428.98239772080274
giro-d-italia/2011/stage-14,Giro d'Italia,80,16.0,172000,4170,5,891,,1,0,0,2011-05-21,0.0242441860465116,934.0,371.14258006254414
amstel-gold-race/1989/result,Amstel Gold Race,225,,242000,3329,3,1061,,0,0,0,1989-04-22,0.0137561983471074,114.0,265.58811269334933
tour-de-suisse/2014/stage-2,Tour de Suisse,50,,181800,4008,4,944,,1,0,0,2014-06-15,0.022046204620462,172.5,503.86264243684406
tour-de-france/2012/stage-10,Tour de France,100,20.0,194500,3350,4,1703,,1,0,0,2012-07-11,0.0172236503856041,2191.0,2106.587172916579
tour-de-france/1992/stage-9,Tour de France,100,,65000,880,2,2047,,1,0,0,1992-07-13,0.0135384615384615,610.0,196.3109052042265
tour-de-suisse/2006/stage-3,Tour de Suisse,50,,189500,2673,3,972,,1,0,0,2006-06-12,0.0141055408970976,298.0,350.24892000246183
vuelta-a-espana/1990/stage-18,Vuelta a España,80,,178000,4000,5,807,,1,0,0,1990-05-11,0.0224719101123595,60.0,41.59641135853545
tour-de-romandie/2021/stage-1,Tour de Romandie,50,60.0,168100,1981,2,560,,1,0,0,2021-04-28,0.0117846519928613,0.0,262.49501874515676
tour-de-france/1978/stage-1b,Tour de France,100,,100000,398,1,1241,,1,0,0,1978-06-30,0.00398,0.0,0.0
e3-harelbeke/1974/result,E3-Prijs Harelbeke,125,,226000,1432,1,433,,0,0,0,1974-03-23,0.0063362831858407,8.0,4.131182235954578
vuelta-a-espana/2004/stage-9,Vuelta a España,80,,162000,3954,5,1177,,1,0,0,2004-09-12,0.0244074074074074,836.0,616.7883509105401
paris-nice/2022/stage-2,Paris - Nice,50,60.0,159200,707,1,1182,,1,0,0,2022-03-07,0.0044409547738693,89.0,220.5322636749632
giro-d-italia/2018/stage-5,Giro d'Italia,80,100.0,153000,2237,3,838,,1,0,0,2018-05-09,0.0146209150326797,184.0,220.08655084143857
tirreno-adriatico/1998/stage-3,Tirreno-Adriatico,50,,167000,1964,2,769,,1,0,0,1998-03-13,0.0117604790419161,0.0,10.59320151641358
vuelta-a-espana/2006/stage-13,Vuelta a España,80,,180000,2541,2,1026,,1,0,0,2006-09-08,0.0141166666666666,111.0,199.55727231622024
e3-harelbeke/1982/result,E3-Prijs Harelbeke,125,,223000,1503,1,328,,0,0,0,1982-03-27,0.0067399103139013,0.0,0.0
dauphine/1984/stage-4,Critérium du Dauphiné Libéré,50,,192000,1180,1,529,,1,0,0,1984-06-01,0.0061458333333333,189.0,89.63992296668758
tirreno-adriatico/2017/stage-6,Tirreno-Adriatico,50,60.0,168000,2063,2,1036,,1,0,0,2017-03-13,0.0122797619047619,17.0,149.0255581740704
tour-de-france/1991/stage-11,Tour de France,100,,246000,2402,1,1933,,1,0,0,1991-07-16,0.0097642276422764,12.0,203.4206064620037
tour-de-suisse/2011/stage-4,Tour de Suisse,50,6.0,198400,2061,1,972,,1,0,0,2011-06-14,0.0103881048387096,8.0,154.90085668281347
giro-d-italia/1990/stage-1,Giro d'Italia,80,,13000,76,1,1061,,1,0,0,1990-05-18,0.0058461538461538,21.5,10.03826014141229
paris-nice/1992/stage-1,Paris - Nice,50,,180000,2808,3,877,,1,0,0,1992-03-09,0.0156,0.0,0.0
giro-d-italia/1992/prologue,Giro d'Italia,80,,8000,70,1,953,,1,0,0,1992-05-24,0.00875,14.0,5.656854249492381
volta-a-catalunya/2010/stage-3,Volta Ciclista a Catalunya,50,6.0,185900,3368,4,722,,1,0,0,2010-03-24,0.0181172673480365,953.0,629.0808113552044
tirreno-adriatico/2006/stage-6,Tirreno-Adriatico,30,,182000,2283,2,1210,,1,0,0,2006-03-13,0.012543956043956,116.0,283.25899449573757
e3-harelbeke/1979/result,E3-Prijs Harelbeke,125,,226000,1542,1,434,,0,0,0,1979-03-24,0.0068230088495575,332.0,121.50503703951546
giro-d-italia/1993/stage-6,Giro d'Italia,80,,130000,710,1,1089,,1,0,0,1993-05-28,0.0054615384615384,0.0,0.0
tour-de-france/1981/stage-3,Tour de France,100,,232000,1568,1,1362,,1,0,0,1981-06-28,0.0067586206896551,0.0,43.60090148194886
giro-d-italia/2005/stage-14,Giro d'Italia,80,,210000,5889,4,929,,1,0,0,2005-05-22,0.0280428571428571,2500.0,898.2746877754357
tour-de-romandie/1983/prologue,Tour de Romandie,50,,6900,50,1,478,,1,0,0,1983-05-03,0.0072463768115942,4.0,2.8284271247461903
giro-d-italia/2018/stage-9,Giro d'Italia,80,100.0,225000,4034,5,838,,1,0,0,2018-05-13,0.0179288888888888,1338.0,677.4293614315085
giro-d-italia/2009/stage-2,Giro d'Italia,80,,156000,646,1,975,,1,0,0,2009-05-10,0.0041410256410256,13.0,50.84183047593067
milano-sanremo/1998/result,Milano-Sanremo,275,,294000,2733,1,1608,,0,0,0,1998-03-21,0.0092959183673469,391.0,294.89902536719023
e3-harelbeke/1994/result,E3-Prijs Harelbeke,125,,206000,1668,1,505,,0,0,0,1994-03-26,0.0080970873786407,10.0,359.04133671880027
vuelta-a-espana/2022/stage-4,La Vuelta ciclista a España,80,100.0,152500,2319,3,968,28.0,1,0,0,2022-08-23,0.0152065573770491,358.0,446.9215864111131
tour-de-suisse/1989/stage-8,Tour de Suisse,50,,200000,1950,1,604,,1,0,0,1989-06-21,0.00975,50.0,79.60988213364804
giro-d-italia/1999/stage-11,Giro d'Italia,80,,125000,716,1,1057,,1,0,0,1999-05-25,0.005728,0.0,38.05680309009033
tour-de-france/1993/stage-18,Tour de France,100,,199500,1215,1,1804,,1,0,0,1993-07-23,0.0060902255639097,292.0,105.44912969886649
tour-de-france/2022/stage-17,Tour de France,100,120.0,129700,3364,5,1551,23.0,1,0,0,2022-07-20,0.0259367771781033,1508.0,565.3688548759384
vuelta-a-espana/1998/stage-19,Vuelta a España,80,,170400,2417,3,1309,,1,0,0,1998-09-24,0.0141842723004694,545.0,503.07945106775026
vuelta-a-espana/1997/stage-12,Vuelta a España,80,,147000,2454,3,1165,,1,0,0,1997-09-18,0.0166938775510204,844.5,472.7719325308415
paris-nice/2011/stage-1,Paris - Nice,50,6.0,154500,1212,1,1038,,1,0,0,2011-03-06,0.0078446601941747,0.0,116.8916885997931
giro-d-italia/1999/stage-18,Giro d'Italia,80,,45000,452,1,1057,,1,0,0,1999-06-02,0.0100444444444444,332.0,126.55288042721342
tour-de-france/1995/stage-6,Tour de France,100,,191000,1310,1,1871,,1,0,0,1995-07-07,0.0068586387434554,6.0,66.93004076486824
giro-d-italia/1998/stage-20,Giro d'Italia,80,,143000,2608,4,923,,1,0,0,1998-06-05,0.0182377622377622,440.0,179.22941506260685
giro-d-italia/1997/stage-15,Giro d'Italia,80,,173000,2917,3,792,,1,0,0,1997-06-01,0.0168612716763005,50.0,56.681380958551294
tour-de-france/2008/stage-17,Tour de France,100,,210500,5405,5,1520,,1,0,0,2008-07-23,0.0256769596199524,1685.0,780.2934044554158
world-championship/2004/result,World Championships ME - Road Race,350,,265500,4005,3,1247,,0,0,0,2004-10-03,0.0150847457627118,266.0,180.3219422827331
tour-de-france/2023/stage-10,Tour de France,100,210.0,167200,3151,2,1584,30.0,1,0,0,2023-07-11,0.0188456937799043,656.0,565.6566141967749
tour-de-france/2016/stage-18,Tour de France,100,120.0,17000,676,5,1758,,1,0,0,2016-07-21,0.0397647058823529,224.0,88.48420433643436
dwars-door-vlaanderen/1979/result,Dwars door België / À travers la Belgique,75,,198000,4498,5,228,,0,0,0,1979-03-25,0.0227171717171717,104.0,65.85843403341241
tour-de-romandie/1997/stage-4,Tour de Romandie,50,,149400,2262,3,922,,1,0,0,1997-05-10,0.0151405622489959,92.5,151.01103712422258
paris-nice/1982/stage-2,Paris - Nice,50,,214500,2936,3,721,,1,0,0,1982-03-13,0.0136876456876456,23.0,10.42504575277099
tirreno-adriatico/1999/stage-7,Tirreno-Adriatico,50,,160000,1539,1,1150,,1,0,0,1999-03-16,0.00961875,0.0,84.91738452874638
vuelta-a-espana/1984/stage-3,Vuelta a España,80,,204000,1568,1,747,,1,0,0,1984-04-20,0.0076862745098039,0.0,0.0
tour-de-romandie/1993/stage-4b,Tour de Romandie,50,,14500,212,3,551,,1,0,0,1993-05-08,0.0146206896551724,34.0,20.40043572519415
tour-de-france/2014/stage-2,Tour de France,100,20.0,201000,3347,2,1612,,1,0,0,2014-07-06,0.0166517412935323,631.0,442.5597028729705
tour-de-france/2015/stage-7,Tour de France,100,20.0,190500,1694,1,1812,,1,0,0,2015-07-10,0.0088923884514435,0.0,37.54590215939032
vuelta-a-espana/2004/stage-4,Vuelta a España,80,,167000,797,1,1177,,1,0,0,2004-09-07,0.0047724550898203,0.0,0.0
tour-de-suisse/2022/stage-5,Tour de Suisse,50,60.0,190100,2610,3,767,31.0,1,0,0,2022-06-16,0.0137296159915833,966.0,660.6436413011809
vuelta-a-espana/2015/stage-9,Vuelta a España,80,16.0,168300,2044,3,1115,,1,0,0,2015-08-30,0.0121449792038027,610.0,408.79794351846147
vuelta-a-espana/2015/stage-8,Vuelta a España,80,16.0,182500,1386,2,1115,,1,0,0,2015-08-29,0.0075945205479452,593.0,352.0933358553074
itzulia-basque-country/2021/stage-3,Itzulia Basque Country,50,50.0,167700,2591,3,936,,1,0,0,2021-04-07,0.0154502087060226,380.0,275.5720832359588
tour-de-france/2016/stage-11,Tour de France,100,120.0,162500,1381,2,1758,,1,0,0,2016-07-13,0.0084984615384615,95.0,144.35398372303516
world-championship/1981/result,World Championships - Road Race,350,,281400,3587,2,1485,,0,0,0,1981-08-30,0.0127469793887704,618.0,402.10343524306165
paris-nice/1997/prologue,Paris - Nice,50,,7100,84,2,779,,1,0,0,1997-03-09,0.0118309859154929,18.0,6.75134395222835
tour-de-suisse/2004/stage-2,Tour de Suisse,50,,169900,2252,2,676,,1,0,0,2004-06-13,0.0132548557975279,0.0,128.43325344065573
paris-nice/1994/stage-6,Paris - Nice,50,,195000,2627,2,900,,1,0,0,1994-03-11,0.0134717948717948,0.0,0.0
tirreno-adriatico/2006/stage-3,Tirreno-Adriatico,50,,183000,2466,3,1210,,1,0,0,2006-03-10,0.0134754098360655,127.0,338.6035563074137
volta-a-catalunya/2018/stage-5,Volta Ciclista a Catalunya,50,50.0,212900,3681,4,659,,1,0,0,2018-03-23,0.0172898074213245,14.0,289.1953783238038
tour-de-france/2011/stage-20,Tour de France,100,20.0,42500,709,2,1713,,1,0,0,2011-07-23,0.0166823529411764,346.5,122.89135694892772
tour-de-france/1986/stage-21,Tour de France,100,,190000,4219,5,1872,,1,0,0,1986-07-25,0.0222052631578947,499.0,146.4554242844435
itzulia-basque-country/2017/stage-5,Vuelta al País Vasco,50,50.0,139800,2769,5,811,,1,0,0,2017-04-07,0.0198068669527897,539.0,330.5079114343515
tour-de-france/2005/stage-9,Tour de France,100,,171000,2805,4,1535,,1,0,0,2005-07-10,0.0164035087719298,364.0,377.08071895052706
giro-d-italia/1995/stage-14,Giro d'Italia,80,,233000,850,1,1365,,1,0,0,1995-05-27,0.0036480686695278,122.0,39.801730838969526
milano-sanremo/2016/result,Milano-Sanremo,275,500.0,293000,2233,2,1080,,0,0,0,2016-03-19,0.0076211604095563,163.0,371.7362476279582
tirreno-adriatico/1999/stage-2,Tirreno-Adriatico,50,,178000,1786,1,1150,,1,0,0,1999-03-11,0.0100337078651685,0.0,41.51896388291734
giro-d-italia/1998/stage-7,Giro d'Italia,80,,235000,2888,2,923,,1,0,0,1998-05-23,0.0122893617021276,0.0,250.849078883854
vuelta-a-espana/2021/stage-1,La Vuelta ciclista a España,80,100.0,7100,87,2,1023,,1,0,0,2021-08-14,0.0122535211267605,40.5,20.73615205144603
vuelta-a-espana/1998/stage-20,Vuelta a España,80,,209000,3963,4,1309,,1,0,0,1998-09-25,0.0189617224880382,1815.0,663.7545912969782
vuelta-a-espana/2007/stage-6,Vuelta a España,80,,184300,1570,1,995,,1,0,0,2007-09-06,0.0085187194791101,0.0,175.87302354719603
giro-d-italia/2016/stage-20,Giro d'Italia,80,100.0,134000,4500,5,933,,1,0,0,2016-05-28,0.0335820895522388,2657.0,870.7248194982857
vuelta-a-espana/2002/stage-9,Vuelta a España,80,,130200,1330,2,1084,,1,0,0,2002-09-15,0.0102150537634408,761.0,444.6661829038998
dauphine/1992/stage-6,Critérium du Dauphiné Libéré,50,,204000,1522,1,492,,1,0,0,1992-06-06,0.0074607843137254,6.0,12.51110617722421
e3-harelbeke/1988/result,E3-Prijs Harelbeke,125,,231000,1518,1,262,,0,0,0,1988-03-26,0.0065714285714285,20.0,6.342646661029343
giro-d-italia/2009/stage-15,Giro d'Italia,80,,159000,3104,2,975,,1,0,0,2009-05-24,0.0195220125786163,1368.0,475.058673716964
tour-de-suisse/1992/stage-5,Tour de Suisse,50,,237000,3120,2,533,,1,0,0,1992-06-21,0.0131645569620253,0.0,0.0
vuelta-a-espana/2014/stage-2,Vuelta a España,80,16.0,174400,1308,1,1175,,1,0,0,2014-08-24,0.0075,0.0,37.21311290301475
giro-d-italia/1995/stage-7,Giro d'Italia,80,,216000,908,1,1365,,1,0,0,1995-05-19,0.0042037037037037,5.0,2.3944379994757297
giro-d-italia/1998/stage-11,Giro d'Italia,80,,214000,2727,2,923,,1,0,0,1998-05-27,0.0127429906542056,293.0,362.5510118632832
tour-de-france/2017/stage-16,Tour de France,100,120.0,165000,2033,1,1791,,1,0,0,2017-07-18,0.0123212121212121,171.0,408.74230225392967
milano-sanremo/2003/result,Milano-Sanremo,275,,297000,2224,1,1216,,0,0,0,2003-03-22,0.0074882154882154,108.0,293.6559401881677
tour-de-france/2003/stage-8,Tour de France,100,,219000,5500,5,1688,,1,0,0,2003-07-13,0.0251141552511415,1901.0,874.1762314259855
tour-de-france/1997/stage-11,Tour de France,100,,192000,3000,2,1994,,1,0,0,1997-07-16,0.015625,18.0,307.31026057741326
ronde-van-vlaanderen/1993/result,Ronde van Vlaanderen / Tour des Flandres,275,,263000,2358,1,918,,0,0,0,1993-04-04,0.0089657794676806,298.0,285.2308524252903
tour-de-france/1985/stage-15,Tour de France,100,,237500,4000,4,1470,,1,0,0,1985-07-14,0.0168421052631578,1081.0,376.7767085736861
dauphine/2008/stage-7,Critérium du Dauphiné Libéré,50,,233000,4408,4,644,,1,0,0,2008-06-14,0.0189184549356223,1235.0,838.7461370122314
volta-a-catalunya/1997/stage-8,Volta Ciclista a Catalunya,50,,186600,3610,4,419,,1,0,0,1997-06-26,0.0193461950696677,3.0,1.2649110640673518
tour-de-suisse/1985/stage-1,Tour de Suisse,50,,6500,29,1,699,,1,0,0,1985-06-11,0.0044615384615384,4.0,3.366501646120693
giro-d-italia/2005/stage-15,Giro d'Italia,80,,154000,950,1,929,,1,0,0,2005-05-23,0.0061688311688311,0.0,26.225304910926702
tirreno-adriatico/2012/stage-6,Tirreno-Adriatico,50,6.0,181000,3273,3,1188,,1,0,0,2012-03-12,0.0180828729281767,159.0,386.9159084487584
vuelta-a-espana/2010/stage-14,Vuelta a España,80,16.0,178800,3248,5,1123,,1,0,0,2010-09-11,0.018165548098434,768.0,475.2259397311507
dauphine/1975/stage-5,Critérium du Dauphiné Libéré,50,,216000,3214,3,889,,1,0,0,1975-06-07,0.0148796296296296,396.0,443.0326144155726
dwars-door-vlaanderen/1995/result,Dwars door België / À travers la Belgique,75,,210000,3423,3,339,,0,0,0,1995-03-22,0.0163,0.0,0.0
tour-de-france/2017/stage-4,Tour de France,100,120.0,207500,1404,1,1791,,1,0,0,2017-07-04,0.0067662650602409,0.0,88.41831034139331
giro-d-italia/2020/stage-10,Giro d'Italia,80,100.0,177000,2057,2,765,,1,0,0,2020-10-13,0.0116214689265536,951.0,464.5392337517591
vuelta-a-espana/1990/stage-14,Vuelta a España,80,,207000,3000,3,807,,1,0,0,1990-05-07,0.0144927536231884,0.0,0.0
volta-a-catalunya/2013/stage-5,Volta Ciclista a Catalunya,50,6.0,156500,1344,4,811,,1,0,0,2013-03-22,0.0085878594249201,9.0,7.468756315806638
vuelta-a-espana/2015/stage-3,Vuelta a España,80,16.0,158400,2613,2,1115,,1,0,0,2015-08-24,0.0164962121212121,0.0,291.3466766461558
tour-de-france/1982/stage-16,Tour de France,100,,123000,3000,5,1492,,1,0,0,1982-07-20,0.024390243902439,574.0,333.0832204417075
volta-a-catalunya/2000/stage-6,Volta a Catalunya,50,,164000,1713,1,697,,1,0,0,2000-06-20,0.0104451219512195,137.0,409.23805437485265
milano-sanremo/2011/result,Milano-Sanremo,275,,298000,2380,2,1235,,0,0,0,2011-03-19,0.007986577181208,323.0,333.62395635123016
vuelta-a-espana/2013/stage-10,Vuelta a España,80,16.0,178000,3755,5,1128,,1,0,0,2013-09-02,0.0210955056179775,1227.0,574.473160078804
vuelta-a-espana/2000/stage-6,Vuelta a España,80,,155500,794,1,981,,1,0,0,2000-08-31,0.0051061093247588,44.0,60.83168320823038
tour-de-romandie/1997/stage-2,Tour de Romandie,50,,172700,2250,2,922,,1,0,0,1997-05-08,0.0130283729009843,0.0,0.0
tour-de-suisse/1987/stage-8,Tour de Suisse,50,,253500,3110,2,673,,1,0,0,1987-06-23,0.0122682445759368,48.0,35.14459925995539
itzulia-basque-country/1984/stage-3,Vuelta Ciclista al País Vasco,50,,197000,1453,1,484,,1,0,0,1984-04-04,0.0073756345177664,54.0,28.637097152702705
giro-d-italia/2009/stage-3,Giro d'Italia,80,,198000,1155,3,975,,1,0,0,2009-05-11,0.0058333333333333,85.0,187.86936661933885
dwars-door-vlaanderen/2012/result,Dwars door Vlaanderen,75,,199500,2205,2,504,,0,0,0,2012-03-21,0.0110526315789473,186.0,44.40741902507808
dwars-door-vlaanderen/2014/result,Dwars door Vlaanderen / A travers la Flandre,125,,201000,1573,2,451,,0,0,0,2014-03-26,0.0078258706467661,272.0,289.0870828315494
vuelta-a-espana/2007/stage-4,Vuelta a España,80,,185100,3119,5,995,,1,0,0,2007-09-04,0.0168503511615343,814.0,415.8079291692824
vuelta-a-espana/2006/stage-10,Vuelta a España,80,,199300,2355,3,1026,,1,0,0,2006-09-05,0.0118163572503763,234.0,147.41844052487608
tour-de-suisse/1998/stage-7,Tour de Suisse,50,,180000,2242,2,971,,1,0,0,1998-06-23,0.0124555555555555,16.0,155.8868169403187
tour-de-romandie/2004/stage-2,Tour de Romandie,50,,156200,2630,3,507,,1,0,0,2004-04-29,0.0168373879641485,128.0,404.12197113779513
giro-d-italia/1997/stage-4,Giro d'Italia,80,,156000,2128,3,792,,1,0,0,1997-05-20,0.0136410256410256,0.0,0.0
tour-de-suisse/1992/stage-9,Tour de Suisse,50,,155000,357,1,533,,1,0,0,1992-06-25,0.0023032258064516,74.0,34.03331700946393
vuelta-a-espana/2016/stage-5,Vuelta a España,80,100.0,171300,2467,2,821,,1,0,0,2016-08-24,0.0144016345592527,0.0,135.50220269194742
vuelta-a-espana/1998/stage-1,Vuelta a España,80,,162000,1117,1,1309,,1,0,0,1998-09-05,0.006895061728395,497.0,404.9489105676116
paris-roubaix/1992/result,Paris - Roubaix,275,,267500,2690,1,695,,0,0,0,1992-04-12,0.0100560747663551,224.0,402.654254481124
tour-de-france/2018/stage-11,Tour de France,100,120.0,108500,4093,5,1689,,1,0,0,2018-07-18,0.0377235023041474,1478.0,566.0089485964903
tour-de-france/1990/stage-11,Tour de France,100,,182500,4877,5,1959,,1,0,0,1990-07-11,0.0267232876712328,1498.0,672.7549848384945
giro-d-italia/1996/stage-2,Giro d'Italia,80,,235000,2247,1,1034,,1,0,0,1996-05-19,0.0095617021276595,0.0,255.41714638473263
tour-de-romandie/2000/stage-4,Tour de Romandie,50,,160000,2833,4,764,,1,0,0,2000-05-06,0.01770625,808.0,481.72705790814746
vuelta-a-espana/2004/stage-19,Vuelta a España,80,,142000,2608,2,1177,,1,0,0,2004-09-24,0.0183661971830985,385.0,243.43952319371743
world-championship/2006/result,World Championships ME - Road Race,350,,265800,2925,2,1259,,0,0,0,2006-09-24,0.0110045146726862,113.0,181.19324917994905
volta-a-catalunya/1998/stage-6,Volta Ciclista a Catalunya,50,,180400,2742,3,859,,1,0,0,1998-06-23,0.0151995565410199,622.0,453.58709894204145
tour-de-romandie/1988/stage-3,Tour de Romandie,50,,197200,3383,4,439,,1,0,0,1988-05-13,0.0171551724137931,0.0,0.0
e3-harelbeke/2000/result,E3-Prijs Harelbeke,125,,209000,2942,2,824,,0,0,0,2000-03-25,0.0140765550239234,1202.0,466.4561545211388
vuelta-a-espana/2015/stage-10,Vuelta a España,80,16.0,146600,1520,2,1115,,1,0,0,2015-08-31,0.0103683492496589,458.0,304.518025711414
itzulia-basque-country/2001/stage-1,Vuelta al País Vasco,50,,118000,1590,2,898,,1,0,0,2001-04-09,0.0134745762711864,40.0,138.13592781998793
tirreno-adriatico/2023/stage-5,Tirreno-Adriatico,50,60.0,165600,3682,5,1044,16.0,1,0,0,2023-03-10,0.0222342995169082,1109.0,563.7814236702728
liege-bastogne-liege/1996/result,Liège - Bastogne - Liège,275,,263000,1988,1,771,,0,0,0,1996-04-21,0.0075589353612167,442.0,344.4808782381079
tour-de-france/2012/stage-2,Tour de France,100,20.0,207500,1509,1,1703,,1,0,0,2012-07-02,0.0072722891566265,0.0,52.40025665077858
dauphine/1989/stage-2,Critérium du Dauphiné Libéré,50,,186000,1091,1,603,,1,0,0,1989-05-31,0.0058655913978494,17.0,3.9000674757995495
giro-d-italia/2020/stage-8,Giro d'Italia,80,100.0,200000,2197,2,765,,1,0,0,2020-10-10,0.010985,836.0,153.907373884505
tour-de-france/2014/stage-4,Tour de France,100,20.0,163500,1118,1,1612,,1,0,0,2014-07-08,0.0068379204892966,0.0,115.1321395909789
vuelta-a-espana/1990/stage-21,Vuelta a España,80,,188000,4695,5,807,,1,0,0,1990-05-14,0.0249734042553191,4.0,31.175269620284535
dauphine/1994/stage-6,Critérium du Dauphiné Libéré,50,,203000,4169,4,362,,1,0,0,1994-06-05,0.0205369458128078,0.0,0.0
liege-bastogne-liege/1985/result,Liège - Bastogne - Liège,275,,244700,4169,4,978,,0,0,0,1985-04-21,0.0170371883939517,179.0,399.0665813498785
tour-de-romandie/2004/stage-1,Tour de Romandie,50,,175200,1619,1,507,,1,0,0,2004-04-28,0.0092408675799086,0.0,126.41923945245678
vuelta-a-espana/1987/stage-3,Vuelta a España,80,,34800,314,1,838,,1,0,0,1987-04-26,0.0090229885057471,36.0,23.003381393950665
tour-de-france/1981/stage-11,Tour de France,100,,246000,1790,1,1362,,1,0,0,1981-07-07,0.0072764227642276,305.0,549.7343456318591
tirreno-adriatico/1996/stage-8,Tirreno-Adriatico,50,,159000,842,1,585,,1,0,0,1996-03-20,0.0052955974842767,0.0,0.0
itzulia-basque-country/2017/stage-4,Vuelta al País Vasco,50,50.0,174100,2668,4,811,,1,0,0,2017-04-06,0.0153245261344055,260.0,277.3830495260725
tour-de-romandie/2022/stage-5,Tour de Romandie,50,60.0,15840,884,5,508,,1,0,0,2022-05-01,0.0558080808080808,223.5,113.78553006236872
tirreno-adriatico/1988/stage-4,Tirreno-Adriatico,50,,228000,3868,4,724,,1,0,0,1988-03-14,0.0169649122807017,0.0,0.0
tour-de-france/2023/stage-20,Tour de France,100,210.0,133500,3471,4,1584,22.0,1,0,0,2023-07-22,0.026,1239.0,622.7972476120215
dauphine/1984/stage-1a,Critérium du Dauphiné Libéré,50,,102000,1829,4,529,,1,0,0,1984-05-29,0.0179313725490196,49.0,10.446835101424911
paris-nice/1983/stage-4,Paris - Nice,50,,186000,2392,2,658,,1,0,0,1983-03-13,0.0128602150537634,0.0,159.3090637025332
tour-de-suisse/1975/stage-7,Tour de Suisse,50,,168000,700,1,549,,1,0,0,1975-06-18,0.0041666666666666,201.0,81.63250986381998
giro-d-italia/1997/stage-19,Giro d'Italia,80,,222000,3742,3,792,,1,0,0,1997-06-05,0.0168558558558558,243.0,98.07809723834744
vuelta-a-espana/1982/stage-15b,Vuelta a España,80,,35000,405,2,523,,1,0,0,1982-05-05,0.0115714285714285,219.5,98.2302037276653
tour-de-france/2017/stage-18,Tour de France,100,120.0,179500,4059,5,1791,,1,0,0,2017-07-20,0.0226128133704735,1182.0,622.2960134399974
tour-de-france/1979/stage-6,Tour de France,100,,239000,1974,2,1381,,1,0,0,1979-07-03,0.0082594142259414,1.0,142.64333321032004
dauphine/2013/stage-4,Critérium du Dauphiné,50,6.0,32500,152,1,985,,1,0,0,2013-06-05,0.004676923076923,245.5,85.42407770538459
tour-de-suisse/1991/prologue,Tour de Suisse,50,,1700,34,4,796,,1,0,0,1991-06-18,0.02,3.0,2.3664319132398464
paris-nice/2007/prologue,Paris - Nice,50,,4700,39,1,823,,1,0,0,2007-03-11,0.0082978723404255,18.0,8.991695592191803
tour-de-france/2014/stage-11,Tour de France,100,20.0,187500,2711,2,1612,,1,0,0,2014-07-16,0.0144586666666666,582.0,521.7343123416931
tour-de-romandie/1977/stage-2,Tour de Romandie,50,,181100,715,1,489,,1,0,0,1977-05-12,0.0039480949751518,158.0,86.54016408581624
vuelta-a-espana/2005/stage-21,Vuelta a España,80,,136500,1349,1,960,,1,0,0,2005-09-18,0.0098827838827838,4.0,54.81845361867532
milano-sanremo/1985/result,Milano-Sanremo,275,,294000,2202,2,1233,,0,0,0,1985-03-16,0.0074897959183673,11.0,139.84093754699745
world-championship/2003/result,World Championships ME - Road Race,350,,260400,4566,4,1249,,0,0,0,2003-10-12,0.0175345622119815,26.0,238.67886306164544
tour-de-france/1993/stage-17,Tour de France,100,,189500,4000,4,1804,,1,0,0,1993-07-22,0.021108179419525,1133.0,563.625232366253
amstel-gold-race/2019/result,Amstel Gold Race,225,500.0,265700,3536,2,1020,,0,0,0,2019-04-21,0.0133082423786225,259.0,269.293209363688
tour-de-suisse/1994/stage-8,Tour de Suisse,50,,193500,1125,1,616,,1,0,0,1994-06-22,0.005813953488372,49.5,29.26905836848493
tour-de-france/1979/stage-22,Tour de France,100,,189000,2360,2,1381,,1,0,0,1979-07-20,0.0124867724867724,49.0,107.54068474956117
vuelta-a-espana/2022/stage-13,La Vuelta ciclista a España,80,100.0,168400,1766,1,968,31.0,1,0,0,2022-09-02,0.0104869358669833,42.0,99.26151747064272
tour-de-suisse/2015/prologue,Tour de Suisse,50,6.0,5100,24,1,1048,,1,0,0,2015-06-13,0.0047058823529411,22.0,10.18688071154986
giro-d-italia/2004/prologue,Giro d'Italia,80,,6900,112,1,621,,1,0,0,2004-05-08,0.016231884057971,53.0,16.36776926858907
tour-de-france/1989/stage-5,Tour de France,100,,73000,785,3,1849,,1,0,0,1989-07-06,0.0107534246575342,520.0,191.368047344569
paris-nice/2022/stage-1,Paris - Nice,50,60.0,159800,1723,1,1182,,1,0,0,2022-03-06,0.0107822277847309,124.0,151.21216872011408
tour-de-romandie/2021/stage-2,Tour de Romandie,50,60.0,165700,3305,4,560,,1,0,0,2021-04-29,0.0199456849728424,229.0,394.40698465324
tour-de-france/2023/stage-7,Tour de France,100,210.0,169900,808,1,1584,32.0,1,0,0,2023-07-07,0.0047557386698057,0.0,83.81057874931491
vuelta-a-espana/2000/stage-17,Vuelta a España,80,,155500,632,1,981,,1,0,0,2000-09-13,0.004064308681672,57.0,95.57049148755245
liege-bastogne-liege/2006/result,Liège - Bastogne - Liège,275,,262000,4297,3,1229,,0,0,0,2006-04-23,0.0164007633587786,660.0,365.83030758396075
vuelta-a-espana/2021/stage-8,La Vuelta ciclista a España,80,100.0,173700,923,1,1023,,1,0,0,2021-08-21,0.0053137593552101,0.0,85.8010307638047
vuelta-a-espana/1999/stage-14,Vuelta a España,80,,94400,1786,4,1342,,1,0,0,1999-09-19,0.0189194915254237,112.0,79.53037195301236
paris-nice/2019/stage-5,Paris - Nice,50,60.0,25500,157,1,1099,,1,0,0,2019-03-14,0.006156862745098,144.0,67.30641481243431
vuelta-a-espana/2000/stage-14,Vuelta a España,80,,146500,2412,5,981,,1,0,0,2000-09-10,0.0164641638225255,612.5,305.5243433051736
tour-de-france/1994/prologue,Tour de France,100,,7200,78,1,1731,,1,0,0,1994-07-02,0.0108333333333333,60.0,15.8186346391281
giro-d-italia/1993/stage-21,Giro d'Italia,80,,166000,1578,1,1089,,1,0,0,1993-06-13,0.0095060240963855,0.0,0.0
tour-de-france/2021/stage-15,Tour de France,100,120.0,191300,4572,4,1646,,1,0,0,2021-07-11,0.0238996340825927,1387.0,604.0885944241418
dauphine/1984/stage-3,Critérium du Dauphiné Libéré,50,,216000,2098,1,529,,1,0,0,1984-05-31,0.0097129629629629,36.0,47.55927050035897
tour-de-france/2001/stage-10,Tour de France,70,,209000,5864,5,1496,,1,0,0,2001-07-17,0.0280574162679425,1925.0,806.5447998658769
tirreno-adriatico/2002/stage-1,Tirreno-Adriatico,50,,124000,1361,2,1056,,1,0,0,2002-03-14,0.0109758064516129,62.0,170.03610973941565
tour-de-france/2013/stage-10,Tour de France,100,20.0,197000,1762,1,1690,,1,0,0,2013-07-09,0.0089441624365482,0.0,100.67385445666336
tour-de-france/1999/prologue,Tour de France,70,,6800,110,1,1255,,1,0,0,1999-07-03,0.0161764705882352,47.0,16.183470396656816
giro-d-italia/1995/stage-22,Giro d'Italia,80,,148000,817,1,1365,,1,0,0,1995-06-04,0.0055202702702702,0.0,0.0
la-fleche-wallone/1979/result,La Flèche Wallonne,225,,248000,3907,3,785,,0,0,0,1979-04-10,0.0157540322580645,110.0,46.60114447807766
giro-d-italia/2002/stage-13,Giro d'Italia,80,,190000,3486,5,920,,1,0,0,2002-05-25,0.0183473684210526,1193.0,526.1971749462588
tour-de-france/2013/stage-7,Tour de France,100,20.0,205500,2675,2,1690,,1,0,0,2013-07-05,0.0130170316301703,9.5,442.1995856471131
vuelta-a-espana/2010/stage-15,Vuelta a España,80,16.0,170000,2673,5,1123,,1,0,0,2010-09-12,0.0157235294117647,1046.0,462.85997375729494
tour-de-romandie/1988/stage-6,Tour de Romandie,50,,188300,2888,3,439,,1,0,0,1988-05-15,0.0153372278279341,0.0,0.0
vuelta-a-espana/2013/stage-15,Vuelta a España,80,16.0,224900,5278,5,1128,,1,0,0,2013-09-08,0.0234682080924855,1545.0,696.3878848240782
tour-de-france/1992/stage-2,Tour de France,100,,255000,4000,2,2047,,1,0,0,1992-07-06,0.0156862745098039,754.0,462.7871577413759
paris-nice/1994/stage-8a,Paris - Nice,50,,100000,1627,3,900,,1,0,0,1994-03-13,0.01627,0.0,0.0
vuelta-a-espana/1989/stage-14,Vuelta a España,80,,165000,1540,1,803,,1,0,0,1989-05-07,0.0093333333333333,0.0,0.0
la-fleche-wallone/1993/result,La Flèche Wallonne,225,,206000,2928,3,842,,0,0,0,1993-04-14,0.0142135922330097,188.0,192.0099566252319
dauphine/2007/stage-6,Critérium du Dauphiné Libéré,50,,198000,3661,4,816,,1,0,0,2007-06-16,0.0184898989898989,1015.0,663.2904978920153
giro-d-italia/2005/stage-7,Giro d'Italia,80,,211000,2323,2,929,,1,0,0,2005-05-14,0.0110094786729857,677.0,502.22710736801895
giro-d-italia/2021/stage-17,Giro d'Italia,80,100.0,193000,3703,5,885,,1,0,0,2021-05-26,0.0191865284974093,1636.0,721.9903476831605
paris-roubaix/2005/result,Paris - Roubaix,275,,259000,3020,1,682,,0,0,0,2005-04-10,0.0116602316602316,292.0,224.49253747801313
giro-d-italia/2023/stage-19,Giro d'Italia,80,180.0,183000,5423,5,835,18.0,1,0,0,2023-05-26,0.0296338797814207,1723.5,881.9146051466926
vuelta-a-espana/1990/stage-4,Vuelta a España,80,,233200,1453,1,807,,1,0,0,1990-04-27,0.0062307032590051,8.0,3.3730961708462712
tour-de-suisse/2007/stage-8,Tour de Suisse,50,,34200,301,1,1089,,1,0,0,2007-06-24,0.0088011695906432,266.0,96.50258734505344
vuelta-a-espana/1991/stage-6,Vuelta a España,80,,236500,970,1,1042,,1,0,0,1991-05-04,0.0041014799154334,0.0,0.0
tour-de-france/2008/stage-15,Tour de France,100,,183000,3739,5,1520,,1,0,0,2008-07-20,0.020431693989071,1246.0,486.6050027281771
giro-d-italia/2010/stage-12,Giro d'Italia,80,16.0,206000,1651,2,878,,1,0,0,2010-05-20,0.0080145631067961,30.0,177.69210017230407
giro-d-italia/2003/stage-16,Giro d'Italia,80,,207000,791,1,734,,1,0,0,2003-05-26,0.0038212560386473,0.0,24.84023661497653
tour-de-suisse/1983/stage-5a,Tour de Suisse,50,,64000,723,2,809,,1,0,0,1983-06-19,0.011296875,5.0,2.0412414523193148
tour-de-france/2007/stage-19,Tour de France,100,,55500,480,1,1612,,1,0,0,2007-07-28,0.0086486486486486,426.0,142.36221298928572
vuelta-a-espana/2010/stage-2,Vuelta a España,80,16.0,173000,2506,1,1123,,1,0,0,2010-08-29,0.0144855491329479,0.0,36.05088471674591
giro-d-italia/2019/stage-12,Giro d'Italia,80,100.0,158000,1918,4,896,,1,0,0,2019-05-23,0.0121392405063291,1079.0,383.72338424727695
liege-bastogne-liege/1975/result,Liège - Bastogne - Liège,275,,246700,3204,2,668,,0,0,0,1975-04-20,0.0129874341305229,255.0,251.16321654362093
tour-de-france/1996/stage-2,Tour de France,100,,247500,1382,1,1872,,1,0,0,1996-07-01,0.0055838383838383,0.0,107.18749729697412
paris-nice/1991/stage-5,Paris - Nice,50,,164000,1728,2,832,,1,0,0,1991-03-15,0.0105365853658536,79.0,50.80683500040739
giro-d-italia/1992/stage-10,Giro d'Italia,80,,233000,2020,1,953,,1,0,0,1992-06-03,0.0086695278969957,135.0,67.45665274826494
vuelta-a-espana/2007/stage-2,Vuelta a España,80,,148700,2334,2,995,,1,0,0,2007-09-02,0.0156960322797579,0.0,0.0
dauphine/2021/stage-6,Critérium du Dauphiné,50,60.0,167200,2706,3,790,,1,0,0,2021-06-04,0.0161842105263157,507.5,436.0737035078675
tour-de-romandie/2005/stage-2,Tour de Romandie,50,,171900,2772,3,799,,1,0,0,2005-04-28,0.0161256544502617,0.0,226.6670339340192
vuelta-a-espana/1986/stage-5,Vuelta a España,80,,202000,2500,2,843,,1,0,0,1986-04-27,0.0123762376237623,0.0,0.0
dauphine/1989/stage-3,Critérium du Dauphiné Libéré,50,,183500,622,1,603,,1,0,0,1989-06-01,0.0033896457765667,104.0,82.42059115387275
tour-de-romandie/1977/prologue,Tour de Romandie,50,,2550,50,4,489,,1,0,0,1977-05-10,0.0196078431372549,3.0,1.9235384061671343
vuelta-a-espana/2006/stage-21,Vuelta a España,80,,142200,1173,1,1026,,1,0,0,2006-09-17,0.0082489451476793,3.0,22.842628092566077
tour-de-suisse/2023/stage-5,Tour de Suisse,50,60.0,211000,4654,4,855,18.0,1,0,0,2023-06-15,0.0220568720379146,1036.0,556.9515050842937
dwars-door-vlaanderen/2002/result,Dwars door Vlaanderen,75,,201000,3481,2,416,,0,0,0,2002-03-27,0.017318407960199,36.0,10.972808740043252
vuelta-a-espana/2007/stage-20,Vuelta a España,80,,20000,199,1,995,,1,0,0,2007-09-22,0.00995,129.0,52.16955613585942
amstel-gold-race/1985/result,Amstel Gold Race,225,,242000,3197,2,281,,0,0,0,1985-04-27,0.0132107438016528,334.0,246.45346416717297
tour-de-suisse/2022/stage-6,Tour de Suisse,50,60.0,177500,4155,5,767,25.0,1,0,0,2022-06-17,0.0234084507042253,820.0,582.4157695111347
paris-nice/1972/stage-1,Paris - Nice,50,,184000,1624,1,1086,,1,0,0,1972-03-10,0.0088260869565217,0.0,0.0
ronde-van-vlaanderen/2023/result,Ronde van Vlaanderen - Tour des Flandres ME,275,800.0,273400,2185,2,918,,0,0,0,2023-04-02,0.0079919531821506,463.5,260.2384413986122
paris-nice/1987/stage-4,Paris - Nice,50,,193000,1554,1,1164,,1,0,0,1987-03-12,0.0080518134715025,190.0,44.94003411955387
paris-nice/1986/stage-7b,Paris - Nice,50,,10000,148,3,746,,1,0,0,1986-03-09,0.0148,117.0,44.16089964517553
san-sebastian/2002/result,Clasica Ciclista San Sebastian,225,,227000,3447,2,1024,,0,0,0,2002-08-10,0.0151850220264317,500.0,366.1241885254968
dauphine/2012/prologue,Critérium du Dauphiné,50,6.0,5700,11,1,1117,,1,0,0,2012-06-03,0.0019298245614035,26.0,11.867465559628974
tirreno-adriatico/2000/stage-6,Tirreno-Adriatico,50,,149000,1419,1,1197,,1,0,0,2000-03-13,0.0095234899328859,0.0,21.41627107287043
paris-nice/1988/stage-4,Paris - Nice,50,,175000,1860,2,1146,,1,0,0,1988-03-10,0.0106285714285714,39.5,40.52614490736359
dauphine/2013/stage-7,Critérium du Dauphiné,50,6.0,184000,4693,5,985,,1,0,0,2013-06-08,0.0255054347826086,966.0,528.1676035435629
vuelta-a-espana/2022/stage-18,La Vuelta ciclista a España,80,100.0,192000,3680,5,968,26.0,1,0,0,2022-09-08,0.0191666666666666,1472.0,761.0098595062119
vuelta-a-espana/1994/stage-2,Vuelta a España,80,,178400,767,1,791,,1,0,0,1994-04-26,0.00429932735426,0.0,6.877888744270089
paris-nice/2018/stage-4,Paris - Nice,50,60.0,18400,383,2,936,,1,0,0,2018-03-07,0.0208152173913043,148.0,74.29875019669483
tour-de-suisse/2007/stage-4,Tour de Suisse,50,,194100,2001,1,1089,,1,0,0,2007-06-20,0.0103091190108191,0.0,188.9024147508717
tour-de-suisse/1994/stage-5,Tour de Suisse,50,,30000,322,2,616,,1,0,0,1994-06-19,0.0107333333333333,73.5,35.431310697993915
tour-de-romandie/2008/stage-5,Tour de Romandie,50,,159400,1577,1,590,,1,0,0,2008-05-04,0.0098933500627352,0.0,162.66068639370616
tour-de-suisse/2012/stage-7,Tour de Suisse,50,6.0,148200,2505,4,917,,1,0,0,2012-06-16,0.0169028340080971,1185.0,567.5430428487896
tour-de-suisse/1991/stage-2,Tour de Suisse,50,,172000,2688,3,796,,1,0,0,1991-06-20,0.0156279069767441,385.5,270.0428772538827
tour-de-romandie/2007/stage-4,Tour de Romandie,50,,155900,3255,4,674,,1,0,0,2007-05-05,0.0208787684413085,575.0,563.6774705956792
omloop-het-nieuwsblad/2002/result,Omloop Het Volk,125,,202000,1649,2,625,,0,0,0,2002-03-02,0.0081633663366336,574.0,233.9572251173832
vuelta-a-espana/1988/stage-15,Vuelta a España,80,,166000,1831,2,828,,1,0,0,1988-05-09,0.0110301204819277,0.0,0.0
paris-roubaix/2012/result,Paris - Roubaix,275,,257500,1428,1,630,,0,0,0,2012-04-08,0.0055456310679611,466.0,235.09614101087945
dauphine/1989/prologue,Critérium du Dauphiné Libéré,50,,5000,50,1,603,,1,0,0,1989-05-29,0.01,12.0,4.787549991450212
vuelta-a-espana/2010/stage-21,Vuelta a España,80,16.0,85000,750,1,1123,,1,0,0,2010-09-19,0.0088235294117647,20.0,34.790617742479604
giro-d-italia/2000/stage-20,Giro d'Italia,80,,34000,1304,5,866,,1,0,0,2000-06-03,0.0383529411764705,416.0,137.90653618813576
tour-de-france/1986/stage-17,Tour de France,100,,190000,5000,5,1872,,1,0,0,1986-07-20,0.0263157894736842,1256.5,439.52566613203743
volta-a-catalunya/1981/stage-5,Volta Ciclista a Catalunya,50,,179500,3384,4,388,,1,0,0,1981-09-08,0.0188523676880222,1032.0,434.39870319020673
il-lombardia/1994/result,Giro di Lombardia,275,,244000,2557,1,740,,0,0,0,1994-10-08,0.0104795081967213,465.0,241.6178529936186
il-lombardia/1976/result,Giro di Lombardia,275,,253000,3493,3,584,,0,0,0,1976-10-09,0.0138063241106719,94.0,44.30956219132955
vuelta-a-espana/2006/stage-3,Vuelta a España,80,,220000,2570,1,1026,,1,0,0,2006-08-28,0.0116818181818181,0.0,115.03290965121948
san-sebastian/1994/result,Clasica Ciclista San Sebastian,225,,238000,3313,3,1140,,0,0,0,1994-08-06,0.0139201680672268,445.0,217.7544578684181
world-championship/1984/result,World Championships - Road Race,350,,255550,2844,2,1486,,0,0,0,1984-09-02,0.0111289375855996,148.0,94.24363302415394
vuelta-a-espana/1988/stage-5,Vuelta a España,80,,234000,1744,1,828,,1,0,0,1988-04-29,0.0074529914529914,287.0,88.94998594716023
tour-de-france/1981/stage-17,Tour de France,100,,230500,5245,5,1362,,1,0,0,1981-07-14,0.0227548806941431,1339.0,612.4496095664235
giro-d-italia/2009/stage-14,Giro d'Italia,80,,174000,2675,3,975,,1,0,0,2009-05-23,0.0153735632183908,264.0,383.31812622758264
vuelta-a-espana/2012/stage-11,Vuelta a España,80,16.0,39400,738,2,852,,1,0,0,2012-08-29,0.018730964467005,319.0,149.09555695468242
tour-de-france/1995/stage-11,Tour de France,100,,198000,2500,2,1871,,1,0,0,1995-07-13,0.0126262626262626,662.0,391.6636036440619
tour-de-france/2010/stage-11,Tour de France,100,20.0,184500,1264,2,1685,,1,0,0,2010-07-15,0.006850948509485,0.0,185.8463688080818
paris-nice/2004/stage-3,Paris - Nice,50,,227500,2434,2,989,,1,0,0,2004-03-09,0.0106989010989011,25.0,265.3184873731906
paris-nice/2003/stage-2,Paris - Nice,50,,182500,2850,3,831,,1,0,0,2003-03-11,0.0156164383561643,455.0,406.1722165906985
giro-d-italia/1998/prologue,Giro d'Italia,80,,7000,11,1,923,,1,0,0,1998-05-16,0.0015714285714285,39.5,15.002334761935526
paris-nice/2010/stage-2,Paris - Nice,30,6.0,201500,1894,1,1192,,1,0,0,2010-03-09,0.0093995037220843,0.0,92.64937753134458
tour-de-suisse/2021/stage-3,Tour de Suisse,50,60.0,182100,2492,3,670,,1,0,0,2021-06-08,0.0136847885777045,92.0,305.01566094187905
paris-nice/2002/stage-6,Paris - Nice,50,,175000,3586,4,883,,1,0,0,2002-03-16,0.0204914285714285,685.0,604.5665863413011
paris-nice/1991/stage-3,Paris - Nice,50,,167000,2476,3,832,,1,0,0,1991-03-13,0.0148263473053892,22.0,4.884411045803558
vuelta-a-espana/1985/stage-8,Vuelta a España,80,,224000,2282,1,925,,1,0,0,1985-05-01,0.0101875,419.0,67.96161218582894
tour-de-romandie/2000/stage-3a,Tour de Romandie,50,,66600,764,2,764,,1,0,0,2000-05-05,0.0114714714714714,3.0,27.89309827053059
tour-de-suisse/2018/stage-5,Tour de Suisse,50,60.0,155000,2668,5,956,,1,0,0,2018-06-13,0.0172129032258064,1116.0,595.1573864830333
paris-nice/1970/stage-5,Paris - Nice,50,,220000,2115,1,1121,,1,0,0,1970-03-13,0.0096136363636363,0.0,0.0
tour-de-france/1979/stage-3,Tour de France,100,,180000,3500,4,1381,,1,0,0,1979-06-30,0.0194444444444444,728.0,614.6931828675216
tirreno-adriatico/1973/stage-3,Tirreno-Adriatico,50,,125000,1280,1,536,,1,0,0,1973-03-15,0.01024,0.0,0.0
vuelta-a-espana/1994/stage-15,Vuelta a España,80,,209300,2095,1,791,,1,0,0,1994-05-09,0.0100095556617295,0.0,0.0
tirreno-adriatico/1988/stage-6a,Tirreno-Adriatico,50,,82000,1275,3,724,,1,0,0,1988-03-16,0.0155487804878048,0.0,0.0
paris-nice/2008/stage-5,Paris - Nice,18,,172500,2617,3,775,,1,0,0,2008-03-14,0.0151710144927536,135.0,361.0516673800436
giro-d-italia/1994/stage-14,Giro d'Italia,80,,235000,1226,1,1292,,1,0,0,1994-06-04,0.0052170212765957,0.0,0.0
tour-de-france/1982/stage-20,Tour de France,100,,161000,1417,1,1492,,1,0,0,1982-07-24,0.0088012422360248,43.0,17.888543819998315
tour-de-suisse/1980/prologue,Tour de Suisse,50,,3500,51,3,477,,1,0,0,1980-06-10,0.0145714285714285,2.5,2.756809750418044
tour-de-france/1984/stage-23,Tour de France,100,,196500,1951,1,1632,,1,0,0,1984-07-22,0.0099287531806615,0.0,3.2885531308166573
tour-de-france/1992/stage-13,Tour de France,100,,254500,6974,5,2047,,1,0,0,1992-07-18,0.0274027504911591,2419.0,817.0694015755487
world-championship/1976/result,World Championships - Road Race,350,,288000,2944,1,1290,,0,0,0,1976-09-05,0.0102222222222222,27.0,48.071064955143505
vuelta-a-espana/1998/stage-17,Vuelta a España,80,,188500,627,1,1309,,1,0,0,1998-09-22,0.0033262599469496,0.0,0.0
e3-harelbeke/1985/result,E3-Prijs Harelbeke,125,,215000,1511,1,282,,0,0,0,1985-03-30,0.0070279069767441,35.0,65.50048742424634
tour-de-france/2014/stage-19,Tour de France,100,20.0,208500,1659,1,1612,,1,0,0,2014-07-25,0.0079568345323741,190.0,171.7167835370691
vuelta-a-espana/2009/stage-6,Vuelta a España,80,,185700,2308,1,1220,,1,0,0,2009-09-04,0.0124286483575659,9.0,195.82797280208433
omloop-het-nieuwsblad/1984/result,Omloop Het Volk,125,,226000,1549,1,303,,0,0,0,1984-03-03,0.0068539823008849,430.0,169.2980984944785
tirreno-adriatico/2019/stage-3,Tirreno-Adriatico,50,60.0,226000,2873,2,1067,,1,0,0,2019-03-15,0.0127123893805309,0.0,51.67127757647805
paris-nice/1982/stage-1,Paris - Nice,50,,194500,2145,2,721,,1,0,0,1982-03-12,0.0110282776349614,371.0,95.79178809619678
tour-de-france/2010/stage-17,Tour de France,100,20.0,174000,4681,5,1685,,1,0,0,2010-07-22,0.0269022988505747,1399.0,641.4612062987175
tour-de-suisse/1981/stage-5,Tour de Suisse,50,,231000,3044,2,516,,1,0,0,1981-06-15,0.0131774891774891,0.0,0.0
liege-bastogne-liege/2007/result,Liège - Bastogne - Liège,275,,262000,3999,3,1253,,0,0,0,2007-04-29,0.0152633587786259,96.0,348.7881040335129
paris-nice/2011/stage-8,Paris - Nice,50,6.0,124000,2227,2,1038,,1,0,0,2011-03-13,0.0179596774193548,317.5,332.1510142062561
giro-d-italia/2012/stage-15,Giro d'Italia,80,16.0,169000,4075,5,886,,1,0,0,2012-05-20,0.0241124260355029,1609.0,783.1164434949949
tour-de-france/1986/stage-3,Tour de France,100,,214000,1861,1,1872,,1,0,0,1986-07-06,0.0086962616822429,5.0,137.6237606388729
tour-de-romandie/2013/stage-1,Tour de Romandie,50,6.0,176400,2297,4,956,,1,0,0,2013-04-24,0.0130215419501133,0.0,161.58196540567036
il-lombardia/1987/result,Giro di Lombardia,275,,256000,3561,3,282,,0,0,0,1987-10-17,0.01391015625,332.0,217.38790214729065
vuelta-a-espana/2016/stage-9,Vuelta a España,80,100.0,164500,2780,3,821,,1,0,0,2016-08-28,0.0168996960486322,494.0,358.4375706827952
paris-nice/1989/stage-7b,Paris - Nice,50,,10000,161,3,794,,1,0,0,1989-03-12,0.0161,93.5,29.355533863669596
vuelta-a-espana/2018/stage-11,La Vuelta ciclista a España,80,100.0,207800,3755,2,1036,,1,0,0,2018-09-05,0.018070259865255,412.0,717.4094724535133
dauphine/2004/stage-4,Critérium du Dauphiné Libéré,50,,21600,442,4,737,,1,0,0,2004-06-10,0.0204629629629629,487.0,204.33453833547455
liege-bastogne-liege/1981/result,Liège - Bastogne - Liège,275,,244000,3603,3,424,,0,0,0,1981-04-19,0.0147663934426229,174.0,327.2641948959121
tirreno-adriatico/1983/stage-3,Tirreno-Adriatico,50,,210000,3220,3,463,,1,0,0,1983-03-14,0.0153333333333333,0.0,0.0
giro-d-italia/1997/stage-3,Giro d'Italia,80,,18000,665,5,792,,1,0,0,1997-05-19,0.0369444444444444,243.5,93.93662427296756
volta-a-catalunya/2013/stage-7,Volta Ciclista a Catalunya,50,6.0,122200,1708,2,811,,1,0,0,2013-03-24,0.0139770867430441,21.0,194.39479433468827
volta-a-catalunya/1993/stage-6,Volta Ciclista a Catalunya,50,,18900,499,5,884,,1,0,0,1993-09-15,0.0264021164021164,139.5,70.6174832981778
giro-d-italia/1992/stage-12,Giro d'Italia,80,,204000,1810,1,953,,1,0,0,1992-06-05,0.0088725490196078,12.0,16.802446911751343
giro-d-italia/2018/stage-7,Giro d'Italia,80,100.0,159000,1023,1,838,,1,0,0,2018-05-11,0.0064339622641509,27.0,83.902568301749
dauphine/1983/stage-3,Critérium du Dauphiné Libéré,50,,228000,3563,3,621,,1,0,0,1983-06-02,0.0156271929824561,0.0,0.0
giro-d-italia/2023/stage-18,Giro d'Italia,80,180.0,161000,4153,5,835,21.0,1,0,0,2023-05-25,0.0257950310559006,1375.0,775.6713360363311
dauphine/2013/stage-1,Critérium du Dauphiné,50,6.0,121000,2582,2,985,,1,0,0,2013-06-02,0.0213388429752066,162.0,343.5919441795606
tirreno-adriatico/1995/stage-1,Tirreno-Adriatico,50,,174000,1756,1,749,,1,0,0,1995-03-08,0.0100919540229885,0.0,0.0
tour-de-romandie/1993/stage-3,Tour de Romandie,50,,123500,1304,2,551,,1,0,0,1993-05-07,0.0105587044534412,58.0,35.79106033634656
tour-de-suisse/1974/stage-2,Tour de Suisse,50,,193000,1152,1,541,,1,0,0,1974-06-14,0.0059689119170984,0.0,0.0
vuelta-a-espana/2015/stage-5,Vuelta a España,80,16.0,167300,816,1,1115,,1,0,0,2015-08-26,0.0048774656306037,58.0,83.95439894822005
paris-nice/1992/stage-5,Paris - Nice,50,,187000,2421,2,877,,1,0,0,1992-03-13,0.0129465240641711,56.0,22.509892005410375
tour-de-france/1980/stage-6,Tour de France,100,,219500,1541,1,1224,,1,0,0,1980-07-02,0.0070205011389521,39.0,112.18285275039932
giro-d-italia/2010/stage-8,Giro d'Italia,80,16.0,189000,3424,5,878,,1,0,0,2010-05-16,0.0181164021164021,743.0,477.0710995029317
vuelta-a-espana/1997/stage-4,Vuelta a España,80,,193000,1003,1,1165,,1,0,0,1997-09-09,0.0051968911917098,0.0,184.63205916937588
vuelta-a-espana/2009/stage-14,Vuelta a España,80,,157000,3197,5,1220,,1,0,0,2009-09-13,0.0203630573248407,1335.0,453.46867259571457
giro-d-italia/2002/stage-19,Giro d'Italia,80,,44300,364,1,920,,1,0,0,2002-06-01,0.008216704288939,387.5,123.03511205153346
tour-de-france/2008/stage-1,Tour de France,100,,197500,2324,3,1520,,1,0,0,2008-07-05,0.0117670886075949,58.0,52.158047281503165
dwars-door-vlaanderen/1998/result,Dwars door België / À travers la Belgique,75,,203000,2766,3,489,,0,0,0,1998-03-23,0.0136256157635467,0.0,259.4579765282972
giro-d-italia/2000/stage-6,Giro d'Italia,80,,170000,1059,3,866,,1,0,0,2000-05-19,0.0062294117647058,0.0,57.851431250187915
tour-de-romandie/1987/stage-5b,Tour de Romandie,50,,22000,640,5,251,,1,0,0,1987-05-10,0.029090909090909,119.0,48.32745448648063
giro-d-italia/2003/stage-14,Giro d'Italia,80,,162000,4275,5,734,,1,0,0,2003-05-24,0.0263888888888888,893.0,479.3294421874197
amstel-gold-race/2004/result,Amstel Gold Race,225,,251100,3452,3,1208,,0,0,0,2004-04-18,0.013747510951812,235.0,248.05902910233263
vuelta-a-espana/2005/stage-9,Vuelta a España,80,,48000,606,1,960,,1,0,0,2005-09-04,0.012625,361.0,139.23810357222368
paris-nice/2023/stage-2,Paris - Nice,50,60.0,163700,815,1,981,,1,0,0,2023-03-06,0.0049786194257788,0.0,0.0
tour-de-france/2008/stage-19,Tour de France,100,,165500,1814,1,1520,,1,0,0,2008-07-25,0.0109607250755287,73.0,164.69187122110506
omloop-het-nieuwsblad/2000/result,Omloop Het Volk,125,,204000,2913,2,806,,0,0,0,2000-02-26,0.0142794117647058,194.0,54.311418574161834
giro-d-italia/1990/stage-11,Giro d'Italia,80,,241000,2542,2,1061,,1,0,0,1990-05-28,0.0105477178423236,0.0,0.0
tour-de-romandie/2023/stage-2,Tour de Romandie,50,60.0,162700,2653,2,539,15.0,1,0,0,2023-04-27,0.0163060848186846,188.0,375.1148774443754
tour-de-romandie/2019/stage-3,Tour de Romandie,50,60.0,160000,2527,3,570,,1,0,0,2019-05-03,0.01579375,327.0,254.4625428757328
tour-de-france/2018/stage-12,Tour de France,100,120.0,175500,5362,5,1689,,1,0,0,2018-07-19,0.0305527065527065,1734.0,628.4825949949383
tour-de-suisse/1972/stage-2,Tour de Suisse,50,,97000,1797,4,433,,1,0,0,1972-06-17,0.0185257731958762,0.0,0.0
vuelta-a-espana/2018/stage-21,La Vuelta ciclista a España,80,100.0,112300,603,1,1036,,1,0,0,2018-09-16,0.0053695458593054,0.0,38.43367879721229
tour-de-france/2023/stage-9,Tour de France,100,210.0,182400,3441,5,1584,30.0,1,0,0,2023-07-09,0.0188651315789473,1572.0,518.9444912878822
paris-nice/1988/stage-6b,Paris - Nice,50,,10000,13,1,1146,,1,0,0,1988-03-12,0.0013,62.5,34.252314558750314
tour-de-france/2007/stage-18,Tour de France,100,,211000,1938,2,1612,,1,0,0,2007-07-27,0.0091848341232227,517.0,97.07917156134698
itzulia-basque-country/2022/stage-3,Itzulia Basque Country,50,50.0,181700,3278,2,741,13.0,1,0,0,2022-04-06,0.0180407264722069,655.0,457.52612082114285
tour-de-suisse/1999/stage-1,Tour de Suisse,50,,200000,2325,2,900,,1,0,0,1999-06-16,0.011625,88.0,307.47882200373294
tour-de-france/2009/stage-5,Tour de France,100,,196500,1014,1,1557,,1,0,0,2009-07-08,0.0051603053435114,7.0,13.318711669159706
tour-de-suisse/2013/stage-6,Tour de Suisse,50,6.0,187900,2189,2,960,,1,0,0,2013-06-13,0.0116498137307078,643.0,120.22262407796924
tour-de-romandie/2017/stage-5,Tour de Romandie,50,60.0,18300,364,2,636,,1,0,0,2017-04-30,0.0198907103825136,138.0,68.73271351563642
giro-d-italia/1998/stage-16,Giro d'Italia,80,,236000,2065,1,923,,1,0,0,1998-06-01,0.00875,706.0,267.5373068903741
vuelta-a-espana/1990/stage-20,Vuelta a España,80,,39000,545,3,807,,1,0,0,1990-05-13,0.0139743589743589,87.5,40.803637608738555
tour-de-france/2016/stage-10,Tour de France,100,120.0,197000,2432,4,1758,,1,0,0,2016-07-12,0.0123451776649746,579.0,131.69368568318677
vuelta-a-espana/2010/stage-8,Vuelta a España,80,16.0,188800,3870,4,1123,,1,0,0,2010-09-04,0.0204978813559322,543.0,440.86467660098896
la-fleche-wallone/1973/result,La Flèche Wallonne,225,,249000,4069,3,845,,0,0,0,1973-04-19,0.0163413654618473,70.0,21.105794120443456
giro-d-italia/2019/stage-2,Giro d'Italia,80,100.0,205000,2242,2,896,,1,0,0,2019-05-12,0.0109365853658536,5.0,319.67632819958044
liege-bastogne-liege/1974/result,Liège - Bastogne - Liège,275,,246000,3260,2,590,,0,0,0,1974-04-21,0.0132520325203252,353.0,136.23606406350396
itzulia-basque-country/2005/stage-5a,Vuelta al País Vasco,50,,93000,2273,5,1217,,1,0,0,2005-04-08,0.0244408602150537,300.0,292.58768270335105
vuelta-a-espana/2011/stage-2,Vuelta a España,80,,171500,1305,1,1170,,1,0,0,2011-08-21,0.0076093294460641,20.0,73.35326838358009
tour-de-romandie/1996/prologue,Tour de Romandie,50,,4300,32,1,614,,1,0,0,1996-05-06,0.0074418604651162,9.0,5.493217508572842
vuelta-a-espana/2003/stage-8,Vuelta a España,80,,166000,4060,5,935,,1,0,0,2003-09-13,0.0244578313253012,1878.0,702.257388927286
tour-de-suisse/1978/stage-4a,Tour de Suisse,50,,123000,1497,2,691,,1,0,0,1978-06-18,0.012170731707317,0.0,0.0
tour-de-france/1980/stage-10,Tour de France,100,,162000,1161,1,1224,,1,0,0,1980-07-07,0.0071666666666666,2.0,6.524962335974717
giro-d-italia/1990/stage-17,Giro d'Italia,80,,223000,3050,3,1061,,1,0,0,1990-06-03,0.013677130044843,130.0,45.42343986191368
tour-de-france/1979/stage-14,Tour de France,100,,248000,3500,2,1381,,1,0,0,1979-07-11,0.0141129032258064,0.0,33.46653688252029
paris-nice/1984/stage-6,Paris - Nice,50,,182000,951,1,778,,1,0,0,1984-03-13,0.0052252747252747,44.0,15.176351255387464
la-fleche-wallone/1981/result,La Flèche Wallonne,225,,240000,3460,3,1294,,0,0,0,1981-04-15,0.0144166666666666,25.0,11.15129474312666
dauphine/1992/stage-2,Critérium du Dauphiné Libéré,50,,206000,1543,1,492,,1,0,0,1992-06-02,0.0074902912621359,10.0,3.972125095937662
vuelta-a-espana/2000/stage-9,Vuelta a España,80,,38000,167,1,981,,1,0,0,2000-09-03,0.0043947368421052,301.0,110.25104933738278
tour-de-suisse/1995/stage-8,Tour de Suisse,50,,174100,1636,1,764,,1,0,0,1995-06-21,0.0093968983342906,78.0,43.30627360248551
tirreno-adriatico/1992/prologue,Tirreno-Adriatico,50,,8000,31,1,638,,1,0,0,1992-03-11,0.003875,6.0,3.492849839314596
vuelta-a-espana/1990/stage-8,Vuelta a España,80,,199600,2595,2,807,,1,0,0,1990-05-01,0.013001002004008,0.0,0.0
giro-d-italia/2008/stage-13,Giro d'Italia,80,,177000,202,1,1058,,1,0,0,2008-05-23,0.0011412429378531,13.0,9.906634339628656
e3-harelbeke/2006/result,E3 Prijs Vlaanderen,125,,198000,1618,2,578,,0,0,0,2006-03-25,0.0081717171717171,426.0,180.09278368824013
il-lombardia/2017/result,Il Lombardia,275,500.0,247000,4115,2,1134,,0,0,0,2017-10-07,0.01665991902834,665.0,369.24699174006946
tour-de-france/2010/stage-3,Tour de France,100,20.0,213000,1168,1,1685,,1,0,0,2010-07-06,0.0054835680751173,238.0,275.6547901583615
ronde-van-vlaanderen/1985/result,Ronde van Vlaanderen / Tour des Flandres,275,,271000,3596,2,399,,0,0,0,1985-04-07,0.0132693726937269,242.5,347.46178759768634
volta-a-catalunya/2021/stage-2,Volta Ciclista a Catalunya,50,50.0,18500,198,1,772,,1,0,0,2021-03-23,0.0107027027027027,121.0,52.21639802762754
volta-a-catalunya/2006/stage-4,Volta Ciclista a Catalunya,50,,225000,4305,5,882,,1,0,0,2006-05-18,0.0191333333333333,1115.0,579.8653972254532
tour-de-suisse/1985/stage-3,Tour de Suisse,50,,186000,2107,2,699,,1,0,0,1985-06-13,0.0113279569892473,4.0,1.632993161855452
tour-de-france/1983/stage-5,Tour de France,100,,257000,2658,2,1269,,1,0,0,1983-07-06,0.0103424124513618,9.0,189.15167444393833
tour-de-france/1993/stage-8,Tour de France,100,,184500,1843,1,1804,,1,0,0,1993-07-11,0.0099891598915989,14.0,133.43226721689368
san-sebastian/2001/result,Clasica Ciclista San Sebastian,225,,227000,3115,2,1048,,0,0,0,2001-08-11,0.0137224669603524,409.0,328.63468650523333
paris-nice/1992/prologue,Paris - Nice,50,,5700,42,1,877,,1,0,0,1992-03-08,0.0073684210526315,12.0,4.793845260430544
giro-d-italia/2004/stage-1,Giro d'Italia,80,,143000,1779,2,621,,1,0,0,2004-05-09,0.0124405594405594,8.0,15.352867588802932
giro-d-italia/1997/stage-17,Giro d'Italia,80,,200000,2822,3,792,,1,0,0,1997-06-03,0.01411,213.5,161.05327657249586
volta-a-catalunya/2021/stage-6,Volta Ciclista a Catalunya,50,50.0,193800,2671,3,772,,1,0,0,2021-03-27,0.013782249742002,0.0,125.84990120220252
tour-de-romandie/2019/stage-4,Tour de Romandie,50,60.0,107600,1839,4,570,,1,0,0,2019-05-04,0.0170910780669144,284.0,373.41170329724673
vuelta-a-espana/1982/stage-2,Vuelta a España,80,,240000,1569,1,523,,1,0,0,1982-04-22,0.0065375,0.0,0.0
tour-de-france/2009/stage-8,Tour de France,100,,176500,3582,4,1557,,1,0,0,2009-07-11,0.0202946175637393,854.0,532.7026632406901
dauphine/2016/stage-5,Criterium du Dauphiné,50,60.0,140000,3369,5,1182,,1,0,0,2016-06-10,0.0240642857142857,537.0,453.6969488804762
vuelta-a-espana/1980/stage-6,Vuelta a España,80,,131000,3061,5,520,,1,0,0,1980-04-28,0.0233664122137404,528.0,564.4940414399465
tirreno-adriatico/1992/stage-4,Tirreno-Adriatico,50,,168000,1088,1,638,,1,0,0,1992-03-15,0.0064761904761904,4.0,1.949358868961793
paris-nice/2023/stage-4,Paris - Nice,50,60.0,164700,2470,5,981,13.0,1,0,0,2023-03-08,0.014996964177292,855.0,520.3504299776497
tirreno-adriatico/2020/stage-1,Tirreno-Adriatico,50,60.0,133000,948,2,687,,1,0,0,2020-09-07,0.0071278195488721,0.0,50.93905401006485
dauphine/1994/stage-5,Critérium du Dauphiné Libéré,50,,173000,4765,5,362,,1,0,0,1994-06-04,0.027543352601156,91.5,54.80967067954341
tirreno-adriatico/1984/prologue,Tirreno-Adriatico,50,,4850,57,2,541,,1,0,0,1984-03-08,0.0117525773195876,5.5,2.818640956579121
vuelta-a-espana/2014/stage-5,Vuelta a España,80,16.0,180000,2149,1,1175,,1,0,0,2014-08-27,0.0119388888888888,230.0,374.1847652604836
tour-de-france/2001/stage-2,Tour de France,100,,220500,1044,1,1496,,1,0,0,2001-07-09,0.004734693877551,93.0,100.49817439760186
paris-nice/2009/stage-1,Paris - Nice,30,,9300,110,1,796,,1,0,0,2009-03-08,0.0118279569892473,50.0,17.664366150314613
paris-nice/1994/stage-7,Paris - Nice,50,,199000,2907,3,900,,1,0,0,1994-03-12,0.014608040201005,74.5,42.04585408995572
vuelta-a-espana/1998/stage-4,Vuelta a España,80,,174000,2300,2,1309,,1,0,0,1998-09-08,0.0132183908045977,0.0,226.60971106318783
vuelta-a-espana/1992/stage-14,Vuelta a España,80,,213400,3293,3,1033,,1,0,0,1992-05-10,0.0154311152764761,116.0,53.89734510645037
dauphine/2007/stage-3,Critérium du Dauphiné Libéré,50,,40700,346,1,816,,1,0,0,2007-06-13,0.0085012285012285,289.0,118.32623814748855
tour-de-france/2015/stage-5,Tour de France,100,20.0,189500,1606,1,1812,,1,0,0,2015-07-08,0.0084749340369393,78.0,403.7427814738673
vuelta-a-espana/2010/stage-12,Vuelta a España,80,16.0,196000,2133,1,1123,,1,0,0,2010-09-09,0.0108826530612244,17.0,22.44940743522747
dauphine/2002/stage-1,Critérium du Dauphiné Libéré,50,,173000,908,1,602,,1,0,0,2002-06-10,0.0052485549132947,34.0,52.021563983275776
paris-nice/1994/stage-3,Paris - Nice,50,,202000,2734,2,900,,1,0,0,1994-03-08,0.0135346534653465,0.0,0.0
tour-de-france/2009/stage-1,Tour de France,100,,15500,316,1,1557,,1,0,0,2009-07-04,0.0203870967741935,108.0,35.05591035259751
paris-nice/1990/stage-6,Paris - Nice,50,,178000,1816,1,995,,1,0,0,1990-03-10,0.0102022471910112,25.0,9.30734476994737
tour-de-france/1990/stage-15,Tour de France,100,,170000,1731,2,1959,,1,0,0,1990-07-16,0.0101823529411764,291.0,144.77364190327296
milano-sanremo/1999/result,Milano-Sanremo,275,,294000,2683,2,1585,,0,0,0,1999-03-20,0.009125850340136,183.0,323.487597155222
tour-de-france/2010/stage-15,Tour de France,100,20.0,187500,3542,4,1685,,1,0,0,2010-07-19,0.0188906666666666,1104.0,596.7039125113934
paris-nice/2012/stage-3,Paris - Nice,50,6.0,194000,2105,3,1079,,1,0,0,2012-03-06,0.0108505154639175,48.0,179.97158229519607
tour-de-france/2005/stage-14,Tour de France,100,,174000,4188,5,1535,,1,0,0,2005-07-16,0.0240689655172413,1748.0,716.7348219719975
amstel-gold-race/1993/result,Amstel Gold Race,225,,249000,3524,3,917,,0,0,0,1993-04-24,0.014152610441767,685.0,242.13986469768963
tour-de-suisse/1989/stage-9,Tour de Suisse,50,,277500,2789,1,604,,1,0,0,1989-06-22,0.0100504504504504,61.0,27.55701161027605
volta-a-catalunya/2011/stage-3,Volta Ciclista a Catalunya,50,6.0,183900,2292,2,732,,1,0,0,2011-03-23,0.012463295269168,719.0,417.90119518678995
giro-d-italia/1996/stage-11,Giro d'Italia,80,,130000,664,1,1034,,1,0,0,1996-05-29,0.0051076923076923,0.0,93.32024754714836
tour-de-suisse/1974/prologue,Tour de Suisse,50,,9600,50,1,541,,1,0,0,1974-06-13,0.0052083333333333,15.0,8.018728078691781
vuelta-a-espana/2021/stage-9,La Vuelta ciclista a España,80,100.0,188000,4725,5,1023,,1,0,0,2021-08-22,0.0251329787234042,1716.0,698.0074098979507
vuelta-a-espana/2004/stage-7,Vuelta a España,80,,165000,1513,1,1177,,1,0,0,2004-09-10,0.0091696969696969,0.0,120.38906437167871
giro-d-italia/2013/stage-11,Giro d'Italia,80,16.0,182000,2824,3,930,,1,0,0,2013-05-15,0.0155164835164835,632.0,236.16089814662897
milano-sanremo/2017/result,Milano-Sanremo,275,500.0,291000,2166,2,1054,,0,0,0,2017-03-18,0.0074432989690721,235.0,290.4212740409064
e3-harelbeke/2017/result,Record Bank E3 Harelbeke,225,400.0,206100,1863,2,727,,0,0,0,2017-03-24,0.0090393013100436,136.0,215.4282763750032
tour-de-france/2004/stage-8,Tour de France,100,,168000,2306,3,1555,,1,0,0,2004-07-11,0.0137261904761904,0.0,74.26678717545032
tour-de-suisse/1999/stage-3,Tour de Suisse,50,,167500,2936,4,900,,1,0,0,1999-06-18,0.0175283582089552,740.0,375.630069938258
paris-nice/2009/stage-5,Paris - Nice,30,,204000,2389,2,796,,1,0,0,2009-03-12,0.0117107843137254,153.0,169.27975711639644
amstel-gold-race/1999/result,Amstel Gold Race,225,,253000,3410,2,1404,,0,0,0,1999-04-24,0.0134782608695652,560.0,236.19214008947924
tirreno-adriatico/2000/stage-1,Tirreno-Adriatico,50,,131000,1345,1,1197,,1,0,0,2000-03-08,0.010267175572519,0.0,267.8012066028234
paris-roubaix/1972/result,Paris - Roubaix,275,,272000,2170,1,777,,0,0,0,1972-04-16,0.0079779411764705,155.0,54.5787439001145
dauphine/2013/stage-6,Critérium du Dauphiné,50,6.0,143000,2207,4,985,,1,0,0,2013-06-07,0.0154335664335664,334.0,383.32614185508834
liege-bastogne-liege/2011/result,Liège - Bastogne - Liège,275,,255500,4138,3,1201,,0,0,0,2011-04-24,0.0161956947162426,243.0,220.5694107296115
tour-de-france/2022/stage-8,Tour de France,100,120.0,186300,2556,3,1551,23.0,1,0,0,2022-07-09,0.013719806763285,257.0,226.5575464164705
itzulia-basque-country/2005/stage-4,Vuelta al País Vasco,50,,167000,1448,1,1217,,1,0,0,2005-04-07,0.0086706586826347,15.0,175.19800486126985
tour-de-romandie/1995/stage-1,Tour de Romandie,50,,203300,2291,2,798,,1,0,0,1995-05-03,0.0112690605017215,4.5,22.812277396174192
vuelta-a-espana/2016/stage-11,Vuelta a España,80,100.0,168600,2351,5,821,,1,0,0,2016-08-31,0.013944246737841,452.0,266.96767311631
tour-de-suisse/1983/prologue,Tour de Suisse,50,,9000,42,1,809,,1,0,0,1983-06-14,0.0046666666666666,40.5,15.483447382838966
tour-de-france/1981/stage-21,Tour de France,100,,207000,1803,1,1362,,1,0,0,1981-07-18,0.0087101449275362,277.0,115.15512235179446
dauphine/1990/stage-6,Critérium du Dauphiné Libéré,50,,209000,2100,1,637,,1,0,0,1990-06-04,0.0100478468899521,238.0,135.4458071210278
vuelta-a-espana/2008/stage-15,Vuelta a España,80,,202000,3130,2,1101,,1,0,0,2008-09-15,0.0154950495049504,980.0,343.3045107931508
vuelta-a-espana/1982/stage-9,Vuelta a España,80,,182000,2862,3,523,,1,0,0,1982-04-29,0.0157252747252747,184.0,294.4803601934814
tour-de-suisse/1991/stage-10,Tour de Suisse,50,,215000,3118,3,796,,1,0,0,1991-06-28,0.0145023255813953,140.0,67.23986912539316
tour-de-france/1983/stage-6,Tour de France,100,,58000,506,1,1269,,1,0,0,1983-07-07,0.0087241379310344,420.5,199.71135601882435
tirreno-adriatico/1995/stage-3,Tirreno-Adriatico,50,,167000,2396,3,749,,1,0,0,1995-03-10,0.0143473053892215,0.0,0.0
la-fleche-wallone/2004/result,La Flèche Wallonne,225,,199500,2872,3,1159,,0,0,0,2004-04-21,0.0143959899749373,119.0,228.44709874077395
tour-de-france/2023/stage-19,Tour de France,100,210.0,172800,1934,2,1584,21.0,1,0,0,2023-07-21,0.0111921296296296,823.0,327.2873847699916
tour-de-france/1982/stage-11,Tour de France,100,,57000,588,2,1492,,1,0,0,1982-07-14,0.0103157894736842,481.5,164.34333013155765
dauphine/2003/stage-3,Critérium du Dauphiné Libéré,50,,33400,676,4,572,,1,0,0,2003-06-11,0.0202395209580838,355.0,120.13980938468576
giro-d-italia/2021/stage-13,Giro d'Italia,80,100.0,198000,199,1,885,,1,0,0,2021-05-21,0.0010050505050505,0.0,37.34542735311436
tour-de-suisse/1977/stage-5,Tour de Suisse,50,,226500,3549,3,627,,1,0,0,1977-06-20,0.0156688741721854,0.0,0.0
vuelta-a-espana/2009/stage-3,Vuelta a España,80,,189700,601,1,1220,,1,0,0,2009-08-31,0.0031681602530311,0.0,3.5
vuelta-a-espana/1993/stage-14,Vuelta a España,80,,197200,2376,2,819,,1,0,0,1993-05-09,0.0120486815415821,85.0,49.49295284131247
dwars-door-vlaanderen/2015/result,Dwars door Vlaanderen / A travers la Flandre,125,,200200,1564,2,479,,0,0,0,2015-03-25,0.0078121878121878,410.0,132.05255844561546
tour-de-france/1996/stage-12,Tour de France,100,,143500,3000,2,1872,,1,0,0,1996-07-12,0.0209059233449477,914.0,243.70260281886544
tour-de-france/1995/stage-15,Tour de France,100,,207000,6000,5,1871,,1,0,0,1995-07-18,0.0289855072463768,1974.0,714.6591179663668
giro-d-italia/2005/stage-19,Giro d'Italia,80,,190000,4674,5,929,,1,0,0,2005-05-28,0.0246,1751.0,808.1550014158579
tirreno-adriatico/1998/stage-5,Tirreno-Adriatico,50,,208000,3086,3,769,,1,0,0,1998-03-15,0.0148365384615384,45.0,385.085404786512
itzulia-basque-country/2011/stage-3,Vuelta Ciclista al País Vasco,50,6.0,177000,2560,3,935,,1,0,0,2011-04-06,0.0144632768361581,237.0,339.7710943859906
tour-de-france/2019/stage-14,Tour de France,100,120.0,111000,3376,5,1699,,1,0,0,2019-07-20,0.0304144144144144,1219.0,484.8344548409568
tour-de-romandie/2010/stage-5,Tour de Romandie,50,6.0,121800,2599,4,678,,1,0,0,2010-05-02,0.0213382594417077,401.0,397.90421620299713
giro-d-italia/2017/stage-21,Giro d'Italia,80,100.0,29300,25,1,881,,1,0,0,2017-05-28,0.0008532423208191,195.0,84.21952238234643
giro-d-italia/2014/stage-4,Giro d'Italia,80,16.0,112000,309,1,892,,1,0,0,2014-05-13,0.0027589285714285,0.0,16.136999384671658
giro-d-italia/1997/stage-13,Giro d'Italia,80,,150000,2763,4,792,,1,0,0,1997-05-30,0.01842,1.0,54.6462648125584
tour-de-france/2012/stage-11,Tour de France,100,,148000,4987,5,1703,,1,0,0,2012-07-12,0.0336959459459459,1772.0,661.8309229458046
tour-de-suisse/1993/stage-5,Tour de Suisse,50,,219500,3398,3,655,,1,0,0,1993-06-19,0.0154806378132118,0.0,0.0
giro-d-italia/1992/stage-19,Giro d'Italia,80,,201000,3854,4,953,,1,0,0,1992-06-12,0.0191741293532338,966.0,491.01759456880507
giro-d-italia/1999/stage-20,Giro d'Italia,80,,175000,2293,2,1057,,1,0,0,1999-06-04,0.0131028571428571,708.0,374.25623274172966
volta-a-catalunya/2007/stage-4,Volta Ciclista a Catalunya,50,,203100,4133,5,816,,1,0,0,2007-05-24,0.0203495814869522,757.0,516.2424806799611
tour-de-france/2022/stage-4,Tour de France,100,120.0,171500,1785,1,1551,20.0,1,0,0,2022-07-05,0.0104081632653061,8.0,127.18714938546783
giro-d-italia/2020/stage-4,Giro d'Italia,80,100.0,140000,1791,4,765,,1,0,0,2020-10-06,0.0127928571428571,30.0,164.41614895696742
tirreno-adriatico/2013/stage-3,Tirreno-Adriatico,50,6.0,190000,2018,2,1331,,1,0,0,2013-03-08,0.0106210526315789,0.0,194.96727931650472
giro-d-italia/1990/stage-10,Giro d'Italia,80,,68000,496,1,1061,,1,0,0,1990-05-27,0.0072941176470588,107.5,67.63209297367634
giro-d-italia/2021/stage-2,Giro d'Italia,80,100.0,179000,707,1,885,,1,0,0,2021-05-09,0.003949720670391,0.0,12.776548710880746
giro-d-italia/1994/stage-7,Giro d'Italia,80,,119000,801,1,1292,,1,0,0,1994-05-28,0.0067310924369747,1.0,4.743416490252569
dauphine/2009/stage-1,Critérium du Dauphiné Libéré,50,,12100,43,1,708,,1,0,0,2009-06-07,0.0035537190082644,72.0,24.278675450539986
vuelta-a-espana/2002/stage-21,Vuelta a España,80,,41200,373,1,1084,,1,0,0,2002-09-28,0.0090533980582524,373.0,113.9037776057353
vuelta-a-espana/2016/stage-13,Vuelta a España,80,100.0,213400,3716,2,821,,1,0,0,2016-09-02,0.0174133083411433,2034.0,505.6742291589545
giro-d-italia/2017/stage-19,Giro d'Italia,80,100.0,191000,3551,5,881,,1,0,0,2017-05-26,0.0185916230366492,1460.0,500.6988551597476
tirreno-adriatico/2020/stage-8,Tirreno-Adriatico,50,60.0,10100,12,1,687,,1,0,0,2020-09-14,0.0011881188118811,91.0,32.40886355746049
tour-de-suisse/1975/stage-2,Tour de Suisse,50,,199000,1129,1,549,,1,0,0,1975-06-13,0.0056733668341708,0.0,0.0
tour-de-romandie/2021/stage-3,Tour de Romandie,50,60.0,168700,1974,2,560,,1,0,0,2021-04-30,0.011701244813278,241.0,421.1105432146963
giro-d-italia/2022/stage-8,Giro d'Italia,80,100.0,153000,2243,2,817,22.0,1,0,0,2022-05-14,0.0146601307189542,213.0,262.1463804200485
giro-d-italia/2004/stage-12,Giro d'Italia,80,,210000,171,1,621,,1,0,0,2004-05-21,0.0008142857142857,0.0,22.417895327284345
tour-de-suisse/1983/stage-2,Tour de Suisse,50,,209000,2456,2,809,,1,0,0,1983-06-16,0.0117511961722488,0.0,0.0
paris-nice/1982/stage-5,Paris - Nice,50,,158000,1962,2,721,,1,0,0,1982-03-16,0.0124177215189873,19.0,7.603257447273753
vuelta-a-espana/2018/stage-3,La Vuelta ciclista a España,80,100.0,178200,3160,4,1036,,1,0,0,2018-08-27,0.017732884399551,0.0,207.0094955105371
giro-d-italia/1994/stage-17,Giro d'Italia,80,,200000,822,1,1292,,1,0,0,1994-06-07,0.00411,29.0,28.67751732629587
dauphine/2012/stage-2,Critérium du Dauphiné,50,6.0,160000,3002,4,1117,,1,0,0,2012-06-05,0.0187625,75.0,246.0719293135681
tour-de-france/1979/stage-13,Tour de France,100,,202000,2993,5,1381,,1,0,0,1979-07-10,0.0148168316831683,432.0,187.5281694713829
tour-de-suisse/2019/stage-8,Tour de Suisse,50,60.0,19200,95,1,802,,1,0,0,2019-06-22,0.0049479166666666,103.0,48.93094150981604
il-lombardia/2007/result,Giro di Lombardia,275,,242000,3798,2,996,,0,0,0,2007-10-20,0.015694214876033,500.0,284.4269028233544
dwars-door-vlaanderen/2004/result,Dwars door Vlaanderen,75,,204000,2957,2,539,,0,0,0,2004-03-24,0.0144950980392156,377.0,148.73324596390202
ronde-van-vlaanderen/2020/result,Ronde van Vlaanderen - Tour des Flandres ME,275,500.0,243300,2014,1,804,,0,0,0,2020-10-18,0.0082778462803123,299.0,232.33537495122536
vuelta-a-espana/2000/stage-12,Vuelta a España,80,,132000,392,1,981,,1,0,0,2000-09-07,0.0029696969696969,34.0,102.54004557977925
vuelta-a-espana/1983/stage-12,Vuelta a España,80,,147000,2223,3,705,,1,0,0,1983-05-01,0.0151224489795918,2.0,515.6764979235774
amstel-gold-race/1986/result,Amstel Gold Race,225,,242000,3728,3,471,,0,0,0,1986-04-26,0.0154049586776859,236.0,185.765040639444
tirreno-adriatico/2021/stage-1,Tirreno-Adriatico,50,60.0,156000,1032,1,1108,,1,0,0,2021-03-10,0.0066153846153846,0.0,39.7603436366988
omloop-het-nieuwsblad/1985/result,Omloop Het Volk,125,,223000,1511,1,410,,0,0,0,1985-03-02,0.0067757847533632,184.0,51.61563462143748
volta-a-catalunya/1970/stage-7b,Volta Ciclista a Catalunya,50,,32200,307,1,570,,1,0,0,1970-09-16,0.0095341614906832,48.0,41.82436822927249
world-championship/2007/result,World Championships ME - Road Race,350,,267000,4576,4,1275,,0,0,0,2007-09-30,0.0171385767790262,49.0,257.80183926803136
giro-d-italia/2011/stage-19,Giro d'Italia,80,16.0,209000,3018,5,891,,1,0,0,2011-05-27,0.0144401913875598,1171.0,569.1890786445631
vuelta-a-espana/2005/stage-17,Vuelta a España,80,,165600,2973,4,960,,1,0,0,2005-09-14,0.0179528985507246,1030.0,496.9995430934743
tour-de-france/1995/prologue,Tour de France,100,,7300,280,1,1871,,1,0,0,1995-07-01,0.0383561643835616,46.0,21.984057463742236
vuelta-a-espana/1987/stage-18,Vuelta a España,80,,24000,146,1,838,,1,0,0,1987-05-11,0.0060833333333333,40.5,22.70119918516298
vuelta-a-espana/1995/stage-11,Vuelta a España,80,,187000,2465,2,883,,1,0,0,1995-09-13,0.0131818181818181,0.0,0.0
world-championship/1971/result,World Championships - Road Race,350,,268800,3440,2,1386,,0,0,0,1971-09-05,0.012797619047619,451.0,164.0974536998577
tirreno-adriatico/1992/stage-6,Tirreno-Adriatico,50,,184500,792,1,638,,1,0,0,1992-03-17,0.0042926829268292,3.0,2.04939015319192
giro-d-italia/2014/stage-8,Giro d'Italia,80,16.0,179000,3515,5,892,,1,0,0,2014-05-17,0.0196368715083798,1312.0,762.8181192648291
tour-de-france/1986/stage-18,Tour de France,100,,162500,5000,5,1872,,1,0,0,1986-07-20,0.0307692307692307,1165.0,400.2934878258686
tirreno-adriatico/2009/stage-6,Tirreno-Adriatico,50,,235000,5262,5,1206,,1,0,0,2009-03-16,0.0223914893617021,1520.5,698.422701356413
tour-de-france/1995/stage-18,Tour de France,100,,154000,2476,1,1871,,1,0,0,1995-07-21,0.016077922077922,474.0,126.99035882412652
dauphine/2021/stage-4,Critérium du Dauphiné,50,60.0,16400,317,3,790,,1,0,0,2021-06-02,0.0193292682926829,108.0,58.368951059803024
tour-de-romandie/2011/stage-3,Tour de Romandie,50,6.0,166500,1569,1,660,,1,0,0,2011-04-29,0.0094234234234234,0.0,340.2540841848048
tour-de-france/2001/stage-13,Tour de France,70,,194000,5500,5,1496,,1,0,0,2001-07-21,0.0283505154639175,1727.0,674.18040475152
paris-nice/1995/stage-3,Paris - Nice,50,,168000,2873,4,861,,1,0,0,1995-03-07,0.0171011904761904,0.0,0.0
tour-de-france/1980/stage-13,Tour de France,100,,200000,5500,4,1224,,1,0,0,1980-07-10,0.0275,1610.0,597.9825432069051
tour-de-suisse/1990/stage-9,Tour de Suisse,50,,194000,3159,3,767,,1,0,0,1990-06-20,0.0162835051546391,122.5,58.93018468210215
giro-d-italia/2001/stage-4,Giro d'Italia,80,,169000,2828,5,920,,1,0,0,2001-05-23,0.0167337278106508,669.0,406.8944124181884
giro-d-italia/2012/stage-1,Giro d'Italia,80,16.0,8700,77,1,886,,1,0,0,2012-05-05,0.0088505747126436,57.0,19.336213312324197
tirreno-adriatico/1979/prologue,Tirreno-Adriatico,50,,8000,53,1,446,,1,0,0,1979-03-09,0.006625,1.0,0.4472135954999579
tour-de-france/1993/stage-3,Tour de France,100,,189500,2317,1,1804,,1,0,0,1993-07-06,0.0122269129287598,0.0,27.742056310080702
paris-nice/2012/stage-5,Paris - Nice,50,6.0,178000,3037,3,1079,,1,0,0,2012-03-08,0.0170617977528089,316.0,484.4576957954246
vuelta-a-espana/2004/stage-16,Vuelta a España,80,,190000,732,1,1177,,1,0,0,2004-09-21,0.0038526315789473,713.0,190.53890321491892
tour-de-suisse/1970/stage-1,Tour de Suisse,50,,185000,4767,5,393,,1,0,0,1970-06-11,0.0257675675675675,0.0,4.381780460041329
vuelta-a-espana/1989/stage-3b,Vuelta a España,80,,101000,2255,5,803,,1,0,0,1989-04-26,0.0223267326732673,0.0,0.0
vuelta-a-espana/2002/stage-17,Vuelta a España,80,,145600,833,1,1084,,1,0,0,2002-09-24,0.0057211538461538,0.0,11.68101116217449
tour-de-france/1979/stage-9,Tour de France,100,,203000,1137,1,1381,,1,0,0,1979-07-06,0.0056009852216748,906.0,585.5782422413931
paris-nice/1994/stage-5,Paris - Nice,50,,199300,2953,3,900,,1,0,0,1994-03-10,0.0148168590065228,32.0,14.08116546239056
tour-de-romandie/1987/stage-3,Tour de Romandie,50,,163400,3690,5,251,,1,0,0,1987-05-08,0.0225826193390452,0.0,0.0
omloop-het-nieuwsblad/1989/result,Omloop Het Volk,125,,244000,1757,1,872,,0,0,0,1989-03-04,0.0072008196721311,5.0,146.36770058173664
dauphine/2023/stage-4,Critérium du Dauphiné,50,60.0,31100,408,2,781,27.0,1,0,0,2023-06-07,0.0131189710610932,225.0,107.8635270516036
tirreno-adriatico/2001/stage-5,Tirreno-Adriatico,50,,14200,92,1,1092,,1,0,0,2001-03-18,0.0064788732394366,15.0,47.82921687554695
tour-de-suisse/2023/stage-1,Tour de Suisse,50,60.0,12700,76,1,855,23.0,1,0,0,2023-06-11,0.0059842519685039,61.0,26.33768702380631
tour-de-france/1990/stage-17,Tour de France,100,,150000,2586,4,1959,,1,0,0,1990-07-18,0.01724,863.0,356.10916532520383
dauphine/1970/stage-5b,Critérium du Dauphiné Libéré,50,,34000,275,1,766,,1,0,0,1970-05-24,0.0080882352941176,65.0,37.46598457267606
tour-de-romandie/2014/stage-2,Tour de Romandie,50,6.0,166500,1834,4,847,,1,0,0,2014-05-01,0.011015015015015,8.0,248.60697742369237
gp-montreal/2013/result,Grand Prix Cycliste de Montréal,225,,205700,2608,1,912,,0,0,0,2013-09-15,0.0126786582401555,26.0,226.82644942311012
tour-de-france/2007/stage-10,Tour de France,100,,229500,1917,2,1612,,1,0,0,2007-07-18,0.0083529411764705,636.0,147.045582569002
tour-de-suisse/2005/stage-9,Tour de Suisse,50,,100000,3226,5,971,,1,0,0,2005-06-19,0.03226,1228.0,505.4217773639241
liege-bastogne-liege/2017/result,Liège - Bastogne - Liège,275,500.0,258000,4187,3,998,,0,0,0,2017-04-23,0.0162286821705426,331.0,280.41232641257574
la-fleche-wallone/2007/result,La Flèche Wallonne,225,,202000,2821,3,1143,,0,0,0,2007-04-25,0.0139653465346534,92.0,244.13900724394037
dauphine/1975/stage-4,Critérium du Dauphiné Libéré,50,,149000,1944,2,889,,1,0,0,1975-06-06,0.0130469798657718,0.0,0.0
omloop-het-nieuwsblad/2007/result,Omloop Het Volk ME,125,,200000,1558,2,605,,0,0,0,2007-03-03,0.00779,266.0,128.31180619040143
uae-tour/2020/stage-4,UAE Tour,50,40.0,173000,541,1,747,,1,0,0,2020-02-26,0.0031271676300578,0.0,22.737193507074743
vuelta-a-espana/1993/stage-5,Vuelta a España,80,,219800,3595,3,819,,1,0,0,1993-04-30,0.0163557779799818,1093.0,749.7098734016602
vuelta-a-espana/1985/stage-13,Vuelta a España,80,,193000,2500,2,925,,1,0,0,1985-05-06,0.0129533678756476,209.5,95.58657672912894
vuelta-a-espana/2016/stage-7,Vuelta a España,80,100.0,158500,2616,2,821,,1,0,0,2016-08-26,0.0165047318611987,72.0,376.00337221864214
paris-roubaix/2022/result,Paris-Roubaix,275,500.0,257200,1362,1,747,17.0,0,0,0,2022-04-17,0.0052954898911353,916.0,452.8604262739949
la-fleche-wallone/2011/result,La Flèche Wallonne,225,,201000,2727,3,1109,,0,0,0,2011-04-20,0.0135671641791044,84.0,170.55316626807732
tour-de-romandie/2013/stage-5,Tour de Romandie,50,6.0,18600,34,1,956,,1,0,0,2013-04-28,0.0018279569892473,117.0,44.998613420454866
tour-de-france/2000/stage-12,Tour de France,100,,149000,3830,5,1437,,1,0,0,2000-07-13,0.0257046979865771,1025.0,455.65985984582875
tour-de-france/2016/stage-6,Tour de France,100,120.0,190500,2025,2,1758,,1,0,0,2016-07-07,0.0106299212598425,5.0,58.5234553090429
paris-nice/1988/stage-6a,Paris - Nice,50,,100000,726,1,1146,,1,0,0,1988-03-12,0.00726,0.0,0.0
volta-a-catalunya/1981/stage-4,Volta Ciclista a Catalunya,50,,180500,4227,5,388,,1,0,0,1981-09-07,0.0234182825484764,205.0,196.2138689107913
dauphine/1994/stage-2,Critérium du Dauphiné Libéré,50,,208000,3253,3,362,,1,0,0,1994-06-01,0.015639423076923,0.0,0.0
ronde-van-vlaanderen/1974/result,Ronde van Vlaanderen / Tour des Flandres,275,,256000,3045,2,816,,0,0,0,1974-03-31,0.01189453125,19.0,334.53029755900593
tirreno-adriatico/2018/stage-7,Tirreno-Adriatico,50,60.0,10050,9,1,1196,,1,0,0,2018-03-13,0.0008955223880597,60.0,30.773469948949717
tour-de-france/1988/stage-11,Tour de France,100,,232000,4000,3,1941,,1,0,0,1988-07-13,0.0172413793103448,662.0,598.1760455939016
vuelta-a-espana/2013/stage-11,Vuelta a España,80,16.0,38800,687,2,1128,,1,0,0,2013-09-04,0.0177061855670103,344.0,131.20146732936036
tour-de-france/1999/stage-8,Tour de France,70,,56500,708,1,1255,,1,0,0,1999-07-11,0.0125309734513274,504.5,157.63400311568725
tour-de-france/2013/stage-1,Tour de France,100,20.0,213000,1529,1,1690,,1,0,0,2013-06-29,0.0071784037558685,0.0,0.0
vuelta-a-espana/2006/stage-14,Vuelta a España,80,,33000,429,1,1026,,1,0,0,2006-09-09,0.013,245.0,94.75180600278036
vuelta-a-espana/2022/stage-19,La Vuelta ciclista a España,80,100.0,138300,2278,4,968,29.0,1,0,0,2022-09-09,0.0164714389009399,69.0,342.7694924084569
volta-a-catalunya/2019/stage-7,Volta Ciclista a Catalunya,50,50.0,143100,2225,2,918,,1,0,0,2019-03-31,0.0155485674353598,398.0,245.30893653398428
giro-d-italia/1992/stage-8,Giro d'Italia,80,,165000,1749,2,953,,1,0,0,1992-06-01,0.0106,0.0,0.0
tour-de-romandie/2002/prologue,Tour de Romandie,50,,3200,56,4,535,,1,0,0,2002-04-30,0.0175,13.5,7.6794803603272
volta-a-catalunya/2006/stage-1,Volta Ciclista a Catalunya,50,,12600,126,1,882,,1,0,0,2006-05-15,0.01,54.0,24.72560446128304
tour-de-suisse/2010/stage-5,Tour de Suisse,50,6.0,213300,3504,3,1198,,1,0,0,2010-06-17,0.0164275668073136,1017.0,567.7416926601388
giro-d-italia/1999/stage-13,Giro d'Italia,80,,243000,5102,4,1057,,1,0,0,1999-05-27,0.0209958847736625,1101.0,716.2588690943988
paris-nice/1994/stage-2,Paris - Nice,50,,161000,2927,4,900,,1,0,0,1994-03-07,0.0181801242236024,0.0,0.0
paris-roubaix/1999/result,Paris - Roubaix,275,,273000,2214,1,783,,0,0,0,1999-04-11,0.0081098901098901,300.0,291.99902488900625
tour-de-romandie/2005/stage-4,Tour de Romandie,50,,150200,2031,2,799,,1,0,0,2005-04-30,0.0135219707057257,279.5,392.3635491277138
paris-nice/1980/stage-1b,Paris - Nice,50,,116000,1156,1,1128,,1,0,0,1980-03-06,0.0099655172413793,0.0,15.141438435457076
vuelta-a-espana/1997/stage-16,Vuelta a España,80,,169000,2070,2,1165,,1,0,0,1997-09-22,0.0122485207100591,0.0,48.077501328497675
volta-a-catalunya/2019/stage-4,Volta Ciclista a Catalunya,50,50.0,150300,3500,4,918,,1,0,0,2019-03-28,0.0232867598137059,740.0,518.3676358525186
tour-de-france/2018/stage-1,Tour de France,100,120.0,201000,454,1,1689,,1,0,0,2018-07-07,0.0022587064676616,51.0,85.69325406998762
giro-d-italia/2012/stage-9,Giro d'Italia,80,16.0,166000,1298,1,886,,1,0,0,2012-05-14,0.0078192771084337,0.0,125.51946139446758
tour-de-romandie/1991/stage-3,Tour de Romandie,50,,179000,762,1,521,,1,0,0,1991-05-10,0.0042569832402234,0.0,0.0
paris-nice/1985/stage-1,Paris - Nice,50,,179500,2692,3,815,,1,0,0,1985-03-04,0.0149972144846796,0.0,0.0
tour-de-france/1996/stage-13,Tour de France,100,,177000,3000,3,1872,,1,0,0,1996-07-13,0.0169491525423728,664.0,353.6925896119676
itzulia-basque-country/2005/stage-2,Vuelta al País Vasco,50,,166000,2712,3,1217,,1,0,0,2005-04-05,0.0163373493975903,333.0,438.0822285487173
paris-nice/1992/stage-7b,Paris - Nice,50,,12000,254,4,877,,1,0,0,1992-03-15,0.0211666666666666,127.0,42.75943130488571
tour-de-suisse/1970/stage-2,Tour de Suisse,50,,160000,2458,3,393,,1,0,0,1970-06-12,0.0153625,0.0,8.215838362577491
tour-de-france/1984/stage-4,Tour de France,100,,83000,428,1,1632,,1,0,0,1984-07-02,0.005156626506024,62.0,24.177486688251804
tirreno-adriatico/1993/stage-1,Tirreno-Adriatico,50,,189000,1229,1,568,,1,0,0,1993-03-10,0.0065026455026455,2.0,0.6666666666666666
tour-de-suisse/1984/stage-5,Tour de Suisse,50,,174500,1037,1,646,,1,0,0,1984-06-18,0.0059426934097421,32.0,13.063945294843617
san-sebastian/2018/result,Clasica Ciclista San Sebastian,225,400.0,228700,4130,2,790,,0,0,0,2018-08-04,0.0180585920419763,142.0,225.303407228213
itzulia-basque-country/2019/stage-4,Itzulia Basque Country,50,50.0,163600,2223,2,762,,1,0,0,2019-04-11,0.0135880195599022,276.0,317.40440582781105
uae-tour/2020/stage-1,UAE Tour,50,40.0,148000,1556,1,747,,1,0,0,2020-02-23,0.0105135135135135,0.0,28.653384511915288
paris-nice/2000/stage-5,Paris - Nice,50,,196200,3941,4,880,,1,0,0,2000-03-10,0.0200866462793068,654.5,538.4082757584887
vuelta-a-espana/2008/stage-14,Vuelta a España,80,,158400,3589,5,1101,,1,0,0,2008-09-14,0.0226578282828282,929.0,406.83763212543187
amstel-gold-race/2002/result,Amstel Gold Race,225,,254400,3415,2,977,,0,0,0,2002-04-28,0.0134237421383647,311.0,275.76065216999933
paris-nice/2017/stage-5,Paris - Nice,50,60.0,199500,2272,2,1158,,1,0,0,2017-03-09,0.0113884711779448,0.0,164.35900048810365
giro-d-italia/2021/stage-15,Giro d'Italia,80,100.0,147000,1682,2,885,,1,0,0,2021-05-23,0.0114421768707483,1041.0,311.0860734829119
tour-de-france/1979/stage-16,Tour de France,100,,201000,5000,5,1381,,1,0,0,1979-07-13,0.0248756218905472,1205.0,572.5661437684723
tour-de-france/2008/stage-20,Tour de France,100,,53000,408,1,1520,,1,0,0,2008-07-26,0.0076981132075471,390.0,114.28722882396148
paris-nice/2000/stage-1,Paris - Nice,50,,201000,3303,3,880,,1,0,0,2000-03-06,0.0164328358208955,0.0,0.0
itzulia-basque-country/2000/stage-4,Vuelta al País Vasco,50,,199000,2810,3,992,,1,0,0,2000-04-06,0.0141206030150753,372.0,392.8143727367565
vuelta-a-espana/2018/stage-6,La Vuelta ciclista a España,80,100.0,155700,1399,2,1036,,1,0,0,2018-08-30,0.008985228002569,104.0,135.4226596577119
omloop-het-nieuwsblad/1983/result,Omloop Het Volk,125,,220000,2069,1,756,,0,0,0,1983-03-05,0.0094045454545454,245.0,69.86200631211038
dauphine/2015/stage-7,Critérium du Dauphiné,50,6.0,155000,4282,5,997,,1,0,0,2015-06-13,0.0276258064516129,1372.0,608.5567836200913
dauphine/2000/stage-7,Criterium du Dauphiné Libére,50,,147000,1683,2,494,,1,0,0,2000-06-11,0.0114489795918367,208.0,139.28527236134548
tour-de-france/2018/stage-21,Tour de France,100,120.0,116000,732,1,1689,,1,0,0,2018-07-29,0.0063103448275862,24.0,65.2103460259699
la-fleche-wallone/2010/result,La Flèche Wallonne,225,,198000,2872,3,1178,,0,0,0,2010-04-21,0.0145050505050505,74.0,250.2966597695094
paris-roubaix/2011/result,Paris - Roubaix,275,,258000,1789,1,836,,0,0,0,2011-04-10,0.0069341085271317,610.0,328.3867824035316
tour-de-romandie/2004/stage-4,Tour de Romandie,50,,127700,3548,5,507,,1,0,0,2004-05-01,0.0277838684416601,927.0,640.3867870893743
itzulia-basque-country/2009/stage-1,Vuelta Ciclista al País Vasco,50,,142500,2133,3,1029,,1,0,0,2009-04-06,0.0149684210526315,237.0,224.1715284843428
la-fleche-wallone/1998/result,La Flèche Wallonne,225,,201000,2074,1,860,,0,0,0,1998-04-15,0.010318407960199,450.0,213.09825417883167
tour-de-france/2002/stage-18,Tour de France,100,,176500,3814,2,1489,,1,0,0,2002-07-26,0.0216090651558073,702.0,162.11535396491598
vuelta-a-espana/2003/stage-12,Vuelta a España,80,,168800,743,1,935,,1,0,0,2003-09-17,0.0044016587677725,510.0,292.0021718736093
itzulia-basque-country/2000/stage-3,Vuelta al País Vasco,50,,190000,2595,3,992,,1,0,0,2000-04-05,0.0136578947368421,0.0,352.87860255583996
vuelta-a-espana/1995/stage-17,Vuelta a España,80,,179200,3845,4,883,,1,0,0,1995-09-20,0.0214564732142857,52.0,96.5637825613936
tour-de-suisse/2006/stage-5,Tour de Suisse,50,,229500,3162,3,972,,1,0,0,2006-06-14,0.0137777777777777,459.0,441.964812238792
giro-d-italia/2004/stage-19,Giro d'Italia,80,,122000,3428,4,621,,1,0,0,2004-05-29,0.0280983606557377,1412.0,756.3380825877788
itzulia-basque-country/2008/stage-4,Vuelta Ciclista al País Vasco,50,,171000,2265,2,838,,1,0,0,2008-04-10,0.0132456140350877,0.0,112.60152615560732
giro-d-italia/2015/stage-12,Giro d'Italia,80,16.0,190000,1288,3,861,,1,0,0,2015-05-21,0.006778947368421,816.0,411.5178684053326
tirreno-adriatico/2014/stage-5,Tirreno-Adriatico,50,6.0,192000,3111,5,1269,,1,0,0,2014-03-16,0.016203125,1048.5,579.9837251472666
tour-de-suisse/2002/stage-8,Tour de Suisse,50,,228900,4402,4,673,,1,0,0,2002-06-26,0.0192311052861511,6.0,119.55990839447392
tour-de-france/2011/stage-17,Tour de France,100,20.0,179000,3193,4,1713,,1,0,0,2011-07-20,0.0178379888268156,855.0,274.82328677865564
tour-de-france/2022/stage-11,Tour de France,100,120.0,151700,4070,5,1551,25.0,1,0,0,2022-07-13,0.0268292682926829,1811.0,614.8776604247104
tour-de-suisse/1996/prologue,Tour de Suisse,50,,5400,129,5,971,,1,0,0,1996-06-11,0.0238888888888888,25.0,8.76790441418868
vuelta-a-espana/2011/stage-19,Vuelta a España,80,16.0,157900,2708,2,1170,,1,0,0,2011-09-09,0.0171500949968334,697.0,390.1959580281337
tour-de-france/2022/stage-12,Tour de France,100,120.0,165100,4660,5,1551,26.0,1,0,0,2022-07-14,0.0282253179890975,1658.0,649.0951244069735
vuelta-a-espana/1981/stage-8b,Vuelta a España,80,,30500,1161,5,457,,1,0,0,1981-04-29,0.0380655737704918,568.5,385.5061699146377
vuelta-a-espana/1980/stage-16a,Vuelta a España,80,,131000,1261,1,520,,1,0,0,1980-05-08,0.0096259541984732,260.0,121.60881639647724
tour-de-suisse/2004/stage-5,Tour de Suisse,50,,161700,2368,3,676,,1,0,0,2004-06-16,0.0146444032158317,401.0,300.2644204611693
giro-d-italia/2017/stage-8,Giro d'Italia,80,100.0,189000,2127,2,881,,1,0,0,2017-05-13,0.0112539682539682,419.0,289.8702278031628
vuelta-a-espana/1988/stage-17,Vuelta a España,80,,244400,1721,1,828,,1,0,0,1988-05-11,0.0070417348608837,0.0,0.0
tirreno-adriatico/1991/stage-5,Tirreno-Adriatico,50,,154500,1769,2,710,,1,0,0,1991-03-17,0.0114498381877022,27.0,11.74734012447073
milano-sanremo/2018/result,Milano-Sanremo,275,500.0,294000,2143,2,1096,,0,0,0,2018-03-17,0.0072891156462585,159.5,333.1012962332882
paris-nice/1972/prologue,Paris - Nice,50,,1700,48,5,1086,,1,0,0,1972-03-09,0.028235294117647,10.0,4.087922591134904
tour-de-france/2015/stage-2,Tour de France,100,20.0,166000,241,1,1812,,1,0,0,2015-07-05,0.0014518072289156,304.0,147.60892350502752
vuelta-a-espana/2022/stage-8,La Vuelta ciclista a España,80,100.0,153400,3741,5,968,20.0,1,0,0,2022-08-27,0.0243872229465449,821.0,591.8220917898233
tour-de-france/2016/stage-16,Tour de France,100,120.0,209000,1967,2,1758,,1,0,0,2016-07-18,0.0094114832535885,80.0,188.20876202037732
vuelta-a-espana/2018/stage-12,La Vuelta ciclista a España,80,100.0,181100,3021,2,1036,,1,0,0,2018-09-06,0.0166813914964108,699.0,495.5520740824248
tour-de-france/1988/stage-18,Tour de France,100,,93500,1489,3,1941,,1,0,0,1988-07-20,0.0159251336898395,46.0,154.15865093619198
tour-de-suisse/1995/stage-9,Tour de Suisse,50,,195600,2568,2,764,,1,0,0,1995-06-22,0.0131288343558282,31.0,192.7658337638355
tour-de-suisse/1977/prologue,Tour de Suisse,50,,4000,38,1,627,,1,0,0,1977-06-15,0.0095,13.0,7.00713921654194
volta-a-catalunya/2018/stage-4,Volta Ciclista a Catalunya,50,50.0,170800,4173,5,659,,1,0,0,2018-03-22,0.0244320843091334,1018.0,570.3577932890823
tour-de-france/2014/stage-14,Tour de France,100,20.0,177000,4838,5,1612,,1,0,0,2014-07-19,0.0273333333333333,1314.0,556.1350272099861
paris-nice/1976/stage-6a,Paris - Nice,50,,96000,1405,3,779,,1,0,0,1976-03-13,0.0146354166666666,9.0,68.04494313109745
tour-de-france/1978/stage-17,Tour de France,100,,225000,6500,4,1241,,1,0,0,1978-07-18,0.0288888888888888,1420.0,553.0092536006075
tour-de-suisse/2019/stage-9,Tour de Suisse,50,60.0,101500,3071,4,802,,1,0,0,2019-06-23,0.0302561576354679,926.0,469.6671484769879
dauphine/2010/stage-7,Critérium du Dauphiné,50,6.0,151500,3957,5,673,,1,0,0,2010-06-12,0.0261188118811881,1479.0,673.4043840425077
tirreno-adriatico/1996/stage-6,Tirreno-Adriatico,50,,192000,1098,1,585,,1,0,0,1996-03-18,0.00571875,34.0,31.515075757484706
paris-nice/2022/stage-5,Paris - Nice,50,60.0,188800,3408,4,1182,,1,0,0,2022-03-10,0.0180508474576271,728.0,446.60300053027487
la-fleche-wallone/1994/result,La Flèche Wallonne,225,,205000,1854,1,636,,0,0,0,1994-04-20,0.0090439024390243,139.0,101.3921205962922
la-fleche-wallone/2017/result,La Flèche Wallonne,225,400.0,200500,2596,3,865,,0,0,0,2017-04-19,0.0129476309226932,133.0,233.8656177448883
vuelta-a-espana/2004/stage-5,Vuelta a España,80,,186500,2240,3,1177,,1,0,0,2004-09-08,0.0120107238605898,360.0,405.94593901415885
ronde-van-vlaanderen/1983/result,Ronde van Vlaanderen / Tour des Flandres,275,,272000,2935,2,433,,0,0,0,1983-04-03,0.0107904411764705,505.0,307.43985732662554
vuelta-a-espana/2020/stage-9,La Vuelta ciclista a España,80,100.0,157700,1163,1,692,,1,0,0,2020-10-29,0.0073747622067216,0.0,45.94415550910739
tirreno-adriatico/2004/stage-3,Tirreno-Adriatico,50,,168000,2704,3,926,,1,0,0,2004-03-12,0.016095238095238,292.0,289.8007433088928
tour-de-suisse/1977/stage-9b,Tour de Suisse,50,,19400,247,2,627,,1,0,0,1977-06-24,0.0127319587628865,51.5,25.46697207495753
itzulia-basque-country/2009/stage-4,Vuelta Ciclista al País Vasco,50,,161000,1397,1,1029,,1,0,0,2009-04-09,0.0086770186335403,85.0,18.99242018980154
tour-de-romandie/2008/stage-3,Tour de Romandie,50,,18800,288,3,590,,1,0,0,2008-05-02,0.0153191489361702,125.0,58.23489624641568
giro-d-italia/2008/stage-17,Giro d'Italia,80,,146000,1417,2,1058,,1,0,0,2008-05-28,0.0097054794520547,4.0,43.93839516498147
giro-d-italia/2002/stage-14,Giro d'Italia,80,,30300,471,1,920,,1,0,0,2002-05-26,0.0155445544554455,270.0,106.5432912471728
tour-de-romandie/1996/stage-3,Tour de Romandie,50,,177000,618,1,614,,1,0,0,1996-05-09,0.0034915254237288,0.0,0.0
vuelta-a-espana/2018/stage-14,La Vuelta ciclista a España,80,100.0,171000,3314,4,1036,,1,0,0,2018-09-08,0.0193801169590643,1283.0,626.141202465781
paris-nice/2002/prologue,Paris - Nice,50,,5200,44,1,883,,1,0,0,2002-03-10,0.0084615384615384,24.0,11.506854072369682
tour-de-france/1999/stage-9,Tour de France,70,,215000,5500,5,1255,,1,0,0,1999-07-13,0.0255813953488372,1718.5,831.5917415021036
vuelta-a-espana/2019/stage-20,La Vuelta ciclista a España,80,100.0,190400,4559,5,798,,1,0,0,2019-09-14,0.0239443277310924,2080.0,837.2160047113836
tour-de-france/1997/stage-4,Tour de France,100,,223000,1809,1,1994,,1,0,0,1997-07-09,0.0081121076233183,31.0,110.38085954418592
dauphine/2017/stage-4,Critérium du Dauphiné,50,60.0,23500,321,1,1024,,1,0,0,2017-06-07,0.0136595744680851,161.0,69.77913315400224
vuelta-a-espana/1998/stage-5,Vuelta a España,80,,166000,662,1,1309,,1,0,0,1998-09-09,0.0039879518072289,0.0,41.92945653173361
liege-bastogne-liege/2005/result,Liège - Bastogne - Liège,275,,260000,3614,3,1112,,0,0,0,2005-04-24,0.0139,966.0,385.4903009856049
volta-a-catalunya/2011/stage-5,Volta Ciclista a Catalunya,50,6.0,213500,2851,2,732,,1,0,0,2011-03-25,0.0133536299765807,0.0,69.38442375388654
la-fleche-wallone/1983/result,La Flèche Wallonne,225,,248000,3734,3,685,,0,0,0,1983-04-14,0.0150564516129032,174.0,56.15615953731172
itzulia-basque-country/2022/stage-1,Itzulia Basque Country,50,50.0,7510,100,2,741,,1,0,0,2022-04-04,0.0133155792276964,50.0,23.60483572903487
tour-de-suisse/1979/stage-3a,Tour de Suisse,50,,20000,237,2,538,,1,0,0,1979-06-16,0.01185,30.0,15.449919093639291
tour-de-france/2019/stage-8,Tour de France,100,120.0,200000,3844,2,1699,,1,0,0,2019-07-13,0.01922,1183.0,617.9819895644894
tour-de-suisse/1994/stage-2,Tour de Suisse,50,,192000,1062,1,616,,1,0,0,1994-06-16,0.00553125,0.0,5.0
paris-nice/1972/stage-4a,Paris - Nice,50,,88000,882,1,1086,,1,0,0,1972-03-13,0.0100227272727272,0.0,2.5298221281347035
paris-nice/1980/stage-4,Paris - Nice,50,,131000,1616,2,1128,,1,0,0,1980-03-09,0.0123358778625954,286.0,140.49760468804058
e3-harelbeke/1989/result,E3-Prijs Harelbeke,125,,211000,1500,1,330,,0,0,0,1989-03-25,0.0071090047393364,70.0,67.10569724825608
tour-de-france/1997/stage-13,Tour de France,100,,203500,3500,5,1994,,1,0,0,1997-07-19,0.0171990171990172,656.0,310.6592933746352
volta-a-catalunya/1977/stage-2,Volta Ciclista a Catalunya,50,,150900,1912,2,490,,1,0,0,1977-09-09,0.0126706428098078,200.0,232.8411405257058
giro-d-italia/2013/stage-17,Giro d'Italia,80,16.0,214000,887,2,930,,1,0,0,2013-05-22,0.0041448598130841,97.0,227.00303645325445
tirreno-adriatico/1981/prologue,Tirreno-Adriatico,50,,4300,65,3,554,,1,0,0,1981-03-14,0.0151162790697674,7.5,3.6560452221856705
giro-d-italia/2008/stage-14,Giro d'Italia,80,,195000,5091,5,1058,,1,0,0,2008-05-24,0.0261076923076923,1783.0,730.8959855875277
volta-a-catalunya/2001/stage-7,Volta a Catalunya,50,,176100,2742,5,617,,1,0,0,2001-06-27,0.0155706984667802,517.0,456.0863099676947
amstel-gold-race/1972/result,Amstel Gold Race,225,,237000,2634,2,339,,0,0,0,1972-03-26,0.0111139240506329,14.0,228.0651967972049
vuelta-a-espana/1993/stage-18,Vuelta a España,80,,170000,2247,2,819,,1,0,0,1993-05-13,0.0132176470588235,535.0,126.781292630614
tirreno-adriatico/1995/stage-7,Tirreno-Adriatico,50,,180000,1428,1,749,,1,0,0,1995-03-14,0.0079333333333333,0.0,0.0
vuelta-a-espana/1989/stage-22,Vuelta a España,80,,177000,2500,3,803,,1,0,0,1989-05-15,0.0141242937853107,0.0,0.0
tour-de-romandie/1984/stage-5a,Tour de Romandie,50,,103800,1778,4,491,,1,0,0,1984-05-13,0.0171290944123314,0.0,45.95940237499468
tour-de-france/2015/stage-20,Tour de France,100,20.0,110500,3164,5,1812,,1,0,0,2015-07-25,0.0286334841628959,1166.0,467.4234709752531
il-lombardia/1971/result,Giro di Lombardia,275,,266000,3084,2,575,,0,0,0,1971-10-09,0.011593984962406,229.0,54.881958891467285
tour-de-suisse/1984/stage-4,Tour de Suisse,50,,22500,402,4,646,,1,0,0,1984-06-17,0.0178666666666666,137.5,61.41163480065393
giro-d-italia/2023/stage-13,Giro d'Italia,80,180.0,74600,2456,5,835,12.0,1,0,0,2023-05-19,0.0329222520107238,1256.0,511.0263768192012
gran-camino/2023/stage-3,O Gran Camiño,20,14.0,123400,2280,5,156,,1,0,0,2023-02-25,0.0184764991896272,254.0,486.8594097453301
tour-de-france/2009/stage-12,Tour de France,100,,211500,2340,2,1557,,1,0,0,2009-07-16,0.011063829787234,358.0,63.52684619200152
vuelta-a-espana/2020/stage-2,La Vuelta ciclista a España,80,100.0,151600,2435,4,692,,1,0,0,2020-10-21,0.0160620052770448,926.0,399.840800362688
vuelta-a-espana/2013/stage-2,Vuelta a España,80,16.0,177700,2317,5,1128,,1,0,0,2013-08-25,0.0130388294879009,467.0,262.1490037306758
vuelta-a-espana/2015/stage-11,Vuelta a España,80,16.0,138000,5421,5,1115,,1,0,0,2015-09-02,0.0392826086956521,1481.5,611.8004956861558
dauphine/2005/prologue,Critérium du Dauphiné Libéré,30,,7900,132,3,933,,1,0,0,2005-06-05,0.0167088607594936,41.0,18.652181829038256
vuelta-a-espana/1985/stage-3,Vuelta a España,80,,197000,3500,4,925,,1,0,0,1985-04-26,0.0177664974619289,28.0,12.137104958357508
tour-de-suisse/1970/stage-9,Tour de Suisse,50,,182000,4760,5,393,,1,0,0,1970-06-19,0.0261538461538461,0.0,0.0
tour-de-france/1978/stage-20,Tour de France,100,,72000,719,2,1241,,1,0,0,1978-07-21,0.0099861111111111,500.5,208.9510870432523
volta-a-catalunya/1984/stage-6,Volta Ciclista a Catalunya,50,,179000,4779,5,319,,1,0,0,1984-09-11,0.0266983240223463,65.0,20.494614896749876
tour-de-romandie/1998/prologue,Tour de Romandie,50,,4800,37,1,857,,1,0,0,1998-05-05,0.0077083333333333,11.5,11.423284491398634
vuelta-a-espana/1986/stage-8,Vuelta a España,80,,9700,494,5,843,,1,0,0,1986-04-30,0.0509278350515463,16.0,11.442610424782158
giro-d-italia/2015/stage-20,Giro d'Italia,80,16.0,196000,3355,5,861,,1,0,0,2015-05-30,0.0171173469387755,1875.0,901.4195361685486
tour-de-france/2010/stage-12,Tour de France,100,20.0,210500,3485,3,1685,,1,0,0,2010-07-16,0.0165558194774346,325.0,223.8983174308097
itzulia-basque-country/2019/stage-1,Itzulia Basque Country,50,50.0,11300,269,2,762,,1,0,0,2019-04-08,0.0238053097345132,92.0,47.72990618154805
tour-de-france/2010/stage-18,Tour de France,100,20.0,198000,1056,1,1685,,1,0,0,2010-07-23,0.0053333333333333,0.0,30.447664565176925
tour-de-suisse/1979/stage-3b,Tour de Suisse,50,,151000,356,1,538,,1,0,0,1979-06-16,0.0023576158940397,0.0,0.0
giro-d-italia/1998/stage-17,Giro d'Italia,80,,215000,4706,4,923,,1,0,0,1998-06-02,0.0218883720930232,1300.0,661.6674621158961
giro-d-italia/2003/stage-19,Giro d'Italia,80,,239000,2652,5,734,,1,0,0,2003-05-30,0.0110962343096234,431.0,309.4889631495823
dauphine/2021/stage-3,Critérium du Dauphiné,50,60.0,172200,2096,3,790,,1,0,0,2021-06-01,0.0121718931475029,43.5,73.77309220815306
itzulia-basque-country/2023/stage-6,Itzulia Basque Country,50,50.0,137800,3472,4,719,20.0,1,0,0,2023-04-08,0.0251959361393323,660.0,317.416018576201
tirreno-adriatico/1999/stage-1,Tirreno-Adriatico,50,,131000,2384,4,1150,,1,0,0,1999-03-10,0.0181984732824427,767.0,352.01506195450276
tour-de-suisse/2011/prologue,Tour de Suisse,50,6.0,7300,145,4,972,,1,0,0,2011-06-11,0.0198630136986301,49.5,18.267250828468654
tour-de-suisse/1974/stage-7,Tour de Suisse,50,,177000,770,1,541,,1,0,0,1974-06-19,0.0043502824858757,0.0,0.0
dwars-door-vlaanderen/2022/result,Dwars door Vlaanderen - A travers la Flandre ME,225,300.0,183700,1649,2,648,28.0,0,0,0,2022-03-30,0.0089765922700054,252.0,152.98604486635074
giro-d-italia/2002/stage-9,Giro d'Italia,80,,201000,1546,2,920,,1,0,0,2002-05-21,0.0076915422885572,0.0,31.86320454520494
liege-bastogne-liege/2022/result,Liège-Bastogne-Liège,275,500.0,257200,4342,2,1101,14.0,0,0,0,2022-04-24,0.0168818040435458,478.0,433.37041476222697
volta-a-catalunya/2022/stage-6,Volta Ciclista a Catalunya,50,50.0,168600,2706,2,722,36.0,1,0,0,2022-03-26,0.0160498220640569,547.0,665.0994222085443
giro-d-italia/2016/stage-11,Giro d'Italia,80,100.0,227000,777,2,933,,1,0,0,2016-05-18,0.0034229074889867,716.0,381.5717354818099
liege-bastogne-liege/1991/result,Liège - Bastogne - Liège,275,,267000,4054,3,1263,,0,0,0,1991-04-21,0.0151835205992509,388.0,446.43357375965417
vuelta-a-espana/2006/stage-12,Vuelta a España,80,,169300,1866,1,1026,,1,0,0,2006-09-07,0.0110218546958062,534.0,145.7998539253906
vuelta-a-espana/1982/stage-10,Vuelta a España,80,,181000,2990,3,523,,1,0,0,1982-04-30,0.0165193370165745,312.0,315.0896655787006
vuelta-a-espana/2020/stage-12,La Vuelta ciclista a España,80,100.0,109400,3125,5,692,,1,0,0,2020-11-01,0.0285648994515539,1644.0,700.7404842202034
vuelta-a-espana/2022/stage-3,La Vuelta ciclista a España,80,100.0,193200,255,1,968,23.0,1,0,0,2022-08-21,0.0013198757763975,0.0,50.0731471728346
uae-tour/2023/stage-4,UAE Tour,50,40.0,174000,304,1,530,29.0,1,0,0,2023-02-23,0.0017471264367816,0.0,15.315379950603376
tirreno-adriatico/2023/stage-3,Tirreno-Adriatico,50,60.0,216000,2601,2,1044,15.0,1,0,0,2023-03-08,0.0120416666666666,0.0,115.113609948026
dauphine/2009/stage-7,Critérium du Dauphiné Libéré,50,,157000,4143,5,708,,1,0,0,2009-06-13,0.0263885350318471,1172.0,838.4014175740191
tour-de-france/1984/stage-6,Tour de France,100,,202000,1822,2,1632,,1,0,0,1984-07-04,0.009019801980198,0.0,58.59506072470438
paris-nice/1970/stage-1,Paris - Nice,50,,141000,1248,1,1121,,1,0,0,1970-03-09,0.0088510638297872,0.0,0.0
tirreno-adriatico/1990/stage-6,Tirreno-Adriatico,50,,192000,1116,1,590,,1,0,0,1990-03-12,0.0058125,8.0,6.160808027812224
giro-d-italia/2020/stage-7,Giro d'Italia,80,100.0,143000,450,1,765,,1,0,0,2020-10-09,0.0031468531468531,28.0,133.9251489848919
paris-nice/2022/stage-6,Paris - Nice,50,60.0,213600,2878,2,1182,,1,0,0,2022-03-11,0.0134737827715355,0.0,363.9877304112163
giro-d-italia/2020/stage-6,Giro d'Italia,80,100.0,188000,2821,2,765,,1,0,0,2020-10-08,0.0150053191489361,92.0,214.75173368496556
tour-de-france/2016/stage-3,Tour de France,100,120.0,223500,1975,2,1758,,1,0,0,2016-07-04,0.0088366890380313,0.0,62.863121423228165
tour-de-suisse/1999/stage-9,Tour de Suisse,50,,225200,2983,2,900,,1,0,0,1999-06-24,0.0132460035523978,104.0,59.407417991076926
giro-d-italia/1993/stage-16,Giro d'Italia,80,,181000,1185,1,1089,,1,0,0,1993-06-08,0.0065469613259668,0.0,0.0
giro-d-italia/2023/stage-15,Giro d'Italia,80,180.0,195000,4040,4,835,20.0,1,0,0,2023-05-21,0.0207179487179487,883.0,549.8529645983803
giro-d-italia/2020/stage-19,Giro d'Italia,80,100.0,124000,406,1,765,,1,0,0,2020-10-23,0.003274193548387,703.0,191.82876925663044
paris-nice/2009/stage-7,Paris - Nice,30,,191000,2640,3,796,,1,0,0,2009-03-14,0.0138219895287958,673.0,483.2809590713667
dauphine/2002/stage-5,Critérium du Dauphiné Libéré,50,,204000,2167,2,602,,1,0,0,2002-06-14,0.0106225490196078,553.0,176.50409562129698
omloop-het-nieuwsblad/2019/result,Omloop Het Nieuwsblad ME,225,300.0,200000,1653,2,747,,0,0,0,2019-03-02,0.008265,377.0,168.76609279828295
tirreno-adriatico/2015/stage-1,Tirreno-Adriatico,50,6.0,5400,2,1,1017,,1,0,0,2015-03-11,0.0003703703703703,22.0,11.233137700322963
vuelta-a-espana/1999/stage-18,Vuelta a España,80,,166300,2976,4,1342,,1,0,0,1999-09-23,0.0178953698135898,745.0,570.5110005942921
giro-d-italia/2023/stage-2,Giro d'Italia,80,180.0,202000,1831,2,835,23.0,1,0,0,2023-05-07,0.0090643564356435,19.0,44.71408384306298
volta-a-catalunya/2016/stage-4,Volta Ciclista a Catalunya,50,50.0,172200,4644,5,1045,,1,0,0,2016-03-24,0.0269686411149825,1187.0,671.9748374099609
giro-d-italia/2008/stage-21,Giro d'Italia,80,,28000,12,1,1058,,1,0,0,2008-06-01,0.0004285714285714,155.0,77.48510593228471
paris-nice/2015/stage-6,Paris - Nice,50,6.0,181500,3591,4,1225,,1,0,0,2015-03-14,0.0197851239669421,1287.0,618.668941962038
vuelta-a-espana/1987/stage-7,Vuelta a España,80,,186000,4500,5,838,,1,0,0,1987-04-30,0.0241935483870967,42.0,17.35767521556066
tour-de-france/1984/stage-20,Tour de France,100,,140500,3484,5,1632,,1,0,0,1984-07-19,0.024797153024911,366.0,273.46396165231835
tirreno-adriatico/2006/stage-2,Tirreno-Adriatico,50,,171000,1509,1,1210,,1,0,0,2006-03-09,0.0088245614035087,209.0,244.2740061939143
tour-de-france/2019/stage-1,Tour de France,100,120.0,194500,1582,3,1699,,1,0,0,2019-07-06,0.0081336760925449,0.0,66.98460377472679
san-sebastian/1997/result,Clasica Ciclista San Sebastian,225,,234000,3302,2,1116,,0,0,0,1997-08-09,0.0141111111111111,553.0,329.2352260935594
tour-de-suisse/1998/stage-4,Tour de Suisse,50,,230000,4156,4,971,,1,0,0,1998-06-20,0.0180695652173913,1543.0,607.3942510359302
volta-a-catalunya/2008/stage-5,Volta Ciclista a Catalunya,50,,163900,1908,2,616,,1,0,0,2008-05-24,0.0116412446613788,0.0,86.63813793767098
paris-nice/2017/stage-7,Paris - Nice,50,60.0,177000,4487,5,1158,,1,0,0,2017-03-11,0.0253502824858757,1470.0,728.2996061315638
vuelta-a-espana/2001/stage-14,Vuelta a España,80,,170500,1376,1,971,,1,0,0,2001-09-22,0.0080703812316715,584.0,162.1864944387423
tour-de-suisse/1974/stage-3a,Tour de Suisse,50,,110500,1734,3,541,,1,0,0,1974-06-15,0.0156923076923076,3.0,1.224744871391589
tirreno-adriatico/2002/stage-2,Tirreno-Adriatico,50,,212000,1927,1,1056,,1,0,0,2002-03-15,0.0090896226415094,19.0,50.73902359318163
tirreno-adriatico/1997/stage-3,Tirreno-Adriatico,50,,213000,1829,1,692,,1,0,0,1997-03-15,0.0085868544600938,0.0,2.160246899469287
tour-de-romandie/2010/stage-4,Tour de Romandie,50,6.0,157900,3253,4,678,,1,0,0,2010-05-01,0.0206016466117796,542.0,488.0346626030818
giro-d-italia/1995/stage-15,Giro d'Italia,80,,185000,1075,1,1365,,1,0,0,1995-05-28,0.0058108108108108,126.0,55.10081669086222
tour-de-france/1983/stage-13,Tour de France,100,,210000,3500,2,1269,,1,0,0,1983-07-14,0.0166666666666666,764.0,284.37008946916444
world-championship/1997/result,World Championships - Road Race,350,,265500,2893,2,1398,,0,0,0,1997-10-12,0.0108964218455743,58.0,222.34289811254433
volta-a-catalunya/1995/stage-4,Volta Ciclista a Catalunya,50,,226800,6687,5,737,,1,0,0,1995-06-19,0.0294841269841269,51.5,84.19743401515774
itzulia-basque-country/2013/stage-2,Vuelta Ciclista al País Vasco,50,6.0,170200,2080,2,927,,1,0,0,2013-04-02,0.0122209165687426,0.0,152.37602916205557
tour-de-france/2017/stage-1,Tour de France,100,120.0,14000,61,1,1791,,1,0,0,2017-07-01,0.0043571428571428,64.0,30.50126035798935
tour-de-france/2012/stage-16,Tour de France,100,20.0,197000,5291,4,1703,,1,0,0,2012-07-18,0.0268578680203045,1335.0,572.0390356847356
tour-de-suisse/2006/stage-7,Tour de Suisse,50,,233700,2536,2,972,,1,0,0,2006-06-16,0.0108515190415062,30.0,112.17869443761744
giro-d-italia/1998/stage-6,Giro d'Italia,80,,160000,2566,3,923,,1,0,0,1998-05-22,0.0160375,460.0,467.77925662470534
tour-de-romandie/1989/stage-4,Tour de Romandie,50,,16800,143,1,502,,1,0,0,1989-05-12,0.0085119047619047,9.0,7.3484692283495345
giro-d-italia/2003/stage-10,Giro d'Italia,80,,211000,3431,2,734,,1,0,0,2003-05-20,0.016260663507109,869.0,518.4269057104051
vuelta-a-espana/2006/stage-17,Vuelta a España,80,,167000,3598,4,1026,,1,0,0,2006-09-13,0.0215449101796407,812.5,526.893832178966
paris-nice/2014/stage-1,Paris - Nice,50,6.0,162500,1235,1,971,,1,0,0,2014-03-09,0.0076,0.0,110.51672157216797
giro-d-italia/2004/stage-7,Giro d'Italia,80,,214000,2599,5,621,,1,0,0,2004-05-15,0.0121448598130841,669.0,450.8172644603738
giro-d-italia/2022/stage-5,Giro d'Italia,80,100.0,174000,1968,2,817,20.0,1,0,0,2022-05-11,0.0113103448275862,0.0,230.0854915793965
tirreno-adriatico/2022/stage-1,Tirreno-Adriatico,50,60.0,13900,4,1,1059,,1,0,0,2022-03-07,0.0002877697841726,82.0,32.80901770456744
uae-tour/2020/stage-5,UAE Tour,50,40.0,162000,1408,5,747,,1,0,0,2020-02-27,0.0086913580246913,300.0,379.4409341829196
liege-bastogne-liege/1987/result,Liège - Bastogne - Liège,275,,260000,1152,1,862,,0,0,0,1987-04-19,0.0044307692307692,450.0,541.7429134291191
vuelta-a-espana/1985/stage-1,Vuelta a España,80,,177000,789,1,925,,1,0,0,1985-04-24,0.004457627118644,0.0,0.0
giro-d-italia/1992/stage-18,Giro d'Italia,80,,260000,2418,1,953,,1,0,0,1992-06-11,0.0093,138.0,80.30625902191709
gp-montreal/2010/result,Grand Prix Cycliste de Montréal,225,,193600,2293,2,815,,0,0,0,2010-09-12,0.0118440082644628,163.0,265.1108603093586
tirreno-adriatico/1994/stage-4,Tirreno-Adriatico,50,,180000,1089,1,727,,1,0,0,1994-03-12,0.00605,0.0,0.0
tour-de-france/1986/stage-14,Tour de France,100,,154000,1171,1,1872,,1,0,0,1986-07-18,0.0076038961038961,482.0,71.37494969890435
e3-harelbeke/2003/result,E3 Prijs Vlaanderen,125,,209000,1959,2,684,,0,0,0,2003-03-29,0.0093732057416267,26.0,290.57463621954207
dauphine/2000/stage-5,Criterium du Dauphiné Libére,50,,201000,2584,2,494,,1,0,0,2000-06-09,0.0128557213930348,396.0,363.2059839399118
vuelta-a-espana/1994/stage-19,Vuelta a España,80,,171000,3433,4,791,,1,0,0,1994-05-13,0.0200760233918128,452.0,147.76197075025763
giro-d-italia/2007/stage-17,Giro d'Italia,80,,142000,3432,5,844,,1,0,0,2007-05-30,0.024169014084507,729.0,325.01577251104663
tour-de-france/2017/stage-13,Tour de France,100,120.0,101000,2856,4,1791,,1,0,0,2017-07-14,0.0282772277227722,941.0,335.08163765880073
vuelta-a-espana/1992/stage-4,Vuelta a España,80,,229000,1700,1,1033,,1,0,0,1992-04-30,0.0074235807860262,0.0,0.0
vuelta-a-espana/1985/stage-7,Vuelta a España,80,,190000,4500,5,925,,1,0,0,1985-04-30,0.0236842105263157,889.0,541.4887156159706
itzulia-basque-country/2003/stage-3,Vuelta al País Vasco,50,,191000,2125,2,910,,1,0,0,2003-04-09,0.0111256544502617,0.0,263.0446573227287
tour-de-france/2008/stage-6,Tour de France,100,,195500,3280,5,1520,,1,0,0,2008-07-10,0.0167774936061381,362.0,432.3014264244494
giro-d-italia/1996/stage-21,Giro d'Italia,80,,250000,4807,4,1034,,1,0,0,1996-06-08,0.019228,2210.0,855.7793878181153
tour-de-suisse/2016/stage-4,Tour de Suisse,50,60.0,193000,2305,3,680,,1,0,0,2016-06-14,0.0119430051813471,31.0,94.9624875101252
tour-de-suisse/2019/stage-4,Tour de Suisse,50,60.0,163900,1953,2,802,,1,0,0,2019-06-18,0.0119158023184868,0.0,295.75252634408
paris-nice/2002/stage-3,Paris - Nice,50,,147500,3003,4,883,,1,0,0,2002-03-13,0.0203593220338983,228.0,390.5990493700798
il-lombardia/1972/result,Giro di Lombardia,275,,266000,3544,2,530,,0,0,0,1972-10-07,0.0133233082706766,0.0,0.0
vuelta-a-espana/1984/stage-9,Vuelta a España,80,,159000,3009,4,747,,1,0,0,1984-04-26,0.0189245283018867,277.0,43.77622272511868
giro-d-italia/2002/stage-2,Giro d'Italia,50,,209000,2677,3,920,,1,0,0,2002-05-13,0.0128086124401913,139.0,213.90384251535193
tour-de-france/1989/stage-6,Tour de France,100,,259000,1854,1,1849,,1,0,0,1989-07-07,0.0071583011583011,96.0,106.90287683583848
vuelta-a-espana/1984/stage-14,Vuelta a España,80,,12000,102,1,747,,1,0,0,1984-05-01,0.0085,229.0,83.26766161868946
dauphine/1983/prologue,Critérium du Dauphiné Libéré,50,,4500,34,1,621,,1,0,0,1983-05-30,0.0075555555555555,3.0,2.3874672772626644
tour-de-france/2002/stage-19,Tour de France,70,,50000,857,1,1489,,1,0,0,2002-07-27,0.01714,403.0,131.9057600577922
giro-d-italia/1999/stage-5,Giro d'Italia,80,,147000,2596,4,1057,,1,0,0,1999-05-19,0.0176598639455782,615.0,440.9266460561799
giro-d-italia/2011/stage-6,Giro d'Italia,80,16.0,216000,3121,3,891,,1,0,0,2011-05-12,0.014449074074074,43.0,323.86926563009257
e3-harelbeke/1984/result,E3-Prijs Harelbeke,125,,225000,1555,1,216,,0,0,0,1984-03-24,0.0069111111111111,332.0,382.88954824315346
giro-d-italia/1991/stage-10,Giro d'Italia,80,,43000,254,1,908,,1,0,0,1991-06-05,0.005906976744186,73.0,34.02072197660602
dauphine/1977/stage-7b,Critérium du Dauphiné Libéré,50,,36500,281,1,809,,1,0,0,1977-06-06,0.0076986301369863,66.0,34.70289482292377
la-fleche-wallone/2018/result,La Flèche Wallonne,225,400.0,198500,3257,3,1053,,0,0,0,2018-04-18,0.0164080604534005,252.0,273.1899740963175
tour-de-suisse/1982/stage-4a,Tour de Suisse,50,,114000,1726,3,657,,1,0,0,1982-06-20,0.0151403508771929,12.0,5.848076606885378
amstel-gold-race/2005/result,Amstel Gold Race,225,,251100,3482,3,1178,,0,0,0,2005-04-17,0.0138669852648347,156.0,231.23200197088877
tour-de-france/2017/stage-19,Tour de France,100,120.0,222500,2613,1,1791,,1,0,0,2017-07-21,0.0117438202247191,747.0,224.96760612209957
tour-de-suisse/1991/stage-6,Tour de Suisse,50,,252000,3068,2,796,,1,0,0,1991-06-24,0.0121746031746031,202.0,84.38404272530836
dauphine/1983/stage-2a,Critérium du Dauphiné Libéré,50,,54000,589,2,621,,1,0,0,1983-06-01,0.0109074074074074,0.0,0.0
tour-de-suisse/1971/stage-2,Tour de Suisse,50,,150000,2527,3,302,,1,0,0,1971-06-12,0.0168466666666666,4.0,1.3333333333333333
tour-de-suisse/2011/stage-6,Tour de Suisse,50,6.0,157700,3097,4,972,,1,0,0,2011-06-16,0.0196385542168674,1130.0,459.633693273608
tour-de-suisse/1990/stage-2,Tour de Suisse,50,,200500,2557,2,767,,1,0,0,1990-06-14,0.0127531172069825,0.0,0.0
itzulia-basque-country/2013/stage-3,Vuelta Ciclista al País Vasco,50,6.0,164700,2308,3,927,,1,0,0,2013-04-03,0.0140133576199149,445.0,321.06742736062665
dauphine/1994/stage-4,Critérium du Dauphiné Libéré,50,,196000,4443,5,362,,1,0,0,1994-06-03,0.0226683673469387,0.0,0.0
tirreno-adriatico/2022/stage-2,Tirreno-Adriatico,50,60.0,219000,2144,2,1059,,1,0,0,2022-03-08,0.0097899543378995,0.0,92.173319803152
giro-d-italia/2009/stage-6,Giro d'Italia,80,,242000,3252,4,975,,1,0,0,2009-05-14,0.0134380165289256,75.0,364.9824257727961
vuelta-a-espana/1989/stage-19,Vuelta a España,80,,159000,851,1,803,,1,0,0,1989-05-12,0.0053522012578616,0.0,0.0
tour-de-france/2016/stage-14,Tour de France,100,120.0,208500,1958,2,1758,,1,0,0,2016-07-16,0.0093908872901678,0.0,66.93183125578325
tour-de-romandie/1996/stage-7,Tour de Romandie,50,,174400,589,1,614,,1,0,0,1996-05-12,0.0033772935779816,0.0,0.0
vuelta-a-espana/2013/stage-7,Vuelta a España,80,16.0,205900,1779,1,1128,,1,0,0,2013-08-30,0.0086401165614375,1.0,137.03967272511994
tour-de-suisse/1970/stage-6,Tour de Suisse,50,,195000,4391,5,393,,1,0,0,1970-06-16,0.0225179487179487,0.0,0.0
world-championship/2010/result,World Championships ME - Road Race,350,,262700,2492,1,1307,,0,0,0,2010-10-03,0.0094861058241339,442.0,383.7552900679321
world-championship/1982/result,World Championships - Road Race,350,,275130,2665,1,1614,,0,0,0,1982-09-05,0.0096863300984988,40.0,220.43923859525987
tour-de-france/1988/stage-22,Tour de France,100,,172500,1859,1,1941,,1,0,0,1988-07-24,0.0107768115942029,0.0,14.938924962282178
tirreno-adriatico/1997/stage-7,Tirreno-Adriatico,50,,159000,2419,3,692,,1,0,0,1997-03-19,0.0152138364779874,0.0,0.0
tour-de-france/2007/stage-2,Tour de France,100,,168500,337,1,1612,,1,0,0,2007-07-09,0.002,0.0,0.0
tour-de-france/2021/stage-21,Tour de France,100,120.0,108400,699,1,1646,,1,0,0,2021-07-18,0.0064483394833948,0.0,90.2747764237534
tour-de-france/2015/stage-16,Tour de France,100,20.0,201000,2322,4,1812,,1,0,0,2015-07-20,0.0115522388059701,1498.0,558.6796799458938
world-championship/1972/result,World Championships - Road Race,350,,272570,3869,3,1305,,0,0,0,1972-08-06,0.0141945188391972,601.0,266.31167718983994
tour-de-france/2008/stage-9,Tour de France,100,,224000,3778,4,1520,,1,0,0,2008-07-13,0.0168660714285714,544.0,648.9160795853495
e3-harelbeke/1993/result,E3-Prijs Harelbeke,125,,208000,1966,1,718,,0,0,0,1993-03-27,0.009451923076923,0.0,261.9244952840807
tour-de-france/2012/stage-7,Tour de France,100,20.0,199000,2736,5,1703,,1,0,0,2012-07-07,0.0137487437185929,480.0,347.21147146856066
tour-de-france/2007/stage-14,Tour de France,100,,197000,4370,5,1612,,1,0,0,2007-07-22,0.0221827411167512,1730.0,763.2173313832059
paris-nice/1986/stage-3,Paris - Nice,50,,206000,2368,2,746,,1,0,0,1986-03-05,0.0114951456310679,0.0,0.0
vuelta-a-espana/1993/stage-16,Vuelta a España,80,,160000,3757,5,819,,1,0,0,1993-05-11,0.02348125,1267.0,484.94054746226647
omloop-het-nieuwsblad/1990/result,Omloop Het Volk,125,,198000,1513,1,234,,0,0,0,1990-03-03,0.0076414141414141,27.5,38.23905431264318
tour-de-france/1992/stage-6,Tour de France,100,,167000,2168,1,2047,,1,0,0,1992-07-10,0.0129820359281437,240.0,163.3533200009197
tour-de-france/2022/stage-5,Tour de France,100,120.0,157000,601,1,1551,24.0,1,0,0,2022-07-06,0.003828025477707,252.0,315.3381304414099
tour-de-romandie/2022/prologue,Tour de Romandie,50,60.0,5120,39,1,508,,1,0,0,2022-04-26,0.0076171875,30.0,10.272056038163967
paris-roubaix/2004/result,Paris - Roubaix,275,,261000,1250,1,597,,0,0,0,2004-04-11,0.0047892720306513,799.0,643.6230223540492
volta-a-catalunya/1984/stage-5,Volta Ciclista a Catalunya,50,,142000,2434,4,319,,1,0,0,1984-09-10,0.0171408450704225,180.0,97.445949930691
tour-de-france/2010/stage-10,Tour de France,100,20.0,179000,3187,2,1685,,1,0,0,2010-07-14,0.017804469273743,859.0,153.461986011155
tour-de-france/1996/stage-16,Tour de France,100,,199000,3541,5,1872,,1,0,0,1996-07-16,0.0177939698492462,859.5,394.9297953575268
tour-de-suisse/1976/stage-4b,Tour de Suisse,50,,25000,604,5,377,,1,0,0,1976-06-13,0.02416,7.0,2.5727509827123995
giro-d-italia/2012/stage-14,Giro d'Italia,80,16.0,206000,3452,5,886,,1,0,0,2012-05-19,0.016757281553398,1222.0,783.63535227304
tour-de-france/2014/stage-13,Tour de France,100,20.0,197500,3865,5,1612,,1,0,0,2014-07-18,0.0195696202531645,1942.0,793.2102396414705
giro-d-italia/2022/stage-4,Giro d'Italia,80,100.0,172000,3626,5,817,18.0,1,0,0,2022-05-10,0.0210813953488372,1157.0,617.5749106503765
giro-d-italia/2007/stage-21,Giro d'Italia,80,,185000,1192,2,844,,1,0,0,2007-06-03,0.0064432432432432,0.0,18.261664393852772
tour-de-france/1991/stage-1,Tour de France,100,,114500,1653,1,1933,,1,0,0,1991-07-07,0.0144366812227074,104.0,133.91277109376452
giro-d-italia/1990/stage-20,Giro d'Italia,80,,90000,967,2,1061,,1,0,0,1990-06-06,0.0107444444444444,0.0,0.0
tour-de-france/1985/prologue,Tour de France,100,,6800,128,1,1470,,1,0,0,1985-06-28,0.0188235294117647,58.0,21.75057187322909
tirreno-adriatico/1983/stage-4,Tirreno-Adriatico,50,,206000,3167,3,463,,1,0,0,1983-03-15,0.0153737864077669,7.0,3.1304951684997055
vuelta-a-espana/2008/stage-8,Vuelta a España,80,,151000,3571,4,1101,,1,0,0,2008-09-07,0.0236490066225165,1140.0,515.1351024321327
giro-d-italia/2014/stage-15,Giro d'Italia,80,16.0,225000,2344,5,892,,1,0,0,2014-05-25,0.0104177777777777,1157.0,599.4842286718562
milano-sanremo/2008/result,Milano-Sanremo,275,,298000,2267,1,1294,,0,0,0,2008-03-22,0.0076073825503355,124.0,311.52245467394783
vuelta-a-espana/2021/stage-3,La Vuelta ciclista a España,80,100.0,202800,2787,5,1023,,1,0,0,2021-08-16,0.0137426035502958,592.0,405.1093103173638
tour-de-france/2023/stage-12,Tour de France,100,210.0,168800,3120,2,1584,25.0,1,0,0,2023-07-13,0.0184834123222748,1098.0,612.8356378427843
vuelta-a-espana/2001/stage-11,Vuelta a España,80,,154200,3728,5,971,,1,0,0,2001-09-19,0.0241763942931258,1195.0,520.7868983272546
vuelta-a-espana/1990/stage-16,Vuelta a España,80,,165000,1540,1,807,,1,0,0,1990-05-09,0.0093333333333333,0.0,0.0
tour-de-france/2018/stage-4,Tour de France,100,120.0,195000,1155,1,1689,,1,0,0,2018-07-10,0.0059230769230769,0.0,94.73804277916028
tour-de-suisse/2008/stage-1,Tour de Suisse,50,,156500,1871,2,1041,,1,0,0,2008-06-14,0.0119552715654952,95.0,343.56378661276005
tour-de-suisse/1979/prologue,Tour de Suisse,50,,4000,57,3,538,,1,0,0,1979-06-13,0.01425,7.0,4.273952113286562
tour-de-france/1980/stage-20,Tour de France,100,,34500,580,3,1224,,1,0,0,1980-07-18,0.0168115942028985,252.0,92.62160301213656
vuelta-a-espana/2010/stage-5,Vuelta a España,80,16.0,194000,1763,1,1123,,1,0,0,2010-09-01,0.0090876288659793,0.0,61.61073893669235
tour-de-france/2017/stage-17,Tour de France,100,120.0,183000,5064,4,1791,,1,0,0,2017-07-19,0.0276721311475409,2021.0,667.3044803244451
paris-nice/1972/stage-3,Paris - Nice,50,,209000,1332,1,1086,,1,0,0,1972-03-12,0.0063732057416267,0.0,0.0
paris-nice/1985/stage-3,Paris - Nice,50,,176000,2267,2,815,,1,0,0,1985-03-06,0.0128806818181818,0.0,0.0
tour-de-suisse/2017/stage-8,Tour de Suisse,50,60.0,100000,1250,2,855,,1,0,0,2017-06-17,0.0125,0.0,60.77508906656535
dauphine/2006/stage-2,Critérium du Dauphiné Libéré,50,,203000,2234,2,800,,1,0,0,2006-06-06,0.0110049261083743,323.0,127.45184671978082
dauphine/1987/prologue,Critérium du Dauphiné Libéré,50,,3000,49,3,505,,1,0,0,1987-05-25,0.0163333333333333,2.0,1.855921454276674
tour-de-suisse/1974/stage-1,Tour de Suisse,50,,157000,333,1,541,,1,0,0,1974-06-13,0.0021210191082802,0.0,0.0
vuelta-a-espana/1987/stage-16,Vuelta a España,80,,237000,4000,3,838,,1,0,0,1987-05-09,0.0168776371308016,539.0,243.61784736664012
tirreno-adriatico/2003/stage-2,Tirreno-Adriatico,50,,213000,3043,3,882,,1,0,0,2003-03-14,0.0142863849765258,0.0,44.547882854052474
tour-de-france/2000/stage-19,Tour de France,70,,58500,235,1,1437,,1,0,0,2000-07-21,0.004017094017094,507.0,143.38167980032242
tour-de-suisse/1982/stage-2,Tour de Suisse,50,,189000,1109,1,657,,1,0,0,1982-06-18,0.0058677248677248,0.0,0.0
itzulia-basque-country/2015/stage-3,Vuelta Ciclista al País Vasco,50,6.0,170700,2937,2,970,,1,0,0,2015-04-08,0.0172056239015817,599.0,304.92655753528675
tour-de-suisse/1994/prologue,Tour de Suisse,50,,6800,30,1,616,,1,0,0,1994-06-14,0.0044117647058823,8.5,4.020779360604939
tour-de-france/1983/stage-3,Tour de France,100,,152000,800,1,1269,,1,0,0,1983-07-04,0.0052631578947368,263.0,530.9215845686889
dauphine/2011/stage-7,Critérium du Dauphiné,50,,117500,3217,5,958,,1,0,0,2011-06-12,0.0273787234042553,905.0,511.8664207436737
dauphine/2021/stage-8,Critérium du Dauphiné,50,60.0,147000,4190,4,790,,1,0,0,2021-06-06,0.0285034013605442,852.0,624.3487953831519
tirreno-adriatico/1997/stage-4,Tirreno-Adriatico,50,,117000,1590,2,692,,1,0,0,1997-03-16,0.0135897435897435,0.0,0.0
tour-de-france/1988/stage-3,Tour de France,100,,213500,1484,1,1941,,1,0,0,1988-07-05,0.0069508196721311,0.0,0.0
giro-d-italia/2003/stage-1,Giro d'Italia,80,,201000,1259,1,734,,1,0,0,2003-05-10,0.0062636815920398,7.0,23.99392135619632
e3-harelbeke/1986/result,E3-Prijs Harelbeke,125,,225000,1533,1,136,,0,0,0,1986-03-22,0.0068133333333333,206.0,63.05342562270999
giro-d-italia/1990/stage-5,Giro d'Italia,80,,247000,2654,2,1061,,1,0,0,1990-05-22,0.010744939271255,4.0,1.2649110640673518
volta-a-catalunya/2014/stage-4,Volta Ciclista a Catalunya,50,6.0,166400,3748,5,896,,1,0,0,2014-03-27,0.0225240384615384,1053.0,578.9319306447331
tour-de-france/1985/stage-18b,Tour de France,100,,83500,2000,4,1470,,1,0,0,1985-07-17,0.0239520958083832,305.0,210.61828908553505
tour-de-romandie/2006/prologue,Tour de Romandie,50,,3400,45,2,772,,1,0,0,2006-04-25,0.013235294117647,23.0,11.601842172737303
vuelta-a-espana/2001/stage-5,Vuelta a España,80,,160800,2946,5,971,,1,0,0,2001-09-12,0.018320895522388,718.0,374.1475302378443
giro-d-italia/1993/stage-14,Giro d'Italia,80,,245000,2204,4,1089,,1,0,0,1993-06-06,0.0089959183673469,190.0,152.18200497221292
vuelta-a-espana/2018/stage-2,La Vuelta ciclista a España,80,100.0,163500,2826,2,1036,,1,0,0,2018-08-26,0.0172844036697247,244.0,338.81632090314775
tour-de-france/1989/stage-8,Tour de France,100,,157000,1838,2,1849,,1,0,0,1989-07-09,0.0117070063694267,20.0,10.112919181547486
dauphine/1970/stage-5a,Critérium du Dauphiné Libéré,50,,146000,898,1,766,,1,0,0,1970-05-24,0.0061506849315068,12.0,5.366563145999495
tour-de-suisse/2019/stage-3,Tour de Suisse,50,60.0,162300,1733,2,802,,1,0,0,2019-06-17,0.0106777572396796,0.0,38.039810659718
paris-nice/1983/stage-7b,Paris - Nice,50,,11000,67,1,658,,1,0,0,1983-03-16,0.006090909090909,95.5,41.89997487752042
tirreno-adriatico/2007/stage-1,Tirreno-Adriatico,50,,175000,1838,1,1148,,1,0,0,2007-03-14,0.0105028571428571,0.0,107.96975394738035
tour-de-france/2003/stage-7,Tour de France,100,,230500,4500,4,1688,,1,0,0,2003-07-12,0.0195227765726681,872.0,545.0142941128328
san-sebastian/1998/result,Clasica Ciclista San Sebastian,225,,232000,3411,2,1428,,0,0,0,1998-08-08,0.0147025862068965,654.0,301.5137053333013
tour-de-france/2015/stage-18,Tour de France,100,20.0,186500,4424,4,1812,,1,0,0,2015-07-23,0.0237211796246648,1648.0,734.6997332645536
giro-d-italia/2005/stage-16,Giro d'Italia,80,,210000,1267,2,929,,1,0,0,2005-05-25,0.0060333333333333,1336.0,391.4765636355905
tour-de-france/1991/stage-3,Tour de France,100,,210500,1532,1,1933,,1,0,0,1991-07-08,0.0072779097387173,0.0,67.13478728910259
tour-de-france/2005/stage-12,Tour de France,100,,187000,3021,4,1535,,1,0,0,2005-07-14,0.0161550802139037,633.0,163.70297733548517
tour-de-france/2018/stage-20,Tour de France,100,120.0,31000,543,3,1689,,1,0,0,2018-07-28,0.017516129032258,253.5,119.52095503591076
tour-de-france/1989/stage-20,Tour de France,100,,130000,1286,1,1849,,1,0,0,1989-07-22,0.0098923076923076,0.0,4.086031347641994
giro-d-italia/2001/stage-2,Giro d'Italia,80,,167000,1018,3,920,,1,0,0,2001-05-21,0.0060958083832335,0.0,75.04075305656063
vuelta-a-espana/2020/stage-3,La Vuelta ciclista a España,80,100.0,166100,2779,5,692,,1,0,0,2020-10-22,0.0167308850090307,507.0,303.48441697997606
giro-d-italia/1991/stage-6,Giro d'Italia,80,,205000,2179,2,908,,1,0,0,1991-06-01,0.0106292682926829,5.0,2.41522945769824
il-lombardia/2019/result,Il Lombardia,275,500.0,243000,4087,4,1039,,0,0,0,2019-10-12,0.0168189300411522,362.0,406.4751790526266
paris-nice/2006/stage-2,Paris - Nice,50,,200000,2674,1,795,,1,0,0,2006-03-07,0.01337,0.0,135.96788389289054
tour-de-france/1984/stage-16,Tour de France,100,,22000,1036,5,1632,,1,0,0,1984-07-15,0.047090909090909,266.5,117.4928254353302
vuelta-a-espana/1986/stage-11,Vuelta a España,80,,29100,234,1,843,,1,0,0,1986-05-03,0.008041237113402,26.5,15.202704437771002
vuelta-a-espana/1989/stage-15,Vuelta a España,80,,24000,1523,5,803,,1,0,0,1989-05-08,0.0634583333333333,53.5,34.148206395065614
tour-de-france/1991/stage-16,Tour de France,100,,215000,2500,1,1933,,1,0,0,1991-07-22,0.0116279069767441,489.0,384.7050264584038
paris-nice/1987/stage-3,Paris - Nice,50,,244000,2938,2,1164,,1,0,0,1987-03-11,0.0120409836065573,77.5,61.52151291803654
dauphine/1975/stage-3,Critérium du Dauphiné Libéré,50,,207000,2951,3,889,,1,0,0,1975-06-05,0.0142560386473429,0.0,0.0
tour-de-romandie/1994/stage-3,Tour de Romandie,50,,160100,1396,1,780,,1,0,0,1994-05-07,0.0087195502810743,116.5,66.18358306005098
vuelta-a-espana/2011/stage-3,Vuelta a España,80,16.0,164000,1956,2,1170,,1,0,0,2011-08-22,0.0119268292682926,186.0,260.6959828101383
paris-roubaix/2013/result,Paris - Roubaix,275,,254500,997,1,759,,0,0,0,2013-04-07,0.0039174852652259,627.0,515.5568411331861
tour-de-suisse/2021/stage-1,Tour de Suisse,50,60.0,10900,36,1,670,,1,0,0,2021-06-06,0.0033027522935779,60.0,21.9278942712202
tour-de-france/1991/stage-15,Tour de France,100,,235000,3000,1,1933,,1,0,0,1991-07-21,0.0127659574468085,113.0,50.16255378811548
vuelta-a-espana/1997/stage-17,Vuelta a España,80,,195000,2083,2,1165,,1,0,0,1997-09-23,0.0106820512820512,49.5,75.83578789922973
e3-harelbeke/1970/result,E3-Prijs Harelbeke,125,,210000,1461,1,439,,0,0,0,1970-03-21,0.0069571428571428,12.0,74.48647725673196
dauphine/1975/stage-1a,Critérium du Dauphiné Libéré,50,,213000,3016,3,889,,1,0,0,1975-06-03,0.0141596244131455,0.0,0.0
vuelta-a-espana/1990/stage-15,Vuelta a España,80,,24000,1523,5,807,,1,0,0,1990-05-08,0.0634583333333333,184.0,68.96569195380168
paris-nice/1998/stage-2,Paris - Nice,50,,195800,1432,1,960,,1,0,0,1998-03-10,0.0073135852911133,0.0,35.117454158669716
tour-de-suisse/1999/stage-7,Tour de Suisse,50,,47500,541,2,900,,1,0,0,1999-06-22,0.0113894736842105,50.0,94.03786128383987
tour-de-france/1979/stage-21,Tour de France,100,,49000,817,2,1381,,1,0,0,1979-07-19,0.0166734693877551,473.5,164.2035991461036
vuelta-a-espana/2001/stage-17,Vuelta a España,80,,159500,1387,1,971,,1,0,0,2001-09-26,0.0086959247648902,77.0,102.89164128705158
dauphine/2001/stage-5,Criterium du Dauphiné Libére,50,,151000,3069,4,442,,1,0,0,2001-06-15,0.0203245033112582,895.0,491.3309958661587
dauphine/2010/prologue,Critérium du Dauphiné,50,6.0,6800,35,2,673,,1,0,0,2010-06-06,0.0051470588235294,36.0,14.380058259049637
tirreno-adriatico/2001/stage-2,Tirreno-Adriatico,50,,163000,1833,2,1092,,1,0,0,2001-03-15,0.0112453987730061,0.0,64.36812913622866
volta-a-catalunya/1998/stage-1b,Volta Ciclista a Catalunya,50,,7800,43,1,859,,1,0,0,1998-06-18,0.0055128205128205,49.0,18.005078648616266
tour-de-romandie/1995/stage-5b,Tour de Romandie,50,,26300,209,1,798,,1,0,0,1995-05-06,0.0079467680608365,113.0,49.54358350651138
vuelta-a-espana/1999/stage-12,Vuelta a España,80,,147000,4730,5,1342,,1,0,0,1999-09-17,0.0321768707482993,1751.0,634.3714135474162
paris-nice/1980/stage-3,Paris - Nice,50,,187000,1671,1,1128,,1,0,0,1980-03-08,0.0089358288770053,14.0,7.797435475847171
tour-de-france/1979/prologue,Tour de France,100,,5000,116,1,1381,,1,0,0,1979-06-27,0.0232,35.0,14.108751468820635
giro-d-italia/1992/stage-20,Giro d'Italia,80,,92000,1152,2,953,,1,0,0,1992-06-13,0.0125217391304347,0.0,0.0
dauphine/2023/stage-5,Critérium du Dauphiné,50,60.0,191100,2018,2,781,26.0,1,0,0,2023-06-08,0.0105599162742019,386.0,277.1436017309297
tirreno-adriatico/1995/stage-2,Tirreno-Adriatico,50,,182000,1012,1,749,,1,0,0,1995-03-09,0.0055604395604395,4.0,1.6329931618554518
giro-d-italia/1996/stage-22,Giro d'Italia,80,,176000,1160,1,1034,,1,0,0,1996-06-09,0.006590909090909,17.0,74.26429962095257
volta-a-catalunya/2001/stage-4,Volta a Catalunya,50,,115800,2110,4,617,,1,0,0,2001-06-24,0.0182210708117443,395.0,359.08221121046375
vuelta-a-espana/2020/stage-16,La Vuelta ciclista a España,80,100.0,162000,2762,2,692,,1,0,0,2020-11-06,0.0170493827160493,624.0,442.3173836527503
paris-nice/1985/stage-7b,Paris - Nice,50,,11000,132,2,815,,1,0,0,1985-03-10,0.012,95.0,47.74758191728005
vuelta-a-espana/2004/stage-17,Vuelta a España,80,,170000,4216,5,1177,,1,0,0,2004-09-22,0.0248,1460.0,677.2116604986286
giro-d-italia/1994/stage-6,Giro d'Italia,80,,215000,950,1,1292,,1,0,0,1994-05-27,0.0044186046511627,90.5,95.39537608174612
giro-d-italia/2022/stage-13,Giro d'Italia,80,100.0,150000,1817,2,817,24.0,1,0,0,2022-05-20,0.0121133333333333,46.0,197.61948200584175
vuelta-a-espana/1995/stage-7,Vuelta a España,80,,41000,207,1,883,,1,0,0,1995-09-09,0.0050487804878048,134.0,56.31459254343703
vuelta-a-espana/2009/stage-15,Vuelta a España,80,,167700,2048,2,1220,,1,0,0,2009-09-14,0.0122122838401908,1501.0,383.2673651004147
omloop-het-nieuwsblad/2014/result,Omloop Het Nieuwsblad ME,125,,198400,1717,2,498,,0,0,0,2014-03-01,0.0086542338709677,581.0,269.11923634323006
world-championship/1980/result,World Championships - Road Race,350,,268000,4360,3,1480,,0,0,0,1980-08-31,0.0162686567164179,265.0,366.0960061435876
vuelta-a-espana/2007/stage-9,Vuelta a España,80,,167600,3893,5,995,,1,0,0,2007-09-09,0.0232279236276849,713.0,329.458382715569
tour-de-romandie/1988/prologue,Tour de Romandie,50,,7900,210,5,439,,1,0,0,1988-05-10,0.0265822784810126,4.0,5.70087712549569
vuelta-a-espana/1993/stage-10,Vuelta a España,80,,206000,1288,1,819,,1,0,0,1993-05-05,0.006252427184466,0.0,248.8189316895197
tour-de-france/2001/stage-19,Tour de France,100,,149500,1022,1,1496,,1,0,0,2001-07-28,0.0068361204013377,0.0,23.573091297289626
giro-d-italia/2014/stage-7,Giro d'Italia,80,16.0,211000,2645,2,892,,1,0,0,2014-05-16,0.0125355450236966,0.0,176.24238720236605
tour-de-suisse/1996/stage-4,Tour de Suisse,50,,218500,3571,3,971,,1,0,0,1996-06-15,0.0163432494279176,1635.0,488.65856324080875
ronde-van-vlaanderen/2016/result,Ronde van Vlaanderen / Tour des Flandres ME,275,500.0,255000,2220,2,791,,0,0,0,2016-04-03,0.0087058823529411,439.0,242.05215519623897
giro-d-italia/2007/stage-10,Giro d'Italia,80,,249000,4494,5,844,,1,0,0,2007-05-22,0.0180481927710843,902.0,624.7711239130228
itzulia-basque-country/2018/stage-3,Itzulia Basque Country,50,50.0,184800,2988,4,824,,1,0,0,2018-04-04,0.0161688311688311,0.0,280.60741880772304
vuelta-a-espana/2017/stage-7,Vuelta a España,80,100.0,207000,3034,2,899,,1,0,0,2017-08-25,0.0146570048309178,939.0,263.84062931947636
dauphine/2003/stage-6,Critérium du Dauphiné Libéré,50,,153000,2100,3,572,,1,0,0,2003-06-14,0.0137254901960784,544.0,454.3824723536127
vuelta-a-espana/2019/stage-12,La Vuelta ciclista a España,80,100.0,171400,2072,2,798,,1,0,0,2019-09-05,0.0120886814469078,863.0,401.0615653126474
giro-d-italia/2006/stage-19,Giro d'Italia,80,,211000,5411,4,997,,1,0,0,2006-05-27,0.0256445497630331,2399.0,835.7429065903677
tour-de-france/2022/stage-6,Tour de France,100,120.0,219900,2477,3,1551,19.0,1,0,0,2022-07-07,0.0112642110050022,337.0,257.24301486386446
giro-d-italia/2021/stage-18,Giro d'Italia,80,100.0,231000,1398,2,885,,1,0,0,2021-05-27,0.006051948051948,1410.0,462.417859583115
tour-de-france/1990/prologue,Tour de France,100,,6300,184,1,1959,,1,0,0,1990-06-30,0.0292063492063492,39.0,16.162790906133868
tour-de-suisse/1994/stage-1,Tour de Suisse,50,,161500,1531,1,616,,1,0,0,1994-06-15,0.0094798761609907,6.0,3.0983866769659336
giro-d-italia/1994/stage-4,Giro d'Italia,80,,204000,829,1,1292,,1,0,0,1994-05-25,0.004063725490196,47.0,20.494985836649033
vuelta-a-espana/1997/stage-14,Vuelta a España,80,,160000,2677,3,1165,,1,0,0,1997-09-20,0.01673125,821.0,223.7136403306431
tour-de-france/1993/stage-6,Tour de France,100,,158000,1533,1,1804,,1,0,0,1993-07-09,0.0097025316455696,13.0,129.93301300253046
volta-a-catalunya/2015/stage-3,Volta Ciclista a Catalunya,50,6.0,156600,2219,2,817,,1,0,0,2015-03-25,0.0141698595146871,520.0,368.57548051562446
amstel-gold-race/1997/result,Amstel Gold Race,225,,258000,3482,2,1154,,0,0,0,1997-04-26,0.0134961240310077,68.0,98.53038791039116
giro-d-italia/1999/stage-6,Giro d'Italia,80,,257000,2450,1,1057,,1,0,0,1999-05-20,0.009533073929961,159.0,134.52235018027247
dauphine/2019/stage-6,Critérium du Dauphiné,50,60.0,229000,3715,4,973,,1,0,0,2019-06-14,0.0162227074235807,906.0,367.0969167773385
tour-de-suisse/2002/stage-4,Tour de Suisse,50,,160000,2368,3,673,,1,0,0,2002-06-22,0.0148,12.0,252.28118656033044
dauphine/2018/stage-1,Critérium du Dauphiné,50,60.0,179000,2841,4,762,,1,0,0,2018-06-04,0.0158715083798882,79.0,156.51475632842372
tour-de-suisse/1991/stage-4,Tour de Suisse,50,,176500,2633,3,796,,1,0,0,1991-06-22,0.0149178470254957,168.0,156.15492663092994
tour-de-romandie/2023/stage-5,Tour de Romandie,50,60.0,170800,2287,2,539,15.0,1,0,0,2023-04-30,0.0133899297423887,0.0,224.0705371344841
giro-d-italia/2000/stage-19,Giro d'Italia,80,,177000,3955,5,866,,1,0,0,2000-06-02,0.0223446327683615,1361.0,449.074539338699
tour-de-france/2014/stage-21,Tour de France,100,20.0,137500,805,1,1612,,1,0,0,2014-07-27,0.0058545454545454,24.0,57.5922709164189
tour-de-suisse/1981/stage-1,Tour de Suisse,50,,205000,1547,1,516,,1,0,0,1981-06-11,0.0075463414634146,0.0,0.0
volta-a-catalunya/1984/stage-7a,Volta Ciclista a Catalunya,50,,18000,752,5,319,,1,0,0,1984-09-12,0.0417777777777777,124.0,56.707725063445665
paris-nice/2021/stage-1,Paris - Nice,50,60.0,165800,1525,2,1044,,1,0,0,2021-03-07,0.0091978287092883,0.0,140.79714599648216
dauphine/1983/stage-4,Critérium du Dauphiné Libéré,50,,155000,1629,1,621,,1,0,0,1983-06-03,0.0105096774193548,19.0,8.264381404557755
vuelta-a-espana/1999/stage-5,Vuelta a España,80,,160000,2728,4,1342,,1,0,0,1999-09-09,0.01705,1358.0,564.2132894327968
la-fleche-wallone/1991/result,La Flèche Wallonne,225,,203000,2807,3,865,,0,0,0,1991-04-17,0.0138275862068965,313.0,79.86523359028908
tour-de-suisse/1970/stage-5,Tour de Suisse,50,,197000,4360,4,393,,1,0,0,1970-06-15,0.0221319796954314,8.5,9.814954576223638
tour-de-france/2007/stage-17,Tour de France,100,,188500,1734,2,1612,,1,0,0,2007-07-26,0.0091989389920424,579.0,116.34777126630412
itzulia-basque-country/2002/stage-5a,Vuelta al País Vasco,50,,94000,2452,5,966,,1,0,0,2002-04-12,0.0260851063829787,311.0,431.9794395090792
vuelta-a-espana/2001/stage-12,Vuelta a España,80,,17100,943,5,971,,1,0,0,2001-09-20,0.0551461988304093,256.0,125.83725967918603
volta-a-catalunya/2010/stage-7,Volta Ciclista a Catalunya,50,6.0,117800,1802,3,722,,1,0,0,2010-03-28,0.0152971137521222,0.0,7.846223131401092
tour-de-romandie/1990/prologue,Tour de Romandie,50,,4600,29,1,684,,1,0,0,1990-05-08,0.0063043478260869,3.0,1.2110601416389966
giro-d-italia/2008/stage-11,Giro d'Italia,80,,199000,4320,4,1058,,1,0,0,2008-05-21,0.0217085427135678,1111.0,530.6751302155093
volta-a-catalunya/2011/stage-6,Volta Ciclista a Catalunya,50,6.0,189500,2326,2,732,,1,0,0,2011-03-26,0.0122744063324538,0.0,14.073697780059376
vuelta-a-espana/1984/stage-4,Vuelta a España,80,,197000,2104,2,747,,1,0,0,1984-04-21,0.0106802030456852,0.0,0.0
vuelta-a-espana/2008/stage-7,Vuelta a España,80,,223200,4842,5,1101,,1,0,0,2008-09-06,0.0216935483870967,1118.0,629.8797109850093
tour-de-romandie/1981/prologue,Tour de Romandie,50,,2000,53,5,439,,1,0,0,1981-05-05,0.0265,2.0,1.1547005383792517
tirreno-adriatico/2009/stage-3,Tirreno-Adriatico,50,,166000,1297,1,1206,,1,0,0,2009-03-13,0.0078132530120481,0.0,76.56295525379487
volta-a-catalunya/1995/stage-6,Volta Ciclista a Catalunya,50,,17000,159,1,737,,1,0,0,1995-06-21,0.0093529411764705,56.0,26.16325265470034
vuelta-a-espana/2001/stage-18,Vuelta a España,80,,154200,1197,1,971,,1,0,0,2001-09-27,0.0077626459143968,70.0,152.3915945406294
tour-de-france/1993/stage-16,Tour de France,100,,230000,5500,5,1804,,1,0,0,1993-07-21,0.0239130434782608,1297.0,557.7785088282001
vuelta-a-espana/2004/stage-8,Vuelta a España,50,,40100,72,1,1177,,1,0,0,2004-09-11,0.0017955112219451,268.0,106.59762808960495
volta-a-catalunya/1994/stage-1,Volta Ciclista a Catalunya,50,,5900,368,5,379,,1,0,0,1994-09-08,0.0623728813559322,11.5,5.735852159879995
dauphine/2014/stage-1,Critérium du Dauphiné,50,6.0,10400,84,1,941,,1,0,0,2014-06-08,0.008076923076923,45.0,25.488922295791156
volta-a-catalunya/2021/stage-4,Volta Ciclista a Catalunya,50,50.0,166500,3980,5,772,,1,0,0,2021-03-25,0.0239039039039039,1194.0,685.8120750121043
tour-de-romandie/2019/stage-1,Tour de Romandie,50,60.0,168400,3094,4,570,,1,0,0,2019-05-01,0.0183729216152019,394.5,501.15216102234143
tirreno-adriatico/2011/stage-3,Tirreno-Adriatico,50,6.0,189000,1438,1,1216,,1,0,0,2011-03-11,0.0076084656084656,0.0,168.40848206694528
tirreno-adriatico/1993/stage-2,Tirreno-Adriatico,50,,179000,1375,1,568,,1,0,0,1993-03-11,0.00768156424581,0.0,0.0
ronde-van-vlaanderen/2006/result,Ronde van Vlaanderen / Tour des Flandres ME,275,,259000,1493,2,845,,0,0,0,2006-04-02,0.0057644787644787,747.0,341.88814713077556
tour-de-france/1994/stage-2,Tour de France,100,,203500,1948,1,1731,,1,0,0,1994-07-04,0.0095724815724815,0.0,61.51263482368992
dauphine/2004/stage-6,Critérium du Dauphiné Libéré,50,,144000,3781,5,737,,1,0,0,2004-06-12,0.0262569444444444,969.0,412.64152454373504
vuelta-a-espana/2019/stage-3,La Vuelta ciclista a España,80,100.0,188000,1730,2,798,,1,0,0,2019-08-26,0.0092021276595744,0.0,119.31761608721892
tour-de-romandie/2014/stage-3,Tour de Romandie,50,6.0,180200,3768,4,847,,1,0,0,2014-05-02,0.0209100998890122,1372.0,919.5511685989708
tour-de-suisse/1976/stage-1,Tour de Suisse,50,,181000,4731,5,377,,1,0,0,1976-06-10,0.0261381215469613,0.0,0.0
tour-de-france/1991/stage-17,Tour de France,100,,125000,2179,5,1933,,1,0,0,1991-07-23,0.017432,550.0,300.01863725838626
tour-de-france/2018/stage-6,Tour de France,100,120.0,181000,2027,3,1689,,1,0,0,2018-07-12,0.0111988950276243,198.0,318.6485024552146
vuelta-a-espana/1999/stage-11,Vuelta a España,80,,201000,3245,3,1342,,1,0,0,1999-09-16,0.0161442786069651,1229.0,587.2409406490912
vuelta-a-espana/1997/stage-19,Vuelta a España,80,,184000,2538,3,1165,,1,0,0,1997-09-25,0.0137934782608695,806.0,444.8172546331581
tirreno-adriatico/2009/stage-7,Tirreno-Adriatico,50,,169000,1413,1,1206,,1,0,0,2009-03-17,0.0083609467455621,0.0,71.46683709967475
vuelta-a-espana/2008/stage-19,Vuelta a España,80,,145500,2446,2,1101,,1,0,0,2008-09-19,0.0168109965635738,162.0,575.4320031528448
vuelta-a-espana/2017/stage-3,Vuelta a España,80,100.0,158500,3623,4,899,,1,0,0,2017-08-21,0.0228580441640378,888.0,466.43680603098994
vuelta-a-espana/1982/prologue,Vuelta a España,80,,6700,70,1,523,,1,0,0,1982-04-20,0.0104477611940298,27.0,9.687472735258757
world-championship/2015/result,World Championships ME - Road Race,350,600.0,261400,2089,3,1353,,0,0,0,2015-09-27,0.007991583779648,55.0,194.379922562095
vuelta-a-espana/2012/stage-5,Vuelta a España,80,16.0,172000,1079,1,852,,1,0,0,2012-08-22,0.0062732558139534,0.0,47.554876175190245
itzulia-basque-country/2005/stage-5b,Vuelta al País Vasco,50,,9300,137,3,1217,,1,0,0,2005-04-08,0.0147311827956989,96.0,43.97013212493191
liege-bastogne-liege/1977/result,Liège - Bastogne - Liège,275,,243500,2126,1,623,,0,0,0,1977-04-24,0.0087310061601642,427.0,453.4852231540159
tirreno-adriatico/1997/stage-1,Tirreno-Adriatico,50,,192000,2878,3,692,,1,0,0,1997-03-13,0.0149895833333333,0.0,0.0
la-fleche-wallone/1982/result,La Flèche Wallonne,225,,251000,3745,3,763,,0,0,0,1982-04-15,0.0149203187250996,80.5,145.94196386982676
tirreno-adriatico/2012/stage-3,Tirreno-Adriatico,50,6.0,178000,1550,1,1188,,1,0,0,2012-03-09,0.0087078651685393,3.0,115.15435607149892
vuelta-a-espana/1991/stage-19,Vuelta a España,80,,53200,103,1,1042,,1,0,0,1991-05-17,0.0019360902255639,165.5,59.36293367697424
paris-nice/2010/prologue,Paris - Nice,30,6.0,8000,21,1,1192,,1,0,0,2010-03-07,0.002625,49.0,21.53476417377017
vuelta-a-espana/2007/stage-15,Vuelta a España,80,,201400,3301,4,995,,1,0,0,2007-09-16,0.016390268123138,881.0,524.5229364688723
giro-d-italia/2015/stage-9,Giro d'Italia,80,16.0,224000,4264,4,861,,1,0,0,2015-05-17,0.0190357142857142,792.0,477.068780011126
vuelta-a-espana/1993/stage-9,Vuelta a España,80,,224000,602,1,819,,1,0,0,1993-05-04,0.0026875,0.0,2.7221786146864813
vuelta-a-espana/1989/stage-5,Vuelta a España,80,,247000,2345,1,803,,1,0,0,1989-04-28,0.009493927125506,0.0,0.0
paris-nice/2016/prologue,Paris - Nice,50,60.0,6100,73,1,1109,,1,0,0,2016-03-06,0.011967213114754,32.0,15.00509838524047
giro-d-italia/2023/stage-20,Giro d'Italia,80,180.0,18600,1070,5,835,18.0,1,0,0,2023-05-27,0.0575268817204301,440.0,193.74089642157776
giro-d-italia/2016/stage-12,Giro d'Italia,80,100.0,182000,122,1,933,,1,0,0,2016-05-19,0.0006703296703296,0.0,56.170419946541486
giro-d-italia/1994/stage-5,Giro d'Italia,80,,158000,844,1,1292,,1,0,0,1994-05-26,0.0053417721518987,0.0,0.0
paris-nice/1986/prologue,Paris - Nice,50,,5900,57,1,746,,1,0,0,1986-03-02,0.0096610169491525,30.0,11.139089296025396
paris-nice/1981/stage-1,Paris - Nice,50,,177000,2423,3,821,,1,0,0,1981-03-12,0.0136892655367231,163.0,44.469497769640455
paris-nice/2008/stage-6,Paris - Nice,30,,203500,2711,2,775,,1,0,0,2008-03-15,0.0133218673218673,307.0,440.3927764174399
paris-nice/2002/stage-4,Paris - Nice,50,,175000,3668,4,883,,1,0,0,2002-03-14,0.02096,703.5,617.7320325390556
vuelta-a-espana/1991/stage-1,Vuelta a España,80,,8800,66,1,1042,,1,0,0,1991-04-29,0.0075,10.0,6.045200116161949
tour-de-suisse/1977/stage-8,Tour de Suisse,50,,166000,1076,1,627,,1,0,0,1977-06-23,0.0064819277108433,0.0,0.0
paris-nice/1989/stage-4,Paris - Nice,50,,203000,2223,2,794,,1,0,0,1989-03-09,0.0109507389162561,52.0,24.818629450799495
vuelta-a-espana/1981/stage-12,Vuelta a España,80,,217000,2161,1,457,,1,0,0,1981-05-03,0.0099585253456221,15.0,268.1711375338725
tour-de-france/1981/prologue,Tour de France,100,,5850,63,1,1362,,1,0,0,1981-06-25,0.0107692307692307,35.0,10.714561794674646
vuelta-a-espana/2012/stage-2,Vuelta a España,80,16.0,180000,1915,2,852,,1,0,0,2012-08-19,0.0106388888888888,0.0,71.82056002011991
amstel-gold-race/1987/result,Amstel Gold Race,225,,242000,3735,3,488,,0,0,0,1987-04-25,0.0154338842975206,211.0,261.12837341783853
giro-d-italia/1995/stage-13,Giro d'Italia,80,,218000,873,1,1365,,1,0,0,1995-05-26,0.0040045871559633,65.0,37.8477945930216
tirreno-adriatico/1993/stage-7,Tirreno-Adriatico,50,,160000,303,1,568,,1,0,0,1993-03-16,0.00189375,2.0,0.6324555320336759
vuelta-a-espana/1983/stage-10,Vuelta a España,80,,134000,895,1,705,,1,0,0,1983-04-29,0.0066791044776119,159.0,57.5296589085607
giro-d-italia/1990/stage-16,Giro d'Italia,80,,171000,2153,2,1061,,1,0,0,1990-06-02,0.0125906432748538,232.0,117.11418929119276
volta-a-catalunya/2016/stage-3,Volta Ciclista a Catalunya,50,50.0,172100,3947,5,1045,,1,0,0,2016-03-23,0.0229343404997094,777.0,509.1970953080151
liege-bastogne-liege/2001/result,Liège - Bastogne - Liège,275,,258000,4187,3,1186,,0,0,0,2001-04-22,0.0162286821705426,97.0,407.37277710345296
dwars-door-vlaanderen/2000/result,Dwars door Vlaanderen,75,,206000,4398,2,320,,0,0,0,2000-03-22,0.0213495145631067,7.5,137.1935337918144
vuelta-a-espana/2011/stage-4,Vuelta a España,80,16.0,170200,3687,5,1170,,1,0,0,2011-08-23,0.0216627497062279,1107.0,550.4440299624063
dwars-door-vlaanderen/2010/result,Dwars door Vlaanderen,75,,204000,2834,2,527,,0,0,0,2010-03-24,0.013892156862745,262.0,183.05205217765683
tour-de-france/1993/stage-9,Tour de France,100,,59000,649,1,1804,,1,0,0,1993-07-12,0.011,516.0,183.94096751991844
tirreno-adriatico/2019/stage-6,Tirreno-Adriatico,50,60.0,195000,2257,2,1067,,1,0,0,2019-03-18,0.0115743589743589,35.0,155.51637783295132
tour-de-france/1988/stage-19,Tour de France,100,,188000,4079,5,1941,,1,0,0,1988-07-21,0.0216968085106382,644.0,214.19862530742657
tour-de-suisse/1971/stage-7,Tour de Suisse,50,,209000,4112,4,302,,1,0,0,1971-06-17,0.0196746411483253,0.0,0.0
paris-roubaix/1978/result,Paris - Roubaix,275,,263000,2945,2,558,,0,0,0,1978-04-16,0.0111977186311787,439.0,352.34923058744783
tour-de-romandie/2012/prologue,Tour de Romandie,50,6.0,3340,11,1,727,,1,0,0,2012-04-24,0.0032934131736526,20.0,6.980155236157562
tour-de-france/2003/stage-2,Tour de France,100,,204500,2461,2,1688,,1,0,0,2003-07-07,0.0120342298288508,0.0,162.7924384751275
vuelta-a-espana/1988/stage-10,Vuelta a España,80,,197300,2000,1,828,,1,0,0,1988-05-04,0.010136847440446,0.0,0.0
giro-d-italia/2018/stage-14,Giro d'Italia,80,100.0,186000,4477,5,838,,1,0,0,2018-05-19,0.0240698924731182,1293.0,604.8649908915284
tirreno-adriatico/2011/stage-5,Tirreno-Adriatico,50,6.0,240000,3941,2,1216,,1,0,0,2011-03-13,0.0164208333333333,907.0,753.0405865189556
tour-de-france/1979/stage-18,Tour de France,100,,119000,3500,5,1381,,1,0,0,1979-07-16,0.0294117647058823,478.0,191.57398619225987
dauphine/2013/stage-3,Critérium du Dauphiné,50,6.0,167000,1525,2,985,,1,0,0,2013-06-04,0.0091317365269461,0.0,128.0939188782339
tour-de-france/1981/stage-18,Tour de France,100,,131000,4000,5,1362,,1,0,0,1981-07-15,0.0305343511450381,1087.0,460.9756386238522
tour-de-suisse/1976/stage-4a,Tour de Suisse,50,,108000,1834,4,377,,1,0,0,1976-06-13,0.0169814814814814,50.0,18.89822365046136
tour-de-france/2015/stage-11,Tour de France,100,20.0,188000,4099,5,1812,,1,0,0,2015-07-15,0.0218031914893617,1304.0,585.5530994432453
giro-d-italia/2016/stage-8,Giro d'Italia,80,100.0,186000,1985,3,933,,1,0,0,2016-05-14,0.0106720430107526,834.0,398.2955563258253
uae-tour/2021/stage-5,UAE Tour,50,40.0,170000,2633,5,755,,1,0,0,2021-02-25,0.0154882352941176,500.5,517.7539487066341
ronde-van-vlaanderen/2005/result,Ronde van Vlaanderen / Tour des Flandres ME,275,,256000,2657,2,809,,0,0,0,2005-04-03,0.01037890625,385.0,283.70226705251844
volta-a-catalunya/2003/stage-7,Volta a Catalunya,50,,128000,2518,4,515,,1,0,0,2003-06-22,0.019671875,14.0,468.2878926340045
tour-de-france/2007/stage-4,Tour de France,100,,193000,1652,1,1612,,1,0,0,2007-07-11,0.0085595854922279,0.0,35.09010522463127
volta-a-catalunya/2004/stage-5,Volta a Catalunya,50,,180600,4734,2,376,,1,0,0,2004-06-18,0.0262126245847176,0.0,4.767312946227962
vuelta-a-espana/2019/stage-6,La Vuelta ciclista a España,80,100.0,198900,3294,3,798,,1,0,0,2019-08-29,0.0165610859728506,735.0,376.23634000460754
tour-de-france/1985/stage-14,Tour de France,100,,179000,3000,4,1470,,1,0,0,1985-07-13,0.0167597765363128,551.0,366.2808538406694
tour-de-suisse/1984/stage-8b,Tour de Suisse,50,,148000,4525,5,646,,1,0,0,1984-06-21,0.0305743243243243,3018.0,1371.6248434288111
tour-de-france/2021/stage-20,Tour de France,100,120.0,30800,246,1,1646,,1,0,0,2021-07-17,0.0079870129870129,261.0,88.76020864046177
volta-a-catalunya/1999/stage-6,Volta Ciclista a Catalunya,50,,196800,2103,2,804,,1,0,0,1999-06-23,0.010685975609756,283.0,296.7337047344365
vuelta-a-espana/2013/stage-16,Vuelta a España,80,16.0,146800,3220,5,1128,,1,0,0,2013-09-09,0.0219346049046321,679.0,422.5232307130224
tour-de-france/2012/stage-15,Tour de France,100,20.0,158500,2173,1,1703,,1,0,0,2012-07-16,0.0137097791798107,710.0,135.5254179059077
amstel-gold-race/1995/result,Amstel Gold Race,225,,256000,3739,3,758,,0,0,0,1995-04-22,0.01460546875,29.0,203.49738458906836
giro-d-italia/1994/stage-2,Giro d'Italia,80,,232000,1214,1,1292,,1,0,0,1994-05-23,0.0052327586206896,12.0,4.049691346263318
paris-nice/1972/stage-7a,Paris - Nice,50,,153000,1482,1,1086,,1,0,0,1972-03-16,0.0096862745098039,0.0,0.0
paris-nice/1996/stage-6,Paris - Nice,50,,199500,2458,2,766,,1,0,0,1996-03-15,0.0123208020050125,0.0,21.371078318740658
giro-d-italia/2010/stage-14,Giro d'Italia,80,16.0,205000,2214,4,878,,1,0,0,2010-05-22,0.0108,1130.0,526.0398019262743
tour-de-france/2009/stage-3,Tour de France,100,,196500,987,1,1557,,1,0,0,2009-07-06,0.0050229007633587,41.0,37.48225896706628
vuelta-a-espana/1984/prologue,Vuelta a España,80,,6600,46,1,747,,1,0,0,1984-04-17,0.0069696969696969,45.0,13.308147793994392
il-lombardia/1988/result,Giro di Lombardia,275,,260000,3469,2,403,,0,0,0,1988-10-15,0.0133423076923076,587.5,277.3098811100865
vuelta-a-espana/2006/stage-8,Vuelta a España,80,,181600,2290,3,1026,,1,0,0,2006-09-02,0.0126101321585903,49.0,112.6796778973928
giro-d-italia/2022/stage-15,Giro d'Italia,80,100.0,177000,4019,5,817,26.0,1,0,0,2022-05-22,0.0227062146892655,1653.0,731.8240728723065
paris-nice/1999/prologue,Paris - Nice,50,,9000,84,1,792,,1,0,0,1999-03-07,0.0093333333333333,44.0,21.886137156315343
vuelta-a-espana/2011/stage-6,Vuelta a España,80,16.0,193400,2181,2,1170,,1,0,0,2011-08-25,0.011277145811789,413.0,455.63089544654986
paris-nice/2001/stage-6,Paris - Nice,50,,10000,426,5,902,,1,0,0,2001-03-17,0.0426,185.0,65.52808936978022
tour-de-france/2016/stage-12,Tour de France,100,120.0,178000,2416,5,1758,,1,0,0,2016-07-14,0.0135730337078651,1417.0,514.9206593871131
tour-de-romandie/2016/stage-4,Tour de Romandie,50,60.0,172700,3346,5,917,,1,0,0,2016-04-30,0.0193746381007527,1182.0,639.2735192859807
uae-tour/2021/stage-7,UAE Tour,50,40.0,147000,183,1,755,,1,0,0,2021-02-27,0.0012448979591836,0.0,46.73614612736816
tour-de-france/1994/stage-6,Tour de France,100,,270500,2769,1,1731,,1,0,0,1994-07-08,0.0102365988909427,46.0,201.8983780629669
tour-de-suisse/1975/stage-9a,Tour de Suisse,50,,105000,1743,3,549,,1,0,0,1975-06-20,0.0166,0.0,0.0
liege-bastogne-liege/1973/result,Liège - Bastogne - Liège,275,,236000,3074,2,742,,0,0,0,1973-04-22,0.0130254237288135,0.0,0.0
tour-de-france/1986/stage-7,Tour de France,100,,201000,2459,1,1872,,1,0,0,1986-07-10,0.0122338308457711,123.0,68.98029918311946
paris-roubaix/1985/result,Paris - Roubaix,275,,265000,1237,1,483,,0,0,0,1985-04-14,0.0046679245283018,474.0,870.7931929419003
omloop-het-nieuwsblad/1996/result,Omloop Het Volk,125,,209000,1435,1,445,,0,0,0,1996-03-02,0.0068660287081339,45.0,12.538780930252225
giro-d-italia/2008/stage-8,Giro d'Italia,80,,208000,2357,3,1058,,1,0,0,2008-05-17,0.0113317307692307,121.0,220.80226717793153
volta-a-catalunya/2009/stage-3,Volta Ciclista a Catalunya,50,,182900,2576,4,668,,1,0,0,2009-05-20,0.0140841990158556,627.0,409.3376182638865
tirreno-adriatico/1993/stage-4,Tirreno-Adriatico,50,,225000,3316,3,568,,1,0,0,1993-03-13,0.0147377777777777,0.0,2.41522945769824
dauphine/2011/stage-3,Critérium du Dauphiné,50,6.0,42500,732,4,958,,1,0,0,2011-06-08,0.0172235294117647,285.0,109.48204566208636
liege-bastogne-liege/1995/result,Liège - Bastogne - Liège,275,,261500,1350,1,898,,0,0,0,1995-04-16,0.0051625239005736,722.0,601.0844146806982
volta-a-catalunya/1970/stage-8,Volta Ciclista a Catalunya,50,,170000,324,1,570,,1,0,0,1970-09-17,0.0019058823529411,115.0,38.29309482284125
vuelta-a-espana/1984/stage-18b,Vuelta a España,80,,33000,447,2,747,,1,0,0,1984-05-05,0.0135454545454545,166.0,69.87258889349012
paris-nice/1997/stage-2,Paris - Nice,50,,173000,1773,1,779,,1,0,0,1997-03-11,0.0102485549132947,0.0,0.0
tour-de-france/2007/stage-5,Tour de France,100,,182500,2703,2,1612,,1,0,0,2007-07-12,0.0148109589041095,80.0,281.3475064822872
tour-de-suisse/1987/stage-7,Tour de Suisse,50,,211500,1875,1,673,,1,0,0,1987-06-22,0.0088652482269503,124.0,58.5833688952002
volta-a-catalunya/2023/stage-3,Volta Ciclista a Catalunya,50,50.0,180600,3998,5,704,18.0,1,0,0,2023-03-22,0.0221373200442967,1141.0,543.861676127284
paris-nice/2011/stage-4,Paris - Nice,50,6.0,191000,3109,2,1038,,1,0,0,2011-03-09,0.0162774869109947,13.0,363.4081163895325
tour-de-france/1987/stage-23,Tour de France,100,,212000,3130,2,1812,,1,0,0,1987-07-24,0.0147641509433962,176.0,40.94564054087846
tour-de-suisse/1978/stage-4b,Tour de Suisse,50,,12000,62,1,691,,1,0,0,1978-06-18,0.0051666666666666,41.0,21.69792616818483
uae-tour/2022/stage-2,UAE Tour,50,40.0,176000,337,1,621,,1,0,0,2022-02-21,0.0019147727272727,0.0,37.95638753673365
vuelta-a-espana/1985/stage-4,Vuelta a España,80,,162000,2724,3,925,,1,0,0,1985-04-27,0.0168148148148148,0.0,3.6467384467084143
vuelta-a-espana/1998/stage-9,Vuelta a España,80,,40000,119,1,1309,,1,0,0,1998-09-13,0.002975,329.0,123.63060164441404
giro-d-italia/1992/stage-9,Giro d'Italia,80,,204000,1813,1,953,,1,0,0,1992-06-02,0.0088872549019607,2.0,15.356865999719258
itzulia-basque-country/2000/stage-5b,Vuelta al País Vasco,50,,8500,204,5,992,,1,0,0,2000-04-07,0.024,119.0,81.5687534443278
tour-de-suisse/1977/stage-3b,Tour de Suisse,50,,9800,27,1,627,,1,0,0,1977-06-18,0.0027551020408163,15.0,10.400320507881796
volta-a-catalunya/2000/stage-3,Volta a Catalunya,50,,154000,2365,3,697,,1,0,0,2000-06-17,0.0153571428571428,0.0,144.61212489506772
tour-de-suisse/2000/stage-8,Tour de Suisse,50,,170000,3796,5,895,,1,0,0,2000-06-20,0.0223294117647058,838.0,740.8263466576103
vuelta-a-espana/1999/stage-1,Vuelta a España,80,,179000,908,1,1342,,1,0,0,1999-09-05,0.005072625698324,0.0,37.39358550151965
giro-d-italia/1992/stage-16,Giro d'Italia,80,,203000,1694,1,953,,1,0,0,1992-06-09,0.0083448275862068,0.0,0.0
la-fleche-wallone/1972/result,La Flèche Wallonne,225,,249500,3756,3,683,,0,0,0,1972-04-23,0.0150541082164328,0.0,0.0
tour-de-france/2021/stage-2,Tour de France,100,120.0,183500,2210,3,1646,,1,0,0,2021-06-27,0.0120435967302452,266.0,294.40559353914864
dwars-door-vlaanderen/1986/result,Dwars door België / À travers la Belgique,75,,204000,4533,5,226,,0,0,0,1986-03-20,0.0222205882352941,245.0,292.7140899607302
paris-nice/2007/stage-3,Paris - Nice,50,,215500,2740,2,823,,1,0,0,2007-03-14,0.0127146171693735,12.0,190.1069334190624
vuelta-a-espana/1983/stage-16,Vuelta a España,80,,162000,1416,1,705,,1,0,0,1983-05-05,0.0087407407407407,21.0,6.847138073589048
paris-nice/1995/stage-5,Paris - Nice,50,,176000,2539,3,861,,1,0,0,1995-03-09,0.0144261363636363,104.0,28.78635133163815
paris-roubaix/1993/result,Paris - Roubaix,275,,267500,2344,1,563,,0,0,0,1993-04-11,0.0087626168224299,459.0,366.2607106399868
san-sebastian/2021/result,Donostia San Sebastian Klasikoa,225,400.0,223500,4113,2,645,,0,0,0,2021-07-31,0.0184026845637583,330.5,281.1994243639668
tour-de-romandie/2008/stage-2,Tour de Romandie,50,,172100,2124,2,590,,1,0,0,2008-05-01,0.0123416618245206,0.0,241.3379634167721
vuelta-a-espana/1986/stage-13,Vuelta a España,80,,148000,3181,4,843,,1,0,0,1986-05-05,0.0214932432432432,0.0,0.0
ronde-van-vlaanderen/1994/result,Ronde van Vlaanderen / Tour des Flandres,275,,268000,1325,1,707,,0,0,0,1994-04-03,0.0049440298507462,628.0,321.1086692872195
vuelta-a-espana/2012/stage-4,Vuelta a España,80,16.0,155400,2870,5,852,,1,0,0,2012-08-21,0.0184684684684684,568.0,381.3151725013004
tour-de-france/1990/stage-3,Tour de France,100,,233000,1874,1,1959,,1,0,0,1990-07-02,0.0080429184549356,149.0,49.36124153793095
tour-de-romandie/1975/stage-2,Tour de Romandie,50,,187000,3514,4,429,,1,0,0,1975-05-08,0.0187914438502673,0.0,0.0
tour-de-france/1994/stage-12,Tour de France,100,,204500,5500,5,1731,,1,0,0,1994-07-15,0.0268948655256723,2199.0,696.8774451813491
volta-a-catalunya/2007/stage-3,Volta Ciclista a Catalunya,50,,182100,2568,2,816,,1,0,0,2007-05-23,0.0141021416803953,0.0,155.68537066032
tour-de-france/2023/stage-2,Tour de France,100,210.0,208900,2949,2,1584,21.0,1,0,0,2023-07-02,0.0141168022977501,702.0,406.20270522451256
vuelta-a-espana/2019/stage-10,La Vuelta ciclista a España,80,100.0,36200,525,2,798,,1,0,0,2019-09-03,0.0145027624309392,341.0,122.6541641215204
tour-de-france/1994/stage-21,Tour de France,100,,175000,1965,1,1731,,1,0,0,1994-07-24,0.0112285714285714,29.0,44.98169388924664
liege-bastogne-liege/1978/result,Liège - Bastogne - Liège,275,,241700,3188,2,637,,0,0,0,1978-04-23,0.0131899048407116,577.0,225.74752069733952
giro-d-italia/2017/stage-5,Giro d'Italia,80,100.0,159000,1780,2,881,,1,0,0,2017-05-10,0.0111949685534591,0.0,108.85764529214548
tour-de-france/1989/stage-14,Tour de France,100,,240000,3500,2,1849,,1,0,0,1989-07-15,0.0145833333333333,2.0,101.5953569193866
tour-de-france/1984/stage-15,Tour de France,100,,241500,3500,4,1632,,1,0,0,1984-07-13,0.0144927536231884,447.0,660.2077443688186
vuelta-a-espana/2004/stage-10,Vuelta a España,80,,174500,2573,4,1177,,1,0,0,2004-09-13,0.0147449856733524,510.0,566.5867017549831
giro-d-italia/2017/stage-6,Giro d'Italia,80,100.0,217000,2247,2,881,,1,0,0,2017-05-11,0.0103548387096774,162.0,301.5103615112585
il-lombardia/1982/result,Giro di Lombardia,275,,248000,1877,1,631,,0,0,0,1982-10-16,0.0075685483870967,653.0,384.7496289219815
tour-de-romandie/1999/stage-3a,Tour de Romandie,50,,66600,865,2,893,,1,0,0,1999-05-07,0.0129879879879879,5.0,4.735302127669371
milano-sanremo/2006/result,Milano-Sanremo,275,,294000,2254,1,1313,,0,0,0,2006-03-18,0.0076666666666666,33.5,210.9115949967854
tour-de-suisse/1979/stage-8,Tour de Suisse,50,,186000,1230,1,538,,1,0,0,1979-06-21,0.0066129032258064,0.0,0.0
giro-d-italia/1990/stage-7,Giro d'Italia,80,,197000,1157,1,1061,,1,0,0,1990-05-24,0.0058730964467005,3.0,15.063200191194433
giro-d-italia/1990/stage-9,Giro d'Italia,80,,176000,1688,1,1061,,1,0,0,1990-05-26,0.009590909090909,146.0,46.79280571483898
volta-a-catalunya/2017/stage-5,Volta Ciclista a Catalunya,50,50.0,182000,2277,5,883,,1,0,0,2017-03-24,0.012510989010989,650.0,387.7994109021061
vuelta-a-espana/2014/stage-8,Vuelta a España,80,16.0,207000,1663,1,1175,,1,0,0,2014-08-30,0.0080338164251207,53.0,133.40523272901214
giro-d-italia/2003/stage-12,Giro d'Italia,80,,185000,3321,5,734,,1,0,0,2003-05-22,0.0179513513513513,1271.5,586.9088301466829
tour-de-france/2003/stage-10,Tour de France,100,,219500,2000,2,1688,,1,0,0,2003-07-15,0.0091116173120728,1283.0,265.12890318809053
paris-nice/2022/stage-3,Paris - Nice,50,60.0,190800,1929,1,1182,,1,0,0,2022-03-08,0.0101100628930817,0.0,310.55348831920594
vuelta-a-espana/2005/stage-4,Vuelta a España,80,,232300,1119,1,960,,1,0,0,2005-08-30,0.0048170469220835,0.0,5.229112815017971
vuelta-a-espana/2003/stage-11,Vuelta a España,80,,162000,1468,1,935,,1,0,0,2003-09-16,0.0090617283950617,62.0,267.2268604302912
tour-de-suisse/2005/stage-6,Tour de Suisse,50,,158000,3704,5,971,,1,0,0,2005-06-16,0.0234430379746835,1015.0,645.795782378707
tirreno-adriatico/2001/stage-7,Tirreno-Adriatico,50,,223000,2813,2,1092,,1,0,0,2001-03-20,0.0126143497757847,619.0,432.6775241186547
tour-de-france/2000/stage-16,Tour de France,100,,196000,4992,4,1437,,1,0,0,2000-07-18,0.025469387755102,1713.0,673.8243900397492
tour-de-france/2016/stage-7,Tour de France,100,120.0,162500,2578,4,1758,,1,0,0,2016-07-08,0.0158646153846153,801.0,378.0302798428723
tour-de-france/1993/stage-13,Tour de France,100,,181500,1289,1,1804,,1,0,0,1993-07-17,0.0071019283746556,14.0,129.22970208269902
tour-de-suisse/1979/stage-2,Tour de Suisse,50,,178000,820,1,538,,1,0,0,1979-06-15,0.0046067415730337,0.0,0.0
giro-d-italia/2001/stage-11,Giro d'Italia,80,,187000,2648,2,920,,1,0,0,2001-05-30,0.0141604278074866,314.0,183.66772635806697
tour-de-romandie/2008/stage-4,Tour de Romandie,50,,112400,3540,5,590,,1,0,0,2008-05-03,0.0314946619217081,997.0,673.5526717791776
paris-nice/1984/stage-4b,Paris - Nice,50,,96000,1513,3,778,,1,0,0,1984-03-11,0.0157604166666666,0.0,0.0
tour-de-romandie/2019/stage-2,Tour de Romandie,50,60.0,174400,1936,4,570,,1,0,0,2019-05-02,0.0111009174311926,59.0,179.23703670250595
giro-d-italia/2011/stage-12,Giro d'Italia,80,16.0,184000,488,1,891,,1,0,0,2011-05-19,0.0026521739130434,0.0,42.06283210731734
tirreno-adriatico/1990/stage-4,Tirreno-Adriatico,50,,205000,1751,1,590,,1,0,0,1990-03-10,0.0085414634146341,8.0,4.131182235954578
vuelta-a-espana/1983/stage-3,Vuelta a España,80,,241000,1505,1,705,,1,0,0,1983-04-22,0.0062448132780082,0.0,0.0
volta-a-catalunya/1997/stage-4,Volta Ciclista a Catalunya,50,,130000,2319,4,419,,1,0,0,1997-06-22,0.0178384615384615,0.0,0.0
e3-harelbeke/2019/result,E3 BinckBank Classic,225,400.0,204000,2619,2,795,,0,0,0,2019-03-29,0.0128382352941176,169.0,201.99373805226577
dauphine/1991/prologue,Critérium du Dauphiné Libéré,50,,10000,45,1,830,,1,0,0,1991-06-03,0.0045,34.0,11.942454614618478
vuelta-a-espana/1984/stage-18a,Vuelta a España,80,,145000,2278,3,747,,1,0,0,1984-05-05,0.0157103448275862,996.0,227.88184072745537
paris-nice/2017/stage-1,Paris - Nice,50,60.0,148500,1311,1,1158,,1,0,0,2017-03-05,0.0088282828282828,970.0,403.68611127482257
tour-de-france/2003/stage-20,Tour de France,100,,152000,757,1,1688,,1,0,0,2003-07-27,0.0049802631578947,0.0,16.461869598709967
strade-bianche/2015/result,Strade Bianche,125,,200000,3103,3,684,,0,0,0,2015-03-07,0.015515,455.0,476.2087598827842
paris-roubaix/2008/result,Paris - Roubaix,275,,259500,1332,1,719,,0,0,0,2008-04-13,0.0051329479768786,1008.0,321.13411937940003
itzulia-basque-country/2006/stage-1,Vuelta al País Vasco,50,,130000,1855,3,842,,1,0,0,2006-04-03,0.0142692307692307,159.0,278.1389954273887
tour-de-romandie/1973/stage-2,Tour de Romandie,50,,210400,3178,3,352,,1,0,0,1973-05-10,0.0151045627376425,54.0,17.07629936490925
vuelta-a-espana/2000/stage-11,Vuelta a España,80,,136500,3628,5,981,,1,0,0,2000-09-05,0.0265787545787545,1408.0,503.219426956737
paris-nice/2004/stage-2,Paris - Nice,50,,166500,2648,3,989,,1,0,0,2004-03-08,0.0159039039039039,315.0,214.1287161439632
giro-d-italia/2011/stage-17,Giro d'Italia,80,16.0,230000,3852,2,891,,1,0,0,2011-05-25,0.0167478260869565,256.0,545.3893946968772
tour-de-france/2019/stage-3,Tour de France,100,120.0,215000,2299,3,1699,,1,0,0,2019-07-08,0.0106930232558139,515.0,352.35384517242346
dauphine/2001/stage-3,Criterium du Dauphiné Libére,50,,184000,3148,4,442,,1,0,0,2001-06-13,0.0171086956521739,821.0,520.8030535682952
paris-nice/1983/prologue,Paris - Nice,50,,5500,32,1,658,,1,0,0,1983-03-09,0.0058181818181818,8.0,3.457680661303984
giro-d-italia/2008/stage-20,Giro d'Italia,80,,232000,4900,4,1058,,1,0,0,2008-05-31,0.0211206896551724,2120.0,790.2560764478283
tour-de-france/2019/stage-16,Tour de France,100,120.0,177000,1626,2,1699,,1,0,0,2019-07-23,0.0091864406779661,75.0,170.63865295162196
giro-d-italia/1994/stage-19,Giro d'Italia,80,,212000,879,1,1292,,1,0,0,1994-06-09,0.0041462264150943,137.0,70.74649579072215
il-lombardia/2010/result,Giro di Lombardia,275,,260000,4394,2,1106,,0,0,0,2010-10-16,0.0169,370.0,293.0778997178571
giro-d-italia/2012/stage-21,Giro d'Italia,80,16.0,28200,33,1,886,,1,0,0,2012-05-27,0.0011702127659574,203.0,79.72421433375852
dauphine/1990/stage-4,Critérium du Dauphiné Libéré,50,,183000,768,1,637,,1,0,0,1990-06-02,0.0041967213114754,0.0,0.0
vuelta-a-espana/2021/stage-19,La Vuelta ciclista a España,80,100.0,191200,3540,2,1023,,1,0,0,2021-09-03,0.0185146443514644,18.0,567.3669040677448
dauphine/2010/stage-6,Critérium du Dauphiné,50,6.0,143500,2362,3,673,,1,0,0,2010-06-11,0.0164599303135888,398.0,400.29949042705965
vuelta-a-espana/1988/stage-16,Vuelta a España,80,,192000,2722,3,828,,1,0,0,1988-05-10,0.0141770833333333,1.0,48.37308709970406
vuelta-a-espana/1994/stage-14,Vuelta a España,80,,174000,2417,3,791,,1,0,0,1994-05-08,0.0138908045977011,53.5,24.4367664709461
liege-bastogne-liege/2010/result,Liège - Bastogne - Liège,275,,258000,4352,3,1328,,0,0,0,2010-04-25,0.0168682170542635,574.0,305.0075314585816
giro-d-italia/2002/stage-16,Giro d'Italia,80,,163000,4671,4,920,,1,0,0,2002-05-29,0.0286564417177914,991.0,511.4599463941317
tour-de-suisse/1996/stage-5,Tour de Suisse,50,,169000,2753,3,971,,1,0,0,1996-06-16,0.0162899408284023,582.0,312.98276526587705
vuelta-a-espana/1980/stage-15,Vuelta a España,80,,164000,2946,4,520,,1,0,0,1980-05-07,0.0179634146341463,430.0,431.64114680668297
dauphine/1992/stage-5,Critérium du Dauphiné Libéré,50,,190000,1068,1,492,,1,0,0,1992-06-05,0.0056210526315789,48.0,16.0
giro-d-italia/1999/stage-9,Giro d'Italia,80,,32000,490,3,1057,,1,0,0,1999-05-23,0.0153125,274.0,111.77519524673538
dwars-door-vlaanderen/2016/result,Dwars door Vlaanderen / A travers la Flandre,125,200.0,199700,1318,2,460,,0,0,0,2016-03-23,0.0065998998497746,38.0,20.796715074822703
tour-de-france/2011/stage-8,Tour de France,100,20.0,190000,3019,5,1713,,1,0,0,2011-07-09,0.0158894736842105,336.0,505.2425319845494
vuelta-a-espana/2017/stage-11,Vuelta a España,80,100.0,187500,3878,5,899,,1,0,0,2017-08-30,0.0206826666666666,1588.0,646.8257886858644
dauphine/2023/stage-1,Critérium du Dauphiné,50,60.0,158000,2753,2,781,20.0,1,0,0,2023-06-04,0.0174240506329113,39.0,282.93271794310556
giro-d-italia/2015/stage-18,Giro d'Italia,80,16.0,170000,2195,4,861,,1,0,0,2015-05-28,0.0129117647058823,1317.0,399.8199259300761
vuelta-a-espana/1984/stage-1,Vuelta a España,80,,272000,2773,1,747,,1,0,0,1984-04-18,0.0101948529411764,0.0,0.0
dauphine/2023/stage-8,Critérium du Dauphiné,50,60.0,152800,4160,5,781,22.0,1,0,0,2023-06-11,0.0272251308900523,1335.0,667.5692557663048
tour-de-france/1989/stage-4,Tour de France,100,,255000,2076,1,1849,,1,0,0,1989-07-04,0.0081411764705882,5.0,215.52923054703183
giro-d-italia/2010/stage-11,Giro d'Italia,80,16.0,262000,4024,3,878,,1,0,0,2010-05-19,0.0153587786259541,2368.5,1089.255850124744
omloop-het-nieuwsblad/1979/result,Omloop Het Volk,125,,215000,1508,1,484,,0,0,0,1979-03-03,0.007013953488372,132.5,101.01414490686128
tour-de-france/1988/stage-9,Tour de France,100,,160500,2271,4,1941,,1,0,0,1988-07-11,0.0141495327102803,341.0,372.15518360407634
liege-bastogne-liege/1997/result,Liège - Bastogne - Liège,275,,262000,4073,3,1251,,0,0,0,1997-04-20,0.0155458015267175,429.0,360.9498702034277
tour-de-france/1999/stage-16,Tour de France,100,,192000,4500,4,1255,,1,0,0,1999-07-21,0.0234375,1479.0,694.399430222267
tour-de-france/1986/prologue,Tour de France,100,,4600,63,1,1872,,1,0,0,1986-07-04,0.013695652173913,25.0,11.783736103032444
tour-de-romandie/2021/stage-4,Tour de Romandie,50,60.0,161300,4269,5,560,,1,0,0,2021-05-01,0.0264662120272783,1136.0,688.2974484841741
paris-nice/1972/stage-2,Paris - Nice,50,,214000,2045,1,1086,,1,0,0,1972-03-11,0.0095560747663551,7.0,2.4244128727957572
dwars-door-vlaanderen/2006/result,Dwars door Vlaanderen,75,,204000,2184,2,515,,0,0,0,2006-03-22,0.0107058823529411,2.0,99.919796408348
vuelta-a-espana/1990/stage-19,Vuelta a España,80,,223000,2000,1,807,,1,0,0,1990-05-12,0.0089686098654708,0.0,0.0
paris-nice/2013/stage-4,Paris - Nice,50,6.0,199500,3176,2,917,,1,0,0,2013-03-07,0.0159197994987468,506.0,303.7671152139678
volta-a-catalunya/1999/stage-4,Volta Ciclista a Catalunya,50,,182400,2538,3,804,,1,0,0,1999-06-21,0.0139144736842105,0.0,279.80580057310107
tour-de-france/1985/stage-19,Tour de France,100,,200000,1637,1,1470,,1,0,0,1985-07-18,0.008185,18.0,7.108976571400439
giro-d-italia/1999/stage-14,Giro d'Italia,80,,187000,2969,4,1057,,1,0,0,1999-05-29,0.0158770053475935,1472.0,531.8129866064871
paris-nice/2005/stage-3,Paris - Nice,50,,117500,2376,2,1091,,1,0,0,2005-03-09,0.0202212765957446,0.0,313.27914489411376
uae-tour/2021/stage-3,UAE Tour,50,40.0,166000,1430,3,755,,1,0,0,2021-02-23,0.0086144578313253,696.0,387.936310461847
giro-d-italia/2016/stage-18,Giro d'Italia,80,100.0,244000,1637,2,933,,1,0,0,2016-05-26,0.0067090163934426,1402.0,420.64781160399815
tour-de-france/1992/stage-18,Tour de France,100,,212000,1610,2,2047,,1,0,0,1992-07-23,0.0075943396226415,0.0,67.0651766930188
giro-d-italia/1994/stage-8,Giro d'Italia,80,,44000,376,1,1292,,1,0,0,1994-05-29,0.0085454545454545,199.0,67.84834094081484
ronde-van-vlaanderen/2022/result,Ronde van Vlaanderen - Tour des Flandres ME,275,500.0,272500,2289,2,759,,0,0,0,2022-04-03,0.0084,313.0,239.7285197529553
giro-d-italia/2010/stage-3,Giro d'Italia,80,16.0,224000,322,1,878,,1,0,0,2010-05-10,0.0014375,479.0,235.7760550530942
tour-de-france/1981/stage-20,Tour de France,100,,46500,508,2,1362,,1,0,0,1981-07-17,0.0109247311827956,412.0,152.4283948846359
tour-de-france/2007/stage-7,Tour de France,100,,197500,3250,4,1612,,1,0,0,2007-07-14,0.0164556962025316,802.0,475.9476702954929
tour-de-france/2004/stage-12,Tour de France,100,,197500,3867,5,1555,,1,0,0,2004-07-16,0.019579746835443,1113.0,607.6418086006586
dauphine/2002/prologue,Critérium du Dauphiné Libéré,50,,3600,52,3,602,,1,0,0,2002-06-09,0.0144444444444444,13.0,6.057488772953246
vuelta-a-espana/1989/stage-2,Vuelta a España,80,,209000,3500,3,803,,1,0,0,1989-04-25,0.0167464114832535,0.0,0.0
liege-bastogne-liege/1993/result,Liège - Bastogne - Liège,275,,261000,4397,3,1243,,0,0,0,1993-04-18,0.0168467432950191,483.0,489.4656095975726
tour-de-suisse/1993/stage-8,Tour de Suisse,50,,197000,2184,2,655,,1,0,0,1993-06-22,0.0110862944162436,107.0,55.08992648388632
paris-nice/2003/stage-7,Paris - Nice,50,,160000,2597,3,831,,1,0,0,2003-03-16,0.01623125,477.0,392.83097521908206
tour-de-france/2001/stage-9,Tour de France,100,,185000,2500,2,1496,,1,0,0,2001-07-16,0.0135135135135135,24.0,250.13023365624892
giro-d-italia/2021/stage-10,Giro d'Italia,80,100.0,139000,1460,2,885,,1,0,0,2021-05-17,0.0105035971223021,0.0,228.51554158782727
tour-de-suisse/2004/stage-4,Tour de Suisse,50,,211600,1933,1,676,,1,0,0,2004-06-15,0.0091351606805293,0.0,86.3858303631867
tirreno-adriatico/1997/stage-6,Tirreno-Adriatico,50,,160000,2540,3,692,,1,0,0,1997-03-18,0.015875,12.0,3.794733192202055
volta-a-catalunya/2010/stage-2,Volta Ciclista a Catalunya,50,6.0,182600,948,1,722,,1,0,0,2010-03-23,0.0051916757940854,0.0,36.9487757788832
tirreno-adriatico/1996/stage-5a,Tirreno-Adriatico,50,,85000,1494,4,585,,1,0,0,1996-03-17,0.0175764705882352,0.0,0.0
vuelta-a-espana/2005/stage-12,Vuelta a España,80,,133000,1680,1,960,,1,0,0,2005-09-08,0.0126315789473684,0.0,649.1065543386917
giro-d-italia/2004/stage-13,Giro d'Italia,80,,52000,753,2,621,,1,0,0,2004-05-22,0.0144807692307692,326.0,127.07783538934166
giro-d-italia/2019/stage-19,Giro d'Italia,80,100.0,151000,3169,5,896,,1,0,0,2019-05-31,0.0209867549668874,897.0,445.4331526611024
tour-de-france/1980/stage-4,Tour de France,100,,33400,667,2,1224,,1,0,0,1980-06-30,0.0199700598802395,304.5,119.24283775463556
giro-d-italia/2009/stage-21,Giro d'Italia,80,,15300,128,1,975,,1,0,0,2009-05-31,0.0083660130718954,102.0,50.02645863133732
paris-roubaix/1995/result,Paris - Roubaix,275,,266000,2271,1,527,,0,0,0,1995-04-09,0.0085375939849624,449.0,443.7504992859274
vuelta-a-espana/2004/stage-15,Vuelta a España,80,,29600,1487,5,1177,,1,0,0,2004-09-19,0.0502364864864864,573.0,191.93097913415505
paris-nice/1987/stage-6,Paris - Nice,50,,155000,1194,1,1164,,1,0,0,1987-03-14,0.0077032258064516,126.0,36.81532861530142
giro-d-italia/2004/stage-14,Giro d'Italia,80,,175000,1918,2,621,,1,0,0,2004-05-23,0.01096,0.0,65.73157975295003
tour-de-romandie/2014/stage-4,Tour de Romandie,50,6.0,174000,2500,2,847,,1,0,0,2014-05-03,0.014367816091954,9.0,267.28697557246187
vuelta-a-espana/1987/stage-9,Vuelta a España,80,,180000,1965,2,838,,1,0,0,1987-05-02,0.0109166666666666,0.0,0.0
paris-nice/2016/stage-4,Paris - Nice,50,60.0,193500,2461,2,1109,,1,0,0,2016-03-10,0.0127183462532299,0.0,148.43988677189137
la-fleche-wallone/1995/result,La Flèche Wallonne,225,,205500,3053,3,977,,0,0,0,1995-04-12,0.0148564476885644,300.0,110.92881844799656
tour-de-france/1986/stage-15,Tour de France,100,,225500,2022,1,1872,,1,0,0,1986-07-18,0.0089667405764966,57.0,220.16966866153504
vuelta-a-espana/1986/stage-9,Vuelta a España,80,,180000,4000,5,843,,1,0,0,1986-05-01,0.0222222222222222,20.0,6.640783086353597
vuelta-a-espana/1990/stage-9,Vuelta a España,80,,192700,3052,3,807,,1,0,0,1990-05-02,0.0158380902957965,8.0,4.131182235954578
il-lombardia/1999/result,Giro di Lombardia,275,,262000,4284,3,536,,0,0,0,1999-10-16,0.0163511450381679,0.0,279.34503115067474
milano-sanremo/1994/result,Milano-Sanremo,275,,294000,2691,1,1626,,0,0,0,1994-03-19,0.0091530612244897,313.0,265.9622610019688
san-sebastian/1985/result,Clasica Ciclista San Sebastian,225,,244000,3766,3,602,,0,0,0,1985-08-16,0.0154344262295081,279.0,211.449555673675
paris-nice/2006/stage-6,Paris - Nice,50,,179000,2760,2,795,,1,0,0,2006-03-11,0.0154189944134078,409.0,419.95245647868205
dauphine/2007/stage-4,Critérium du Dauphiné Libéré,50,,197000,2918,3,816,,1,0,0,2007-06-14,0.0148121827411167,727.0,434.91758755515
vuelta-a-espana/1995/stage-5,Vuelta a España,80,,179800,3101,4,883,,1,0,0,1995-09-07,0.0172469410456062,2.0,0.7580980435789034
giro-d-italia/1991/stage-3,Giro d'Italia,80,,231000,2304,1,908,,1,0,0,1991-05-28,0.0099740259740259,0.0,0.0
tour-de-france/1991/stage-4,Tour de France,100,,286000,2950,1,1933,,1,0,0,1991-07-09,0.0103146853146853,0.0,153.80861778321153
tour-de-suisse/1999/stage-4,Tour de Suisse,50,,171400,3500,4,900,,1,0,0,1999-06-19,0.0204200700116686,1433.0,737.5753067351775
vuelta-a-espana/1985/stage-11,Vuelta a España,80,,124000,3500,5,925,,1,0,0,1985-05-04,0.0282258064516129,407.0,323.7362886701532
giro-d-italia/1994/stage-13,Giro d'Italia,80,,234000,1052,1,1292,,1,0,0,1994-06-03,0.0044957264957264,207.5,155.8480741691158
vuelta-a-espana/2019/stage-4,La Vuelta ciclista a España,80,100.0,175500,1233,2,798,,1,0,0,2019-08-27,0.007025641025641,0.0,127.43896055693368
vuelta-a-espana/2021/stage-20,La Vuelta ciclista a España,80,100.0,202200,4214,3,1023,,1,0,0,2021-09-04,0.0208407517309594,1346.5,828.2303175115425
vuelta-a-espana/2013/stage-19,Vuelta a España,80,16.0,181000,3052,5,1128,,1,0,0,2013-09-13,0.0168618784530386,571.0,437.4689116965821
amstel-gold-race/1990/result,Amstel Gold Race,225,,249000,3413,3,1030,,0,0,0,1990-04-21,0.0137068273092369,392.0,241.0231225713315
giro-d-italia/1992/stage-7,Giro d'Italia,80,,184000,924,1,953,,1,0,0,1992-05-31,0.0050217391304347,0.0,0.0
giro-d-italia/2001/prologue,Giro d'Italia,80,,7600,6,1,920,,1,0,0,2001-05-19,0.0007894736842105,40.0,13.744881107993397
tour-de-france/2010/stage-14,Tour de France,100,20.0,184500,3796,5,1685,,1,0,0,2010-07-18,0.0205745257452574,1243.0,809.2356797710519
tirreno-adriatico/2016/stage-2,Tirreno-Adriatico,50,60.0,207000,1953,2,1133,,1,0,0,2016-03-10,0.0094347826086956,232.0,247.83697915178007
tour-de-france/1978/stage-5,Tour de France,100,,244000,2323,1,1241,,1,0,0,1978-07-04,0.0095204918032786,0.0,152.83560570746482
giro-d-italia/2015/stage-13,Giro d'Italia,80,16.0,147000,131,1,861,,1,0,0,2015-05-22,0.000891156462585,96.0,92.054608041676
tour-de-france/1987/stage-22,Tour de France,100,,186000,5500,4,1812,,1,0,0,1987-07-23,0.0295698924731182,947.0,492.9094093333584
paris-nice/1991/prologue,Paris - Nice,50,,6500,37,1,832,,1,0,0,1991-03-10,0.0056923076923076,17.5,6.962406339823634
vuelta-a-espana/2015/stage-14,Vuelta a España,80,16.0,215000,3941,5,1115,,1,0,0,2015-09-05,0.0183302325581395,1039.0,419.74050333794054
volta-a-catalunya/1970/stage-6,Volta Ciclista a Catalunya,50,,185900,1048,1,570,,1,0,0,1970-09-15,0.0056374394835933,221.0,83.53014853503922
vuelta-a-espana/2010/stage-18,Vuelta a España,80,16.0,148900,964,1,1123,,1,0,0,2010-09-16,0.0064741437206178,9.0,64.05245569243692
tour-de-france/2015/stage-8,Tour de France,100,20.0,181500,2057,3,1812,,1,0,0,2015-07-11,0.0113333333333333,188.0,207.35357596183343
paris-roubaix/2014/result,Paris - Roubaix,275,,257000,1318,1,727,,0,0,0,2014-04-13,0.0051284046692607,426.0,492.6271511523168
dauphine/1990/stage-3,Critérium du Dauphiné Libéré,50,,171000,1038,1,637,,1,0,0,1990-06-01,0.0060701754385964,13.5,10.38374798530002
volta-a-catalunya/1977/stage-3a,Volta Ciclista a Catalunya,50,,114600,1795,3,490,,1,0,0,1977-09-10,0.0156631762652705,0.0,8.531943963517937
tour-de-france/2000/stage-5,Tour de France,100,,202000,2014,1,1437,,1,0,0,2000-07-05,0.0099702970297029,10.0,39.52964858031395
dauphine/2011/stage-6,Critérium du Dauphiné,50,6.0,192500,4407,5,958,,1,0,0,2011-06-11,0.0228935064935064,786.0,509.76769526388966
giro-d-italia/1990/stage-15,Giro d'Italia,80,,226000,2251,1,1061,,1,0,0,1990-06-01,0.0099601769911504,0.0,26.094699334028228
vuelta-a-espana/2011/stage-16,Vuelta a España,80,16.0,180000,1044,1,1170,,1,0,0,2011-09-06,0.0058,49.0,102.96742645566572
giro-d-italia/2014/stage-13,Giro d'Italia,80,16.0,157000,780,1,892,,1,0,0,2014-05-23,0.004968152866242,11.0,111.1340006266132
tour-de-france/2011/stage-14,Tour de France,100,,168500,5420,5,1713,,1,0,0,2011-07-16,0.0321661721068249,1377.0,555.5449111726667
tour-de-romandie/1999/stage-5,Tour de Romandie,50,,180200,2325,2,893,,1,0,0,1999-05-09,0.0129023307436182,0.0,154.20412584118864
tour-de-france/1982/stage-15,Tour de France,100,,208000,4500,5,1492,,1,0,0,1982-07-19,0.0216346153846153,979.0,556.222833848858
tour-de-suisse/2003/prologue,Tour de Suisse,50,,6500,37,1,660,,1,0,0,2003-06-16,0.0056923076923076,34.0,15.371130140332712
vuelta-a-espana/2013/stage-5,Vuelta a España,80,16.0,174300,3200,2,1128,,1,0,0,2013-08-28,0.0183591508892713,25.0,187.2178371049804
tour-de-france/1994/stage-10,Tour de France,100,,160500,2000,1,1731,,1,0,0,1994-07-12,0.0124610591900311,115.0,86.12977873472838
tour-de-france/2014/stage-17,Tour de France,100,20.0,124500,3810,5,1612,,1,0,0,2014-07-23,0.0306024096385542,1372.0,546.1015080895138
tour-de-france/1983/stage-16,Tour de France,100,,144500,3028,2,1269,,1,0,0,1983-07-17,0.020955017301038,393.0,150.87994768643506
giro-d-italia/1991/stage-9,Giro d'Italia,80,,229000,2021,1,908,,1,0,0,1991-06-04,0.008825327510917,44.0,46.38007234913623
giro-d-italia/2013/stage-15,Giro d'Italia,80,16.0,149000,4069,5,930,,1,0,0,2013-05-19,0.0273087248322147,1226.0,655.8548758195124
giro-d-italia/2011/stage-11,Giro d'Italia,80,16.0,144000,2612,3,891,,1,0,0,2011-05-18,0.0181388888888888,224.0,366.139168669937
tirreno-adriatico/2002/stage-5,Tirreno-Adriatico,50,,150000,2096,3,1056,,1,0,0,2002-03-18,0.0139733333333333,183.0,201.0126053574698
vuelta-a-espana/1997/stage-15,Vuelta a España,80,,159000,2995,4,1165,,1,0,0,1997-09-21,0.0188364779874213,807.0,512.6690825184015
itzulia-basque-country/2008/stage-2,Vuelta Ciclista al País Vasco,50,,153000,1596,1,838,,1,0,0,2008-04-08,0.0104313725490196,0.0,70.944121313617
dauphine/2001/stage-2,Criterium du Dauphiné Libére,50,,170000,2469,3,442,,1,0,0,2001-06-12,0.0145235294117647,108.0,280.1874077012445
vuelta-a-espana/2010/stage-4,Vuelta a España,80,16.0,177000,3442,3,1123,,1,0,0,2010-08-31,0.0194463276836158,591.0,396.18652813966935
tour-de-france/2007/stage-9,Tour de France,100,,159500,3458,4,1612,,1,0,0,2007-07-17,0.021680250783699,1370.0,654.8705145941115
vuelta-a-espana/1986/stage-10,Vuelta a España,80,,193000,1025,1,843,,1,0,0,1986-05-02,0.0053108808290155,0.0,0.0
giro-d-italia/2023/stage-12,Giro d'Italia,80,180.0,185000,2348,2,835,15.0,1,0,0,2023-05-18,0.0126918918918918,794.0,418.9612992387388
tour-de-romandie/2001/stage-1,Tour de Romandie,50,,165700,2000,2,597,,1,0,0,2001-05-09,0.012070006035003,0.0,329.3906183570126
vuelta-a-espana/1999/stage-17,Vuelta a España,80,,225000,2309,1,1342,,1,0,0,1999-09-22,0.0102622222222222,994.0,297.3599972843255
giro-d-italia/2013/stage-16,Giro d'Italia,80,16.0,238000,2803,2,930,,1,0,0,2013-05-21,0.0117773109243697,586.0,349.3135426570109
tour-de-france/2003/prologue,Tour de France,100,,6500,184,1,1688,,1,0,0,2003-07-05,0.0283076923076923,31.0,11.873536193987606
vuelta-a-espana/1996/stage-6,Vuelta a España,80,,196500,2027,1,988,,1,0,0,1996-09-12,0.0103155216284987,0.0,50.66083169026806
giro-d-italia/2010/stage-19,Giro d'Italia,80,16.0,195000,4641,5,878,,1,0,0,2010-05-28,0.0238,1646.0,644.8765575484383
tour-de-france/2008/stage-12,Tour de France,100,,168500,1197,1,1520,,1,0,0,2008-07-17,0.0071038575667655,0.0,28.685111287072576
tour-de-romandie/2005/stage-1,Tour de Romandie,50,,166900,2515,3,799,,1,0,0,2005-04-27,0.0150689035350509,0.0,352.90849028114945
tour-de-suisse/1974/stage-5,Tour de Suisse,50,,165000,515,1,541,,1,0,0,1974-06-17,0.0031212121212121,82.0,37.35460703402816
tirreno-adriatico/2014/stage-7,Tirreno-Adriatico,50,6.0,9100,8,1,1269,,1,0,0,2014-03-18,0.0008791208791208,56.0,23.27830329870503
tour-de-suisse/1980/stage-6,Tour de Suisse,50,,233000,3379,3,477,,1,0,0,1980-06-16,0.0145021459227467,782.5,483.93305322120744
la-fleche-wallone/1985/result,La Flèche Wallonne,225,,246000,3740,3,850,,0,0,0,1985-04-17,0.0152032520325203,279.0,356.18837280344286
paris-roubaix/1976/result,Paris - Roubaix,275,,270500,3333,2,605,,0,0,0,1976-04-11,0.0123216266173752,105.0,208.13253955830285
liege-bastogne-liege/2004/result,Liège - Bastogne - Liège,275,,258500,4133,3,1277,,0,0,0,2004-04-25,0.0159883945841392,160.0,295.75897647707075
tour-de-suisse/2023/stage-7,Tour de Suisse,50,60.0,183500,2453,2,855,25.0,1,0,0,2023-06-17,0.0133678474114441,0.0,0.0
vuelta-a-espana/1996/stage-18,Vuelta a España,80,,219500,1791,1,988,,1,0,0,1996-09-25,0.0081594533029612,307.0,56.55608690836516
volta-a-catalunya/2013/stage-6,Volta Ciclista a Catalunya,50,6.0,178700,2312,4,811,,1,0,0,2013-03-23,0.0129378847229994,88.0,189.49974669002856
vuelta-a-espana/1998/stage-12,Vuelta a España,80,,166000,2221,2,1309,,1,0,0,1998-09-17,0.0133795180722891,544.0,122.25302627044874
tour-de-france/1988/stage-12,Tour de France,100,,227000,6000,5,1941,,1,0,0,1988-07-14,0.026431718061674,1426.0,665.1319331392657
tirreno-adriatico/2004/stage-1,Tirreno-Adriatico,50,,172000,1700,1,926,,1,0,0,2004-03-10,0.0098837209302325,0.0,23.08566133845774
tour-de-france/2022/stage-20,Tour de France,100,120.0,40700,434,3,1551,,1,0,0,2022-07-23,0.0106633906633906,342.0,128.65771213327895
giro-d-italia/2021/stage-5,Giro d'Italia,80,100.0,177000,363,1,885,,1,0,0,2021-05-12,0.0020508474576271,0.0,120.24195751396984
dauphine/1990/stage-5,Critérium du Dauphiné Libéré,50,,196000,1462,1,637,,1,0,0,1990-06-03,0.0074591836734693,102.0,32.22162834701768
paris-nice/1993/stage-7a,Paris - Nice,50,,104300,800,1,1182,,1,0,0,1993-03-14,0.0076701821668264,0.0,0.0
tour-de-france/1999/stage-6,Tour de France,100,,171500,1542,1,1255,,1,0,0,1999-07-09,0.0089912536443148,0.0,56.946875252161306
tour-de-france/1983/stage-21,Tour de France,100,,50000,817,2,1269,,1,0,0,1983-07-22,0.01634,346.0,188.30749457486192
tour-de-suisse/1988/stage-9,Tour de Suisse,50,,201500,1117,1,548,,1,0,0,1988-06-22,0.0055434243176178,0.0,0.0
world-championship/1990/result,World Championships - Road Race,350,,261000,3582,3,1436,,0,0,0,1990-09-02,0.0137241379310344,45.0,347.1143809808364
tour-de-suisse/1974/stage-4,Tour de Suisse,50,,179000,937,1,541,,1,0,0,1974-06-16,0.0052346368715083,0.0,0.0
tour-de-france/2015/stage-4,Tour de France,100,20.0,223500,1552,1,1812,,1,0,0,2015-07-07,0.0069440715883668,229.0,376.4348626812209
tour-de-romandie/2018/stage-4,Tour de Romandie,50,60.0,149200,3684,4,566,,1,0,0,2018-04-28,0.0246916890080428,756.0,603.1530037840558
tour-de-suisse/2016/stage-7,Tour de Suisse,50,60.0,224300,5041,5,680,,1,0,0,2016-06-17,0.0224743646901471,955.5,493.46812031343336
tour-de-romandie/1991/stage-4a,Tour de Romandie,50,,73600,881,2,521,,1,0,0,1991-05-11,0.0119701086956521,10.0,4.604345773288535
vuelta-a-espana/2020/stage-14,La Vuelta ciclista a España,80,100.0,204700,3057,3,692,,1,0,0,2020-11-04,0.014934049829018,314.0,239.77177012034713
tour-de-france/1981/stage-10,Tour de France,100,,258500,2060,1,1362,,1,0,0,1981-07-06,0.0079690522243713,43.0,155.09895957270763
tirreno-adriatico/2014/stage-4,Tirreno-Adriatico,50,6.0,244000,3796,5,1269,,1,0,0,2014-03-15,0.0155573770491803,1096.0,718.4763750200048
tour-de-france/2011/stage-6,Tour de France,100,20.0,226500,2373,3,1713,,1,0,0,2011-07-07,0.0104768211920529,65.0,207.742612161784
uae-tour/2023/stage-6,UAE Tour,50,40.0,166000,146,1,530,32.0,1,0,0,2023-02-25,0.0008795180722891,0.0,34.13716033686925
tour-de-suisse/1981/stage-2,Tour de Suisse,50,,205000,1547,1,516,,1,0,0,1981-06-12,0.0075463414634146,0.0,0.0
vuelta-a-espana/2001/stage-19,Vuelta a España,80,,168000,1874,1,971,,1,0,0,2001-09-28,0.0111547619047619,927.0,240.9214965828759
dauphine/2019/stage-1,Critérium du Dauphiné,50,60.0,142000,2500,4,973,,1,0,0,2019-06-09,0.0176056338028169,230.0,321.5282772482038
volta-a-catalunya/1996/stage-6,Volta Ciclista a Catalunya,50,,20400,730,5,327,,1,0,0,1996-06-19,0.0357843137254901,95.0,37.9801953404039
tour-de-suisse/2010/stage-2,Tour de Suisse,50,6.0,196600,2569,2,1198,,1,0,0,2010-06-14,0.0130671414038657,158.5,349.7625106474751
vuelta-a-espana/2020/stage-6,La Vuelta ciclista a España,80,100.0,146400,3020,5,692,,1,0,0,2020-10-25,0.0206284153005464,728.0,445.68324202619465
tirreno-adriatico/2020/stage-7,Tirreno-Adriatico,50,60.0,181000,2736,3,687,,1,0,0,2020-09-13,0.0151160220994475,513.0,436.6850425561784
vuelta-a-espana/2012/stage-18,Vuelta a España,80,16.0,186400,1082,1,852,,1,0,0,2012-09-06,0.0058047210300429,10.0,171.94023401794186
paris-nice/2021/stage-5,Paris - Nice,50,60.0,200200,926,1,1044,,1,0,0,2021-03-11,0.0046253746253746,0.0,66.23386221043778
liege-bastogne-liege/1998/result,Liège - Bastogne - Liège,275,,265500,2718,1,962,,0,0,0,1998-04-19,0.0102372881355932,288.0,256.8111158675936
giro-d-italia/2015/stage-15,Giro d'Italia,80,16.0,165000,4634,5,861,,1,0,0,2015-05-24,0.0280848484848484,1624.0,651.195295695032
tour-de-france/1986/stage-12,Tour de France,100,,217500,4500,4,1872,,1,0,0,1986-07-15,0.0206896551724137,2037.0,694.813668368657
vuelta-a-espana/2016/stage-4,Vuelta a España,80,100.0,163500,3196,3,821,,1,0,0,2016-08-23,0.0195474006116207,894.0,391.2500910961072
liege-bastogne-liege/1972/result,Liège - Bastogne - Liège,275,,239000,3356,3,597,,0,0,0,1972-04-20,0.0140418410041841,326.0,127.55216019898909
vuelta-a-espana/2010/stage-16,Vuelta a España,80,16.0,181400,4431,5,1123,,1,0,0,2010-09-13,0.0244266813671444,1830.0,757.0349545816247
vuelta-a-espana/2019/stage-19,La Vuelta ciclista a España,80,100.0,165200,1771,3,798,,1,0,0,2019-09-13,0.0107203389830508,274.5,360.4708497390412
tour-de-suisse/2010/stage-8,Tour de Suisse,50,6.0,26900,358,2,1198,,1,0,0,2010-06-20,0.0133085501858736,171.0,71.87639186801603
world-championship/2018/result,World Championships ME - Road Race,350,600.0,258000,5020,4,1374,,0,0,0,2018-09-30,0.0194573643410852,270.0,354.01427342619064
paris-roubaix/1971/result,Paris - Roubaix,275,,265200,1786,1,819,,0,0,0,1971-04-18,0.006734539969834,569.0,345.84193485238166
tour-de-france/1986/stage-13,Tour de France,100,,186000,5500,5,1872,,1,0,0,1986-07-16,0.0295698924731182,1637.0,568.3499835823844
volta-a-catalunya/1995/stage-2,Volta Ciclista a Catalunya,50,,172400,2158,2,737,,1,0,0,1995-06-17,0.0125174013921113,8.0,3.966637181078677
tour-de-france/2012/stage-1,Tour de France,100,20.0,198000,2680,3,1703,,1,0,0,2012-07-01,0.0135353535353535,85.0,90.1906534004089
volta-a-catalunya/2003/stage-5,Volta a Catalunya,50,,166300,1811,2,515,,1,0,0,2003-06-20,0.0108899579073962,0.0,154.64116368208855
volta-a-catalunya/1992/stage-5a,Volta Ciclista a Catalunya,50,,74000,881,2,758,,1,0,0,1992-09-13,0.0119054054054054,0.0,0.0
paris-nice/1972/stage-7b,Paris - Nice,50,,9500,52,1,1086,,1,0,0,1972-03-16,0.0054736842105263,59.5,25.387879872971755
giro-d-italia/2005/stage-13,Giro d'Italia,80,,218000,5994,5,929,,1,0,0,2005-05-21,0.0274954128440367,1883.0,878.2167465268844
paris-nice/2022/stage-8,Paris - Nice,50,60.0,115600,2436,4,1182,,1,0,0,2022-03-13,0.0210726643598615,561.0,373.0339766694904
tirreno-adriatico/2006/stage-1,Tirreno-Adriatico,50,,167000,1153,3,1210,,1,0,0,2006-03-08,0.0069041916167664,29.0,107.60077273116748
il-lombardia/1974/result,Giro di Lombardia,275,,266000,3208,2,559,,0,0,0,1974-10-12,0.0120601503759398,0.0,0.0
ronde-van-vlaanderen/1984/result,Ronde van Vlaanderen / Tour des Flandres,275,,268000,3244,2,563,,0,0,0,1984-04-01,0.0121044776119402,49.0,69.8135344147696
tour-de-suisse/2002/stage-1,Tour de Suisse,50,,171900,2398,3,673,,1,0,0,2002-06-19,0.0139499709133216,68.0,234.9323772717317
tour-de-suisse/2019/stage-7,Tour de Suisse,50,60.0,216600,4336,5,802,,1,0,0,2019-06-21,0.0200184672206832,925.0,517.0310560567062
giro-d-italia/2019/stage-1,Giro d'Italia,80,100.0,8000,291,3,896,,1,0,0,2019-05-11,0.036375,99.0,37.96290039288013
volta-a-catalunya/2011/stage-4,Volta Ciclista a Catalunya,50,6.0,195000,3050,3,732,,1,0,0,2011-03-24,0.0156410256410256,0.0,0.0
tirreno-adriatico/2021/stage-4,Tirreno-Adriatico,50,60.0,148000,3023,5,1108,,1,0,0,2021-03-13,0.0204256756756756,946.0,480.6018607853322
dauphine/1992/stage-7,Critérium du Dauphiné Libéré,50,,177000,674,1,492,,1,0,0,1992-06-07,0.0038079096045197,136.0,60.03156577075838
il-lombardia/2015/result,Il Lombardia,275,,245000,3946,2,1138,,0,0,0,2015-10-04,0.0161061224489795,575.0,391.3063633075186
tour-de-romandie/2011/stage-5,Tour de Romandie,50,6.0,164600,2168,2,660,,1,0,0,2011-05-01,0.0131713244228432,0.0,469.5246796623476
volta-a-catalunya/2011/stage-2,Volta Ciclista a Catalunya,50,6.0,169300,1391,1,732,,1,0,0,2011-03-22,0.0082161842882457,0.0,48.39379142181994
vuelta-a-espana/1996/stage-11,Vuelta a España,80,,188000,2018,2,988,,1,0,0,1996-09-18,0.0107340425531914,286.0,88.91201040075356
giro-d-italia/1994/stage-16,Giro d'Italia,80,,220000,799,1,1292,,1,0,0,1994-06-06,0.0036318181818181,0.0,0.0
la-fleche-wallone/2005/result,La Flèche Wallonne,225,,201500,2885,3,1094,,0,0,0,2005-04-20,0.0143176178660049,92.0,351.48588867191216
tour-de-france/2001/stage-3,Tour de France,100,,198500,2098,3,1496,,1,0,0,2001-07-10,0.0105692695214105,0.0,279.9310062722964
omloop-het-nieuwsblad/1980/result,Omloop Het Volk,125,,216000,1220,1,580,,0,0,0,1980-03-01,0.0056481481481481,6.0,0.9370425713316364
tour-de-romandie/1994/prologue,Tour de Romandie,50,,5800,46,1,780,,1,0,0,1994-05-04,0.0079310344827586,4.0,3.082207001484488
giro-d-italia/1994/stage-1b,Giro d'Italia,80,,7000,96,3,1292,,1,0,0,1994-05-22,0.0137142857142857,15.5,8.875058685251984
dauphine/2010/stage-8,Critérium du Dauphiné,50,6.0,148000,2338,3,673,,1,0,0,2010-06-13,0.0157972972972972,186.0,194.42537924421703
liege-bastogne-liege/1976/result,Liège - Bastogne - Liège,275,,246700,3447,3,611,,0,0,0,1976-04-18,0.013972436157276,300.0,283.9269144579696
tour-de-suisse/2004/stage-1,Tour de Suisse,50,,176000,3161,4,676,,1,0,0,2004-06-12,0.0179602272727272,1111.0,481.53734498621134
vuelta-a-espana/1995/stage-8,Vuelta a España,80,,219800,3790,4,883,,1,0,0,1995-09-10,0.0172429481346678,280.0,73.82140610961024
giro-d-italia/1992/stage-11,Giro d'Italia,80,,214000,1422,1,953,,1,0,0,1992-06-04,0.0066448598130841,0.0,0.0
tour-de-romandie/2017/stage-1,Tour de Romandie,50,60.0,173300,2302,5,636,,1,0,0,2017-04-26,0.0132833237160992,91.0,342.7711774985412
paris-nice/2006/stage-7,Paris - Nice,50,,135000,1874,4,795,,1,0,0,2006-03-12,0.0138814814814814,127.0,220.2009917133103
tour-de-france/1993/stage-15,Tour de France,100,,231500,6000,5,1804,,1,0,0,1993-07-19,0.0259179265658747,850.0,682.7490634187701
milano-sanremo/1987/result,Milano-Sanremo,275,,294000,2661,1,1352,,0,0,0,1987-03-21,0.0090510204081632,57.0,24.661965893598666
paris-nice/1993/stage-6,Paris - Nice,50,,196500,1518,1,1182,,1,0,0,1993-03-13,0.0077251908396946,44.0,16.3707055437449
tour-de-france/1990/stage-14,Tour de France,100,,205000,2812,5,1959,,1,0,0,1990-07-15,0.0137170731707317,353.0,395.01530985166613
tour-de-france/1993/stage-14,Tour de France,100,,223000,1500,1,1804,,1,0,0,1993-07-18,0.0067264573991031,979.0,179.03201673403947
tour-de-romandie/2013/prologue,Tour de Romandie,50,6.0,7450,291,5,956,,1,0,0,2013-04-23,0.0390604026845637,74.0,39.432226022655584
giro-d-italia/2016/stage-21,Giro d'Italia,80,100.0,163000,879,1,933,,1,0,0,2016-05-29,0.0053926380368098,0.0,0.0
la-fleche-wallone/1978/result,La Flèche Wallonne,225,,223000,3466,3,700,,0,0,0,1978-04-20,0.0155426008968609,527.0,225.57285443886644
vuelta-a-espana/2002/stage-2,Vuelta a España,80,,144700,1892,2,1084,,1,0,0,2002-09-08,0.0130753282653766,0.0,351.77524459357835
tour-de-romandie/2007/stage-3,Tour de Romandie,50,,162600,2228,3,674,,1,0,0,2007-05-04,0.0137023370233702,231.0,170.23337872706907
itzulia-basque-country/2018/stage-5,Itzulia Basque Country,50,50.0,164700,2269,4,824,,1,0,0,2018-04-06,0.0137765634486945,1145.0,464.6387289143558
tour-de-france/1996/stage-10,Tour de France,100,,208500,3000,2,1872,,1,0,0,1996-07-09,0.014388489208633,161.0,355.84887446351945
vuelta-a-espana/1982/stage-17,Vuelta a España,80,,178000,2387,2,523,,1,0,0,1982-05-07,0.0134101123595505,143.0,150.95841836513966
paris-nice/2019/stage-6,Paris - Nice,50,60.0,176500,2029,4,1099,,1,0,0,2019-03-15,0.0114957507082152,341.0,235.8735025810618
tour-de-france/1984/stage-10,Tour de France,100,,198000,1808,1,1632,,1,0,0,1984-07-08,0.0091313131313131,151.0,196.82381060578936
tour-de-france/1986/stage-9,Tour de France,100,,61500,466,1,1872,,1,0,0,1986-07-12,0.0075772357723577,376.0,162.99536802389332
volta-a-catalunya/2004/stage-2,Volta a Catalunya,50,,145400,1979,3,376,,1,0,0,2004-06-15,0.0136107290233837,47.0,293.72379887044104
vuelta-a-espana/1999/stage-10,Vuelta a España,80,,183200,584,1,1342,,1,0,0,1999-09-15,0.0031877729257641,0.0,383.97087917042825
giro-d-italia/2013/stage-20,Giro d'Italia,80,16.0,210000,3663,5,930,,1,0,0,2013-05-25,0.0174428571428571,726.0,435.6684237705841
tour-de-france/2003/stage-12,Tour de France,100,,47000,712,2,1688,,1,0,0,2003-07-18,0.0151489361702127,530.0,135.14353695721917
ronde-van-vlaanderen/2012/result,Ronde van Vlaanderen / Tour des Flandres ME,275,,256000,1900,2,887,,0,0,0,2012-04-01,0.007421875,206.0,315.40739507707406
volta-a-catalunya/2009/stage-7,Volta Ciclista a Catalunya,50,,110800,1692,1,668,,1,0,0,2009-05-24,0.0152707581227436,0.0,138.98409667538493
tour-de-france/2007/stage-13,Tour de France,100,,54000,533,2,1612,,1,0,0,2007-07-21,0.0098703703703703,471.0,159.83896169482503
tour-de-france/1979/stage-5,Tour de France,100,,145000,811,1,1381,,1,0,0,1979-07-02,0.0055931034482758,0.0,14.466221347591754
tirreno-adriatico/2001/stage-6,Tirreno-Adriatico,50,,136000,1928,3,1092,,1,0,0,2001-03-19,0.0141764705882352,144.0,298.40784719322824
tour-de-france/1993/stage-19,Tour de France,100,,48000,608,1,1804,,1,0,0,1993-07-24,0.0126666666666666,464.0,132.27914116505232
paris-nice/1991/stage-2,Paris - Nice,50,,157000,1544,1,832,,1,0,0,1991-03-12,0.0098343949044585,0.0,0.0
volta-a-catalunya/2001/stage-8,Volta a Catalunya,50,,13100,578,5,617,,1,0,0,2001-06-28,0.0441221374045801,295.0,180.17404321447736
paris-nice/1993/stage-4,Paris - Nice,50,,210000,1406,1,1182,,1,0,0,1993-03-11,0.006695238095238,0.0,0.0
giro-d-italia/1994/stage-10,Giro d'Italia,80,,115000,1022,1,1292,,1,0,0,1994-05-31,0.0088869565217391,0.0,0.0
tour-de-france/1981/stage-1a,Tour de France,100,,97000,2000,2,1362,,1,0,0,1981-06-26,0.0206185567010309,328.0,253.49943639100917
vuelta-a-espana/2008/stage-11,Vuelta a España,80,,178000,2019,2,1101,,1,0,0,2008-09-10,0.0113426966292134,0.0,52.99889989891164
tour-de-suisse/2005/stage-4,Tour de Suisse,50,,208000,1833,1,971,,1,0,0,2005-06-14,0.0088125,0.0,107.13013796518317
tour-de-france/2005/stage-3,Tour de France,100,,212000,1465,1,1535,,1,0,0,2005-07-04,0.0069103773584905,0.0,0.0
vuelta-a-espana/1991/stage-10,Vuelta a España,80,,229000,3428,3,1042,,1,0,0,1991-05-08,0.0149694323144104,13.0,3.9436507137905807
giro-d-italia/2003/stage-7,Giro d'Italia,80,,146000,2681,5,734,,1,0,0,2003-05-17,0.0183630136986301,973.5,419.92757475344007
tour-de-france/1995/stage-1,Tour de France,100,,228000,2500,1,1871,,1,0,0,1995-07-02,0.0109649122807017,37.0,86.47443714571241
giro-d-italia/2004/stage-6,Giro d'Italia,80,,164000,2044,2,621,,1,0,0,2004-05-14,0.0124634146341463,33.0,142.19079600119952
giro-d-italia/2013/stage-9,Giro d'Italia,80,16.0,170000,3032,2,930,,1,0,0,2013-05-12,0.017835294117647,1043.0,426.3350902741276
tour-de-france/2017/stage-11,Tour de France,100,120.0,203500,1163,1,1791,,1,0,0,2017-07-12,0.0057149877149877,0.0,50.135014815309745
vuelta-a-espana/1995/stage-20,Vuelta a España,80,,41600,376,1,883,,1,0,0,1995-09-23,0.0090384615384615,147.5,57.47796679308226
tour-de-suisse/1971/stage-4,Tour de Suisse,50,,175000,4788,5,302,,1,0,0,1971-06-14,0.02736,37.0,18.5
tour-de-france/1989/stage-11,Tour de France,100,,158500,1911,2,1849,,1,0,0,1989-07-12,0.0120567823343848,0.0,17.931987382072453
dauphine/1991/stage-4,Critérium du Dauphiné Libéré,50,,186500,2614,3,830,,1,0,0,1991-06-07,0.0140160857908847,2.0,0.8944271909999159
tour-de-suisse/2015/stage-9,Tour de Suisse,50,6.0,38400,529,2,1048,,1,0,0,2015-06-21,0.0137760416666666,234.0,102.51315533186254
tirreno-adriatico/1973/stage-5b,Tirreno-Adriatico,50,,18000,224,2,536,,1,0,0,1973-03-17,0.0124444444444444,16.0,7.395944834840239
paris-nice/2019/stage-7,Paris - Nice,50,60.0,181500,4332,5,1099,,1,0,0,2019-03-16,0.0238677685950413,1220.0,650.8113178513742
itzulia-basque-country/2012/stage-5,Vuelta Ciclista al País Vasco,50,6.0,183000,2997,3,928,,1,0,0,2012-04-06,0.0163770491803278,395.0,405.6780875815229
tour-de-france/1992/stage-14,Tour de France,100,,186500,6000,5,2047,,1,0,0,1992-07-19,0.032171581769437,1712.0,689.0600474701811
giro-d-italia/2009/stage-12,Giro d'Italia,80,,60600,1497,2,975,,1,0,0,2009-05-21,0.0247029702970297,572.5,203.31478194823717
dauphine/2007/stage-7,Critérium du Dauphiné Libéré,50,,129000,2768,4,816,,1,0,0,2007-06-17,0.0214573643410852,368.0,376.27972036969607
ronde-van-vlaanderen/1975/result,Ronde van Vlaanderen / Tour des Flandres,275,,255000,2414,1,666,,0,0,0,1975-04-06,0.0094666666666666,308.0,58.63582406639798
tour-de-france/1988/stage-15,Tour de France,100,,187500,6000,5,1941,,1,0,0,1988-07-18,0.032,1703.0,555.1073355535676
tirreno-adriatico/2020/stage-3,Tirreno-Adriatico,50,60.0,217000,3108,3,687,,1,0,0,2020-09-09,0.0143225806451612,568.0,586.5391902267286
giro-d-italia/2001/stage-20,Giro d'Italia,80,,181000,3331,4,920,,1,0,0,2001-06-09,0.018403314917127,1248.0,477.3890713409031
tour-de-romandie/2011/stage-1,Tour de Romandie,50,6.0,171500,2365,3,660,,1,0,0,2011-04-27,0.0137900874635568,286.0,306.8132494958866
milano-sanremo/2012/result,Milano-Sanremo,275,,298000,2380,2,1079,,0,0,0,2012-03-17,0.007986577181208,183.5,519.3953481507898
dauphine/2015/stage-4,Critérium du Dauphiné,50,6.0,228000,2369,2,997,,1,0,0,2015-06-10,0.0103903508771929,0.0,168.8824601042972
volta-a-catalunya/2019/stage-6,Volta Ciclista a Catalunya,50,50.0,169100,2025,2,918,,1,0,0,2019-03-30,0.0119751626256652,92.0,130.7834032406956
tirreno-adriatico/1992/stage-1,Tirreno-Adriatico,50,,192000,1119,1,638,,1,0,0,1992-03-12,0.005828125,4.0,1.7888543819998317
il-lombardia/2020/result,Il Lombardia,275,500.0,231000,3975,2,589,,0,0,0,2020-08-15,0.0172077922077922,877.5,374.8118521165039
tour-de-france/2002/stage-13,Tour de France,100,,171000,2180,2,1489,,1,0,0,2002-07-20,0.0127485380116959,596.0,155.4582675410346
volta-a-catalunya/2019/stage-2,Volta Ciclista a Catalunya,50,50.0,166700,1725,3,918,,1,0,0,2019-03-26,0.0103479304139172,29.0,256.24625979804324
tour-de-france/1980/stage-3,Tour de France,100,,282000,3500,2,1224,,1,0,0,1980-06-29,0.0124113475177304,187.0,269.1360431597358
il-lombardia/2013/result,Il Lombardia,275,,242000,4112,2,1256,,0,0,0,2013-10-06,0.01699173553719,119.0,296.74798845184733
volta-a-catalunya/2023/stage-7,Volta Ciclista a Catalunya,50,50.0,135800,1842,2,704,20.0,1,0,0,2023-03-26,0.0135640648011782,377.0,207.3690633716837
milano-sanremo/2007/result,Milano-Sanremo,275,,294000,2260,1,1303,,0,0,0,2007-03-24,0.0076870748299319,74.0,322.2755605839287
paris-nice/2016/stage-7,Paris - Nice,50,60.0,141000,2728,4,1109,,1,0,0,2016-03-13,0.0193475177304964,704.0,431.884528692602
tour-de-suisse/1995/stage-2,Tour de Suisse,50,,207100,2306,2,764,,1,0,0,1995-06-15,0.0111347175277643,0.0,0.0
tour-de-romandie/2006/stage-4,Tour de Romandie,50,,127700,3928,5,772,,1,0,0,2006-04-28,0.0307595927956147,1099.0,517.5347885339033
dauphine/2012/stage-1,Critérium du Dauphiné,50,6.0,187000,2048,2,1117,,1,0,0,2012-06-04,0.010951871657754,4.0,168.90210724230545
itzulia-basque-country/2023/stage-5,Itzulia Basque Country,50,50.0,164500,3187,2,719,22.0,1,0,0,2023-04-07,0.0193738601823708,460.0,424.8749161823993
tour-de-romandie/1989/stage-5,Tour de Romandie,50,,168200,509,1,502,,1,0,0,1989-05-13,0.003026159334126,45.0,38.22695384149775
dauphine/2019/stage-3,Critérium du Dauphiné,50,60.0,177000,1424,2,973,,1,0,0,2019-06-11,0.0080451977401129,0.0,74.64843039967177
tour-de-suisse/1997/stage-4,Tour de Suisse,50,,31500,293,1,1161,,1,0,0,1997-06-21,0.0093015873015873,228.0,90.96690547936882
volta-a-catalunya/1984/stage-2,Volta Ciclista a Catalunya,50,,192000,4637,5,319,,1,0,0,1984-09-07,0.0241510416666666,2.0,0.7262730392025629
dauphine/2012/stage-7,Critérium du Dauphiné,50,6.0,124500,2375,4,1117,,1,0,0,2012-06-10,0.0190763052208835,371.0,297.288057138367
giro-d-italia/2015/stage-2,Giro d'Italia,80,16.0,177000,1868,2,861,,1,0,0,2015-05-10,0.0105536723163841,58.0,201.7794388703484
giro-d-italia/1998/stage-22,Giro d'Italia,80,,101000,634,1,923,,1,0,0,1998-06-07,0.0062772277227722,0.0,0.0
paris-nice/2018/stage-6,Paris - Nice,50,60.0,198000,3189,4,936,,1,0,0,2018-03-09,0.0161060606060606,576.0,374.6893720712653
giro-d-italia/1996/stage-13,Giro d'Italia,80,,115000,2263,4,1034,,1,0,0,1996-05-31,0.0196782608695652,808.0,411.710128262939
amstel-gold-race/2015/result,Amstel Gold Race,225,,258000,3558,3,1175,,0,0,0,2015-04-19,0.0137906976744186,80.0,218.79008132243453
paris-roubaix/2018/result,Paris-Roubaix,275,500.0,257000,1309,1,811,,0,0,0,2018-04-08,0.0050933852140077,774.0,374.5675013523022
tirreno-adriatico/2007/stage-3,Tirreno-Adriatico,50,,213000,1981,3,1148,,1,0,0,2007-03-16,0.009300469483568,130.0,253.68867478855393
giro-d-italia/1995/stage-17,Giro d'Italia,80,,43000,1230,5,1365,,1,0,0,1995-05-30,0.0286046511627907,284.5,93.247491852822
paris-nice/2013/prologue,Paris - Nice,50,6.0,2900,51,1,917,,1,0,0,2013-03-03,0.0175862068965517,13.0,6.057204586248691
giro-d-italia/2022/stage-7,Giro d'Italia,80,100.0,196000,4730,4,817,19.0,1,0,0,2022-05-13,0.0241326530612244,1591.0,1011.253686607338
tour-de-france/2018/stage-14,Tour de France,100,120.0,188000,3365,2,1689,,1,0,0,2018-07-21,0.0178989361702127,1333.0,493.7521366419378
vuelta-a-espana/1992/stage-17,Vuelta a España,80,,200600,616,1,1033,,1,0,0,1992-05-13,0.0030707876370887,0.0,2.0
vuelta-a-espana/2020/stage-13,La Vuelta ciclista a España,80,100.0,33700,536,3,692,,1,0,0,2020-11-03,0.0159050445103857,330.0,144.33658205154475
dauphine/1977/stage-1,Critérium du Dauphiné Libéré,50,,228000,3642,3,809,,1,0,0,1977-05-31,0.0159736842105263,0.0,9.276014469827246
giro-d-italia/2017/stage-16,Giro d'Italia,80,100.0,222000,5845,4,881,,1,0,0,2017-05-23,0.0263288288288288,2426.0,999.352066471742
il-lombardia/1985/result,Giro di Lombardia,275,,255000,3526,3,439,,0,0,0,1985-10-12,0.0138274509803921,193.0,107.71584482241435
vuelta-a-espana/1990/stage-7,Vuelta a España,80,,187300,1380,1,807,,1,0,0,1990-04-30,0.0073678590496529,0.0,0.0
omloop-het-nieuwsblad/1976/result,Omloop Het Volk,125,,202000,1509,1,449,,0,0,0,1976-03-06,0.0074702970297029,64.0,168.26701837759
vuelta-a-espana/2008/stage-16,Vuelta a España,80,,186400,1481,1,1101,,1,0,0,2008-09-16,0.007945278969957,16.0,40.49755785955683
il-lombardia/1983/result,Giro di Lombardia,275,,253000,3158,2,828,,0,0,0,1983-10-15,0.0124822134387351,111.0,231.3571386490262
giro-d-italia/2019/stage-20,Giro d'Italia,80,100.0,194000,5754,5,896,,1,0,0,2019-06-01,0.0296597938144329,2109.5,924.683184182442
tour-de-romandie/2015/stage-4,Tour de Romandie,50,6.0,169800,2216,4,883,,1,0,0,2015-05-01,0.0130506478209658,211.0,254.25666178435023
world-championship/1995/result,World Championships - Road Race,350,,265500,5319,4,869,,0,0,0,1995-10-08,0.0200338983050847,150.5,676.5811792425674
world-championship/1975/result,World Championships - Road Race,350,,266000,4234,3,1211,,0,0,0,1975-08-31,0.0159172932330827,246.0,210.62297052858625
tour-de-france/1989/stage-1,Tour de France,100,,135500,2028,2,1849,,1,0,0,1989-07-02,0.0149667896678966,280.0,37.82104230910996
tour-de-suisse/2018/stage-3,Tour de Suisse,50,60.0,182000,2260,2,956,,1,0,0,2018-06-11,0.0124175824175824,93.0,149.32180014987765
amstel-gold-race/1981/result,Amstel Gold Race,225,,237000,3759,3,807,,0,0,0,1981-04-02,0.0158607594936708,0.0,0.0
vuelta-a-espana/1987/stage-2,Vuelta a España,80,,217000,2000,1,838,,1,0,0,1987-04-25,0.0092165898617511,0.0,0.0
vuelta-a-espana/2006/stage-15,Vuelta a España,80,,182000,1571,1,1026,,1,0,0,2006-09-10,0.0086318681318681,33.0,38.134258492886886
tirreno-adriatico/1990/stage-3,Tirreno-Adriatico,50,,6800,59,1,590,,1,0,0,1990-03-09,0.0086764705882352,27.5,15.085312945599329
volta-a-catalunya/1970/stage-4,Volta Ciclista a Catalunya,50,,225000,3325,3,570,,1,0,0,1970-09-13,0.0147777777777777,0.0,0.0
paris-nice/1991/stage-4,Paris - Nice,50,,179000,2702,3,832,,1,0,0,1991-03-14,0.0150949720670391,31.0,14.736614811141466
vuelta-a-espana/2011/stage-21,Vuelta a España,80,,94000,828,1,1170,,1,0,0,2011-09-11,0.0088085106382978,21.0,33.96591156672758
dauphine/2011/stage-1,Critérium du Dauphiné,50,6.0,144000,2189,3,958,,1,0,0,2011-06-06,0.0152013888888888,156.0,203.3459219829477
tour-de-suisse/2003/stage-9,Tour de Suisse,50,,152000,2459,3,660,,1,0,0,2003-06-25,0.0161776315789473,2.0,98.92846788585052
tour-de-france/2001/stage-12,Tour de France,100,,166000,4000,5,1496,,1,0,0,2001-07-20,0.0240963855421686,492.0,433.92146156435496
giro-d-italia/2018/stage-15,Giro d'Italia,80,100.0,176000,4112,4,838,,1,0,0,2018-05-20,0.0233636363636363,1574.0,712.3646860365479
giro-d-italia/1993/stage-2,Giro d'Italia,80,,224000,2036,1,1089,,1,0,0,1993-05-24,0.0090892857142857,0.0,0.0
giro-d-italia/1999/stage-10,Giro d'Italia,80,,189000,1871,1,1057,,1,0,0,1999-05-24,0.0098994708994709,0.0,122.01077199564035
giro-d-italia/2012/stage-10,Giro d'Italia,80,16.0,186000,2424,3,886,,1,0,0,2012-05-15,0.0130322580645161,229.0,171.25158787353286
vuelta-a-espana/2009/stage-4,Vuelta a España,80,,225500,1888,1,1220,,1,0,0,2009-09-01,0.0083725055432372,130.0,177.70514119902285
dauphine/2014/stage-8,Critérium du Dauphiné,50,6.0,130500,3029,5,941,,1,0,0,2014-06-15,0.0232107279693486,1631.0,623.3062423002458
tirreno-adriatico/2003/stage-3,Tirreno-Adriatico,50,,175000,2595,3,882,,1,0,0,2003-03-15,0.0148285714285714,0.0,9.486614247961429
volta-a-catalunya/2018/stage-6,Volta Ciclista a Catalunya,50,50.0,117000,1469,4,659,,1,0,0,2018-03-24,0.0125555555555555,18.0,88.29072548284967
tour-de-romandie/2004/stage-3,Tour de Romandie,50,,145700,1754,2,507,,1,0,0,2004-04-30,0.0120384351407,477.5,385.8353305515638
paris-nice/2005/stage-2,Paris - Nice,50,,46500,278,1,1091,,1,0,0,2005-03-08,0.0059784946236559,21.0,114.54620594093524
tour-de-suisse/1991/stage-7,Tour de Suisse,50,,256000,3703,3,796,,1,0,0,1991-06-25,0.01446484375,0.0,0.0
giro-d-italia/1992/stage-1,Giro d'Italia,80,,194000,1557,1,953,,1,0,0,1992-05-25,0.0080257731958762,0.0,0.0
tirreno-adriatico/1990/stage-5,Tirreno-Adriatico,50,,249500,3335,2,590,,1,0,0,1990-03-11,0.0133667334669338,0.0,0.0
tour-de-france/1999/stage-15,Tour de France,100,,174000,5500,5,1255,,1,0,0,1999-07-20,0.0316091954022988,2208.0,730.2706519519919
volta-a-catalunya/1986/stage-4,Volta Ciclista a Catalunya,50,,171000,325,5,561,,1,0,0,1986-09-13,0.0019005847953216,36.5,40.27283842928774
ronde-van-vlaanderen/2004/result,Ronde van Vlaanderen / Tour des Flandres ME,275,,257000,4371,2,1018,,0,0,0,2004-04-04,0.0170077821011673,458.0,346.1481362914793
itzulia-basque-country/2004/stage-1,Vuelta al País Vasco,50,,139000,1991,3,1020,,1,0,0,2004-04-05,0.0143237410071942,101.0,231.34571371936417
tour-de-suisse/2000/stage-6,Tour de Suisse,50,,103000,2701,5,895,,1,0,0,2000-06-18,0.0262233009708737,972.0,531.9410025968583
giro-d-italia/2015/stage-4,Giro d'Italia,80,16.0,150000,3050,2,861,,1,0,0,2015-05-12,0.0203333333333333,1200.0,454.5874465289896
vuelta-a-espana/1981/stage-9,Vuelta a España,80,,204000,2228,2,457,,1,0,0,1981-04-30,0.0109215686274509,105.0,100.57656322634284
giro-d-italia/2000/stage-12,Giro d'Italia,80,,184000,1700,2,866,,1,0,0,2000-05-26,0.0092391304347826,294.0,295.1801526852519
tirreno-adriatico/2004/stage-6,Tirreno-Adriatico,50,,185000,2351,1,926,,1,0,0,2004-03-15,0.0127081081081081,0.0,268.7502028360246
tour-de-france/1991/stage-9,Tour de France,100,,161000,1679,1,1933,,1,0,0,1991-07-14,0.0104285714285714,53.0,11.193773785040731
giro-d-italia/1999/stage-3,Giro d'Italia,80,,176000,879,1,1057,,1,0,0,1999-05-17,0.0049943181818181,0.0,43.539123969385955
volta-a-catalunya/2023/stage-1,Volta Ciclista a Catalunya,50,50.0,164600,2091,3,704,14.0,1,0,0,2023-03-20,0.0127035236938031,47.0,220.2703828971733
tour-de-france/2021/stage-10,Tour de France,100,120.0,190700,1488,2,1646,,1,0,0,2021-07-06,0.0078028316727844,47.0,139.5993212190239
paris-roubaix/1998/result,Paris - Roubaix,275,,266000,1676,1,828,,0,0,0,1998-04-12,0.0063007518796992,782.0,308.24658413785073
tour-de-france/2012/stage-5,Tour de France,100,20.0,196500,1250,1,1703,,1,0,0,2012-07-05,0.0063613231552162,0.0,22.62310977901838
vuelta-a-espana/1994/stage-17,Vuelta a España,80,,150400,2228,3,791,,1,0,0,1994-05-11,0.014813829787234,40.5,13.742068419435425
tour-de-france/2022/stage-15,Tour de France,100,120.0,202500,2416,2,1551,36.0,1,0,0,2022-07-17,0.0119308641975308,52.0,493.061226580161
volta-a-catalunya/1998/stage-8,Volta Ciclista a Catalunya,50,,189800,2928,3,859,,1,0,0,1998-06-25,0.0154267650158061,660.0,467.8983343984862
vuelta-a-espana/2012/stage-13,Vuelta a España,80,16.0,172700,2443,1,852,,1,0,0,2012-08-31,0.014145917776491,40.0,277.78431409358876
dauphine/2014/stage-3,Critérium du Dauphiné,50,6.0,194000,2668,2,941,,1,0,0,2014-06-10,0.0137525773195876,0.0,165.7209067074593
vuelta-a-espana/1991/stage-2a,Vuelta a España,80,,134500,667,1,1042,,1,0,0,1991-04-30,0.0049591078066914,0.0,0.0
paris-nice/1986/stage-4a,Paris - Nice,50,,118000,1798,3,746,,1,0,0,1986-03-06,0.0152372881355932,137.0,56.19356428156757
itzulia-basque-country/2012/stage-3,Vuelta Ciclista al País Vasco,50,6.0,152000,3049,4,928,,1,0,0,2012-04-04,0.0200592105263157,353.5,487.6514240548621
world-championship/2022/result,World Championships ME - Road Race,350,600.0,266900,4167,2,1052,,0,0,0,2022-09-25,0.0156125889846384,188.0,218.62445340730147
vuelta-a-espana/1991/stage-15,Vuelta a España,80,,219500,1978,1,1042,,1,0,0,1991-05-13,0.00901138952164,8.0,14.771916727680392
tour-de-france/1997/stage-6,Tour de France,100,,217500,1443,1,1994,,1,0,0,1997-07-11,0.0066344827586206,0.0,55.712362763994726
tour-de-france/2005/stage-18,Tour de France,100,,189000,2947,2,1535,,1,0,0,2005-07-21,0.0155925925925925,1202.0,327.6040128901734
tour-de-suisse/2018/stage-2,Tour de Suisse,50,60.0,155000,1817,2,956,,1,0,0,2018-06-10,0.0117225806451612,122.0,196.56445611240463
tour-de-suisse/2016/stage-6,Tour de Suisse,50,10.0,162800,3763,5,680,,1,0,0,2016-06-16,0.0231142506142506,1141.0,394.5267073437505
giro-d-italia/2019/stage-4,Giro d'Italia,80,100.0,235000,2995,3,896,,1,0,0,2019-05-14,0.0127446808510638,190.0,251.88805720647636
tour-de-france/2000/stage-3,Tour de France,100,,161500,1331,1,1437,,1,0,0,2000-07-03,0.0082414860681114,9.0,16.336239691946467
dauphine/2022/stage-5,Critérium du Dauphiné,50,60.0,162300,1991,2,789,18.0,1,0,0,2022-06-09,0.0122674060382008,0.0,219.38220646035887
volta-a-catalunya/2008/stage-1,Volta Ciclista a Catalunya,50,,167800,1390,1,616,,1,0,0,2008-05-20,0.0082836710369487,0.0,95.57439500347442
san-sebastian/2000/result,Clasica Ciclista San Sebastian,225,,232000,3401,2,1269,,0,0,0,2000-08-12,0.0146594827586206,242.0,317.55135610431154
giro-d-italia/2011/stage-3,Giro d'Italia,80,16.0,173000,2009,2,891,,1,0,0,2011-05-09,0.0116127167630057,21.0,156.95813668443273
paris-nice/2004/stage-7,Paris - Nice,50,,185500,3666,4,989,,1,0,0,2004-03-13,0.0197628032345013,391.0,588.4468994747109
tirreno-adriatico/1999/stage-6,Tirreno-Adriatico,50,,170000,1572,1,1150,,1,0,0,1999-03-15,0.0092470588235294,109.0,165.1731902616216
vuelta-a-espana/2007/stage-5,Vuelta a España,80,,157400,3374,4,995,,1,0,0,2007-09-05,0.0214358322744599,9.0,460.9366387445917
il-lombardia/1980/result,Giro di Lombardia,275,,255000,3565,3,241,,0,0,0,1980-10-18,0.0139803921568627,152.0,298.85554989975066
e3-harelbeke/1991/result,E3-Prijs Harelbeke,125,,203000,1473,1,352,,0,0,0,1991-03-30,0.0072561576354679,1.0,0.2155402687045211
paris-nice/2020/stage-6,Paris - Nice,50,60.0,161500,2895,4,1082,,1,0,0,2020-03-13,0.0179256965944272,736.0,541.3375879970035
tirreno-adriatico/2021/stage-6,Tirreno-Adriatico,50,60.0,169000,1628,1,1108,,1,0,0,2021-03-15,0.0096331360946745,69.0,206.16902393363344
vuelta-a-espana/1982/stage-13,Vuelta a España,80,,195000,3050,3,523,,1,0,0,1982-05-03,0.0156410256410256,801.0,247.23591972041604
tour-de-france/2019/stage-9,Tour de France,100,120.0,170500,2717,2,1699,,1,0,0,2019-07-14,0.0159354838709677,1143.0,302.27290890039797
tour-de-france/1990/stage-20,Tour de France,100,,45500,1097,1,1959,,1,0,0,1990-07-21,0.0241098901098901,402.0,137.07567898813377
tour-de-france/2004/stage-15,Tour de France,70,,180500,4818,3,1555,,1,0,0,2004-07-20,0.0266925207756232,1429.0,723.667597465357
vuelta-a-espana/2011/stage-10,Vuelta a España,80,16.0,47000,414,1,1170,,1,0,0,2011-08-29,0.0088085106382978,358.0,133.67504499522963
giro-d-italia/2012/stage-17,Giro d'Italia,80,16.0,186000,5317,4,886,,1,0,0,2012-05-23,0.0285860215053763,2045.0,773.6683320914394
tour-de-france/2022/stage-21,Tour de France,100,120.0,115600,748,1,1551,32.0,1,0,0,2022-07-24,0.0064705882352941,34.0,75.12230890373789
vuelta-a-espana/2015/stage-18,Vuelta a España,80,16.0,204000,3218,2,1115,,1,0,0,2015-09-10,0.0157745098039215,954.0,493.8628965198805
tirreno-adriatico/2019/stage-2,Tirreno-Adriatico,50,60.0,195000,2168,3,1067,,1,0,0,2019-03-14,0.0111179487179487,204.0,235.70416548356468
tour-de-suisse/1980/stage-3,Tour de Suisse,50,,245000,2957,2,477,,1,0,0,1980-06-13,0.012069387755102,0.0,0.0
paris-nice/2020/stage-5,Paris - Nice,50,60.0,227000,2681,4,1082,,1,0,0,2020-03-12,0.0118105726872246,0.0,205.96019901124373
tour-de-france/1988/stage-6,Tour de France,100,,52000,266,1,1941,,1,0,0,1988-07-08,0.0051153846153846,235.0,122.70998357543948
tour-de-suisse/1991/stage-8,Tour de Suisse,50,,202000,2181,2,796,,1,0,0,1991-06-26,0.0107970297029702,68.0,78.35077819935451
volta-a-catalunya/2015/stage-7,Volta Ciclista a Catalunya,50,6.0,126600,1629,2,817,,1,0,0,2015-03-29,0.012867298578199,108.0,181.1985355133519
giro-d-italia/1994/stage-18,Giro d'Italia,80,,35000,137,1,1292,,1,0,0,1994-06-08,0.0039142857142857,215.0,84.03475158340275
tour-de-suisse/1980/stage-8a,Tour de Suisse,50,,66000,544,1,477,,1,0,0,1980-06-18,0.0082424242424242,0.0,8.801515021101007
il-lombardia/2000/result,Giro di Lombardia,275,,258000,4103,3,1123,,0,0,0,2000-10-21,0.0159031007751937,242.0,302.0037245418594
volta-a-catalunya/2002/stage-7,Volta a Catalunya,50,,115900,1764,3,431,,1,0,0,2002-06-23,0.0152200172562553,190.0,257.4438041305779
giro-d-italia/1996/stage-14,Giro d'Italia,80,,202000,4094,4,1034,,1,0,0,1996-06-01,0.0202673267326732,1252.0,551.3846501805797
tour-de-romandie/1999/prologue,Tour de Romandie,50,,4900,76,3,893,,1,0,0,1999-05-04,0.0155102040816326,21.5,11.82141835797061
giro-d-italia/2000/stage-17,Giro d'Italia,80,,224000,949,2,866,,1,0,0,2000-05-31,0.0042366071428571,24.0,70.4954523222221
il-lombardia/2009/result,Giro di Lombardia,275,,242000,3789,2,865,,0,0,0,2009-10-17,0.0156570247933884,173.0,290.72610784250963
giro-d-italia/1997/stage-16,Giro d'Italia,80,,158000,1946,2,792,,1,0,0,1997-06-02,0.0123164556962025,0.0,0.0
tour-de-suisse/1975/prologue,Tour de Suisse,50,,3700,65,4,549,,1,0,0,1975-06-12,0.0175675675675675,18.0,8.499299691038976
san-sebastian/1996/result,Clasica Ciclista San Sebastian,225,,234000,3449,2,1309,,0,0,0,1996-08-10,0.0147393162393162,208.0,253.9996850391749
paris-nice/1975/stage-2,Paris - Nice,50,,209000,2514,2,951,,1,0,0,1975-03-11,0.0120287081339712,0.0,0.0
giro-d-italia/2006/stage-17,Giro d'Italia,80,,210000,3033,4,997,,1,0,0,2006-05-25,0.0144428571428571,163.0,199.8508322427501
dauphine/2005/stage-7,Critérium du Dauphiné Libéré,30,,128000,2708,4,933,,1,0,0,2005-06-12,0.02115625,338.0,332.4760301595149
tour-de-france/2011/stage-9,Tour de France,100,20.0,208000,3975,2,1713,,1,0,0,2011-07-10,0.0191105769230769,482.0,406.34214998833545
tour-de-suisse/2022/stage-2,Tour de Suisse,50,60.0,198000,2746,2,767,23.0,1,0,0,2022-06-13,0.0138686868686868,48.0,222.2554699326629
tour-de-romandie/1999/stage-4,Tour de Romandie,50,,156800,3232,4,893,,1,0,0,1999-05-08,0.0206122448979591,894.0,469.7595554484875
giro-d-italia/1991/stage-14,Giro d'Italia,80,,231000,1846,1,908,,1,0,0,1991-06-09,0.0079913419913419,115.0,57.45181555974633
tour-de-france/1985/stage-13,Tour de France,100,,31800,746,2,1470,,1,0,0,1985-07-11,0.0234591194968553,252.0,82.51188055643728
tour-de-suisse/1974/stage-9a,Tour de Suisse,50,,137000,1052,1,541,,1,0,0,1974-06-21,0.0076788321167883,3.0,1.224744871391589
vuelta-a-espana/2003/stage-16,Vuelta a España,80,,162000,3368,5,935,,1,0,0,2003-09-21,0.0207901234567901,1254.0,571.8559313287254
vuelta-a-espana/2006/stage-16,Vuelta a España,80,,145000,4567,5,1026,,1,0,0,2006-09-12,0.0314965517241379,905.0,453.3279391429032
tour-de-suisse/1989/stage-5a,Tour de Suisse,50,,78000,1443,4,604,,1,0,0,1989-06-18,0.0185,0.0,0.0
paris-roubaix/1980/result,Paris - Roubaix,275,,264000,1239,1,472,,0,0,0,1980-04-13,0.0046931818181818,638.0,758.1458508643279
vuelta-a-espana/2002/stage-19,Vuelta a España,80,,177800,3005,2,1084,,1,0,0,2002-09-26,0.0169010123734533,797.5,536.1743678624688
vuelta-a-espana/1986/stage-6,Vuelta a España,80,,191000,4000,4,843,,1,0,0,1986-04-28,0.0209424083769633,35.5,29.733071747728246
tour-de-suisse/2003/stage-3,Tour de Suisse,50,,205000,2771,2,660,,1,0,0,2003-06-19,0.0135170731707317,617.0,361.2040358965564
tour-de-france/2011/stage-11,Tour de France,100,20.0,168500,1695,2,1713,,1,0,0,2011-07-13,0.0100593471810089,0.0,129.75111484633516
vuelta-a-espana/2015/stage-16,Vuelta a España,80,16.0,185000,5207,5,1115,,1,0,0,2015-09-07,0.0281459459459459,1745.0,512.6460875681594
liege-bastogne-liege/2009/result,Liège - Bastogne - Liège,275,,261000,4048,3,1179,,0,0,0,2009-04-26,0.0155095785440613,200.0,292.90446831131555
tour-de-france/2011/stage-10,Tour de France,100,20.0,161000,1933,2,1713,,1,0,0,2011-07-12,0.0120062111801242,333.0,182.64261278948064
amstel-gold-race/2023/result,Amstel Gold Race,225,500.0,253600,3290,2,770,,0,0,0,2023-04-16,0.0129731861198738,377.0,208.90082417356916
giro-d-italia/1995/stage-2,Giro d'Italia,80,,19000,258,2,1365,,1,0,0,1995-05-14,0.013578947368421,82.0,28.98529572767979
tour-de-france/1993/stage-1,Tour de France,100,,215000,1859,1,1804,,1,0,0,1993-07-04,0.0086465116279069,0.0,0.0
paris-nice/2002/stage-2,Paris - Nice,50,,170000,2131,2,883,,1,0,0,2002-03-12,0.012535294117647,0.0,178.9254310102488
dauphine/2022/stage-8,Critérium du Dauphiné,50,60.0,138800,3782,5,789,26.0,1,0,0,2022-06-12,0.0272478386167146,900.0,467.81098788623666
paris-nice/1999/stage-1,Paris - Nice,50,,184700,2790,3,792,,1,0,0,1999-03-08,0.01510557661072,112.0,429.5954432989551
tour-de-france/1986/stage-6,Tour de France,100,,200000,1857,3,1872,,1,0,0,1986-07-09,0.009285,56.0,8.416965114339927
vuelta-a-espana/1994/stage-4,Vuelta a España,80,,235600,894,1,791,,1,0,0,1994-04-28,0.0037945670628183,0.0,130.90558650971724
paris-nice/2014/stage-8,Paris - Nice,50,6.0,128000,2406,2,971,,1,0,0,2014-03-16,0.018796875,452.0,337.5869376424746
itzulia-basque-country/2007/stage-1,Vuelta al País Vasco,50,,139000,2574,4,1002,,1,0,0,2007-04-09,0.0185179856115107,432.0,344.3149741276673
vuelta-a-espana/1980/stage-13,Vuelta a España,80,,195000,2890,3,520,,1,0,0,1980-05-05,0.0148205128205128,278.5,219.11376028695673
vuelta-a-espana/2016/stage-21,Vuelta a España,80,100.0,104100,847,1,821,,1,0,0,2016-09-11,0.0081364073006724,25.0,53.744746078778405
tour-de-suisse/1982/stage-1,Tour de Suisse,50,,184000,717,1,657,,1,0,0,1982-06-17,0.0038967391304347,0.0,0.0
paris-nice/1998/stage-1,Paris - Nice,50,,170200,2144,2,960,,1,0,0,1998-03-09,0.0125969447708578,45.0,190.32413973445856
e3-harelbeke/1987/result,E3-Prijs Harelbeke,125,,225000,1525,1,232,,0,0,0,1987-03-28,0.0067777777777777,150.0,44.76552670250156
paris-nice/1976/stage-5,Paris - Nice,50,,188000,1945,1,779,,1,0,0,1976-03-12,0.010345744680851,22.0,4.919349550499537
giro-d-italia/2017/stage-10,Giro d'Italia,80,100.0,39800,505,2,881,,1,0,0,2017-05-16,0.0126884422110552,394.0,146.87236255149895
giro-d-italia/2013/stage-7,Giro d'Italia,80,16.0,177000,3115,2,930,,1,0,0,2013-05-10,0.0175988700564971,667.0,474.75634431536776
paris-nice/1997/stage-5,Paris - Nice,50,,182000,2593,3,779,,1,0,0,1997-03-14,0.0142472527472527,78.0,326.1697118478603
itzulia-basque-country/2006/stage-5,Vuelta al País Vasco,50,,178000,2607,3,842,,1,0,0,2006-04-07,0.0146460674157303,216.0,295.53043518928325
amstel-gold-race/2014/result,Amstel Gold Race,225,,251400,3495,2,1140,,0,0,0,2014-04-20,0.0139021479713603,136.0,301.3921612109339
tour-de-suisse/1980/stage-1,Tour de Suisse,50,,202500,2409,2,477,,1,0,0,1980-06-11,0.0118962962962962,0.0,0.0
giro-d-italia/1991/stage-8,Giro d'Italia,80,,163000,2185,2,908,,1,0,0,1991-06-03,0.0134049079754601,2.0,0.8432740427115678
tour-de-suisse/1985/stage-2,Tour de Suisse,50,,146500,1176,1,699,,1,0,0,1985-06-12,0.0080273037542662,59.0,19.32873508535931
dwars-door-vlaanderen/1997/result,Dwars door België / À travers la Belgique,75,,203000,4476,4,191,,0,0,0,1997-03-24,0.0220492610837438,125.0,91.48998123656308
dauphine/2017/stage-1,Critérium du Dauphiné,50,60.0,170000,3011,2,1024,,1,0,0,2017-06-04,0.0177117647058823,347.0,335.55881990074687
giro-d-italia/1995/stage-18,Giro d'Italia,80,,221000,865,1,1365,,1,0,0,1995-05-31,0.0039140271493212,71.0,29.936228516260655
tour-de-france/2012/stage-19,Tour de France,100,20.0,53500,249,1,1703,,1,0,0,2012-07-21,0.0046542056074766,391.0,131.73303499356578
tour-de-france/2010/stage-4,Tour de France,100,20.0,153500,1107,1,1685,,1,0,0,2010-07-07,0.0072117263843648,0.0,30.82289731392738
dauphine/1991/stage-1,Critérium du Dauphiné Libéré,50,,153000,1626,2,830,,1,0,0,1991-06-04,0.0106274509803921,1.0,0.5477225575051661
e3-harelbeke/1977/result,E3-Prijs Harelbeke,125,,233000,1447,1,492,,0,0,0,1977-03-26,0.0062103004291845,128.0,25.10286529768755
giro-d-italia/1990/stage-4b,Giro d'Italia,80,,164000,1404,1,1061,,1,0,0,1990-05-21,0.008560975609756,1.0,0.4216370213557839
dauphine/2009/stage-6,Critérium du Dauphiné Libéré,50,,106000,2345,4,708,,1,0,0,2009-06-12,0.0221226415094339,436.0,372.84530570441086
tour-de-france/2001/stage-14,Tour de France,100,,141500,5174,5,1496,,1,0,0,2001-07-22,0.0365653710247349,1302.0,589.8874486876335
giro-d-italia/2018/stage-20,Giro d'Italia,80,100.0,214000,4254,5,838,,1,0,0,2018-05-26,0.0198785046728971,2732.0,925.1443660001582
giro-d-italia/2020/stage-15,Giro d'Italia,80,100.0,185000,4515,5,765,,1,0,0,2020-10-18,0.0244054054054054,1567.0,912.6631673288408
itzulia-basque-country/2015/stage-2,Vuelta Ciclista al País Vasco,50,6.0,175400,3064,2,970,,1,0,0,2015-04-07,0.0174686431014823,0.0,188.75644799533345
tour-de-france/1999/stage-7,Tour de France,100,,227000,2347,1,1255,,1,0,0,1999-07-10,0.0103392070484581,0.0,4.811234799463284
tour-de-suisse/2011/stage-3,Tour de Suisse,50,6.0,107600,2719,5,972,,1,0,0,2011-06-13,0.0252695167286245,855.0,445.3288394336308
tour-de-suisse/1982/stage-4b,Tour de Suisse,50,,7000,36,1,657,,1,0,0,1982-06-20,0.0051428571428571,18.0,10.856385729657504
tour-de-france/1999/stage-14,Tour de France,100,,189000,2514,1,1255,,1,0,0,1999-07-18,0.0133015873015873,807.0,159.53166279732244
tirreno-adriatico/2008/stage-5,Tirreno-Adriatico,50,,26000,273,1,1136,,1,0,0,2008-03-16,0.0105,234.0,88.19442847634697
tour-de-suisse/2012/stage-8,Tour de Suisse,50,6.0,215800,4434,4,917,,1,0,0,2012-06-17,0.0205468025949953,1028.0,545.630005861759
dauphine/2003/stage-2,Critérium du Dauphiné Libéré,50,,195000,1067,1,572,,1,0,0,2003-06-10,0.0054717948717948,0.0,83.39736586632705
itzulia-basque-country/2001/stage-5a,Vuelta al País Vasco,50,,105000,1635,3,898,,1,0,0,2001-04-13,0.0155714285714285,0.0,0.0
tour-de-suisse/1991/stage-1,Tour de Suisse,50,,190000,2219,2,796,,1,0,0,1991-06-19,0.011678947368421,3.0,1.224744871391589
tour-de-suisse/2001/stage-8,Tour de Suisse,50,402.0,166800,2954,4,873,,1,0,0,2001-06-27,0.0177098321342925,0.0,13.184780247440324
tour-de-france/2013/stage-20,Tour de France,100,20.0,125000,3909,5,1690,,1,0,0,2013-07-20,0.031272,1106.0,475.8201459713717
tour-de-suisse/2017/stage-3,Tour de Suisse,50,60.0,159300,1618,3,855,,1,0,0,2017-06-12,0.0101569365976145,74.0,127.50369763567662
tour-de-romandie/1997/stage-1,Tour de Romandie,50,,167800,2448,3,922,,1,0,0,1997-05-07,0.0145887961859356,8.0,2.808151400069854
il-lombardia/2004/result,Giro di Lombardia,275,,246000,4417,4,872,,0,0,0,2004-10-16,0.0179552845528455,100.0,243.39436729880765
paris-nice/2009/stage-2,Paris - Nice,30,,195500,2530,1,796,,1,0,0,2009-03-09,0.0129411764705882,0.0,104.90654248215886
vuelta-a-espana/1995/stage-1,Vuelta a España,80,,186600,1251,1,883,,1,0,0,1995-09-03,0.0067041800643086,0.0,0.0
dauphine/1993/stage-2,Critérium du Dauphiné Libéré,50,,162000,3105,4,386,,1,0,0,1993-06-02,0.0191666666666666,8.0,8.508818954473059
tirreno-adriatico/1991/stage-3,Tirreno-Adriatico,50,,169200,2107,2,710,,1,0,0,1991-03-15,0.0124527186761229,0.0,0.0
tour-de-romandie/1999/stage-3b,Tour de Romandie,50,,18500,351,4,893,,1,0,0,1999-05-07,0.0189729729729729,145.0,60.1384333941583
tour-de-france/2007/stage-8,Tour de France,100,,165000,4933,5,1612,,1,0,0,2007-07-15,0.0298969696969696,1751.0,809.292081792004
giro-d-italia/1992/stage-5,Giro d'Italia,80,,223000,940,1,953,,1,0,0,1992-05-29,0.0042152466367713,8.0,3.3730961708462712
dauphine/2017/stage-5,Critérium du Dauphiné,50,60.0,175000,2319,2,1024,,1,0,0,2017-06-08,0.0132514285714285,0.0,74.95660567671578
paris-nice/1991/stage-7,Paris - Nice,50,,12000,205,4,832,,1,0,0,1991-03-17,0.0170833333333333,224.0,118.32700059482384
dauphine/1984/prologue,Critérium du Dauphiné Libéré,50,,3300,54,3,529,,1,0,0,1984-05-28,0.0163636363636363,9.0,3.294945624235196
tirreno-adriatico/2014/stage-3,Tirreno-Adriatico,50,6.0,210000,1950,3,1269,,1,0,0,2014-03-14,0.0092857142857142,39.0,119.0460728552618
vuelta-a-espana/2016/stage-8,Vuelta a España,80,100.0,181500,1279,5,821,,1,0,0,2016-08-27,0.0070468319559228,735.0,285.81388913269535
tour-de-france/1994/stage-17,Tour de France,100,,149000,5500,5,1731,,1,0,0,1994-07-20,0.0369127516778523,1554.0,538.1054299245508
vuelta-a-espana/1990/stage-6,Vuelta a España,80,,195200,3500,4,807,,1,0,0,1990-04-29,0.0179303278688524,65.0,20.36227448548473
tirreno-adriatico/2009/stage-2,Tirreno-Adriatico,50,,177000,1619,1,1206,,1,0,0,2009-03-12,0.0091468926553672,128.0,227.10048187086565
volta-a-catalunya/2019/stage-3,Volta Ciclista a Catalunya,50,50.0,179000,3899,5,918,,1,0,0,2019-03-27,0.0217821229050279,663.0,570.831308693237
dauphine/1975/stage-6,Critérium du Dauphiné Libéré,50,,185000,2712,3,889,,1,0,0,1975-06-08,0.0146594594594594,119.0,178.7414757450412
tour-de-suisse/1984/stage-1,Tour de Suisse,50,,186500,762,1,646,,1,0,0,1984-06-14,0.0040857908847184,0.0,7.601900347208511
dauphine/1994/stage-7,Critérium du Dauphiné Libéré,50,,157000,2830,4,362,,1,0,0,1994-06-06,0.0180254777070063,118.0,37.31487638998687
la-fleche-wallone/1971/result,La Flèche Wallonne,225,,225000,3039,2,661,,0,0,0,1971-04-22,0.0135066666666666,1385.0,460.32456047922545
dauphine/2018/stage-5,Critérium du Dauphiné,50,60.0,130000,2635,5,762,,1,0,0,2018-06-08,0.0202692307692307,708.0,369.82863368118177
ronde-van-vlaanderen/2008/result,Ronde van Vlaanderen / Tour des Flandres ME,275,,264000,3219,2,964,,0,0,0,2008-04-06,0.0121931818181818,554.0,433.2047436247552
itzulia-basque-country/2018/stage-4,Itzulia Basque Country,50,50.0,19400,63,1,824,,1,0,0,2018-04-05,0.0032474226804123,123.0,54.58077322069674
tour-de-france/2013/stage-2,Tour de France,100,20.0,156000,2373,4,1690,,1,0,0,2013-06-30,0.0152115384615384,247.0,467.0661255387733
tirreno-adriatico/2020/stage-4,Tirreno-Adriatico,50,60.0,194000,3285,4,687,,1,0,0,2020-09-10,0.0169329896907216,1041.5,515.984496740195
giro-d-italia/2012/stage-16,Giro d'Italia,80,16.0,173000,2579,2,886,,1,0,0,2012-05-22,0.014907514450867,728.0,181.71602088157655
omloop-het-nieuwsblad/2006/result,Omloop Het Volk,125,,202000,1577,2,542,,0,0,0,2006-02-25,0.0078069306930693,460.0,149.77391266969016
vuelta-a-espana/1983/prologue,Vuelta a España,80,,6800,65,1,705,,1,0,0,1983-04-19,0.0095588235294117,28.5,20.450729161385013
amstel-gold-race/2011/result,Amstel Gold Race,225,,261000,3461,2,1086,,0,0,0,2011-04-17,0.0132605363984674,259.0,245.2022526793084
tour-de-romandie/1973/stage-4b,Tour de Romandie,50,,27000,636,5,352,,1,0,0,1973-05-12,0.0235555555555555,35.0,26.601796096420927
vuelta-a-espana/2002/stage-5,Vuelta a España,80,,198000,4874,5,1084,,1,0,0,2002-09-11,0.0246161616161616,964.0,569.8314029681213
tour-de-suisse/1986/stage-5,Tour de Suisse,50,,24000,198,1,835,,1,0,0,1986-06-15,0.00825,99.0,54.048846220597326
tour-de-suisse/1989/stage-4,Tour de Suisse,50,,166500,932,1,604,,1,0,0,1989-06-17,0.0055975975975975,28.5,33.942598604113975
tour-de-france/2015/stage-13,Tour de France,100,20.0,198500,2299,2,1812,,1,0,0,2015-07-17,0.0115818639798488,240.0,337.76923458069456
vuelta-a-espana/2017/stage-2,Vuelta a España,80,100.0,203400,588,1,899,,1,0,0,2017-08-20,0.0028908554572271,13.0,123.64787354469284
tour-de-suisse/2016/stage-3,Tour de Suisse,50,60.0,192600,2129,2,680,,1,0,0,2016-06-13,0.0110539979231568,180.0,284.54800372848973
tour-de-suisse/2010/stage-1,Tour de Suisse,50,6.0,167500,1466,1,1198,,1,0,0,2010-06-13,0.0087522388059701,115.0,226.02734497313375
tour-de-suisse/1971/stage-6,Tour de Suisse,50,,196000,4513,5,302,,1,0,0,1971-06-16,0.0230255102040816,0.0,0.0
paris-nice/2009/stage-6,Paris - Nice,30,,182500,2588,5,796,,1,0,0,2009-03-13,0.0141808219178082,814.0,415.2521970246167
giro-d-italia/1990/stage-19,Giro d'Italia,80,,39000,240,1,1061,,1,0,0,1990-06-05,0.0061538461538461,128.5,43.44371140459872
itzulia-basque-country/2003/stage-4,Vuelta al País Vasco,50,,171000,2031,2,910,,1,0,0,2003-04-10,0.0118771929824561,114.0,213.69940871844443
tour-de-france/1982/stage-12,Tour de France,100,,249000,4000,4,1492,,1,0,0,1982-07-15,0.0160642570281124,715.0,441.214486970013
il-lombardia/1998/result,Giro di Lombardia,275,,253000,2077,1,502,,0,0,0,1998-10-17,0.0082094861660079,721.0,308.2222988072045
world-championship/2011/result,World Championships ME - Road Race,350,,266000,1925,1,1319,,0,0,0,2011-09-25,0.0072368421052631,19.0,251.5235423129659
il-lombardia/2016/result,Il Lombardia,275,500.0,240000,5236,4,1191,,0,0,0,2016-10-01,0.0218166666666666,490.0,371.2929352752497
volta-a-catalunya/1984/stage-7b,Volta Ciclista a Catalunya,50,,116000,2392,4,319,,1,0,0,1984-09-12,0.0206206896551724,15.0,4.744341042739714
paris-nice/1983/stage-2,Paris - Nice,50,,212000,2564,2,658,,1,0,0,1983-03-11,0.0120943396226415,0.0,0.0
world-championship/2017/result,World Championships ME - Road Race,350,600.0,267500,2803,2,1327,,0,0,0,2017-09-24,0.0104785046728971,152.0,227.66082259976076
vuelta-a-espana/2007/stage-17,Vuelta a España,80,,175000,1116,1,995,,1,0,0,2007-09-19,0.0063771428571428,0.0,12.89218665786344
tour-de-france/1983/stage-20,Tour de France,100,,291000,3000,2,1269,,1,0,0,1983-07-22,0.0103092783505154,561.0,69.5542269823918
giro-d-italia/1998/stage-10,Giro d'Italia,80,,212000,1735,1,923,,1,0,0,1998-05-26,0.0081839622641509,0.0,211.21859490275548
vuelta-a-espana/2004/stage-13,Vuelta a España,80,,172000,1804,1,1177,,1,0,0,2004-09-17,0.0104883720930232,0.0,7.48600331489436
tour-de-france/1999/stage-12,Tour de France,100,,197000,4243,3,1255,,1,0,0,1999-07-16,0.0215380710659898,801.0,377.01424911667306
e3-harelbeke/1971/result,E3-Prijs Harelbeke,125,,235000,1525,1,474,,0,0,0,1971-03-27,0.0064893617021276,48.0,106.20668282704337
itzulia-basque-country/2006/stage-2,Vuelta al País Vasco,50,,155000,2583,3,842,,1,0,0,2006-04-04,0.0166645161290322,660.0,412.70297276689
vuelta-a-espana/1992/stage-6,Vuelta a España,80,,202800,727,1,1033,,1,0,0,1992-05-02,0.0035848126232741,51.0,16.127616066858735
tour-de-france/1983/stage-10,Tour de France,100,,201000,5500,4,1269,,1,0,0,1983-07-11,0.0273631840796019,1479.0,809.0701436403907
tour-de-france/1978/stage-10,Tour de France,100,,192000,3500,2,1241,,1,0,0,1978-07-10,0.0182291666666666,319.0,332.48176681098647
volta-a-catalunya/2022/stage-7,Volta Ciclista a Catalunya,50,50.0,138600,2121,2,722,17.0,1,0,0,2022-03-27,0.0153030303030303,280.0,183.78367516934375
tour-de-suisse/1992/stage-3,Tour de Suisse,50,,166000,476,1,533,,1,0,0,1992-06-19,0.002867469879518,0.0,0.0
vuelta-a-espana/2019/stage-8,La Vuelta ciclista a España,80,100.0,166900,2291,2,798,,1,0,0,2019-08-31,0.0137267825044937,564.0,284.32977866837126
tour-de-suisse/2001/stage-3,Tour de Suisse,50,,144000,2373,3,873,,1,0,0,2001-06-22,0.0164791666666666,466.0,204.3913939482174
tour-de-france/1981/stage-8,Tour de France,100,,182000,1267,1,1362,,1,0,0,1981-07-03,0.0069615384615384,0.0,62.576325043411565
vuelta-a-espana/2002/stage-7,Vuelta a España,80,,196800,2014,1,1084,,1,0,0,2002-09-13,0.0102337398373983,0.0,91.22551340469012
tirreno-adriatico/2002/stage-6,Tirreno-Adriatico,50,,208000,3042,3,1056,,1,0,0,2002-03-19,0.014625,298.0,406.8120082493459
volta-a-catalunya/1989/stage-6a,Volta Ciclista a Catalunya,50,,122000,1296,2,552,,1,0,0,1989-09-07,0.0106229508196721,0.0,0.0
vuelta-a-espana/1996/stage-7,Vuelta a España,80,,171000,2093,2,988,,1,0,0,1996-09-13,0.0122397660818713,0.0,411.45879900607446
vuelta-a-espana/2005/stage-6,Vuelta a España,80,,217000,3559,5,960,,1,0,0,2005-09-01,0.0164009216589861,705.0,491.42946035652824
tour-de-france/2010/stage-19,Tour de France,100,20.0,52000,167,1,1685,,1,0,0,2010-07-24,0.0032115384615384,450.0,130.50277771324485
dauphine/2008/prologue,Critérium du Dauphiné Libéré,50,,5600,38,1,644,,1,0,0,2008-06-08,0.0067857142857142,28.0,9.690949079245945
giro-d-italia/1992/stage-13,Giro d'Italia,80,,205000,2588,2,953,,1,0,0,1992-06-06,0.0126243902439024,265.0,85.282862678657
giro-d-italia/1999/stage-21,Giro d'Italia,80,,190000,3241,4,1057,,1,0,0,1999-06-05,0.0170578947368421,1530.0,445.6148324904954
tour-de-france/1996/stage-6,Tour de France,100,,207000,1182,2,1872,,1,0,0,1996-07-05,0.0057101449275362,227.0,389.5786758638649
milano-sanremo/1992/result,Milano-Sanremo,275,,294000,2830,1,1723,,0,0,0,1992-03-21,0.009625850340136,435.0,249.9476547647949
paris-nice/1999/stage-3,Paris - Nice,50,,204800,2594,2,792,,1,0,0,1999-03-10,0.012666015625,15.0,181.37218555868975
tour-de-france/1981/stage-7,Tour de France,100,,227000,1731,1,1362,,1,0,0,1981-07-02,0.0076255506607929,0.0,42.03591786561342
vuelta-a-espana/1991/stage-13,Vuelta a España,80,,219000,1013,1,1042,,1,0,0,1991-05-11,0.0046255707762557,0.0,0.0
tour-de-france/2013/stage-11,Tour de France,100,20.0,33000,283,1,1690,,1,0,0,2013-07-10,0.0085757575757575,256.0,77.50964323153698
dwars-door-vlaanderen/1978/result,Dwars door België / À travers la Belgique,75,,198000,4455,5,115,,0,0,0,1978-04-02,0.0225,0.0,65.82822810142517
tour-de-suisse/2002/stage-2,Tour de Suisse,50,,191000,2440,2,673,,1,0,0,2002-06-20,0.0127748691099476,0.0,225.10462922202032
giro-d-italia/2022/stage-19,Giro d'Italia,80,100.0,178000,3489,5,817,27.0,1,0,0,2022-05-27,0.0196011235955056,1460.0,671.5425934775741
tour-de-romandie/2000/stage-3b,Tour de Romandie,50,,24200,185,1,764,,1,0,0,2000-05-05,0.0076446280991735,162.5,68.43867196788881
paris-nice/1976/prologue,Paris - Nice,50,,6500,84,2,779,,1,0,0,1976-03-07,0.0129230769230769,16.0,8.01308453777469
volta-a-catalunya/2003/stage-6,Volta a Catalunya,50,,13100,466,5,515,,1,0,0,2003-06-21,0.0355725190839694,170.0,62.74752839044304
tour-de-france/1986/stage-23,Tour de France,100,,246500,2011,1,1872,,1,0,0,1986-07-27,0.0081582150101419,0.0,0.0
giro-d-italia/1996/stage-9,Giro d'Italia,80,,184000,2212,2,1034,,1,0,0,1996-05-27,0.0120217391304347,58.0,278.5898481558733
tour-de-france/2015/stage-19,Tour de France,100,20.0,138000,4545,5,1812,,1,0,0,2015-07-24,0.0329347826086956,1716.0,526.5098407640486
volta-a-catalunya/1999/stage-1,Volta Ciclista a Catalunya,50,,161200,2184,2,804,,1,0,0,1999-06-18,0.0135483870967741,0.0,181.89144272823324
tour-de-suisse/1978/stage-3,Tour de Suisse,50,,162000,2535,3,691,,1,0,0,1978-06-17,0.0156481481481481,0.0,0.0
omloop-het-nieuwsblad/1994/result,Omloop Het Volk,125,,200000,1646,1,621,,0,0,0,1994-02-26,0.00823,550.0,246.0483952693967
giro-d-italia/1993/stage-19,Giro d'Italia,80,,55000,162,1,1089,,1,0,0,1993-06-11,0.0029454545454545,235.0,104.6899276548654
il-lombardia/2012/result,Il Lombardia,275,,251000,4576,2,1150,,0,0,0,2012-09-29,0.0182310756972111,100.0,283.02137037095395
tour-de-suisse/2008/stage-2,Tour de Suisse,50,,197400,2935,3,1041,,1,0,0,2008-06-15,0.0148682877406281,573.0,303.2601608972973
tour-de-romandie/2018/stage-5,Tour de Romandie,50,60.0,181800,1980,2,566,,1,0,0,2018-04-29,0.0108910891089108,0.0,4.339731250519169
tour-de-romandie/1988/stage-5b,Tour de Romandie,50,,90000,1732,4,439,,1,0,0,1988-05-14,0.0192444444444444,34.0,25.459772190654025
tour-de-suisse/2004/stage-3,Tour de Suisse,50,,185000,1564,1,676,,1,0,0,2004-06-14,0.008454054054054,386.0,148.68845934813933
dauphine/2007/stage-5,Critérium du Dauphiné Libéré,50,,195000,2440,2,816,,1,0,0,2007-06-15,0.0125128205128205,207.0,375.0479593040079
tour-de-romandie/2001/stage-4,Tour de Romandie,50,,171500,2540,3,597,,1,0,0,2001-05-12,0.0148104956268221,411.0,338.09700831684296
itzulia-basque-country/1998/stage-2,Vuelta Ciclista al País Vasco,50,,239000,2701,2,982,,1,0,0,1998-04-07,0.0113012552301255,2.0,363.3878781687689
paris-nice/2018/stage-7,Paris - Nice,50,60.0,175000,4044,5,936,,1,0,0,2018-03-10,0.0231085714285714,1082.0,622.3361414171869
tour-de-suisse/2012/prologue,Tour de Suisse,50,6.0,7300,134,4,917,,1,0,0,2012-06-09,0.0183561643835616,49.0,19.017320256152463
paris-nice/1987/stage-7b,Paris - Nice,50,,10000,230,5,1164,,1,0,0,1987-03-15,0.023,139.5,49.65323431722167
uae-tour/2020/stage-2,UAE Tour,50,40.0,168000,2770,2,747,,1,0,0,2020-02-24,0.0164880952380952,73.0,144.77451890594307
uae-tour/2019/stage-5,UAE Tour,50,40.0,181000,1223,2,751,,1,0,0,2019-02-28,0.006756906077348,0.0,44.62120406098262
paris-roubaix/1970/result,Paris - Roubaix,275,,266000,1317,1,661,,0,0,0,1970-04-12,0.0049511278195488,791.0,366.40028743837064
paris-nice/1995/stage-8a,Paris - Nice,50,,91400,1339,3,861,,1,0,0,1995-03-12,0.0146498905908096,0.0,0.0
paris-nice/2013/stage-3,Paris - Nice,50,6.0,170500,1658,1,917,,1,0,0,2013-03-06,0.009724340175953,178.0,227.38627320350565
paris-nice/2021/stage-2,Paris - Nice,50,60.0,188000,1057,1,1044,,1,0,0,2021-03-08,0.0056223404255319,0.0,49.213116316791634
tour-de-suisse/1980/stage-10b,Tour de Suisse,50,,85000,1666,4,477,,1,0,0,1980-06-20,0.0196,0.0,0.0
world-championship/1999/result,World Championships - Road Race,350,,260000,3857,3,1355,,0,0,0,1999-10-10,0.0148346153846153,86.0,344.3488457233746
tour-de-suisse/1986/stage-7,Tour de Suisse,50,,142000,1154,1,835,,1,0,0,1986-06-17,0.0081267605633802,0.0,34.15259872981849
giro-d-italia/2006/stage-5,Giro d'Italia,80,,227000,329,1,997,,1,0,0,2006-05-12,0.0014493392070484,0.0,21.45627180432175
paris-nice/1970/stage-7b,Paris - Nice,50,,78000,938,2,1121,,1,0,0,1970-03-15,0.012025641025641,0.0,0.0
tour-de-suisse/1990/stage-7,Tour de Suisse,50,,194500,2504,2,767,,1,0,0,1990-06-18,0.0128740359897172,0.0,40.00833246545858
vuelta-a-espana/2001/stage-16,Vuelta a España,80,,153300,1118,2,971,,1,0,0,2001-09-25,0.0072928897586431,332.0,259.1334729935458
tour-de-france/2000/stage-13,Tour de France,100,,185500,2270,1,1437,,1,0,0,2000-07-14,0.0122371967654986,606.0,135.69884997528666
tour-de-suisse/2017/stage-5,Tour de Suisse,50,60.0,222000,3399,4,855,,1,0,0,2017-06-14,0.0153108108108108,22.0,357.6742417520532
vuelta-a-espana/1996/stage-19,Vuelta a España,80,,217100,3307,3,988,,1,0,0,1996-09-26,0.0152326116996775,1639.0,749.0387984844944
e3-harelbeke/1990/result,E3-Prijs Harelbeke,125,,201000,1450,1,445,,0,0,0,1990-03-24,0.0072139303482587,146.0,60.248858063528345
san-sebastian/1995/result,Clasica Ciclista San Sebastian,225,,234000,3449,2,1346,,0,0,0,1995-08-12,0.0147393162393162,341.0,261.9959018078385
giro-d-italia/2001/stage-3,Giro d'Italia,80,,149000,1965,2,920,,1,0,0,2001-05-22,0.0131879194630872,0.0,139.17104487228983
tour-de-france/1979/stage-10,Tour de France,100,,124000,1131,2,1381,,1,0,0,1979-07-07,0.0091209677419354,573.0,108.6300889514912
tour-de-romandie/1984/prologue,Tour de Romandie,50,,6250,48,1,491,,1,0,0,1984-05-08,0.00768,12.0,3.905124837953327
world-championship/2000/result,World Championships ME - Road Race,350,,268900,3351,2,1306,,0,0,0,2000-10-15,0.0124618817404239,500.0,351.5543955553944
tour-de-suisse/2018/stage-9,Tour de Suisse,50,60.0,34000,252,1,956,,1,0,0,2018-06-17,0.0074117647058823,182.0,110.77424929363924
la-fleche-wallone/2006/result,La Flèche Wallonne,225,,202000,2852,3,1098,,0,0,0,2006-04-19,0.0141188118811881,147.0,241.60077846349836
giro-d-italia/2001/stage-19,Giro d'Italia,80,,163000,518,1,920,,1,0,0,2001-06-08,0.0031779141104294,21.0,36.37902047470613
dauphine/2023/stage-3,Critérium du Dauphiné,50,60.0,194100,2089,2,781,24.0,1,0,0,2023-06-06,0.0107624935600206,0.0,39.776753037671874
paris-nice/1999/stage-6,Paris - Nice,50,,198700,3654,4,792,,1,0,0,1999-03-13,0.0183895319577252,748.0,655.9267967225462
tour-de-france/1997/stage-10,Tour de France,100,,252500,6000,5,1994,,1,0,0,1997-07-15,0.0237623762376237,2208.0,898.8854894894154
tour-de-france/2003/stage-15,Tour de France,70,,159500,4500,5,1688,,1,0,0,2003-07-21,0.0282131661442006,1517.5,703.5496589721446
giro-d-italia/2016/stage-4,Giro d'Italia,80,100.0,200000,2418,2,933,,1,0,0,2016-05-10,0.01209,318.0,334.5933614251012
dwars-door-vlaanderen/2017/result,Dwars door Vlaanderen / A travers la Flandre ME,225,300.0,203400,1432,2,656,,0,0,0,2017-03-22,0.0070403146509341,122.0,162.46054808262377
giro-d-italia/2002/stage-20,Giro d'Italia,80,,142000,419,1,920,,1,0,0,2002-06-02,0.0029507042253521,17.0,24.78711414725863
liege-bastogne-liege/1984/result,Liège - Bastogne - Liège,275,,246700,1537,1,742,,0,0,0,1984-04-15,0.0062302391568706,682.0,298.01844114894925
tour-de-suisse/2010/stage-6,Tour de Suisse,50,6.0,204100,1455,1,1198,,1,0,0,2010-06-18,0.0071288584027437,300.0,53.91511803538442
uae-tour/2019/stage-6,UAE Tour,50,40.0,180000,1827,5,751,,1,0,0,2019-03-01,0.01015,589.0,478.96617664422615
tour-de-romandie/2000/stage-1,Tour de Romandie,50,,224300,3621,3,764,,1,0,0,2000-05-03,0.0161435577351761,0.0,0.0
vuelta-a-espana/2005/stage-3,Vuelta a España,80,,153300,2029,1,960,,1,0,0,2005-08-29,0.013235485975212,0.0,63.375043673030035
uae-tour/2022/stage-6,UAE Tour,50,40.0,180000,388,1,621,,1,0,0,2022-02-25,0.0021555555555555,15.0,63.083531923949856
dauphine/2012/stage-4,Critérium du Dauphiné,50,6.0,53500,399,1,1117,,1,0,0,2012-06-07,0.0074579439252336,377.0,160.56545176283336
tour-de-france/1986/stage-4,Tour de France,100,,243000,2270,1,1872,,1,0,0,1986-07-07,0.0093415637860082,2.0,46.00271515622362
tirreno-adriatico/1988/stage-6b,Tirreno-Adriatico,50,,18300,117,1,724,,1,0,0,1988-03-16,0.0063934426229508,28.0,14.089469752078566
giro-d-italia/2011/stage-20,Giro d'Italia,80,16.0,242000,3512,5,891,,1,0,0,2011-05-28,0.0145123966942148,1970.0,871.9778783326674
tour-de-suisse/2022/stage-7,Tour de Suisse,50,60.0,194600,3881,5,767,28.0,1,0,0,2022-06-18,0.0199434737923946,771.0,572.2118216422659
tour-de-france/1978/stage-15,Tour de France,100,,196000,4761,4,1241,,1,0,0,1978-07-15,0.0242908163265306,235.0,267.1516362058124
paris-nice/2019/stage-8,Paris - Nice,50,60.0,110000,2165,4,1099,,1,0,0,2019-03-17,0.0196818181818181,722.0,382.15721007910287
giro-d-italia/2005/stage-3,Giro d'Italia,80,,210000,2462,2,929,,1,0,0,2005-05-10,0.0117238095238095,62.0,173.16831229523532
vuelta-a-espana/1995/stage-15,Vuelta a España,80,,154000,3099,4,883,,1,0,0,1995-09-17,0.0201233766233766,24.0,10.144469252270245
tour-de-romandie/1999/stage-1,Tour de Romandie,50,,165400,2468,3,893,,1,0,0,1999-05-05,0.0149214026602176,351.0,305.8775450695979
paris-nice/2011/stage-3,Paris - Nice,50,6.0,202500,1954,1,1038,,1,0,0,2011-03-08,0.0096493827160493,0.0,116.20945913274366
tour-de-romandie/2006/stage-5,Tour de Romandie,50,,20400,190,1,772,,1,0,0,2006-04-30,0.009313725490196,140.0,60.5219848010432
vuelta-a-espana/2006/stage-7,Vuelta a España,80,,154000,2583,5,1026,,1,0,0,2006-09-01,0.0167727272727272,982.0,496.8934094388543
tirreno-adriatico/2018/stage-4,Tirreno-Adriatico,50,60.0,219000,4704,5,1196,,1,0,0,2018-03-10,0.0214794520547945,846.0,455.63128801565006
tour-de-france/1980/stage-21,Tour de France,100,,207000,1648,1,1224,,1,0,0,1980-07-19,0.0079613526570048,0.0,23.597001661121222
vuelta-a-espana/1988/stage-1,Vuelta a España,80,,17400,297,4,828,,1,0,0,1988-04-25,0.0170689655172413,0.0,0.0
tour-de-suisse/1983/stage-8,Tour de Suisse,50,,206500,2740,2,809,,1,0,0,1983-06-22,0.0132687651331719,0.0,0.0
tour-de-france/1999/stage-2,Tour de France,100,,176000,936,1,1255,,1,0,0,1999-07-05,0.0053181818181818,363.0,436.6448832963528
tour-de-suisse/1989/stage-7,Tour de Suisse,50,,208500,1875,1,604,,1,0,0,1989-06-20,0.0089928057553956,18.0,8.252272414311102
milano-sanremo/2014/result,Milano-Sanremo,275,,294000,2201,1,1130,,0,0,0,2014-03-23,0.0074863945578231,329.0,342.69357659553316
tour-de-france/1986/stage-8,Tour de France,100,,204000,1991,1,1872,,1,0,0,1986-07-11,0.0097598039215686,0.0,9.501028935881203
giro-d-italia/2001/stage-21,Giro d'Italia,80,,121000,219,1,920,,1,0,0,2001-06-10,0.0018099173553719,9.0,36.77187520511046
tour-de-suisse/2001/stage-2,Tour de Suisse,50,,162700,2375,3,873,,1,0,0,2001-06-21,0.0145974185617701,173.0,64.00262218488983
vuelta-a-espana/2001/stage-21,Vuelta a España,80,,38000,414,1,971,,1,0,0,2001-09-30,0.0108947368421052,302.0,95.0121970559924
vuelta-a-espana/2013/stage-8,Vuelta a España,80,16.0,166600,2680,5,1128,,1,0,0,2013-08-31,0.0160864345738295,805.0,436.4995742783421
tirreno-adriatico/1998/stage-7,Tirreno-Adriatico,50,,164000,1078,1,769,,1,0,0,1998-03-17,0.0065731707317073,0.0,59.9924726461041
vuelta-a-espana/1983/stage-17,Vuelta a España,80,,216000,3888,4,705,,1,0,0,1983-05-06,0.018,1260.0,505.5793657104145
tirreno-adriatico/2016/stage-3,Tirreno-Adriatico,50,60.0,176000,1946,2,1133,,1,0,0,2016-03-11,0.0110568181818181,0.0,41.19286819122926
tour-de-france/1983/prologue,Tour de France,100,,5000,154,1,1269,,1,0,0,1983-07-01,0.0308,29.5,13.230230651173382
tour-de-suisse/2006/stage-6,Tour de Suisse,50,,212200,3877,4,972,,1,0,0,2006-06-15,0.0182704995287464,1061.5,626.0855970046049
tour-de-france/1987/stage-10,Tour de France,100,,87500,808,1,1812,,1,0,0,1987-07-10,0.0092342857142857,619.0,283.1630621129051
vuelta-a-espana/1996/stage-4,Vuelta a España,80,,166500,917,1,988,,1,0,0,1996-09-10,0.0055075075075075,37.0,26.335612833409783
vuelta-a-espana/2002/stage-11,Vuelta a España,80,,166100,2609,4,1084,,1,0,0,2002-09-18,0.0157074051776038,694.0,370.5641265487011
paris-nice/1990/prologue,Paris - Nice,50,,7900,38,1,995,,1,0,0,1990-03-04,0.0048101265822784,31.0,9.03652452606665
e3-harelbeke/2005/result,E3 Prijs Vlaanderen,125,,200000,1516,2,560,,0,0,0,2005-03-26,0.00758,170.0,56.6090755940558
san-sebastian/2005/result,Clasica Ciclista San Sebastian,225,,227000,4061,2,972,,0,0,0,2005-08-13,0.0178898678414096,235.0,259.0032093369863
tour-de-france/2002/stage-11,Tour de France,70,,158000,4000,5,1489,,1,0,0,2002-07-18,0.0253164556962025,1219.0,622.701616284095
vuelta-a-espana/2002/stage-16,Vuelta a España,80,,154700,2373,2,1084,,1,0,0,2002-09-23,0.0153393665158371,538.0,284.33206728870334
giro-d-italia/2008/stage-5,Giro d'Italia,80,,203000,2835,3,1058,,1,0,0,2008-05-14,0.0139655172413793,183.0,334.8954724558939
vuelta-a-espana/1999/stage-2,Vuelta a España,80,,206000,1735,1,1342,,1,0,0,1999-09-06,0.0084223300970873,0.0,100.29025824706746
strade-bianche/2009/result,Monte Paschi Eroica,75,,190000,2830,3,460,,0,0,0,2009-03-07,0.0148947368421052,308.0,297.7688311420236
il-lombardia/2005/result,Giro di Lombardia,275,,246000,3895,3,959,,0,0,0,2005-10-15,0.0158333333333333,395.0,226.31990880962175
volta-a-catalunya/2010/stage-5,Volta Ciclista a Catalunya,50,6.0,181200,2776,3,722,,1,0,0,2010-03-26,0.0153200883002207,262.0,383.6111237963707
tirreno-adriatico/2007/stage-6,Tirreno-Adriatico,50,,164000,3446,5,1148,,1,0,0,2007-03-19,0.0210121951219512,640.0,343.9422331065411
vuelta-a-espana/1988/stage-6,Vuelta a España,80,,202000,818,1,828,,1,0,0,1988-04-30,0.004049504950495,0.0,0.0
giro-d-italia/1998/stage-4,Giro d'Italia,80,,239000,2626,2,923,,1,0,0,1998-05-20,0.0109874476987447,118.0,293.56979367394723
tour-de-france/1989/stage-13,Tour de France,100,,179000,1451,2,1849,,1,0,0,1989-07-14,0.0081061452513966,155.0,233.9522561299705
omloop-het-nieuwsblad/1977/result,Omloop Het Volk,125,,201000,1587,1,595,,0,0,0,1977-03-05,0.0078955223880597,64.0,242.75551422584715
vuelta-a-espana/1990/stage-13,Vuelta a España,80,,193300,2000,1,807,,1,0,0,1990-05-06,0.0103466114847387,180.0,57.03420026615609
tour-de-france/1986/stage-19,Tour de France,100,,179500,3000,4,1872,,1,0,0,1986-07-23,0.0167130919220055,450.0,277.76122172883726
vuelta-a-espana/2010/stage-9,Vuelta a España,80,16.0,187000,4329,2,1123,,1,0,0,2010-09-05,0.0231497326203208,886.0,495.19466447960383
tour-de-france/1980/stage-12,Tour de France,100,,193500,2746,2,1224,,1,0,0,1980-07-09,0.0141912144702842,85.0,11.264623870692132
dauphine/2013/stage-8,Critérium du Dauphiné,50,6.0,152000,3449,5,985,,1,0,0,2013-06-09,0.0226907894736842,809.0,528.0160804694891
volta-a-catalunya/2006/stage-3,Volta Ciclista a Catalunya,50,,176700,2121,1,882,,1,0,0,2006-05-17,0.0120033955857385,0.0,145.78292571953395
tour-de-romandie/1998/stage-4b,Tour de Romandie,50,,17600,253,3,857,,1,0,0,1998-05-09,0.014375,138.0,58.495298145947686
tour-de-romandie/2013/stage-3,Tour de Romandie,50,6.0,181000,2075,2,956,,1,0,0,2013-04-26,0.01146408839779,0.0,432.1348276975163
paris-nice/2019/stage-4,Paris - Nice,50,60.0,212000,2969,2,1099,,1,0,0,2019-03-13,0.014004716981132,744.0,540.2019758057725
vuelta-a-espana/2016/stage-10,Vuelta a España,80,100.0,188700,3899,5,821,,1,0,0,2016-08-29,0.0206624271330153,977.0,551.0739160838688
vuelta-a-espana/2010/stage-7,Vuelta a España,80,16.0,187100,1161,1,1123,,1,0,0,2010-09-03,0.0062052378407268,0.0,40.890741509430214
giro-d-italia/2001/stage-13,Giro d'Italia,80,,225000,5906,5,920,,1,0,0,2001-06-01,0.0262488888888888,1234.0,627.407720170001
dwars-door-vlaanderen/2013/result,Dwars door Vlaanderen,125,,199700,1485,2,378,,0,0,0,2013-03-20,0.007436154231347,141.0,75.2741022941521
volta-a-catalunya/1981/stage-6,Volta Ciclista a Catalunya,50,,183300,4160,5,388,,1,0,0,1981-09-09,0.0226950354609929,501.0,220.92023447389332
vuelta-a-espana/2006/stage-11,Vuelta a España,80,,173600,3158,2,1026,,1,0,0,2006-09-06,0.0181912442396313,904.0,199.46638633853013
tour-de-suisse/1971/stage-8a,Tour de Suisse,50,,110000,2377,4,302,,1,0,0,1971-06-18,0.0216090909090909,0.0,0.0
tirreno-adriatico/2005/stage-1,Tirreno-Adriatico,50,,160000,1396,1,1040,,1,0,0,2005-03-09,0.008725,0.0,146.50857453714323
vuelta-a-espana/1987/stage-6,Vuelta a España,80,,220000,4500,4,838,,1,0,0,1987-04-29,0.0204545454545454,140.5,46.432268473073286
tour-de-france/2019/stage-13,Tour de France,100,120.0,27200,391,1,1699,,1,0,0,2019-07-19,0.014375,232.0,93.9953699068843
vuelta-a-espana/1995/stage-19,Vuelta a España,80,,227700,1955,1,883,,1,0,0,1995-09-22,0.0085858585858585,0.0,0.0
giro-d-italia/2017/stage-2,Giro d'Italia,80,100.0,221000,3518,2,881,,1,0,0,2017-05-06,0.015918552036199,0.0,169.27073244288258
giro-d-italia/2010/stage-6,Giro d'Italia,80,16.0,172000,2420,2,878,,1,0,0,2010-05-14,0.0140697674418604,251.0,342.44696344816543
volta-a-catalunya/2007/stage-7,Volta Ciclista a Catalunya,50,,119300,1763,3,816,,1,0,0,2007-05-27,0.014777870913663,28.0,172.473308464244
paris-nice/1996/stage-3,Paris - Nice,50,,172500,2888,3,766,,1,0,0,1996-03-12,0.0167420289855072,82.0,146.52356132372876
vuelta-a-espana/1989/stage-11,Vuelta a España,80,,179000,2525,3,803,,1,0,0,1989-05-04,0.0141061452513966,0.0,0.0
giro-d-italia/2018/stage-2,Giro d'Italia,80,100.0,167000,988,2,838,,1,0,0,2018-05-05,0.0059161676646706,0.0,35.833487614645165
ronde-van-vlaanderen/2010/result,Ronde van Vlaanderen / Tour des Flandres ME,275,,262000,2664,2,890,,0,0,0,2010-04-04,0.0101679389312977,313.0,286.17367273692724
giro-d-italia/2005/stage-2,Giro d'Italia,80,,182000,1699,2,929,,1,0,0,2005-05-09,0.0093351648351648,0.0,73.56379901947703
vuelta-a-espana/1997/stage-10,Vuelta a España,80,,235000,1345,1,1165,,1,0,0,1997-09-15,0.0057234042553191,25.0,132.87702759124633
volta-a-catalunya/2001/stage-2,Volta a Catalunya,50,,173500,2304,2,617,,1,0,0,2001-06-22,0.0132795389048991,12.0,175.98339835354636
tirreno-adriatico/2020/stage-6,Tirreno-Adriatico,50,60.0,171000,1480,2,687,,1,0,0,2020-09-12,0.0086549707602339,0.0,98.89021098518356
tour-de-suisse/1981/stage-8,Tour de Suisse,50,,185000,1109,1,516,,1,0,0,1981-06-18,0.0059945945945945,0.0,0.0
vuelta-a-espana/2006/stage-9,Vuelta a España,80,,207400,5856,5,1026,,1,0,0,2006-09-03,0.028235294117647,1572.0,686.9162284581438
tour-de-france/1984/stage-17,Tour de France,100,,151000,5473,5,1632,,1,0,0,1984-07-16,0.0362450331125827,921.5,487.87810810404943
tour-de-france/1993/stage-10,Tour de France,100,,203000,5500,4,1804,,1,0,0,1993-07-14,0.0270935960591133,1302.0,687.9765703926794
vuelta-a-espana/2004/stage-11,Vuelta a España,50,,165000,1170,1,1177,,1,0,0,2004-09-14,0.007090909090909,71.0,44.381556028692266
vuelta-a-espana/2009/stage-2,Vuelta a España,80,,203700,355,1,1220,,1,0,0,2009-08-30,0.0017427589592538,18.0,41.92085188935515
volta-a-catalunya/2005/stage-2,Volta Ciclista a Catalunya,50,,186800,2778,3,850,,1,0,0,2005-05-17,0.0148715203426124,0.0,81.779510118667
vuelta-a-espana/1981/stage-17,Vuelta a España,80,,150000,3337,5,457,,1,0,0,1981-05-08,0.0222466666666666,868.0,580.7851871525472
paris-nice/2000/stage-7,Paris - Nice,50,,160100,2775,4,880,,1,0,0,2000-03-12,0.0173329169269206,0.0,18.320542537287743
tour-de-romandie/1981/stage-4,Tour de Romandie,50,,121600,1710,3,439,,1,0,0,1981-05-09,0.0140625,118.0,62.090256884635295
tour-de-suisse/2013/stage-4,Tour de Suisse,50,6.0,174400,1697,2,960,,1,0,0,2013-06-11,0.0097305045871559,0.0,76.48178314026072
vuelta-a-espana/1998/stage-8,Vuelta a España,80,,182000,1954,2,1309,,1,0,0,1998-09-12,0.0107362637362637,44.0,509.57812479487467
volta-a-catalunya/2023/stage-4,Volta Ciclista a Catalunya,50,50.0,188200,2437,2,704,20.0,1,0,0,2023-03-23,0.0129489904357066,0.0,116.12490141217523
dauphine/2018/stage-6,Critérium du Dauphiné,50,60.0,110000,4187,5,762,,1,0,0,2018-06-09,0.0380636363636363,1110.0,686.8688155444546
tour-de-romandie/2000/stage-5,Tour de Romandie,50,,177800,1002,1,764,,1,0,0,2000-05-07,0.0056355455568053,0.0,26.826734142197868
tour-de-suisse/1976/stage-5,Tour de Suisse,50,,186500,5193,5,377,,1,0,0,1976-06-14,0.0278445040214477,182.0,83.61668493787589
paris-nice/2018/stage-2,Paris - Nice,50,60.0,187000,640,1,936,,1,0,0,2018-03-05,0.0034224598930481,0.0,43.56166165845738
tour-de-romandie/1996/stage-5,Tour de Romandie,50,,105900,1741,3,614,,1,0,0,1996-05-11,0.0164400377714825,0.0,0.0
giro-d-italia/2005/stage-4,Giro d'Italia,80,,220000,1583,2,929,,1,0,0,2005-05-11,0.0071954545454545,59.0,134.6964200827745
vuelta-a-espana/1982/stage-14,Vuelta a España,80,,153000,1230,1,523,,1,0,0,1982-05-04,0.0080392156862745,0.0,113.53053921008804
paris-nice/2019/stage-2,Paris - Nice,50,60.0,163500,753,1,1099,,1,0,0,2019-03-11,0.0046055045871559,404.0,245.9620947483171
vuelta-a-espana/1981/stage-15a,Vuelta a España,80,,146000,1208,1,457,,1,0,0,1981-05-06,0.0082739726027397,23.0,39.60017320176428
tour-de-france/2018/stage-5,Tour de France,100,120.0,204500,2704,3,1689,,1,0,0,2018-07-11,0.0132224938875305,87.0,367.68929346090823
tour-de-france/1994/stage-9,Tour de France,100,,64000,829,1,1731,,1,0,0,1994-07-11,0.012953125,701.0,181.1529453868519
paris-nice/1996/stage-2,Paris - Nice,50,,160800,1691,2,766,,1,0,0,1996-03-11,0.0105161691542288,0.0,0.0
paris-nice/2004/stage-6,Paris - Nice,50,,173500,2855,3,989,,1,0,0,2004-03-12,0.0164553314121037,402.0,410.12628148760814
tour-de-romandie/1996/stage-1,Tour de Romandie,50,,155800,1168,1,614,,1,0,0,1996-05-07,0.0074967907573812,24.0,13.37640103223447
dauphine/1993/stage-6,Critérium du Dauphiné Libéré,50,,200000,3726,4,386,,1,0,0,1993-06-06,0.01863,487.5,282.97388964747654
tour-de-romandie/1994/stage-1,Tour de Romandie,50,,171000,1794,1,780,,1,0,0,1994-05-05,0.0104912280701754,0.0,0.948683298050514
vuelta-a-espana/2014/stage-11,Vuelta a España,80,16.0,153400,2432,5,1175,,1,0,0,2014-09-03,0.0158539765319426,694.0,352.72019928883395
vuelta-a-espana/2012/stage-6,Vuelta a España,80,16.0,174800,2291,3,852,,1,0,0,2012-08-23,0.0131064073226544,582.0,441.7213307502478
giro-d-italia/2008/stage-10,Giro d'Italia,80,,39000,741,2,1058,,1,0,0,2008-05-20,0.019,337.0,148.93517067816805
paris-nice/2021/stage-8,Paris - Nice,50,60.0,92700,2007,2,1044,,1,0,0,2021-03-14,0.0216504854368932,250.0,280.02222781234957
giro-d-italia/2004/stage-20,Giro d'Italia,80,,149000,266,1,621,,1,0,0,2004-05-30,0.0017852348993288,38.0,26.24255061593168
paris-nice/1986/stage-7a,Paris - Nice,50,,101000,1630,3,746,,1,0,0,1986-03-09,0.0161386138613861,0.0,0.0
paris-nice/1970/stage-4,Paris - Nice,50,,198000,1109,1,1121,,1,0,0,1970-03-12,0.0056010101010101,0.0,0.0
volta-a-catalunya/1984/stage-1,Volta Ciclista a Catalunya,50,,175000,4738,5,319,,1,0,0,1984-09-06,0.0270742857142857,0.0,0.0
vuelta-a-espana/2020/stage-15,La Vuelta ciclista a España,80,100.0,230800,4448,2,692,,1,0,0,2020-11-05,0.0192720970537261,0.0,352.5749397257346
tour-de-france/1989/stage-7,Tour de France,100,,258500,1619,1,1849,,1,0,0,1989-07-08,0.0062630560928433,4.0,206.5790688316993
tour-de-france/1991/prologue,Tour de France,100,,5400,63,1,1933,,1,0,0,1991-07-06,0.0116666666666666,27.0,23.617063803792444
tour-de-romandie/1981/stage-1,Tour de Romandie,50,,213600,3060,3,439,,1,0,0,1981-05-06,0.0143258426966292,0.0,0.0
vuelta-a-espana/1994/stage-9,Vuelta a España,80,,166000,806,1,791,,1,0,0,1994-05-03,0.0048554216867469,0.0,0.0
tour-de-france/2001/stage-15,Tour de France,100,,232500,3300,1,1496,,1,0,0,2001-07-24,0.0141935483870967,907.0,336.8030794361497
tirreno-adriatico/2007/stage-7,Tirreno-Adriatico,50,,177000,1961,1,1148,,1,0,0,2007-03-20,0.0110790960451977,0.0,25.339992142242924
tour-de-france/1979/stage-1,Tour de France,100,,225000,4000,4,1381,,1,0,0,1979-06-28,0.0177777777777777,877.0,447.16752066595046
giro-d-italia/2012/stage-11,Giro d'Italia,80,16.0,255000,2167,2,886,,1,0,0,2012-05-16,0.0084980392156862,46.0,243.5216812572816
paris-nice/1976/stage-7b,Paris - Nice,50,,9500,116,2,779,,1,0,0,1976-03-14,0.0122105263157894,65.0,31.92800288807699
uae-tour/2019/stage-7,UAE Tour,50,40.0,145000,420,1,751,,1,0,0,2019-03-02,0.0028965517241379,0.0,39.85447397361363
giro-d-italia/2023/stage-14,Giro d'Italia,80,180.0,194000,2336,2,835,13.0,1,0,0,2023-05-20,0.012041237113402,1271.0,488.4628715310479
volta-a-catalunya/2001/stage-5,Volta a Catalunya,50,,178200,883,1,617,,1,0,0,2001-06-25,0.0049551066217732,300.0,73.36661306791379
giro-d-italia/1996/stage-12,Giro d'Italia,80,,195000,1775,1,1034,,1,0,0,1996-05-30,0.0091025641025641,3.0,14.09822766425039
tour-de-france/1988/stage-13,Tour de France,100,,38000,1415,5,1941,,1,0,0,1988-07-15,0.0372368421052631,436.0,185.0625424652154
vuelta-a-espana/2019/stage-18,La Vuelta ciclista a España,80,100.0,178200,3689,5,798,,1,0,0,2019-09-12,0.0207014590347923,1292.0,474.5628809740031
tirreno-adriatico/1999/stage-3,Tirreno-Adriatico,50,,214000,1986,1,1150,,1,0,0,1999-03-12,0.0092803738317757,0.0,115.69043556268332
tour-de-france/1979/stage-7,Tour de France,100,,161100,1845,2,1381,,1,0,0,1979-07-04,0.0114525139664804,252.0,87.22492758452701
amstel-gold-race/2003/result,Amstel Gold Race,225,,250700,3440,3,1329,,0,0,0,2003-04-20,0.0137215795771838,221.0,156.18508392535873
vuelta-a-espana/2002/stage-15,Vuelta a España,80,,176700,4541,5,1084,,1,0,0,2002-09-22,0.0256989247311827,1194.0,509.70687952931695
tour-de-france/1991/stage-7,Tour de France,100,,196500,1707,1,1933,,1,0,0,1991-07-12,0.0086870229007633,0.0,71.674671862618
world-championship/2001/result,World Championships ME - Road Race,350,,254100,4565,4,1347,,0,0,0,2001-10-14,0.0179653679653679,42.0,322.08076434336954
dauphine/2014/stage-5,Critérium du Dauphiné,50,6.0,184000,3479,2,941,,1,0,0,2014-06-12,0.0189076086956521,645.0,619.8503636298746
vuelta-a-espana/2020/stage-10,La Vuelta ciclista a España,80,100.0,185000,2302,3,692,,1,0,0,2020-10-30,0.0124432432432432,93.0,150.27128769420722
la-fleche-wallone/1990/result,La Flèche Wallonne,225,,208000,2644,2,1071,,0,0,0,1990-04-11,0.0127115384615384,157.0,90.52706744407438
giro-d-italia/2002/stage-7,Giro d'Italia,80,,159000,1235,2,920,,1,0,0,2002-05-19,0.0077672955974842,106.0,317.3948282166134
itzulia-basque-country/2015/stage-6,Vuelta Ciclista al País Vasco,50,6.0,18300,522,3,970,,1,0,0,2015-04-11,0.0285245901639344,154.5,84.90592701365738
giro-d-italia/2016/stage-5,Giro d'Italia,80,100.0,233000,3459,3,933,,1,0,0,2016-05-11,0.0148454935622317,108.0,161.50208414723485
omloop-het-nieuwsblad/2018/result,Omloop Het Nieuwsblad ME,225,300.0,196200,1652,2,727,,0,0,0,2018-02-24,0.0084199796126401,12.0,232.46020723698928
vuelta-a-espana/2008/stage-10,Vuelta a España,80,,151300,1225,1,1101,,1,0,0,2008-09-09,0.0080964970257766,0.0,31.378243309542988
tour-de-france/2014/stage-5,Tour de France,100,20.0,155500,475,1,1612,,1,0,0,2014-07-09,0.0030546623794212,805.0,473.1433291738454
vuelta-a-espana/1993/stage-2,Vuelta a España,80,,251100,1829,1,819,,1,0,0,1993-04-27,0.0072839506172839,0.0,69.02223017741757
itzulia-basque-country/2023/stage-1,Itzulia Basque Country,50,50.0,165400,2514,3,719,11.0,1,0,0,2023-04-03,0.0151995163240628,0.0,116.16167284186892
paris-nice/2011/stage-7,Paris - Nice,50,6.0,215500,3327,3,1038,,1,0,0,2011-03-12,0.0154385150812064,357.0,461.3367191646338
san-sebastian/2013/result,Clasica Ciclista San Sebastian,225,,232000,3514,2,779,,0,0,0,2013-07-27,0.0151465517241379,280.0,323.83068202271573
vuelta-a-espana/2021/stage-18,La Vuelta ciclista a España,80,100.0,162600,4951,5,1023,20.0,1,0,0,2021-09-02,0.0304489544895448,1573.5,809.2695531140117
il-lombardia/1977/result,Giro di Lombardia,275,,257000,3592,3,467,,0,0,0,1977-10-08,0.013976653696498,211.0,225.67628279326257
giro-d-italia/2001/stage-15,Giro d'Italia,80,,55500,540,1,920,,1,0,0,2001-06-03,0.0097297297297297,495.0,189.63677398197828
giro-d-italia/2000/stage-7,Giro d'Italia,80,,182000,2174,3,866,,1,0,0,2000-05-20,0.0119450549450549,51.0,212.16409375793376
volta-a-catalunya/2002/stage-4,Volta a Catalunya,50,,52000,1592,5,431,,1,0,0,2002-06-20,0.0306153846153846,730.0,407.868205674404
giro-d-italia/2001/stage-7,Giro d'Italia,80,,239000,2338,2,920,,1,0,0,2001-05-26,0.0097824267782426,128.0,313.1368540041469
vuelta-a-espana/2018/stage-17,La Vuelta ciclista a España,80,100.0,157000,3574,5,1036,,1,0,0,2018-09-12,0.022764331210191,847.5,501.3216323615914
milano-sanremo/2015/result,Milano-Sanremo,275,,293000,2354,2,1218,,0,0,0,2015-03-22,0.0080341296928327,299.0,319.5285018315336
tour-de-france/2004/stage-5,Tour de France,100,,200500,2026,1,1555,,1,0,0,2004-07-08,0.0101047381546134,753.0,125.42590050997067
tour-de-france/1985/stage-6,Tour de France,100,,221500,2354,1,1470,,1,0,0,1985-07-04,0.010627539503386,0.0,198.62896507056624
itzulia-basque-country/2006/stage-3,Vuelta al País Vasco,50,,170000,2330,3,842,,1,0,0,2006-04-05,0.0137058823529411,108.0,219.6442659732894
tour-de-france/2001/stage-17,Tour de France,100,,194000,3000,3,1496,,1,0,0,2001-07-26,0.0154639175257731,13.0,27.47882917513141
vuelta-a-espana/1992/stage-7,Vuelta a España,80,,49500,234,1,1033,,1,0,0,1992-05-03,0.0047272727272727,194.5,77.66600653714966
ronde-van-vlaanderen/2017/result,Ronde van Vlaanderen / Tour des Flandres ME,275,500.0,260000,2118,2,893,,0,0,0,2017-04-02,0.0081461538461538,210.0,221.01727990482763
vuelta-a-espana/2011/stage-18,Vuelta a España,80,16.0,169700,3618,2,1170,,1,0,0,2011-09-08,0.0213199764289923,462.0,250.83580621483256
giro-d-italia/2003/stage-9,Giro d'Italia,80,,160000,1319,2,734,,1,0,0,2003-05-19,0.00824375,17.0,56.46674840718004
tour-de-suisse/1998/stage-5,Tour de Suisse,50,,156100,3060,4,971,,1,0,0,1998-06-21,0.0196028187059577,1141.0,475.5924372539162
il-lombardia/2018/result,Il Lombardia,275,500.0,241000,3867,2,1025,,0,0,0,2018-10-13,0.0160456431535269,427.0,423.7987691072533
giro-d-italia/1995/stage-21,Giro d'Italia,80,,190000,1567,1,1365,,1,0,0,1995-06-03,0.0082473684210526,25.0,164.43461575089006
tour-de-suisse/1976/stage-9a,Tour de Suisse,50,,81000,1736,4,377,,1,0,0,1976-06-18,0.0214320987654321,0.0,0.0
tirreno-adriatico/2016/stage-7,Tirreno-Adriatico,50,60.0,10050,16,1,1133,,1,0,0,2016-03-15,0.001592039800995,59.5,28.158221799615845
tour-de-france/1997/prologue,Tour de France,100,,7300,128,1,1994,,1,0,0,1997-07-05,0.0175342465753424,37.0,15.662674955479702
vuelta-a-espana/1989/stage-9,Vuelta a España,80,,228000,2500,2,803,,1,0,0,1989-05-02,0.0109649122807017,0.0,0.0
giro-d-italia/2022/stage-17,Giro d'Italia,80,100.0,168000,3950,4,817,16.0,1,0,0,2022-05-25,0.0235119047619047,1593.0,703.8787835510209
tour-de-france/1982/stage-10,Tour de France,100,,148000,1272,1,1492,,1,0,0,1982-07-13,0.0085945945945945,2.0,147.23288047608727
tirreno-adriatico/1990/stage-1,Tirreno-Adriatico,50,,15900,79,1,590,,1,0,0,1990-03-07,0.0049685534591194,0.0,0.0
tour-de-france/1985/stage-2,Tour de France,100,,242000,2752,1,1470,,1,0,0,1985-06-30,0.0113719008264462,0.0,89.48149518234086
san-sebastian/1989/result,Clasica Ciclista San Sebastian,225,,244000,3450,3,1296,,0,0,0,1989-08-12,0.014139344262295,179.0,109.69654445606236
tour-de-suisse/2014/stage-8,Tour de Suisse,50,6.0,219100,2938,5,944,,1,0,0,2014-06-21,0.0134094020994979,543.0,428.3346271796893
ronde-van-vlaanderen/1970/result,Ronde van Vlaanderen / Tour des Flandres,275,,265000,2651,1,747,,0,0,0,1970-04-05,0.0100037735849056,25.0,130.78289898402875
vuelta-a-espana/1991/stage-4,Vuelta a España,80,,292000,1629,1,1042,,1,0,0,1991-05-02,0.0055787671232876,564.0,145.62417381739888
tour-de-romandie/1992/stage-5b,Tour de Romandie,50,,21800,667,5,343,,1,0,0,1992-05-09,0.0305963302752293,29.0,14.170391667134682
volta-a-catalunya/2012/stage-5,Volta Ciclista a Catalunya,50,6.0,207100,2965,2,760,,1,0,0,2012-03-23,0.0143167551907291,508.0,400.2021945038617
vuelta-a-espana/2004/stage-3,Vuelta a España,80,,157000,1332,3,1177,,1,0,0,2004-09-06,0.008484076433121,15.0,38.84074265828048
giro-d-italia/2015/stage-6,Giro d'Italia,80,16.0,183000,1625,2,861,,1,0,0,2015-05-14,0.008879781420765,0.0,106.51582308453465
giro-d-italia/1993/stage-11,Giro d'Italia,80,,184000,1241,1,1089,,1,0,0,1993-06-03,0.0067445652173913,7.0,3.056868404829434
tour-de-france/2010/stage-13,Tour de France,100,20.0,196000,2163,2,1685,,1,0,0,2010-07-17,0.0110357142857142,94.0,177.3042223752774
tour-de-romandie/1989/stage-1,Tour de Romandie,50,,198400,1095,1,502,,1,0,0,1989-05-10,0.0055191532258064,0.0,0.0
volta-a-catalunya/2021/stage-7,Volta Ciclista a Catalunya,50,50.0,133000,2402,2,772,,1,0,0,2021-03-28,0.0180601503759398,306.0,206.48002523750017
tirreno-adriatico/2000/stage-4,Tirreno-Adriatico,50,,207000,1561,1,1197,,1,0,0,2000-03-11,0.0075410628019323,0.0,0.0
paris-nice/1980/stage-7b,Paris - Nice,50,,11000,22,1,1128,,1,0,0,1980-03-12,0.002,76.5,34.90754641244206
tour-de-france/2018/stage-8,Tour de France,100,120.0,181000,1284,1,1689,,1,0,0,2018-07-14,0.0070939226519337,0.0,105.33489843543006
tour-de-france/2023/stage-5,Tour de France,100,210.0,162700,3652,4,1584,22.0,1,0,0,2023-07-05,0.0224462200368776,1035.0,640.8995282868891
tour-de-france/1978/stage-2,Tour de France,100,,199000,1847,1,1241,,1,0,0,1978-07-01,0.0092814070351758,0.0,130.09948266387573
tour-de-france/1995/stage-9,Tour de France,100,,166000,5000,5,1871,,1,0,0,1995-07-11,0.0301204819277108,2090.0,673.112443913289
tour-de-france/1992/stage-3,Tour de France,100,,218000,1285,1,2047,,1,0,0,1992-07-07,0.005894495412844,420.0,92.76861728853648
vuelta-a-espana/2004/stage-18,Vuelta a España,80,,196000,3614,4,1177,,1,0,0,2004-09-23,0.018438775510204,404.0,497.2858667711386
amstel-gold-race/1979/result,Amstel Gold Race,225,,237000,2602,2,393,,0,0,0,1979-04-14,0.0109789029535864,130.0,56.5807931532084
tour-de-france/1979/stage-23,Tour de France,100,,205000,1674,3,1381,,1,0,0,1979-07-21,0.0081658536585365,11.0,59.51550538115284
giro-d-italia/2018/stage-11,Giro d'Italia,80,100.0,156000,2027,3,838,,1,0,0,2018-05-16,0.0129935897435897,550.0,296.38740739019437
paris-nice/1975/stage-7b,Paris - Nice,50,,9500,153,3,951,,1,0,0,1975-03-16,0.0161052631578947,47.5,17.62917691748196
tirreno-adriatico/1984/stage-4,Tirreno-Adriatico,50,,217000,2094,1,541,,1,0,0,1984-03-12,0.0096497695852534,0.0,0.0
world-championship/2021/result,World Championships ME - Road Race,350,600.0,268300,2250,2,1357,21.0,0,0,0,2021-09-26,0.0083861349235929,387.0,238.71555987204087
tirreno-adriatico/2009/stage-5,Tirreno-Adriatico,50,,30000,541,3,1206,,1,0,0,2009-03-15,0.0180333333333333,217.0,98.82383464413849
itzulia-basque-country/2006/stage-6,Vuelta al País Vasco,50,,24000,283,2,842,,1,0,0,2006-04-08,0.0117916666666666,141.0,80.27417307157648
dauphine/2009/stage-4,Critérium du Dauphiné Libéré,50,,42400,321,1,708,,1,0,0,2009-06-10,0.0075707547169811,242.0,112.53528735638052
paris-nice/2005/stage-5,Paris - Nice,50,,172500,1561,5,1091,,1,0,0,2005-03-11,0.0090492753623188,296.0,229.53982683458716
paris-nice/2022/stage-4,Paris - Nice,50,60.0,13400,188,1,1182,,1,0,0,2022-03-09,0.0140298507462686,97.5,47.22005388321245
tour-de-suisse/1987/stage-5,Tour de Suisse,50,,129500,1238,1,673,,1,0,0,1987-06-20,0.0095598455598455,3.0,23.4117729168705
tour-de-romandie/1998/stage-5,Tour de Romandie,50,,167400,2728,3,857,,1,0,0,1998-05-10,0.0162962962962962,0.0,0.0
giro-d-italia/2022/stage-12,Giro d'Italia,80,100.0,204000,2867,2,817,23.0,1,0,0,2022-05-19,0.0140539215686274,548.0,303.9483349251248
vuelta-a-espana/1981/stage-7,Vuelta a España,80,,181000,2406,2,457,,1,0,0,1981-04-28,0.013292817679558,0.0,149.18300983200203
ronde-van-vlaanderen/2000/result,Ronde van Vlaanderen / Tour des Flandres,275,,269000,3240,2,995,,0,0,0,2000-04-03,0.0120446096654275,303.0,312.1363961869256
tour-de-suisse/1991/stage-9,Tour de Suisse,50,,206000,2135,1,796,,1,0,0,1991-06-27,0.0103640776699029,22.0,8.981462390204985
tour-de-suisse/2007/stage-2,Tour de Suisse,50,,228700,2949,2,1089,,1,0,0,2007-06-18,0.0128946217752514,321.0,519.3433821687578
itzulia-basque-country/2016/stage-3,Vuelta Ciclista al País Vasco,50,50.0,193500,2839,2,943,,1,0,0,2016-04-06,0.0146718346253229,213.0,374.16911326883303
gp-quebec/2019/result,Grand Prix Cycliste de Québec,225,500.0,201600,2508,3,869,,0,0,0,2019-09-13,0.0124404761904761,86.0,174.23239695764474
vuelta-a-espana/1996/stage-22,Vuelta a España,80,,157600,1368,1,988,,1,0,0,1996-09-29,0.0086802030456852,0.0,15.368784673294636
vuelta-a-espana/1981/stage-10,Vuelta a España,80,,223000,1546,1,457,,1,0,0,1981-05-01,0.0069327354260089,3.0,83.9154656962754
tour-de-suisse/1987/stage-3,Tour de Suisse,50,,141500,1366,1,673,,1,0,0,1987-06-19,0.0096537102473498,7.0,3.0867098629086893
paris-nice/1975/stage-5,Paris - Nice,50,,166000,1849,2,951,,1,0,0,1975-03-14,0.0111385542168674,0.0,0.0
tour-de-romandie/2023/stage-0,Tour de Romandie,50,60.0,6820,10,1,539,12.0,1,0,0,2023-04-25,0.001466275659824,27.0,26.34808504624081
tour-de-suisse/2000/stage-9,Tour de Suisse,50,,150000,2877,4,895,,1,0,0,2000-06-21,0.01918,1001.0,553.6687097297257
omloop-het-nieuwsblad/2017/result,Omloop Het Nieuwsblad ME,225,300.0,198300,1778,2,699,,0,0,0,2017-02-25,0.0089662128088754,304.0,221.9082458251999
tour-de-france/1980/stage-2,Tour de France,100,,276000,2228,1,1224,,1,0,0,1980-06-28,0.0080724637681159,593.0,156.3611204871595
vuelta-a-espana/2009/stage-8,Vuelta a España,80,,204700,5017,5,1220,,1,0,0,2009-09-06,0.0245090376160234,1119.0,599.5645986483769
vuelta-a-espana/1986/stage-21,Vuelta a España,80,,22000,253,2,843,,1,0,0,1986-05-13,0.0115,35.0,21.339582418074112
tour-de-suisse/1986/prologue,Tour de Suisse,50,,8000,39,1,835,,1,0,0,1986-06-10,0.004875,13.0,6.425643072011462
vuelta-a-espana/1993/stage-1,Vuelta a España,80,,10000,81,1,819,,1,0,0,1993-04-26,0.0081,82.0,28.608838216877473
itzulia-basque-country/2007/stage-2,Vuelta al País Vasco,50,,191500,3105,3,1002,,1,0,0,2007-04-10,0.0162140992167101,742.0,384.9733953659306
paris-nice/1999/stage-7,Paris - Nice,50,,157100,1551,1,792,,1,0,0,1999-03-14,0.0098726925525143,0.0,8.50267467368264
tour-de-france/2003/stage-1,Tour de France,100,,168000,1476,2,1688,,1,0,0,2003-07-06,0.0087857142857142,0.0,28.133769053256103
vuelta-a-espana/2011/stage-14,Vuelta a España,80,16.0,173200,3631,5,1170,,1,0,0,2011-09-03,0.0209642032332563,1423.0,610.9466378115578
omloop-het-nieuwsblad/1991/result,Omloop Het Volk,125,,201000,1497,1,418,,0,0,0,1991-03-02,0.0074477611940298,205.0,94.14190363383344
vuelta-a-espana/1984/stage-6,Vuelta a España,80,,113000,869,1,747,,1,0,0,1984-04-23,0.0076902654867256,5.0,12.481307421625017
tour-de-france/1983/stage-22,Tour de France,100,,195000,2046,1,1269,,1,0,0,1983-07-24,0.0104923076923076,1.0,58.05847875512696
tour-de-romandie/2011/stage-4,Tour de Romandie,50,6.0,20100,406,4,660,,1,0,0,2011-04-30,0.0201990049751243,128.0,64.6205125196162
tour-de-romandie/1995/stage-2,Tour de Romandie,50,,178700,1594,1,798,,1,0,0,1995-05-04,0.0089199776161163,0.0,0.0
giro-d-italia/2010/stage-2,Giro d'Italia,80,16.0,209000,684,1,878,,1,0,0,2010-05-09,0.0032727272727272,37.0,76.60955036902799
amstel-gold-race/1978/result,Amstel Gold Race,225,,230000,3370,3,510,,0,0,0,1978-03-25,0.0146521739130434,370.0,125.21537966379304
tour-de-suisse/1991/stage-3,Tour de Suisse,50,,228000,3858,4,796,,1,0,0,1991-06-21,0.0169210526315789,44.0,25.190606714937747
la-fleche-wallone/1988/result,La Flèche Wallonne,225,,243000,3773,3,632,,0,0,0,1988-04-13,0.0155267489711934,269.0,263.9428591704573
tour-de-romandie/1984/stage-1,Tour de Romandie,50,,209500,2072,1,491,,1,0,0,1984-05-09,0.009890214797136,166.0,37.968361713775195
tour-de-france/2008/stage-18,Tour de France,100,,196500,1905,4,1520,,1,0,0,2008-07-24,0.0096946564885496,410.0,112.24426094154084
vuelta-a-espana/1992/stage-11,Vuelta a España,80,,162900,780,1,1033,,1,0,0,1992-05-07,0.0047882136279926,0.0,0.0
tour-de-romandie/2014/prologue,Tour de Romandie,50,6.0,5570,6,1,847,,1,0,0,2014-04-29,0.0010771992818671,23.0,17.971719259902013
giro-d-italia/2020/stage-12,Giro d'Italia,80,100.0,204000,3815,2,765,,1,0,0,2020-10-15,0.0187009803921568,1505.0,604.4794180916452
dauphine/2021/stage-5,Critérium du Dauphiné,50,60.0,175400,2209,2,790,,1,0,0,2021-06-03,0.012594070695553,150.0,257.546866970133
tour-de-france/2001/stage-8,Tour de France,100,,222500,2250,2,1496,,1,0,0,2001-07-15,0.0101123595505617,2154.0,551.0039941187192
vuelta-a-espana/2011/stage-11,Vuelta a España,80,16.0,171000,4166,5,1170,,1,0,0,2011-08-31,0.0243625730994152,1034.0,523.7277689183161
tour-de-romandie/2002/stage-1,Tour de Romandie,50,,187000,2245,2,535,,1,0,0,2002-05-01,0.0120053475935828,109.0,179.83078650073358
giro-d-italia/2000/stage-15,Giro d'Italia,80,,171000,1807,2,866,,1,0,0,2000-05-29,0.0105672514619883,0.0,77.81663263397655
e3-harelbeke/2014/result,E3 Harelbeke,225,,211000,1886,2,734,,0,0,0,2014-03-28,0.0089383886255924,194.0,152.57400400928952
tour-de-suisse/1998/stage-2,Tour de Suisse,50,,159000,2562,3,971,,1,0,0,1998-06-18,0.0161132075471698,229.0,199.46671423567537
tour-de-france/2015/stage-17,Tour de France,100,20.0,161000,4208,5,1812,,1,0,0,2015-07-22,0.0261366459627329,1265.0,549.3524383236002
volta-a-catalunya/2022/stage-2,Volta Ciclista a Catalunya,50,50.0,202400,2166,2,722,,1,0,0,2022-03-22,0.0107015810276679,33.0,185.1055792559968
tour-de-suisse/2018/stage-7,Tour de Suisse,50,60.0,170000,2870,5,956,,1,0,0,2018-06-15,0.0168823529411764,1436.5,675.7621961041125
strade-bianche/2013/result,Strade Bianche,75,,188000,2933,3,538,,0,0,0,2013-03-02,0.0156010638297872,69.0,80.3250672276144
il-lombardia/2001/result,Giro di Lombardia,275,,256000,4242,3,1009,,0,0,0,2001-10-21,0.0165703125,526.0,323.1161380005085
dwars-door-vlaanderen/1993/result,Dwars door België / À travers la Belgique,75,,200000,2266,2,504,,0,0,0,1993-03-24,0.01133,6.0,78.17023639842634
e3-harelbeke/1981/result,E3-Prijs Harelbeke,125,,226000,1518,1,258,,0,0,0,1981-03-28,0.006716814159292,70.0,24.374944739106237
tour-de-suisse/2016/stage-2,Tour de Suisse,50,60.0,187600,2779,2,680,,1,0,0,2016-06-12,0.0148134328358208,3.0,129.13681474491935
tour-de-france/2010/stage-7,Tour de France,100,20.0,165500,3446,5,1685,,1,0,0,2010-07-10,0.020821752265861,852.0,496.4371767598691
vuelta-a-espana/1990/stage-22,Vuelta a España,80,,176000,2500,3,807,,1,0,0,1990-05-15,0.0142045454545454,0.0,0.0
vuelta-a-espana/2009/stage-20,Vuelta a España,80,,27800,310,1,1220,,1,0,0,2009-09-19,0.0111510791366906,177.5,84.51160395349723
tirreno-adriatico/2017/stage-4,Tirreno-Adriatico,50,60.0,171000,3453,5,1036,,1,0,0,2017-03-11,0.0201929824561403,946.0,556.9716055597727
volta-a-catalunya/1992/stage-5b,Volta Ciclista a Catalunya,50,,119800,2616,4,758,,1,0,0,1992-09-13,0.0218363939899833,2.0,0.8944271909999159
tour-de-suisse/1985/stage-7,Tour de Suisse,50,,249000,3873,3,699,,1,0,0,1985-06-17,0.0155542168674698,574.0,230.68737864622472
tour-de-romandie/2010/stage-3,Tour de Romandie,50,6.0,23400,420,4,678,,1,0,0,2010-04-30,0.0179487179487179,157.0,78.04755160769223
world-championship/1989/result,World Championships - Road Race,350,,259350,3649,3,1600,,0,0,0,1989-08-27,0.0140697898592635,74.0,285.56842269727906
giro-d-italia/2011/stage-21,Giro d'Italia,80,16.0,26000,37,1,891,,1,0,0,2011-05-29,0.0014230769230769,186.0,68.80963583711308
vuelta-a-espana/1987/stage-1,Vuelta a España,80,,219000,2891,2,838,,1,0,0,1987-04-24,0.0132009132420091,0.0,0.0
tour-de-france/2019/stage-6,Tour de France,100,120.0,160500,3944,5,1699,,1,0,0,2019-07-11,0.0245732087227414,1118.0,457.9676397365982
itzulia-basque-country/2002/stage-1,Vuelta al País Vasco,50,,139000,2761,4,966,,1,0,0,2002-04-08,0.0198633093525179,157.0,342.1527633467011
paris-nice/1998/prologue,Paris - Nice,50,,10200,170,3,960,,1,0,0,1998-03-08,0.0166666666666666,67.0,26.441386846528996
paris-roubaix/2017/result,Paris-Roubaix,275,500.0,257000,1299,1,737,,0,0,0,2017-04-09,0.0050544747081712,581.0,417.77793471811384
giro-d-italia/2012/stage-8,Giro d'Italia,80,16.0,229000,4097,2,886,,1,0,0,2012-05-13,0.0178908296943231,879.0,475.4862242617149
giro-d-italia/2003/stage-13,Giro d'Italia,80,,155000,1064,2,734,,1,0,0,2003-05-23,0.0068645161290322,135.0,187.95281953555437
tour-de-france/1997/stage-1,Tour de France,100,,192000,2080,1,1994,,1,0,0,1997-07-06,0.0108333333333333,58.0,113.42816843258464
paris-nice/1983/stage-7a,Paris - Nice,50,,60000,521,1,658,,1,0,0,1983-03-16,0.0086833333333333,5.0,5.270462766947299
tirreno-adriatico/2018/stage-3,Tirreno-Adriatico,50,60.0,239000,3177,3,1196,,1,0,0,2018-03-09,0.0132928870292887,391.5,285.4569143196323
vuelta-a-espana/1992/stage-12,Vuelta a España,80,,200100,2036,1,1033,,1,0,0,1992-05-08,0.0101749125437281,12.0,5.059644256269407
tour-de-romandie/1991/stage-2,Tour de Romandie,50,,141300,1216,1,521,,1,0,0,1991-05-09,0.0086058032554847,6.0,55.92137337369317
giro-d-italia/2005/prologue,Giro d'Italia,80,,1150,10,1,929,,1,0,0,2005-05-07,0.008695652173913,8.0,3.229848506001728
vuelta-a-espana/2006/stage-5,Vuelta a España,80,,178000,4451,5,1026,,1,0,0,2006-08-30,0.025005617977528,1330.0,649.0242620765932
tour-de-france/1997/stage-16,Tour de France,100,,181000,3500,2,1994,,1,0,0,1997-07-22,0.0193370165745856,1315.0,529.9257432988273
vuelta-a-espana/1998/stage-2,Vuelta a España,80,,235000,686,1,1309,,1,0,0,1998-09-06,0.0029191489361702,0.0,85.13544494659257
vuelta-a-espana/2001/stage-20,Vuelta a España,80,,176300,2991,5,971,,1,0,0,2001-09-29,0.016965399886557,1077.0,574.2479113319131
tour-de-france/2021/stage-12,Tour de France,100,120.0,159400,2052,2,1646,,1,0,0,2021-07-08,0.0128732747804266,953.0,235.87686071911844
vuelta-a-espana/2022/stage-7,La Vuelta ciclista a España,80,100.0,190000,3359,2,968,22.0,1,0,0,2022-08-26,0.017678947368421,29.0,514.4127782673701
tour-de-suisse/1993/stage-6,Tour de Suisse,50,,12000,71,1,655,,1,0,0,1993-06-20,0.0059166666666666,96.5,40.49540440318849
vuelta-a-espana/2022/stage-9,La Vuelta ciclista a España,80,100.0,171400,3675,5,968,24.0,1,0,0,2022-08-28,0.021441073512252,829.0,506.2787863399388
itzulia-basque-country/2006/stage-4,Vuelta al País Vasco,50,,172000,2381,3,842,,1,0,0,2006-04-06,0.0138430232558139,0.0,375.48326124170734
dauphine/2016/stage-3,Criterium du Dauphiné,50,60.0,187500,2386,2,1182,,1,0,0,2016-06-08,0.0127253333333333,2.0,302.8769641725111
tour-de-france/2023/stage-16,Tour de France,100,210.0,22400,636,5,1584,31.0,1,0,0,2023-07-18,0.0283928571428571,388.0,95.00543778786488
tour-de-suisse/2008/stage-4,Tour de Suisse,50,,170700,2027,2,1041,,1,0,0,2008-06-17,0.0118746338605741,0.0,95.382545915694
giro-d-italia/2011/stage-5,Giro d'Italia,80,16.0,191000,2723,3,891,,1,0,0,2011-05-11,0.0142565445026178,640.0,436.2004380569253
tour-de-romandie/1990/stage-1,Tour de Romandie,50,,174600,2194,2,684,,1,0,0,1990-05-09,0.012565864833906,29.0,15.569200364822851
tour-de-france/1997/stage-17,Tour de France,100,,218500,15,1,1994,,1,0,0,1997-07-23,6.864988558352403e-05,238.0,77.10247267898626
paris-nice/2015/stage-7,Paris - Nice,50,6.0,9600,518,5,1225,,1,0,0,2015-03-15,0.0539583333333333,134.0,70.77017179657835
paris-nice/2016/stage-6,Paris - Nice,50,60.0,177000,4160,5,1109,,1,0,0,2016-03-12,0.023502824858757,1203.0,739.0421645434549
giro-d-italia/2006/stage-12,Giro d'Italia,80,,218000,2766,4,997,,1,0,0,2006-05-20,0.0126880733944954,789.0,369.1347548891949
vuelta-a-espana/2017/stage-5,Vuelta a España,80,100.0,157700,2909,3,899,,1,0,0,2017-08-23,0.0184464172479391,612.0,218.42615772492945
tour-de-france/1985/stage-12,Tour de France,100,,269000,6000,5,1470,,1,0,0,1985-07-10,0.0223048327137546,731.0,582.4935933221826
giro-d-italia/1999/stage-15,Giro d'Italia,80,,143000,2197,5,1057,,1,0,0,1999-05-30,0.0153636363636363,519.0,244.3489611494487
dauphine/1989/stage-7,Critérium du Dauphiné Libéré,50,,163000,856,1,603,,1,0,0,1989-06-05,0.0052515337423312,26.0,25.82634314028991
tour-de-france/1979/stage-17,Tour de France,100,,166500,6000,5,1381,,1,0,0,1979-07-15,0.036036036036036,734.0,348.8241099763529
paris-nice/2001/stage-5,Paris - Nice,50,,240300,3116,2,902,,1,0,0,2001-03-16,0.0129671244277985,79.0,578.4051400278383
vuelta-a-espana/1993/stage-11,Vuelta a España,80,,221000,4215,4,819,,1,0,0,1993-05-06,0.0190723981900452,986.0,558.8592927558929
dwars-door-vlaanderen/1976/result,Dwars door België / À travers la Belgique,75,,206000,4500,4,141,,0,0,0,1976-03-21,0.0218446601941747,300.0,173.54710040537495
tirreno-adriatico/2004/stage-2,Tirreno-Adriatico,50,,164000,2294,1,926,,1,0,0,2004-03-11,0.0139878048780487,0.0,9.78739036263804
tour-de-france/2023/stage-6,Tour de France,100,210.0,144900,3894,5,1584,21.0,1,0,0,2023-07-06,0.0268737060041407,1402.0,678.9041326015255
tour-de-france/2012/stage-3,Tour de France,100,20.0,197000,1551,3,1703,,1,0,0,2012-07-03,0.0078730964467005,234.0,237.68803517840792
paris-roubaix/2010/result,Paris - Roubaix,275,,259000,2201,1,752,,0,0,0,2010-04-11,0.0084980694980694,510.0,252.56534522727804
tour-de-suisse/1998/prologue,Tour de Suisse,50,,5600,131,5,971,,1,0,0,1998-06-16,0.0233928571428571,28.0,14.44759712389044
paris-nice/2009/stage-8,Paris - Nice,30,,119000,2561,4,796,,1,0,0,2009-03-15,0.0215210084033613,714.0,348.82482282767234
giro-d-italia/2018/stage-6,Giro d'Italia,80,100.0,164000,3307,5,838,,1,0,0,2018-05-10,0.0201646341463414,974.0,543.8990100440842
tour-de-suisse/1984/prologue,Tour de Suisse,50,,4000,33,1,646,,1,0,0,1984-06-13,0.00825,9.0,4.00301610426869
giro-d-italia/2018/stage-16,Giro d'Italia,80,100.0,34200,223,1,838,,1,0,0,2018-05-22,0.0065204678362573,224.0,89.61594857498136
tirreno-adriatico/2017/stage-5,Tirreno-Adriatico,50,60.0,209000,3410,3,1036,,1,0,0,2017-03-12,0.0163157894736842,667.0,600.4435533330397
tour-de-france/1990/stage-6,Tour de France,100,,202500,2082,1,1959,,1,0,0,1990-07-06,0.0102814814814814,8.0,122.04645859081896
vuelta-a-espana/1991/stage-8,Vuelta a España,80,,47000,332,1,1042,,1,0,0,1991-05-06,0.007063829787234,130.5,53.36557139698137
dauphine/2005/stage-3,Critérium du Dauphiné Libéré,50,,46500,560,2,933,,1,0,0,2005-06-08,0.0120430107526881,298.0,121.08917936960476
tour-de-romandie/1987/stage-5a,Tour de Romandie,50,,66600,971,3,251,,1,0,0,1987-05-10,0.0145795795795795,25.0,7.422616660938251
tour-de-suisse/2017/stage-7,Tour de Suisse,50,60.0,166300,2954,5,855,,1,0,0,2017-06-16,0.0177630787733012,1224.0,527.8503967785857
vuelta-a-espana/1996/stage-10,Vuelta a España,80,,46500,971,4,988,,1,0,0,1996-09-17,0.0208817204301075,535.0,190.2763254048001
vuelta-a-espana/1987/stage-21,Vuelta a España,80,,160000,3762,5,838,,1,0,0,1987-05-14,0.0235125,252.0,79.68939703624315
tour-de-suisse/1999/stage-2,Tour de Suisse,50,,220600,2368,2,900,,1,0,0,1999-06-17,0.0107343608340888,0.0,99.77324798347114
vuelta-a-espana/2014/stage-6,Vuelta a España,80,16.0,167100,2977,3,1175,,1,0,0,2014-08-28,0.0178156792339916,638.0,349.6279735141494
tour-de-france/2013/stage-21,Tour de France,100,20.0,118000,766,1,1690,,1,0,0,2013-07-21,0.0064915254237288,10.0,57.39213055603091
vuelta-a-espana/2003/stage-4,Vuelta a España,80,,151000,2287,2,935,,1,0,0,2003-09-09,0.0151456953642384,94.0,152.2318307140862
itzulia-basque-country/2022/stage-5,Itzulia Basque Country,50,50.0,163760,3485,3,741,17.0,1,0,0,2022-04-08,0.021281143136297,562.0,488.88161677863246
dauphine/1990/stage-2,Critérium du Dauphiné Libéré,50,,183900,787,1,637,,1,0,0,1990-05-31,0.0042794997281131,0.0,0.0
vuelta-a-espana/2022/stage-10,La Vuelta ciclista a España,80,100.0,30900,179,1,968,,1,0,0,2022-08-30,0.0057928802588996,302.0,96.2855114061553
giro-d-italia/2018/stage-13,Giro d'Italia,80,100.0,180000,429,1,838,,1,0,0,2018-05-18,0.0023833333333333,0.0,119.04779062173075
tour-de-france/2010/stage-9,Tour de France,100,20.0,204500,5144,4,1685,,1,0,0,2010-07-13,0.0251540342298288,1556.0,722.2812562182633
tour-de-suisse/1986/stage-6,Tour de Suisse,50,,222000,2892,2,835,,1,0,0,1986-06-16,0.013027027027027,127.0,267.0248427893305
vuelta-a-espana/1985/stage-15,Vuelta a España,80,,208000,2532,2,925,,1,0,0,1985-05-08,0.0121730769230769,0.0,0.0
world-championship/1985/result,World Championships - Road Race,350,,265500,3254,2,1580,,0,0,0,1985-09-01,0.0122561205273069,70.0,66.32557439013867
tour-de-suisse/1983/stage-10,Tour de Suisse,50,,166000,1751,2,809,,1,0,0,1983-06-24,0.0105481927710843,0.0,0.0
volta-a-catalunya/1992/stage-6,Volta Ciclista a Catalunya,50,,153000,996,1,758,,1,0,0,1992-09-14,0.0065098039215686,5.0,22.1201265819163
tour-de-france/1992/stage-8,Tour de France,100,,206500,2609,1,2047,,1,0,0,1992-07-12,0.0126343825665859,258.0,252.3242766387267
giro-d-italia/1996/stage-19,Giro d'Italia,80,,62000,881,3,1034,,1,0,0,1996-06-06,0.0142096774193548,513.0,187.0089575117549
tour-de-france/1994/stage-20,Tour de France,100,,208500,2500,2,1731,,1,0,0,1994-07-23,0.0119904076738609,0.0,0.0
tour-de-france/1978/stage-13,Tour de France,100,,221000,5174,5,1241,,1,0,0,1978-07-13,0.0234117647058823,578.0,517.0641234751138
dauphine/2003/stage-1,Critérium du Dauphiné Libéré,50,,198000,2630,2,572,,1,0,0,2003-06-09,0.0132828282828282,0.0,268.2362085331059
ronde-van-vlaanderen/2001/result,Ronde van Vlaanderen / Tour des Flandres,275,,269000,3767,2,1028,,0,0,0,2001-04-09,0.0140037174721189,246.0,251.71518497918345
volta-a-catalunya/1977/stage-7b,Volta Ciclista a Catalunya,50,,109800,1789,3,490,,1,0,0,1977-09-14,0.0162932604735883,2.0,0.3920784235278427
vuelta-a-espana/1996/stage-20,Vuelta a España,80,,209500,4056,4,988,,1,0,0,1996-09-27,0.0193603818615751,1538.0,674.7390622299487
la-fleche-wallone/1976/result,La Flèche Wallonne,225,,227000,2574,2,542,,0,0,0,1976-04-15,0.0113392070484581,683.5,299.03236805211765
tour-de-france/2007/stage-20,Tour de France,100,,146000,796,1,1612,,1,0,0,2007-07-29,0.0054520547945205,15.0,14.63910904771088
ronde-van-vlaanderen/2011/result,Ronde van Vlaanderen / Tour des Flandres ME,275,,258000,2043,2,1013,,0,0,0,2011-04-03,0.0079186046511627,757.0,422.5359904496033
vuelta-a-espana/1980/stage-9,Vuelta a España,80,,138000,1085,1,520,,1,0,0,1980-05-01,0.0078623188405797,349.0,37.54018395425316
giro-d-italia/2010/stage-20,Giro d'Italia,80,16.0,178000,4849,5,878,,1,0,0,2010-05-29,0.0272415730337078,1891.0,882.4471317061949
dauphine/2020/stage-2,Critérium du Dauphiné,50,60.0,135000,2878,5,1243,,1,0,0,2020-08-13,0.0213185185185185,1019.0,593.9795782792011
volta-a-catalunya/2009/stage-4,Volta Ciclista a Catalunya,50,,175700,3076,5,668,,1,0,0,2009-05-21,0.0175071143995446,810.0,448.46158254824
vuelta-a-espana/2010/stage-13,Vuelta a España,80,16.0,193700,2305,1,1123,,1,0,0,2010-09-10,0.0118998451213216,0.0,48.167368679423184
la-fleche-wallone/2014/result,La Flèche Wallonne,225,,199000,2645,3,977,,0,0,0,2014-04-23,0.0132914572864321,257.0,179.64542636693926
omloop-het-nieuwsblad/1978/result,Omloop Het Volk,125,,218000,1503,1,493,,0,0,0,1978-03-04,0.006894495412844,38.0,99.15996634091393
tour-de-france/2004/stage-14,Tour de France,100,,192500,1808,1,1555,,1,0,0,2004-07-18,0.0093922077922077,852.0,208.7022025966691
ronde-van-vlaanderen/2015/result,Ronde van Vlaanderen / Tour des Flandres ME,275,,264900,2174,2,829,,0,0,0,2015-04-05,0.0082068705171762,428.0,267.57213229068316
paris-nice/1980/stage-2,Paris - Nice,50,,187000,1665,1,1128,,1,0,0,1980-03-07,0.008903743315508,71.0,21.66412894068489
tour-de-suisse/1975/stage-5,Tour de Suisse,50,,228000,3201,3,549,,1,0,0,1975-06-16,0.0140394736842105,0.0,0.0
tour-de-suisse/2017/stage-6,Tour de Suisse,50,60.0,166700,4195,4,855,,1,0,0,2017-06-15,0.0251649670065986,1499.0,818.3649463843782
dauphine/2011/stage-5,Critérium du Dauphiné,50,6.0,210000,3282,3,958,,1,0,0,2011-06-10,0.0156285714285714,438.0,435.56813185328303
giro-d-italia/1993/stage-13,Giro d'Italia,80,,217000,2538,2,1089,,1,0,0,1993-06-05,0.0116958525345622,0.0,0.0
volta-a-catalunya/1992/stage-4,Volta Ciclista a Catalunya,50,,21500,173,1,758,,1,0,0,1992-09-12,0.0080465116279069,16.0,13.863621460498695
dauphine/2008/stage-8,Critérium du Dauphiné Libéré,50,,128000,2383,4,644,,1,0,0,2008-06-15,0.0186171875,160.0,355.3549265618471
vuelta-a-espana/2021/stage-17,La Vuelta ciclista a España,80,100.0,185800,4519,5,1023,21.0,1,0,0,2021-09-01,0.0243218514531754,2126.0,839.5505998761017
tirreno-adriatico/2004/stage-7,Tirreno-Adriatico,50,,162000,2201,1,926,,1,0,0,2004-03-16,0.0135864197530864,0.0,12.41195415675672
tour-de-france/1991/stage-5,Tour de France,100,,149500,1191,1,1933,,1,0,0,1991-07-10,0.0079665551839464,13.0,24.90906386755014
giro-d-italia/1994/stage-12,Giro d'Italia,80,,204000,811,1,1292,,1,0,0,1994-06-02,0.0039754901960784,2.0,0.8432740427115678
tour-de-suisse/2013/stage-7,Tour de Suisse,50,6.0,206000,3513,4,960,,1,0,0,2013-06-14,0.0170533980582524,1035.0,577.3540631069703
tirreno-adriatico/2000/stage-7,Tirreno-Adriatico,50,,214000,2208,1,1197,,1,0,0,2000-03-14,0.0103177570093457,39.0,278.96687252501243
giro-d-italia/2002/stage-11,Giro d'Italia,50,,140000,2864,5,920,,1,0,0,2002-05-23,0.0204571428571428,496.0,337.4575306967536
vuelta-a-espana/2020/stage-17,La Vuelta ciclista a España,80,100.0,178200,4365,5,692,,1,0,0,2020-11-07,0.0244949494949494,1588.0,841.423440419193
dauphine/1984/stage-7b,Critérium du Dauphiné Libéré,50,,32000,452,3,529,,1,0,0,1984-06-04,0.014125,217.0,93.22394383259972
paris-nice/1982/stage-7a,Paris - Nice,50,,60300,560,1,721,,1,0,0,1982-03-18,0.0092868988391376,0.0,0.0
milano-sanremo/1990/result,Milano-Sanremo,275,,294000,2173,1,740,,0,0,0,1990-03-17,0.007391156462585,62.0,169.36204226200547
tour-de-suisse/2007/stage-1,Tour de Suisse,50,,158600,1298,1,1089,,1,0,0,2007-06-17,0.0081841109709962,0.0,111.22982880818924
tour-de-france/2002/stage-2,Tour de France,100,,181000,2860,1,1489,,1,0,0,2002-07-08,0.0158011049723756,0.0,95.34545683058222
tour-de-france/2007/prologue,Tour de France,100,,7900,33,1,1612,,1,0,0,2007-07-07,0.0041772151898734,56.0,15.51211545696474
tirreno-adriatico/1996/stage-2,Tirreno-Adriatico,50,,180000,1248,1,585,,1,0,0,1996-03-14,0.0069333333333333,0.0,0.0
tour-de-france/2001/stage-20,Tour de France,100,,160500,1873,1,1496,,1,0,0,2001-07-29,0.0116697819314641,0.0,7.592575180566208
tour-de-france/1988/stage-14,Tour de France,100,,163000,3000,5,1941,,1,0,0,1988-07-17,0.0184049079754601,1011.0,394.7104393211446
paris-nice/1981/stage-4,Paris - Nice,50,,189000,2275,2,821,,1,0,0,1981-03-15,0.012037037037037,309.0,112.54448009564928
tour-de-suisse/2015/stage-3,Tour de Suisse,50,6.0,117300,2213,5,1048,,1,0,0,2015-06-15,0.0188661551577152,528.0,405.3625396430476
tour-de-france/1999/stage-4,Tour de France,100,,194500,1158,1,1255,,1,0,0,1999-07-07,0.0059537275064267,0.0,5.633653516862033
dauphine/1989/stage-4,Critérium du Dauphiné Libéré,50,,155700,1057,1,603,,1,0,0,1989-06-02,0.0067886962106615,0.0,0.0
giro-d-italia/2019/stage-17,Giro d'Italia,80,100.0,181000,3482,5,896,,1,0,0,2019-05-29,0.0192375690607734,770.0,634.4018147731078
vuelta-a-espana/1982/stage-1a,Vuelta a España,80,,97000,1457,3,523,,1,0,0,1982-04-21,0.015020618556701,0.0,0.0
strade-bianche/2010/result,Montepaschi Strade Bianche - Eroica Toscana,75,,190000,2415,3,687,,0,0,0,2010-03-06,0.0127105263157894,375.0,181.30352452711
ronde-van-vlaanderen/2019/result,Ronde van Vlaanderen - Tour des Flandres ME,275,500.0,267000,2164,2,881,,0,0,0,2019-04-07,0.0081048689138576,377.0,213.19722869348143
tour-de-france/2019/stage-4,Tour de France,100,120.0,213500,1555,2,1699,,1,0,0,2019-07-09,0.0072833723653395,0.0,106.0585673474435
vuelta-a-espana/2018/stage-13,La Vuelta ciclista a España,80,100.0,174800,3334,5,1036,,1,0,0,2018-09-07,0.0190732265446224,677.0,656.9537748787324
dauphine/1992/stage-4,Critérium du Dauphiné Libéré,50,,164000,924,1,492,,1,0,0,1992-06-04,0.0056341463414634,62.0,19.60612149304395
tour-de-france/2023/stage-13,Tour de France,100,210.0,137800,2413,5,1584,28.0,1,0,0,2023-07-14,0.017510885341074,1339.0,515.9146813076417
tour-de-suisse/1975/stage-4,Tour de Suisse,50,,228000,3201,3,549,,1,0,0,1975-06-15,0.0140394736842105,0.0,0.0
la-fleche-wallone/2009/result,La Flèche Wallonne,225,,195500,2504,3,1032,,0,0,0,2009-04-22,0.0128081841432225,180.0,119.13797408051283
tirreno-adriatico/2015/stage-3,Tirreno-Adriatico,50,6.0,203000,1936,2,1017,,1,0,0,2015-03-13,0.0095369458128078,36.0,114.0538796860253
ronde-van-vlaanderen/1999/result,Ronde van Vlaanderen / Tour des Flandres,275,,270000,2652,2,993,,0,0,0,1999-04-04,0.0098222222222222,112.0,276.20070102201635
volta-a-catalunya/2009/stage-5,Volta Ciclista a Catalunya,50,,201300,2080,1,668,,1,0,0,2009-05-22,0.0103328365623447,0.0,108.79748257549484
tour-de-romandie/2022/stage-4,Tour de Romandie,50,60.0,180100,4158,5,508,14.0,1,0,0,2022-04-30,0.0230871737923375,483.0,620.416617639889
tour-de-france/1985/stage-18a,Tour de France,100,,52500,2412,5,1470,,1,0,0,1985-07-17,0.0459428571428571,297.0,141.5686466170418
itzulia-basque-country/2001/stage-3,Vuelta al País Vasco,50,,162000,2620,3,898,,1,0,0,2001-04-11,0.0161728395061728,457.0,387.7599099171441
tirreno-adriatico/1991/stage-7,Tirreno-Adriatico,50,,188000,2230,2,710,,1,0,0,1991-03-19,0.0118617021276595,0.0,0.0
vuelta-a-espana/2015/stage-17,Vuelta a España,80,16.0,38700,328,1,1115,,1,0,0,2015-09-09,0.0084754521963824,315.0,111.06735586682476
san-sebastian/1984/result,Clasica Ciclista San Sebastian,225,,244000,3719,3,451,,0,0,0,1984-08-16,0.0152418032786885,176.0,132.05251364304655
gp-quebec/2022/result,Grand Prix Cycliste de Québec,225,500.0,201600,2508,3,866,18.0,0,0,0,2022-09-09,0.0124404761904761,167.0,229.26996220085823
milano-sanremo/2000/result,Milano-Sanremo,275,,294000,2663,1,1566,,0,0,0,2000-03-18,0.0090578231292517,214.0,236.1166001844884
tour-de-suisse/1987/stage-9,Tour de Suisse,50,,145500,1502,1,673,,1,0,0,1987-06-24,0.0103230240549828,98.0,41.16869090839677
milano-sanremo/2005/result,Milano-Sanremo,275,,294000,2280,1,1305,,0,0,0,2005-03-19,0.0077551020408163,255.0,382.6959658846097
tour-de-france/1987/prologue,Tour de France,100,,6100,72,1,1812,,1,0,0,1987-07-01,0.0118032786885245,37.0,31.7929896914104
tour-de-romandie/2023/stage-4,Tour de Romandie,50,60.0,161600,4308,5,539,14.0,1,0,0,2023-04-29,0.0266584158415841,1085.0,791.7975235918145
giro-d-italia/2019/stage-7,Giro d'Italia,80,100.0,185000,2626,2,896,,1,0,0,2019-05-17,0.0141945945945945,376.0,466.716871707116
volta-a-catalunya/1995/stage-7,Volta Ciclista a Catalunya,50,,198400,3913,4,737,,1,0,0,1995-06-22,0.0197227822580645,11.0,4.029823033857756
dauphine/2001/stage-4,Criterium du Dauphiné Libére,50,,43000,606,3,442,,1,0,0,2001-06-14,0.0140930232558139,333.0,169.92257868166195
giro-d-italia/1993/stage-9,Giro d'Italia,80,,219000,2494,2,1089,,1,0,0,1993-06-01,0.0113881278538812,7.0,3.3813212407775355
tour-de-france/2013/stage-6,Tour de France,100,20.0,176500,837,1,1690,,1,0,0,2013-07-04,0.004742209631728,5.0,146.8703917975751
giro-d-italia/2013/stage-5,Giro d'Italia,80,16.0,203000,1490,2,930,,1,0,0,2013-05-08,0.0073399014778325,75.0,317.7380482370166
vuelta-a-espana/1989/stage-12,Vuelta a España,80,,186500,4931,5,803,,1,0,0,1989-05-05,0.0264396782841823,9.5,22.774498408917324
dauphine/2018/stage-2,Critérium du Dauphiné,50,60.0,181000,2336,4,762,,1,0,0,2018-06-05,0.0129060773480662,0.0,265.39641905817996
liege-bastogne-liege/2013/result,Liège - Bastogne - Liège,275,,257500,3755,3,1175,,0,0,0,2013-04-21,0.0145825242718446,316.0,300.2395056544918
tour-de-romandie/1993/stage-6,Tour de Romandie,50,,186400,1290,1,551,,1,0,0,1993-05-09,0.006920600858369,0.0,0.0
giro-d-italia/2018/stage-17,Giro d'Italia,80,100.0,155000,2040,2,838,,1,0,0,2018-05-23,0.0131612903225806,23.0,262.24981155685083
vuelta-a-espana/2021/stage-11,La Vuelta ciclista a España,80,100.0,133600,2647,3,1023,,1,0,0,2021-08-25,0.019812874251497,548.0,309.7989411640926
dauphine/2019/stage-7,Critérium du Dauphiné,50,60.0,133500,4343,5,973,,1,0,0,2019-06-15,0.0325318352059925,1216.0,593.9637616498771
dauphine/2002/stage-7,Critérium du Dauphiné Libéré,50,,150000,1906,2,602,,1,0,0,2002-06-16,0.0127066666666666,311.0,76.00243073686292
vuelta-a-espana/2003/stage-2,Vuelta a España,80,,148000,2045,4,935,,1,0,0,2003-09-07,0.0138175675675675,359.0,341.0110866156979
giro-d-italia/2023/stage-11,Giro d'Italia,80,180.0,219000,2430,2,835,15.0,1,0,0,2023-05-17,0.0110958904109589,0.0,215.3984288737897
vuelta-a-espana/1999/stage-9,Vuelta a España,80,,185800,2076,2,1342,,1,0,0,1999-09-13,0.0111733046286329,510.5,413.3703488051668
giro-d-italia/2010/stage-17,Giro d'Italia,80,16.0,173000,2871,5,878,,1,0,0,2010-05-26,0.0165953757225433,826.0,282.02738958622655
tour-de-romandie/1992/stage-4a,Tour de Romandie,50,,124400,2431,4,343,,1,0,0,1992-05-09,0.0195418006430868,0.0,0.0
volta-a-catalunya/1981/stage-1,Volta Ciclista a Catalunya,50,,190000,4774,5,388,,1,0,0,1981-09-04,0.0251263157894736,0.0,0.0
paris-roubaix/1996/result,Paris - Roubaix,275,,262000,3432,1,423,,0,0,0,1996-04-14,0.0130992366412213,465.0,245.3983129251951
tour-de-romandie/2007/prologue,Tour de Romandie,50,,3500,33,1,674,,1,0,0,2007-05-01,0.0094285714285714,23.0,12.638467101489365
vuelta-a-espana/1994/stage-12,Vuelta a España,80,,226700,1078,1,791,,1,0,0,1994-05-06,0.0047551830613145,6.0,2.5298221281347035
tour-de-france/1987/stage-15,Tour de France,100,,164000,1766,2,1812,,1,0,0,1987-07-15,0.0107682926829268,774.0,221.45023718476205
volta-a-catalunya/2015/stage-6,Volta Ciclista a Catalunya,50,6.0,194100,2463,2,817,,1,0,0,2015-03-28,0.0126893353941267,110.0,211.46433156110032
tour-de-suisse/2017/stage-2,Tour de Suisse,50,60.0,172700,2611,2,855,,1,0,0,2017-06-11,0.0151187029530978,593.0,354.7286838887953
giro-d-italia/2010/stage-7,Giro d'Italia,80,16.0,220000,2373,2,878,,1,0,0,2010-05-15,0.0107863636363636,1226.0,526.9221349092387
vuelta-a-espana/2009/stage-10,Vuelta a España,80,,162000,1529,2,1220,,1,0,0,2009-09-08,0.0094382716049382,601.0,313.26654353195846
tour-de-suisse/2013/stage-1,Tour de Suisse,50,6.0,8100,101,1,960,,1,0,0,2013-06-08,0.0124691358024691,49.0,18.835011690787645
dauphine/2005/stage-6,Critérium du Dauphiné Libéré,50,,155000,3282,4,933,,1,0,0,2005-06-11,0.021174193548387,1244.0,632.9524477554271
paris-nice/2012/prologue,Paris - Nice,50,6.0,9400,87,2,1079,,1,0,0,2012-03-04,0.0092553191489361,43.0,32.41921628317971
volta-a-catalunya/2000/stage-8,Volta a Catalunya,50,,12800,340,5,697,,1,0,0,2000-06-22,0.0265625,181.0,99.80375549241424
tour-de-france/2008/stage-13,Tour de France,100,,182000,1405,1,1520,,1,0,0,2008-07-18,0.0077197802197802,11.0,45.81424764165721
vuelta-a-espana/1987/stage-20,Vuelta a España,80,,183000,4541,5,838,,1,0,0,1987-05-13,0.0248142076502732,100.0,31.622776601683793
vuelta-a-espana/1996/stage-13,Vuelta a España,80,,159000,3051,4,988,,1,0,0,1996-09-20,0.019188679245283,1081.0,469.5029713493658
tour-de-france/1987/stage-8,Tour de France,100,,205500,1351,1,1812,,1,0,0,1987-07-08,0.006574209245742,0.0,96.57747641445862
dauphine/2011/stage-2,Critérium du Dauphiné,50,6.0,179000,1479,1,958,,1,0,0,2011-06-07,0.0082625698324022,6.0,191.1909000892013
giro-d-italia/2001/stage-14,Giro d'Italia,80,,163000,3128,4,920,,1,0,0,2001-06-02,0.0191901840490797,0.0,0.0
tour-de-suisse/1982/stage-8,Tour de Suisse,50,,190000,2649,3,657,,1,0,0,1982-06-24,0.0139421052631578,338.5,370.80817143099745
vuelta-a-espana/1981/stage-15b,Vuelta a España,80,,11300,340,5,457,,1,0,0,1981-05-06,0.0300884955752212,87.5,63.838044105363274
tour-de-romandie/1981/stage-3,Tour de Romandie,50,,180900,2235,2,439,,1,0,0,1981-05-08,0.0123548922056384,15.0,14.046351839534706
vuelta-a-espana/2008/stage-20,Vuelta a España,80,,17100,724,5,1101,,1,0,0,2008-09-20,0.0423391812865497,261.0,94.1477088121335
tour-de-suisse/2000/stage-7,Tour de Suisse,50,,171000,2289,2,895,,1,0,0,2000-06-19,0.0133859649122807,26.0,323.0261443107305
dauphine/1989/stage-6a,Critérium du Dauphiné Libéré,50,,84500,1480,4,603,,1,0,0,1989-06-04,0.0175147928994082,29.0,12.887978895078934
dauphine/1992/stage-8,Critérium du Dauphiné Libéré,50,,32500,433,2,492,,1,0,0,1992-06-08,0.0133230769230769,87.5,41.32257924616462
paris-nice/2002/stage-1,Paris - Nice,50,,176000,2646,3,883,,1,0,0,2002-03-11,0.0150340909090909,0.0,4.691515396539337
vuelta-a-espana/2013/stage-4,Vuelta a España,80,16.0,189000,2799,3,1128,,1,0,0,2013-08-27,0.0148095238095238,161.5,401.77602407525063
dauphine/1992/stage-3,Critérium du Dauphiné Libéré,50,,176000,641,1,492,,1,0,0,1992-06-03,0.0036420454545454,0.0,0.0
vuelta-a-espana/1998/stage-11,Vuelta a España,80,,186000,3709,4,1309,,1,0,0,1998-09-16,0.0199408602150537,841.0,577.9257827810159
tour-de-romandie/2023/stage-1,Tour de Romandie,50,60.0,170900,2323,2,539,13.0,1,0,0,2023-04-26,0.0135927442949093,0.0,258.3606622497408
tour-de-suisse/1985/stage-8,Tour de Suisse,50,,232000,3956,4,699,,1,0,0,1985-06-18,0.017051724137931,27.0,11.0227038425243
e3-harelbeke/2023/result,E3 Saxo Classic,225,400.0,204100,2017,2,860,13.0,0,0,0,2023-03-24,0.0098824105830475,467.0,194.9330151514607
liege-bastogne-liege/2023/result,Liège-Bastogne-Liège,275,800.0,258100,4443,2,1042,12.0,0,0,0,2023-04-23,0.0172142580395195,624.0,381.4509709470007
vuelta-a-espana/2009/stage-21,Vuelta a España,80,,110200,903,1,1220,,1,0,0,2009-09-20,0.0081941923774954,16.0,21.38643282902818
giro-d-italia/2021/stage-12,Giro d'Italia,80,100.0,212000,4433,4,885,,1,0,0,2021-05-20,0.0209103773584905,1066.0,480.5767058290961
vuelta-a-espana/2002/stage-6,Vuelta a España,80,,153100,2817,5,1084,,1,0,0,2002-09-12,0.0183997387328543,751.0,405.09955318278185
world-championship/1974/result,World Championships - Road Race,350,,262500,4976,4,1128,,0,0,0,1974-08-25,0.0189561904761904,238.5,351.29795278934796
vuelta-a-espana/2001/stage-6,Vuelta a España,80,,180600,2382,2,971,,1,0,0,2001-09-13,0.0131893687707641,191.0,473.5170118770229
vuelta-a-espana/2016/stage-19,Vuelta a España,80,100.0,37000,446,1,821,,1,0,0,2016-09-09,0.012054054054054,371.0,130.8821713584517
volta-a-catalunya/1998/stage-2,Volta Ciclista a Catalunya,50,,172700,2118,2,859,,1,0,0,1998-06-19,0.0122640416907932,0.0,92.15500572060684
giro-d-italia/2005/stage-20,Giro d'Italia,80,,119000,366,1,929,,1,0,0,2005-05-29,0.0030756302521008,0.0,9.63581893886122
tour-de-romandie/2005/stage-3,Tour de Romandie,50,,146500,3855,5,799,,1,0,0,2005-04-29,0.0263139931740614,795.0,593.3640974937534
vuelta-a-espana/2016/stage-16,Vuelta a España,80,100.0,156400,1514,2,821,,1,0,0,2016-09-05,0.0096803069053708,35.5,113.19695628754214
giro-d-italia/1992/stage-6,Giro d'Italia,80,,232000,1479,1,953,,1,0,0,1992-05-30,0.006375,56.0,22.99009448533095
milano-sanremo/2013/result,Milano-Sanremo,275,,245000,310,2,1165,,0,0,0,2013-03-17,0.0012653061224489,313.0,299.17569992844295
tour-de-romandie/1984/stage-3,Tour de Romandie,50,,137000,1234,1,491,,1,0,0,1984-05-11,0.0090072992700729,0.0,0.0
tour-de-suisse/1970/stage-4,Tour de Suisse,50,,199000,4277,4,393,,1,0,0,1970-06-14,0.0214924623115577,0.0,0.0
tirreno-adriatico/1995/stage-6,Tirreno-Adriatico,50,,180000,1428,1,749,,1,0,0,1995-03-13,0.0079333333333333,0.0,0.0
giro-d-italia/2004/stage-5,Giro d'Italia,80,,177000,1549,3,621,,1,0,0,2004-05-13,0.0087514124293785,37.0,111.33460422062156
tour-de-suisse/2018/stage-4,Tour de Suisse,50,60.0,189000,2467,5,956,,1,0,0,2018-06-12,0.01305291005291,127.0,254.63099391503064
giro-d-italia/2000/stage-8,Giro d'Italia,80,,255000,4138,4,866,,1,0,0,2000-05-21,0.0162274509803921,552.0,619.6915037926179
la-fleche-wallone/1989/result,La Flèche Wallonne,225,,253000,3697,3,684,,0,0,0,1989-04-12,0.0146126482213438,149.0,152.24012381609248
tour-de-france/1987/stage-20,Tour de France,100,,201000,5500,5,1812,,1,0,0,1987-07-21,0.0273631840796019,1119.5,544.6376956803258
giro-d-italia/2014/stage-2,Giro d'Italia,80,16.0,219000,1349,1,892,,1,0,0,2014-05-10,0.0061598173515981,3.0,33.762238124590915
tirreno-adriatico/1996/stage-3,Tirreno-Adriatico,50,,206000,1443,1,585,,1,0,0,1996-03-15,0.007004854368932,106.0,47.757721888716596
tour-de-france/1999/stage-17,Tour de France,100,,199000,1444,1,1255,,1,0,0,1999-07-22,0.0072562814070351,8.0,37.27613135999393
tour-de-france/1982/stage-8,Tour de France,100,,205000,2823,2,1492,,1,0,0,1982-07-11,0.013770731707317,4.0,148.28143510449485
giro-d-italia/2009/stage-20,Giro d'Italia,80,,203000,1577,3,975,,1,0,0,2009-05-30,0.0077684729064039,120.0,267.48455494014553
world-championship/2009/result,World Championships ME - Road Race,350,,262200,4819,4,1439,,0,0,0,2009-09-27,0.0183790999237223,320.0,250.71050214218997
volta-a-catalunya/1998/stage-7,Volta Ciclista a Catalunya,50,,231700,3340,5,859,,1,0,0,1998-06-24,0.0144151920586965,684.0,549.2321936321011
vuelta-a-espana/2011/stage-20,Vuelta a España,80,,187000,3206,2,1170,,1,0,0,2011-09-10,0.0171443850267379,623.0,423.9690854764808
tour-de-suisse/2003/stage-5,Tour de Suisse,50,,177800,3480,4,660,,1,0,0,2003-06-21,0.0195725534308211,1001.0,498.69946323297495
vuelta-a-espana/2014/stage-17,Vuelta a España,80,16.0,190700,2761,1,1175,,1,0,0,2014-09-10,0.0144782380702674,33.0,149.2596538923995
giro-d-italia/2009/stage-7,Giro d'Italia,80,,244000,2501,2,975,,1,0,0,2009-05-15,0.01025,58.0,119.81817080224498
tour-de-france/1993/stage-12,Tour de France,100,,286000,3500,2,1804,,1,0,0,1993-07-16,0.0122377622377622,1262.0,217.5107695751866
tour-de-france/1999/stage-20,Tour de France,100,,160000,1696,1,1255,,1,0,0,1999-07-25,0.0106,0.0,0.0
volta-a-catalunya/2012/stage-6,Volta Ciclista a Catalunya,50,6.0,169400,2275,2,760,,1,0,0,2012-03-24,0.0134297520661157,16.0,134.19725564445037
volta-a-catalunya/2017/stage-4,Volta Ciclista a Catalunya,50,50.0,134000,2217,4,883,,1,0,0,2017-03-23,0.0165447761194029,72.0,153.28795610286252
vuelta-a-espana/1986/stage-16,Vuelta a España,80,,264000,2500,1,843,,1,0,0,1986-05-08,0.0094696969696969,15.0,5.186520991955976
tirreno-adriatico/2022/stage-4,Tirreno-Adriatico,50,60.0,202000,3092,3,1059,,1,0,0,2022-03-10,0.0153069306930693,526.0,500.0185674050052
paris-nice/1981/prologue,Paris - Nice,50,,7300,42,1,821,,1,0,0,1981-03-11,0.0057534246575342,29.0,9.92063366585098
il-lombardia/2021/result,Il Lombardia,275,500.0,239000,4659,2,1069,13.0,0,0,0,2021-10-09,0.0194937238493723,666.0,498.5628089307813
vuelta-a-espana/1983/stage-11,Vuelta a España,80,,135000,2002,3,705,,1,0,0,1983-04-30,0.0148296296296296,14.0,393.814096879377
giro-d-italia/1999/stage-7,Giro d'Italia,80,,153000,1558,1,1057,,1,0,0,1999-05-21,0.0101830065359477,6.0,141.5951747307464
giro-d-italia/2018/stage-3,Giro d'Italia,80,100.0,229000,1771,2,838,,1,0,0,2018-05-06,0.0077336244541484,0.0,76.46104938866829
tour-de-suisse/2015/stage-6,Tour de Suisse,50,6.0,193100,1296,2,1048,,1,0,0,2015-06-18,0.0067115484205075,16.5,66.53547552035307
tirreno-adriatico/1994/stage-1,Tirreno-Adriatico,50,,99800,1611,3,727,,1,0,0,1994-03-09,0.0161422845691382,0.0,0.0
volta-a-catalunya/2000/stage-7,Volta a Catalunya,50,,154000,4131,5,697,,1,0,0,2000-06-21,0.0268246753246753,1199.0,727.8154275876648
tirreno-adriatico/1997/stage-5,Tirreno-Adriatico,50,,187000,1546,1,692,,1,0,0,1997-03-17,0.0082673796791443,0.0,0.0
tour-de-france/1991/stage-8,Tour de France,100,,73000,934,1,1933,,1,0,0,1991-07-13,0.0127945205479452,504.5,223.60880722803137
giro-d-italia/2004/stage-10,Giro d'Italia,80,,146000,2215,2,621,,1,0,0,2004-05-18,0.0151712328767123,0.0,249.34397719076867
itzulia-basque-country/1998/stage-1,Vuelta Ciclista al País Vasco,50,,116000,2387,4,982,,1,0,0,1998-04-06,0.0205775862068965,405.0,175.63133461523765
tour-de-suisse/1984/stage-6,Tour de Suisse,50,,230000,3843,3,646,,1,0,0,1984-06-19,0.0167086956521739,117.0,86.35102778774552
tour-de-france/2009/stage-6,Tour de France,100,,181500,2227,3,1557,,1,0,0,2009-07-09,0.0122699724517906,70.0,168.91662376165158
vuelta-a-espana/2004/stage-2,Vuelta a España,80,,207000,1070,1,1177,,1,0,0,2004-09-05,0.0051690821256038,0.0,40.695925387263706
paris-nice/1975/prologue,Paris - Nice,50,,1700,67,5,951,,1,0,0,1975-03-09,0.0394117647058823,4.0,1.866604008973459
tour-de-france/2003/stage-17,Tour de France,100,,181000,808,1,1688,,1,0,0,2003-07-24,0.00446408839779,486.0,116.35016408286968
dauphine/2000/stage-2,Criterium du Dauphiné Libére,50,,210000,2730,2,494,,1,0,0,2000-06-06,0.013,20.0,337.3387675685306
vuelta-a-espana/1984/stage-2,Vuelta a España,80,,202000,1570,1,747,,1,0,0,1984-04-19,0.0077722772277227,0.0,0.0
tour-de-suisse/1981/prologue,Tour de Suisse,50,,10000,50,1,516,,1,0,0,1981-06-10,0.005,0.0,0.0
vuelta-a-espana/2015/stage-7,Vuelta a España,80,16.0,191100,3318,5,1115,,1,0,0,2015-08-28,0.0173626373626373,1005.0,542.8431747454624
itzulia-basque-country/2007/stage-5,Vuelta al País Vasco,50,,169000,3508,4,1002,,1,0,0,2007-04-13,0.0207573964497041,906.0,546.1631677116098
world-championship/2008/result,World Championships ME - Road Race,350,,260000,4755,4,1253,,0,0,0,2008-09-28,0.0182884615384615,293.0,257.7839116153669
milano-sanremo/1995/result,Milano-Sanremo,275,,294000,2735,1,1599,,0,0,0,1995-03-18,0.0093027210884353,395.0,227.4930808782638
tour-de-suisse/2004/stage-7,Tour de Suisse,50,,133000,2922,4,676,,1,0,0,2004-06-18,0.02196992481203,701.0,417.75650720665146
la-fleche-wallone/1970/result,La Flèche Wallonne,225,,225000,2531,2,546,,0,0,0,1970-04-19,0.0112488888888888,153.0,59.427427942989354
giro-d-italia/2014/stage-20,Giro d'Italia,80,16.0,167000,4150,5,892,,1,0,0,2014-05-31,0.0248502994011976,922.5,485.4118380963762
vuelta-a-espana/1992/stage-3,Vuelta a España,80,,205000,1072,1,1033,,1,0,0,1992-04-29,0.0052292682926829,0.0,0.0
tirreno-adriatico/2017/stage-3,Tirreno-Adriatico,50,60.0,204000,2291,1,1036,,1,0,0,2017-03-10,0.0112303921568627,0.0,191.26963863457968
giro-d-italia/1992/stage-15,Giro d'Italia,80,,166000,848,1,953,,1,0,0,1992-06-08,0.0051084337349397,53.0,28.233943322808376
tour-de-suisse/1996/stage-7,Tour de Suisse,50,,232000,4121,4,971,,1,0,0,1996-06-18,0.0177629310344827,1343.0,513.0317511390183
dauphine/2010/stage-4,Critérium du Dauphiné,50,6.0,49000,1066,4,673,,1,0,0,2010-06-09,0.0217551020408163,328.0,130.89569206762056
vuelta-a-espana/1991/stage-20,Vuelta a España,80,,212700,3813,4,1042,,1,0,0,1991-05-18,0.0179266572637517,6.0,3.0425553170226594
tour-de-suisse/2014/stage-7,Tour de Suisse,50,6.0,24700,408,2,944,,1,0,0,2014-06-20,0.0165182186234817,191.0,81.70888843486004
vuelta-a-espana/1980/stage-12,Vuelta a España,80,,133000,1257,1,520,,1,0,0,1980-05-04,0.0094511278195488,373.0,111.496347968453
tour-de-france/1988/prologue,Tour de France,100,,1000,44,1,1941,,1,0,0,1988-07-03,0.044,6.5,4.428361955665956
tour-de-suisse/1976/stage-9b,Tour de Suisse,50,,23500,618,5,377,,1,0,0,1976-06-18,0.0262978723404255,30.5,17.352953639078276
tour-de-france/2016/stage-9,Tour de France,100,120.0,184000,4948,5,1758,,1,0,0,2016-07-10,0.026891304347826,1870.0,687.3043889955574
dauphine/2004/stage-2,Critérium du Dauphiné Libéré,50,,181000,2501,3,737,,1,0,0,2004-06-08,0.013817679558011,315.0,459.0361760642756
tour-de-suisse/1985/stage-5,Tour de Suisse,50,,175000,1845,2,699,,1,0,0,1985-06-15,0.0105428571428571,0.0,0.0
vuelta-a-espana/1985/stage-14,Vuelta a España,80,,201000,3000,3,925,,1,0,0,1985-05-07,0.0149253731343283,341.0,146.22290076749525
giro-d-italia/2012/stage-18,Giro d'Italia,80,16.0,149000,1009,1,886,,1,0,0,2012-05-24,0.0067718120805369,0.0,39.45439706917048
tour-de-france/1995/stage-17,Tour de France,100,,210000,2237,1,1871,,1,0,0,1995-07-20,0.0106523809523809,0.0,46.2863091398861
vuelta-a-espana/1985/stage-6,Vuelta a España,80,,145000,3500,5,925,,1,0,0,1985-04-29,0.0241379310344827,345.0,202.83099085867815
itzulia-basque-country/2012/stage-6,Vuelta Ciclista al País Vasco,50,6.0,18900,290,3,928,,1,0,0,2012-04-07,0.0153439153439153,123.0,69.11645411061154
dauphine/1990/stage-7,Critérium du Dauphiné Libéré,50,,177500,631,1,637,,1,0,0,1990-06-05,0.0035549295774647,0.0,0.0
amstel-gold-race/1975/result,Amstel Gold Race,225,,238000,3199,2,301,,0,0,0,1975-03-29,0.0134411764705882,459.0,399.77055919614696
tour-de-france/2009/stage-11,Tour de France,100,,192000,1535,1,1557,,1,0,0,2009-07-15,0.0079947916666666,0.0,13.1022615930837
vuelta-a-espana/2014/stage-3,Vuelta a España,80,16.0,197800,2917,3,1175,,1,0,0,2014-08-25,0.014747219413549,138.0,311.22920498102854
vuelta-a-espana/1990/stage-3,Vuelta a España,80,,204300,1105,1,807,,1,0,0,1990-04-26,0.0054087126774351,0.0,0.0
tour-de-france/2009/stage-19,Tour de France,100,,178000,1891,4,1557,,1,0,0,2009-07-24,0.0106235955056179,121.0,440.683118149729
vuelta-a-espana/1995/prologue,Vuelta a España,80,,7000,19,1,883,,1,0,0,1995-09-02,0.0027142857142857,0.0,27.466887123737855
amstel-gold-race/1996/result,Amstel Gold Race,225,,253000,3468,3,1044,,0,0,0,1996-04-27,0.0137075098814229,91.0,292.67956151992814
tour-de-france/1991/stage-13,Tour de France,100,,232000,6000,5,1933,,1,0,0,1991-07-19,0.0258620689655172,2062.0,698.6793870379726
tour-de-suisse/1975/stage-8,Tour de Suisse,50,,174000,665,1,549,,1,0,0,1975-06-19,0.0038218390804597,0.0,0.0
tour-de-suisse/2021/stage-8,Tour de Suisse,50,60.0,159500,3489,4,670,,1,0,0,2021-06-13,0.0218746081504702,719.0,497.89266430279486
dauphine/2010/stage-2,Critérium du Dauphiné,50,6.0,191500,2524,2,673,,1,0,0,2010-06-07,0.0131801566579634,71.0,192.15474094161263
tour-de-france/2001/stage-11,Tour de France,70,,32000,1863,5,1496,,1,0,0,2001-07-18,0.05821875,549.0,206.94241587587595
itzulia-basque-country/1990/stage-5b,Vuelta Ciclista al País Vasco,50,,7500,62,1,567,,1,0,0,1990-04-09,0.0082666666666666,10.0,8.243515970479804
tour-de-france/2002/stage-6,Tour de France,100,,199500,2081,1,1489,,1,0,0,2002-07-12,0.0104310776942355,0.0,53.445697890015616
giro-d-italia/2001/stage-6,Giro d'Italia,80,,150000,1774,2,920,,1,0,0,2001-05-25,0.0118266666666666,0.0,85.66101742987146
tour-de-suisse/2008/stage-3,Tour de Suisse,50,,155200,1457,1,1041,,1,0,0,2008-06-16,0.0093878865979381,0.0,68.64278211748379
paris-nice/2020/stage-1,Paris - Nice,50,60.0,154000,1501,2,1082,,1,0,0,2020-03-08,0.0097467532467532,196.0,302.93235203778005
tour-de-france/1983/stage-17,Tour de France,100,,223500,6500,5,1269,,1,0,0,1983-07-18,0.029082774049217,1026.5,768.642634778998
ronde-van-vlaanderen/2007/result,Ronde van Vlaanderen / Tour des Flandres ME,275,,259000,4103,2,1016,,0,0,0,2007-04-08,0.0158416988416988,92.0,255.5708684542134
tour-de-romandie/1989/prologue,Tour de Romandie,50,,6600,47,1,502,,1,0,0,1989-05-09,0.0071212121212121,6.0,2.6832815729997477
tour-de-suisse/1993/stage-4,Tour de Suisse,50,,212300,1843,1,655,,1,0,0,1993-06-18,0.0086811116344795,58.0,23.678400846904054
tour-de-france/2018/stage-16,Tour de France,100,120.0,218000,3521,4,1689,,1,0,0,2018-07-24,0.0161513761467889,1145.0,622.7339302227975
vuelta-a-espana/1980/stage-1,Vuelta a España,80,,155000,1405,1,520,,1,0,0,1980-04-23,0.0090645161290322,0.0,0.0
tour-de-romandie/2007/stage-1,Tour de Romandie,50,,157800,2168,3,674,,1,0,0,2007-05-02,0.0137389100126742,0.0,327.5207177449195
paris-nice/1997/stage-1,Paris - Nice,50,,162500,1608,1,779,,1,0,0,1997-03-10,0.0098953846153846,0.0,1.975658322294524
giro-d-italia/2005/stage-10,Giro d'Italia,80,,212000,230,1,929,,1,0,0,2005-05-17,0.0010849056603773,0.0,0.0
giro-d-italia/1996/stage-18,Giro d'Italia,80,,216000,2279,2,1034,,1,0,0,1996-06-05,0.0105509259259259,0.0,10.042027431526726
vuelta-a-espana/1995/stage-10,Vuelta a España,80,,162500,775,1,883,,1,0,0,1995-09-12,0.0047692307692307,0.0,0.0
paris-nice/1986/stage-6,Paris - Nice,50,,194000,2813,3,746,,1,0,0,1986-03-08,0.0145,88.0,16.051819820202006
tour-de-france/2008/stage-8,Tour de France,100,,172500,1892,2,1520,,1,0,0,2008-07-12,0.0109681159420289,0.0,54.932386041531245
tour-de-france/1994/stage-19,Tour de France,100,,47500,2386,5,1731,,1,0,0,1994-07-22,0.0502315789473684,614.0,202.27971378592292
tour-de-france/2013/stage-14,Tour de France,100,20.0,191000,2158,2,1690,,1,0,0,2013-07-13,0.0112984293193717,437.0,134.9625166797539
dauphine/2005/stage-1,Critérium du Dauphiné Libéré,50,,224000,2325,1,933,,1,0,0,2005-06-06,0.0103794642857142,3.0,0.9870548797142228
vuelta-a-espana/2021/stage-13,La Vuelta ciclista a España,80,100.0,203700,1645,1,1023,33.0,1,0,0,2021-08-27,0.0080756013745704,65.0,58.06835944015426
tour-de-france/1997/stage-12,Tour de France,100,,55000,1380,2,1994,,1,0,0,1997-07-18,0.025090909090909,550.5,154.34687153404175
paris-nice/2001/stage-1,Paris - Nice,50,,189200,2126,2,902,,1,0,0,2001-03-12,0.0112367864693446,17.0,175.57963043410422
paris-nice/1983/stage-3a,Paris - Nice,50,,89000,1478,3,658,,1,0,0,1983-03-12,0.0166067415730337,0.0,0.0
vuelta-a-espana/1991/stage-18,Vuelta a España,80,,137500,390,1,1042,,1,0,0,1991-05-16,0.0028363636363636,8.0,2.730575755412026
giro-d-italia/1998/stage-5,Giro d'Italia,80,,206000,2360,2,923,,1,0,0,1998-05-21,0.0114563106796116,0.0,195.6182422426733
giro-d-italia/2003/stage-20,Giro d'Italia,80,,133000,1002,1,734,,1,0,0,2003-05-31,0.0075338345864661,102.0,45.45623980095698
vuelta-a-espana/2007/stage-11,Vuelta a España,80,,191300,1755,1,995,,1,0,0,2007-09-12,0.0091740721380031,0.0,34.404567263751645
paris-nice/1975/stage-4,Paris - Nice,50,,223000,2116,1,951,,1,0,0,1975-03-13,0.0094887892376681,0.0,0.0
tour-de-romandie/2005/prologue,Tour de Romandie,50,,3400,35,1,799,,1,0,0,2005-04-26,0.0102941176470588,15.0,7.959782458864865
vuelta-a-espana/2004/stage-20,Vuelta a España,80,,178000,3628,5,1177,,1,0,0,2004-09-25,0.0203820224719101,578.0,526.1017474890289
vuelta-a-espana/2019/stage-2,La Vuelta ciclista a España,80,100.0,199600,3238,4,798,,1,0,0,2019-08-25,0.0162224448897795,450.0,368.0984047769608
giro-d-italia/2005/stage-17,Giro d'Italia,80,,194000,4088,5,929,,1,0,0,2005-05-26,0.0210721649484536,1474.5,556.3703981206506
tour-de-romandie/2015/stage-5,Tour de Romandie,50,6.0,166100,3688,5,883,,1,0,0,2015-05-02,0.022203491872366,842.0,717.6131646435754
dauphine/2004/prologue,Critérium du Dauphiné Libéré,50,,5400,59,2,737,,1,0,0,2004-06-06,0.0109259259259259,38.5,17.696945515442128
itzulia-basque-country/2000/stage-1,Vuelta al País Vasco,50,,130000,1397,2,992,,1,0,0,2000-04-03,0.0107461538461538,8.0,155.11159800615795
giro-d-italia/2021/stage-11,Giro d'Italia,80,100.0,162000,2364,2,885,,1,0,0,2021-05-19,0.0145925925925925,1355.0,504.8301965593602
giro-d-italia/2004/stage-15,Giro d'Italia,80,,234000,1355,1,621,,1,0,0,2004-05-24,0.0057905982905982,8.0,44.395848156327745
tour-de-france/1996/stage-19,Tour de France,100,,226500,1754,1,1872,,1,0,0,1996-07-19,0.0077439293598233,0.0,15.035097021365058
tirreno-adriatico/2005/stage-4,Tirreno-Adriatico,50,,160000,2747,2,1040,,1,0,0,2005-03-12,0.01716875,336.0,542.2188977958394
tour-de-suisse/2001/stage-4,Tour de Suisse,50,,220600,4132,4,873,,1,0,0,2001-06-23,0.018730734360834,1507.0,623.7567884367152
tour-de-suisse/1993/stage-10,Tour de Suisse,50,,180000,670,1,655,,1,0,0,1993-06-24,0.0037222222222222,0.0,0.0
gp-montreal/2012/result,Grand Prix Cycliste de Montréal,225,,205700,2961,3,856,,0,0,0,2012-09-09,0.0143947496353913,28.0,157.5347469329483
tour-de-suisse/1981/stage-3a,Tour de Suisse,50,,103000,1745,4,516,,1,0,0,1981-06-13,0.0169417475728155,0.0,0.0
giro-d-italia/2011/stage-8,Giro d'Italia,80,16.0,217000,2082,3,891,,1,0,0,2011-05-14,0.0095944700460829,61.0,67.57528281973771
paris-nice/2023/stage-5,Paris - Nice,50,60.0,212400,1958,1,981,17.0,1,0,0,2023-03-09,0.0092184557438794,0.0,21.868617709451936
giro-d-italia/2008/stage-3,Giro d'Italia,80,,221000,2164,2,1058,,1,0,0,2008-05-12,0.0097918552036199,0.0,151.54776329808965
tour-de-france/1988/stage-1,Tour de France,100,,91500,459,1,1941,,1,0,0,1988-07-04,0.0050163934426229,8.0,68.92095889189493
giro-d-italia/1993/stage-20,Giro d'Italia,80,,162000,1326,1,1089,,1,0,0,1993-06-12,0.0081851851851851,142.0,64.98776441615394
paris-nice/2003/stage-5,Paris - Nice,50,,152500,2824,4,831,,1,0,0,2003-03-14,0.0185180327868852,296.0,254.8903309150064
vuelta-a-espana/2022/stage-16,La Vuelta ciclista a España,80,100.0,189400,1076,1,968,31.0,1,0,0,2022-09-06,0.0056810982048574,152.0,110.42711267519006
tour-de-romandie/1994/stage-5,Tour de Romandie,50,,24000,182,1,780,,1,0,0,1994-05-08,0.0075833333333333,39.5,22.499629626581264
tour-de-romandie/1998/stage-1,Tour de Romandie,50,,169900,2719,3,857,,1,0,0,1998-05-06,0.0160035314891112,720.0,399.19697047310547
giro-d-italia/1995/stage-10,Giro d'Italia,80,,42000,573,3,1365,,1,0,0,1995-05-22,0.0136428571428571,185.0,70.61718517546039
tirreno-adriatico/1995/stage-8,Tirreno-Adriatico,50,,164000,2470,3,749,,1,0,0,1995-03-15,0.015060975609756,0.0,0.0
vuelta-a-espana/2022/stage-12,La Vuelta ciclista a España,80,100.0,192700,3238,5,968,31.0,1,0,0,2022-09-01,0.0168033212247016,1445.0,590.5240453479876
giro-d-italia/1997/stage-1,Giro d'Italia,80,,128000,127,1,792,,1,0,0,1997-05-17,0.0009921875,20.0,22.432241272254583
tour-de-france/2014/stage-8,Tour de France,100,20.0,161000,1872,5,1612,,1,0,0,2014-07-12,0.0116273291925465,1071.0,401.3402647105423
tour-de-suisse/2015/stage-5,Tour de Suisse,50,6.0,237300,4458,5,1048,,1,0,0,2015-06-17,0.0187863463969658,1287.0,630.0037958454857
tirreno-adriatico/1983/stage-2,Tirreno-Adriatico,50,,220000,3050,3,463,,1,0,0,1983-03-13,0.0138636363636363,3.0,1.3416407864998738
vuelta-a-espana/1992/stage-16,Vuelta a España,80,,162000,1891,2,1033,,1,0,0,1992-05-12,0.0116728395061728,0.0,5.464532103585
paris-nice/1982/stage-3,Paris - Nice,50,,182000,1045,1,721,,1,0,0,1982-03-14,0.0057417582417582,0.0,0.0
giro-d-italia/2008/stage-2,Giro d'Italia,80,,207000,3889,3,1058,,1,0,0,2008-05-11,0.0187874396135265,124.0,277.58914731650395
vuelta-a-espana/2009/stage-17,Vuelta a España,80,,175000,1337,1,1220,,1,0,0,2009-09-16,0.00764,0.0,40.876346051020874
paris-nice/2017/stage-3,Paris - Nice,50,60.0,190000,1727,2,1158,,1,0,0,2017-03-07,0.0090894736842105,0.0,59.225077636948626
volta-a-catalunya/2010/stage-4,Volta Ciclista a Catalunya,50,6.0,209700,3045,3,722,,1,0,0,2010-03-25,0.0145207439198855,133.0,396.20485625032063
la-fleche-wallone/2019/result,La Flèche Wallonne,225,400.0,195000,2930,3,1017,,0,0,0,2019-04-24,0.015025641025641,340.5,243.2967652026356
giro-d-italia/2007/stage-11,Giro d'Italia,80,,198000,1520,2,844,,1,0,0,2007-05-23,0.0076767676767676,0.0,24.178533799495614
e3-harelbeke/1980/result,E3-Prijs Harelbeke,125,,226000,1502,1,358,,0,0,0,1980-03-22,0.006646017699115,0.0,0.0
volta-a-catalunya/2023/stage-5,Volta Ciclista a Catalunya,50,50.0,176600,2644,5,704,22.0,1,0,0,2023-03-24,0.0149716874292185,604.0,391.4952333299499
giro-d-italia/2022/stage-20,Giro d'Italia,80,100.0,168000,4718,5,817,16.0,1,0,0,2022-05-28,0.0280833333333333,1468.0,845.843135100383
paris-nice/1982/stage-4,Paris - Nice,50,,175000,1839,1,721,,1,0,0,1982-03-15,0.0105085714285714,0.0,0.0
vuelta-a-espana/2008/stage-6,Vuelta a España,80,,150100,1142,3,1101,,1,0,0,2008-09-04,0.0076082611592271,27.0,118.43354656497716
vuelta-a-espana/2005/stage-16,Vuelta a España,80,,162500,732,1,960,,1,0,0,2005-09-13,0.0045046153846153,34.0,39.593633619150864
omloop-het-nieuwsblad/1970/result,Omloop Het Volk,125,,195000,1456,1,430,,0,0,0,1970-02-28,0.0074666666666666,87.0,80.64799500978991
giro-d-italia/2022/stage-21,Giro d'Italia,80,100.0,17400,317,2,817,,1,0,0,2022-05-29,0.0182183908045977,184.0,65.70589507188478
dauphine/2022/stage-4,Critérium du Dauphiné,50,60.0,31900,96,1,789,,1,0,0,2022-06-08,0.0030094043887147,210.5,88.97141282487968
tour-de-france/2008/stage-14,Tour de France,100,,194500,1726,2,1520,,1,0,0,2008-07-19,0.0088740359897172,0.0,174.04470583707095
uae-tour/2019/stage-4,UAE Tour,50,40.0,197000,1438,3,751,,1,0,0,2019-02-27,0.0072994923857868,183.0,180.6587217493143
vuelta-a-espana/1993/stage-15,Vuelta a España,80,,226200,2014,1,819,,1,0,0,1993-05-10,0.0089036251105216,404.0,429.3122406153474
tour-de-france/1982/stage-13,Tour de France,100,,122000,3406,5,1492,,1,0,0,1982-07-16,0.0279180327868852,508.0,303.325286867398
tour-de-suisse/1989/stage-3,Tour de Suisse,50,,199000,1319,1,604,,1,0,0,1989-06-16,0.0066281407035175,14.0,4.427188724235731
vuelta-a-espana/2021/stage-2,La Vuelta ciclista a España,80,100.0,166700,1049,1,1023,,1,0,0,2021-08-15,0.0062927414517096,38.0,89.02327839382683
la-fleche-wallone/2003/result,La Flèche Wallonne,225,,199500,2758,3,1017,,0,0,0,2003-04-23,0.0138245614035087,155.5,272.5973058722017
tour-de-france/2001/stage-4,Tour de France,100,,215000,2901,2,1496,,1,0,0,2001-07-11,0.0134930232558139,971.0,528.2029643565066
tour-de-suisse/2023/stage-4,Tour de Suisse,50,60.0,152500,2795,4,855,25.0,1,0,0,2023-06-14,0.018327868852459,1032.0,566.1324943126167
tirreno-adriatico/1998/stage-8,Tirreno-Adriatico,50,,133000,1218,1,769,,1,0,0,1998-03-18,0.0091578947368421,0.0,0.0
gp-montreal/2019/result,Grand Prix Cycliste de Montréal,225,500.0,219600,4793,2,869,,0,0,0,2019-09-15,0.0218260473588342,50.0,229.13531666228232
volta-a-catalunya/1994/stage-2,Volta Ciclista a Catalunya,50,,233900,2667,2,379,,1,0,0,1994-09-09,0.0114023086789226,4.0,1.932183566158592
tour-de-france/2000/stage-9,Tour de France,100,,181000,1762,1,1437,,1,0,0,2000-07-09,0.0097348066298342,0.0,59.049699433042115
giro-d-italia/1992/stage-3,Giro d'Italia,80,,38000,268,1,953,,1,0,0,1992-05-27,0.0070526315789473,93.0,45.202753111828144
tour-de-france/1980/stage-1a,Tour de France,100,,132500,1546,2,1224,,1,0,0,1980-06-27,0.0116679245283018,0.0,41.08385551841018
liege-bastogne-liege/2014/result,Liège - Bastogne - Liège,275,,262900,4039,3,1176,,0,0,0,2014-04-27,0.015363255990871,234.0,287.98504825325426
tour-de-france/2004/stage-7,Tour de France,100,,204500,2306,1,1555,,1,0,0,2004-07-10,0.0112762836185819,10.0,140.104290246132
itzulia-basque-country/2021/stage-1,Itzulia Basque Country,50,50.0,13890,318,3,936,,1,0,0,2021-04-05,0.0228941684665226,94.0,39.138993699252104
tour-de-romandie/1995/stage-6,Tour de Romandie,50,,174700,1807,1,798,,1,0,0,1995-05-07,0.0103434459072696,0.0,0.0
tour-de-france/1996/stage-4,Tour de France,100,,232000,2325,1,1872,,1,0,0,1996-07-03,0.0100215517241379,273.0,263.9344641808074
tour-de-france/1988/stage-21,Tour de France,100,,46000,576,2,1941,,1,0,0,1988-07-23,0.0125217391304347,290.0,120.49813752877208
tour-de-suisse/1972/stage-7,Tour de Suisse,50,,174000,1570,1,433,,1,0,0,1972-06-22,0.0090229885057471,0.0,0.0
tour-de-france/2000/stage-1,Tour de France,100,,16500,205,1,1437,,1,0,0,2000-07-01,0.0124242424242424,102.0,41.57030502342096
itzulia-basque-country/2002/stage-2,Vuelta al País Vasco,50,,183000,2672,3,966,,1,0,0,2002-04-09,0.0146010928961748,6.0,456.683854027548
tour-de-france/2005/stage-20,Tour de France,70,,55000,806,2,1535,,1,0,0,2005-07-23,0.0146545454545454,462.5,160.45243024449547
milano-sanremo/2002/result,Milano-Sanremo,275,,287000,2162,1,1150,,0,0,0,2002-03-23,0.0075331010452961,218.0,305.18445129079674
tour-de-france/1992/prologue,Tour de France,100,,8000,148,1,2047,,1,0,0,1992-07-04,0.0185,40.0,16.68743821763988
paris-nice/1984/stage-3,Paris - Nice,50,,190000,2578,2,778,,1,0,0,1984-03-10,0.0135684210526315,0.0,0.0
tour-de-france/2013/stage-18,Tour de France,100,20.0,172500,4789,5,1690,,1,0,0,2013-07-18,0.0277623188405797,1510.0,579.1694743337221
giro-d-italia/1995/stage-19,Giro d'Italia,80,,130000,2275,4,1365,,1,0,0,1995-06-01,0.0175,298.0,134.1532509365394
tour-de-france/1996/stage-3,Tour de France,100,,195000,1512,1,1872,,1,0,0,1996-07-02,0.0077538461538461,0.0,33.23557456881499
omloop-het-nieuwsblad/2009/result,Omloop Het Nieuwsblad ME,125,,204500,1909,2,610,,0,0,0,2009-02-28,0.0093349633251833,45.0,295.02784420435023
tour-de-france/2011/stage-13,Tour de France,100,20.0,152500,2605,4,1713,,1,0,0,2011-07-15,0.0170819672131147,472.0,401.33164030207786
tour-de-france/2001/stage-18,Tour de France,70,,61000,541,2,1496,,1,0,0,2001-07-27,0.0088688524590163,553.5,183.2861645985742
tirreno-adriatico/1973/stage-4b,Tirreno-Adriatico,50,,68000,569,1,536,,1,0,0,1973-03-16,0.0083676470588235,0.0,0.0
tirreno-adriatico/1990/stage-8,Tirreno-Adriatico,50,,18300,211,2,590,,1,0,0,1990-03-14,0.0115300546448087,31.5,11.948500603283522
tirreno-adriatico/2005/stage-3,Tirreno-Adriatico,50,,228000,2483,2,1040,,1,0,0,2005-03-11,0.0108903508771929,111.0,238.9808147158677
itzulia-basque-country/2005/stage-3,Vuelta al País Vasco,50,,176000,1499,1,1217,,1,0,0,2005-04-06,0.0085170454545454,0.0,168.60879749411689
tirreno-adriatico/2023/stage-6,Tirreno-Adriatico,50,60.0,193000,3610,3,1044,18.0,1,0,0,2023-03-11,0.0187046632124352,921.0,578.0483752668167
dauphine/2008/stage-5,Critérium du Dauphiné Libéré,50,,193000,2554,2,644,,1,0,0,2008-06-12,0.0132331606217616,409.0,354.0699677569966
vuelta-a-espana/2003/stage-10,Vuelta a España,80,,194000,2237,1,935,,1,0,0,2003-09-15,0.0115309278350515,41.0,117.01367736438038
tour-de-suisse/2013/stage-2,Tour de Suisse,50,6.0,132300,3024,5,960,,1,0,0,2013-06-09,0.0228571428571428,567.0,317.515293860572
tour-de-france/2010/stage-5,Tour de France,100,20.0,187500,1374,1,1685,,1,0,0,2010-07-08,0.007328,0.0,66.12232628800373
volta-a-catalunya/1981/stage-2a,Volta Ciclista a Catalunya,50,,168000,4010,5,388,,1,0,0,1981-09-05,0.0238690476190476,0.0,0.0
tour-de-suisse/1976/stage-7,Tour de Suisse,50,,163000,3638,5,377,,1,0,0,1976-06-16,0.0223190184049079,59.5,44.83190827970632
tirreno-adriatico/2013/stage-2,Tirreno-Adriatico,50,6.0,232000,2039,1,1331,,1,0,0,2013-03-07,0.0087887931034482,0.0,10.091121786811224
giro-d-italia/2023/stage-6,Giro d'Italia,80,180.0,162000,2581,2,835,19.0,1,0,0,2023-05-11,0.0159320987654321,0.0,453.72858727267567
paris-nice/1972/stage-6,Paris - Nice,50,,189500,1049,1,1086,,1,0,0,1972-03-15,0.0055356200527704,25.0,10.540925533894598
vuelta-a-espana/1983/stage-8,Vuelta a España,80,,38000,606,3,705,,1,0,0,1983-04-27,0.0159473684210526,607.5,245.29829745275157
volta-a-catalunya/1992/stage-3,Volta Ciclista a Catalunya,50,,193000,3410,4,758,,1,0,0,1992-09-11,0.0176683937823834,13.0,5.813776741499453
omloop-het-nieuwsblad/2003/result,Omloop Het Volk,125,,200000,2396,2,773,,0,0,0,2003-03-01,0.01198,212.0,76.35805640387775
tour-de-france/2005/stage-19,Tour de France,100,,154000,2344,3,1535,,1,0,0,2005-07-22,0.0152207792207792,271.0,53.94992665546221
dauphine/2002/stage-4,Critérium du Dauphiné Libéré,50,,209000,2833,2,602,,1,0,0,2002-06-13,0.0135550239234449,533.0,358.9203564212691
tour-de-france/1989/stage-9,Tour de France,100,,147000,4500,5,1849,,1,0,0,1989-07-10,0.0306122448979591,902.0,498.98325853997625
tour-de-france/1994/stage-4,Tour de France,100,,204500,2693,1,1731,,1,0,0,1994-07-06,0.0131687041564792,38.0,117.28601361383296
tour-de-suisse/1981/stage-4,Tour de Suisse,50,,190000,1129,1,516,,1,0,0,1981-06-14,0.0059421052631578,0.0,0.0
tour-de-france/2011/stage-7,Tour de France,100,20.0,215000,1304,1,1713,,1,0,0,2011-07-08,0.0060651162790697,113.0,118.79358060186402
giro-d-italia/1999/stage-12,Giro d'Italia,80,,168000,1414,1,1057,,1,0,0,1999-05-26,0.0084166666666666,0.0,26.94874034390385
il-lombardia/1991/result,Giro di Lombardia,275,,242000,3675,3,906,,0,0,0,1991-10-19,0.0151859504132231,139.0,174.16015882609344
tour-de-france/2009/stage-10,Tour de France,100,,194500,2076,2,1557,,1,0,0,2009-07-14,0.0106735218508997,0.0,14.374694596555658
giro-d-italia/2019/stage-15,Giro d'Italia,80,100.0,232000,3122,3,896,,1,0,0,2019-05-26,0.0134568965517241,1370.0,837.4720897732107
vuelta-a-espana/2001/stage-9,Vuelta a España,80,,179200,650,1,971,,1,0,0,2001-09-16,0.0036272321428571,152.0,124.6290953275244
giro-d-italia/1996/stage-4,Giro d'Italia,80,,147000,1932,2,1034,,1,0,0,1996-05-22,0.0131428571428571,0.0,238.9732199108805
vuelta-a-espana/1984/stage-5,Vuelta a España,80,,245000,1624,1,747,,1,0,0,1984-04-22,0.0066285714285714,0.0,14.486109331089091
giro-d-italia/2007/stage-9,Giro d'Italia,80,,177000,2272,2,844,,1,0,0,2007-05-21,0.0128361581920903,0.0,61.73112515205597
tour-de-france/2017/stage-8,Tour de France,100,120.0,187500,3591,4,1791,,1,0,0,2017-07-08,0.019152,1256.0,711.4817513310477
vuelta-a-espana/2012/stage-20,Vuelta a España,80,16.0,169500,4291,5,852,,1,0,0,2012-09-08,0.025315634218289,1059.0,599.7739441698767
tour-de-france/2015/stage-3,Tour de France,100,20.0,159500,1435,3,1812,,1,0,0,2015-07-06,0.0089968652037617,268.5,274.8990633529272
tour-de-france/2011/stage-3,Tour de France,100,20.0,198000,1066,1,1713,,1,0,0,2011-07-04,0.0053838383838383,0.0,56.238581567530126
tour-de-suisse/1982/stage-6,Tour de Suisse,50,,256000,4000,3,657,,1,0,0,1982-06-22,0.015625,188.5,206.4914041794476
paris-nice/1994/stage-4,Paris - Nice,50,,156000,2465,3,900,,1,0,0,1994-03-09,0.015801282051282,1.0,0.2132007163556104
tour-de-france/2001/stage-6,Tour de France,100,,211500,2541,2,1496,,1,0,0,2001-07-13,0.0120141843971631,0.0,145.23258265965933
tour-de-france/2015/stage-12,Tour de France,100,20.0,195000,4948,5,1812,,1,0,0,2015-07-16,0.0253743589743589,2014.0,650.0625383581821
e3-harelbeke/2018/result,Record Bank E3 Harelbeke,225,400.0,206500,1859,2,850,,0,0,0,2018-03-23,0.009002421307506,489.0,314.1617342974038
giro-d-italia/2013/stage-18,Giro d'Italia,80,16.0,20600,1086,5,930,,1,0,0,2013-05-23,0.0527184466019417,318.0,123.04000190258542
vuelta-a-espana/1981/stage-8a,Vuelta a España,80,,100000,1576,3,457,,1,0,0,1981-04-29,0.01576,109.0,24.373140954747704
tour-de-suisse/1975/stage-1,Tour de Suisse,50,,179000,1210,1,549,,1,0,0,1975-06-12,0.0067597765363128,0.0,0.0
omloop-het-nieuwsblad/2008/result,Omloop Het Volk ME,125,,199000,1910,2,627,,0,0,0,2008-03-01,0.0095979899497487,395.0,313.86350961709746
tour-de-france/1991/stage-20,Tour de France,100,,160000,2910,2,1933,,1,0,0,1991-07-26,0.0181875,7.0,147.75239646220334
giro-d-italia/2019/stage-11,Giro d'Italia,80,100.0,221000,476,1,896,,1,0,0,2019-05-22,0.0021538461538461,0.0,59.962125727321656
tirreno-adriatico/2011/stage-4,Tirreno-Adriatico,50,6.0,240000,3351,3,1216,,1,0,0,2011-03-12,0.0139625,787.0,450.27977914778666
giro-d-italia/2009/stage-11,Giro d'Italia,80,,214000,1278,2,975,,1,0,0,2009-05-20,0.0059719626168224,0.0,227.18727357491105
tour-de-france/1995/stage-12,Tour de France,100,,223000,4000,5,1871,,1,0,0,1995-07-14,0.0179372197309417,950.0,395.6364254976574
vuelta-a-espana/1989/stage-18,Vuelta a España,80,,153000,3500,5,803,,1,0,0,1989-05-11,0.022875816993464,32.0,23.490187076498323
e3-harelbeke/1999/result,E3-Prijs Harelbeke,125,,206000,1911,1,900,,0,0,0,1999-03-27,0.0092766990291262,18.0,218.31187349221983
tirreno-adriatico/1984/stage-3,Tirreno-Adriatico,50,,229000,3164,3,541,,1,0,0,1984-03-11,0.0138165938864628,16.0,4.131182235954578
giro-d-italia/1991/stage-11,Giro d'Italia,80,,223000,1744,1,908,,1,0,0,1991-06-06,0.0078206278026905,0.0,0.0
strade-bianche/2022/result,Strade Bianche,225,300.0,184000,3107,3,662,,0,0,0,2022-03-05,0.0168858695652173,494.0,302.553428093468
tour-de-france/2007/stage-12,Tour de France,100,,178500,2337,4,1612,,1,0,0,2007-07-20,0.0130924369747899,0.0,115.6765343599395
uae-tour/2021/stage-6,UAE Tour,50,40.0,165000,363,1,755,,1,0,0,2021-02-26,0.0022,0.0,67.37071339515471
giro-d-italia/1998/stage-1,Giro d'Italia,80,,162000,2102,2,923,,1,0,0,1998-05-17,0.0129753086419753,0.0,14.249713955939148
vuelta-a-espana/1986/stage-3,Vuelta a España,80,,212000,1980,1,843,,1,0,0,1986-04-25,0.0093396226415094,0.0,0.0
vuelta-a-espana/2015/stage-13,Vuelta a España,80,16.0,178000,2673,2,1115,,1,0,0,2015-09-04,0.0150168539325842,288.0,170.88373764800255
il-lombardia/1970/result,Giro di Lombardia,275,,266000,2625,1,608,,0,0,0,1970-10-10,0.0098684210526315,466.0,176.72416594806592
itzulia-basque-country/2003/stage-2,Vuelta al País Vasco,50,,158000,2070,2,910,,1,0,0,2003-04-08,0.0131012658227848,0.0,123.96627645525083
vuelta-a-espana/1985/stage-10,Vuelta a España,80,,209000,4000,4,925,,1,0,0,1985-05-03,0.0191387559808612,1814.0,738.015301926009
la-fleche-wallone/2022/result,La Flèche Wallonne,225,400.0,202100,3160,3,971,14.0,0,0,0,2022-04-20,0.0156358238495794,127.0,281.1009930504271
giro-d-italia/2003/stage-11,Giro d'Italia,80,,222000,168,1,734,,1,0,0,2003-05-21,0.0007567567567567,23.0,83.80102751400767
giro-d-italia/2010/stage-13,Giro d'Italia,80,16.0,223000,2036,2,878,,1,0,0,2010-05-21,0.0091300448430493,460.0,202.8460584818992
vuelta-a-espana/1983/stage-15a,Vuelta a España,80,,134000,1164,1,705,,1,0,0,1983-05-04,0.0086865671641791,23.0,4.55281926560962
vuelta-a-espana/2019/stage-16,La Vuelta ciclista a España,80,100.0,144400,4114,5,798,,1,0,0,2019-09-09,0.0284903047091412,1398.0,577.5009885430251
paris-roubaix/1987/result,Paris - Roubaix,275,,264000,2930,2,613,,0,0,0,1987-04-12,0.0110984848484848,404.0,318.0488896493989
tirreno-adriatico/2009/stage-1,Tirreno-Adriatico,50,,147000,1104,2,1206,,1,0,0,2009-03-11,0.0075102040816326,117.0,139.3306572379239
strade-bianche/2020/result,Strade Bianche,225,300.0,184000,3073,3,804,,0,0,0,2020-08-01,0.0167010869565217,838.5,400.5237374084616
tour-de-suisse/2001/stage-7,Tour de Suisse,50,,25100,657,5,873,,1,0,0,2001-06-26,0.0261752988047808,411.0,135.90582920540976
vuelta-a-espana/1998/stage-21,Vuelta a España,80,,39000,116,1,1309,,1,0,0,1998-09-26,0.0029743589743589,265.0,112.8505385395598
vuelta-a-espana/1988/stage-8,Vuelta a España,80,,176700,4000,5,828,,1,0,0,1988-05-02,0.0226372382569326,114.5,46.43765234758918
tour-de-france/1992/stage-10,Tour de France,100,,217000,2000,1,2047,,1,0,0,1992-07-14,0.0092165898617511,0.0,209.8670557370638
tour-de-france/1982/stage-4,Tour de France,100,,207000,1972,1,1492,,1,0,0,1982-07-06,0.0095265700483091,0.0,137.2921963179675
giro-d-italia/2020/stage-14,Giro d'Italia,80,100.0,34100,716,1,765,,1,0,0,2020-10-17,0.0209970674486803,338.0,121.34798154115909
paris-nice/1992/stage-4,Paris - Nice,50,,176000,2653,3,877,,1,0,0,1992-03-12,0.0150738636363636,0.0,0.0
giro-d-italia/2006/stage-11,Giro d'Italia,80,,171000,1947,2,997,,1,0,0,2006-05-19,0.0113859649122807,665.0,313.95750380285824
giro-d-italia/1995/stage-4,Giro d'Italia,80,,192000,1089,1,1365,,1,0,0,1995-05-16,0.005671875,6.0,1.9321835661585915
tirreno-adriatico/2002/stage-7,Tirreno-Adriatico,50,,162000,1240,1,1056,,1,0,0,2002-03-20,0.0076543209876543,0.0,12.228252700557718
giro-d-italia/2012/stage-6,Giro d'Italia,80,16.0,210000,3661,2,886,,1,0,0,2012-05-11,0.0174333333333333,111.0,620.2855708781775
strade-bianche/2021/result,Strade Bianche,225,300.0,184000,3072,3,827,,0,0,0,2021-03-06,0.016695652173913,632.5,357.0122044269738
tour-de-suisse/1983/stage-1,Tour de Suisse,50,,173000,2500,3,809,,1,0,0,1983-06-15,0.0144508670520231,0.0,291.6918352655133
giro-d-italia/1997/stage-5,Giro d'Italia,80,,215000,3681,4,792,,1,0,0,1997-05-21,0.0171209302325581,846.0,449.91568544180376
tour-de-suisse/1994/stage-6,Tour de Suisse,50,,213000,2182,1,616,,1,0,0,1994-06-20,0.010244131455399,62.5,50.04176033851904
tour-de-france/1990/stage-16,Tour de France,100,,215000,3999,5,1959,,1,0,0,1990-07-17,0.0186,1298.0,562.3833036990899
tour-de-france/2009/stage-21,Tour de France,100,,164000,521,1,1557,,1,0,0,2009-07-26,0.0031768292682926,0.0,12.508874507445164
tirreno-adriatico/1997/prologue,Tirreno-Adriatico,50,,4000,28,1,692,,1,0,0,1997-03-12,0.007,9.0,3.740278404033922
tour-de-suisse/1970/stage-7,Tour de Suisse,50,,198000,4784,5,393,,1,0,0,1970-06-17,0.0241616161616161,354.0,189.59641346818773
vuelta-a-espana/2000/stage-15,Vuelta a España,80,,164000,2193,2,981,,1,0,0,2000-09-11,0.0133719512195121,316.0,78.5986412428914
vuelta-a-espana/1980/stage-10,Vuelta a España,80,,178000,3155,4,520,,1,0,0,1980-05-02,0.0177247191011235,600.0,501.7397013228459
liege-bastogne-liege/1989/result,Liège - Bastogne - Liège,275,,268000,4061,3,1152,,0,0,0,1989-04-16,0.0151529850746268,260.0,354.95865916683044
volta-a-catalunya/2018/stage-2,Volta Ciclista a Catalunya,50,50.0,175600,3221,2,659,,1,0,0,2018-03-20,0.0183428246013667,0.0,78.76260387784194
uae-tour/2022/stage-4,UAE Tour,50,40.0,181000,2646,5,621,,1,0,0,2022-02-23,0.0146187845303867,490.0,469.690194805868
itzulia-basque-country/2018/stage-1,Itzulia Basque Country,50,50.0,162100,2820,4,824,,1,0,0,2018-04-02,0.0173966687230104,315.0,193.75095846354412
tour-de-france/1991/stage-14,Tour de France,100,,172500,1912,1,1933,,1,0,0,1991-07-20,0.0110840579710144,96.0,31.222158276049097
itzulia-basque-country/2002/stage-5b,Vuelta al País Vasco,50,,15200,414,5,966,,1,0,0,2002-04-12,0.0272368421052631,139.0,77.16468407547892
giro-d-italia/2017/stage-7,Giro d'Italia,80,100.0,224000,1340,2,881,,1,0,0,2017-05-12,0.0059821428571428,17.0,94.87625535536418
tirreno-adriatico/1998/stage-1,Tirreno-Adriatico,50,,133000,2070,3,769,,1,0,0,1998-03-11,0.015563909774436,0.0,299.98927595554113
tour-de-france/2013/stage-17,Tour de France,100,20.0,32000,928,2,1690,,1,0,0,2013-07-17,0.029,353.0,121.65648153398809
giro-d-italia/1998/stage-8,Giro d'Italia,80,,191000,1199,1,923,,1,0,0,1998-05-24,0.0062774869109947,0.0,170.52048076524662
giro-d-italia/2021/stage-4,Giro d'Italia,80,100.0,187000,3138,2,885,,1,0,0,2021-05-11,0.0167807486631016,835.0,556.2576032445376
paris-nice/1999/stage-4,Paris - Nice,50,,187000,3569,4,792,,1,0,0,1999-03-11,0.0190855614973262,711.0,628.4573840988094
giro-d-italia/2016/stage-19,Giro d'Italia,80,100.0,162000,3905,5,933,,1,0,0,2016-05-27,0.0241049382716049,1506.0,723.0300254488601
tour-de-france/1982/stage-9b,Tour de France,100,,138000,1350,1,1492,,1,0,0,1982-07-12,0.0097826086956521,96.0,24.636276952762163
vuelta-a-espana/1990/stage-1,Vuelta a España,80,,11500,31,1,807,,1,0,0,1990-04-24,0.002695652173913,13.0,6.092149515096105
tour-de-romandie/2000/stage-2,Tour de Romandie,50,,162100,2208,3,764,,1,0,0,2000-05-04,0.0136212214682294,21.0,410.157687085469
tirreno-adriatico/1990/stage-2,Tirreno-Adriatico,50,,175000,760,1,590,,1,0,0,1990-03-08,0.0043428571428571,108.0,45.20090952870552
tour-de-suisse/1978/stage-2,Tour de Suisse,50,,169500,2064,2,691,,1,0,0,1978-06-16,0.0121769911504424,0.0,0.0
volta-a-catalunya/1977/stage-4a,Volta Ciclista a Catalunya,50,,38900,443,2,490,,1,0,0,1977-09-11,0.0113881748071979,103.0,78.44805299870076
giro-d-italia/2020/stage-20,Giro d'Italia,80,100.0,190000,3716,5,765,,1,0,0,2020-10-24,0.0195578947368421,1600.0,754.5645289007651
itzulia-basque-country/2019/stage-2,Itzulia Basque Country,50,50.0,149500,1887,3,762,,1,0,0,2019-04-09,0.0126220735785953,495.0,363.65646311724663
vuelta-a-espana/1999/stage-13,Vuelta a España,80,,149000,3001,4,1342,,1,0,0,1999-09-18,0.0201409395973154,1260.0,463.0341587205321
dauphine/2014/stage-2,Critérium du Dauphiné,50,6.0,156000,3091,5,941,,1,0,0,2014-06-09,0.0198141025641025,674.0,418.24351275546394
tour-de-suisse/2017/stage-1,Tour de Suisse,50,60.0,6000,49,1,855,,1,0,0,2017-06-10,0.0081666666666666,35.0,12.857657276866217
vuelta-a-espana/2015/stage-20,Vuelta a España,80,16.0,175800,3812,4,1115,,1,0,0,2015-09-12,0.021683731513083,1173.0,469.9210281974192
volta-a-catalunya/2018/stage-3,Volta Ciclista a Catalunya,50,50.0,153200,2782,4,659,,1,0,0,2018-03-21,0.0181592689295039,100.5,221.4839766456813
dauphine/1977/stage-7a,Critérium du Dauphiné Libéré,50,,89000,1539,4,809,,1,0,0,1977-06-06,0.0172921348314606,0.0,0.0
tour-de-suisse/2023/stage-3,Tour de Suisse,50,60.0,143800,2617,5,855,22.0,1,0,0,2023-06-13,0.0181988873435326,614.0,406.60002888657795
volta-a-catalunya/2022/stage-5,Volta Ciclista a Catalunya,50,50.0,206300,2478,2,722,15.0,1,0,0,2022-03-25,0.0120116335433834,0.0,95.22951773638368
vuelta-a-espana/1989/stage-20,Vuelta a España,80,,47500,377,1,803,,1,0,0,1989-05-13,0.0079368421052631,85.0,40.074375298381824
gp-quebec/2013/result,Grand Prix Cycliste de Québec,225,,201600,2878,3,908,,0,0,0,2013-09-13,0.0142757936507936,72.0,135.53211661154205
tour-de-romandie/2018/stage-1,Tour de Romandie,50,60.0,166600,2486,2,566,,1,0,0,2018-04-25,0.014921968787515,95.0,416.6346568130788
vuelta-a-espana/2020/stage-8,La Vuelta ciclista a España,80,100.0,164000,3021,5,692,,1,0,0,2020-10-28,0.018420731707317,1020.0,474.6164865715201
tour-de-france/2003/stage-13,Tour de France,100,,197500,4000,5,1688,,1,0,0,2003-07-19,0.020253164556962,1529.0,668.0222381422011
la-fleche-wallone/1987/result,La Flèche Wallonne,225,,245000,3778,3,529,,0,0,0,1987-04-15,0.0154204081632653,281.0,247.1769416353202
tour-de-france/1993/stage-5,Tour de France,100,,225500,2350,1,1804,,1,0,0,1993-07-08,0.0104212860310421,1.0,27.381217668162535
vuelta-a-espana/1988/stage-2,Vuelta a España,80,,210000,4000,4,828,,1,0,0,1988-04-26,0.019047619047619,74.0,35.74539597393395
vuelta-a-espana/2015/stage-12,Vuelta a España,80,16.0,173000,2174,2,1115,,1,0,0,2015-09-03,0.0125664739884393,0.0,33.0758913000651
vuelta-a-espana/2011/stage-12,Vuelta a España,80,,160000,2433,3,1170,,1,0,0,2011-09-01,0.01520625,37.0,199.7281089266004
tour-de-france/1994/stage-8,Tour de France,100,,218500,2702,1,1731,,1,0,0,1994-07-10,0.0123661327231121,136.0,147.78843073711914
tour-de-france/1988/stage-7,Tour de France,100,,225000,2153,1,1941,,1,0,0,1988-07-09,0.0095688888888888,107.0,127.46469318748802
ronde-van-vlaanderen/1987/result,Ronde van Vlaanderen / Tour des Flandres,275,,274000,2141,1,854,,0,0,0,1987-04-05,0.0078138686131386,302.0,161.30547530085113
volta-a-catalunya/2012/stage-1,Volta Ciclista a Catalunya,50,6.0,138900,729,2,760,,1,0,0,2012-03-19,0.0052483801295896,92.0,35.51368311386033
tour-de-france/1986/stage-10,Tour de France,100,,183000,1626,1,1872,,1,0,0,1986-07-13,0.0088852459016393,162.0,43.70263944438795
tour-de-france/2003/stage-11,Tour de France,100,,153500,1858,2,1688,,1,0,0,2003-07-17,0.0121042345276872,42.0,88.08211162753597
vuelta-a-espana/1988/stage-20,Vuelta a España,80,,30000,427,3,828,,1,0,0,1988-05-14,0.0142333333333333,92.5,32.38243694075883
tour-de-suisse/2012/stage-1,Tour de Suisse,50,6.0,218300,3542,3,917,,1,0,0,2012-06-10,0.0162253779202931,370.0,274.57861032279106
world-championship/1978/result,World Championships - Road Race,350,,273720,5244,4,1332,,0,0,0,1978-08-27,0.0191582639193336,119.0,348.2419348115478
giro-d-italia/2016/stage-10,Giro d'Italia,80,100.0,219000,4618,5,933,,1,0,0,2016-05-17,0.0210867579908675,1400.0,734.5648489846569
world-championship/1994/result,World Championships - Road Race,350,,251800,4687,4,1310,,0,0,0,1994-08-28,0.0186139793486894,830.0,335.93466384243135
tour-de-france/2022/stage-10,Tour de France,100,120.0,148100,2733,5,1551,26.0,1,0,0,2022-07-12,0.018453747467927,882.0,517.0027304284187
giro-d-italia/2005/stage-5,Giro d'Italia,80,,223000,3353,3,929,,1,0,0,2005-05-12,0.0150358744394618,47.0,299.7284056666966
paris-nice/2003/prologue,Paris - Nice,50,,4800,35,1,831,,1,0,0,2003-03-09,0.0072916666666666,24.0,13.576181591421095
vuelta-a-espana/2005/stage-2,Vuelta a España,50,,189300,2065,2,960,,1,0,0,2005-08-28,0.0109086106708927,312.0,258.90246158776944
tour-de-romandie/2022/stage-2,Tour de Romandie,50,60.0,168200,2327,2,508,18.0,1,0,0,2022-04-28,0.0138347205707491,0.0,210.26322396424675
giro-d-italia/2016/stage-17,Giro d'Italia,80,100.0,196000,1567,2,933,,1,0,0,2016-05-25,0.0079948979591836,18.0,66.88430320731426
ronde-van-vlaanderen/1972/result,Ronde van Vlaanderen / Tour des Flandres,275,,250000,3593,3,998,,0,0,0,1972-04-09,0.014372,193.0,129.92938442365093
tour-de-france/1990/stage-4,Tour de France,100,,203000,1952,1,1959,,1,0,0,1990-07-03,0.009615763546798,21.0,19.936375801000843
dauphine/2022/stage-2,Critérium du Dauphiné,50,60.0,169800,2956,2,789,25.0,1,0,0,2022-06-06,0.0174087161366313,5.0,266.56844658794137
tour-de-france/1989/stage-3,Tour de France,100,,241000,3895,2,1849,,1,0,0,1989-07-03,0.016161825726141,68.0,94.87671146286044
vuelta-a-espana/2013/stage-17,Vuelta a España,80,16.0,189000,2080,2,1128,,1,0,0,2013-09-11,0.011005291005291,91.0,162.53225802691864
paris-roubaix/2001/result,Paris - Roubaix,275,,254500,1136,1,797,,0,0,0,2001-04-15,0.0044636542239685,483.0,537.4880332236112
vuelta-a-espana/1998/stage-16,Vuelta a España,80,,143700,2459,4,1309,,1,0,0,1998-09-21,0.0171120389700765,385.0,322.4772449397504
tour-de-france/1987/stage-12,Tour de France,100,,228000,2211,1,1812,,1,0,0,1987-07-12,0.0096973684210526,0.0,30.940471691174373
san-sebastian/2003/result,Clasica Ciclista San Sebastian,225,,227000,3822,2,970,,0,0,0,2003-08-09,0.0168370044052863,410.0,265.8696351565045
tour-de-romandie/2015/stage-2,Tour de Romandie,50,6.0,166100,2603,4,883,,1,0,0,2015-04-29,0.015671282360024,252.0,306.45944115334544
amstel-gold-race/2007/result,Amstel Gold Race,225,,253100,3425,2,1004,,0,0,0,2007-04-22,0.0135322007111813,287.0,238.9944740013346
vuelta-a-espana/2015/stage-19,Vuelta a España,80,16.0,185800,2331,3,1115,,1,0,0,2015-09-11,0.012545748116254,1351.0,484.93994604471806
giro-d-italia/1994/stage-9,Giro d'Italia,80,,153000,820,1,1292,,1,0,0,1994-05-30,0.005359477124183,0.0,0.0
tirreno-adriatico/2022/stage-7,Tirreno-Adriatico,50,60.0,159000,1296,2,1059,,1,0,0,2022-03-13,0.0081509433962264,0.0,36.48132572916655
tour-de-suisse/1981/stage-6,Tour de Suisse,50,,183000,878,1,516,,1,0,0,1981-06-16,0.0047978142076502,0.0,0.0
paris-nice/2007/stage-2,Paris - Nice,50,,177000,2449,3,823,,1,0,0,2007-03-13,0.0138361581920903,19.0,44.380391375061286
tour-de-france/2016/stage-5,Tour de France,100,120.0,216000,4105,4,1758,,1,0,0,2016-07-06,0.0190046296296296,1425.0,508.5074136882686
dauphine/2013/stage-2,Critérium du Dauphiné,50,6.0,183000,2533,2,985,,1,0,0,2013-06-03,0.0138415300546448,127.0,263.63814038408486
ronde-van-vlaanderen/2003/result,Ronde van Vlaanderen / Tour des Flandres,275,,254000,4076,2,999,,0,0,0,2003-04-06,0.0160472440944881,398.0,284.28394495461185
tirreno-adriatico/2004/stage-4,Tirreno-Adriatico,50,,179000,2472,3,926,,1,0,0,2004-03-13,0.0138100558659217,136.5,227.10865894432567
tour-de-suisse/1974/stage-6,Tour de Suisse,50,,201000,1121,1,541,,1,0,0,1974-06-18,0.0055771144278606,9.0,3.6742346141747673
tour-de-suisse/1987/prologue,Tour de Suisse,50,,8500,31,1,673,,1,0,0,1987-06-16,0.0036470588235294,10.0,4.850544070285083
giro-d-italia/2004/stage-2,Giro d'Italia,80,,184000,2721,2,621,,1,0,0,2004-05-10,0.0147880434782608,159.0,365.18798517009816
vuelta-a-espana/2017/stage-17,Vuelta a España,80,100.0,180500,4022,4,899,,1,0,0,2017-09-06,0.0222825484764542,976.0,468.4560145612565
vuelta-a-espana/2002/stage-13,Vuelta a España,80,,189800,2208,2,1084,,1,0,0,2002-09-20,0.0116332982086406,501.0,276.0391224636521
giro-d-italia/2021/stage-9,Giro d'Italia,80,100.0,158000,3503,3,885,,1,0,0,2021-05-16,0.0221708860759493,545.0,589.1020972121493
volta-a-catalunya/2001/stage-3,Volta a Catalunya,50,,148600,1957,2,617,,1,0,0,2001-06-23,0.0131695827725437,21.0,101.17824739182744
volta-a-catalunya/1996/stage-4,Volta Ciclista a Catalunya,50,,190000,6317,5,327,,1,0,0,1996-06-17,0.0332473684210526,202.5,109.6734547038009
vuelta-a-espana/1988/stage-11,Vuelta a España,80,,217200,4000,4,828,,1,0,0,1988-05-05,0.0184162062615101,0.0,0.0
itzulia-basque-country/2014/stage-3,Vuelta Ciclista al País Vasco,50,6.0,194700,2431,2,912,,1,0,0,2014-04-09,0.0124858757062146,0.0,144.63586872493354
paris-nice/1976/stage-4,Paris - Nice,50,,188500,1998,2,779,,1,0,0,1976-03-11,0.0105994694960212,0.0,0.0
paris-nice/1986/stage-2,Paris - Nice,50,,223000,3588,3,746,,1,0,0,1986-03-04,0.0160896860986547,0.0,0.0
tour-de-france/2005/stage-6,Tour de France,100,,199000,1750,2,1535,,1,0,0,2005-07-07,0.0087939698492462,7.0,121.54929806476396
tour-de-france/2021/stage-14,Tour de France,100,120.0,183700,2877,4,1646,,1,0,0,2021-07-10,0.0156614044637996,795.0,463.5274885397421
tour-de-france/2015/stage-1,Tour de France,100,20.0,13800,28,1,1812,,1,0,0,2015-07-04,0.0020289855072463,79.0,30.38285375650838
dauphine/2006/stage-4,Critérium du Dauphiné Libéré,50,,186000,3003,3,800,,1,0,0,2006-06-08,0.0161451612903225,773.0,474.307932497793
tour-de-romandie/2023/stage-3,Tour de Romandie,50,60.0,18750,377,2,539,17.0,1,0,0,2023-04-28,0.0201066666666666,110.0,68.29740785045075
vuelta-a-espana/2007/stage-10,Vuelta a España,80,,214000,4578,5,995,,1,0,0,2007-09-10,0.0213925233644859,1134.0,690.0939440183395
tour-de-france/1988/stage-5,Tour de France,100,,147500,1336,1,1941,,1,0,0,1988-07-07,0.009057627118644,73.0,139.92251018119194
paris-roubaix/1990/result,Paris - Roubaix,275,,265000,1228,1,763,,0,0,0,1990-04-08,0.0046339622641509,701.0,610.9554178403877
giro-d-italia/2001/stage-17,Giro d'Italia,80,,119000,2447,4,920,,1,0,0,2001-06-06,0.020563025210084,721.0,316.97753672855936
omloop-het-nieuwsblad/2020/result,Omloop Het Nieuwsblad ME,225,300.0,200000,1663,2,722,,0,0,0,2020-02-29,0.008315,243.0,199.31982165441505
san-sebastian/1992/result,Clasica Ciclista San Sebastian,225,,234000,3278,3,1087,,0,0,0,1992-08-08,0.014008547008547,322.0,163.04495975826907
giro-d-italia/2002/stage-12,Giro d'Italia,80,,200000,3389,2,920,,1,0,0,2002-05-24,0.016945,816.0,505.249695998527
vuelta-a-espana/2019/stage-11,La Vuelta ciclista a España,80,100.0,180000,3168,4,798,,1,0,0,2019-09-04,0.0176,1115.0,292.546948620355
vuelta-a-espana/2007/stage-12,Vuelta a España,80,,176000,1750,1,995,,1,0,0,2007-09-13,0.0099431818181818,0.0,98.53126715594756
vuelta-a-espana/1982/stage-3,Vuelta a España,80,,208000,1925,1,523,,1,0,0,1982-04-23,0.0092548076923076,0.0,0.0
tour-de-france/2021/stage-6,Tour de France,100,120.0,160400,977,1,1646,,1,0,0,2021-07-01,0.0060910224438902,0.0,49.89768293416293
ronde-van-vlaanderen/1996/result,Ronde van Vlaanderen / Tour des Flandres,275,,269000,1712,2,909,,0,0,0,1996-04-07,0.0063643122676579,751.0,365.9310253942973
paris-nice/2009/stage-4,Paris - Nice,30,,173500,2600,2,796,,1,0,0,2009-03-11,0.0149855907780979,167.0,235.98285749857817
vuelta-a-espana/2013/stage-13,Vuelta a España,80,16.0,169000,2392,4,1128,,1,0,0,2013-09-06,0.0141538461538461,296.0,365.2032657639788
tour-de-france/1993/prologue,Tour de France,100,,6800,110,1,1804,,1,0,0,1993-07-03,0.0161764705882352,48.0,16.852671562567718
tour-de-france/1987/stage-18,Tour de France,100,,36500,1988,5,1812,,1,0,0,1987-07-19,0.0544657534246575,611.5,249.16927331020025
dauphine/2006/prologue,Critérium du Dauphiné Libéré,18,,4100,34,1,800,,1,0,0,2006-06-04,0.0082926829268292,19.0,7.328023086770977
tour-de-suisse/1990/stage-5,Tour de Suisse,50,,12000,116,1,767,,1,0,0,1990-06-16,0.0096666666666666,6.5,17.00620801681289
tour-de-suisse/1996/stage-8,Tour de Suisse,50,,34600,340,1,971,,1,0,0,1996-06-19,0.0098265895953757,295.0,99.57964917195493
paris-nice/1975/stage-6a,Paris - Nice,50,,13800,172,2,951,,1,0,0,1975-03-15,0.012463768115942,37.0,21.82353469689699
volta-a-catalunya/2014/stage-1,Volta Ciclista a Catalunya,50,6.0,165700,1917,2,896,,1,0,0,2014-03-24,0.0115691007845503,0.0,54.59986650238187
vuelta-a-espana/2017/stage-14,Vuelta a España,80,100.0,175000,3723,5,899,,1,0,0,2017-09-02,0.0212742857142857,1242.0,578.5589116690069
paris-nice/1997/stage-7a,Paris - Nice,50,,69800,888,2,779,,1,0,0,1997-03-16,0.0127220630372492,0.0,0.0
volta-a-catalunya/2019/stage-1,Volta Ciclista a Catalunya,50,50.0,163700,3015,4,918,,1,0,0,2019-03-25,0.0184178375076359,162.0,326.41146281348483
dauphine/1977/stage-3,Critérium du Dauphiné Libéré,50,,186000,2126,2,809,,1,0,0,1977-06-02,0.0114301075268817,0.0,0.0
tirreno-adriatico/1998/stage-4,Tirreno-Adriatico,50,,215000,3113,3,769,,1,0,0,1998-03-14,0.0144790697674418,4.0,130.29062647381346
tour-de-suisse/2014/stage-4,Tour de Suisse,50,6.0,160400,1241,3,944,,1,0,0,2014-06-17,0.0077369077306733,4.0,97.57854326955416
itzulia-basque-country/2005/stage-1,Vuelta al País Vasco,50,,133000,1340,1,1217,,1,0,0,2005-04-04,0.0100751879699248,21.0,118.28618104474846
giro-d-italia/2020/stage-11,Giro d'Italia,80,100.0,182000,1197,2,765,,1,0,0,2020-10-14,0.006576923076923,49.0,109.4993621544116
tour-de-suisse/2007/stage-3,Tour de Suisse,50,,167200,3499,4,1089,,1,0,0,2007-06-19,0.0209270334928229,864.0,453.60807286260626
tour-de-france/1985/stage-20,Tour de France,100,,225000,3000,3,1470,,1,0,0,1985-07-19,0.0133333333333333,54.0,226.59796195825848
liege-bastogne-liege/1980/result,Liège - Bastogne - Liège,275,,244000,2798,2,323,,0,0,0,1980-04-20,0.011467213114754,755.0,341.7735535479039
giro-d-italia/2006/stage-18,Giro d'Italia,80,,224000,5741,5,997,,1,0,0,2006-05-26,0.0256294642857142,1530.0,890.1089877435908
liege-bastogne-liege/2000/result,Liège - Bastogne - Liège,275,,258000,4069,3,1303,,0,0,0,2000-04-16,0.0157713178294573,454.0,194.00431447300844
tour-de-suisse/2006/stage-1,Tour de Suisse,50,,154800,1233,1,972,,1,0,0,2006-06-10,0.0079651162790697,74.5,112.90493194838498
dauphine/1991/stage-6,Critérium du Dauphiné Libéré,50,,158000,1565,1,830,,1,0,0,1991-06-09,0.0099050632911392,142.0,59.87245703252131
dwars-door-vlaanderen/1996/result,Dwars door België / À travers la Belgique,75,,210000,4387,4,318,,0,0,0,1996-03-25,0.0208904761904761,229.0,67.06514568860466
vuelta-a-espana/1991/stage-14,Vuelta a España,80,,24100,1523,5,1042,,1,0,0,1991-05-12,0.0631950207468879,184.0,67.77996262416596
itzulia-basque-country/2023/stage-4,Itzulia Basque Country,50,50.0,175700,3091,2,719,17.0,1,0,0,2023-04-06,0.0175924871940808,353.0,330.1339891894882
tour-de-suisse/2007/stage-6,Tour de Suisse,50,,125700,4094,5,1089,,1,0,0,2007-06-22,0.0325696101829753,1372.0,894.584283918198
tour-de-suisse/2003/stage-7,Tour de Suisse,50,,231000,3973,4,660,,1,0,0,2003-06-23,0.0171991341991342,229.0,209.47699283290223
la-fleche-wallone/2002/result,La Flèche Wallonne,225,,198000,2749,3,973,,0,0,0,2002-04-17,0.0138838383838383,337.0,220.04022601877023
vuelta-a-espana/2010/stage-11,Vuelta a España,80,16.0,208000,4199,5,1123,,1,0,0,2010-09-08,0.0201875,646.0,444.9383861035343
vuelta-a-espana/2020/stage-1,La Vuelta ciclista a España,80,100.0,173000,2975,2,692,,1,0,0,2020-10-20,0.0171965317919075,875.0,387.24505717398927
volta-a-catalunya/2004/stage-4,Volta a Catalunya,50,,12400,642,5,376,,1,0,0,2004-06-17,0.051774193548387,224.0,114.94450179559912
paris-nice/1984/stage-2a,Paris - Nice,50,,101000,1601,3,778,,1,0,0,1984-03-09,0.0158514851485148,0.0,0.0
tour-de-suisse/2014/stage-5,Tour de Suisse,50,6.0,183600,1763,2,944,,1,0,0,2014-06-18,0.0096023965141612,0.0,74.75452417815173
paris-nice/1983/stage-1,Paris - Nice,50,,196000,2222,2,658,,1,0,0,1983-03-10,0.0113367346938775,0.0,0.0
vuelta-a-espana/2014/stage-13,Vuelta a España,80,16.0,188700,3236,2,1175,,1,0,0,2014-09-05,0.0171489136195018,185.0,404.4274934665857
paris-nice/2017/stage-2,Paris - Nice,50,60.0,195000,881,1,1158,,1,0,0,2017-03-06,0.0045179487179487,856.0,504.24011363748104
giro-d-italia/1996/stage-8,Giro d'Italia,80,,135000,736,1,1034,,1,0,0,1996-05-26,0.0054518518518518,0.0,54.20402646158229
tour-de-france/2019/stage-19,Tour de France,100,,89000,2995,5,1699,,1,0,0,2019-07-26,0.0336516853932584,1020.0,538.8453284352938
paris-nice/2008/stage-7,Paris - Nice,30,,122500,2714,4,775,,1,0,0,2008-03-16,0.0221551020408163,209.0,390.47572364527673
tour-de-suisse/2001/stage-6,Tour de Suisse,50,,156600,2641,3,873,,1,0,0,2001-06-25,0.0168646232439335,727.0,321.35727436548035
giro-d-italia/2018/stage-21,Giro d'Italia,80,100.0,115000,897,1,838,,1,0,0,2018-05-27,0.0078,0.0,0.0
volta-a-catalunya/1993/stage-1,Volta Ciclista a Catalunya,50,,181000,3683,4,884,,1,0,0,1993-09-10,0.0203480662983425,0.0,0.0
vuelta-a-espana/1984/stage-16,Vuelta a España,80,,138000,1760,2,747,,1,0,0,1984-05-03,0.0127536231884057,259.0,73.88651697911025
giro-d-italia/2007/stage-20,Giro d'Italia,80,,43000,411,1,844,,1,0,0,2007-06-02,0.0095581395348837,341.5,115.58554512805144
giro-d-italia/2021/stage-19,Giro d'Italia,80,100.0,166000,2811,5,885,,1,0,0,2021-05-28,0.016933734939759,1172.0,571.8628848691872
giro-d-italia/2014/stage-19,Giro d'Italia,80,16.0,26800,1679,5,892,,1,0,0,2014-05-30,0.0626492537313432,570.5,205.98138984171572
tour-de-suisse/1977/stage-3a,Tour de Suisse,50,,108500,1734,3,627,,1,0,0,1977-06-18,0.0159815668202765,0.0,0.0
dauphine/1990/stage-1,Critérium du Dauphiné Libéré,50,,139000,1398,1,637,,1,0,0,1990-05-30,0.0100575539568345,0.0,0.0
tour-de-suisse/2010/stage-3,Tour de Suisse,50,6.0,192200,1398,1,1198,,1,0,0,2010-06-15,0.0072736732570239,0.0,0.0
vuelta-a-espana/2007/stage-18,Vuelta a España,80,,153500,2895,2,995,,1,0,0,2007-09-20,0.0188599348534201,1051.0,664.0557229392656
tour-de-romandie/1995/stage-3,Tour de Romandie,50,,163300,1342,1,798,,1,0,0,1995-05-05,0.0082180036742192,69.0,36.713303674099755
tirreno-adriatico/2016/stage-6,Tirreno-Adriatico,50,60.0,210000,1277,3,1133,,1,0,0,2016-03-14,0.0060809523809523,75.0,158.34298094576843
tour-de-suisse/1971/stage-5,Tour de Suisse,50,,189500,4933,5,302,,1,0,0,1971-06-15,0.0260316622691292,91.0,43.02034402465885
vuelta-a-espana/2018/stage-4,La Vuelta ciclista a España,80,100.0,161400,3300,5,1036,,1,0,0,2018-08-28,0.020446096654275,843.0,398.15676888737863
vuelta-a-espana/1983/stage-9,Vuelta a España,80,,183000,1400,1,705,,1,0,0,1983-04-28,0.0076502732240437,43.0,24.01682796099488
volta-a-catalunya/2012/stage-7,Volta Ciclista a Catalunya,50,6.0,119800,1900,2,760,,1,0,0,2012-03-25,0.0158597662771285,40.0,277.8337062093275
paris-nice/1997/stage-7b,Paris - Nice,50,,19900,175,1,779,,1,0,0,1997-03-16,0.0087939698492462,45.0,13.208749094126173
tour-de-france/1982/stage-19,Tour de France,100,,48000,508,2,1492,,1,0,0,1982-07-23,0.0105833333333333,388.5,183.5338193825401
tour-de-romandie/2009/stage-5,Tour de Romandie,50,,150500,2542,4,714,,1,0,0,2009-05-03,0.0168903654485049,0.0,297.95677067167315
dauphine/1983/stage-7b,Critérium du Dauphiné Libéré,50,,33000,394,2,621,,1,0,0,1983-06-06,0.0119393939393939,78.0,48.95984749431586
dauphine/2022/stage-6,Critérium du Dauphiné,50,60.0,196500,2958,2,789,22.0,1,0,0,2022-06-10,0.0150534351145038,32.0,103.63758457321462
world-championship/2019/result,World Championships ME - Road Race,350,600.0,260700,3220,2,1443,,0,0,0,2019-09-29,0.0123513617184503,113.5,282.96556950726364
tirreno-adriatico/2012/stage-2,Tirreno-Adriatico,50,6.0,230000,3084,1,1188,,1,0,0,2012-03-08,0.0134086956521739,0.0,93.41408976413926
paris-roubaix/1983/result,Paris - Roubaix,275,,274000,2018,1,339,,0,0,0,1983-04-10,0.0073649635036496,782.0,580.3921903537779
dauphine/2001/stage-7,Criterium du Dauphiné Libére,50,,125000,1556,2,442,,1,0,0,2001-06-17,0.012448,401.0,151.84757867011731
itzulia-basque-country/2003/stage-5b,Vuelta al País Vasco,50,,13000,319,5,910,,1,0,0,2003-04-11,0.0245384615384615,90.0,58.34532596853192
vuelta-a-espana/1982/stage-7,Vuelta a España,80,,146000,1404,1,523,,1,0,0,1982-04-27,0.0096164383561643,57.0,203.37470940421568
omloop-het-nieuwsblad/2023/result,Omloop Het Nieuwsblad ME,225,300.0,207300,1616,2,677,,0,0,0,2023-02-25,0.0077954655089242,166.0,266.1561026310348
tour-de-france/1981/stage-6,Tour de France,100,,26700,475,2,1362,,1,0,0,1981-07-01,0.0177902621722846,196.5,72.55253793293623
tour-de-suisse/1997/stage-1,Tour de Suisse,50,,193100,2097,2,1161,,1,0,0,1997-06-18,0.0108596582081822,0.0,151.7357919519456
giro-d-italia/2000/stage-1,Giro d'Italia,80,,125000,691,2,866,,1,0,0,2000-05-14,0.005528,0.0,75.27814798087769
giro-d-italia/2002/stage-17,Giro d'Italia,80,,222000,4962,5,920,,1,0,0,2002-05-30,0.0223513513513513,2048.0,728.7784250770986
giro-d-italia/2012/stage-19,Giro d'Italia,80,16.0,198000,5807,5,886,,1,0,0,2012-05-25,0.0293282828282828,1590.0,837.4079276792156
e3-harelbeke/2021/result,E3 Saxo Bank Classic,225,400.0,203900,2000,2,714,,0,0,0,2021-03-26,0.0098087297694948,650.0,298.8290852280243
giro-d-italia/2015/stage-3,Giro d'Italia,80,16.0,136000,2797,4,861,,1,0,0,2015-05-11,0.0205661764705882,847.0,575.6999664971939
paris-nice/1990/stage-1,Paris - Nice,50,,184000,1512,1,995,,1,0,0,1990-03-05,0.0082173913043478,0.0,0.0
liege-bastogne-liege/2016/result,Liège - Bastogne - Liège,275,500.0,248000,4015,3,1075,,0,0,0,2016-04-24,0.0161895161290322,327.0,298.71063840050306
tour-de-france/2012/stage-6,Tour de France,100,20.0,205000,1535,1,1703,,1,0,0,2012-07-06,0.0074878048780487,129.0,310.27309510878814
giro-d-italia/1999/stage-4,Giro d'Italia,80,,186000,1903,1,1057,,1,0,0,1999-05-18,0.0102311827956989,37.5,96.89480025245734
tour-de-romandie/2016/prologue,Tour de Romandie,50,60.0,3950,69,2,917,,1,0,0,2016-04-26,0.0174683544303797,30.5,14.790591465926909
tour-de-suisse/1988/stage-6,Tour de Suisse,50,,18500,248,2,548,,1,0,0,1988-06-19,0.0134054054054054,66.5,32.14481122807986
tour-de-france/1992/stage-12,Tour de France,100,,192000,4500,3,2047,,1,0,0,1992-07-17,0.0234375,372.0,375.7406950005789
vuelta-a-espana/2005/stage-13,Vuelta a España,80,,196000,2334,5,960,,1,0,0,2005-09-09,0.0119081632653061,228.0,313.88114132777406
giro-d-italia/2007/stage-3,Giro d'Italia,80,,180000,2044,2,844,,1,0,0,2007-05-14,0.0113555555555555,0.0,141.53812853681922
giro-d-italia/2007/stage-4,Giro d'Italia,80,,154000,3433,5,844,,1,0,0,2007-05-16,0.0222922077922077,323.0,14981.861942742657
tour-de-romandie/1988/stage-2,Tour de Romandie,50,,160300,1590,1,439,,1,0,0,1988-05-12,0.00991890205864,0.0,0.0
tour-de-france/1987/stage-16,Tour de France,100,,216500,2919,5,1812,,1,0,0,1987-07-16,0.0134826789838337,1027.0,181.80965255642255
tour-de-france/1986/stage-11,Tour de France,100,,258500,1946,1,1872,,1,0,0,1986-07-14,0.0075280464216634,30.0,5.862035568686213
vuelta-a-espana/1984/stage-17,Vuelta a España,80,,258000,2834,2,747,,1,0,0,1984-05-04,0.010984496124031,313.0,326.54344924132874
tour-de-france/2014/stage-16,Tour de France,100,20.0,237500,4047,4,1612,,1,0,0,2014-07-22,0.01704,1244.0,482.37150781878455
tour-de-france/1979/stage-2,Tour de France,100,,23900,1452,5,1381,,1,0,0,1979-06-29,0.0607531380753138,443.0,169.14307695401067
tour-de-france/1985/stage-1,Tour de France,100,,256000,2500,1,1470,,1,0,0,1985-06-29,0.009765625,0.0,93.90445933510884
tour-de-france/2003/stage-5,Tour de France,100,,196500,2316,1,1688,,1,0,0,2003-07-10,0.0117862595419847,0.0,12.627894938189348
paris-nice/1995/stage-1,Paris - Nice,50,,161300,2721,3,861,,1,0,0,1995-03-05,0.016869187848729,0.0,0.0
itzulia-basque-country/2018/stage-2,Itzulia Basque Country,50,50.0,166700,3232,4,824,,1,0,0,2018-04-03,0.0193881223755248,234.0,205.30494177441952
giro-d-italia/1991/stage-18,Giro d'Italia,80,,163000,2185,2,908,,1,0,0,1991-06-13,0.0134049079754601,0.0,0.0
giro-d-italia/1993/stage-17,Giro d'Italia,80,,223000,2999,2,1089,,1,0,0,1993-06-09,0.0134484304932735,556.0,216.27821588561957
paris-roubaix/2006/result,Paris - Roubaix,275,,259000,2226,1,641,,0,0,0,2006-04-09,0.0085945945945945,409.0,441.8424269949557
vuelta-a-espana/1995/stage-18,Vuelta a España,80,,157800,3097,4,883,,1,0,0,1995-09-21,0.0196261089987325,0.0,0.0
paris-nice/1996/stage-1,Paris - Nice,50,,178000,1449,1,766,,1,0,0,1996-03-10,0.0081404494382022,0.0,0.0
dauphine/2015/stage-2,Critérium du Dauphiné,50,6.0,173000,2226,2,997,,1,0,0,2015-06-08,0.0128670520231213,0.0,94.69191417695176
milano-sanremo/2010/result,Milano-Sanremo,275,,298000,2264,1,1322,,0,0,0,2010-03-20,0.0075973154362416,100.0,302.8999990800998
ronde-van-vlaanderen/1976/result,Ronde van Vlaanderen / Tour des Flandres,275,,261000,1509,1,805,,0,0,0,1976-04-04,0.0057816091954022,675.0,321.3031037212183
tour-de-france/1985/stage-8,Tour de France,100,,75000,1191,2,1470,,1,0,0,1985-07-06,0.01588,545.5,280.32347747965554
giro-d-italia/2005/stage-11,Giro d'Italia,80,,150000,3798,5,929,,1,0,0,2005-05-18,0.02532,1296.0,711.342171331455
ronde-van-vlaanderen/1978/result,Ronde van Vlaanderen / Tour des Flandres,275,,260000,2512,1,714,,0,0,0,1978-04-09,0.0096615384615384,50.0,129.19623317522328
tour-de-romandie/2009/prologue,Tour de Romandie,50,,3100,35,2,714,,1,0,0,2009-04-28,0.0112903225806451,13.0,5.827332658015413
volta-a-catalunya/2003/stage-2,Volta a Catalunya,50,,183600,3758,4,515,,1,0,0,2003-06-17,0.0204684095860566,1208.0,579.4918642805145
tour-de-suisse/1974/stage-9b,Tour de Suisse,50,,24600,383,3,541,,1,0,0,1974-06-21,0.0155691056910569,75.0,41.906642273828936
vuelta-a-espana/2007/stage-16,Vuelta a España,80,,161500,2827,2,995,,1,0,0,2007-09-18,0.0175046439628482,463.0,143.34005492195556
tour-de-france/1994/stage-18,Tour de France,100,,174500,4500,4,1731,,1,0,0,1994-07-21,0.0257879656160458,1247.0,475.0548540654773
giro-d-italia/2011/stage-18,Giro d'Italia,80,16.0,151000,2094,2,891,,1,0,0,2011-05-26,0.0138675496688741,364.0,281.952453895624
tirreno-adriatico/2010/stage-3,Tirreno-Adriatico,50,6.0,159000,1556,1,1176,,1,0,0,2010-03-12,0.0097861635220125,0.0,305.5692246324772
tour-de-suisse/2004/stage-8,Tour de Suisse,50,,91000,1718,4,676,,1,0,0,2004-06-19,0.0188791208791208,266.0,228.03042066552368
vuelta-a-espana/2006/stage-18,Vuelta a España,80,,153000,2987,5,1026,,1,0,0,2006-09-14,0.0195228758169934,875.0,491.47698305782546
giro-d-italia/2012/stage-7,Giro d'Italia,80,16.0,205000,3855,3,886,,1,0,0,2012-05-12,0.0188048780487804,684.0,521.1987320662115
paris-nice/2010/stage-7,Paris - Nice,30,6.0,119000,1626,4,1192,,1,0,0,2010-03-14,0.0136638655462184,168.0,184.54864160925388
giro-d-italia/2014/stage-17,Giro d'Italia,80,16.0,208000,1823,1,892,,1,0,0,2014-05-28,0.008764423076923,936.0,331.75466653194707
tour-de-france/1994/stage-11,Tour de France,100,,263500,3500,5,1731,,1,0,0,1994-07-13,0.0132827324478178,654.0,350.75961795027297
tour-de-france/1995/stage-8,Tour de France,100,,54000,937,3,1871,,1,0,0,1995-07-09,0.0173518518518518,564.0,177.37666652033587
vuelta-a-espana/2021/stage-21,La Vuelta ciclista a España,80,100.0,33800,641,1,1023,,1,0,0,2021-09-05,0.0189644970414201,292.0,112.7224275366853
tour-de-france/2007/stage-15,Tour de France,100,,196000,5445,4,1612,,1,0,0,2007-07-23,0.0277806122448979,1705.0,709.2781502101326
giro-d-italia/1999/stage-17,Giro d'Italia,80,,212000,2491,1,1057,,1,0,0,1999-06-01,0.01175,0.0,90.41615955855872
tour-de-france/1987/stage-5,Tour de France,100,,112500,1548,2,1812,,1,0,0,1987-07-05,0.01376,13.0,107.47333406981458
giro-d-italia/2006/stage-8,Giro d'Italia,80,,127000,1384,2,997,,1,0,0,2006-05-15,0.0108976377952755,0.0,232.31804928677295
volta-a-catalunya/1999/stage-3,Volta Ciclista a Catalunya,50,,155600,2158,3,804,,1,0,0,1999-06-20,0.0138688946015424,540.0,111.06014598907494
giro-d-italia/2023/stage-1,Giro d'Italia,80,180.0,19600,171,1,835,24.0,1,0,0,2023-05-06,0.0087244897959183,151.0,53.74453773749853
tour-de-france/1987/stage-3,Tour de France,100,,219000,2233,2,1812,,1,0,0,1987-07-04,0.0101963470319634,355.0,279.0955082829303
vuelta-a-espana/1982/stage-8,Vuelta a España,80,,216000,1556,1,523,,1,0,0,1982-04-28,0.0072037037037037,6.0,1.8973665961010275
giro-d-italia/2011/stage-9,Giro d'Italia,80,16.0,169000,4091,5,891,,1,0,0,2011-05-15,0.0242071005917159,1426.0,569.679879387495
tour-de-france/2012/prologue,Tour de France,100,20.0,6400,79,1,1703,,1,0,0,2012-06-30,0.01234375,31.0,11.491226567203464
tour-de-france/2014/stage-1,Tour de France,100,20.0,190500,2092,2,1612,,1,0,0,2014-07-05,0.0109816272965879,0.0,116.14480565056824
tour-de-suisse/2006/stage-2,Tour de Suisse,50,,155900,1270,1,972,,1,0,0,2006-06-11,0.0081462475946119,308.0,37.826934833590606
vuelta-a-espana/1987/prologue,Vuelta a España,80,,6600,194,5,838,,1,0,0,1987-04-23,0.0293939393939393,16.5,7.024560089033651
paris-nice/2012/stage-4,Paris - Nice,50,6.0,183000,2650,3,1079,,1,0,0,2012-03-07,0.0144808743169398,92.0,303.36590497876597
tour-de-suisse/1996/stage-2,Tour de Suisse,50,,218600,2077,1,971,,1,0,0,1996-06-13,0.0095013723696248,0.0,0.0
tirreno-adriatico/2000/stage-8,Tirreno-Adriatico,50,,166000,1234,1,1197,,1,0,0,2000-03-15,0.007433734939759,0.0,0.0
tour-de-romandie/2013/stage-4,Tour de Romandie,50,6.0,182000,3736,5,956,,1,0,0,2013-04-27,0.0205274725274725,828.0,673.8121802059005
omloop-het-nieuwsblad/2016/result,Omloop Het Nieuwsblad ME,125,200.0,200800,1813,2,661,,0,0,0,2016-02-27,0.0090288844621513,281.0,399.3521757467948
tour-de-france/2005/stage-15,Tour de France,70,,206000,5633,5,1535,,1,0,0,2005-07-17,0.0273446601941747,2169.0,835.4682840766432
vuelta-a-espana/1999/stage-19,Vuelta a España,80,,184600,2795,3,1342,,1,0,0,1999-09-24,0.0151408450704225,721.0,429.66308479765127
omloop-het-nieuwsblad/1998/result,Omloop Het Volk,125,,202000,1651,1,556,,0,0,0,1998-02-28,0.0081732673267326,454.0,300.6700399104124
giro-d-italia/2017/stage-13,Giro d'Italia,80,100.0,167000,399,1,881,,1,0,0,2017-05-19,0.0023892215568862,16.0,100.96021426713033
vuelta-a-espana/2019/stage-21,La Vuelta ciclista a España,80,100.0,106600,763,1,798,,1,0,0,2019-09-15,0.0071575984990619,0.0,44.54209849133397
paris-roubaix/1975/result,Paris - Roubaix,275,,277500,1347,1,626,,0,0,0,1975-04-13,0.004854054054054,854.0,328.8828303956172
tour-de-france/2012/stage-12,Tour de France,100,20.0,226000,3399,4,1703,,1,0,0,2012-07-13,0.0150398230088495,589.0,140.49076996920786
tour-de-france/2002/stage-12,Tour de France,70,,199500,5000,5,1489,,1,0,0,2002-07-19,0.025062656641604,1448.0,911.4302662195591
vuelta-a-espana/2019/stage-17,La Vuelta ciclista a España,80,100.0,219600,2395,3,798,,1,0,0,2019-09-11,0.0109061930783242,1416.0,676.1061087502807
omloop-het-nieuwsblad/1993/result,Omloop Het Volk,125,,202000,1557,1,579,,0,0,0,1993-02-27,0.0077079207920792,8.0,171.503789447352
tour-de-suisse/1987/stage-6,Tour de Suisse,50,,265500,2964,2,673,,1,0,0,1987-06-21,0.0111638418079096,105.0,44.68121209508214
giro-d-italia/2002/stage-18,Giro d'Italia,80,,143000,1913,2,920,,1,0,0,2002-05-31,0.0133776223776223,0.0,101.6815179342548
tour-de-suisse/1980/stage-8b,Tour de Suisse,50,,11300,105,1,477,,1,0,0,1980-06-18,0.00929203539823,19.5,23.200574705525437
vuelta-a-espana/1994/stage-16,Vuelta a España,80,,147700,2424,3,791,,1,0,0,1994-05-10,0.0164116452268111,123.0,64.17380912629214
vuelta-a-espana/2008/stage-3,Vuelta a España,80,,168300,2142,2,1101,,1,0,0,2008-09-01,0.0127272727272727,0.0,302.5401904386002
tour-de-france/2005/stage-7,Tour de France,100,,228000,1314,2,1535,,1,0,0,2005-07-08,0.0057631578947368,0.0,11.562638995970026
world-championship/1991/result,World Championships - Road Race,350,,252800,4402,4,1794,,0,0,0,1991-08-25,0.0174129746835443,564.5,330.32315649875085
tirreno-adriatico/2008/stage-4,Tirreno-Adriatico,30,,166000,1848,1,1136,,1,0,0,2008-03-15,0.0111325301204819,14.0,187.0715028503046
amstel-gold-race/1983/result,Amstel Gold Race,225,,242000,3780,3,637,,0,0,0,1983-04-23,0.0156198347107438,168.0,201.74393518669996
volta-a-catalunya/1984/stage-4a,Volta Ciclista a Catalunya,50,,138000,2339,4,319,,1,0,0,1984-09-09,0.0169492753623188,0.0,11.46492234794656
giro-d-italia/2008/stage-4,Giro d'Italia,80,,183000,2459,2,1058,,1,0,0,2008-05-13,0.0134371584699453,0.0,237.0864650261475
giro-d-italia/2020/stage-13,Giro d'Italia,80,100.0,192000,827,1,765,,1,0,0,2020-10-16,0.0043072916666666,214.5,358.6769707044974
paris-nice/1985/stage-7a,Paris - Nice,50,,100000,1641,3,815,,1,0,0,1985-03-10,0.01641,19.0,4.905778905196061
vuelta-a-espana/2010/stage-3,Vuelta a España,80,16.0,156000,2868,3,1123,,1,0,0,2010-08-30,0.0183846153846153,660.0,617.0267802626653
giro-d-italia/2000/stage-13,Giro d'Italia,80,,195000,4602,4,866,,1,0,0,2000-05-27,0.0236,1052.0,469.4734128641512
vuelta-a-espana/1994/stage-6,Vuelta a España,80,,151700,2767,4,791,,1,0,0,1994-04-30,0.0182399472643375,83.0,46.47687597074485
vuelta-a-espana/2008/stage-5,Vuelta a España,80,,42500,215,1,1101,,1,0,0,2008-09-03,0.0050588235294117,234.0,113.77314275269704
tour-de-france/2010/stage-2,Tour de France,100,20.0,201000,2708,2,1685,,1,0,0,2010-07-05,0.0134726368159203,236.0,268.05257872297375
giro-d-italia/1990/stage-13,Giro d'Italia,80,,224000,2024,1,1061,,1,0,0,1990-05-30,0.0090357142857142,0.0,0.0
vuelta-a-espana/2011/stage-9,Vuelta a España,80,16.0,179500,2741,5,1170,,1,0,0,2011-08-28,0.0152701949860724,758.0,478.6288357602217
vuelta-a-espana/1982/stage-4,Vuelta a España,80,,196000,2649,2,523,,1,0,0,1982-04-24,0.0135153061224489,45.0,127.2311620230814
vuelta-a-espana/1992/stage-9,Vuelta a España,80,,144000,4615,5,1033,,1,0,0,1992-05-05,0.0320486111111111,307.0,180.10385892589863
tour-de-france/2012/stage-8,Tour de France,100,20.0,157500,3072,4,1703,,1,0,0,2012-07-08,0.0195047619047619,739.0,1895.400867216577
tour-de-france/1984/stage-14,Tour de France,100,,227500,3500,2,1632,,1,0,0,1984-07-12,0.0153846153846153,1090.0,307.07352903261506
volta-a-catalunya/1998/stage-4,Volta Ciclista a Catalunya,50,,197500,3256,3,859,,1,0,0,1998-06-21,0.016486075949367,0.0,22.133136739637333
vuelta-a-espana/1984/stage-19,Vuelta a España,80,,139000,1216,1,747,,1,0,0,1984-05-06,0.0087482014388489,0.0,0.0
volta-a-catalunya/1997/stage-6,Volta Ciclista a Catalunya,50,,160700,2290,3,419,,1,0,0,1997-06-24,0.0142501555693839,23.0,13.8824429486392
tour-de-france/2021/stage-9,Tour de France,100,120.0,144900,4628,5,1646,,1,0,0,2021-07-04,0.0319392684610075,1897.0,575.6572594348006
vuelta-a-espana/2017/stage-4,Vuelta a España,80,100.0,198200,1835,2,899,,1,0,0,2017-08-22,0.0092583249243188,0.0,112.36894880627857
vuelta-a-espana/1997/stage-11,Vuelta a España,80,,198000,1501,1,1165,,1,0,0,1997-09-16,0.007580808080808,19.0,299.8252086180162
giro-d-italia/2010/stage-10,Giro d'Italia,80,16.0,220000,2292,2,878,,1,0,0,2010-05-18,0.0104181818181818,3.0,143.65400122778982
vuelta-a-espana/1999/stage-3,Vuelta a España,80,,222800,755,1,1342,,1,0,0,1999-09-07,0.0033886894075403,0.0,179.04005933030828
tour-de-france/1991/stage-19,Tour de France,100,,177000,3000,2,1933,,1,0,0,1991-07-25,0.0169491525423728,110.0,265.3387719726553
tour-de-suisse/2017/stage-4,Tour de Suisse,50,60.0,143200,2896,5,855,,1,0,0,2017-06-13,0.0202234636871508,847.0,419.31145852851506
dauphine/2002/stage-6,Critérium du Dauphiné Libéré,50,,146000,3745,5,602,,1,0,0,2002-06-15,0.0256506849315068,891.0,659.1257404598113
vuelta-a-espana/1981/stage-14,Vuelta a España,80,,197000,3008,3,457,,1,0,0,1981-05-05,0.0152690355329949,890.0,412.8617168435735
tour-de-france/2021/stage-8,Tour de France,100,120.0,150800,3557,4,1646,,1,0,0,2021-07-03,0.0235875331564986,2101.0,656.6227550699133
tour-de-france/1981/stage-13,Tour de France,100,,157000,854,1,1362,,1,0,0,1981-07-09,0.0054394904458598,0.0,53.74512365947583
vuelta-a-espana/2015/stage-21,Vuelta a España,80,100.0,98800,726,1,1115,,1,0,0,2015-09-13,0.0073481781376518,20.0,42.150739930568605
omloop-het-nieuwsblad/2010/result,Omloop Het Nieuwsblad ME,125,,204400,2772,2,878,,0,0,0,2010-02-27,0.0135616438356164,299.0,282.7342338734506
vuelta-a-espana/1997/stage-7,Vuelta a España,80,,219200,5218,5,1165,,1,0,0,1997-09-12,0.0238047445255474,1166.0,694.901182183909
tour-de-france/1994/stage-7,Tour de France,100,,259500,1993,1,1731,,1,0,0,1994-07-09,0.0076801541425818,0.0,172.0171336245335
tour-de-france/1997/stage-7,Tour de France,100,,194000,1616,1,1994,,1,0,0,1997-07-12,0.0083298969072164,50.0,88.69075167853902
vuelta-a-espana/2013/stage-12,Vuelta a España,80,16.0,164200,1765,1,1128,,1,0,0,2013-09-05,0.0107490864799025,59.0,174.09367248000143
paris-nice/2006/prologue,Paris - Nice,50,,4800,45,1,795,,1,0,0,2006-03-05,0.009375,21.0,10.699667815410765
amstel-gold-race/1984/result,Amstel Gold Race,225,,247000,3469,3,451,,0,0,0,1984-04-21,0.0140445344129554,617.0,299.0453764151814
tour-de-france/1984/stage-1,Tour de France,100,,148500,948,1,1632,,1,0,0,1984-06-30,0.0063838383838383,0.0,0.0
tour-de-france/2009/stage-2,Tour de France,100,,187000,2387,2,1557,,1,0,0,2009-07-05,0.0127647058823529,0.0,0.0
giro-d-italia/2010/stage-15,Giro d'Italia,80,16.0,218000,3915,5,878,,1,0,0,2010-05-23,0.0179587155963302,1355.0,547.6311661395632
paris-nice/2013/stage-7,Paris - Nice,50,6.0,9600,527,5,917,,1,0,0,2013-03-10,0.0548958333333333,167.0,70.68623077712172
tour-de-suisse/1978/stage-9a,Tour de Suisse,50,,97500,1573,3,691,,1,0,0,1978-06-23,0.0161333333333333,0.0,0.0
giro-d-italia/2019/stage-21,Giro d'Italia,80,100.0,17000,297,2,896,,1,0,0,2019-06-02,0.0174705882352941,116.5,58.43680222394466
vuelta-a-espana/2016/stage-17,Vuelta a España,80,100.0,177500,3460,5,821,,1,0,0,2016-09-07,0.0194929577464788,708.0,349.97430684310314
tour-de-france/1983/stage-4,Tour de France,100,,299000,2469,2,1269,,1,0,0,1983-07-05,0.008257525083612,290.0,107.61055239407196
tour-de-suisse/1996/stage-6,Tour de Suisse,50,,198000,3253,3,971,,1,0,0,1996-06-17,0.0164292929292929,1019.0,446.06497413166846
paris-nice/2018/stage-8,Paris - Nice,50,60.0,110000,2165,4,936,,1,0,0,2018-03-11,0.0196818181818181,845.0,509.2165589016614
dauphine/2019/stage-5,Critérium du Dauphiné,50,60.0,201000,2098,2,973,,1,0,0,2019-06-13,0.0104378109452736,0.0,118.06948823758366
tour-de-suisse/1984/stage-2,Tour de Suisse,50,,176500,622,1,646,,1,0,0,1984-06-15,0.0035240793201133,0.0,0.0
giro-d-italia/2022/stage-10,Giro d'Italia,80,100.0,196000,1764,2,817,25.0,1,0,0,2022-05-17,0.009,231.0,424.8305848362854
tirreno-adriatico/2003/stage-6,Tirreno-Adriatico,50,,179000,2695,3,882,,1,0,0,2003-03-18,0.0150558659217877,99.0,353.4418437780708
dauphine/2009/stage-8,Critérium du Dauphiné Libéré,50,,146000,2188,3,708,,1,0,0,2009-06-14,0.014986301369863,237.0,243.8075974955786
tour-de-romandie/1984/stage-4,Tour de Romandie,50,,205600,1540,1,491,,1,0,0,1984-05-12,0.0074902723735408,0.0,11.129112402035611
paris-nice/2008/stage-2,Paris - Nice,30,,201000,2736,3,775,,1,0,0,2008-03-11,0.0136119402985074,176.0,409.2033940980614
paris-nice/1986/stage-5,Paris - Nice,50,,180000,949,1,746,,1,0,0,1986-03-07,0.0052722222222222,66.0,58.75811543125135
e3-harelbeke/2004/result,E3 Prijs Vlaanderen,125,,195000,1559,2,563,,0,0,0,2004-03-27,0.0079948717948717,22.0,190.60173611885543
vuelta-a-espana/2006/stage-19,Vuelta a España,80,,205300,2998,1,1026,,1,0,0,2006-09-15,0.0146030199707744,676.0,157.16151797049582
tour-de-suisse/1983/stage-7,Tour de Suisse,50,,218500,3241,3,809,,1,0,0,1983-06-21,0.01483295194508,89.0,36.33409785128381
tour-de-romandie/1983/stage-2,Tour de Romandie,50,,142700,1193,1,478,,1,0,0,1983-05-05,0.0083601962158374,0.0,2.7386127875258306
vuelta-a-espana/1995/stage-4,Vuelta a España,80,,82600,2429,5,883,,1,0,0,1995-09-06,0.0294067796610169,0.0,0.0
tour-de-romandie/2011/stage-2,Tour de Romandie,50,6.0,168300,2648,3,660,,1,0,0,2011-04-28,0.0157338086749851,127.0,291.3159076765599
san-sebastian/1991/result,Clasica Ciclista San Sebastian,225,,238000,3413,3,1483,,0,0,0,1991-08-10,0.0143403361344537,306.0,164.70182379339212
tour-de-suisse/1998/stage-3,Tour de Suisse,50,,208000,2372,2,971,,1,0,0,1998-06-19,0.0114038461538461,88.0,250.6719493172235
itzulia-basque-country/1990/stage-3,Vuelta Ciclista al País Vasco,50,,183000,1578,1,567,,1,0,0,1990-04-07,0.0086229508196721,16.0,4.96655480858378
tour-de-france/1999/stage-10,Tour de France,100,,218000,5500,5,1255,,1,0,0,1999-07-14,0.0252293577981651,2060.0,785.6598804537338
gp-montreal/2018/result,Grand Prix Cycliste de Montréal,225,500.0,195200,3564,2,736,,0,0,0,2018-09-09,0.0182581967213114,118.0,201.6507116593343
san-sebastian/1983/result,Clasica Ciclista San Sebastian,225,,244000,3224,2,390,,0,0,0,1983-08-17,0.0132131147540983,285.0,271.4495858526486
vuelta-a-espana/1997/stage-9,Vuelta a España,80,,38000,238,1,1165,,1,0,0,1997-09-14,0.0062631578947368,272.0,111.67112606825006
gp-quebec/2015/result,Grand Prix Cycliste de Québec,225,80.0,201600,3134,2,889,,0,0,0,2015-09-11,0.0155456349206349,131.0,70.80035213789776
vuelta-a-espana/1986/stage-18,Vuelta a España,80,,191000,2500,2,843,,1,0,0,1986-05-10,0.013089005235602,692.5,350.92731746453876
strade-bianche/2017/result,Strade Bianche,225,300.0,175000,2938,3,745,,0,0,0,2017-03-04,0.0167885714285714,818.0,379.8256195635216
giro-d-italia/2022/stage-1,Giro d'Italia,80,100.0,195000,1390,3,817,23.0,1,0,0,2022-05-06,0.0071282051282051,76.0,126.9500973806596
volta-a-catalunya/2016/stage-6,Volta Ciclista a Catalunya,50,50.0,197200,2123,2,1045,,1,0,0,2016-03-26,0.0107657200811359,0.0,151.25194525491642
giro-d-italia/1990/stage-3,Giro d'Italia,80,,190000,2460,2,1061,,1,0,0,1990-05-20,0.0129473684210526,49.5,18.98654494343004
vuelta-a-espana/2019/stage-13,La Vuelta ciclista a España,80,100.0,166400,4179,5,798,,1,0,0,2019-09-06,0.0251141826923076,1111.0,540.7365950372248
giro-d-italia/2015/stage-19,Giro d'Italia,80,16.0,236000,5113,5,861,,1,0,0,2015-05-29,0.0216652542372881,2562.0,1059.4257971193522
dauphine/2002/stage-2,Critérium du Dauphiné Libéré,50,,174000,2854,3,602,,1,0,0,2002-06-11,0.0164022988505747,660.0,444.3215410468642
tour-de-france/1994/stage-16,Tour de France,100,,224500,5000,5,1731,,1,0,0,1994-07-19,0.0222717149220489,1029.0,489.129469107324
dauphine/2005/stage-2,Critérium du Dauphiné Libéré,50,,187000,2092,2,933,,1,0,0,2005-06-07,0.011187165775401,196.0,121.09473806287086
world-championship/1986/result,World Championships - Road Race,350,,261000,4230,3,1601,,0,0,0,1986-09-06,0.0162068965517241,9.0,73.54777036408332
giro-d-italia/1996/stage-10,Giro d'Italia,80,,164000,1326,1,1034,,1,0,0,1996-05-28,0.0080853658536585,346.0,257.4250225779152
giro-d-italia/2022/stage-3,Giro d'Italia,80,100.0,201000,1150,1,817,19.0,1,0,0,2022-05-08,0.0057213930348258,0.0,14.068438744452
tirreno-adriatico/2010/stage-6,Tirreno-Adriatico,50,6.0,134000,2190,2,1176,,1,0,0,2010-03-15,0.0163432835820895,652.0,431.5931589917324
milano-sanremo/2019/result,Milano-Sanremo,275,500.0,291000,2060,2,1171,,0,0,0,2019-03-23,0.0070790378006872,158.0,309.96190587064234
giro-d-italia/2006/stage-3,Giro d'Italia,80,,193000,2581,2,997,,1,0,0,2006-05-09,0.0133730569948186,0.0,37.18093578710763
milano-sanremo/1996/result,Milano-Sanremo,275,,294000,2731,1,1580,,0,0,0,1996-03-23,0.0092891156462585,350.0,225.25059808594784
tirreno-adriatico/2003/stage-1,Tirreno-Adriatico,50,,178000,2708,3,882,,1,0,0,2003-03-13,0.0152134831460674,0.0,6.125735150790311
paris-nice/1993/stage-1,Paris - Nice,50,,208500,1405,1,1182,,1,0,0,1993-03-08,0.0067386091127098,0.0,0.0
giro-d-italia/1993/stage-1a,Giro d'Italia,80,,85000,1410,3,1089,,1,0,0,1993-05-23,0.0165882352941176,34.0,7.602631123499284
amstel-gold-race/2013/result,Amstel Gold Race,225,,251800,3500,2,1149,,0,0,0,2013-04-14,0.0138999205718824,97.5,231.8923996144506
vuelta-a-espana/1981/stage-11,Vuelta a España,80,,193000,2653,3,457,,1,0,0,1981-05-02,0.0137461139896373,86.0,387.06765101158646
giro-d-italia/2014/stage-5,Giro d'Italia,80,16.0,203000,2413,3,892,,1,0,0,2014-05-14,0.0118866995073891,372.0,13276.85913643884
tour-de-romandie/1999/stage-2,Tour de Romandie,50,,171300,1913,2,893,,1,0,0,1999-05-06,0.0111675423234092,134.0,163.19713284587243
paris-nice/1976/stage-6b,Paris - Nice,50,,97000,1528,3,779,,1,0,0,1976-03-13,0.0157525773195876,2.0,0.8498365855987974
vuelta-a-espana/2017/stage-13,Vuelta a España,80,100.0,198400,1938,2,899,,1,0,0,2017-09-01,0.0097681451612903,187.0,134.0677888182841
itzulia-basque-country/2021/stage-6,Itzulia Basque Country,50,50.0,111900,3291,4,936,,1,0,0,2021-04-10,0.0294101876675603,743.0,351.68945759853375
giro-d-italia/2021/stage-6,Giro d'Italia,80,100.0,160000,3595,5,885,,1,0,0,2021-05-13,0.02246875,1287.5,594.7120809384301
tour-de-romandie/2009/stage-2,Tour de Romandie,50,,161500,2135,2,714,,1,0,0,2009-04-30,0.013219814241486,284.0,292.45959377742963
tour-de-suisse/1989/stage-10,Tour de Suisse,50,,160500,872,1,604,,1,0,0,1989-06-23,0.0054330218068535,0.0,0.0
dauphine/1984/stage-2,Critérium du Dauphiné Libéré,50,,202000,1100,1,529,,1,0,0,1984-05-30,0.0054455445544554,0.0,0.0
giro-d-italia/1995/stage-9,Giro d'Italia,80,,165000,886,1,1365,,1,0,0,1995-05-21,0.0053696969696969,0.0,0.0
vuelta-a-espana/1997/stage-21,Vuelta a España,80,,43000,477,2,1165,,1,0,0,1997-09-27,0.0110930232558139,141.0,57.593707014910045
volta-a-catalunya/2001/stage-6,Volta a Catalunya,50,,184200,2690,3,617,,1,0,0,2001-06-26,0.0146036916395222,742.0,432.67432168507537
tour-de-romandie/2002/stage-2,Tour de Romandie,50,,172800,4473,5,535,,1,0,0,2002-05-02,0.0258854166666666,1860.0,837.2977918022137
vuelta-a-espana/2011/stage-15,Vuelta a España,80,16.0,144000,3765,5,1170,,1,0,0,2011-09-04,0.0261458333333333,924.5,427.4590755835012
volta-a-catalunya/2015/stage-2,Volta Ciclista a Catalunya,50,6.0,191800,2364,3,817,,1,0,0,2015-03-24,0.0123253388946819,0.0,247.06922717599576
paris-nice/1990/stage-5,Paris - Nice,50,,164000,1371,1,995,,1,0,0,1990-03-09,0.0083597560975609,81.0,32.1291395651269
dauphine/2015/stage-6,Critérium du Dauphiné,50,6.0,183000,3562,5,997,,1,0,0,2015-06-12,0.0194644808743169,2185.0,876.083359600757
paris-nice/2000/stage-3,Paris - Nice,50,,178000,2712,3,880,,1,0,0,2000-03-08,0.0152359550561797,10.0,2.1821789023599236
san-sebastian/2017/result,Clásica Ciclista San Sebastian,225,400.0,231000,4156,2,800,,0,0,0,2017-07-29,0.0179913419913419,197.5,270.8742425522513
gp-quebec/2010/result,Grand Prix Cycliste de Quebec,225,,189000,2388,3,824,,0,0,0,2010-09-10,0.0126349206349206,29.0,209.22335269989512
giro-d-italia/2014/stage-10,Giro d'Italia,80,16.0,173000,403,1,892,,1,0,0,2014-05-20,0.0023294797687861,83.0,129.25853051250306
giro-d-italia/2020/stage-2,Giro d'Italia,80,100.0,149000,2359,3,765,,1,0,0,2020-10-04,0.0158322147651006,98.0,151.58952210141146
tour-de-france/1982/stage-21,Tour de France,100,,186000,2180,1,1492,,1,0,0,1982-07-25,0.0117204301075268,0.0,13.272819667858217
tirreno-adriatico/1993/stage-3,Tirreno-Adriatico,50,,184000,1495,1,568,,1,0,0,1993-03-12,0.008125,0.0,0.0
tour-de-france/2016/stage-21,Tour de France,100,120.0,113000,713,1,1758,,1,0,0,2016-07-24,0.0063097345132743,0.0,74.51349461457146
tour-de-france/2010/stage-8,Tour de France,100,20.0,189000,3636,5,1685,,1,0,0,2010-07-11,0.0192380952380952,1292.0,677.3876166215376
giro-d-italia/2017/stage-3,Giro d'Italia,80,100.0,148000,1441,1,881,,1,0,0,2017-05-07,0.0097364864864864,77.0,120.70208593927664
paris-roubaix/2000/result,Paris - Roubaix,275,,273000,2648,1,808,,0,0,0,2000-04-10,0.0096996336996336,270.0,327.6655580751782
paris-nice/1976/stage-2,Paris - Nice,50,,185000,1726,1,779,,1,0,0,1976-03-09,0.0093297297297297,0.0,0.0
volta-a-catalunya/2016/stage-7,Volta Ciclista a Catalunya,50,50.0,136400,1880,2,1045,,1,0,0,2016-03-27,0.013782991202346,209.0,176.29333491799375
giro-d-italia/2010/stage-1,Giro d'Italia,80,16.0,8400,60,1,878,,1,0,0,2010-05-08,0.0071428571428571,43.0,18.663940939449983
