name,BMI,median position,AVG position,# cyclist races,nationality,continent,geo area,birth_year,AVG weighted position,AVG position Autumn,AVG position Spring,AVG position Summer,AVG position Winter,AVG position Q1,AVG position Q2,AVG position Q3,AVG position Q4,std_dev position
gerrie-knetemann,19.95900323673522,38,48,271,Netherlands,Europe,Western Europe,1951.0,66,56.0,15.0,58.0,,15.0,18.0,66.0,,46.993017489519225
rene-bittinger,22.79,42,47,146,France,Europe,Western Europe,1954.0,54,15.0,31.0,55.0,,17.0,37.0,56.0,18.0,32.64845242031638
joseph-bruyere,23.086015117534615,8,16,48,Belgium,Europe,Western Europe,1948.0,21,29.0,11.0,19.0,,5.0,14.0,23.0,,19.72361106221002
sven-ake-nilsson,21.3,25,33,145,Sweden,Europe,Northern Europe,1951.0,38,17.0,12.0,38.0,,14.0,27.0,37.0,16.0,26.276978473583096
jacques-esclassan,20.916802890917147,7,29,62,France,Europe,Western Europe,1948.0,43,6.0,7.0,36.0,,4.0,27.0,39.0,,34.92832049659488
walter-planckaert,18.658320064577293,14,43,101,Belgium,Europe,Western Europe,1948.0,75,24.0,16.0,82.0,16.0,15.0,29.0,88.0,,51.83832826420738
guy-sibille,21.102898910353137,17,39,35,France,Europe,Western Europe,1948.0,53,11.0,17.0,61.0,,14.0,27.0,64.0,,36.99359472152128
jacques-bossis,20.879057717710364,36,46,177,France,Europe,Western Europe,1952.0,51,21.0,32.0,50.0,6.0,17.0,47.0,50.0,21.0,33.89591192759363
bernard-bourreau,23.42,48,54,179,France,Europe,Western Europe,1951.0,60,12.0,22.0,59.0,,23.0,52.0,57.0,,34.31072132571544
gerben-karstens,23.36,8,20,68,Netherlands,Europe,Western Europe,1942.0,34,35.0,11.0,33.0,28.0,8.0,14.0,47.0,,24.923918472585623
charles-rouxel,22.035304370836727,19,25,42,France,Europe,Western Europe,1948.0,32,,17.0,29.0,,16.0,20.0,32.0,,22.462770851615165
jean-louis-gauthier,18.40601759249393,64,65,230,France,Europe,Western Europe,1955.0,70,,22.0,67.0,,16.0,55.0,68.0,,41.41458804919592
regis-delepine,22.76146872933928,23,42,27,France,Europe,Western Europe,1946.0,46,,9.0,43.0,,9.0,26.0,48.0,,36.15284898909753
javier-francisco-elorriaga,26.53,31,38,34,Spain,Europe,Southern Europe,1947.0,42,17.0,25.0,61.0,,,31.0,54.0,,32.09194677996868
maurice-le-guilloux,21.736044728696744,46,49,180,France,Europe,Western Europe,1950.0,52,37.0,36.0,53.0,,9.0,46.0,51.0,,23.363982929372774
andre-mollet,22.498286950309176,44,50,51,France,Europe,Western Europe,1949.0,55,,29.0,53.0,,29.0,59.0,49.0,,29.067629054044453
philippe-durel2,21.049865245770956,42,52,36,France,Europe,Western Europe,1954.0,52,,,52.0,,,63.0,48.0,,38.82287821653455
jesus-suarez-cueva,23.90011666038751,16,32,169,Spain,Europe,Southern Europe,1955.0,42,14.0,27.0,58.0,,30.0,29.0,42.0,,34.05721529688722
mariano-martinez,21.05490967196027,20,26,102,France,Europe,Western Europe,1948.0,30,,5.0,28.0,,14.0,32.0,25.0,,24.19048725945259
michel-le-denmat,22.382002802882933,56,53,18,France,Europe,Western Europe,1950.0,54,,,53.0,,,25.0,61.0,,26.70273296335823
willy-teirlinck,22.35036387165162,24,39,102,Belgium,Europe,Western Europe,1948.0,50,,14.0,49.0,,22.0,38.0,43.0,,37.37857062843375
bernard-quilfen,22.3410608133308,57,57,45,France,Europe,Western Europe,1949.0,58,,36.0,58.0,,53.0,58.0,57.0,,20.066480417941676
andre-chalmel,22.03429132999632,60,63,78,France,Europe,Western Europe,1949.0,71,5.0,25.0,67.0,,15.0,64.0,65.0,,37.61784458341854
bernard-hinault,20.48,10,17,267,France,Europe,Western Europe,1954.0,22,13.0,11.0,19.0,,9.0,13.0,21.0,4.0,20.199698571139635
klaus-peter-thaler,20.52,16,28,144,Germany,Europe,Western Europe,1949.0,35,7.0,11.0,35.0,,8.0,18.0,38.0,,29.480097457032706
regis-ovion,20.43,21,27,87,France,Europe,Western Europe,1949.0,33,18.0,15.0,31.0,,12.0,32.0,28.0,28.0,22.47205041794439
marc-demeyer,25.66,19,29,85,Belgium,Europe,Western Europe,1950.0,38,49.0,14.0,39.0,,14.0,26.0,36.0,,29.251962514066808
dominique-sanders,21.613634771451988,54,57,70,France,Europe,Western Europe,1957.0,61,40.0,,60.0,,,67.0,55.0,,31.76886309778617
michel-laurent,20.52494545115273,32,39,180,France,Europe,Western Europe,1953.0,48,,15.0,47.0,,11.0,32.0,48.0,,31.872524550607068
jean-rene-bernaudeau,21.14,26,32,237,France,Europe,Western Europe,1956.0,35,,21.0,34.0,,30.0,24.0,34.0,,25.0406220781054
jacky-hardy,20.47893666767071,76,74,18,France,Europe,Western Europe,1953.0,74,,,74.0,,,67.0,75.0,,23.196024563609075
jean-luc-vandenbroucke,20.134170221161963,29,39,227,Belgium,Europe,Western Europe,1955.0,51,10.0,16.0,52.0,8.0,15.0,25.0,54.0,11.0,37.57738107994923
patrick-perret,22.261971152513368,47,53,112,France,Europe,Western Europe,1953.0,55,36.0,29.0,55.0,,32.0,46.0,55.0,,26.769583516989982
yves-hezard,20.15478213489226,39,43,87,France,Europe,Western Europe,1948.0,50,34.0,13.0,50.0,,10.0,29.0,52.0,,31.21080166551504
christian-seznec,20.652308893733892,37,38,161,France,Europe,Western Europe,1952.0,41,,33.0,39.0,,26.0,44.0,38.0,,24.457121179679252
hennie-kuiper,23.32,23,36,314,Netherlands,Europe,Western Europe,1949.0,51,13.0,17.0,50.0,13.0,19.0,21.0,53.0,10.0,37.702462008751326
henk-lubberding,23.869853239275045,41,50,346,Netherlands,Europe,Western Europe,1953.0,61,36.0,25.0,56.0,12.0,24.0,27.0,60.0,39.0,39.67754125303215
miguel-maria-lasa,22.72,12,22,91,Spain,Europe,Southern Europe,1947.0,27,12.0,12.0,47.0,,3.0,18.0,28.0,,23.56883768644754
jose-martins,22.7306991213146,36,39,30,Portugal,Europe,Southern Europe,1951.0,48,,20.0,40.0,,35.0,29.0,44.0,,26.385732821957475
jose-de-cauwer,21.03834606210484,64,62,55,Belgium,Europe,Western Europe,1949.0,68,,23.0,70.0,,20.0,50.0,70.0,,29.24904096387431
joaquim-agostinho,20.52412994955867,30,33,121,Portugal,Europe,Southern Europe,1943.0,36,19.0,16.0,33.0,,9.0,30.0,34.0,,25.241691211299848
juan-pujol,21.67743382641201,39,45,130,Spain,Europe,Southern Europe,1952.0,51,16.0,37.0,66.0,,34.0,42.0,50.0,,28.22776009660626
joel-gallopin,20.094043874657935,52,55,80,France,Europe,Western Europe,1953.0,56,,14.0,56.0,,14.0,65.0,53.0,,29.706472784840265
antonio-menendez,19.237180124222,40,41,25,Spain,Europe,Southern Europe,1946.0,46,4.0,,43.0,,,45.0,41.0,,24.129857024027302
eugene-plet,20.948308386883348,56,56,23,France,Europe,Western Europe,1952.0,58,,,56.0,,,68.0,55.0,,22.313345233157467
patrick-friou,23.40569141186626,46,53,89,France,Europe,Western Europe,1955.0,56,,24.0,54.0,,7.0,78.0,48.0,,34.6509296474729
roger-legeay,20.77807136881781,47,50,97,France,Europe,Western Europe,1949.0,53,,30.0,51.0,,30.0,56.0,49.0,,27.95142601898596
lucien-van-impe,21.16,31,36,183,Belgium,Europe,Western Europe,1946.0,45,34.0,21.0,39.0,,52.0,26.0,41.0,27.0,30.06334312367493
ludo-loos,21.264107803314847,61,61,54,Belgium,Europe,Western Europe,1955.0,64,43.0,53.0,64.0,,,72.0,54.0,,30.481283852046698
didier-van-vlaslaer,19.93570568835407,80,71,11,France,Europe,Western Europe,1955.0,71,,,71.0,,,80.0,68.0,,33.18077208811809
serge-beucherie,20.660128110594805,53,57,85,France,Europe,Western Europe,1955.0,62,,23.0,61.0,,23.0,72.0,58.0,,32.89571417684198
rene-dillen,21.709041599705778,50,51,52,Belgium,Europe,Western Europe,1951.0,56,,31.0,53.0,,49.0,48.0,53.0,,26.01368708075511
jeanpierre-biderre,20.019000526526057,78,68,15,France,Europe,Western Europe,1950.0,68,,,68.0,,,28.0,78.0,,30.45996591937561
francisco-galdos,21.44461319524528,37,41,87,Spain,Europe,Southern Europe,1947.0,45,17.0,37.0,48.0,,,48.0,36.0,,28.62378446599682
wilfried-wesemael,21.762487546771883,12,26,54,Belgium,Europe,Western Europe,1950.0,38,,16.0,34.0,,12.0,22.0,42.0,,26.07391525267683
joop-zoetemelk,22.72,20,29,334,Netherlands,Europe,Western Europe,1946.0,38,14.0,16.0,37.0,10.0,15.0,20.0,36.0,12.0,28.31185366704293
jan-raas,23.24,7,26,137,Netherlands,Europe,Western Europe,1952.0,38,12.0,8.0,39.0,0.0,9.0,17.0,41.0,,36.68064077236135
pierre-bazzo,20.750660240909408,40,45,203,France,Europe,Western Europe,1954.0,50,,23.0,49.0,,10.0,43.0,48.0,,29.896504075855837
hubert-mathis,23.1828203647244,53,57,97,France,Europe,Western Europe,1952.0,62,32.0,21.0,62.0,,17.0,76.0,54.0,,28.796518469165974
lucien-didier,21.15,49,53,157,Luxembourg,Europe,Western Europe,1950.0,55,,33.0,56.0,,,43.0,56.0,,24.94012919164677
raymond-martin,21.71,48,48,146,France,Europe,Western Europe,1949.0,51,,29.0,50.0,,26.0,45.0,49.0,,28.545569730726545
jacques-martin,22.290655143313515,68,64,19,Belgium,Europe,Western Europe,1952.0,67,,24.0,68.0,,,51.0,68.0,,28.51356504916328
gilbert-lelay,22.82918056481989,46,50,46,France,Europe,Western Europe,1952.0,51,,,50.0,,,53.0,50.0,,28.694534819411437
bernard-thevenet,20.451462079954915,37,39,98,France,Europe,Western Europe,1948.0,49,13.0,23.0,48.0,,7.0,33.0,47.0,1.0,30.41545555933644
fedor-iwan-den-hertog,22.69,55,56,51,Netherlands,Europe,Western Europe,1946.0,60,,41.0,57.0,,28.0,71.0,52.0,,26.95243450024869
alain-budet,22.216592444851603,78,74,23,France,Europe,Western Europe,1952.0,75,,,74.0,,,90.0,72.0,,17.094598458071125
jose-nazabal-mimendia,20.67622118560768,46,47,59,Spain,Europe,Southern Europe,1951.0,49,32.0,45.0,51.0,,30.0,47.0,48.0,,20.07193375933857
gilbert-chaumaz,23.719986499042072,68,67,45,France,Europe,Western Europe,1953.0,68,,,67.0,,,73.0,66.0,,23.000812458201853
jos-de-schoenmaecker,20.609850012891464,71,68,103,Belgium,Europe,Western Europe,1947.0,74,,18.0,72.0,,6.0,67.0,71.0,,36.285224980356936
marcel-laurens,19.34312096102136,93,88,135,Belgium,Europe,Western Europe,1952.0,96,,54.0,95.0,,50.0,68.0,95.0,,34.400476940141864
andres-oliva,20.35320268260216,62,64,62,Spain,Europe,Southern Europe,1948.0,69,38.0,59.0,66.0,,,69.0,62.0,,28.48795286586196
jean-pierre-danguillaume,21.866585330552844,10,24,43,France,Europe,Western Europe,1946.0,37,,13.0,31.0,,10.0,17.0,40.0,,26.155235527804948
dino-bertolo,22.504314435448453,73,65,23,France,Europe,Western Europe,1953.0,66,,,65.0,,,70.0,64.0,,22.1451374939174
enrique-martinez,19.833879769200944,24,29,104,Spain,Europe,Southern Europe,1953.0,36,17.0,27.0,59.0,,10.0,29.0,36.0,,23.549129915792825
daniel-gisiger,21.308733654020227,42,43,69,Switzerland,Europe,Western Europe,1954.0,60,10.0,18.0,53.0,,38.0,17.0,60.0,,36.549380347019095
barry-hoban,21.59212163292061,30,37,48,Great Britain,Europe,Northern Europe,1940.0,45,34.0,20.0,46.0,,8.0,26.0,46.0,,27.845118433351583
antoine-guttierrez,20.478148483444173,76,67,19,France,Europe,Western Europe,1953.0,75,,20.0,73.0,,16.0,52.0,77.0,,28.198336809649064
ferdinand-julien,20.06475072718653,62,59,75,France,Europe,Western Europe,1946.0,64,25.0,24.0,60.0,,26.0,57.0,61.0,25.0,27.7768002230392
andre-romero,20.30296059835119,48,41,30,France,Europe,Western Europe,1950.0,50,,54.0,41.0,,54.0,23.0,49.0,,26.628133078839152
michel-pollentier,22.23,14,25,178,Belgium,Europe,Western Europe,1951.0,37,21.0,22.0,30.0,,21.0,21.0,41.0,9.0,27.10131556120894
rene-martens,21.245831674785286,44,56,266,Belgium,Europe,Western Europe,1955.0,64,20.0,38.0,63.0,,19.0,46.0,62.0,,37.604831859785314
bernardo-alfonsel,20.72408662315828,57,59,211,Spain,Europe,Southern Europe,1954.0,66,24.0,39.0,70.0,,7.0,46.0,67.0,,32.14357109465624
faustino-fernandez,22.52245323069614,80,70,34,Spain,Europe,Southern Europe,1953.0,75,,48.0,101.0,,,63.0,92.0,,35.637371979986526
aad-van-den-hoek,22.26,72,71,58,Netherlands,Europe,Western Europe,1951.0,83,0.0,39.0,79.0,,30.0,82.0,75.0,,40.03162694014439
jean-francois-pescheux,21.928849910578258,42,47,64,France,Europe,Western Europe,1952.0,49,,23.0,48.0,,28.0,54.0,46.0,,32.8586098921975
dante-coccolo,22.04169147639841,81,74,23,France,Europe,Western Europe,1954.0,76,,,74.0,,,70.0,75.0,,23.206326655417588
pierre-raymond-villemiane,20.092766659830705,32,42,107,France,Europe,Western Europe,1951.0,47,,9.0,48.0,,3.0,25.0,49.0,,34.93338245379624
herve-inaudi,20.937670022722955,54,57,16,France,Europe,Western Europe,1952.0,63,,8.0,68.0,,8.0,33.0,78.0,,36.9682296032688
sebastian-pozo-fontivero,20.168508504397813,70,59,34,Spain,Europe,Southern Europe,1951.0,67,,50.0,66.0,,6.0,51.0,79.0,,35.18649068264289
philippe-tesniere,20.942797700854964,90,84,68,France,Europe,Western Europe,1955.0,85,,,84.0,,,110.0,77.0,,38.93134588879385
ward-janssens,18.84944941083939,31,43,35,Belgium,Europe,Western Europe,1946.0,53,8.0,24.0,50.0,,11.0,35.0,52.0,,33.18972707319657
eulalio-garcia,23.15013063736013,74,69,104,Spain,Europe,Southern Europe,1951.0,77,7.0,48.0,85.0,,,59.0,78.0,,34.52311950611009
alain-patritti,20.36958086338746,65,65,33,France,Europe,Western Europe,1953.0,69,,,65.0,,,81.0,61.0,,35.78672091627555
pedro-vilardebo,21.73724961363559,46,50,64,Spain,Europe,Southern Europe,1953.0,55,19.0,41.0,64.0,,,50.0,50.0,,32.32411196437907
albert-van-vlierberghe,20.00672937441211,66,56,30,Belgium,Europe,Western Europe,1942.0,67,,17.0,66.0,,25.0,37.0,67.0,,31.975583357219342
jose-pesarrodona,21.682034155412,89,65,21,Spain,Europe,Southern Europe,1946.0,91,32.0,46.0,68.0,,46.0,51.0,89.0,,45.79556019237382
paul-wellens,21.55471482573792,52,54,151,Belgium,Europe,Western Europe,1952.0,60,,22.0,57.0,,,36.0,60.0,,39.505838280919264
jean-jacques-fussien,22.70806198459688,56,53,28,France,Europe,Western Europe,1952.0,59,,11.0,62.0,,7.0,57.0,61.0,,32.161690543631856
christian-muselet,20.50758787948496,53,53,33,France,Europe,Western Europe,1952.0,57,30.0,,63.0,,,59.0,52.0,,26.242784000963244
freddy-maertens,21.47,3,12,144,Belgium,Europe,Western Europe,1952.0,21,7.0,5.0,19.0,,5.0,7.0,22.0,8.0,22.904479700818147
herman-beyssens,21.50381444869855,72,71,105,Belgium,Europe,Western Europe,1950.0,77,,45.0,78.0,,40.0,68.0,74.0,,31.923735815610737
marcel-tinazzi,22.017266027239263,32,41,82,France,Europe,Western Europe,1953.0,44,23.0,22.0,44.0,,13.0,32.0,46.0,23.0,28.49799382258468
alain-de-carvalho,20.17005606840814,70,71,91,France,Europe,Western Europe,1953.0,74,50.0,,74.0,,,84.0,68.0,,28.059086444721117
yvon-bertin,21.4701302314484,17,41,109,France,Europe,Western Europe,1953.0,48,,23.0,46.0,,17.0,29.0,50.0,,43.221617541478025
paul-sherwen,23.00547575171356,69,67,161,Great Britain,Europe,Northern Europe,1956.0,74,,18.0,72.0,,17.0,64.0,73.0,,46.73129545770459
kenny-elissonde,18.21,65,72,386,France,Europe,Western Europe,1991.0,73,65.0,82.0,64.0,78.0,80.0,77.0,65.0,33.0,42.279434186662655
egor-silin,19.47,68,78,227,Russia,Asia,Asia,1988.0,80,85.0,79.0,76.0,,81.0,71.0,87.0,56.0,44.62758278659567
george-bennett,17.9,51,64,451,New Zealand,Oceania,Oceania,1990.0,66,62.0,59.0,72.0,69.0,56.0,62.0,74.0,29.0,46.63361431135095
simon-yates,19.61,31,44,437,Great Britain,Europe,Northern Europe,1992.0,45,36.0,35.0,57.0,,40.0,34.0,53.0,35.0,42.54725638246814
andrew-talansky,20.57,39,55,321,United States,America,America,1988.0,56,74.0,53.0,51.0,,57.0,41.0,62.0,,46.1003761869623
johan-esteban-chaves,20.45,33,45,439,Colombia,America,America,1990.0,45,42.0,48.0,42.0,,50.0,45.0,43.0,36.0,35.919974931483985
leopold-konig,19.57,38,54,155,Czech Republic,Europe,Eastern Europe,1987.0,53,46.0,53.0,57.0,,73.0,52.0,50.0,59.0,46.16289440057486
nairo-quintana,21.16,22,31,520,Colombia,America,America,1990.0,32,28.0,29.0,34.0,,35.0,25.0,33.0,11.0,31.139854293472617
lawrence-warbasse,20.01,64,69,359,United States,America,America,1990.0,70,54.0,74.0,71.0,55.0,69.0,73.0,70.0,38.0,34.220529144502414
rudy-molard,19.57,44,55,468,France,Europe,Western Europe,1989.0,57,50.0,48.0,64.0,,44.0,51.0,63.0,18.0,37.67416317903189
romain-hardy,20.96,70,74,147,France,Europe,Western Europe,1988.0,75,73.0,74.0,75.0,,77.0,66.0,75.0,57.0,47.4215653939378
ben-hermans,20.81,52,61,288,Belgium,Europe,Western Europe,1986.0,63,49.0,71.0,45.0,59.0,65.0,64.0,48.0,25.0,40.71687376309576
davide-formolo,18.72,38,43,409,Italy,Europe,Southern Europe,1992.0,43,47.0,41.0,49.0,28.0,42.0,41.0,47.0,46.0,28.99752701011641
sergio-pardilla,22.49,54,62,238,Spain,Europe,Southern Europe,1984.0,61,62.0,70.0,49.0,,74.0,60.0,57.0,,39.74709811637621
pierre-latour,20.15,38,52,312,France,Europe,Western Europe,1993.0,52,52.0,48.0,54.0,,52.0,41.0,59.0,38.0,41.54868596359389
jean-christophe-peraud,20.96,38,47,316,France,Europe,Western Europe,1977.0,47,54.0,46.0,46.0,,45.0,49.0,46.0,49.0,33.797158020983915
peter-kennaugh,22.05,88,88,222,Great Britain,Europe,Northern Europe,1989.0,89,92.0,98.0,78.0,113.0,90.0,82.0,96.0,48.0,48.315530268494
tejay-van-garderen,20.81,38,49,537,United States,America,America,1988.0,49,73.0,49.0,44.0,38.0,44.0,44.0,51.0,113.0,39.64869056683862
david-de-la-cruz,19.93,49,60,445,Spain,Europe,Southern Europe,1989.0,61,45.0,65.0,62.0,33.0,61.0,67.0,56.0,28.0,43.03464883208908
riccardo-zoidl,20.11,72,79,155,Austria,Europe,Western Europe,1988.0,81,87.0,77.0,80.0,,75.0,81.0,80.0,51.0,44.836244428044985
bart-de-clercq,20.01,53,63,364,Belgium,Europe,Western Europe,1986.0,65,48.0,66.0,66.0,,66.0,64.0,62.0,47.0,41.12045179000689
julien-bernard,19.37,76,78,328,France,Europe,Western Europe,1992.0,80,80.0,79.0,75.0,,79.0,79.0,77.0,70.0,35.72680404802032
jesus-hernandez-3,20.31,92,95,439,Spain,Europe,Southern Europe,1981.0,97,73.0,101.0,98.0,,123.0,89.0,95.0,,50.84457207982122
maxime-bouet,20.01,64,71,515,France,Europe,Western Europe,1986.0,71,52.0,72.0,72.0,,69.0,68.0,74.0,41.0,37.64171715612897
darwin-atapuma,20.9,62,69,352,Colombia,America,America,1988.0,70,72.0,63.0,77.0,,66.0,64.0,80.0,33.0,42.986058312055775
pavel-kochetkov,20.68,67,74,293,Russia,Asia,Asia,1986.0,75,68.0,73.0,80.0,73.0,84.0,63.0,75.0,73.0,34.73167888220392
davide-villella,19.93,74,77,400,Italy,Europe,Southern Europe,1991.0,79,74.0,78.0,89.0,45.0,72.0,79.0,82.0,59.0,38.01890762624211
silvan-dillier,22.4,70,74,314,Switzerland,Europe,Western Europe,1990.0,76,64.0,70.0,80.0,15.0,55.0,72.0,82.0,48.0,40.49180826661751
jose-herrada,21.22,67,72,473,Spain,Europe,Southern Europe,1985.0,74,66.0,70.0,83.0,56.0,66.0,70.0,81.0,56.0,40.87312104384713
perrig-quemeneur,20.45,108,106,257,France,Europe,Western Europe,1984.0,108,92.0,111.0,107.0,,117.0,100.0,108.0,,37.798160085977926
mathias-frank,20.66,54,64,512,Switzerland,Europe,Western Europe,1986.0,66,77.0,70.0,54.0,66.0,72.0,57.0,69.0,34.0,42.4538845132911
romain-sicard,19.66,70,77,418,France,Europe,Western Europe,1988.0,78,56.0,81.0,80.0,,83.0,76.0,77.0,66.0,41.638258143312605
jose-mendes,19.54,70,78,178,Portugal,Europe,Southern Europe,1985.0,79,71.0,67.0,89.0,,67.0,65.0,86.0,77.0,42.29954575559067
sander-armee,19.94,85,86,432,Belgium,Europe,Western Europe,1985.0,87,77.0,86.0,90.0,94.0,95.0,83.0,87.0,70.0,37.35417897337514
yuri-trofimov,20.66,59,67,436,Russia,Asia,Asia,1984.0,69,83.0,56.0,76.0,,66.0,52.0,82.0,31.0,41.60506406810276
tobias-ludvigsson,20.19,71,75,392,Sweden,Europe,Northern Europe,1991.0,76,76.0,71.0,84.0,48.0,63.0,73.0,84.0,,41.388008817362426
marcel-wyss,20.11,59,70,251,Switzerland,Europe,Western Europe,1986.0,72,44.0,74.0,68.0,,96.0,67.0,65.0,54.0,41.74314477202415
matvey-mamykin,19.35,89,94,101,Russia,Asia,Asia,1994.0,96,82.0,111.0,79.0,,112.0,99.0,84.0,15.0,46.88819015741195
gianluca-brambilla,19.72,52,62,504,Italy,Europe,Southern Europe,1987.0,63,56.0,66.0,59.0,38.0,60.0,65.0,58.0,58.0,44.34475010643975
gianni-meersman,20.11,77,74,224,Belgium,Europe,Western Europe,1985.0,75,75.0,73.0,74.0,45.0,66.0,75.0,76.0,,53.91252004335104
danilo-wyss,20.98,76,77,465,Switzerland,Europe,Western Europe,1985.0,78,69.0,80.0,76.0,65.0,68.0,81.0,74.0,75.0,36.486719639455146
ruben-fernandez,19.15,61,65,255,Spain,Europe,Southern Europe,1991.0,66,70.0,65.0,69.0,37.0,50.0,68.0,73.0,64.0,35.08851948251827
alberto-losada,21.3,70,79,526,Spain,Europe,Southern Europe,1982.0,80,70.0,81.0,80.0,,61.0,86.0,77.0,71.0,40.971535717996645
pello-bilbao,19.82,44,57,479,Spain,Europe,Southern Europe,1990.0,60,57.0,52.0,66.0,38.0,57.0,53.0,68.0,18.0,46.46678365468376
chad-haga,19.6,98,93,384,United States,America,America,1988.0,95,86.0,93.0,100.0,56.0,90.0,91.0,101.0,74.0,40.038321962547165
omar-fraile,21.27,83,84,402,Spain,Europe,Southern Europe,1990.0,86,78.0,80.0,88.0,76.0,84.0,76.0,90.0,74.0,44.94501002480639
ian-boswell,19.39,110,107,173,United States,America,America,1991.0,109,112.0,108.0,103.0,,110.0,97.0,113.0,,43.64709644518376
francois-bidard,20.06,68,74,215,France,Europe,Western Europe,1992.0,76,65.0,80.0,71.0,62.0,82.0,75.0,71.0,65.0,38.00651232818285
mattia-cattaneo,19.79,68,72,304,Italy,Europe,Southern Europe,1990.0,74,64.0,75.0,71.0,53.0,82.0,64.0,89.0,33.0,47.54851784213516
jens-keukeleire,20.16,75,75,400,Belgium,Europe,Western Europe,1988.0,77,66.0,75.0,77.0,61.0,71.0,74.0,78.0,68.0,39.83165695762575
jack-haig,18.56,38,51,354,Australia,Oceania,Oceania,1993.0,53,55.0,49.0,52.0,64.0,46.0,45.0,59.0,69.0,40.4384735879635
gregor-muhlberger,19.75,72,76,273,Austria,Europe,Western Europe,1994.0,78,80.0,74.0,78.0,62.0,72.0,69.0,83.0,93.0,42.40674236608911
axel-domont,20.29,77,84,217,France,Europe,Western Europe,1990.0,86,83.0,85.0,85.0,,85.0,82.0,86.0,132.0,37.10989328863907
clement-chevrier,17.87,73,77,157,France,Europe,Western Europe,1992.0,77,71.0,85.0,69.0,47.0,72.0,84.0,69.0,,29.76087945785289
odd-christian-eiking,22.89,59,65,196,Norway,Europe,Northern Europe,1994.0,66,63.0,65.0,67.0,38.0,56.0,65.0,68.0,48.0,36.74323020620798
koen-bouwman,18.94,62,71,304,Netherlands,Europe,Western Europe,1993.0,73,69.0,68.0,79.0,65.0,75.0,64.0,88.0,61.0,43.50065437086054
merhawi-kudus,19.38,62,67,295,Eritrea,Africa,Africa,1994.0,69,70.0,61.0,77.0,45.0,49.0,61.0,79.0,74.0,37.7251485444283
damien-howson,19.24,73,79,350,Australia,Oceania,Oceania,1992.0,81,85.0,65.0,89.0,71.0,73.0,65.0,95.0,95.0,43.40232483478581
laurent-didier,19.04,97,98,305,Luxembourg,Europe,Western Europe,1984.0,99,107.0,99.0,93.0,,98.0,95.0,103.0,97.0,37.105072283025656
ivan-rovny,20.72,92,93,264,Russia,Asia,Asia,1987.0,95,88.0,92.0,107.0,66.0,91.0,93.0,97.0,40.0,43.801203144835306
stephane-rossetto,20.99,80,85,194,France,Europe,Western Europe,1987.0,86,76.0,106.0,85.0,86.0,123.0,81.0,82.0,75.0,42.38111851094757
johannes-frohlinger,20.72,90,91,529,Germany,Europe,Western Europe,1985.0,93,87.0,89.0,96.0,,89.0,90.0,93.0,54.0,36.70409607250589
matthieu-ladagnous,22.04,84,82,511,France,Europe,Western Europe,1984.0,84,77.0,78.0,88.0,67.0,70.0,83.0,88.0,84.0,34.58722982187333
pieter-serry,19.08,73,80,418,Belgium,Europe,Western Europe,1988.0,83,78.0,82.0,77.0,82.0,65.0,85.0,83.0,57.0,44.5210892826112
zdenek-stybar,20.31,62,66,378,Czech Republic,Europe,Eastern Europe,1985.0,69,74.0,51.0,75.0,50.0,47.0,63.0,78.0,77.0,44.52864910203671
david-arroyo,20.81,53,66,530,Spain,Europe,Southern Europe,1980.0,68,56.0,57.0,83.0,,74.0,49.0,75.0,56.0,46.63328129129767
louis-vervaeke,20.76,75,81,239,Belgium,Europe,Western Europe,1993.0,83,79.0,75.0,101.0,101.0,70.0,82.0,90.0,54.0,43.6664461301008
yukiya-arashiro,22.15,96,92,505,Japan,Asia,Asia,1984.0,94,78.0,94.0,96.0,54.0,91.0,94.0,93.0,80.0,41.29306318767147
joe-dombrowski,19.87,80,84,409,United States,America,America,1991.0,86,87.0,86.0,80.0,,92.0,79.0,92.0,69.0,44.315304821591376
victor-campenaerts,22.72,102,96,268,Belgium,Europe,Western Europe,1991.0,99,98.0,96.0,99.0,53.0,78.0,100.0,105.0,83.0,53.12805942432325
gatis-smukulis,21.5,97,96,225,Latvia,Europe,Northern Europe,1987.0,97,94.0,87.0,103.0,91.0,91.0,92.0,102.0,,41.51021819125641
alexandre-geniez,20.09,74,80,328,France,Europe,Western Europe,1988.0,81,96.0,65.0,91.0,,89.0,53.0,99.0,22.0,49.91138479485345
jerome-cousin,22.84,120,116,188,France,Europe,Western Europe,1989.0,118,107.0,109.0,123.0,104.0,111.0,108.0,119.0,,41.81259049448345
tiago-machado,19.88,61,64,331,Portugal,Europe,Southern Europe,1985.0,65,67.0,55.0,71.0,54.0,57.0,54.0,73.0,17.0,35.22749024335335
dmitriy-gruzdev,22.55,110,109,329,Kazakhstan,Asia,Asia,1986.0,111,106.0,108.0,110.0,103.0,104.0,105.0,114.0,110.0,33.72717938918112
quentin-jauregui,19.37,79,84,119,France,Europe,Western Europe,1994.0,86,96.0,83.0,84.0,45.0,46.0,87.0,95.0,80.0,46.72280655449465
magnus-cort-nielsen,20.09,81,78,373,Denmark,Europe,Northern Europe,1993.0,80,68.0,67.0,91.0,34.0,64.0,72.0,90.0,58.0,51.46643312537931
michael-gogl,20.52,104,99,244,Austria,Europe,Western Europe,1993.0,102,73.0,86.0,111.0,46.0,87.0,89.0,116.0,40.0,44.617946670384704
valerio-conti,20.62,80,80,344,Italy,Europe,Southern Europe,1993.0,81,89.0,78.0,75.0,,98.0,68.0,93.0,92.0,45.53223383034103
scott-thwaites,22.41,104,98,132,Great Britain,Europe,Northern Europe,1990.0,102,102.0,71.0,116.0,76.0,74.0,85.0,117.0,84.0,43.77812106380238
kristijan-durasek,19.38,86,85,282,Croatia,Europe,Southern Europe,1987.0,87,77.0,87.0,85.0,,88.0,82.0,86.0,32.0,37.42366333243116
julien-morice,21.97,122,118,49,France,Europe,Western Europe,1991.0,122,105.0,110.0,144.0,80.0,111.0,109.0,130.0,,36.59819286643038
bryan-nauleau,20.45,114,113,89,France,Europe,Western Europe,1988.0,114,99.0,105.0,118.0,,107.0,103.0,121.0,,33.735330485747944
salvatore-puccio,20.53,82,84,489,Italy,Europe,Southern Europe,1989.0,85,80.0,81.0,97.0,75.0,69.0,85.0,93.0,64.0,36.159028510003175
rory-sutherland,21.22,116,112,297,Australia,Oceania,Oceania,1982.0,114,114.0,109.0,120.0,,112.0,107.0,122.0,121.0,37.25105496010946
gert-dockx,20.9,96,96,172,Belgium,Europe,Western Europe,1988.0,96,90.0,97.0,96.0,93.0,82.0,98.0,96.0,84.0,34.937719256502504
christoph-pfingsten,21.53,78,82,168,Germany,Europe,Western Europe,1987.0,84,76.0,76.0,99.0,75.0,78.0,75.0,100.0,59.0,40.08922718510337
fumiyuki-beppu,21.3,96,94,287,Japan,Asia,Asia,1983.0,94,83.0,91.0,102.0,106.0,93.0,96.0,85.0,50.0,41.691087829596114
tosh-van-der-sande,21.15,87,83,395,Belgium,Europe,Western Europe,1990.0,83,81.0,78.0,94.0,78.0,75.0,86.0,82.0,86.0,45.04757820918199
simon-pellaud,21.6,95,95,156,Switzerland,Europe,Western Europe,1992.0,98,95.0,105.0,88.0,66.0,115.0,87.0,98.0,87.0,39.16674286813064
cesare-benedetti,21.8,104,102,392,Poland,Europe,Eastern Europe,1987.0,104,88.0,104.0,102.0,93.0,105.0,102.0,102.0,89.0,36.3188687360223
ilia-koshevoy,19.08,145,138,103,Belarus,Europe,Eastern Europe,1991.0,140,130.0,138.0,144.0,,131.0,140.0,142.0,78.0,39.42671466214332
christophe-riblon,20.06,96,91,446,France,Europe,Western Europe,1981.0,93,100.0,88.0,91.0,,89.0,80.0,99.0,55.0,52.57527848997554
martin-velits,20.45,110,103,308,Slovakia,Europe,Eastern Europe,1985.0,105,100.0,102.0,107.0,63.0,98.0,103.0,105.0,49.0,40.39567301173461
vegard-stake-laengen,20.78,93,95,278,Norway,Europe,Northern Europe,1989.0,97,93.0,93.0,99.0,75.0,72.0,94.0,103.0,,38.24462360866824
sven-erik-bystrom,20.65,89,87,235,Norway,Europe,Northern Europe,1992.0,89,87.0,77.0,96.0,74.0,79.0,78.0,99.0,24.0,42.52421066231768
sindre-skjoestad-lunke,20.6,118,111,76,Norway,Europe,Northern Europe,1993.0,112,105.0,111.0,113.0,,95.0,117.0,115.0,,35.366293795676484
tsgabu-gebremaryam-grmay,20.57,75,81,367,Ethiopia,Africa,Africa,1991.0,83,86.0,78.0,85.0,58.0,76.0,73.0,98.0,71.0,39.05280074413611
kristian-sbaragli,24.16,82,80,331,Italy,Europe,Southern Europe,1990.0,81,84.0,78.0,84.0,74.0,78.0,80.0,83.0,52.0,45.51436206987689
benjamin-king-1,20.31,74,78,302,United States,America,America,1989.0,79,63.0,87.0,76.0,65.0,90.0,78.0,72.0,,38.29929128829448
ryan-anderson,21.55,104,99,64,Canada,America,America,1987.0,103,73.0,95.0,117.0,89.0,90.0,111.0,91.0,,38.81896065519022
michal-golas,20.06,86,87,363,Poland,Europe,Eastern Europe,1984.0,88,78.0,86.0,91.0,85.0,72.0,90.0,91.0,86.0,37.34948994959229
fabio-felline,22.2,56,64,434,Italy,Europe,Southern Europe,1990.0,66,66.0,58.0,76.0,65.0,57.0,57.0,82.0,41.0,43.63547705556297
moreno-moser,20.43,92,88,202,Italy,Europe,Southern Europe,1990.0,91,92.0,80.0,98.0,,79.0,80.0,107.0,,49.86043103628351
jaco-venter,19.39,116,113,220,South Africa,Africa,Africa,1987.0,116,111.0,99.0,131.0,85.0,89.0,101.0,130.0,,39.01060089450392
louis-meintjes,19.38,43,54,518,South Africa,Africa,Africa,1992.0,55,65.0,61.0,47.0,47.0,63.0,46.0,54.0,74.0,41.59870386361832
kiel-reijnen,19.44,125,114,147,United States,America,America,1986.0,115,112.0,99.0,129.0,77.0,82.0,128.0,121.0,,39.43064649426792
tom-stamsnijder,20.83,117,114,365,Netherlands,Europe,Western Europe,1985.0,117,108.0,115.0,125.0,58.0,104.0,116.0,118.0,,39.82482094233401
sam-bewley,22.2,121,118,273,New Zealand,Oceania,Oceania,1987.0,120,117.0,116.0,123.0,108.0,113.0,113.0,127.0,,36.34407452192156
svein-tuft,25.14,137,128,358,Canada,America,America,1977.0,130,117.0,125.0,135.0,122.0,117.0,125.0,137.0,84.0,43.4896585208468
nikias-arndt,22.16,80,84,421,Germany,Europe,Western Europe,1991.0,86,97.0,77.0,87.0,60.0,75.0,77.0,94.0,38.0,50.18621471574267
michael-schwarzmann,22.79,125,115,213,Germany,Europe,Western Europe,1991.0,117,117.0,109.0,135.0,95.0,103.0,111.0,130.0,115.0,45.930922205733545
hugh-carthy,18.91,49,61,315,Great Britain,Europe,Northern Europe,1994.0,63,62.0,59.0,67.0,50.0,51.0,59.0,84.0,26.0,46.91527759335018
mario-costa,19.325184271380348,118,114,62,Portugal,Europe,Southern Europe,1985.0,116,118.0,108.0,120.0,,124.0,105.0,126.0,,28.82629554154218
loic-chetout,22.09,123,119,56,France,Europe,Western Europe,1992.0,120,122.0,106.0,124.0,,96.0,126.0,123.0,,38.97821152934
lilian-calmejane,20.68,60,64,262,France,Europe,Western Europe,1992.0,65,79.0,60.0,65.0,,55.0,67.0,67.0,,37.73789253839888
dylan-teuns,19.54,44,56,353,Belgium,Europe,Western Europe,1992.0,59,52.0,47.0,65.0,31.0,42.0,55.0,63.0,29.0,43.175370179495786
jhonatan-restrepo,23.04,102,94,117,Colombia,America,America,1994.0,94,97.0,91.0,91.0,,84.0,81.0,104.0,96.0,46.47043179846207
sergey-lagutin,20.76,70,78,331,United States,America,America,1981.0,79,74.0,80.0,76.0,109.0,68.0,82.0,75.0,59.0,48.11565760180643
rudiger-selig,22.63,131,110,155,Germany,Europe,Western Europe,1989.0,111,121.0,104.0,120.0,88.0,109.0,98.0,118.0,127.0,55.879144980367286
dries-devenyns,20.75,84,84,546,Belgium,Europe,Western Europe,1983.0,87,80.0,76.0,94.0,58.0,69.0,80.0,97.0,40.0,47.762534201549336
eduard-prades,19.88,70,69,115,Spain,Europe,Southern Europe,1987.0,69,66.0,65.0,89.0,,68.0,60.0,75.0,65.0,43.71156936921919
martijn-keizer,19.33,104,102,338,Netherlands,Europe,Western Europe,1988.0,103,113.0,95.0,113.0,,102.0,94.0,116.0,,40.48657025146414
jos-van-emden,22.55,97,94,421,Netherlands,Europe,Western Europe,1985.0,95,95.0,92.0,106.0,78.0,84.0,95.0,110.0,87.0,45.12330841521461
jonas-van-genechten,21.63,132,100,79,Belgium,Europe,Western Europe,1986.0,102,105.0,90.0,108.0,,96.0,95.0,110.0,,65.82401073684231
yves-lampaert,23.15,72,76,252,Belgium,Europe,Western Europe,1991.0,80,74.0,50.0,92.0,55.0,55.0,60.0,95.0,4.0,49.61973577198216
jaime-roson,19.35,48,63,71,Spain,Europe,Southern Europe,1993.0,64,91.0,40.0,62.0,,44.0,40.0,78.0,,45.80914830479237
jelle-wallays,22.5,106,101,186,Belgium,Europe,Western Europe,1989.0,104,107.0,77.0,114.0,68.0,75.0,101.0,114.0,,43.0161787045295
nick-dougall,19.53,131,127,47,South Africa,Africa,Africa,1992.0,131,127.0,100.0,132.0,,56.0,115.0,145.0,17.0,31.642180188279227
gediminas-bagdonas,22.79,104,93,81,Lithuania,Europe,Northern Europe,1985.0,94,81.0,88.0,108.0,86.0,85.0,98.0,94.0,,47.00241653887412
manuele-boaro,21.38,92,90,364,Italy,Europe,Southern Europe,1987.0,90,91.0,87.0,100.0,56.0,89.0,86.0,106.0,77.0,43.88627678630736
jean-pierre-drucker,22.64,86,83,169,Luxembourg,Europe,Western Europe,1986.0,87,91.0,73.0,104.0,36.0,67.0,82.0,102.0,39.0,52.30459414979161
niki-terpstra,20.78,105,95,507,Netherlands,Europe,Western Europe,1984.0,99,106.0,68.0,112.0,43.0,70.0,82.0,112.0,109.0,51.451574116936754
tyler-farrar,21.8,118,95,374,United States,America,America,1984.0,96,91.0,81.0,111.0,50.0,82.0,92.0,104.0,80.0,60.73693384566763
lorrenzo-manzin,22.53,128,107,125,France,Europe,Western Europe,1994.0,109,94.0,109.0,118.0,,114.0,108.0,108.0,98.0,52.78936476467646
jacques-janse-van-rensburg,20.57,86,90,168,South Africa,Africa,Africa,1987.0,90,87.0,91.0,90.0,,105.0,88.0,87.0,,39.33533895608183
romain-cardis,21.98,132,130,24,France,Europe,Western Europe,1992.0,134,106.0,95.0,168.0,,95.0,,137.0,,44.556672917188
alessandro-vanotti,20.45,98,99,535,Italy,Europe,Southern Europe,1980.0,100,89.0,91.0,114.0,,103.0,92.0,109.0,78.0,42.04847032030752
caleb-ewan,24.74,104,88,172,Australia,Oceania,Oceania,1994.0,89,,83.0,108.0,48.0,64.0,92.0,106.0,,70.91096041576044
dylan-groenewegen,22.34,124,95,196,Netherlands,Europe,Western Europe,1993.0,98,58.0,89.0,106.0,47.0,70.0,104.0,106.0,58.0,66.46695728146739
niccolo-bonifazio,23.24,108,95,163,Italy,Europe,Southern Europe,1993.0,96,,93.0,100.0,,91.0,94.0,105.0,,56.24274785569389
ariel-maximiliano-richeze,21.71,128,105,445,Argentina,America,America,1983.0,106,119.0,101.0,107.0,75.0,94.0,100.0,116.0,110.0,59.95940667173048
andre-greipel,23.63,93,80,477,Germany,Europe,Western Europe,1982.0,81,70.0,73.0,89.0,48.0,71.0,82.0,84.0,42.0,58.56814706723088
matteo-trentin,23.1,68,74,386,Italy,Europe,Southern Europe,1989.0,78,67.0,64.0,84.0,32.0,49.0,73.0,86.0,61.0,57.6291929606866
jasper-stuyven,22.31,46,56,331,Belgium,Europe,Western Europe,1992.0,58,53.0,48.0,62.0,24.0,44.0,54.0,63.0,24.0,46.386294409799525
sonny-colbrelli,23.89,64,64,320,Italy,Europe,Southern Europe,1990.0,67,28.0,67.0,64.0,23.0,47.0,70.0,66.0,23.0,48.65604028958216
marco-haller,22.72,111,105,335,Austria,Europe,Western Europe,1991.0,108,78.0,91.0,114.0,84.0,90.0,104.0,113.0,34.0,45.346528635698775
andrea-pasqualon,22.46,65,65,225,Italy,Europe,Southern Europe,1988.0,67,48.0,64.0,69.0,26.0,59.0,64.0,71.0,23.0,43.126232671593804
julien-simon,20.98,78,80,411,France,Europe,Western Europe,1985.0,81,78.0,66.0,87.0,,69.0,73.0,92.0,55.0,48.52327710352251
hugo-houle,21.5,64,70,323,Canada,America,America,1990.0,72,76.0,75.0,63.0,68.0,61.0,74.0,71.0,44.0,39.11204485534074
jens-debusschere,22.74,112,100,214,Belgium,Europe,Western Europe,1989.0,103,95.0,82.0,119.0,55.0,78.0,93.0,120.0,46.0,55.25216881486983
elia-viviani,21.15,104,88,378,Italy,Europe,Southern Europe,1989.0,88,89.0,88.0,96.0,53.0,75.0,90.0,99.0,81.0,58.39194310476448
william-bonnet,23.37,108,96,528,France,Europe,Western Europe,1982.0,97,91.0,94.0,99.0,87.0,96.0,94.0,99.0,46.0,49.2531402721006
ivan-garcia-cortina,22.99,67,68,207,Spain,Europe,Southern Europe,1995.0,71,68.0,48.0,81.0,53.0,51.0,64.0,81.0,26.0,47.6661850155878
guillaume-martin,18.38,28,36,334,France,Europe,Western Europe,1993.0,37,22.0,39.0,37.0,,35.0,39.0,38.0,21.0,28.32996736890071
toms-skujins,21.37,67,73,281,Latvia,Europe,Northern Europe,1991.0,76,68.0,67.0,80.0,52.0,63.0,67.0,84.0,45.0,43.1641553380791
frederik-backaert,22.07,78,83,104,Belgium,Europe,Western Europe,1990.0,87,,57.0,96.0,38.0,56.0,82.0,96.0,,41.885200874268456
stefan-kung,22.28,50,53,332,Switzerland,Europe,Western Europe,1993.0,56,40.0,51.0,57.0,27.0,49.0,45.0,64.0,69.0,36.95961745163034
pierre-luc-perichon,20.83,88,90,249,France,Europe,Western Europe,1987.0,90,93.0,92.0,88.0,74.0,86.0,98.0,86.0,93.0,37.95340144750427
mike-teunissen,21.56,72,74,276,Netherlands,Europe,Western Europe,1992.0,76,82.0,49.0,83.0,16.0,49.0,69.0,85.0,84.0,44.77229565811904
michael-matthews,22.72,29,54,485,Australia,Oceania,Oceania,1990.0,56,56.0,44.0,61.0,,37.0,48.0,67.0,36.0,55.1372355102432
egan-bernal,19.59,18,32,185,Colombia,America,America,1997.0,33,10.0,29.0,37.0,,26.0,28.0,39.0,8.0,36.79788701592337
michael-morkov,21.2,116,104,496,Denmark,Europe,Northern Europe,1985.0,107,110.0,97.0,115.0,50.0,86.0,104.0,117.0,100.0,50.77385824902756
xandro-meurisse,21.67,55,59,177,Belgium,Europe,Western Europe,1992.0,60,51.0,65.0,55.0,60.0,71.0,54.0,56.0,28.0,36.56203173880013
sebastian-langeveld,21.15,105,98,409,Netherlands,Europe,Western Europe,1985.0,102,101.0,75.0,122.0,78.0,75.0,94.0,120.0,55.0,51.23508518748127
warren-barguil,18.21,32,42,451,France,Europe,Western Europe,1991.0,43,35.0,42.0,43.0,,46.0,44.0,40.0,23.0,33.612677396981404
fabien-grellier,20.06,111,107,110,France,Europe,Western Europe,1994.0,108,88.0,108.0,107.0,,114.0,102.0,113.0,88.0,30.270071539820567
laurens-de-plus,18.56,53,59,179,Belgium,Europe,Western Europe,1995.0,60,73.0,57.0,61.0,55.0,59.0,58.0,61.0,,38.70157378512511
anthony-roux,20.65,80,84,486,France,Europe,Western Europe,1987.0,87,68.0,85.0,91.0,49.0,82.0,84.0,87.0,60.0,47.7152971500086
emanuel-buchmann,18.21,33,45,349,Germany,Europe,Western Europe,1992.0,46,53.0,35.0,50.0,43.0,55.0,29.0,56.0,49.0,38.10543280800297
reinardt-janse-van-rensburg,22.34,91,86,308,South Africa,Africa,Africa,1989.0,87,77.0,78.0,92.0,50.0,72.0,82.0,93.0,79.0,45.700559511258895
amund-grondahl-jansen,23.74,114,108,140,Norway,Europe,Northern Europe,1994.0,110,67.0,88.0,118.0,26.0,80.0,111.0,115.0,,42.36726991585993
mikel-landa,20.62,40,49,531,Spain,Europe,Southern Europe,1989.0,51,59.0,45.0,52.0,,56.0,43.0,54.0,17.0,40.04517596021626
roger-kluge,22.52,135,116,243,Germany,Europe,Western Europe,1986.0,118,35.0,114.0,126.0,87.0,93.0,126.0,124.0,35.0,53.50723612042149
alberto-bettiol,21.3,67,67,254,Italy,Europe,Southern Europe,1993.0,69,26.0,66.0,73.0,,64.0,65.0,70.0,52.0,43.179477650336665
michael-schar,19.9,69,74,547,Switzerland,Europe,Western Europe,1986.0,76,78.0,75.0,73.0,44.0,66.0,77.0,75.0,77.0,35.412225970279984
florian-vachon,20.29,103,98,196,France,Europe,Western Europe,1985.0,99,,88.0,102.0,66.0,88.0,89.0,103.0,,40.649965259056906
aleksey-lutsenko,24.44,51,68,426,Kazakhstan,Asia,Asia,1992.0,71,77.0,67.0,68.0,42.0,49.0,66.0,76.0,,51.7334008802732
jasper-de-buyst,22.47,101,94,192,Belgium,Europe,Western Europe,1993.0,96,92.0,83.0,107.0,66.0,67.0,102.0,104.0,17.0,43.438222164951206
aime-de-gendt,22.64,104,99,94,Belgium,Europe,Western Europe,1994.0,104,,97.0,117.0,43.0,90.0,98.0,117.0,,40.43434960246009
anthony-delaplace,19.84,80,85,290,France,Europe,Western Europe,1989.0,87,60.0,79.0,87.0,90.0,81.0,80.0,90.0,60.0,36.95781398186451
michael-woods,20.9,39,51,368,Canada,America,America,1986.0,53,47.0,46.0,60.0,16.0,49.0,45.0,57.0,57.0,42.75157246152134
julian-alaphilippe,20.72,27,43,341,France,Europe,Western Europe,1992.0,45,37.0,39.0,47.0,56.0,43.0,30.0,52.0,24.0,45.850942958209465
tanel-kangert,20.52,42,48,530,Estonia,Europe,Northern Europe,1987.0,49,52.0,46.0,50.0,,52.0,42.0,55.0,58.0,29.779644170224067
sergio-luis-henao,21.11,32,42,451,Colombia,America,America,1987.0,43,45.0,35.0,47.0,,39.0,33.0,50.0,34.0,32.786321425691035
giulio-ciccone,18.72,48,60,292,Italy,Europe,Southern Europe,1994.0,63,69.0,62.0,57.0,28.0,40.0,69.0,61.0,69.0,47.19821853708489
anthony-turgis,22.09,95,87,223,France,Europe,Western Europe,1994.0,89,79.0,63.0,100.0,42.0,57.0,80.0,104.0,8.0,44.3978448353648
elie-gesbert,19.23,84,80,139,France,Europe,Western Europe,1995.0,82,53.0,60.0,91.0,,60.0,70.0,88.0,,43.35887660178603
natnael-berhane,19.93,101,99,277,Eritrea,Africa,Africa,1991.0,101,107.0,90.0,111.0,52.0,85.0,92.0,118.0,104.0,42.85992883466136
kevin-van-melsen,22.5,104,106,67,Belgium,Europe,Western Europe,1987.0,109,100.0,88.0,115.0,91.0,81.0,99.0,117.0,,28.18138413170069
lukasz-wisniowski,21.38,100,93,150,Poland,Europe,Eastern Europe,1991.0,95,84.0,95.0,105.0,64.0,73.0,102.0,100.0,89.0,41.44857410456979
joey-rosskopf,21.39,78,79,227,United States,America,America,1989.0,81,80.0,81.0,78.0,56.0,80.0,76.0,89.0,62.0,38.89324185282258
david-gaudu,17.92,26,37,266,France,Europe,Western Europe,1996.0,38,27.0,34.0,41.0,24.0,40.0,35.0,40.0,27.0,31.251955932547222
tiesj-benoot,19.94,30,45,292,Belgium,Europe,Western Europe,1994.0,48,55.0,31.0,51.0,31.0,33.0,36.0,60.0,24.0,40.76776527936003
romain-bardet,18.99,24,32,519,France,Europe,Western Europe,1990.0,33,32.0,32.0,31.0,50.0,35.0,27.0,34.0,11.0,29.79918617788629
alexis-vuillermoz,20.05,44,52,329,France,Europe,Western Europe,1988.0,54,24.0,46.0,60.0,,57.0,45.0,60.0,22.0,35.52018624820014
fabio-aru,18.81,29,41,369,Italy,Europe,Southern Europe,1990.0,40,42.0,44.0,37.0,,50.0,40.0,38.0,19.0,35.84954050769599
gianni-moscon,21.91,66,71,228,Italy,Europe,Southern Europe,1994.0,73,25.0,67.0,84.0,59.0,71.0,61.0,83.0,8.0,45.05337278448815
dylan-van-baarle,21.84,69,77,397,Netherlands,Europe,Western Europe,1992.0,81,65.0,61.0,86.0,43.0,60.0,77.0,84.0,62.0,47.36436113951868
richie-porte,20.96,37,52,544,Australia,Oceania,Oceania,1985.0,54,83.0,48.0,53.0,96.0,44.0,43.0,65.0,15.0,46.17767759426861
matej-mohoric,20.81,65,70,321,Slovenia,Europe,Southern Europe,1994.0,72,44.0,66.0,80.0,18.0,47.0,71.0,77.0,58.0,47.26445059977363
adam-yates,19.38,26,39,444,Great Britain,Europe,Northern Europe,1992.0,41,66.0,29.0,40.0,25.0,30.0,27.0,50.0,30.0,38.98515058480112
jesus-herrada-lopez,20.9,70,70,434,Spain,Europe,Southern Europe,1990.0,73,58.0,63.0,82.0,19.0,63.0,62.0,80.0,36.0,44.03391952447649
enric-mas,19.47,25,35,302,Spain,Europe,Southern Europe,1995.0,36,28.0,35.0,38.0,,40.0,33.0,38.0,20.0,32.34221169702656
kevin-ledanois,20.45,97,96,89,France,Europe,Western Europe,1993.0,98,57.0,98.0,96.0,,100.0,95.0,95.0,,33.09171796315219
daniel-oss,20.56,92,88,512,Italy,Europe,Southern Europe,1987.0,90,79.0,85.0,91.0,75.0,70.0,97.0,89.0,60.0,45.03778273432232
sebastien-reichenbach,20.2,45,55,369,Switzerland,Europe,Western Europe,1989.0,57,37.0,55.0,57.0,64.0,52.0,53.0,62.0,30.0,39.02060148996455
kasper-asgreen,20.56,72,73,181,Denmark,Europe,Northern Europe,1995.0,76,97.0,49.0,80.0,52.0,55.0,41.0,95.0,40.0,49.89286373262818
michael-valgren-andersen,22.16,70,72,350,Denmark,Europe,Northern Europe,1992.0,76,60.0,63.0,81.0,16.0,68.0,63.0,81.0,55.0,44.451487167702105
alexander-kristoff,23.29,82,79,450,Norway,Europe,Northern Europe,1987.0,81,25.0,69.0,89.0,59.0,58.0,84.0,88.0,22.0,63.07543022873456
serge-pauwels,20.75,61,69,452,Belgium,Europe,Western Europe,1983.0,70,53.0,72.0,68.0,73.0,84.0,64.0,69.0,54.0,40.17235075084613
paul-ourselin,20.45,82,84,86,France,Europe,Western Europe,1994.0,86,93.0,82.0,81.0,,91.0,75.0,90.0,94.0,27.73321209942284
anthony-perez,19.39,93,93,239,France,Europe,Western Europe,1991.0,95,97.0,89.0,96.0,,85.0,91.0,98.0,56.0,40.073597511803975
alex-dowsett,22.64,111,105,241,Great Britain,Europe,Northern Europe,1988.0,107,103.0,100.0,118.0,97.0,96.0,103.0,127.0,97.0,46.99315192451801
nils-politt,21.7,69,65,247,Germany,Europe,Western Europe,1994.0,68,41.0,49.0,73.0,45.0,54.0,55.0,76.0,18.0,37.3792828935797
jose-goncalves,20.45,53,67,175,Portugal,Europe,Southern Europe,1989.0,69,81.0,50.0,88.0,51.0,50.0,52.0,93.0,,48.76916708799204
daryl-impey,21.98,64,67,455,South Africa,Africa,Africa,1984.0,68,60.0,64.0,70.0,82.0,62.0,62.0,74.0,76.0,45.36802779996973
lennard-kamna,19.84,50,59,161,Germany,Europe,Western Europe,1996.0,61,78.0,50.0,71.0,,62.0,45.0,76.0,20.0,47.3529293957644
ilnur-zakarin,19.16,32,41,326,Russia,Asia,Asia,1989.0,42,42.0,36.0,51.0,45.0,36.0,36.0,51.0,42.0,34.832326336308014
alexis-gougeard,22.6,110,104,227,France,Europe,Western Europe,1993.0,106,102.0,94.0,112.0,20.0,92.0,96.0,114.0,,41.911372393899455
benoit-cosnefroy,20.06,94,88,177,France,Europe,Western Europe,1995.0,92,18.0,77.0,102.0,48.0,86.0,76.0,96.0,17.0,45.850012840265286
carlos-verona,19.66,69,75,466,Spain,Europe,Southern Europe,1992.0,78,72.0,71.0,83.0,53.0,64.0,73.0,86.0,66.0,43.20833160052533
marc-soler,19.66,46,58,333,Spain,Europe,Southern Europe,1993.0,59,43.0,47.0,71.0,79.0,54.0,47.0,70.0,34.0,44.74532114362545
stephen-cummings,20.22,119,108,426,Great Britain,Europe,Northern Europe,1981.0,111,104.0,100.0,118.0,,90.0,99.0,124.0,74.0,51.09897717276475
michael-hepburn,22.26,112,103,326,Australia,Oceania,Oceania,1991.0,105,94.0,105.0,105.0,88.0,95.0,108.0,102.0,88.0,45.94360547866723
luke-durbridge,22.31,100,95,390,Australia,Oceania,Oceania,1991.0,98,105.0,82.0,106.0,60.0,66.0,93.0,111.0,50.0,43.37941053299328
christopher-juul-jensen,21.8,106,105,454,Denmark,Europe,Northern Europe,1989.0,109,92.0,102.0,114.0,73.0,92.0,102.0,118.0,85.0,40.15524115923997
tim-wellens,21.43,60,66,340,Belgium,Europe,Western Europe,1991.0,70,53.0,56.0,91.0,36.0,45.0,64.0,90.0,64.0,47.694087341913786
yoann-offredo,19.32,76,77,169,France,Europe,Western Europe,1986.0,80,54.0,58.0,99.0,31.0,56.0,72.0,96.0,25.0,46.34247549733603
patrick-konrad,19.54,40,49,405,Austria,Europe,Western Europe,1991.0,51,39.0,39.0,63.0,47.0,51.0,37.0,67.0,26.0,39.09718427036246
tony-gallopin,21.06,48,57,533,France,Europe,Western Europe,1988.0,59,44.0,51.0,63.0,64.0,45.0,54.0,64.0,43.0,43.23780033409867
michal-kwiatkowski,21.95,39,57,459,Poland,Europe,Eastern Europe,1990.0,59,47.0,45.0,66.0,63.0,36.0,58.0,66.0,52.0,51.43900828076527
thomas-scully,24.05,124,114,184,New Zealand,Oceania,Oceania,1990.0,117,117.0,104.0,122.0,124.0,108.0,101.0,127.0,79.0,39.35334386753766
oliver-naesen,21.86,53,56,303,Belgium,Europe,Western Europe,1990.0,59,28.0,38.0,69.0,15.0,36.0,56.0,68.0,26.0,37.38513133502335
jan-tratnik,21.72,90,84,227,Slovenia,Europe,Southern Europe,1990.0,86,64.0,83.0,93.0,104.0,86.0,85.0,86.0,65.0,47.01951449435504
mads-wurtz-schmidt,22.6,84,83,142,Denmark,Europe,Northern Europe,1994.0,85,,86.0,87.0,51.0,81.0,78.0,96.0,,44.51190637582118
angel-luis-casero,21.27,38,49,305,Spain,Europe,Southern Europe,1972.0,52,39.0,87.0,48.0,,98.0,36.0,48.0,41.0,39.367580103991344
andrea-peron-1,20.9,62,66,546,Italy,Europe,Southern Europe,1971.0,70,58.0,71.0,65.0,26.0,73.0,65.0,67.0,37.0,40.77896011091084
abraham-olano-manzano,21.37,24,29,394,Spain,Europe,Southern Europe,1970.0,32,26.0,31.0,30.0,,44.0,19.0,31.0,8.0,24.866854341483304
santos-gonzalez,21.85,52,58,301,Spain,Europe,Southern Europe,1973.0,60,55.0,84.0,51.0,,102.0,61.0,55.0,,40.59328973672933
alvaro-gonzalez,20.183181866030388,76,78,286,Spain,Europe,Southern Europe,1970.0,82,66.0,84.0,82.0,,78.0,70.0,82.0,,45.36280876543781
paolo-savoldelli,22.22,31,41,469,Italy,Europe,Southern Europe,1973.0,44,106.0,31.0,52.0,,44.0,28.0,76.0,,36.14274688089796
sergei-ivanov,22.53,57,63,430,Russia,Asia,Asia,1975.0,68,61.0,57.0,70.0,46.0,67.0,50.0,75.0,38.0,45.793761309113
david-etxebarria,20.45,51,58,383,Spain,Europe,Southern Europe,1973.0,61,65.0,36.0,68.0,,49.0,39.0,71.0,,44.02132807634542
andrei-tchmil,24.21,17,37,298,Belgium,Europe,Western Europe,1963.0,45,55.0,21.0,52.0,12.0,23.0,31.0,57.0,27.0,41.2050397153783
frankie-andreu,21.79,86,82,271,United States,America,America,1966.0,88,111.0,54.0,87.0,46.0,57.0,61.0,92.0,,48.63290768876327
georg-totschnig,20.24,40,49,403,Austria,Europe,Western Europe,1971.0,52,70.0,53.0,41.0,49.0,89.0,32.0,57.0,65.0,37.19683415882768
mario-cipollini,21.56,20,47,373,Italy,Europe,Southern Europe,1967.0,57,80.0,53.0,32.0,5.0,50.0,48.0,42.0,0.0,53.06683811807288
alex-zulle,21.04,35,44,547,Switzerland,Europe,Western Europe,1968.0,49,51.0,37.0,45.0,,42.0,35.0,51.0,20.0,39.09980303322524
hernan-buenahora,21.115412544496586,66,68,292,Colombia,America,America,1967.0,75,89.0,63.0,69.0,,117.0,51.0,91.0,,46.09463769214647
luis-perez-rodriguez,20.68,51,61,356,Spain,Europe,Southern Europe,1974.0,62,46.0,86.0,57.0,,99.0,59.0,53.0,77.0,43.00043565327287
jacky-durand,21.97,106,94,307,France,Europe,Western Europe,1967.0,103,102.0,88.0,95.0,78.0,85.0,71.0,106.0,30.0,56.09559730990558
stefano-garzelli,20.24,30,37,549,Italy,Europe,Southern Europe,1973.0,38,27.0,34.0,42.0,,34.0,34.0,47.0,36.0,32.32952742264402
unai-etxebarria-arana,20.76,82,84,326,Venezuela,America,America,1972.0,88,74.0,96.0,79.0,,83.0,80.0,87.0,,46.15395538763225
didier-rous,21.13,51,58,384,France,Europe,Western Europe,1970.0,62,98.0,49.0,59.0,51.0,46.0,43.0,70.0,,38.514819378240205
roberto-laiseka-jaio,18.61,77,80,353,Spain,Europe,Southern Europe,1969.0,84,74.0,99.0,80.0,,145.0,68.0,82.0,62.0,50.31044446408298
marco-pinotti,21.63,63,69,419,Italy,Europe,Southern Europe,1976.0,71,96.0,60.0,85.0,,72.0,60.0,97.0,56.0,44.94815516286281
juan-carlos-vicario-barbera,21.00541284792196,50,59,166,Spain,Europe,Southern Europe,1971.0,62,61.0,95.0,48.0,,,50.0,61.0,,36.23907321059961
andres-bermejo-siller,21.85821110918785,102,99,64,Spain,Europe,Southern Europe,1974.0,103,103.0,83.0,100.0,,,71.0,112.0,,39.962271393410994
dylan-casey,21.59572383626705,116,118,23,United States,America,America,1971.0,121,132.0,,99.0,,,99.0,132.0,120.0,39.70787598222503
giuseppe-di-grande,19.38,32,41,217,Italy,Europe,Southern Europe,1973.0,45,78.0,38.0,34.0,,34.0,36.0,70.0,,32.029169239902664
orlando-sergio-rodrigues,21.46,54,57,227,Portugal,Europe,Southern Europe,1969.0,62,55.0,64.0,53.0,,87.0,54.0,60.0,,35.199949585484205
pedro-horrillo,22.45,84,80,407,Spain,Europe,Southern Europe,1974.0,82,87.0,82.0,68.0,40.0,78.0,79.0,81.0,60.0,43.22757027601318
fernando-escartin,20.15,36,42,438,Spain,Europe,Southern Europe,1968.0,46,32.0,41.0,48.0,,55.0,31.0,45.0,35.0,32.18962388625859
bart-voskamp,20.78,98,94,235,Netherlands,Europe,Western Europe,1968.0,100,103.0,91.0,94.0,36.0,73.0,84.0,105.0,32.0,45.72311649956912
roberto-conti,22.382195748927053,91,88,382,Italy,Europe,Southern Europe,1964.0,96,64.0,97.0,85.0,,83.0,83.0,93.0,44.0,51.92395178833606
matteo-frutti,21.33040887772334,89,86,73,Italy,Europe,Southern Europe,1975.0,89,112.0,91.0,82.0,,152.0,74.0,102.0,,47.61665160312571
tobias-steinhauser,20.37,71,75,137,Germany,Europe,Western Europe,1972.0,78,4.0,65.0,81.0,,48.0,68.0,95.0,4.0,40.47297652892861
michele-coppolillo,22.80252246385006,101,91,145,Italy,Europe,Southern Europe,1967.0,102,47.0,88.0,103.0,,66.0,91.0,161.0,47.0,50.88399868169835
jose-luis-rebollo,20.62,60,64,144,Spain,Europe,Southern Europe,1972.0,66,62.0,65.0,67.0,,58.0,46.0,69.0,,34.94762912236368
jose-alberto-martinez,21.63,40,53,149,Spain,Europe,Southern Europe,1975.0,55,61.0,48.0,36.0,,50.0,38.0,60.0,,37.68472129067256
angel-edo,21.63,54,57,341,Spain,Europe,Southern Europe,1970.0,60,58.0,51.0,66.0,,43.0,51.0,64.0,29.0,48.858130743986166
roberto-heras,19.94,33,42,413,Spain,Europe,Southern Europe,1974.0,44,28.0,55.0,52.0,,59.0,41.0,42.0,51.0,35.1575320253197
mariano-piccoli,21.38,55,61,477,Italy,Europe,Southern Europe,1970.0,65,77.0,51.0,57.0,,58.0,48.0,77.0,,45.00653733244386
gianni-faresin,19.947110366138517,42,50,394,Italy,Europe,Southern Europe,1965.0,55,41.0,53.0,52.0,,116.0,47.0,55.0,30.0,34.797618581190264
luca-scinto,21.281172244700933,97,94,129,Italy,Europe,Southern Europe,1968.0,103,46.0,93.0,101.0,,97.0,86.0,128.0,46.0,43.520833913151584
paolo-lanfranchi,23.25048280635017,56,61,354,Italy,Europe,Southern Europe,1968.0,65,54.0,58.0,67.0,,56.0,57.0,70.0,15.0,40.04883064817536
marcos-antonio-serrano,20.81,50,58,485,Spain,Europe,Southern Europe,1972.0,62,46.0,61.0,68.0,,66.0,56.0,58.0,40.0,40.160812466514166
francesco-frattini,20.52,76,80,129,Italy,Europe,Southern Europe,1967.0,94,,62.0,90.0,,82.0,58.0,102.0,,51.20624313733932
andrea-tafi,20.88,50,55,321,Italy,Europe,Southern Europe,1966.0,60,42.0,63.0,53.0,,75.0,48.0,54.0,19.0,34.516083038458426
gines-salmeron,23.7498892941186,106,99,70,Spain,Europe,Southern Europe,1972.0,105,128.0,105.0,89.0,,,88.0,121.0,,40.99549033422178
jon-odriozola,21.6,63,65,306,Spain,Europe,Southern Europe,1970.0,68,65.0,78.0,61.0,,89.0,57.0,66.0,,36.54274330546174
peter-van-petegem,22.6,54,65,251,Belgium,Europe,Western Europe,1970.0,76,83.0,45.0,97.0,32.0,51.0,43.0,105.0,22.0,55.30654939855226
julian-dean,22.72,104,96,434,New Zealand,Oceania,Oceania,1975.0,98,108.0,94.0,92.0,,92.0,87.0,103.0,42.0,54.73447814180135
marty-jemison,21.91,66,65,84,United States,America,America,1965.0,70,80.0,55.0,69.0,17.0,59.0,54.0,78.0,67.0,30.91007026944394
dariusz-baranowski,20.31,59,64,341,Poland,Europe,Eastern Europe,1972.0,67,67.0,57.0,70.0,,60.0,57.0,73.0,54.0,35.01245373447194
sergio-barbero,20.206450499634347,84,87,302,Italy,Europe,Southern Europe,1969.0,91,45.0,86.0,91.0,,85.0,82.0,121.0,45.0,39.33582505752702
fabien-de-waele,20.24,52,62,99,Belgium,Europe,Western Europe,1975.0,69,,54.0,68.0,28.0,55.0,43.0,89.0,,48.64663772329055
joseba-beloki,21.46,52,62,250,Spain,Europe,Southern Europe,1973.0,66,55.0,86.0,56.0,,106.0,69.0,58.0,54.0,49.78566365150597
pavel-padrnos,22.44,73,74,428,Czech Republic,Europe,Eastern Europe,1970.0,77,91.0,70.0,77.0,,85.0,63.0,92.0,92.0,35.33193111974486
francisco-cerezo,19.91728200618775,79,81,287,Spain,Europe,Southern Europe,1971.0,83,75.0,97.0,74.0,,114.0,77.0,79.0,50.0,38.195335167616406
ramon-gonzalez-arrieta,21.984395278065296,78,82,213,Spain,Europe,Southern Europe,1967.0,88,82.0,91.0,79.0,100.0,134.0,62.0,89.0,34.0,46.91477724401002
andreas-kloden,18.81,38,54,508,Germany,Europe,Western Europe,1975.0,56,89.0,46.0,49.0,,48.0,48.0,59.0,37.0,46.67545229220479
jose-maria-jimenez,20.02,55,65,257,Spain,Europe,Southern Europe,1971.0,71,50.0,72.0,79.0,,145.0,52.0,67.0,12.0,50.094136820333766
danilo-hondo,21.56,74,70,463,Germany,Europe,Western Europe,1974.0,72,68.0,72.0,69.0,,67.0,72.0,71.0,42.0,47.71161957421193
fabian-jeker,22.98,52,62,409,Switzerland,Europe,Western Europe,1968.0,68,64.0,58.0,61.0,60.0,59.0,46.0,73.0,35.0,40.58189250787338
jan-svorada-1,23.89,56,62,373,Czech Republic,Europe,Eastern Europe,1968.0,71,73.0,57.0,63.0,,57.0,54.0,71.0,10.0,57.39282174935863
jaime-javier-hernandez,22.34,80,82,193,Spain,Europe,Southern Europe,1972.0,85,92.0,77.0,74.0,56.0,78.0,60.0,91.0,,35.02107140813088
miguel-van-kessel,21.154077668510904,98,99,75,Netherlands,Europe,Western Europe,1975.0,102,75.0,114.0,87.0,,,107.0,82.0,,32.87186151223078
pascal-herve,21.71,52,61,286,France,Europe,Western Europe,1964.0,66,62.0,51.0,65.0,88.0,66.0,47.0,69.0,25.0,41.840252279748825
manuel-sanroma,20.90460295872045,42,42,2,Spain,Europe,Southern Europe,1977.0,42,,,42.0,,,42.0,,,36.06244584051392
thierry-marichal,22.47,106,105,340,Belgium,Europe,Western Europe,1973.0,111,91.0,105.0,109.0,61.0,93.0,103.0,113.0,99.0,41.08785295672483
manu-lhoir,20.769628773872515,63,69,13,Belgium,Europe,Western Europe,1975.0,71,,,69.0,,,69.0,,,25.131194223055207
javier-pascual-rodriguez,19.520425000901547,70,73,233,Spain,Europe,Southern Europe,1971.0,77,70.0,56.0,82.0,,34.0,70.0,80.0,,42.93344941745492
chris-peers,21.56,55,58,173,Belgium,Europe,Western Europe,1970.0,62,63.0,46.0,76.0,40.0,43.0,60.0,74.0,23.0,38.30073142502495
massimiliano-mori,25.43,95,88,289,Italy,Europe,Southern Europe,1974.0,91,90.0,95.0,82.0,,86.0,88.0,89.0,,45.977378501933245
jose-angel-vidal,24.0,95,96,271,Spain,Europe,Southern Europe,1969.0,99,99.0,106.0,93.0,,162.0,91.0,98.0,,32.056050576614275
eleuterio-anguita,22.431183028203822,58,64,201,Spain,Europe,Southern Europe,1969.0,66,60.0,76.0,66.0,,144.0,61.0,63.0,,37.64758685520096
jose-javier-gomez,22.71054948670784,85,90,149,Spain,Europe,Southern Europe,1974.0,93,80.0,86.0,99.0,,88.0,80.0,100.0,,42.04420229342109
marcello-siboni,20.655737236944898,67,74,221,Italy,Europe,Southern Europe,1965.0,80,13.0,71.0,76.0,,66.0,69.0,82.0,13.0,40.07112352247893
marco-fincato,20.980031212693596,51,57,133,Italy,Europe,Southern Europe,1970.0,62,29.0,66.0,53.0,,126.0,50.0,63.0,29.0,38.84537704005936
prudencio-indurain,20.4630136406588,66,72,128,Spain,Europe,Southern Europe,1968.0,74,45.0,65.0,83.0,,151.0,63.0,74.0,,39.4458095024446
jose-miguel-elizburu,20.553987054124256,93,89,5,Spain,Europe,Southern Europe,1976.0,88,,,89.0,,,96.0,64.0,,16.991174179555692
giuseppe-calcaterra,21.990541546192,119,105,280,Italy,Europe,Southern Europe,1964.0,117,125.0,97.0,109.0,,70.0,98.0,128.0,20.0,51.22611328745997
benoit-joachim,23.2,86,88,337,Luxembourg,Europe,Western Europe,1976.0,92,87.0,91.0,85.0,50.0,89.0,79.0,96.0,79.0,40.695557606824096
jose-ramon-uriarte,18.740013262754022,67,71,215,Spain,Europe,Southern Europe,1967.0,74,68.0,57.0,79.0,14.0,64.0,58.0,75.0,74.0,36.87245944596639
christophe-detilloux,21.45,88,85,95,Belgium,Europe,Western Europe,1974.0,91,150.0,91.0,58.0,15.0,92.0,78.0,121.0,,50.36308927655415
udo-bolts,22.78,54,60,430,Germany,Europe,Western Europe,1966.0,68,18.0,49.0,66.0,,67.0,39.0,73.0,18.0,39.5827793640425
angel-castresana,22.830051238860023,46,57,130,Spain,Europe,Southern Europe,1972.0,60,57.0,44.0,66.0,,55.0,42.0,69.0,,36.83863910282411
eladio-jimenez,20.875961090648563,72,74,191,Spain,Europe,Southern Europe,1976.0,77,70.0,77.0,75.0,,130.0,60.0,81.0,,43.86286088359844
dmitri-konychev,22.26,54,61,414,Russia,Asia,Asia,1966.0,71,29.0,63.0,64.0,,52.0,62.0,66.0,11.0,50.019215172915
franz-hotz,19.75157102306665,70,80,78,Switzerland,Europe,Western Europe,1968.0,85,90.0,94.0,60.0,,129.0,64.0,92.0,40.0,43.38385269496791
jeroen-blijlevens,23.66,106,87,246,Netherlands,Europe,Western Europe,1971.0,89,95.0,72.0,92.0,,34.0,72.0,98.0,,59.44210303932877
peter-meinert-nielsen,20.22,80,80,197,Denmark,Europe,Northern Europe,1966.0,88,80.0,66.0,91.0,,82.0,61.0,92.0,46.0,42.896521671717935
christian-henn,22.83789649570576,75,72,160,Germany,Europe,Western Europe,1964.0,83,52.0,52.0,82.0,,63.0,52.0,85.0,52.0,40.89744806050415
franco-ballerini,22.79,50,57,192,Italy,Europe,Southern Europe,1964.0,68,74.0,34.0,81.0,18.0,46.0,36.0,85.0,25.0,43.54776838765108
valentino-china,20.94112253499012,102,107,16,Italy,Europe,Southern Europe,1977.0,108,,119.0,98.0,,104.0,108.0,,,18.0129582985879
massimiliano-napolitano,21.132020026089897,76,85,46,Italy,Europe,Southern Europe,1973.0,87,,64.0,96.0,,56.0,75.0,104.0,,42.42493228311688
pieter-vries,19.29561156439644,103,100,65,Netherlands,Europe,Western Europe,1975.0,104,31.0,104.0,91.0,,40.0,104.0,,31.0,33.270150053995614
hendrik-van-dyck,20.911654711308596,86,80,49,Belgium,Europe,Western Europe,1974.0,95,,77.0,101.0,40.0,36.0,98.0,,,52.74150800523878
pedro-diaz-lobato,21.17221874303296,86,89,96,Spain,Europe,Southern Europe,1973.0,91,88.0,118.0,82.0,,,98.0,88.0,,51.275228065391325
mario-scirea,21.48,97,95,437,Italy,Europe,Southern Europe,1964.0,100,101.0,88.0,106.0,54.0,92.0,84.0,116.0,28.0,42.18898706043615
juan-jose-de-los-angeles,21.55,80,87,178,Spain,Europe,Southern Europe,1973.0,91,97.0,72.0,97.0,,72.0,72.0,105.0,,41.57763738083285
serhiy-ushakov,22.78,84,81,254,Ukraine,Europe,Eastern Europe,1968.0,87,87.0,75.0,82.0,,68.0,73.0,88.0,,46.1863784425645
jo-planckaert,21.6,38,57,114,Belgium,Europe,Western Europe,1970.0,69,94.0,38.0,100.0,16.0,36.0,57.0,118.0,92.0,55.47157713826508
rolf-huser,21.22,64,70,192,Switzerland,Europe,Western Europe,1971.0,73,84.0,54.0,68.0,,55.0,58.0,84.0,79.0,38.05463279869195
nacor-burgos,20.07,66,73,192,Spain,Europe,Southern Europe,1977.0,76,78.0,64.0,66.0,,,54.0,79.0,,39.75791949986964
elio-aggiano,20.57,107,97,215,Italy,Europe,Southern Europe,1972.0,101,108.0,99.0,78.0,,70.0,103.0,97.0,,52.000576794487145
dario-andriotto,21.71,120,116,336,Italy,Europe,Southern Europe,1972.0,119,124.0,115.0,109.0,145.0,130.0,111.0,126.0,,40.202886206665895
jan-schaffrath,21.16,94,94,216,Germany,Europe,Western Europe,1971.0,99,110.0,81.0,101.0,26.0,71.0,89.0,113.0,86.0,36.29862475832096
david-tani,19.27955761451927,94,92,70,Italy,Europe,Southern Europe,1969.0,93,,94.0,87.0,,75.0,93.0,64.0,,26.60920698706242
jeremy-hunt,23.2,116,109,148,Great Britain,Europe,Northern Europe,1974.0,117,107.0,110.0,111.0,83.0,94.0,117.0,116.0,,52.06868678045375
cesar-perez-padron,24.36723500960204,110,102,51,Spain,Europe,Southern Europe,1973.0,103,102.0,136.0,88.0,,,109.0,101.0,,35.80635281567762
rafael-diaz,20.45,73,73,189,Spain,Europe,Southern Europe,1972.0,75,69.0,83.0,72.0,,89.0,65.0,72.0,,31.72968010155581
gian-matteo-fagnini,22.09,77,76,296,Italy,Europe,Southern Europe,1970.0,82,,77.0,76.0,,79.0,66.0,90.0,,50.56777222424689
gianluca-pianegonda,21.93822263447931,72,70,66,Italy,Europe,Southern Europe,1968.0,93,9.0,76.0,105.0,9.0,50.0,102.0,9.0,,53.9244853155792
ibon-ajuria,23.021126819775272,37,52,30,Spain,Europe,Southern Europe,1971.0,53,43.0,,78.0,,,75.0,45.0,,37.0720950296184
frank-hoj-christensen,23.12,103,96,305,Denmark,Europe,Northern Europe,1973.0,102,95.0,97.0,95.0,54.0,96.0,100.0,90.0,40.0,47.186850921773946
marcel-wust,19.07679056666571,66,64,169,Germany,Europe,Western Europe,1967.0,73,60.0,73.0,61.0,,71.0,72.0,59.0,,57.62794028306028
bob-jungels,19.6,38,47,429,Luxembourg,Europe,Western Europe,1992.0,47,68.0,40.0,51.0,57.0,43.0,40.0,57.0,72.0,34.21022266983523
tadej-pogacar,21.31,8,14,166,Slovenia,Europe,Southern Europe,1998.0,15,17.0,11.0,15.0,15.0,13.0,12.0,16.0,1.0,18.71342264070195
jonas-vingegaard,18.94,22,38,168,Denmark,Europe,Northern Europe,1996.0,38,79.0,38.0,24.0,52.0,40.0,38.0,23.0,79.0,40.9857559739642
primoz-roglic,20.75,18,32,338,Slovenia,Europe,Southern Europe,1989.0,34,17.0,31.0,40.0,20.0,29.0,31.0,37.0,12.0,40.24534446745
thomas-pidcock,20.07,28,45,103,Great Britain,Europe,Northern Europe,1999.0,48,54.0,32.0,50.0,25.0,35.0,26.0,54.0,,42.56024497924911
neilson-powless,20.01,42,51,202,United States,America,America,1996.0,53,49.0,58.0,51.0,29.0,48.0,47.0,56.0,59.0,38.0758772059646
sepp-kuss,18.42,40,54,298,United States,America,America,1994.0,55,49.0,65.0,48.0,42.0,52.0,65.0,49.0,26.0,42.20191215734529
nick-schultz,20.99,68,72,246,Australia,Oceania,Oceania,1994.0,74,67.0,62.0,83.0,33.0,61.0,60.0,83.0,48.0,41.34418655712895
aurelien-paret-peintre,18.9,39,45,197,France,Europe,Western Europe,1996.0,46,46.0,39.0,50.0,48.0,35.0,45.0,53.0,41.0,28.12309687150858
valentin-madouas,22.16,39,47,191,France,Europe,Western Europe,1996.0,49,31.0,43.0,52.0,,46.0,51.0,43.0,44.0,32.80678928181693
brandon-mcnulty,20.6,34,46,182,United States,America,America,1998.0,47,41.0,33.0,60.0,35.0,28.0,47.0,62.0,24.0,38.176119035312965
aleksandr-vlasov,19.66,17,25,159,Russia,Asia,Asia,1996.0,25,33.0,25.0,19.0,28.0,33.0,18.0,26.0,25.0,24.75973069303703
michael-storer,20.81,88,88,214,Australia,Oceania,Oceania,1997.0,91,87.0,90.0,90.0,58.0,94.0,79.0,96.0,75.0,44.83507186335432
kobe-goossens,20.2,54,66,102,Belgium,Europe,Western Europe,1996.0,68,62.0,64.0,70.0,,40.0,69.0,82.0,40.0,39.24822691359443
franck-bonnamour,21.6,71,67,80,France,Europe,Western Europe,1995.0,67,73.0,58.0,68.0,99.0,60.0,71.0,64.0,89.0,39.11259307063214
chris-hamilton,22.09,81,84,307,Australia,Oceania,Oceania,1995.0,86,72.0,83.0,92.0,,82.0,85.0,90.0,60.0,42.750742970951386
guy-niv,20.55,111,108,109,Israel,Asia,Asia,1994.0,109,104.0,114.0,102.0,,105.0,113.0,102.0,93.0,36.8276329646522
matteo-jorgenson,19.11,41,57,118,United States,America,America,1999.0,60,55.0,56.0,58.0,17.0,25.0,66.0,63.0,54.0,46.05133292726505
kevin-geniets,19.6,59,70,137,Luxembourg,Europe,Western Europe,1997.0,72,60.0,73.0,71.0,17.0,72.0,57.0,77.0,63.0,41.11997965091979
benjamin-thomas-2,21.22,83,79,137,France,Europe,Western Europe,1995.0,80,99.0,67.0,77.0,,70.0,73.0,84.0,136.0,47.30532863903452
wout-van-aert,21.61,8,26,156,Belgium,Europe,Western Europe,1994.0,27,4.0,19.0,31.0,14.0,21.0,20.0,33.0,4.0,34.938042762762755
simone-velasco,20.42,52,59,134,Italy,Europe,Southern Europe,1995.0,61,65.0,61.0,55.0,32.0,64.0,57.0,55.0,55.0,34.2215841524835
lukasz-owsian,20.37,81,84,216,Poland,Europe,Eastern Europe,1990.0,85,78.0,88.0,78.0,69.0,84.0,86.0,77.0,78.0,25.78114967811242
sebastian-schonberger,19.54,64,68,64,Austria,Europe,Western Europe,1994.0,70,48.0,80.0,65.0,73.0,80.0,70.0,61.0,61.0,31.56763572078213
felix-grossschartner,19.11,42,55,293,Austria,Europe,Western Europe,1993.0,56,36.0,58.0,57.0,,44.0,62.0,58.0,21.0,41.06336378957632
matis-louvel,20.88,76,72,92,France,Europe,Western Europe,1999.0,74,38.0,74.0,74.0,55.0,78.0,50.0,79.0,,40.08049712020511
martijn-tusveld,19.81,67,72,228,Netherlands,Europe,Western Europe,1993.0,72,59.0,81.0,72.0,,81.0,78.0,70.0,44.0,36.78608135892043
andreas-leknessund,20.81,41,45,118,Norway,Europe,Northern Europe,1999.0,46,68.0,43.0,44.0,51.0,49.0,38.0,57.0,72.0,29.2970964590355
daniel-felipe-martinez,21.3,52,61,245,Colombia,America,America,1996.0,66,64.0,62.0,60.0,56.0,59.0,58.0,67.0,57.0,48.15454343599997
owain-doull,21.67,82,77,139,Great Britain,Europe,Northern Europe,1993.0,79,81.0,67.0,87.0,15.0,50.0,82.0,87.0,100.0,34.577516240181374
andreas-kron,20.11,68,72,88,Denmark,Europe,Northern Europe,1998.0,75,63.0,61.0,77.0,78.0,60.0,52.0,92.0,40.0,50.4895560654116
georg-zimmermann,21.37,64,69,140,Germany,Europe,Western Europe,1997.0,71,51.0,70.0,75.0,,68.0,78.0,71.0,43.0,38.904459753282254
stan-dewulf,23.89,75,75,149,Belgium,Europe,Western Europe,1997.0,77,75.0,65.0,81.0,42.0,62.0,66.0,85.0,76.0,35.250248123161086
maximilian-schachmann,20.9,28,44,180,Germany,Europe,Western Europe,1994.0,46,63.0,35.0,55.0,50.0,40.0,30.0,69.0,82.0,41.1625967725581
adrien-petit,22.63,114,104,237,France,Europe,Western Europe,1990.0,107,106.0,81.0,118.0,51.0,88.0,79.0,117.0,75.0,49.90099545163695
quinn-simmons,21.04,100,95,95,United States,America,America,2001.0,98,90.0,77.0,105.0,,77.0,53.0,116.0,,49.245898982852765
filippo-ganna,22.28,92,83,166,Italy,Europe,Southern Europe,1996.0,84,82.0,83.0,92.0,60.0,81.0,78.0,103.0,70.0,51.82627938369887
christophe-laporte,20.83,83,76,258,France,Europe,Western Europe,1992.0,79,40.0,44.0,89.0,35.0,45.0,75.0,89.0,43.0,55.45434724926475
jonas-rutsch,21.13,76,77,86,Germany,Europe,Western Europe,1998.0,79,50.0,80.0,78.0,28.0,80.0,76.0,77.0,50.0,39.155406109927895
antoine-duchesne,20.78,98,96,232,Canada,America,America,1991.0,100,98.0,90.0,104.0,70.0,87.0,92.0,106.0,,35.706353836316325
edward-planckaert,22.41,108,107,68,Belgium,Europe,Western Europe,1995.0,109,103.0,98.0,113.0,101.0,99.0,98.0,112.0,,30.302716203443037
alfred-wright,22.15,68,65,162,Great Britain,Europe,Northern Europe,1999.0,67,67.0,53.0,68.0,75.0,58.0,59.0,69.0,75.0,43.89522322400042
cyril-barthe,20.68,68,73,89,France,Europe,Western Europe,1996.0,74,76.0,79.0,70.0,30.0,78.0,73.0,71.0,65.0,40.448964679160014
jasper-philipsen,24.21,81,68,141,Belgium,Europe,Western Europe,1998.0,69,72.0,56.0,73.0,47.0,53.0,76.0,73.0,71.0,55.77799114208039
alexander-krieger,20.97,118,108,97,Germany,Europe,Western Europe,1991.0,109,85.0,115.0,101.0,,,115.0,99.0,,44.56114037991805
ben-o-connor,18.96,36,45,268,Australia,Oceania,Oceania,1995.0,46,44.0,46.0,45.0,,50.0,40.0,46.0,55.0,34.34923605974503
nathan-van-hooydonck,21.16,85,83,161,Belgium,Europe,Western Europe,1995.0,86,88.0,68.0,92.0,46.0,72.0,65.0,94.0,34.0,37.50746199050189
krists-neilands,19.32,73,74,175,Latvia,Europe,Northern Europe,1994.0,75,57.0,78.0,68.0,,63.0,83.0,70.0,36.0,38.93481141895881
nils-eekhoff,20.35,104,95,88,Netherlands,Europe,Western Europe,1998.0,96,51.0,82.0,102.0,80.0,82.0,60.0,106.0,51.0,43.6473096957666
guillaume-van-keirsbulck,24.14,96,91,152,Belgium,Europe,Western Europe,1991.0,95,100.0,65.0,103.0,54.0,68.0,79.0,106.0,78.0,42.09704923802407
connor-swift,20.78,77,77,100,Great Britain,Europe,Northern Europe,1995.0,79,69.0,72.0,83.0,72.0,70.0,80.0,85.0,52.0,33.09566177435992
john-degenkolb,25.31,90,81,513,Germany,Europe,Western Europe,1989.0,83,89.0,48.0,93.0,33.0,48.0,72.0,96.0,30.0,57.747684149851885
danny-van-poppel,24.22,93,84,257,Netherlands,Europe,Western Europe,1993.0,86,89.0,72.0,93.0,46.0,62.0,83.0,93.0,107.0,53.58682219889035
luke-rowe,21.04,119,114,363,Great Britain,Europe,Northern Europe,1990.0,117,116.0,98.0,123.0,76.0,100.0,104.0,128.0,58.0,41.19592746468405
amaury-capiot,19.94,57,64,41,Belgium,Europe,Western Europe,1993.0,67,19.0,64.0,75.0,34.0,44.0,95.0,75.0,19.0,44.36598070484231
mathieu-van-der-poel,22.15,25,41,114,Netherlands,Europe,Western Europe,1995.0,43,25.0,37.0,51.0,0.0,30.0,37.0,53.0,2.0,41.38311373202903
florian-vermeersch,22.82,96,85,97,Belgium,Europe,Western Europe,1999.0,87,80.0,70.0,91.0,51.0,75.0,59.0,92.0,1.0,45.46297490957742
mathieu-burgaudeau,21.61,70,74,92,France,Europe,Western Europe,1998.0,77,53.0,74.0,75.0,,80.0,60.0,82.0,54.0,46.85337524765391
stefan-bissegger,23.81,79,71,109,Switzerland,Europe,Western Europe,1998.0,72,61.0,68.0,78.0,48.0,63.0,68.0,83.0,61.0,42.4340667034102
alexandr-riabushenko,19.25,98,93,114,Belarus,Europe,Eastern Europe,1995.0,95,102.0,91.0,89.0,,89.0,90.0,98.0,99.0,36.06601896461415
jeremy-lecroq,19.6,117,107,40,France,Europe,Western Europe,1995.0,108,70.0,104.0,110.0,114.0,107.0,71.0,110.0,70.0,40.24001707702141
mads-pedersen,21.6,94,81,201,Denmark,Europe,Northern Europe,1995.0,84,71.0,80.0,85.0,76.0,55.0,103.0,80.0,58.0,61.03932954451401
mikkel-bjerg,21.61,92,87,154,Denmark,Europe,Northern Europe,1998.0,90,82.0,73.0,101.0,64.0,77.0,56.0,110.0,77.0,50.6908327134026
luca-mozzato,21.15,112,89,76,Italy,Europe,Southern Europe,1998.0,91,19.0,78.0,95.0,25.0,68.0,96.0,93.0,19.0,55.31199387715712
alberto-dainese,23.12,102,88,128,Italy,Europe,Southern Europe,1998.0,89,100.0,90.0,86.0,73.0,79.0,92.0,90.0,,55.96246061451816
kamil-gradek,21.52,115,107,99,Poland,Europe,Eastern Europe,1990.0,108,92.0,119.0,110.0,88.0,108.0,111.0,116.0,92.0,34.3489256162627
olivier-le-gac,21.6,98,97,324,France,Europe,Western Europe,1993.0,99,88.0,93.0,104.0,73.0,84.0,100.0,104.0,74.0,37.53564970856976
maciej-bodnar,22.26,115,104,535,Poland,Europe,Eastern Europe,1985.0,106,110.0,97.0,108.0,68.0,91.0,100.0,114.0,91.0,45.47653416640917
luka-mezgec,21.5,96,92,387,Slovenia,Europe,Southern Europe,1988.0,94,110.0,91.0,96.0,59.0,75.0,96.0,102.0,22.0,54.29059967580218
taco-van-der-hoorn,20.88,122,111,100,Netherlands,Europe,Western Europe,1993.0,114,39.0,109.0,118.0,64.0,108.0,110.0,122.0,39.0,41.89716125481679
jack-bauer,20.28,92,92,327,New Zealand,Oceania,Oceania,1985.0,94,78.0,85.0,102.0,56.0,73.0,99.0,101.0,66.0,45.94234626276668
hugo-hofstetter,22.49,96,83,73,France,Europe,Western Europe,1994.0,83,,75.0,89.0,141.0,78.0,94.0,81.0,,50.43977827941666
victor-lafay,20.75,105,95,101,France,Europe,Western Europe,1996.0,96,93.0,84.0,106.0,,79.0,83.0,112.0,95.0,48.97605193731256
cyril-lemoine,22.04,109,101,385,France,Europe,Western Europe,1983.0,103,99.0,90.0,109.0,77.0,89.0,94.0,110.0,56.0,46.80706260071614
marc-hirschi,20.15,59,66,133,Switzerland,Europe,Western Europe,1998.0,70,33.0,42.0,87.0,,56.0,54.0,89.0,39.0,48.58825734088447
florian-senechal,24.03,92,87,253,France,Europe,Western Europe,1993.0,91,68.0,73.0,110.0,25.0,60.0,88.0,105.0,40.0,49.90781482444257
andrea-bagioli,19.37,62,66,104,Italy,Europe,Southern Europe,1999.0,68,58.0,47.0,78.0,,62.0,37.0,84.0,59.0,47.446994913934816
mikkel-honore,19.87,64,69,155,Denmark,Europe,Northern Europe,1997.0,70,35.0,77.0,75.0,70.0,81.0,68.0,85.0,36.0,44.12684709186638
fabio-jakobsen,23.81,132,105,97,Netherlands,Europe,Western Europe,1996.0,104,112.0,88.0,108.0,,83.0,124.0,108.0,,60.29739619562779
albert-torres,21.6,122,109,157,Spain,Europe,Southern Europe,1990.0,112,99.0,119.0,119.0,81.0,94.0,122.0,120.0,99.0,42.56164890145255
max-walscheid,22.73,118,97,156,Germany,Europe,Western Europe,1993.0,100,102.0,97.0,107.0,61.0,88.0,88.0,110.0,20.0,55.39516361734022
guillaume-boivin,23.55,104,96,226,Canada,America,America,1989.0,98,80.0,97.0,99.0,89.0,92.0,97.0,97.0,8.0,42.3784376352076
brent-van-moer,21.66,81,81,111,Belgium,Europe,Western Europe,1998.0,83,86.0,70.0,85.0,39.0,71.0,72.0,92.0,85.0,36.10741096984283
wilco-kelderman,18.99,25,34,534,Netherlands,Europe,Western Europe,1991.0,34,26.0,29.0,43.0,17.0,26.0,31.0,41.0,22.0,30.61606112892329
richard-carapaz,21.45,27,37,272,Ecuador,America,America,1993.0,37,36.0,31.0,44.0,,37.0,29.0,50.0,14.0,34.54763323946298
miguel-angel-lopez,21.94,27,35,261,Colombia,America,America,1994.0,36,20.0,42.0,36.0,,53.0,34.0,30.0,64.0,31.195846565077805
diego-rosa,20.52,50,59,277,Italy,Europe,Southern Europe,1989.0,60,46.0,61.0,58.0,,71.0,56.0,58.0,28.0,38.88129113593883
pawel-poljanski,19.02,69,75,307,Poland,Europe,Eastern Europe,1990.0,77,71.0,70.0,91.0,,70.0,68.0,86.0,76.0,38.37037040462025
jan-polanc,20.96,47,54,346,Slovenia,Europe,Southern Europe,1992.0,55,50.0,56.0,52.0,49.0,67.0,50.0,54.0,52.0,35.31902273340233
stefan-denifl,20.29,78,84,196,Austria,Europe,Western Europe,1987.0,86,84.0,80.0,90.0,,65.0,89.0,89.0,45.0,46.0654608964039
antwan-tolhoek,19.25,76,78,198,Netherlands,Europe,Western Europe,1994.0,80,72.0,86.0,72.0,112.0,97.0,77.0,65.0,96.0,40.44570557198261
tomasz-marczynski,21.6,83,82,295,Poland,Europe,Eastern Europe,1984.0,82,78.0,90.0,75.0,,91.0,86.0,68.0,101.0,35.432315470370206
hector-saez,21.91,105,99,78,Spain,Europe,Southern Europe,1993.0,100,89.0,112.0,115.0,,112.0,,96.0,112.0,43.00761767588596
ricardo-vilela,20.42,77,80,116,Portugal,Europe,Southern Europe,1987.0,81,85.0,83.0,72.0,48.0,79.0,82.0,78.0,89.0,34.849950365527924
jeremy-maison,18.83,95,94,62,France,Europe,Western Europe,1993.0,96,72.0,102.0,97.0,,102.0,92.0,91.0,66.0,39.03422951085472
peter-stetina,19.44,63,69,349,United States,America,America,1987.0,70,55.0,69.0,72.0,,74.0,68.0,67.0,22.0,34.5433165838763
hernan-aguirre,18.81,72,81,31,Colombia,America,America,1995.0,82,60.0,104.0,77.0,,104.0,,69.0,,43.93142260925679
fran-ventoso,23.15,82,80,458,Spain,Europe,Southern Europe,1982.0,81,77.0,74.0,92.0,95.0,69.0,80.0,85.0,112.0,45.979405866212815
antonio-pedrero,19.15,78,83,253,Spain,Europe,Southern Europe,1991.0,86,58.0,93.0,88.0,64.0,93.0,87.0,84.0,46.0,46.99048503868523
giovanni-visconti,20.57,59,66,526,Italy,Europe,Southern Europe,1983.0,68,57.0,67.0,69.0,82.0,62.0,69.0,65.0,59.0,45.6260131131953
bernardo-suaza,21.8,62,69,24,Colombia,America,America,1992.0,68,58.0,101.0,66.0,,,101.0,63.0,,30.46092174611905
soren-kragh-andersen,23.04,56,65,202,Denmark,Europe,Northern Europe,1994.0,68,34.0,44.0,79.0,49.0,44.0,58.0,84.0,23.0,46.10951512278012
aldemar-reyes-ortega,19.03,63,63,39,Colombia,America,America,1995.0,64,71.0,62.0,58.0,,69.0,47.0,64.0,,35.67645885733602
loic-vliegen,20.68,95,90,107,Belgium,Europe,Western Europe,1993.0,93,78.0,89.0,103.0,50.0,78.0,96.0,95.0,23.0,43.217844104274064
floris-de-tier,20.28,76,82,137,Belgium,Europe,Western Europe,1992.0,85,71.0,65.0,103.0,48.0,64.0,80.0,89.0,56.0,44.787878466560834
lasse-norman-leth,22.89,114,112,44,Denmark,Europe,Northern Europe,1992.0,114,104.0,95.0,128.0,95.0,96.0,103.0,127.0,,40.41952304953384
jetse-bol,20.97,95,95,197,Netherlands,Europe,Western Europe,1989.0,96,86.0,117.0,86.0,53.0,91.0,139.0,87.0,75.0,44.07232267560899
jarlinson-pantano,20.38,50,60,254,Colombia,America,America,1988.0,61,59.0,60.0,61.0,,49.0,65.0,63.0,55.0,44.46507067742344
daan-olivier,18.11,60,68,53,Netherlands,Europe,Western Europe,1992.0,69,77.0,70.0,60.0,,99.0,58.0,71.0,86.0,37.173454876565984
peter-koning,21.33,136,125,28,Netherlands,Europe,Western Europe,1990.0,128,116.0,,132.0,57.0,57.0,112.0,134.0,,46.43223428774864
hernando-bohorquez,21.46,79,85,39,Colombia,America,America,1992.0,86,101.0,94.0,82.0,58.0,78.0,75.0,94.0,,32.271432322249886
przemyslaw-niemiec,18.31,66,68,330,Poland,Europe,Eastern Europe,1980.0,68,60.0,68.0,71.0,,65.0,71.0,65.0,40.0,39.86097928684368
fabricio-ferrari,20.43,94,95,79,Uruguay,America,America,1985.0,97,95.0,94.0,98.0,,93.0,94.0,96.0,,33.61542917873422
sergei-chernetski,20.34,71,74,243,Russia,Asia,Asia,1990.0,78,88.0,71.0,73.0,42.0,56.0,70.0,94.0,14.0,42.808971410136586
diego-rubio,22.2,126,117,100,Spain,Europe,Southern Europe,1991.0,118,118.0,98.0,126.0,,97.0,105.0,122.0,,37.6736048852576
stef-clement,20.15,64,72,527,Netherlands,Europe,Western Europe,1982.0,73,60.0,74.0,72.0,,87.0,61.0,78.0,78.0,42.48679286110175
mark-christian,21.04,112,104,69,Great Britain,Europe,Northern Europe,1990.0,106,104.0,107.0,101.0,,102.0,94.0,126.0,60.0,38.41359143350331
lluis-guillermo-mas,21.06,82,84,206,Spain,Europe,Southern Europe,1989.0,85,83.0,88.0,79.0,84.0,81.0,81.0,88.0,94.0,42.94730786282167
guillaume-bonnafond,20.09,82,87,253,France,Europe,Western Europe,1987.0,87,69.0,94.0,80.0,,92.0,94.0,69.0,21.0,39.63091452115758
daniel-hoelgaard,22.99,103,97,53,Norway,Europe,Northern Europe,1993.0,98,93.0,99.0,98.0,107.0,100.0,90.0,102.0,,40.9683317819819
bert-jan-lindeman,21.3,110,107,354,Netherlands,Europe,Western Europe,1989.0,108,113.0,106.0,108.0,66.0,93.0,106.0,114.0,,35.5144488332155
remy-mertz,22.86,106,107,88,Belgium,Europe,Western Europe,1995.0,109,100.0,101.0,123.0,104.0,114.0,92.0,133.0,92.0,32.18723794163441
rafael-reis,20.16,122,114,23,Portugal,Europe,Southern Europe,1992.0,115,110.0,111.0,119.0,,,111.0,115.0,,45.2406389766962
julien-duval,21.22,109,101,69,France,Europe,Western Europe,1990.0,102,103.0,86.0,110.0,,91.0,92.0,106.0,,39.19014460205644
arnaud-courteille,20.02,129,123,192,France,Europe,Western Europe,1989.0,125,125.0,125.0,120.0,,106.0,122.0,128.0,104.0,40.64753167622828
alessandro-de-marchi,19.84,94,93,508,Italy,Europe,Southern Europe,1986.0,96,87.0,90.0,102.0,61.0,82.0,92.0,102.0,36.0,50.54997639340104
federico-zurlo,22.09,131,127,57,Italy,Europe,Southern Europe,1994.0,129,115.0,122.0,134.0,,130.0,120.0,132.0,,36.88353783747597
juan-felipe-osorio,20.06,83,93,47,Colombia,America,America,1995.0,93,84.0,122.0,90.0,,128.0,117.0,80.0,92.0,38.642590088303535
sacha-modolo,20.68,102,89,302,Italy,Europe,Southern Europe,1987.0,90,110.0,88.0,100.0,44.0,77.0,90.0,113.0,,59.370070522203
domen-novak,21.37,113,107,164,Slovenia,Europe,Southern Europe,1995.0,109,107.0,104.0,117.0,,116.0,99.0,119.0,95.0,42.03581257843286
antonio-nibali,20.06,111,107,203,Italy,Europe,Southern Europe,1992.0,109,96.0,108.0,111.0,,111.0,105.0,120.0,78.0,35.045888633347005
edward-theuns,21.5,79,82,249,Belgium,Europe,Western Europe,1991.0,84,89.0,73.0,91.0,41.0,65.0,92.0,86.0,73.0,49.67279971975571
tim-declercq,21.61,105,102,207,Belgium,Europe,Western Europe,1989.0,105,91.0,92.0,111.0,50.0,87.0,100.0,112.0,52.0,38.21708473189707
william-clarke,21.97,130,122,98,Australia,Oceania,Oceania,1985.0,124,131.0,122.0,128.0,102.0,120.0,119.0,134.0,,36.680422541922646
brendan-canty,20.76,103,101,59,Australia,Oceania,Oceania,1992.0,104,116.0,90.0,104.0,,134.0,88.0,116.0,84.0,36.19431776153905
aaron-gate,21.67,116,104,31,New Zealand,Oceania,Oceania,1990.0,106,98.0,131.0,104.0,,,65.0,125.0,,53.4674255168308
tom-van-asbroeck,21.74,78,80,177,Belgium,Europe,Western Europe,1990.0,82,83.0,75.0,91.0,47.0,62.0,89.0,90.0,19.0,48.86221889703597
fernando-orjuela,21.26,136,128,20,Colombia,America,America,1991.0,128,131.0,,125.0,,,,128.0,,37.578374240064136
andreas-schillinger,20.37,131,124,187,Germany,Europe,Western Europe,1983.0,128,120.0,115.0,136.0,88.0,96.0,123.0,136.0,116.0,38.46282090279333
lachlan-morton,19.14,120,114,96,Australia,Oceania,Oceania,1992.0,115,111.0,125.0,110.0,107.0,105.0,123.0,103.0,111.0,32.54856021285465
conor-dunne,21.15,143,134,55,Ireland,Europe,Northern Europe,1992.0,136,143.0,115.0,160.0,,102.0,125.0,159.0,,37.17260676361955
ian-stannard,22.99,104,102,343,Great Britain,Europe,Northern Europe,1987.0,106,94.0,90.0,118.0,56.0,76.0,103.0,116.0,,47.67374016340533
maxim-belkov,20.97,117,113,253,Russia,Asia,Asia,1985.0,115,131.0,112.0,117.0,98.0,110.0,112.0,130.0,,41.301350154230974
laurens-de-vreese,21.61,74,75,104,Belgium,Europe,Western Europe,1988.0,79,105.0,63.0,96.0,54.0,62.0,72.0,110.0,76.0,42.23782641877448
juan-sebastian-molano,22.22,128,105,155,Colombia,America,America,1994.0,106,115.0,92.0,114.0,66.0,81.0,99.0,117.0,114.0,54.53640317303231
valerio-agnoli,22.72,86,86,381,Italy,Europe,Southern Europe,1985.0,86,106.0,85.0,80.0,,92.0,83.0,91.0,87.0,39.90617951421007
kenneth-van-bilsen,21.56,134,122,127,Belgium,Europe,Western Europe,1990.0,125,124.0,96.0,139.0,80.0,94.0,126.0,132.0,,43.99909243363012
juan-jose-lobato,21.38,130,110,185,Spain,Europe,Southern Europe,1988.0,112,116.0,97.0,120.0,,100.0,102.0,119.0,,55.96218874153026
michel-kreder,20.68,110,101,163,Netherlands,Europe,Western Europe,1987.0,103,119.0,67.0,118.0,119.0,62.0,99.0,120.0,,53.09250614627189
jay-mccarthy,20.81,64,69,223,Australia,Oceania,Oceania,1992.0,70,79.0,67.0,66.0,52.0,50.0,68.0,73.0,117.0,41.13551126749138
jesper-hansen-1,20.28,78,80,203,Denmark,Europe,Northern Europe,1990.0,82,81.0,73.0,87.0,70.0,73.0,76.0,90.0,75.0,40.96391801494042
bjorg-lambrecht,19.61,27,38,68,Belgium,Europe,Western Europe,1997.0,39,51.0,33.0,40.0,50.0,38.0,26.0,65.0,68.0,32.34033516082217
jhonatan-narvaez,21.47,71,73,153,Ecuador,America,America,1997.0,74,69.0,71.0,85.0,36.0,66.0,72.0,96.0,71.0,40.19306584648233
georg-preidler,18.84,49,54,305,Austria,Europe,Western Europe,1990.0,55,53.0,47.0,68.0,,50.0,47.0,72.0,81.0,32.006334980142405
ben-gastauer,20.22,78,81,423,Luxembourg,Europe,Western Europe,1987.0,83,76.0,84.0,79.0,139.0,83.0,82.0,80.0,73.0,32.74892818364725
steff-cras,19.41,46,51,152,Belgium,Europe,Western Europe,1996.0,52,62.0,49.0,50.0,49.0,54.0,44.0,57.0,51.0,29.170499590470097
robert-kiserlovski,22.22,46,55,392,Croatia,Europe,Southern Europe,1986.0,56,46.0,51.0,67.0,,54.0,49.0,66.0,,38.53295385516696
nathan-brown,19.41,81,86,245,United States,America,America,1991.0,88,78.0,84.0,94.0,,96.0,82.0,93.0,,37.19825314180232
james-knox,19.38,66,70,231,Great Britain,Europe,Northern Europe,1995.0,72,43.0,74.0,88.0,54.0,55.0,82.0,67.0,32.0,44.526330722523255
pablo-torres,20.97,118,115,34,Spain,Europe,Southern Europe,1987.0,117,115.0,102.0,137.0,,107.0,94.0,123.0,,35.98895651567776
jelle-vanendert,18.31,84,84,399,Belgium,Europe,Western Europe,1985.0,87,95.0,80.0,85.0,,91.0,81.0,86.0,22.0,52.095155391836165
wilmar-paredes,20.6,117,108,7,Colombia,America,America,1996.0,109,,108.0,,,108.0,,,,30.69124274043625
jan-hirt,18.92,72,80,316,Czech Republic,Europe,Eastern Europe,1991.0,82,83.0,78.0,86.0,68.0,89.0,70.0,97.0,90.0,47.590206531232376
mikel-bizkarra,19.47,66,73,143,Spain,Europe,Southern Europe,1989.0,75,58.0,72.0,89.0,,78.0,63.0,74.0,,44.736919902512646
garikoitz-bravo,20.15,100,94,72,Spain,Europe,Southern Europe,1989.0,95,111.0,85.0,118.0,,78.0,90.0,114.0,,39.09716638588173
brent-bookwalter,21.6,81,83,437,United States,America,America,1984.0,85,79.0,78.0,90.0,46.0,66.0,80.0,93.0,134.0,41.66617879475608
nathan-earle,21.6,100,95,30,Australia,Oceania,Oceania,1988.0,99,81.0,104.0,46.0,,107.0,97.0,73.0,66.0,31.123705715599872
robert-power,20.09,85,84,145,Australia,Oceania,Oceania,1995.0,86,76.0,86.0,92.0,70.0,91.0,81.0,97.0,67.0,39.81618444880553
enrico-gasparotto,21.47,67,68,526,Switzerland,Europe,Western Europe,1982.0,69,75.0,65.0,73.0,,50.0,70.0,75.0,94.0,45.129444619694326
jhojan-garcia,19.49,71,76,42,Colombia,America,America,1998.0,76,77.0,81.0,,41.0,68.0,93.0,,77.0,33.86072622505024
winner-anacona,20.29,73,76,339,Colombia,America,America,1988.0,78,76.0,76.0,76.0,,79.0,69.0,80.0,80.0,41.07058265681529
joaquim-silva,19.28,66,67,14,Portugal,Europe,Southern Europe,1992.0,72,,101.0,,32.0,67.0,,,,47.49002208677311
tao-geoghegan-hart,19.41,48,55,236,Great Britain,Europe,Northern Europe,1995.0,56,52.0,54.0,59.0,,50.0,52.0,66.0,32.0,39.94615628682688
sam-bennett,23.04,117,96,252,Ireland,Europe,Northern Europe,1990.0,99,107.0,86.0,124.0,52.0,72.0,93.0,129.0,117.0,66.3453510515005
dorian-godon,20.01,60,61,143,France,Europe,Western Europe,1996.0,63,59.0,60.0,66.0,,58.0,66.0,66.0,53.0,33.8099027546448
jai-hindley,19.59,34,42,237,Australia,Oceania,Oceania,1996.0,42,36.0,48.0,33.0,46.0,43.0,48.0,40.0,21.0,33.24157792643732
antonio-molina,19.96,104,105,42,Spain,Europe,Southern Europe,1991.0,106,104.0,96.0,129.0,,96.0,97.0,113.0,,39.18558245377475
daniel-teklehaimanot,19.81,98,97,192,Eritrea,Africa,Africa,1988.0,98,83.0,101.0,97.0,,115.0,92.0,96.0,,41.26527957531996
alex-howes,18.83,110,106,290,United States,America,America,1988.0,109,96.0,107.0,109.0,,110.0,100.0,113.0,,42.634609499986325
james-shaw,19.66,85,88,85,Great Britain,Europe,Northern Europe,1996.0,90,82.0,79.0,95.0,66.0,90.0,80.0,97.0,,41.29751316771429
willie-smit,22.22,86,88,78,South Africa,Africa,Africa,1992.0,89,85.0,101.0,83.0,,100.0,91.0,94.0,74.0,32.64341292806878
jose-manuel-diaz-gallego,20.43,62,66,49,Spain,Europe,Southern Europe,1995.0,67,56.0,65.0,78.0,,62.0,76.0,68.0,52.0,38.06318592089973
tom-bohli,20.75,108,98,127,Switzerland,Europe,Western Europe,1994.0,100,75.0,100.0,94.0,82.0,106.0,95.0,,75.0,42.11394278594536
edward-ravasi,18.62,89,85,108,Italy,Europe,Southern Europe,1994.0,87,71.0,94.0,70.0,,93.0,88.0,75.0,66.0,40.2117050356744
jordi-simon,20.43,78,75,55,Spain,Europe,Southern Europe,1990.0,76,100.0,66.0,76.0,,65.0,55.0,106.0,,45.12696641303398
jorge-cubero,19.84,106,102,48,Spain,Europe,Southern Europe,1992.0,102,96.0,112.0,108.0,,112.0,,100.0,,41.665966306170674
enrique-sanz,21.88,122,107,42,Spain,Europe,Southern Europe,1989.0,109,97.0,104.0,113.0,,104.0,108.0,97.0,,45.56164539147116
jose-luis-laguia,19.759443682520715,34,47,218,Spain,Europe,Southern Europe,1959.0,64,5.0,26.0,80.0,,15.0,28.0,72.0,,44.22024720132146
jaime-vilamajo,21.37,68,67,136,Spain,Europe,Southern Europe,1959.0,81,6.0,37.0,86.0,,,44.0,81.0,,44.75165799438259
noel-dejonckheere,23.302325746681312,16,47,80,Belgium,Europe,Western Europe,1955.0,61,8.0,31.0,75.0,,13.0,46.0,63.0,24.0,52.85391707936992
serge-demierre,23.12,50,63,92,Switzerland,Europe,Western Europe,1956.0,90,8.0,32.0,79.0,,31.0,33.0,73.0,,56.93278469602684
johan-van-der-velde,20.618371830161426,13,21,210,Netherlands,Europe,Western Europe,1956.0,27,11.0,16.0,24.0,21.0,24.0,16.0,23.0,,25.224582053197373
ad-wijnands,20.345297457487007,46,60,140,Netherlands,Europe,Western Europe,1959.0,70,8.0,27.0,76.0,45.0,32.0,33.0,75.0,,49.0098522930674
marino-lejarreta,21.050409886015824,30,52,321,Spain,Europe,Southern Europe,1957.0,70,15.0,23.0,72.0,,61.0,19.0,70.0,16.0,53.75367806005858
tony-rominger,21.22,16,31,320,Switzerland,Europe,Western Europe,1961.0,42,38.0,14.0,41.0,,17.0,14.0,45.0,5.0,37.113356812857766
jesus-montoya,20.6939599547772,72,74,170,Spain,Europe,Southern Europe,1963.0,93,77.0,24.0,104.0,,25.0,32.0,106.0,,57.790674813249
jean-francois-bernard,21.436182721845565,34,48,253,France,Europe,Western Europe,1962.0,60,34.0,23.0,56.0,,17.0,25.0,58.0,15.0,44.700017888386064
ronan-pensec,22.982859967098545,44,51,262,France,Europe,Western Europe,1963.0,60,39.0,27.0,60.0,,21.0,28.0,63.0,29.0,39.04768658168464
laurent-roux,23.298882541771235,42,51,161,France,Europe,Western Europe,1972.0,57,25.0,39.0,60.0,,42.0,39.0,67.0,25.0,39.8490075236651
gianni-bugno,21.71,42,53,428,Italy,Europe,Southern Europe,1964.0,63,84.0,49.0,45.0,,45.0,43.0,62.0,22.0,45.513114679953546
vicente-aparicio,20.61356309982128,72,73,139,Spain,Europe,Southern Europe,1969.0,80,77.0,65.0,77.0,,32.0,69.0,79.0,,40.426517351633706
eddy-seigneur,21.91,94,93,162,France,Europe,Western Europe,1969.0,104,140.0,65.0,100.0,,71.0,64.0,116.0,,51.04914816086856
stephane-heulot,21.06,33,41,210,France,Europe,Western Europe,1971.0,47,68.0,33.0,45.0,72.0,30.0,36.0,52.0,25.0,30.49939060904912
pascal-lance,22.902442180963043,99,88,111,France,Europe,Western Europe,1964.0,100,18.0,34.0,100.0,,22.0,49.0,102.0,,53.436853362612
laurent-brochard,20.99,27,34,509,France,Europe,Western Europe,1968.0,36,35.0,31.0,35.0,22.0,21.0,38.0,36.0,27.0,27.194485667874268
pascal-richard,21.39,35,48,295,Switzerland,Europe,Western Europe,1964.0,61,37.0,42.0,55.0,108.0,41.0,38.0,66.0,14.0,44.91645857470933
stephane-goubert,19.57,69,72,507,France,Europe,Western Europe,1970.0,76,81.0,69.0,72.0,47.0,63.0,66.0,79.0,40.0,40.15126791182304
bruno-cornillet,21.886719035825216,52,57,236,France,Europe,Western Europe,1963.0,66,47.0,29.0,66.0,,27.0,28.0,69.0,24.0,40.931014016298846
jean-cyril-robin,19.44,62,65,341,France,Europe,Western Europe,1969.0,70,90.0,57.0,65.0,62.0,63.0,47.0,75.0,29.0,37.626163367302944
jesper-worre,22.64680757005089,54,72,38,Denmark,Europe,Northern Europe,1959.0,98,24.0,34.0,108.0,,42.0,24.0,94.0,,59.74909606677399
tommy-prim,22.21,11,15,36,Sweden,Europe,Northern Europe,1955.0,22,15.0,14.0,32.0,,12.0,17.0,32.0,10.0,14.067185727277304
gerhard-zadrobilek,20.086967927564093,44,51,97,Austria,Europe,Western Europe,1961.0,58,27.0,45.0,53.0,,38.0,36.0,56.0,,34.62977670600698
giovanni-mantovani,18.22818092675761,28,44,44,Italy,Europe,Southern Europe,1955.0,64,32.0,35.0,58.0,,27.0,45.0,50.0,29.0,44.94144651902058
dag-erik-pedersen,20.251580392151663,12,19,33,Norway,Europe,Northern Europe,1959.0,26,26.0,15.0,34.0,,18.0,12.0,50.0,18.0,20.17738570626517
daniele-caroli,22.74,89,81,31,Italy,Europe,Southern Europe,1959.0,110,10.0,34.0,126.0,,31.0,84.0,134.0,10.0,58.80807127692447
rene-koppert,20.01417256794216,14,37,7,Netherlands,Europe,Western Europe,1960.0,60,,33.0,65.0,,25.0,68.0,,,33.06991151513786
giuseppe-petito,22.657465463961973,24,38,112,Italy,Europe,Southern Europe,1960.0,54,29.0,25.0,83.0,,22.0,29.0,76.0,30.0,40.74865573261827
leo-van-vliet,19.84,40,46,140,Netherlands,Europe,Western Europe,1955.0,52,,22.0,52.0,,15.0,50.0,51.0,,39.642033268292366
eddy-schepers,22.04,45,57,205,Belgium,Europe,Western Europe,1955.0,69,,22.0,65.0,,19.0,31.0,69.0,,45.47420214513377
acacio-da-silva,20.71691467750842,54,63,237,Portugal,Europe,Southern Europe,1961.0,81,22.0,49.0,69.0,83.0,56.0,32.0,81.0,10.0,51.64526459209939
pierino-gavazzi,23.46,7,13,50,Italy,Europe,Southern Europe,1950.0,21,24.0,20.0,4.0,,18.0,8.0,16.0,28.0,14.12336318852921
greg-lemond,21.15,12,23,271,United States,America,America,1961.0,29,5.0,19.0,24.0,36.0,20.0,12.0,29.0,1.0,28.40891638198531
giovanni-moro,20.009359084852072,29,29,2,Italy,Europe,Southern Europe,1958.0,35,,29.0,,,29.0,,,,21.213203435596427
luciano-rabottini,21.81193661441306,16,28,14,Italy,Europe,Southern Europe,1958.0,42,17.0,36.0,4.0,,32.0,36.0,,17.0,28.69314732295332
erich-machler,20.37241368542472,98,92,278,Switzerland,Europe,Western Europe,1960.0,107,36.0,36.0,104.0,72.0,27.0,43.0,108.0,46.0,52.70414380802563
mauro-longo,21.468820050993425,53,61,3,Italy,Europe,Southern Europe,1960.0,83,,61.0,,,64.0,53.0,,,46.97162263892247
alfredo-chinetti,21.849800594951805,26,47,64,Italy,Europe,Southern Europe,1949.0,65,15.0,32.0,82.0,,16.0,37.0,81.0,13.0,43.431228135766005
mario-noris,20.60431596337037,20,37,11,Italy,Europe,Southern Europe,1958.0,69,,65.0,4.0,,65.0,14.0,,,37.019159658455
vittorio-algeri,22.46,56,84,22,Italy,Europe,Southern Europe,1953.0,113,,23.0,126.0,,22.0,25.0,126.0,,71.155536605456
moreno-argentin,21.55,16,40,119,Italy,Europe,Southern Europe,1960.0,70,16.0,14.0,77.0,,15.0,12.0,89.0,12.0,53.45316633569782
stefan-mutter,21.17096988965628,13,30,181,Switzerland,Europe,Western Europe,1956.0,49,11.0,13.0,45.0,,15.0,16.0,49.0,18.0,37.24449275582134
salvatore-maccali,21.330810271329696,45,41,37,Italy,Europe,Southern Europe,1955.0,45,,41.0,,,56.0,40.0,,,24.776175226593363
jean-paul-van-poppel,22.9729725792359,75,73,190,Netherlands,Europe,Western Europe,1962.0,84,0.0,43.0,86.0,,24.0,44.0,88.0,,64.37622206327485
johan-museeuw,20.97,52,58,445,Belgium,Europe,Western Europe,1965.0,67,28.0,39.0,70.0,7.0,46.0,45.0,72.0,28.0,49.64837112269807
wiebren-veenstra,23.39,40,77,52,Netherlands,Europe,Western Europe,1966.0,100,,24.0,110.0,58.0,23.0,38.0,114.0,,69.68932079508913
frederic-moncassin,22.04,17,46,162,France,Europe,Western Europe,1968.0,59,101.0,25.0,55.0,25.0,27.0,18.0,68.0,,53.49741696245513
tobias-halland-johannessen,20.02,27,49,56,Norway,Europe,Northern Europe,1999.0,51,,49.0,48.0,55.0,54.0,23.0,69.0,,44.72411462031896
ruben-guerreiro,20.52,36,45,189,Portugal,Europe,Southern Europe,1994.0,47,43.0,47.0,50.0,26.0,30.0,49.0,48.0,50.0,34.996683717385
kevin-vermaerke,20.45,72,76,77,United States,America,America,2000.0,79,,80.0,74.0,101.0,81.0,57.0,94.0,,44.63407459748998
ethan-hayter,21.3,34,46,59,Great Britain,Europe,Northern Europe,1998.0,47,51.0,50.0,37.0,42.0,57.0,34.0,55.0,69.0,44.809493493999454
simon-guglielmi,20.37,92,89,138,France,Europe,Western Europe,1997.0,91,104.0,89.0,79.0,,86.0,80.0,86.0,118.0,45.456314478525314
james-piccoli,20.52,112,100,75,Canada,America,America,1991.0,101,101.0,114.0,92.0,,128.0,93.0,90.0,116.0,39.65182703719196
jonas-gregaard,19.49,82,83,120,Denmark,Europe,Northern Europe,1996.0,85,83.0,82.0,83.0,99.0,88.0,77.0,81.0,87.0,35.54525659080889
hugo-toumire,21.3,78,79,46,France,Europe,Western Europe,2001.0,80,86.0,83.0,66.0,56.0,77.0,79.0,86.0,,27.16865379057767
eliot-lietaer,19.81,61,68,33,Belgium,Europe,Western Europe,1990.0,69,62.0,72.0,65.0,,59.0,70.0,65.0,59.0,30.79074659305252
stefan-de-bod,19.71,64,68,122,South Africa,Africa,Africa,1996.0,70,93.0,78.0,64.0,36.0,47.0,73.0,76.0,93.0,35.83967993964788
bruno-armirail,20.5,66,76,204,France,Europe,Western Europe,1994.0,77,67.0,73.0,85.0,86.0,88.0,70.0,86.0,43.0,42.91994754231038
anders-skaarseth,20.63484665766,74,68,22,Norway,Europe,Northern Europe,1995.0,70,40.0,70.0,75.0,43.0,73.0,66.0,40.0,,31.17583840785842
geoffrey-bouchard,20.11,66,68,192,France,Europe,Western Europe,1992.0,69,69.0,70.0,72.0,56.0,61.0,72.0,69.0,75.0,38.20041321229232
matteo-fabbro,18.65,71,70,176,Italy,Europe,Southern Europe,1995.0,71,65.0,70.0,74.0,,76.0,66.0,79.0,52.0,33.71891257047097
mark-donovan,20.45,71,73,115,Great Britain,Europe,Northern Europe,1999.0,74,77.0,71.0,74.0,65.0,73.0,67.0,80.0,77.0,34.33499659016558
edward-irl-dunbar,19.72,41,50,108,Ireland,Europe,Northern Europe,1996.0,51,85.0,52.0,44.0,35.0,35.0,50.0,66.0,86.0,33.63010671311466
romain-combaud,20.57,95,93,124,France,Europe,Western Europe,1991.0,96,62.0,92.0,99.0,,88.0,98.0,62.0,,32.31712047658707
maxim-van-gils,20.81,56,63,105,Belgium,Europe,Western Europe,1999.0,65,70.0,47.0,69.0,,54.0,38.0,78.0,,44.78109147671765
laurens-huys,23.24,68,73,63,Belgium,Europe,Western Europe,1998.0,74,55.0,71.0,98.0,,62.0,78.0,32.0,67.0,36.947015106003015
torjus-sleen,22.49,115,103,14,Norway,Europe,Northern Europe,1997.0,104,,128.0,85.0,,131.0,88.0,,,33.31171460117792
chris-harper,19.58,47,58,114,Australia,Oceania,Oceania,1994.0,59,51.0,70.0,62.0,29.0,49.0,70.0,58.0,50.0,37.95514557486741
filippo-conca,21.93,94,94,56,Italy,Europe,Southern Europe,1998.0,96,75.0,106.0,85.0,,107.0,91.0,90.0,,37.37489521333528
kevin-colleoni,20.37,101,99,35,Italy,Europe,Southern Europe,1999.0,101,63.0,103.0,106.0,88.0,92.0,111.0,57.0,83.0,26.84393113266874
miguel-heidemann,22.265861649030136,102,98,8,Germany,Europe,Western Europe,1998.0,99,,,98.0,,,98.0,,,38.21648858804273
thomas-champion,18.79,93,97,91,France,Europe,Western Europe,1999.0,99,88.0,95.0,109.0,,107.0,93.0,99.0,89.0,29.625035612514203
remi-cavagna,22.55,84,81,232,France,Europe,Western Europe,1995.0,83,85.0,76.0,88.0,,77.0,74.0,91.0,95.0,41.37058498841808
thibault-guernalec,20.75,108,101,64,France,Europe,Western Europe,1997.0,102,120.0,99.0,106.0,,104.0,94.0,120.0,,41.34736884874642
omer-goldstein,20.15,89,86,106,Israel,Asia,Asia,1996.0,88,84.0,94.0,90.0,68.0,86.0,81.0,85.0,96.0,32.95771611038815
clement-venturini,22.04,80,72,141,France,Europe,Western Europe,1993.0,73,83.0,70.0,74.0,50.0,64.0,73.0,77.0,,45.25191336979193
samuele-battistella,20.68,94,91,94,Italy,Europe,Southern Europe,1998.0,93,92.0,100.0,80.0,70.0,98.0,88.0,94.0,66.0,43.70427963675677
javier-romo,20.68,84,82,37,Spain,Europe,Southern Europe,1999.0,83,,76.0,85.0,100.0,82.0,82.0,94.0,,32.03596889908753
anthon-charmig,19.93,100,96,51,Denmark,Europe,Northern Europe,1998.0,97,69.0,81.0,102.0,,77.0,97.0,104.0,,34.950800153537955
lukas-postlberger,21.13,103,96,177,Austria,Europe,Western Europe,1992.0,97,88.0,87.0,104.0,71.0,63.0,88.0,110.0,96.0,44.66191695265642
sean-quinn,19.16,41,53,36,United States,America,America,2000.0,53,,54.0,49.0,59.0,55.0,51.0,,,36.37567432419202
yuriy-natarov,19.66,86,88,73,Kazakhstan,Asia,Asia,1996.0,90,89.0,106.0,92.0,57.0,71.0,93.0,90.0,,31.226537615399607
idar-andersen,21.72668868822965,130,125,14,Norway,Europe,Northern Europe,1999.0,127,,125.0,126.0,,125.0,126.0,,,16.754858242470295
alexander-edmondson,22.4,119,108,153,Australia,Oceania,Oceania,1993.0,110,127.0,98.0,111.0,91.0,97.0,99.0,125.0,117.0,45.637351893562965
eddy-fine,21.6,95,92,48,France,Europe,Western Europe,1997.0,94,85.0,79.0,97.0,,96.0,81.0,103.0,92.0,35.36293587985241
andres-camilo-ardila,20.42,82,82,36,Colombia,America,America,1999.0,82,,84.0,86.0,45.0,75.0,87.0,,,28.699247819356263
harry-sweeny,21.68,84,80,92,Australia,Oceania,Oceania,1998.0,81,38.0,93.0,72.0,90.0,100.0,80.0,66.0,38.0,41.83637472772154
sebastien-grignard,21.22,100,94,45,Belgium,Europe,Western Europe,1999.0,95,90.0,92.0,100.0,,79.0,100.0,90.0,,24.30172293014916
dries-van-gestel,20.3,59,69,53,Belgium,Europe,Western Europe,1994.0,73,70.0,65.0,95.0,40.0,68.0,70.0,76.0,37.0,40.46442111172618
fabien-doubey,20.48,61,63,115,France,Europe,Western Europe,1993.0,65,58.0,57.0,72.0,,49.0,65.0,82.0,,32.26901605885373
mathias-norsgaard,19.85,90,94,61,Denmark,Europe,Northern Europe,1997.0,98,85.0,82.0,122.0,76.0,78.0,96.0,148.0,85.0,38.85006909713879
valentin-ferron,22.13,90,90,79,France,Europe,Western Europe,1998.0,91,93.0,82.0,93.0,,90.0,83.0,91.0,94.0,33.254382320602936
marco-brenner,18.01,76,81,74,Germany,Europe,Western Europe,2002.0,82,71.0,88.0,78.0,,137.0,71.0,83.0,37.0,44.25411290152003
jannik-steimle,20.88,75,75,41,Germany,Europe,Western Europe,1996.0,76,80.0,52.0,76.0,115.0,72.0,72.0,71.0,80.0,38.91206471632937
hugo-page,20.75,71,69,20,France,Europe,Western Europe,2001.0,68,,85.0,43.0,109.0,97.0,42.0,,,47.78711013167507
oliviero-troia,21.93,118,117,108,Italy,Europe,Southern Europe,1994.0,118,122.0,115.0,119.0,102.0,110.0,115.0,124.0,,25.91591663828413
ivo-emanuel-alves,19.87,109,95,91,Portugal,Europe,Southern Europe,1996.0,96,85.0,94.0,107.0,,98.0,94.0,106.0,83.0,46.34677645126667
xandres-vervloesem,18.99,115,97,14,Belgium,Europe,Western Europe,2000.0,100,,,130.0,64.0,64.0,130.0,,,38.63722511820905
mark-padun,20.01,90,85,170,Ukraine,Europe,Eastern Europe,1996.0,86,94.0,92.0,78.0,14.0,71.0,85.0,88.0,82.0,42.52813978019658
heinrich-haussler,22.59,78,76,506,Australia,Oceania,Oceania,1984.0,78,78.0,68.0,85.0,47.0,61.0,77.0,85.0,9.0,47.59106844069964
carlos-barbero,20.83,96,91,138,Spain,Europe,Southern Europe,1991.0,93,95.0,76.0,100.0,74.0,77.0,89.0,99.0,97.0,45.30987435258958
julius-johansen,21.79,110,101,51,Denmark,Europe,Northern Europe,1999.0,103,105.0,94.0,125.0,68.0,69.0,107.0,118.0,,39.69072593806008
antonio-tiberi,18.72,57,62,60,Italy,Europe,Southern Europe,2001.0,64,81.0,42.0,73.0,31.0,35.0,52.0,89.0,82.0,40.22946540790282
francesco-moser,24.38,5,11,86,Italy,Europe,Southern Europe,1951.0,16,19.0,11.0,4.0,,9.0,10.0,23.0,7.0,14.837086118473673
roger-de-vlaeminck,22.59,3,6,114,Belgium,Europe,Western Europe,1947.0,10,13.0,7.0,3.0,6.0,6.0,5.0,15.0,6.0,9.632108752437649
gilbert-duclos-lassalle,22.53,45,55,364,France,Europe,Western Europe,1954.0,66,30.0,26.0,67.0,41.0,25.0,32.0,68.0,20.0,41.90250614090048
gottfried-gody-schmutz,22.336511390472328,17,21,46,Switzerland,Europe,Western Europe,1954.0,33,22.0,24.0,17.0,,29.0,14.0,30.0,21.0,19.9214884103345
fons-de-wolf,22.15,28,46,163,Belgium,Europe,Western Europe,1956.0,60,16.0,23.0,62.0,,16.0,27.0,65.0,6.0,45.58244588511901
pol-verschuere,22.47986515307113,61,63,106,Belgium,Europe,Western Europe,1955.0,74,,28.0,74.0,18.0,28.0,45.0,75.0,,43.08153952238765
frank-hoste,22.276858090898617,38,54,194,Belgium,Europe,Western Europe,1955.0,65,11.0,26.0,63.0,3.0,24.0,34.0,65.0,,49.69514240953212
jos-lammertink,21.023692739441177,17,31,64,Netherlands,Europe,Western Europe,1958.0,44,,30.0,50.0,,19.0,33.0,74.0,,29.83325019940532
palmiro-masciarelli,20.752167394271822,58,68,43,Italy,Europe,Southern Europe,1953.0,90,23.0,41.0,118.0,,50.0,39.0,104.0,9.0,52.95341566266807
gery-verlinden,21.30852476070092,52,57,104,Belgium,Europe,Western Europe,1954.0,63,,35.0,60.0,,37.0,39.0,65.0,,40.99566339840994
hans-langerijs,21.489609280996905,31,41,36,Netherlands,Europe,Western Europe,1953.0,51,,24.0,66.0,,23.0,40.0,61.0,,28.467678692839183
guy-nulens,23.087826668886827,59,60,406,Belgium,Europe,Western Europe,1957.0,65,59.0,31.0,65.0,72.0,37.0,34.0,67.0,,33.33107199043597
rudy-pevenage,20.51207278565564,24,37,139,Belgium,Europe,Western Europe,1954.0,43,40.0,34.0,38.0,19.0,26.0,30.0,43.0,40.0,34.559262331048515
piet-van-katwijk,21.39803260577391,13,21,21,Netherlands,Europe,Western Europe,1949.0,33,,22.0,0.0,,25.0,18.0,,,20.627420492889463
etienne-van-der-helst,21.298632846226297,19,17,16,Belgium,Europe,Western Europe,1953.0,19,,18.0,8.0,,20.0,15.0,,,10.10527914837916
ferdi-van-den-haute,20.07823365290785,37,56,140,Belgium,Europe,Western Europe,1952.0,71,12.0,17.0,76.0,16.0,17.0,36.0,77.0,12.0,44.95421617491885
eric-van-de-wiele,23.897113233276155,60,58,68,Belgium,Europe,Western Europe,1952.0,69,,24.0,70.0,,20.0,51.0,71.0,,34.05239210764573
guido-van-calster,20.512267227377592,31,49,215,Belgium,Europe,Western Europe,1956.0,66,39.0,19.0,70.0,,15.0,31.0,68.0,39.0,48.71678059990342
cees-priem,22.4,33,57,53,Netherlands,Europe,Western Europe,1950.0,68,,23.0,71.0,14.0,18.0,68.0,65.0,,50.9147242326471
william-tackaert,23.220238218602965,57,56,100,Belgium,Europe,Western Europe,1956.0,63,,23.0,63.0,9.0,19.0,45.0,64.0,,44.713855670126335
bert-oosterbosch,21.78809415086677,16,34,77,Netherlands,Europe,Western Europe,1957.0,50,,14.0,47.0,,13.0,24.0,54.0,,42.28814350784051
jan-jonkers,22.03247906144047,42,51,71,Netherlands,Europe,Western Europe,1955.0,62,,26.0,65.0,,20.0,44.0,64.0,,37.095081485589645
rene-van-gils,21.33882993559496,58,58,2,Belgium,Europe,Western Europe,1954.0,69,,58.0,,,35.0,82.0,,,33.23401871576773
ad-van-peer,20.22350029172369,32,35,32,Netherlands,Europe,Western Europe,1955.0,37,,35.0,,17.0,23.0,37.0,,,20.756557455882582
willem-peeters,21.45517463101897,17,19,17,Belgium,Europe,Western Europe,1953.0,22,,20.0,2.0,,22.0,16.0,,,12.47526965404662
charles-jochums,22.364821253775165,74,71,21,Belgium,Europe,Western Europe,1957.0,77,,30.0,80.0,,23.0,100.0,68.0,,37.73409472561791
alan-van-heerden,19.3553614235259,39,39,1,South Africa,Africa,Africa,1954.0,39,,39.0,,,39.0,,,,0.0
benny-schepmans,20.859654934939904,16,20,29,Belgium,Europe,Western Europe,1953.0,30,,22.0,2.0,,20.0,20.0,,,17.537152680464725
martin-havik,20.610013405080668,42,51,25,Netherlands,Europe,Western Europe,1955.0,60,,53.0,2.0,,31.0,54.0,,,30.50857802870093
jos-jacobs,21.973652597565327,36,49,141,Belgium,Europe,Western Europe,1953.0,59,9.0,24.0,55.0,20.0,28.0,36.0,58.0,9.0,44.39609067558278
marc-renier,21.47924625812213,34,49,21,Belgium,Europe,Western Europe,1953.0,66,,21.0,81.0,,23.0,52.0,76.0,,41.02966406556765
jacques-verbrugge,21.147704994646556,64,65,17,Netherlands,Europe,Western Europe,1955.0,68,,30.0,69.0,,44.0,67.0,66.0,,41.3427211034215
rafael-valls,19.97,71,76,327,Spain,Europe,Southern Europe,1987.0,77,69.0,72.0,80.0,70.0,69.0,67.0,90.0,,42.06453399442905
giampaolo-caruso,20.05,57,65,457,Italy,Europe,Southern Europe,1980.0,66,66.0,61.0,72.0,,60.0,61.0,74.0,31.0,42.21766651400058
thomas-danielson,18.67,48,57,392,United States,America,America,1978.0,59,32.0,63.0,60.0,,58.0,64.0,46.0,64.0,40.21577455936119
alex-cano-ardila,22.05517521971728,88,83,41,Colombia,America,America,1983.0,84,75.0,84.0,92.0,,84.0,,82.0,,44.462453329720354
andre-cardoso,19.84,40,50,271,Portugal,Europe,Southern Europe,1984.0,50,41.0,56.0,45.0,,53.0,56.0,39.0,27.0,33.05489861220606
jurgen-van-den-broeck,20.16,39,48,522,Belgium,Europe,Western Europe,1983.0,49,45.0,52.0,44.0,,45.0,51.0,44.0,,36.63348704467153
lawson-craddock,21.78,87,87,344,United States,America,America,1992.0,88,90.0,81.0,91.0,64.0,77.0,76.0,96.0,107.0,47.30599398153247
eduardo-sepulveda,19.71,72,74,262,Argentina,America,America,1991.0,76,76.0,73.0,80.0,40.0,60.0,78.0,80.0,78.0,37.88752559809497
yoann-bagot,19.62,86,90,179,France,Europe,Western Europe,1987.0,93,89.0,68.0,105.0,,64.0,79.0,105.0,,50.58511075819328
pierre-henri-lecuisinier,20.98,102,95,26,France,Europe,Western Europe,1993.0,96,,94.0,95.0,,87.0,112.0,33.0,,35.451635526988895
fabrice-jeandesboz,21.53,71,79,149,France,Europe,Western Europe,1984.0,80,30.0,66.0,88.0,,71.0,68.0,85.0,,45.443680099072665
cyril-gautier,22.76,63,67,472,France,Europe,Western Europe,1987.0,68,57.0,63.0,70.0,,59.0,70.0,68.0,29.0,37.84353863078736
jerome-coppel,20.2,55,65,332,France,Europe,Western Europe,1986.0,66,63.0,60.0,68.0,,59.0,54.0,76.0,,42.713953333926845
christian-meier,20.62,98,96,261,Canada,America,America,1985.0,99,96.0,96.0,98.0,,88.0,93.0,111.0,80.0,42.830561171117424
francis-de-greef,20.67,55,66,349,Belgium,Europe,Western Europe,1985.0,67,48.0,63.0,82.0,,77.0,58.0,78.0,62.0,37.732308900991406
stefan-schumacher,21.2,44,53,178,Germany,Europe,Western Europe,1981.0,53,61.0,47.0,54.0,,53.0,48.0,56.0,76.0,41.49213710761504
manuel-senni,18.31,99,98,101,Italy,Europe,Southern Europe,1992.0,100,92.0,101.0,81.0,,93.0,99.0,112.0,72.0,40.79610251234815
calvin-watson,19.53,138,133,47,Australia,Oceania,Oceania,1993.0,135,,131.0,139.0,,114.0,136.0,,,29.050181470659712
anton-vorobyev,22.84,118,107,58,Russia,Asia,Asia,1990.0,108,,106.0,114.0,100.0,115.0,103.0,,,36.617610036583336
marek-rutkiewicz,19.93,75,76,86,Poland,Europe,Eastern Europe,1981.0,78,48.0,85.0,64.0,,89.0,72.0,39.0,75.0,34.06633907945398
walter-fernando-pedraza-morales,20.8,108,102,55,Colombia,America,America,1981.0,104,98.0,94.0,125.0,,94.0,,106.0,48.0,36.272045427040354
cayetano-jose-sarmiento,20.55,76,83,160,Colombia,America,America,1987.0,83,72.0,85.0,81.0,,98.0,85.0,71.0,,38.18700880547512
boris-vallee,22.35,120,110,21,Belgium,Europe,Western Europe,1993.0,112,,110.0,,103.0,115.0,101.0,,,39.65283872622008
josef-cerny,21.22,114,103,138,Czech Republic,Europe,Eastern Europe,1993.0,104,79.0,104.0,124.0,110.0,117.0,98.0,130.0,69.0,50.49201903307273
maciej-paterski,21.1,76,78,254,Poland,Europe,Eastern Europe,1986.0,80,76.0,75.0,83.0,121.0,70.0,80.0,80.0,42.0,39.93761610834658
steve-chainel,21.3,84,77,74,France,Europe,Western Europe,1983.0,82,82.0,74.0,83.0,74.0,72.0,76.0,92.0,,49.58286755801669
martin-elmiger,22.04,55,61,530,Switzerland,Europe,Western Europe,1978.0,63,61.0,61.0,61.0,60.0,61.0,53.0,72.0,53.0,40.280920888828135
amets-txurruka,19.84,72,78,427,Spain,Europe,Southern Europe,1982.0,80,67.0,78.0,86.0,,80.0,77.0,79.0,53.0,40.632743653930056
petr-vakoc,20.99,89,88,177,Czech Republic,Europe,Eastern Europe,1992.0,92,34.0,85.0,101.0,64.0,80.0,87.0,98.0,53.0,47.04752457427516
davide-malacarne,21.55,77,84,283,Italy,Europe,Southern Europe,1987.0,85,109.0,79.0,86.0,,59.0,91.0,90.0,,45.07737321786109
christophe-laborie,20.45,107,98,27,France,Europe,Western Europe,1986.0,102,,97.0,,121.0,98.0,100.0,,,39.74082703383679
eduard-vorganov,20.75,55,61,393,Russia,Asia,Asia,1982.0,62,60.0,57.0,68.0,,60.0,60.0,62.0,58.0,35.64385767589155
marco-minnaard,20.52,69,76,133,Netherlands,Europe,Western Europe,1989.0,77,,80.0,73.0,,76.0,81.0,68.0,,35.413679996834624
yannick-eijssen,19.82,120,111,94,Belgium,Europe,Western Europe,1989.0,112,107.0,110.0,114.0,,105.0,126.0,106.0,,40.03966804505933
edward-fabian-diaz,22.72,130,125,6,Colombia,America,America,1994.0,129,,125.0,,,125.0,,,,30.274852050285343
carter-jones,19.11,115,117,39,United States,America,America,1989.0,120,,114.0,121.0,,129.0,112.0,,,30.576511850161676
timo-roosen,20.94,89,88,211,Netherlands,Europe,Western Europe,1993.0,91,74.0,79.0,107.0,65.0,71.0,94.0,98.0,85.0,39.28850116292269
heiner-rodrigo-parra,19.92,90,89,13,Colombia,America,America,1991.0,88,,89.0,,,89.0,,,,32.16005644847706
janier-alexis-acevedo,20.57,92,88,64,Colombia,America,America,1985.0,89,,92.0,79.0,,77.0,83.0,116.0,,46.6593930343434
adrian-honkisz,19.69,106,100,37,Poland,Europe,Eastern Europe,1988.0,102,85.0,108.0,77.0,,108.0,77.0,,85.0,40.40998598078162
fabio-silvestre,23.04,128,122,32,Portugal,Europe,Southern Europe,1990.0,124,,122.0,,,90.0,131.0,,,38.45607831900465
sebastien-minard,20.75,89,88,470,France,Europe,Western Europe,1982.0,90,87.0,81.0,93.0,53.0,83.0,89.0,90.0,58.0,41.40325033740729
branislau-samoilau,21.79,84,84,236,Belarus,Europe,Eastern Europe,1985.0,86,163.0,86.0,75.0,,98.0,79.0,158.0,,43.48409539671084
carlos-betancur,21.51,56,64,298,Colombia,America,America,1989.0,67,95.0,57.0,73.0,,77.0,49.0,97.0,29.0,48.20960391515204
jan-ghyselinck,22.1,117,109,56,Belgium,Europe,Western Europe,1988.0,114,59.0,108.0,119.0,101.0,107.0,99.0,115.0,,44.82833055980583
bryan-coquard,20.18,70,71,234,France,Europe,Western Europe,1992.0,73,76.0,54.0,83.0,44.0,52.0,81.0,81.0,,54.52861261691322
gregory-henderson,21.45,110,99,250,New Zealand,Oceania,Oceania,1976.0,100,105.0,90.0,107.0,,87.0,92.0,108.0,,56.86305242355265
brett-lancaster,22.07,114,102,370,Australia,Oceania,Oceania,1979.0,103,72.0,101.0,106.0,,108.0,96.0,109.0,,48.59895145445751
marco-coledan,22.99,139,125,133,Italy,Europe,Southern Europe,1988.0,126,139.0,125.0,,83.0,122.0,126.0,139.0,,43.07457489111856
matthieu-boulo,20.96,106,114,9,France,Europe,Western Europe,1989.0,116,,114.0,,,114.0,113.0,,,26.086394921491163
kevin-reza,20.52,98,93,221,France,Europe,Western Europe,1988.0,94,95.0,85.0,99.0,,80.0,94.0,99.0,,50.13613019372495
ryder-hesjedal,20.88,46,59,535,Canada,America,America,1980.0,60,60.0,52.0,68.0,,62.0,48.0,70.0,32.0,47.43568478747044
benoit-jarrier,21.53,130,116,42,France,Europe,Western Europe,1989.0,120,,107.0,128.0,30.0,117.0,62.0,128.0,,42.47030116253283
jussi-veikkanen,20.83,103,101,352,Finland,Europe,Northern Europe,1981.0,104,112.0,97.0,113.0,,94.0,96.0,124.0,45.0,47.28123706228909
xabier-zandio,21.56,85,89,546,Spain,Europe,Southern Europe,1977.0,92,83.0,90.0,91.0,,93.0,85.0,92.0,,41.63467848963704
armindo-fonseca,19.84,109,104,87,France,Europe,Western Europe,1989.0,104,,100.0,105.0,,103.0,85.0,107.0,,49.82897239802613
jonathan-hivert,21.45,103,94,218,France,Europe,Western Europe,1985.0,97,102.0,70.0,123.0,96.0,70.0,88.0,127.0,102.0,53.94474813815525
cameron-meyer,21.37,114,108,263,Australia,Oceania,Oceania,1988.0,111,115.0,112.0,100.0,,99.0,104.0,118.0,106.0,54.71689220658131
roberto-ferrari,24.39,140,116,264,Italy,Europe,Southern Europe,1983.0,117,133.0,115.0,117.0,,107.0,117.0,120.0,,61.3157016094188
leonardo-duque,20.42,56,61,402,France,Europe,Western Europe,1980.0,62,57.0,58.0,67.0,111.0,54.0,61.0,62.0,85.0,45.48402191348284
danilo-napolitano,26.75,132,98,108,Italy,Europe,Southern Europe,1981.0,98,105.0,103.0,82.0,,103.0,99.0,92.0,,67.27589427243436
oscar-freire,21.55,34,53,430,Spain,Europe,Southern Europe,1976.0,54,53.0,39.0,64.0,,36.0,54.0,61.0,24.0,51.27233576722278
max-van-heeswijk,22.53,76,75,307,Netherlands,Europe,Western Europe,1973.0,79,84.0,68.0,77.0,12.0,55.0,70.0,89.0,66.0,48.806163764692506
igor-astarloa-ascasibar,19.69,54,58,228,Spain,Europe,Southern Europe,1976.0,61,79.0,49.0,63.0,,53.0,52.0,76.0,36.0,40.54875345309892
romans-vainsteins,22.98,33,49,187,Latvia,Europe,Northern Europe,1973.0,54,27.0,28.0,75.0,10.0,29.0,47.0,72.0,27.0,47.61412662580773
paolo-bettini,20.31,36,48,508,Italy,Europe,Southern Europe,1974.0,51,53.0,41.0,57.0,,42.0,42.0,63.0,22.0,45.81640165090441
miguel-angel-martin-perdiguero,22.06,31,46,287,Spain,Europe,Southern Europe,1972.0,48,45.0,51.0,41.0,,52.0,47.0,45.0,21.0,43.90632118315323
erik-dekker,19.93,58,70,413,Netherlands,Europe,Western Europe,1970.0,75,86.0,56.0,77.0,,38.0,67.0,83.0,24.0,52.68424063077891
mirko-celestino,22.39,56,65,264,Italy,Europe,Southern Europe,1974.0,69,71.0,63.0,68.0,49.0,58.0,65.0,89.0,30.0,46.1201709599428
josu-silloniz,21.142113746513164,78,76,52,Spain,Europe,Southern Europe,1978.0,77,153.0,59.0,85.0,,58.0,76.0,153.0,,43.791188325532936
fabio-baldato,18.52,74,72,531,Italy,Europe,Southern Europe,1968.0,82,87.0,68.0,74.0,32.0,56.0,69.0,88.0,,55.869316071271925
guido-trenti,20.99,100,90,363,United States,America,America,1972.0,92,98.0,82.0,94.0,25.0,60.0,97.0,97.0,41.0,50.17355356232071
markus-zberg,21.53,34,49,372,Switzerland,Europe,Western Europe,1974.0,53,46.0,39.0,60.0,,33.0,49.0,66.0,27.0,45.49370141764777
cristian-moreni,21.22,62,68,364,Italy,Europe,Southern Europe,1972.0,69,77.0,61.0,73.0,36.0,82.0,52.0,79.0,50.0,47.96359960482886
andreas-klier,21.98,94,90,398,Germany,Europe,Western Europe,1976.0,95,109.0,68.0,114.0,37.0,64.0,85.0,115.0,92.0,50.06384978051548
michele-gobbi,22.085749617992143,117,108,102,Italy,Europe,Southern Europe,1977.0,113,74.0,111.0,92.0,,97.0,111.0,,74.0,45.5861127003808
inigo-landaluze-intxaurraga,20.52,90,87,304,Spain,Europe,Southern Europe,1977.0,91,94.0,85.0,87.0,,55.0,82.0,100.0,50.0,44.95816660405674
allan-davis,24.68,74,74,266,Australia,Oceania,Oceania,1980.0,75,73.0,74.0,73.0,,73.0,73.0,77.0,18.0,56.81949277792225
oscar-camenzind,20.72,25,38,379,Switzerland,Europe,Western Europe,1971.0,41,51.0,32.0,35.0,,36.0,27.0,54.0,18.0,35.11008401001477
fabian-wegmann,19.37,70,72,416,Germany,Europe,Western Europe,1980.0,75,24.0,66.0,85.0,,65.0,67.0,87.0,25.0,45.04151287754914
serhiy-honchar,21.39,40,48,400,Ukraine,Europe,Eastern Europe,1970.0,50,76.0,41.0,48.0,,53.0,36.0,79.0,28.0,35.679465444229464
axel-merckx,21.11,49,55,451,Belgium,Europe,Western Europe,1972.0,59,41.0,54.0,58.0,40.0,54.0,51.0,62.0,27.0,36.18510798534816
mickael-pichon,20.48,72,78,54,France,Europe,Western Europe,1973.0,82,,85.0,62.0,,86.0,70.0,,,50.17907833117621
peter-wrolich,21.22,83,83,219,Austria,Europe,Western Europe,1974.0,86,66.0,84.0,83.0,33.0,89.0,72.0,96.0,69.0,45.73546743438748
rolf-aldag,20.56,59,63,495,Germany,Europe,Western Europe,1968.0,68,68.0,56.0,64.0,24.0,63.0,46.0,71.0,47.0,37.40730246019329
fabio-sacchi,20.31,68,69,405,Italy,Europe,Southern Europe,1974.0,70,80.0,67.0,66.0,28.0,55.0,70.0,75.0,28.0,35.63830185146151
yuriy-krivtsov,22.72,69,74,317,Ukraine,Europe,Eastern Europe,1979.0,76,61.0,77.0,72.0,,72.0,76.0,72.0,,41.15632721194068
pablo-lastras,20.31,56,65,538,Spain,Europe,Southern Europe,1976.0,67,51.0,74.0,62.0,,67.0,70.0,59.0,46.0,42.30780521115552
oscar-pereiro,21.39,35,45,383,Spain,Europe,Southern Europe,1977.0,47,46.0,52.0,39.0,,57.0,44.0,44.0,,35.47876103993554
franck-renier,20.6,84,86,268,France,Europe,Western Europe,1974.0,89,91.0,86.0,85.0,7.0,81.0,77.0,97.0,110.0,44.41252021713658
benjamin-gonzalez-noval,22.41,80,83,406,Spain,Europe,Southern Europe,1979.0,85,67.0,89.0,84.0,,102.0,75.0,85.0,,39.42991067226063
anthony-geslin,20.99,85,82,352,France,Europe,Western Europe,1980.0,85,76.0,78.0,87.0,64.0,75.0,81.0,88.0,82.0,43.00466325761733
guido-trentin,20.06,71,75,341,Italy,Europe,Southern Europe,1975.0,76,67.0,81.0,72.0,,85.0,73.0,73.0,41.0,38.21752698224927
rafael-casero-moreno,22.1,77,79,189,Spain,Europe,Southern Europe,1976.0,83,82.0,90.0,66.0,,103.0,64.0,84.0,,40.528664755846776
giuliano-figueras,22.02598941048171,43,55,242,Italy,Europe,Southern Europe,1976.0,57,64.0,51.0,66.0,,46.0,56.0,65.0,20.0,41.52407690311251
robert-hunter,22.72,88,79,400,South Africa,Africa,Africa,1977.0,82,73.0,89.0,72.0,,88.0,77.0,79.0,44.0,54.57270793288362
lorenzo-bernucci,21.5,66,69,209,Italy,Europe,Southern Europe,1979.0,70,93.0,65.0,66.0,80.0,52.0,69.0,83.0,82.0,38.73742034046391
bingen-fernandez-bustinza,20.38,78,82,452,Spain,Europe,Southern Europe,1972.0,85,90.0,70.0,89.0,,74.0,69.0,93.0,16.0,40.57257687490841
danilo-di-luca,21.61,37,53,447,Italy,Europe,Southern Europe,1976.0,54,65.0,43.0,90.0,,56.0,41.0,82.0,36.0,49.16638948506836
gabriele-balducci,21.06,98,79,134,Italy,Europe,Southern Europe,1975.0,88,129.0,76.0,84.0,,68.0,87.0,129.0,,63.648788481522
simone-masciarelli,20.57,109,99,85,Italy,Europe,Southern Europe,1980.0,102,100.0,100.0,90.0,,93.0,101.0,110.0,34.0,44.34292139531573
bert-grabsch,24.34,82,82,472,Germany,Europe,Western Europe,1975.0,82,79.0,79.0,84.0,102.0,73.0,82.0,85.0,82.0,41.01581672870044
steffen-wesemann,24.06,61,62,287,Switzerland,Europe,Western Europe,1971.0,67,73.0,47.0,70.0,14.0,51.0,57.0,74.0,17.0,40.15929545542761
alexandre-vinokourov,21.71,29,40,500,Kazakhstan,Asia,Asia,1973.0,42,44.0,30.0,45.0,67.0,38.0,30.0,48.0,26.0,38.01510400175869
angel-vicioso,20.76,73,73,535,Spain,Europe,Southern Europe,1977.0,76,69.0,66.0,93.0,,63.0,68.0,86.0,18.0,47.18294388406103
filippo-pozzato,21.8,66,66,502,Italy,Europe,Southern Europe,1981.0,68,56.0,62.0,76.0,49.0,51.0,73.0,69.0,18.0,43.9385328750897
gabriele-colombo,21.6,87,84,291,Italy,Europe,Southern Europe,1972.0,92,134.0,79.0,94.0,,71.0,83.0,105.0,,51.49068117300136
bobby-julich,20.53,38,47,424,United States,America,America,1971.0,49,58.0,48.0,43.0,,41.0,46.0,50.0,10.0,33.97578191680102
frank-vandenbroucke,20.91,26,42,147,Belgium,Europe,Western Europe,1974.0,48,53.0,29.0,54.0,18.0,30.0,43.0,52.0,6.0,41.30059298029166
scott-sunderland,20.29,56,63,139,Australia,Oceania,Oceania,1966.0,74,55.0,56.0,71.0,38.0,52.0,57.0,78.0,24.0,47.758337764024965
inaki-isasi-flores,21.37,78,76,389,Spain,Europe,Southern Europe,1977.0,77,78.0,72.0,79.0,,58.0,78.0,80.0,87.0,41.90234253745746
matthew-white,21.98,116,108,328,Australia,Oceania,Oceania,1974.0,112,135.0,108.0,84.0,,109.0,97.0,128.0,134.0,44.931718394622266
mirco-lorenzetto,23.18,96,87,208,Italy,Europe,Southern Europe,1981.0,88,,74.0,118.0,,54.0,91.0,141.0,,52.72073427205905
ivan-gutierrez,21.67,62,65,453,Spain,Europe,Southern Europe,1978.0,66,78.0,62.0,65.0,,76.0,52.0,72.0,31.0,35.8760790406977
matthew-wilson,20.81,124,119,218,Australia,Oceania,Oceania,1977.0,124,123.0,117.0,122.0,114.0,110.0,113.0,143.0,62.0,39.89890196122034
tom-boonen,22.24,70,67,446,Belgium,Europe,Western Europe,1980.0,71,72.0,52.0,82.0,23.0,55.0,71.0,75.0,18.0,54.49250520387151
janek-tombak,24.0,86,80,102,Estonia,Europe,Northern Europe,1976.0,85,90.0,75.0,79.0,,78.0,62.0,95.0,32.0,52.26727824435477
mark-scanlon,25.22,92,94,61,Ireland,Europe,Northern Europe,1980.0,98,70.0,116.0,78.0,18.0,106.0,98.0,81.0,66.0,40.80038036895448
matteo-carrara,18.96,62,67,348,Italy,Europe,Southern Europe,1979.0,68,86.0,63.0,65.0,,54.0,65.0,83.0,32.0,44.14203246465104
alessandro-cortinovis,20.53,80,83,270,Italy,Europe,Southern Europe,1977.0,85,81.0,86.0,81.0,,79.0,83.0,86.0,,33.79624887633202
samuel-dumoulin,22.55,94,87,450,France,Europe,Western Europe,1980.0,88,91.0,73.0,95.0,53.0,70.0,77.0,101.0,28.0,59.22322658122747
alessandro-spezialetti,20.91,98,98,483,Italy,Europe,Southern Europe,1975.0,101,119.0,96.0,97.0,,105.0,93.0,116.0,56.0,41.873725120197626
luca-paolini,21.8,90,83,395,Italy,Europe,Southern Europe,1977.0,86,85.0,76.0,96.0,4.0,62.0,91.0,92.0,17.0,55.27589258643653
luca-mazzanti,22.15,68,71,441,Italy,Europe,Southern Europe,1974.0,73,34.0,71.0,86.0,,61.0,75.0,91.0,32.0,41.22355901886466
leonardo-bertagnolli,20.81,68,74,286,Italy,Europe,Southern Europe,1978.0,76,80.0,65.0,94.0,,65.0,70.0,88.0,38.0,45.03623930995908
peter-farazijn,21.3,65,71,344,Belgium,Europe,Western Europe,1969.0,77,77.0,44.0,89.0,31.0,42.0,67.0,88.0,34.0,41.627514409693205
graziano-gasparre,19.82,44,55,59,Italy,Europe,Southern Europe,1978.0,54,,54.0,59.0,,59.0,53.0,,,38.24258904151863
antonio-cruz-1,21.31,96,92,121,United States,America,America,1971.0,96,87.0,101.0,85.0,,78.0,104.0,87.0,137.0,47.60467370624114
maarten-den-bakker,21.67,76,77,445,Netherlands,Europe,Western Europe,1969.0,83,68.0,68.0,86.0,46.0,68.0,70.0,88.0,39.0,39.16753940872908
victor-hugo-pena,20.52,67,71,378,Colombia,America,America,1974.0,73,74.0,72.0,66.0,,83.0,61.0,76.0,,42.64199618126005
bradley-mcgee,21.74,53,69,264,Australia,Oceania,Oceania,1976.0,72,120.0,67.0,65.0,,93.0,50.0,85.0,,58.32307470738287
michael-rogers,21.62,42,52,459,Australia,Oceania,Oceania,1979.0,53,75.0,50.0,53.0,,60.0,44.0,58.0,77.0,38.97649407051174
ruben-lobato,21.38,84,87,201,Spain,Europe,Southern Europe,1978.0,90,101.0,80.0,92.0,,39.0,83.0,107.0,,48.31845387711228
gianluca-sironi,20.93469180588404,88,88,138,Italy,Europe,Southern Europe,1974.0,92,118.0,84.0,82.0,,78.0,85.0,114.0,,34.59563453240717
matthias-kessler,23.66,67,69,298,Germany,Europe,Western Europe,1979.0,72,76.0,64.0,74.0,54.0,85.0,54.0,86.0,48.0,41.59756224616568
ruslan-ivanov,22.66,85,85,264,Moldova,Europe,Eastern Europe,1973.0,88,98.0,78.0,85.0,,59.0,81.0,104.0,49.0,45.26163889188248
marc-wauters,21.33,87,87,464,Belgium,Europe,Western Europe,1969.0,93,70.0,75.0,95.0,34.0,76.0,73.0,100.0,58.0,44.82573228882063
leif-hoste,23.37,102,96,236,Belgium,Europe,Western Europe,1977.0,102,126.0,74.0,105.0,45.0,84.0,79.0,118.0,,51.11825735609943
roberto-petito,23.04,55,60,256,Italy,Europe,Southern Europe,1971.0,66,49.0,54.0,72.0,,49.0,61.0,87.0,,42.47918445700616
fabrizio-guidi,20.88,38,59,332,Italy,Europe,Southern Europe,1972.0,62,59.0,59.0,58.0,,50.0,59.0,62.0,47.0,55.07282928373812
scott-davis,20.76,102,101,162,Australia,Oceania,Oceania,1979.0,102,89.0,105.0,100.0,,107.0,104.0,91.0,,37.5718175881951
marco-milesi,21.38,100,99,314,Italy,Europe,Southern Europe,1970.0,105,107.0,95.0,101.0,62.0,94.0,92.0,111.0,,45.30678669399087
maximilian-sciandri,21.45,43,59,362,Great Britain,Europe,Northern Europe,1967.0,70,52.0,48.0,72.0,11.0,42.0,57.0,74.0,32.0,50.60042430613724
stefano-zanini,24.42,80,81,361,Italy,Europe,Southern Europe,1969.0,90,68.0,78.0,93.0,,78.0,78.0,92.0,14.0,53.86659721455895
marco-serpellini,21.22,70,71,348,Italy,Europe,Southern Europe,1972.0,77,32.0,71.0,83.0,30.0,67.0,68.0,78.0,18.0,46.358834111906994
marco-zanotti-1,21.6,97,80,198,Italy,Europe,Southern Europe,1974.0,82,82.0,80.0,80.0,57.0,72.0,81.0,82.0,,53.47479820408628
aart-vierhouten,21.2,72,73,240,Netherlands,Europe,Western Europe,1970.0,78,67.0,72.0,84.0,62.0,68.0,73.0,78.0,75.0,47.81155459134043
martin-derganc,20.006961123563062,116,102,76,Slovenia,Europe,Southern Europe,1977.0,107,158.0,108.0,55.0,,114.0,95.0,177.0,102.0,45.23492479326821
patrick-calcagni,21.47,82,84,299,Switzerland,Europe,Western Europe,1977.0,87,85.0,85.0,78.0,,72.0,86.0,85.0,60.0,42.81214705378586
igor-gonzalez-de-galdeano,21.33,50,59,330,Spain,Europe,Southern Europe,1973.0,59,61.0,70.0,49.0,,78.0,55.0,57.0,,41.49560334749131
mauro-gerosa,21.98,85,82,227,Italy,Europe,Southern Europe,1974.0,84,90.0,82.0,76.0,,106.0,70.0,94.0,50.0,42.063420356787546
alessio-galletti,20.42621182702369,117,116,222,Italy,Europe,Southern Europe,1968.0,119,148.0,119.0,105.0,,128.0,109.0,129.0,,34.118358255671815
giovanni-lombardi,23.04,79,76,489,Italy,Europe,Southern Europe,1969.0,82,76.0,79.0,72.0,,80.0,72.0,80.0,22.0,54.31236305096989
michele-bartoli,20.29,26,39,292,Italy,Europe,Southern Europe,1970.0,48,8.0,25.0,58.0,,32.0,31.0,57.0,9.0,41.09274061741758
leon-van-bon,23.24,83,81,321,Netherlands,Europe,Western Europe,1972.0,89,92.0,57.0,94.0,21.0,59.0,65.0,101.0,32.0,52.28638804326219
paolo-bossoni,20.72,79,78,233,Italy,Europe,Southern Europe,1976.0,80,77.0,81.0,76.0,,74.0,74.0,85.0,,46.48421400693504
gregory-rast,23.12,84,85,514,Switzerland,Europe,Western Europe,1980.0,87,76.0,80.0,91.0,52.0,80.0,80.0,95.0,66.0,40.181356352804286
rubens-bertogliati,22.53,86,88,350,Switzerland,Europe,Western Europe,1979.0,90,115.0,81.0,91.0,,81.0,78.0,117.0,49.0,44.123768265083214
gorka-verdugo,21.67,67,72,421,Spain,Europe,Southern Europe,1978.0,73,67.0,69.0,75.0,,73.0,66.0,76.0,,38.92731299896395
gorka-gonzalez-larranaga,20.51055332367792,63,72,117,Spain,Europe,Southern Europe,1977.0,76,54.0,69.0,102.0,,64.0,71.0,75.0,,49.8131093099168
devis-miorin,19.886656824971222,120,113,80,Italy,Europe,Southern Europe,1976.0,114,121.0,115.0,106.0,,110.0,111.0,121.0,,35.87474694481384
ruggero-borghi,17.995704263869857,73,77,93,Italy,Europe,Southern Europe,1970.0,79,151.0,77.0,68.0,,70.0,79.0,103.0,,39.72650481310597
sergiy-matveyev,23.29,117,106,71,Ukraine,Europe,Eastern Europe,1975.0,107,96.0,107.0,,,97.0,121.0,96.0,,50.2295254943577
jan-boven,21.47,90,92,291,Netherlands,Europe,Western Europe,1972.0,95,104.0,88.0,87.0,54.0,90.0,84.0,103.0,136.0,36.4924180539414
andy-flickinger,20.94,81,83,158,France,Europe,Western Europe,1978.0,88,133.0,91.0,74.0,30.0,87.0,81.0,83.0,109.0,49.73542067441036
vladimir-duma,21.14,66,73,242,Ukraine,Europe,Eastern Europe,1972.0,76,95.0,74.0,54.0,,100.0,62.0,116.0,42.0,48.86160663544696
magnus-backstedt,24.98,86,84,246,Sweden,Europe,Northern Europe,1975.0,87,87.0,89.0,78.0,30.0,101.0,79.0,81.0,,55.672139274703056
jan-hruska,20.48,76,74,212,Czech Republic,Europe,Eastern Europe,1975.0,76,100.0,55.0,79.0,,56.0,55.0,100.0,81.0,40.84550244758697
dario-pieri,25.76,76,78,162,Italy,Europe,Southern Europe,1975.0,85,122.0,69.0,71.0,,62.0,76.0,106.0,,58.06338603450182
paolo-fornaciari,21.93,101,100,446,Italy,Europe,Southern Europe,1971.0,107,107.0,99.0,102.0,53.0,92.0,99.0,110.0,,42.43538183498327
volodymyr-bileka,22.49,67,71,155,Ukraine,Europe,Eastern Europe,1979.0,72,76.0,71.0,61.0,,56.0,72.0,,76.0,41.86952322731633
steffen-radochla,23.39,99,85,23,Germany,Europe,Western Europe,1978.0,91,,96.0,64.0,27.0,104.0,70.0,,,43.55488110400704
luciano-andre-pagliarini-mendonca,22.46,118,101,129,Brazil,America,America,1978.0,103,151.0,104.0,81.0,,107.0,95.0,108.0,,55.57209508321586
marco-fertonani,18.916932682131872,101,90,111,Italy,Europe,Southern Europe,1976.0,94,45.0,98.0,74.0,,83.0,94.0,46.0,45.0,47.71891491112136
davide-bramati,21.5,101,100,489,Italy,Europe,Southern Europe,1968.0,104,102.0,100.0,98.0,,110.0,92.0,107.0,88.0,40.21605332100884
mauro-zinetti,22.8664313397931,140,116,46,Italy,Europe,Southern Europe,1975.0,121,121.0,114.0,,,79.0,164.0,121.0,,63.2355652696791
laurent-lefevre,20.68,86,87,415,France,Europe,Western Europe,1976.0,90,87.0,87.0,88.0,,100.0,70.0,100.0,,47.42908613897537
mathew-hayman,21.61,95,91,447,Australia,Oceania,Oceania,1978.0,95,111.0,83.0,99.0,36.0,73.0,90.0,111.0,61.0,46.23767927048223
dionisio-galparsoro,21.15,72,76,95,Spain,Europe,Southern Europe,1978.0,77,62.0,80.0,84.0,,69.0,83.0,62.0,46.0,43.828260989528
giulio-tomi,20.434735928253403,156,156,1,Italy,Europe,Southern Europe,1978.0,156,,156.0,,,156.0,,,,0.0
sebastian-lang,22.02,72,73,336,Germany,Europe,Western Europe,1979.0,74,65.0,78.0,70.0,111.0,90.0,64.0,73.0,,41.596521090216335
lars-michaelsen,23.08,62,66,208,Denmark,Europe,Northern Europe,1969.0,76,63.0,70.0,62.0,26.0,69.0,68.0,59.0,16.0,53.06914232886536
michael-blaudzun,20.37,72,72,285,Denmark,Europe,Northern Europe,1973.0,75,85.0,74.0,61.0,,67.0,71.0,75.0,42.0,36.95875428314111
jean-patrick-nazon,22.34,94,84,136,France,Europe,Western Europe,1977.0,85,92.0,92.0,79.0,21.0,92.0,69.0,85.0,,57.427889328852096
bram-de-groot,21.72,94,92,304,Netherlands,Europe,Western Europe,1974.0,96,70.0,96.0,95.0,,111.0,86.0,93.0,90.0,47.014560958892005
ludo-dierckxsens,21.67,58,66,180,Belgium,Europe,Western Europe,1964.0,70,42.0,72.0,69.0,46.0,76.0,54.0,66.0,44.0,45.209353346884434
massimo-strazzer,21.71,78,71,188,Italy,Europe,Southern Europe,1969.0,78,102.0,73.0,60.0,,73.0,70.0,80.0,,58.3223082299892
mark-renshaw,23.1,128,109,374,Australia,Oceania,Oceania,1982.0,109,118.0,102.0,113.0,,97.0,108.0,115.0,,56.36255820945711
simone-cadamuro,22.79,106,92,69,Italy,Europe,Southern Europe,1976.0,93,,86.0,115.0,,105.0,83.0,137.0,,59.45361119442596
andrus-aug,22.99,122,98,52,Estonia,Europe,Northern Europe,1972.0,100,,98.0,,,114.0,81.0,,,57.04744856373488
niki-aebersold,20.07,64,69,307,Switzerland,Europe,Western Europe,1972.0,75,81.0,72.0,53.0,,82.0,60.0,86.0,34.0,44.96331963762885
nicolas-fritsch,19.62,77,79,159,France,Europe,Western Europe,1978.0,83,90.0,88.0,69.0,,101.0,66.0,99.0,90.0,42.03896123363869
daniele-nardello,22.59,58,63,509,Italy,Europe,Southern Europe,1972.0,68,58.0,78.0,58.0,18.0,82.0,58.0,65.0,37.0,38.37674647636543
rene-andrle,22.09,93,95,135,Czech Republic,Europe,Eastern Europe,1974.0,99,118.0,105.0,70.0,,104.0,85.0,102.0,,39.56019966402038
carlos-barredo,19.47,56,66,383,Spain,Europe,Southern Europe,1981.0,67,53.0,72.0,66.0,111.0,69.0,65.0,65.0,43.0,42.50718541929322
wim-vansevenant,21.47,115,109,221,Belgium,Europe,Western Europe,1971.0,115,,94.0,125.0,41.0,85.0,103.0,137.0,,41.205178832873855
nick-nuyens,21.71,101,96,308,Belgium,Europe,Western Europe,1980.0,101,106.0,79.0,109.0,44.0,75.0,83.0,123.0,72.0,50.41199522592974
igor-pugaci,21.15,100,96,201,Moldova,Europe,Eastern Europe,1975.0,99,103.0,94.0,80.0,,114.0,82.0,105.0,55.0,42.87047830906207
nicolas-portal,20.68,76,81,270,France,Europe,Western Europe,1979.0,84,82.0,84.0,80.0,,79.0,73.0,89.0,,41.3622229188169
thomas-ziegler,18.50415641092497,76,76,87,Germany,Europe,Western Europe,1980.0,77,65.0,77.0,91.0,,76.0,78.0,74.0,,39.28705045686991
rony-martias,21.67,113,102,85,France,Europe,Western Europe,1980.0,103,122.0,104.0,66.0,84.0,120.0,85.0,103.0,,55.381227795678775
alejandro-alberto-borrajo,23.46,63,70,29,Argentina,America,America,1980.0,70,35.0,71.0,,,104.0,58.0,35.0,,51.04626994087665
tom-steels,22.78,75,69,217,Belgium,Europe,Western Europe,1971.0,79,61.0,56.0,85.0,41.0,53.0,79.0,78.0,21.0,57.68932891290704
lauri-aus,23.41,53,68,117,Estonia,Europe,Northern Europe,1970.0,76,91.0,53.0,75.0,20.0,51.0,61.0,89.0,32.0,57.08690589477556
nicola-minali,19.78321440567172,87,75,167,Italy,Europe,Southern Europe,1969.0,82,49.0,84.0,77.0,,92.0,75.0,69.0,,61.990752549315566
emmanuel-magnien,22.2,39,58,208,France,Europe,Western Europe,1971.0,64,21.0,31.0,71.0,108.0,29.0,54.0,76.0,21.0,51.99500604003171
rolf-sorensen,22.09,40,49,394,Denmark,Europe,Northern Europe,1965.0,61,58.0,31.0,63.0,30.0,22.0,47.0,65.0,21.0,44.045888634489344
denis-zanette,22.71,78,77,245,Italy,Europe,Southern Europe,1970.0,82,83.0,78.0,68.0,,74.0,75.0,87.0,46.0,47.28206258850128
gianpaolo-mondini,19.930150928363616,86,80,179,Italy,Europe,Southern Europe,1972.0,83,92.0,92.0,62.0,,88.0,78.0,78.0,,48.66990562725197
gabriele-missaglia,19.635126656369167,47,52,309,Italy,Europe,Southern Europe,1970.0,55,76.0,54.0,46.0,51.0,51.0,52.0,53.0,49.0,38.6978082471348
juergen-werner,21.822694046630723,51,61,79,Germany,Europe,Western Europe,1970.0,66,59.0,74.0,38.0,49.0,46.0,68.0,59.0,,44.20620149445095
danny-nelissen,20.747909928629262,97,89,103,Netherlands,Europe,Western Europe,1970.0,96,107.0,54.0,90.0,34.0,44.0,47.0,107.0,91.0,53.72213660275481
jorg-jaksche,20.38,56,60,389,Germany,Europe,Western Europe,1976.0,63,77.0,44.0,61.0,,44.0,46.0,74.0,42.0,40.916798193654735
frederic-guesdon,21.33,82,82,421,France,Europe,Western Europe,1971.0,89,118.0,72.0,89.0,31.0,71.0,75.0,99.0,54.0,44.57673783412813
christophe-agnolutto,21.3,82,81,226,France,Europe,Western Europe,1969.0,86,93.0,77.0,79.0,24.0,88.0,52.0,96.0,,46.1417950532645
valerio-tebaldi,22.2222904687176,84,86,183,Italy,Europe,Southern Europe,1965.0,91,79.0,75.0,91.0,,57.0,77.0,92.0,36.0,45.71714303056173
valentino-fois,20.16782843224565,38,55,57,Italy,Europe,Southern Europe,1973.0,60,33.0,,56.0,,,41.0,65.0,33.0,46.788384052086194
jens-heppner,23.32,52,57,276,Germany,Europe,Western Europe,1964.0,60,30.0,43.0,61.0,,36.0,42.0,67.0,40.0,35.10520533154911
dirk-baldinger,21.50765613342057,90,84,120,Germany,Europe,Western Europe,1971.0,89,110.0,67.0,81.0,,38.0,77.0,105.0,,47.73275276238016
oscar-dalla-costa,21.397160654140936,109,102,44,Italy,Europe,Southern Europe,1972.0,104,107.0,102.0,94.0,,97.0,99.0,107.0,,36.31023827800497
franck-bouyer,21.72,94,96,172,France,Europe,Western Europe,1974.0,98,140.0,90.0,96.0,,79.0,97.0,104.0,,40.55438403841788
mauro-bettin,22.07720008500496,52,58,119,Italy,Europe,Southern Europe,1968.0,65,50.0,60.0,60.0,,38.0,50.0,74.0,,43.29162660111211
jan-ullrich,21.8,22,29,327,Germany,Europe,Western Europe,1973.0,30,18.0,65.0,22.0,,40.0,40.0,21.0,15.0,26.766105101074345
giusvan-piovaccari,21.177305306188696,69,85,46,Italy,Europe,Southern Europe,1973.0,91,,85.0,85.0,,,66.0,123.0,,48.77948507570788
michael-rich,23.45,107,99,75,Germany,Europe,Western Europe,1969.0,105,101.0,74.0,103.0,,92.0,74.0,112.0,,42.8106747654586
leonardo-calzavara,21.38901384977369,70,75,76,Italy,Europe,Southern Europe,1974.0,78,100.0,71.0,60.0,,134.0,64.0,100.0,,35.694620952074565
philipp-buschor,20.88348352351001,81,84,95,Switzerland,Europe,Western Europe,1971.0,91,82.0,115.0,77.0,,157.0,44.0,106.0,,48.892395046602665
roland-meier,19.37,43,58,163,Switzerland,Europe,Western Europe,1967.0,66,100.0,55.0,53.0,,109.0,32.0,90.0,41.0,47.140338003569866
felix-manuel-garcia-casas,20.11,46,49,437,Spain,Europe,Southern Europe,1968.0,52,41.0,56.0,52.0,,45.0,49.0,51.0,23.0,30.925728586376763
biagio-conte,20.434304161463704,96,85,254,Italy,Europe,Southern Europe,1968.0,88,88.0,81.0,97.0,,47.0,90.0,92.0,,53.0996792751539
sergei-uslamin,22.474584431884413,87,92,126,Russia,Asia,Asia,1963.0,96,99.0,77.0,96.0,,72.0,77.0,104.0,75.0,40.66605854346247
frederic-bessy,20.98,82,83,389,France,Europe,Western Europe,1972.0,88,78.0,87.0,83.0,,85.0,74.0,92.0,71.0,39.60355158401836
alberto-volpi,19.019859930082426,67,69,144,Italy,Europe,Southern Europe,1962.0,82,23.0,59.0,84.0,,52.0,59.0,92.0,23.0,45.135688010351984
bjarne-riis,20.97,38,52,243,Denmark,Europe,Northern Europe,1964.0,57,21.0,70.0,50.0,,104.0,40.0,51.0,28.0,45.80912913318653
brian-holm-sorensen,22.26,59,64,249,Denmark,Europe,Northern Europe,1962.0,71,58.0,42.0,72.0,46.0,36.0,50.0,76.0,58.0,41.59334499619543
thierry-laurent,19.56914903092276,88,85,134,France,Europe,Western Europe,1966.0,90,,62.0,90.0,,59.0,74.0,91.0,,40.67765393394995
bert-dietz,22.79,62,63,83,Germany,Europe,Western Europe,1969.0,73,70.0,45.0,77.0,35.0,45.0,63.0,77.0,45.0,36.31072032095027
flavio-vanzella,23.04,90,88,168,Italy,Europe,Southern Europe,1964.0,95,124.0,50.0,89.0,,50.0,70.0,94.0,,46.2439693892724
gerrit-de-vries,21.68,76,82,190,Netherlands,Europe,Western Europe,1967.0,87,64.0,52.0,90.0,,58.0,59.0,91.0,64.0,38.762549642711534
beat-zberg,22.47,37,51,500,Switzerland,Europe,Western Europe,1971.0,59,59.0,41.0,57.0,,45.0,36.0,75.0,20.0,45.81712782797289
pierre-bourquenoud,20.29537926684228,67,78,173,Switzerland,Europe,Western Europe,1969.0,84,91.0,66.0,80.0,,76.0,60.0,118.0,66.0,38.62615829787896
wilfried-peeters,22.21,70,71,313,Belgium,Europe,Western Europe,1964.0,77,60.0,50.0,80.0,34.0,57.0,58.0,83.0,60.0,39.28265698963703
marco-saligari,21.137808776367677,74,70,177,Italy,Europe,Southern Europe,1965.0,91,51.0,67.0,73.0,,63.0,61.0,99.0,51.0,47.00084485466057
philippe-bordenave,20.45,84,77,52,France,Europe,Western Europe,1969.0,81,54.0,104.0,82.0,,123.0,79.0,58.0,,41.12362262566638
luis-maria-diaz-de-otazu,21.49977824069258,86,89,78,Spain,Europe,Southern Europe,1966.0,93,94.0,91.0,81.0,56.0,111.0,81.0,96.0,,29.73490656895812
alberto-elli,21.43,67,69,396,Italy,Europe,Southern Europe,1964.0,76,60.0,62.0,73.0,,62.0,55.0,78.0,43.0,45.72605927830572
luigi-della-bianca,19.496253253249144,94,102,7,Italy,Europe,Southern Europe,1972.0,103,,,102.0,,,102.0,,,19.46547615407242
roberto-pistore,24.57188879740939,26,44,76,Italy,Europe,Southern Europe,1971.0,56,19.0,46.0,89.0,,35.0,69.0,31.0,27.0,42.4195916338897
gianluca-valoti,18.896195605420317,85,88,119,Italy,Europe,Southern Europe,1973.0,94,66.0,86.0,101.0,,,83.0,101.0,33.0,44.636572296533984
felice-puttini,19.19252700642602,52,57,166,Switzerland,Europe,Western Europe,1967.0,63,33.0,69.0,47.0,,89.0,57.0,70.0,33.0,36.019229884940614
rolf-jaermann,22.04,69,70,314,Switzerland,Europe,Western Europe,1966.0,83,106.0,43.0,81.0,38.0,27.0,54.0,93.0,56.0,48.78294775364199
lylian-lebreton,19.53507886948336,86,90,103,France,Europe,Western Europe,1972.0,97,84.0,106.0,81.0,,93.0,88.0,95.0,26.0,39.107545976370446
nicolaj-bo-larsen,22.586480331988938,96,88,117,Denmark,Europe,Northern Europe,1971.0,94,,90.0,87.0,35.0,83.0,84.0,102.0,,47.972071339970455
andrea-patuelli,21.15699057454767,85,83,96,Italy,Europe,Southern Europe,1970.0,87,26.0,95.0,75.0,,152.0,83.0,,26.0,39.57984933882658
peter-luttenberger,20.05,51,59,451,Austria,Europe,Western Europe,1972.0,62,84.0,59.0,48.0,,50.0,52.0,69.0,33.0,38.76149914813524
stefano-della-santa,21.449842109359498,16,27,59,Italy,Europe,Southern Europe,1967.0,36,21.0,17.0,39.0,,23.0,31.0,11.0,31.0,26.65165903431009
erik-breukink,20.45,42,51,346,Netherlands,Europe,Western Europe,1964.0,60,27.0,32.0,59.0,,37.0,35.0,59.0,37.0,42.76982674642928
giuseppe-tartaggia,22.80623052282867,82,77,34,Italy,Europe,Southern Europe,1971.0,82,,7.0,79.0,,,48.0,91.0,,35.648774394984855
francesco-casagrande,21.89,19,31,334,Italy,Europe,Southern Europe,1970.0,37,38.0,26.0,37.0,,36.0,26.0,49.0,19.0,33.71723099599514
nicola-miceli,22.04917095728544,63,68,152,Italy,Europe,Southern Europe,1971.0,71,87.0,60.0,55.0,,113.0,54.0,87.0,,44.8919964710781
daniel-schnider,20.06,57,62,272,Switzerland,Europe,Western Europe,1973.0,66,75.0,69.0,51.0,,77.0,56.0,82.0,52.0,35.553540062605386
davide-casarotto,22.84,89,86,207,Italy,Europe,Southern Europe,1971.0,92,105.0,80.0,85.0,,65.0,82.0,109.0,,51.77837386399848
sergio-previtali,19.94847602626616,103,96,17,Italy,Europe,Southern Europe,1969.0,111,,55.0,118.0,,38.0,114.0,,,46.55041542747592
daniel-atienza-urendez,20.76,64,69,380,Spain,Europe,Southern Europe,1974.0,73,72.0,65.0,71.0,,86.0,53.0,80.0,43.0,40.31401970402567
mauro-zanetti,19.93,85,86,177,Italy,Europe,Southern Europe,1973.0,88,110.0,84.0,75.0,,93.0,80.0,113.0,38.0,35.466338924575965
stefano-colage,22.84550533702239,61,62,145,Italy,Europe,Southern Europe,1962.0,77,72.0,34.0,72.0,,30.0,55.0,76.0,33.0,50.87127187993232
francesco-secchiari,21.74020478168165,103,100,243,Italy,Europe,Southern Europe,1972.0,105,150.0,105.0,90.0,,123.0,87.0,137.0,,43.504507966181926
vincent-cali,19.093715415250823,70,74,72,France,Europe,Western Europe,1970.0,79,75.0,83.0,61.0,,27.0,79.0,75.0,,35.04349800945467
riccardo-forconi,20.97,85,83,218,Italy,Europe,Southern Europe,1970.0,88,,89.0,75.0,,114.0,77.0,105.0,,45.76116587460028
marcelino-garcia,22.931249332408925,93,92,213,Spain,Europe,Southern Europe,1971.0,100,80.0,81.0,103.0,,70.0,82.0,119.0,54.0,43.1501759289574
marcel-renggij,22.175577675436028,84,85,19,Switzerland,Europe,Western Europe,1974.0,86,,84.0,85.0,,84.0,85.0,,,25.07112688948728
alexandre-moos,21.14,50,59,338,Switzerland,Europe,Western Europe,1972.0,62,70.0,63.0,51.0,,87.0,51.0,81.0,45.0,44.216633410988514
filippo-casagrande,23.14,98,92,143,Italy,Europe,Southern Europe,1973.0,97,,93.0,90.0,,84.0,90.0,154.0,,45.53979192396779
fabrizio-settembrini,23.052485556393496,115,109,38,Italy,Europe,Southern Europe,1967.0,117,37.0,123.0,87.0,,,111.0,,37.0,38.59403177646055
marco-pantani,19.61,32,42,264,Italy,Europe,Southern Europe,1970.0,47,73.0,40.0,40.0,,70.0,38.0,49.0,2.0,38.30345223707684
marco-artunghi,21.91,105,102,115,Italy,Europe,Southern Europe,1969.0,106,75.0,96.0,104.0,,92.0,85.0,116.0,,47.47489922522703
alessandro-romio,20.772371776321997,113,116,7,Italy,Europe,Southern Europe,1974.0,117,,,116.0,,,116.0,,,16.004463663080283
gianluca-pierobon,22.342790808699476,58,67,76,Italy,Europe,Southern Europe,1967.0,93,33.0,43.0,81.0,,43.0,44.0,123.0,33.0,59.62185369976759
arvis-piziks,22.6,83,83,145,Latvia,Europe,Northern Europe,1969.0,90,98.0,49.0,95.0,14.0,49.0,75.0,101.0,98.0,53.964237128758604
dominique-bozzi,21.54395299101854,116,116,7,France,Europe,Western Europe,1971.0,116,,,116.0,,,116.0,,,29.8910720864306
luca-colombo,22.24370130255952,122,112,35,Italy,Europe,Southern Europe,1969.0,115,68.0,122.0,131.0,,142.0,110.0,112.0,,50.39969654437124
christophe-mengin,22.72,72,73,380,France,Europe,Western Europe,1968.0,76,91.0,60.0,77.0,55.0,63.0,69.0,80.0,79.0,37.67263102275499
giovanni-fidanza,19.50218755738271,44,59,209,Italy,Europe,Southern Europe,1965.0,76,32.0,21.0,75.0,16.0,26.0,26.0,81.0,32.0,55.85301639624704
stijn-devolder,21.74,68,74,419,Belgium,Europe,Western Europe,1979.0,78,68.0,67.0,84.0,71.0,69.0,72.0,80.0,50.0,45.77201110260326
giuseppe-palumbo,20.38,104,101,182,Italy,Europe,Southern Europe,1975.0,102,105.0,102.0,81.0,60.0,82.0,106.0,105.0,89.0,43.15373160028088
patrice-halgand,20.91,54,61,359,France,Europe,Western Europe,1974.0,63,52.0,61.0,63.0,,58.0,56.0,68.0,70.0,37.85921976217015
kyrylo-pospyeyev,20.97,65,67,97,Ukraine,Europe,Eastern Europe,1975.0,67,80.0,53.0,62.0,,23.0,61.0,80.0,82.0,32.958619791440015
serge-baguet,21.39,75,79,271,Belgium,Europe,Western Europe,1969.0,83,64.0,76.0,83.0,102.0,68.0,71.0,94.0,64.0,42.6834216538245
emanuele-sella,19.83,47,58,205,Italy,Europe,Southern Europe,1981.0,60,53.0,58.0,64.0,,43.0,60.0,,53.0,45.82093106405887
wim-van-huffel,19.93,67,68,210,Belgium,Europe,Western Europe,1979.0,70,66.0,68.0,72.0,,70.0,68.0,67.0,59.0,37.25927948170781
pietro-caucchioli,22.2,64,69,409,Italy,Europe,Southern Europe,1975.0,71,92.0,67.0,61.0,,75.0,61.0,83.0,67.0,39.50428380622915
michael-boogerd,19.57,37,48,495,Netherlands,Europe,Western Europe,1972.0,52,51.0,30.0,58.0,,31.0,39.0,60.0,20.0,41.29175438865721
karsten-kroon,20.68,91,87,531,Netherlands,Europe,Western Europe,1976.0,91,85.0,77.0,100.0,44.0,81.0,78.0,100.0,60.0,49.78744059161661
thor-hushovd,24.78,32,60,486,Norway,Europe,Northern Europe,1978.0,61,74.0,54.0,62.0,30.0,54.0,60.0,62.0,83.0,58.772835316517664
paride-grillo,21.893616320940232,84,80,50,Italy,Europe,Southern Europe,1982.0,80,,80.0,,,83.0,77.0,,,61.02132447609053
joan-horrach,21.85,88,90,418,Spain,Europe,Southern Europe,1974.0,91,81.0,88.0,106.0,,84.0,92.0,90.0,,39.87156557667384
cedric-vasseur,21.6,61,68,484,France,Europe,Western Europe,1970.0,72,76.0,63.0,69.0,47.0,61.0,60.0,78.0,36.0,40.00243627404385
sergio-marinangeli,21.47,51,74,28,Italy,Europe,Southern Europe,1980.0,75,,82.0,63.0,,82.0,,63.0,,62.65369462158996
unai-osa,20.52,38,48,282,Spain,Europe,Southern Europe,1975.0,50,46.0,50.0,47.0,,60.0,44.0,50.0,42.0,37.00648691376003
bo-hamburger,19.16,44,50,387,Denmark,Europe,Northern Europe,1970.0,54,46.0,56.0,48.0,,44.0,54.0,51.0,21.0,35.42087808600167
alexandr-kolobnev,21.14,62,64,496,Russia,Asia,Asia,1981.0,67,57.0,67.0,66.0,,62.0,67.0,62.0,32.0,36.53600012519509
juan-fuentes,20.77985127734203,85,86,146,Spain,Europe,Southern Europe,1977.0,89,92.0,80.0,79.0,,67.0,78.0,93.0,54.0,41.07621635821681
christophe-le-mevel,20.15,56,65,507,France,Europe,Western Europe,1980.0,66,63.0,64.0,67.0,,68.0,61.0,67.0,53.0,41.49856478427044
jure-golcer,20.52,85,87,59,Slovenia,Europe,Southern Europe,1977.0,89,48.0,89.0,100.0,,92.0,88.0,,48.0,37.55441794812642
michael-barry,20.16,64,68,353,Canada,America,America,1975.0,70,66.0,74.0,60.0,64.0,71.0,68.0,68.0,63.0,35.82555602084824
luca-ascani,21.45,61,53,23,Italy,Europe,Southern Europe,1983.0,53,,53.0,,,53.0,,,,23.48079696447624
walter-beneteau,21.88,66,70,279,France,Europe,Western Europe,1972.0,72,66.0,74.0,69.0,52.0,68.0,60.0,78.0,,35.959363677703045
volker-ordowski,20.42,92,94,140,Germany,Europe,Western Europe,1973.0,96,99.0,95.0,89.0,,86.0,94.0,102.0,,32.90977653483014
chris-horner,21.6,32,45,376,United States,America,America,1971.0,45,48.0,42.0,46.0,,44.0,44.0,47.0,31.0,37.10817730224749
mikel-pradera,21.31,78,80,251,Spain,Europe,Southern Europe,1975.0,82,88.0,76.0,76.0,,74.0,70.0,84.0,132.0,39.28061431997447
jose-luis-carrasco-gamiz,21.068869546506946,91,91,97,Spain,Europe,Southern Europe,1982.0,91,88.0,92.0,118.0,,128.0,86.0,89.0,,41.07627690108955
antonio-bucciero,21.13456431928423,115,116,21,Italy,Europe,Southern Europe,1982.0,119,145.0,100.0,102.0,,100.0,102.0,145.0,,53.3053200239633
geoffroy-lequatre,19.11,81,79,202,France,Europe,Western Europe,1981.0,80,95.0,70.0,76.0,,72.0,71.0,86.0,,39.906669416626144
yannick-talabardon,18.56,77,81,237,France,Europe,Western Europe,1981.0,83,75.0,92.0,71.0,76.0,88.0,82.0,75.0,,34.93520120043633
roger-hammond,23.45,70,67,188,Great Britain,Europe,Northern Europe,1974.0,71,76.0,64.0,72.0,43.0,60.0,72.0,72.0,84.0,43.95155116373581
stephan-schreck,22.21,88,89,281,Germany,Europe,Western Europe,1978.0,91,93.0,89.0,83.0,60.0,85.0,83.0,94.0,80.0,30.439514729040965
enrico-franzoi,22.09,93,92,146,Italy,Europe,Southern Europe,1982.0,94,96.0,88.0,90.0,83.0,82.0,89.0,99.0,,36.62676978011127
ludovic-auger,23.04,88,87,158,France,Europe,Western Europe,1971.0,96,,66.0,108.0,44.0,65.0,83.0,113.0,,51.68627920945849
iker-flores-galarza,21.39,74,81,201,Spain,Europe,Southern Europe,1976.0,84,69.0,89.0,80.0,,103.0,71.0,89.0,,44.4195617120044
maryan-hary,19.87,110,105,149,France,Europe,Western Europe,1980.0,109,122.0,104.0,100.0,,130.0,90.0,128.0,104.0,42.73682641827138
wilfried-cretskens,22.64,78,84,171,Belgium,Europe,Western Europe,1976.0,88,82.0,77.0,101.0,82.0,78.0,81.0,102.0,,39.34244179227047
gerben-lowik,20.37,82,84,132,Netherlands,Europe,Western Europe,1977.0,89,82.0,78.0,98.0,32.0,76.0,84.0,100.0,49.0,44.47711219421932
olivier-bonnaire,21.15,93,90,175,France,Europe,Western Europe,1983.0,91,75.0,95.0,92.0,45.0,99.0,93.0,77.0,84.0,40.466871447259976
giosue-bonomi,21.742024031688047,106,95,33,Italy,Europe,Southern Europe,1978.0,95,99.0,90.0,100.0,,90.0,104.0,98.0,,60.20067451550034
oliver-zaugg,20.8,63,69,457,Switzerland,Europe,Western Europe,1981.0,70,57.0,79.0,58.0,,80.0,72.0,60.0,25.0,40.88809729544131
jan-kuyckx,21.71,98,94,48,Belgium,Europe,Western Europe,1979.0,99,,100.0,64.0,40.0,68.0,102.0,,,42.74315091748162
gianluca-bortolami,22.28,56,59,352,Italy,Europe,Southern Europe,1968.0,71,46.0,59.0,61.0,1.0,68.0,50.0,65.0,33.0,45.151907602016216
nicolas-inaudi,20.68,131,119,46,France,Europe,Western Europe,1978.0,123,116.0,130.0,108.0,,120.0,119.0,118.0,,42.265779719126215
alessandro-bertolini,21.55,103,101,366,Italy,Europe,Southern Europe,1971.0,106,91.0,96.0,110.0,,87.0,95.0,113.0,24.0,47.50734244195468
david-herrero-llorente,20.38,76,73,155,Spain,Europe,Southern Europe,1979.0,75,68.0,80.0,76.0,,103.0,54.0,76.0,,43.716364052442046
baden-cooke,23.15,84,77,311,Australia,Oceania,Oceania,1978.0,79,120.0,68.0,81.0,65.0,72.0,70.0,87.0,8.0,56.00468440999824
andris-nauduzs,23.29,99,79,47,Latvia,Europe,Northern Europe,1975.0,79,,79.0,74.0,,80.0,78.0,,,54.92795718972332
ruggero-marzoli,20.38,62,73,147,Italy,Europe,Southern Europe,1976.0,76,24.0,78.0,60.0,,78.0,79.0,30.0,28.0,55.84712282270518
iker-leonet,19.384873471965783,125,116,20,Spain,Europe,Southern Europe,1983.0,117,,119.0,88.0,,115.0,134.0,88.0,,32.16552584105503
matej-mugerli,20.53,79,79,110,Slovenia,Europe,Southern Europe,1981.0,80,89.0,70.0,91.0,,84.0,67.0,104.0,61.0,37.42646501567629
aitor-gonzalez-jimenez,22.02,30,42,222,Spain,Europe,Southern Europe,1975.0,43,32.0,48.0,44.0,,97.0,39.0,40.0,,36.77730019493862
crescenzo-d-amore,21.26507771303706,94,81,46,Italy,Europe,Southern Europe,1979.0,82,,83.0,64.0,,88.0,80.0,,,62.45193320748892
sebastien-hinault,20.57,90,82,526,France,Europe,Western Europe,1974.0,84,70.0,81.0,85.0,49.0,80.0,78.0,84.0,69.0,49.88694823861989
markus-fothen,22.16,62,76,270,Germany,Europe,Western Europe,1981.0,78,117.0,75.0,66.0,,54.0,73.0,88.0,,49.64900081965593
servais-knaven,21.46,94,88,387,Netherlands,Europe,Western Europe,1971.0,95,108.0,74.0,95.0,41.0,80.0,65.0,101.0,58.0,44.61936880090035
steve-zampieri,21.45,70,79,327,Switzerland,Europe,Western Europe,1977.0,84,99.0,80.0,77.0,,111.0,70.0,126.0,54.0,45.15694683096721
filippo-simeoni,19.87,98,96,239,Italy,Europe,Southern Europe,1971.0,101,101.0,99.0,86.0,,123.0,85.0,106.0,34.0,42.373249192244494
anthony-charteau,21.88,108,104,286,France,Europe,Western Europe,1979.0,107,110.0,99.0,108.0,,111.0,92.0,117.0,,43.476526198239725
cristian-gasperoni,19.052103645092373,83,83,225,Italy,Europe,Southern Europe,1970.0,87,18.0,92.0,61.0,,85.0,83.0,,18.0,43.70339149964714
alberto-ongarato,20.6,119,109,376,Italy,Europe,Southern Europe,1975.0,110,117.0,108.0,106.0,,111.0,105.0,117.0,75.0,44.05228993170447
ivan-ravaioli,22.314342838353344,143,133,25,Italy,Europe,Southern Europe,1980.0,133,,133.0,,,146.0,129.0,,,30.74182818246176
oleksandr-kvachuk,20.53,123,119,79,Ukraine,Europe,Eastern Europe,1983.0,123,103.0,113.0,129.0,134.0,135.0,110.0,126.0,92.0,37.33450118727922
aurelien-clerc,22.92,99,85,131,Switzerland,Europe,Western Europe,1979.0,86,81.0,95.0,71.0,86.0,100.0,82.0,76.0,113.0,55.67475805671816
ivan-quaranta,23.3909958495632,132,105,100,Italy,Europe,Southern Europe,1974.0,110,132.0,107.0,88.0,,87.0,106.0,132.0,,65.9549670363626
luis-felipe-laverde-jimenez,22.06,57,66,168,Colombia,America,America,1979.0,67,64.0,66.0,57.0,,108.0,59.0,120.0,46.0,37.7667341020294
aitor-alonso,20.242471451076465,135,117,101,Spain,Europe,Southern Europe,1980.0,119,157.0,106.0,159.0,,98.0,116.0,159.0,,57.7767536932176
robert-forster,26.49,100,86,313,Germany,Europe,Western Europe,1978.0,87,89.0,87.0,82.0,,90.0,86.0,85.0,,56.85965797762949
jakob-piil,19.62,117,104,137,Denmark,Europe,Northern Europe,1973.0,105,38.0,100.0,112.0,,93.0,131.0,104.0,123.0,49.85546305292485
andrea-ferrigato,20.216484749748656,59,62,236,Italy,Europe,Southern Europe,1969.0,68,28.0,69.0,54.0,,59.0,70.0,50.0,28.0,46.39292100488294
allan-johansen,22.07,100,94,129,Denmark,Europe,Northern Europe,1971.0,102,127.0,95.0,83.0,11.0,93.0,75.0,119.0,71.0,50.36728834735017
samuele-marzoli,21.24686508696271,169,158,12,Italy,Europe,Southern Europe,1984.0,159,,158.0,,,158.0,,,,40.75611127255159
pavel-sivakov,19.81,40,52,171,France,Europe,Western Europe,1997.0,54,78.0,47.0,56.0,48.0,48.0,44.0,70.0,16.0,40.04380298561488
fausto-masnada,19.62,44,48,165,Italy,Europe,Southern Europe,1993.0,49,37.0,51.0,58.0,47.0,54.0,47.0,59.0,26.0,30.8291815186781
ivan-ramiro-sosa,18.42,70,72,105,Colombia,America,America,1997.0,74,72.0,73.0,104.0,64.0,64.0,81.0,,72.0,41.49516058106477
victor-de-la-parte,19.54,52,58,242,Spain,Europe,Southern Europe,1986.0,59,57.0,60.0,58.0,36.0,61.0,55.0,64.0,58.0,33.28588214658061
sebastian-henao,19.49,62,66,231,Colombia,America,America,1993.0,67,66.0,65.0,70.0,69.0,79.0,61.0,70.0,72.0,31.23208931489916
amanuel-ghebreigzabhier,19.45,69,78,187,Eritrea,Africa,Africa,1994.0,79,69.0,88.0,54.0,78.0,98.0,79.0,62.0,79.0,43.14216289558094
nans-peters,22.66,70,72,226,France,Europe,Western Europe,1994.0,74,59.0,72.0,81.0,,85.0,66.0,78.0,54.0,36.38070090350223
diego-ulissi,20.57,38,43,508,Italy,Europe,Southern Europe,1989.0,45,38.0,45.0,42.0,19.0,40.0,44.0,44.0,41.0,30.26596860932215
francesco-gavazzi,22.23,66,65,419,Italy,Europe,Southern Europe,1984.0,66,57.0,63.0,75.0,62.0,62.0,63.0,78.0,55.0,39.51461592215869
matteo-montaguti,19.84,69,71,398,Italy,Europe,Southern Europe,1984.0,72,78.0,69.0,76.0,,55.0,70.0,82.0,51.0,39.35258666835928
marco-frapporti,21.53,115,109,175,Italy,Europe,Southern Europe,1985.0,111,106.0,111.0,98.0,,102.0,112.0,98.0,110.0,37.23360771552976
lucas-hamilton,20.97,50,57,184,Australia,Oceania,Oceania,1996.0,58,62.0,49.0,69.0,,56.0,45.0,80.0,27.0,38.74311073117463
giovanni-carboni,18.83,70,72,85,Italy,Europe,Southern Europe,1995.0,73,82.0,69.0,63.0,23.0,51.0,68.0,82.0,81.0,36.95324853150007
enrico-battaglin,20.9,72,75,337,Italy,Europe,Southern Europe,1989.0,75,76.0,75.0,73.0,76.0,75.0,72.0,101.0,58.0,44.416522679398135
ivan-santaromita,18.72,81,85,405,Italy,Europe,Southern Europe,1984.0,86,99.0,78.0,92.0,,78.0,81.0,102.0,43.0,42.649969373310334
nicola-conci,19.87,72,75,137,Italy,Europe,Southern Europe,1997.0,76,83.0,72.0,73.0,79.0,80.0,66.0,108.0,72.0,35.584715892534895
hector-carretero,20.01,96,96,141,Spain,Europe,Southern Europe,1995.0,99,97.0,106.0,91.0,63.0,92.0,97.0,106.0,96.0,35.6657922039588
sean-bennett,20.83,101,96,84,United States,America,America,1996.0,98,90.0,90.0,112.0,68.0,75.0,92.0,130.0,90.0,42.62283050035868
luca-covili,17.9,63,70,76,Italy,Europe,Southern Europe,1997.0,71,87.0,73.0,89.0,50.0,52.0,74.0,67.0,87.0,38.9772493246032
reto-hollenstein,20.61,79,82,377,Switzerland,Europe,Western Europe,1985.0,84,68.0,80.0,87.0,64.0,68.0,80.0,92.0,73.0,36.69922578787804
miguel-eduardo-florez,18.83,90,92,30,Colombia,America,America,1996.0,94,92.0,95.0,69.0,,104.0,92.0,35.0,92.0,30.09723705194415
paul-martens,21.78,81,81,508,Germany,Europe,Western Europe,1983.0,83,79.0,81.0,82.0,110.0,89.0,74.0,84.0,100.0,41.82331362599357
andrea-vendrame,21.26,66,64,171,Italy,Europe,Southern Europe,1994.0,65,46.0,70.0,83.0,39.0,42.0,75.0,56.0,50.0,44.28073262417578
ruben-plaza,21.11,72,75,446,Spain,Europe,Southern Europe,1980.0,77,48.0,82.0,78.0,,83.0,77.0,72.0,97.0,43.51953077788551
grega-bole,22.02,99,94,329,Slovenia,Europe,Southern Europe,1985.0,96,85.0,91.0,102.0,72.0,72.0,96.0,101.0,106.0,53.76721777686979
jenthe-biermans,23.04,97,93,99,Belgium,Europe,Western Europe,1995.0,96,68.0,96.0,99.0,42.0,82.0,98.0,98.0,46.0,37.900402738311925
scott-davies,21.76363632794939,96,95,52,United Kingdom,Europe,Northern Europe,1995.0,96,98.0,98.0,70.0,,66.0,101.0,,98.0,37.27869844114818
nicola-bagioli,22.68,108,106,24,Italy,Europe,Southern Europe,1995.0,106,106.0,105.0,115.0,,103.0,106.0,109.0,,22.112320324763022
ryan-gibbons,21.13,64,63,161,South Africa,Africa,Africa,1994.0,63,59.0,64.0,59.0,122.0,72.0,62.0,59.0,,39.052345823083584
andrea-garosio,18.94,93,91,46,Italy,Europe,Southern Europe,1993.0,92,58.0,95.0,97.0,66.0,77.0,100.0,39.0,58.0,26.87118133751157
amaro-manuel-antunes,19.38,59,59,39,Portugal,Europe,Southern Europe,1990.0,60,,60.0,48.0,60.0,60.0,59.0,,,30.73843769544599
mirco-maestri,21.33,105,98,159,Italy,Europe,Southern Europe,1991.0,100,98.0,99.0,104.0,68.0,106.0,96.0,,98.0,38.86333502174024
lorenzo-rota,20.72,68,77,184,Italy,Europe,Southern Europe,1995.0,80,89.0,75.0,73.0,,58.0,83.0,59.0,92.0,49.276789142619926
marco-marcato,22.13,74,73,400,Italy,Europe,Southern Europe,1984.0,76,68.0,71.0,78.0,35.0,59.0,72.0,83.0,52.0,43.42329278036991
damiano-cima,21.6,131,127,24,Italy,Europe,Southern Europe,1993.0,129,,127.0,126.0,,111.0,128.0,143.0,,34.294018576785774
paolo-simion,23.08,126,107,70,Italy,Europe,Southern Europe,1992.0,107,,107.0,112.0,,109.0,107.0,,,52.01559727858988
jasha-sutterlin,23.04,71,76,257,Germany,Europe,Western Europe,1992.0,77,61.0,81.0,74.0,74.0,78.0,77.0,79.0,58.0,38.78884318389436
davide-cimolai,21.37,130,111,410,Italy,Europe,Southern Europe,1989.0,112,109.0,98.0,122.0,142.0,89.0,108.0,126.0,105.0,56.00065751256054
simone-consonni,22.04,107,91,176,Italy,Europe,Southern Europe,1994.0,91,94.0,87.0,111.0,52.0,69.0,95.0,112.0,79.0,56.89810327105955
marco-canola,20.37,102,99,102,Italy,Europe,Southern Europe,1988.0,101,140.0,98.0,57.0,,83.0,104.0,125.0,,56.41780520308473
dmitry-strakhov,20.45,89,91,57,Russia,Asia,Asia,1995.0,94,61.0,99.0,98.0,64.0,74.0,101.0,61.0,,41.20059127979248
nico-denz,21.2,92,88,252,Germany,Europe,Western Europe,1994.0,91,80.0,87.0,101.0,60.0,91.0,85.0,105.0,74.0,42.59480852491167
viacheslav-kuznetsov,20.68,96,88,163,Russia,Asia,Asia,1989.0,91,81.0,90.0,87.0,50.0,75.0,92.0,83.0,,48.56461053743018
ramon-sinkeldam,20.67,116,106,341,Netherlands,Europe,Western Europe,1989.0,107,114.0,102.0,113.0,69.0,93.0,108.0,112.0,121.0,39.54437004177757
miles-scotson,20.83,108,98,147,Australia,Oceania,Oceania,1994.0,99,89.0,106.0,98.0,73.0,91.0,106.0,97.0,87.0,41.621308645131926
arnaud-demare,23.2,70,74,344,France,Europe,Western Europe,1991.0,75,81.0,63.0,90.0,35.0,46.0,82.0,89.0,84.0,61.33407145772342
manuel-belletti,23.51,104,90,175,Italy,Europe,Southern Europe,1985.0,90,,90.0,118.0,68.0,86.0,91.0,,,61.90061688788056
jacopo-guarnieri,22.16,121,107,365,Italy,Europe,Southern Europe,1987.0,109,106.0,103.0,115.0,80.0,99.0,104.0,118.0,100.0,48.13707783853377
tom-leezer,22.21,128,122,284,Netherlands,Europe,Western Europe,1985.0,125,121.0,114.0,130.0,101.0,114.0,112.0,135.0,16.0,37.762061143858105
sho-hatsuyama,19.27,138,140,36,Japan,Asia,Asia,1988.0,141,,142.0,132.0,,125.0,143.0,,,15.50941854139166
pascal-ackermann,23.55,105,84,149,Germany,Europe,Western Europe,1994.0,84,89.0,84.0,90.0,63.0,76.0,83.0,84.0,102.0,58.87379782534081
jonathan-klever-caicedo,23.05,85,87,198,Ecuador,America,America,1993.0,88,76.0,88.0,95.0,,92.0,87.0,86.0,77.0,32.71909415289992
awet-gebremedhin-andemeskel,18.89,120,118,22,Sweden,Europe,Northern Europe,1992.0,119,99.0,119.0,122.0,,,119.0,,99.0,26.189783540624425
marc-madiot,21.22,48,56,280,France,Europe,Western Europe,1959.0,65,22.0,24.0,66.0,102.0,30.0,25.0,67.0,14.0,40.38046845274183
jesus-rodriguez-magro,25.048243994398607,50,61,246,Spain,Europe,Southern Europe,1960.0,71,17.0,34.0,74.0,,29.0,42.0,71.0,,45.57691122233685
mario-beccia,20.125770455267972,28,53,56,Italy,Europe,Southern Europe,1955.0,75,9.0,14.0,70.0,,12.0,12.0,81.0,9.0,53.21890287648386
roberto-visentini,20.38416648084574,31,48,99,Italy,Europe,Southern Europe,1957.0,59,19.0,24.0,61.0,,41.0,23.0,66.0,19.0,42.350959765185536
franco-chioccioli,23.247663643863408,18,41,110,Italy,Europe,Southern Europe,1959.0,66,63.0,31.0,45.0,,53.0,12.0,70.0,58.0,45.07595757858457
yvon-madiot,20.968261561613005,72,72,234,France,Europe,Western Europe,1962.0,83,48.0,31.0,86.0,99.0,39.0,39.0,85.0,41.0,45.76364992011919
faustino-ruperez,18.67081055396142,26,32,139,Spain,Europe,Southern Europe,1956.0,38,7.0,28.0,51.0,,38.0,29.0,39.0,15.0,22.546526230510096
adriano-baffi,22.6,9,41,194,Italy,Europe,Southern Europe,1962.0,62,6.0,31.0,61.0,,12.0,38.0,66.0,,52.27619252079208
fabrizio-bontempi,22.580443278305125,55,58,108,Italy,Europe,Southern Europe,1966.0,66,55.0,59.0,59.0,31.0,46.0,61.0,70.0,55.0,42.9566451726154
endrio-leoni,24.16,34,61,151,Italy,Europe,Southern Europe,1968.0,76,122.0,57.0,45.0,,74.0,47.0,102.0,,63.65934796069983
juan-carlos-gonzalez-salvador,21.444761035909437,6,33,48,Spain,Europe,Southern Europe,1964.0,55,32.0,26.0,98.0,,,26.0,61.0,,50.26313737445569
manuel-luis-campos-abreu,20.830092483875937,35,42,51,Portugal,Europe,Southern Europe,1963.0,51,55.0,30.0,9.0,,,29.0,55.0,,39.0676336626625
alessio-di-basco,20.82636570843632,8,47,42,Italy,Europe,Southern Europe,1964.0,70,60.0,42.0,21.0,,65.0,33.0,60.0,,53.078366667881575
pello-ruiz-cabestany,20.94196839589605,23,36,239,Spain,Europe,Southern Europe,1962.0,47,11.0,15.0,53.0,,16.0,16.0,51.0,,35.971268259822395
paolo-antonio-fanelli,21.215055117827685,8,52,14,Italy,Europe,Southern Europe,1966.0,79,,55.0,5.0,,76.0,47.0,,,66.29508625485347
melchor-mauri,21.22,55,61,355,Spain,Europe,Southern Europe,1966.0,70,60.0,27.0,75.0,,60.0,21.0,71.0,44.0,45.62729328566174
marino-alonso,21.37,92,92,264,Spain,Europe,Southern Europe,1965.0,98,73.0,46.0,106.0,,166.0,53.0,100.0,57.0,46.07212652829298
mikel-zarrabeitia,19.66,40,50,321,Spain,Europe,Southern Europe,1970.0,53,51.0,44.0,56.0,,38.0,43.0,57.0,41.0,37.899807453131245
michel-lafis,22.79,62,64,171,Sweden,Europe,Northern Europe,1967.0,68,65.0,62.0,66.0,,47.0,62.0,67.0,53.0,36.152906933448136
pedro-delgado,21.89,23,32,417,Spain,Europe,Southern Europe,1960.0,40,18.0,21.0,40.0,,37.0,21.0,39.0,25.0,32.39412233808738
fabio-roscioli,20.61296286622354,67,73,221,Italy,Europe,Southern Europe,1965.0,81,80.0,60.0,76.0,,38.0,65.0,81.0,43.0,48.12981810891287
oliverio-rincon-quintana,19.3309477420276,52,55,129,Colombia,America,America,1968.0,70,64.0,29.0,71.0,,,33.0,78.0,7.0,45.45396155588676
stephen-hodge,21.62,67,73,262,Australia,Oceania,Oceania,1961.0,82,65.0,63.0,80.0,79.0,50.0,58.0,85.0,35.0,45.48997914965324
luis-edgar-espinosa-sepulveda,17.565204979689348,72,71,17,Colombia,America,America,1967.0,71,,72.0,61.0,,,71.0,,,24.91618302370145
nestor-oswaldo-mora,20.79842402501084,84,85,136,Colombia,America,America,1963.0,94,46.0,42.0,104.0,,98.0,51.0,101.0,,47.93690422307613
luc-leblanc,20.34188692671324,30,42,229,France,Europe,Western Europe,1966.0,52,21.0,30.0,51.0,,27.0,32.0,53.0,28.0,40.48583943390444
arsenio-gonzalez,19.43656701442648,45,51,319,Spain,Europe,Southern Europe,1960.0,54,51.0,48.0,53.0,,82.0,45.0,53.0,44.0,28.30563071390192
jose-roberto-sierra-aguerro,19.412505219431385,69,77,159,Spain,Europe,Southern Europe,1967.0,82,73.0,66.0,86.0,,69.0,62.0,88.0,36.0,36.57812731861884
jose-luis-rodriguez-garcia,20.021074671064557,66,62,143,Spain,Europe,Southern Europe,1966.0,68,63.0,58.0,67.0,,86.0,49.0,64.0,,36.79518246422476
evgueny-anachkine,20.97481005733005,77,82,5,Russia,Asia,Asia,1970.0,82,,82.0,,,,82.0,,,42.40636744641069
oleg-tchujda,23.039128229689386,10,33,18,Ukraine,Europe,Eastern Europe,1963.0,60,8.0,32.0,152.0,,135.0,24.0,37.0,,52.024001499559255
angel-yesid-camargo,23.523549636446813,100,89,72,Colombia,America,America,1967.0,95,56.0,74.0,103.0,,113.0,68.0,107.0,,49.05644923216116
eric-vanderaerden,22.34,12,38,303,Belgium,Europe,Western Europe,1962.0,50,13.0,20.0,52.0,3.0,11.0,22.0,59.0,,48.53830262635631
gert-jan-theunisse,22.17315296946558,22,35,189,Netherlands,Europe,Western Europe,1963.0,40,19.0,25.0,39.0,,34.0,20.0,40.0,21.0,34.23142231278495
herminio-diaz-zabala,22.52271119717056,69,73,296,Spain,Europe,Southern Europe,1964.0,79,70.0,41.0,83.0,,43.0,42.0,82.0,,38.46764588740913
arunas-cepele,22.302397173929,55,56,34,Lithuania,Europe,Northern Europe,1968.0,61,,59.0,55.0,,63.0,52.0,57.0,,33.31676950313126
pascal-lino,20.62221600320693,42,54,262,France,Europe,Western Europe,1966.0,59,15.0,38.0,60.0,100.0,36.0,43.0,61.0,13.0,40.71920408544127
manuel-fernandez-gines,22.111471909810405,65,68,124,Spain,Europe,Southern Europe,1971.0,71,88.0,56.0,64.0,,132.0,51.0,78.0,,37.67231674224504
jose-luis-de-santos-arribas,18.35054429040447,26,40,30,Spain,Europe,Southern Europe,1968.0,43,,40.0,,35.0,114.0,35.0,,,37.23397595633915
luca-gelfi,21.05205692120004,48,55,106,Italy,Europe,Southern Europe,1966.0,65,88.0,44.0,58.0,,17.0,51.0,90.0,80.0,41.44534716271003
rob-harmeling,21.73,106,96,71,Netherlands,Europe,Western Europe,1964.0,105,,35.0,119.0,43.0,34.0,34.0,121.0,,65.57361814310896
pedro-manuel-rodrigues-silva,20.745278897139556,83,73,25,Portugal,Europe,Southern Europe,1966.0,79,,73.0,,,,73.0,,,52.83316508911172
inaki-gaston,22.795518207561813,38,49,240,Spain,Europe,Southern Europe,1963.0,64,12.0,19.0,66.0,,18.0,22.0,66.0,9.0,45.85127783627157
romes-gainetdinov,24.911001262515327,54,55,61,Russia,Asia,Asia,1967.0,60,66.0,50.0,46.0,,91.0,47.0,67.0,,27.864298406438667
walter-castignola,19.12332818553638,158,133,11,Italy,Europe,Southern Europe,1970.0,133,,133.0,,,,133.0,,,53.69746904480864
neil-stephens,22.23,69,78,186,Australia,Oceania,Oceania,1963.0,84,64.0,36.0,89.0,,26.0,49.0,83.0,,47.45883332125912
quintino-rodrigues,20.09257491096544,80,81,54,Portugal,Europe,Southern Europe,1971.0,84,82.0,89.0,64.0,,172.0,79.0,80.0,,34.88830134772141
jesper-skibby,19.81,56,64,299,Denmark,Europe,Northern Europe,1964.0,75,78.0,39.0,72.0,70.0,42.0,36.0,75.0,5.0,51.37444277793816
gianluca-gorini,21.204357208082666,82,74,102,Italy,Europe,Southern Europe,1970.0,79,69.0,61.0,95.0,,33.0,71.0,82.0,,42.82345821033845
vladimir-abramov,21.113835551844826,155,128,5,Uzbekistan,Asia,Asia,1971.0,128,,128.0,,,,128.0,,,46.01304162952064
dimitri-tcherkachine,20.086178028160788,22,57,8,Russia,Asia,Asia,1970.0,68,69.0,51.0,,,,51.0,69.0,,63.07124656178235
carmelo-miranda,19.98557746172619,78,87,71,Spain,Europe,Southern Europe,1969.0,97,118.0,73.0,91.0,,,73.0,106.0,,48.974990537917776
nico-emonds,22.29445085145477,61,73,124,Belgium,Europe,Western Europe,1961.0,91,33.0,26.0,96.0,,30.0,30.0,96.0,,57.393125799730825
arximiro-blanco,19.68200224104772,78,86,25,Spain,Europe,Southern Europe,1966.0,87,,86.0,,,,86.0,,,29.69247940696993
jose-barros,19.425277806619416,116,110,5,Portugal,Europe,Southern Europe,1971.0,110,,110.0,,,,110.0,,,35.0142828000232
javier-murguialday,21.56,69,76,151,Spain,Europe,Southern Europe,1962.0,80,,46.0,85.0,,57.0,44.0,85.0,,47.22353586884245
jordi-gilabert-franch,21.384728925192285,84,77,8,Spain,Europe,Southern Europe,1970.0,92,76.0,89.0,18.0,,,77.0,76.0,,39.344631145812
jose-antonio-espinosa,20.918709232461666,111,99,49,Spain,Europe,Southern Europe,1969.0,105,69.0,121.0,147.0,,,121.0,75.0,,46.57565530045355
pavel-cherkasov,22.88673099423256,72,73,10,Russia,Asia,Asia,1972.0,83,,71.0,94.0,,51.0,77.0,94.0,,34.085513377712566
david-garcia-marquina,19.60294043748648,63,63,84,Spain,Europe,Southern Europe,1970.0,68,60.0,87.0,82.0,,,87.0,61.0,,38.19081241097709
simone-biasci,22.02219031221614,67,76,51,Italy,Europe,Southern Europe,1970.0,94,20.0,79.0,89.0,,24.0,77.0,80.0,38.0,61.22902682135489
jorg-muller,21.71852981420226,46,60,246,Switzerland,Europe,Western Europe,1961.0,68,31.0,42.0,67.0,48.0,36.0,38.0,68.0,30.0,46.1979324537347
oleg-klevtsov,22.982185822682805,129,103,5,Russia,Asia,Asia,1971.0,103,,103.0,,,,103.0,,,44.81629168059312
santos-hernandez,22.71282080375869,67,68,39,Spain,Europe,Southern Europe,1967.0,82,26.0,74.0,52.0,,,70.0,64.0,38.0,40.85171169214502
dag-otto-lauritzen,24.07996508604086,52,56,246,Norway,Europe,Northern Europe,1956.0,62,42.0,42.0,63.0,35.0,31.0,46.0,63.0,47.0,34.94309389351736
julio-cesar-cadena,21.85344699460924,79,86,104,Colombia,America,America,1963.0,93,16.0,56.0,91.0,,36.0,67.0,91.0,,48.00329836812849
fausto-dotti,22.584104902290623,78,78,111,Italy,Europe,Southern Europe,1968.0,82,34.0,88.0,68.0,,120.0,75.0,104.0,34.0,40.88850423859717
lubos-lom,21.125746380623543,75,76,16,Czech Republic,Europe,Eastern Europe,1965.0,79,,73.0,115.0,,42.0,81.0,,,54.23144844091848
francisco-cabello,23.78,91,89,348,Spain,Europe,Southern Europe,1969.0,92,92.0,75.0,96.0,,46.0,84.0,95.0,,35.28512877540165
laudelino-cubino,21.142540836747813,60,70,203,Spain,Europe,Southern Europe,1963.0,89,15.0,32.0,90.0,,70.0,30.0,93.0,,59.637518105800105
antonio-sanchez-garcia,19.84350849422012,73,75,55,Spain,Europe,Southern Europe,1970.0,79,64.0,84.0,101.0,,156.0,79.0,65.0,,35.41473375592942
alberto-camargo,20.631276412755863,65,70,107,Colombia,America,America,1965.0,81,,45.0,80.0,,18.0,42.0,84.0,,49.14386051814302
francisco-benitez,21.186656758294287,56,61,47,Spain,Europe,Southern Europe,1970.0,68,34.0,60.0,64.0,,67.0,46.0,68.0,,35.63779915980603
federico-echave,20.968346504982684,36,44,344,Spain,Europe,Southern Europe,1960.0,55,24.0,30.0,56.0,,43.0,29.0,55.0,36.0,36.03833811873539
fernando-mota-dos,20.84415575241043,95,107,27,Portugal,Europe,Southern Europe,1966.0,108,102.0,105.0,119.0,,,105.0,107.0,,28.422835007394145
massimiliano-lelli,22.53,49,58,453,Italy,Europe,Southern Europe,1967.0,67,61.0,53.0,59.0,,64.0,38.0,68.0,14.0,42.39277711157538
massimo-podenzana,19.581646198244737,71,72,240,Italy,Europe,Southern Europe,1961.0,80,23.0,75.0,71.0,,95.0,65.0,84.0,23.0,43.07347502058169
americo-jose-neves-da-silva,22.745301825084372,9,31,23,Portugal,Europe,Southern Europe,1964.0,68,16.0,35.0,42.0,,,35.0,20.0,,41.88908750705741
philippe-casado,20.48784126877812,88,84,114,France,Europe,Western Europe,1964.0,93,,52.0,94.0,45.0,48.0,53.0,95.0,,49.88001828577042
carlos-alberto-carneiro-silva,21.232837351689717,112,109,27,Portugal,Europe,Southern Europe,1970.0,110,115.0,84.0,,,,84.0,115.0,,26.159983359030058
flavio-giupponi,22.187148016694,80,73,53,Italy,Europe,Southern Europe,1964.0,93,6.0,94.0,58.0,,95.0,67.0,93.0,6.0,48.35198412320033
jean-claude-bagot,23.622315495027628,54,58,257,France,Europe,Western Europe,1958.0,67,40.0,36.0,68.0,50.0,26.0,45.0,68.0,,36.94525721445208
manuel-rodriguez-305,21.12377292898827,97,85,23,Spain,Europe,Southern Europe,1967.0,90,90.0,66.0,,,,66.0,90.0,,46.601709921299374
tristan-hoffman,23.12,89,84,278,Netherlands,Europe,Western Europe,1970.0,93,99.0,62.0,108.0,44.0,54.0,77.0,110.0,52.0,51.55378105296017
johnny-weltz,20.52,59,68,121,Denmark,Europe,Northern Europe,1962.0,82,36.0,34.0,84.0,33.0,34.0,38.0,82.0,37.0,50.13455311437375
massimo-donati,21.68,82,85,261,Italy,Europe,Southern Europe,1967.0,89,34.0,83.0,88.0,,82.0,78.0,106.0,45.0,39.06621597709754
agustin-sagasti,20.4648401390908,128,122,5,Spain,Europe,Southern Europe,1970.0,122,,122.0,,,,122.0,,,40.19950248448356
michel-vermote,20.688237035857224,88,85,182,Belgium,Europe,Western Europe,1963.0,95,4.0,36.0,100.0,27.0,31.0,49.0,98.0,,54.023504498595386
paulo-jorge-de-moura-ferreira,21.04079197670495,59,59,31,Portugal,Europe,Southern Europe,1970.0,60,70.0,53.0,,,,53.0,70.0,,41.24057402894096
serafim-vieira,21.182802591609995,66,73,32,Portugal,Europe,Southern Europe,1966.0,83,140.0,71.0,,,,71.0,140.0,,45.64219185599389
luis-perez-garcia,21.727542816402547,60,64,58,Spain,Europe,Southern Europe,1966.0,74,,59.0,72.0,,,59.0,72.0,,42.22305947419208
gianni-vignaduzzi,21.39,97,110,6,Canada,America,America,1966.0,112,,110.0,,,,110.0,,,33.55393667912406
roberto-torres,21.672447653505845,92,89,56,Spain,Europe,Southern Europe,1964.0,100,52.0,91.0,93.0,,,89.0,90.0,,47.881967296757885
cassio-freitas,20.99876620956916,68,59,8,Brazil,America,America,1965.0,82,,59.0,,,,59.0,,,41.20939559996344
jon-unzaga,22.499280814176807,92,82,147,Spain,Europe,Southern Europe,1962.0,95,125.0,52.0,91.0,,154.0,46.0,98.0,,54.52291963256853
zenon-jaskula,22.69,38,47,172,Poland,Europe,Eastern Europe,1962.0,62,35.0,42.0,50.0,,41.0,29.0,65.0,37.0,41.418590343021
eloy-santamarta,20.08645161958752,107,102,6,Spain,Europe,Southern Europe,1970.0,102,101.0,102.0,,,,102.0,101.0,,38.00877091760093
jose-rosa,23.524551190956327,94,96,26,Portugal,Europe,Southern Europe,1968.0,100,78.0,119.0,123.0,,,119.0,91.0,,39.44212897982991
carlos-pinho,20.30133450721645,132,131,8,Portugal,Europe,Southern Europe,1970.0,133,169.0,126.0,,,,126.0,169.0,,29.989283800336796
stefano-cattai,20.57069052484096,60,67,228,Italy,Europe,Southern Europe,1967.0,71,68.0,79.0,57.0,,104.0,67.0,70.0,43.0,34.08992576810222
roberto-pelliconi,22.473824880110097,73,69,76,Italy,Europe,Southern Europe,1962.0,84,,75.0,54.0,,44.0,71.0,132.0,,51.915983071166174
david-assuncao,20.502883656481043,123,124,5,Portugal,Europe,Southern Europe,1967.0,124,,124.0,,,,124.0,,,11.193748255164577
joao-pedro-silva,21.46,86,93,70,Portugal,Europe,Southern Europe,1968.0,94,91.0,121.0,,,,121.0,91.0,,38.797624844593
carlos-galarreta,19.24333699792868,98,89,34,Spain,Europe,Southern Europe,1967.0,92,,84.0,120.0,,174.0,81.0,120.0,,41.07582875201527
ramon-garcia-espana,24.339170907128786,119,102,7,Spain,Europe,Southern Europe,1970.0,105,93.0,117.0,33.0,,,117.0,63.0,,34.95439205321019
javier-palacin-salgao,21.94396063397337,111,97,9,Spain,Europe,Southern Europe,1971.0,121,,112.0,65.0,,,99.0,88.0,,61.554853586049575
aitor-garmendia,22.2,88,85,288,Spain,Europe,Southern Europe,1968.0,92,101.0,52.0,89.0,,45.0,49.0,102.0,35.0,47.17894727225437
bruno-leali,21.19161735634067,66,69,188,Italy,Europe,Southern Europe,1958.0,76,44.0,65.0,71.0,,57.0,66.0,72.0,18.0,41.96511915144982
juan-tomas-martinez,20.228415644432296,45,58,55,Spain,Europe,Southern Europe,1962.0,73,,63.0,29.0,,,60.0,42.0,,45.19343386650835
rodolfo-massi,20.52548819505947,85,85,204,Italy,Europe,Southern Europe,1965.0,98,91.0,73.0,102.0,,59.0,73.0,111.0,34.0,54.21954428896931
alberto-leanizbarrutia-abaunza,24.03685391384033,85,87,182,Spain,Europe,Southern Europe,1963.0,96,78.0,84.0,95.0,,47.0,78.0,92.0,53.0,49.2033014915033
delmino-pereira,20.337336898149168,116,117,6,Portugal,Europe,Southern Europe,1967.0,119,,122.0,91.0,,,122.0,91.0,,16.975472502014977
youri-sourkov,22.25391982570056,104,101,26,Kazakhstan,Asia,Asia,1970.0,103,92.0,93.0,130.0,,,93.0,103.0,,34.48745591348563
roberto-giucolsi,21.337627233865124,136,142,5,Italy,Europe,Southern Europe,1968.0,142,,142.0,,,,142.0,,,15.725775020646836
mauro-radaelli,21.88,104,99,213,Italy,Europe,Southern Europe,1967.0,102,108.0,102.0,94.0,51.0,94.0,97.0,105.0,,33.47847133947309
luis-santos,21.509288665722497,139,141,5,Portugal,Europe,Southern Europe,1966.0,141,,141.0,,,,141.0,,,12.320714265009151
vitor-gamito,19.71,98,86,9,Portugal,Europe,Southern Europe,1970.0,94,100.0,93.0,11.0,,,79.0,100.0,,50.19406782125199
ignacio-garcia,21.96435010449733,92,89,116,Spain,Europe,Southern Europe,1968.0,97,101.0,84.0,90.0,,128.0,79.0,105.0,,48.502176955424304
robert-millar,21.861025736421382,42,48,393,Great Britain,Europe,Northern Europe,1958.0,61,21.0,29.0,58.0,,24.0,29.0,60.0,22.0,40.20998800004682
fabio-bordonali,20.549999351266894,54,56,57,Italy,Europe,Southern Europe,1963.0,83,,61.0,14.0,,40.0,61.0,54.0,,48.92137956401184
harry-lodge,22.796049426427658,92,93,14,Great Britain,Europe,Northern Europe,1967.0,103,82.0,94.0,92.0,,175.0,87.0,88.0,,42.03269266591486
vladimir-kliouchkine,20.182604626577763,146,142,5,Russia,Asia,Asia,1973.0,142,,142.0,,,,142.0,,,18.552627846210903
joaquim-augusto-gomes,19.843369548025915,147,143,9,Portugal,Europe,Southern Europe,1965.0,145,102.0,149.0,,,,149.0,102.0,,35.683018058703745
cesar-solaun,22.079749250842525,96,93,154,Spain,Europe,Southern Europe,1970.0,98,102.0,99.0,73.0,,113.0,73.0,99.0,,44.335170872388055
ruben-gorospe,21.44133014317484,128,115,30,Spain,Europe,Southern Europe,1964.0,117,,128.0,112.0,,,128.0,112.0,,34.191549671892865
asiat-saitov,20.883780951480095,30,52,92,Russia,Asia,Asia,1965.0,74,15.0,54.0,92.0,,46.0,55.0,49.0,60.0,53.23608050522248
vassili-davidenko,21.01544801352253,90,80,58,United States,America,America,1970.0,86,,80.0,85.0,,51.0,83.0,33.0,,44.316316116845485
valery-baturo,19.86715153604267,146,141,5,Russia,Asia,Asia,1970.0,141,,141.0,,,,141.0,,,24.939927826679853
manuel-pascual,22.43741786199207,71,72,55,Spain,Europe,Southern Europe,1969.0,78,58.0,88.0,12.0,,,85.0,58.0,,39.48575159629837
rene-foucachon,22.20182790340496,120,115,11,France,Europe,Western Europe,1966.0,124,,97.0,163.0,,95.0,98.0,163.0,,46.11901599517965
antonio-miguel,21.94367944641081,114,105,64,Spain,Europe,Southern Europe,1968.0,113,,92.0,127.0,,,93.0,126.0,,46.79861236241539
jose-manuel-uria,21.57645943077205,83,79,187,Spain,Europe,Southern Europe,1969.0,84,58.0,92.0,81.0,,116.0,83.0,67.0,,42.065139198971856
alfredo-irusta,19.65573619512904,115,107,35,Spain,Europe,Southern Europe,1968.0,109,83.0,105.0,142.0,,,105.0,123.0,,41.775369688430544
roberto-lezaun,22.49,76,77,31,Spain,Europe,Southern Europe,1967.0,81,160.0,72.0,151.0,,108.0,71.0,156.0,,37.37988648964165
roberto-pagnin,23.36,7,47,90,Italy,Europe,Southern Europe,1962.0,94,30.0,40.0,69.0,,66.0,30.0,129.0,12.0,65.65846257616126
alexandre-rodriguez,19.846118172363223,112,112,5,Portugal,Europe,Southern Europe,1970.0,112,,112.0,,,,112.0,,,38.47466699011182
johan-bruyneel,21.43,32,38,185,Belgium,Europe,Western Europe,1964.0,44,11.0,33.0,44.0,,66.0,34.0,39.0,29.0,30.588165995077585
jesus-blanco-villar,23.83055868244333,32,45,158,Spain,Europe,Southern Europe,1963.0,61,8.0,28.0,72.0,,14.0,29.0,66.0,,42.94681511456983
eduardo-chozas,20.90905431317313,33,42,298,Spain,Europe,Southern Europe,1960.0,51,21.0,32.0,53.0,,51.0,31.0,52.0,32.0,31.66809918656284
francisco-javier-mauleon,22.14949444873334,66,68,192,Spain,Europe,Southern Europe,1965.0,75,65.0,41.0,77.0,,,43.0,77.0,21.0,43.5098278676588
tom-cordes,21.85,70,74,95,Netherlands,Europe,Western Europe,1966.0,81,81.0,57.0,104.0,62.0,62.0,56.0,92.0,,45.50259335729824
laurent-dufaux,21.01,38,45,507,Switzerland,Europe,Western Europe,1969.0,49,37.0,39.0,49.0,69.0,39.0,36.0,52.0,25.0,36.1908062093882
federico-garcia-melia,21.88395010251588,48,58,24,Spain,Europe,Southern Europe,1968.0,62,,55.0,120.0,,32.0,58.0,120.0,,33.65414460769078
peter-verbeken,21.70122926778962,75,81,36,Belgium,Europe,Western Europe,1966.0,87,,89.0,60.0,,55.0,78.0,143.0,,40.291192073828725
danny-in-t-ven,20.20469481743615,84,85,23,Belgium,Europe,Western Europe,1968.0,87,64.0,86.0,75.0,,68.0,87.0,75.0,64.0,32.50077530239729
enrico-zaina,19.604912369266337,37,48,273,Italy,Europe,Southern Europe,1967.0,55,27.0,39.0,61.0,,51.0,35.0,66.0,,39.84398036033217
viktor-klimov,22.27181561669171,60,60,33,Ukraine,Europe,Eastern Europe,1964.0,69,74.0,60.0,58.0,,42.0,60.0,81.0,,35.756224293926444
zbigniew-spruch,21.46,48,60,242,Poland,Europe,Eastern Europe,1965.0,67,105.0,44.0,69.0,41.0,41.0,51.0,96.0,31.0,46.22850051799182
miguel-angel-martinez-torres,21.25602871925041,92,91,122,Spain,Europe,Southern Europe,1967.0,97,20.0,67.0,101.0,,58.0,68.0,100.0,,45.681006658420415
joaquim-sampaio,20.258485380227253,98,95,43,Portugal,Europe,Southern Europe,1970.0,98,114.0,73.0,,,,73.0,114.0,,37.57402439146091
gianluca-tonetti,20.24589428574967,114,106,65,Italy,Europe,Southern Europe,1967.0,114,49.0,113.0,80.0,,132.0,109.0,,49.0,43.25465737484676
manuel-cunha-tavares,19.267178931864933,56,59,37,Portugal,Europe,Southern Europe,1962.0,62,48.0,59.0,57.0,,,59.0,52.0,,25.49636375180909
andrea-noe,20.52,38,45,544,Italy,Europe,Southern Europe,1969.0,48,59.0,40.0,55.0,,45.0,39.0,71.0,44.0,32.68633651899584
jose-luis-santamaria,20.029783236712507,34,45,45,Spain,Europe,Southern Europe,1968.0,54,28.0,53.0,36.0,,,47.0,35.0,70.0,39.48733334816996
anselmo-fuerte-abelenda,21.18331311468258,68,75,196,Spain,Europe,Southern Europe,1962.0,86,3.0,34.0,88.0,,,44.0,85.0,,50.663782313449055
hendrik-redant,23.068426719911997,57,73,179,Belgium,Europe,Western Europe,1962.0,80,75.0,54.0,90.0,10.0,27.0,68.0,86.0,,57.37348333765041
thierry-marie,22.46,67,70,304,France,Europe,Western Europe,1963.0,76,9.0,44.0,77.0,44.0,22.0,50.0,78.0,,51.267909528481184
willy-willems,21.995070525986502,67,68,23,Belgium,Europe,Western Europe,1963.0,68,,69.0,58.0,,,69.0,58.0,,46.12480919977247
john-talen,20.430670452694507,98,93,139,Netherlands,Europe,Western Europe,1965.0,110,,55.0,128.0,52.0,49.0,57.0,130.0,,59.35105651543608
jan-goessens,22.71083700937208,92,87,129,Belgium,Europe,Western Europe,1962.0,96,,65.0,101.0,40.0,45.0,66.0,105.0,,54.52164245622128
fernando-quevedo,22.051421993034857,76,82,66,Spain,Europe,Southern Europe,1964.0,89,,48.0,108.0,,,48.0,108.0,,57.03490936067914
gert-jakobs,21.640004674350703,138,130,130,Netherlands,Europe,Western Europe,1964.0,134,,104.0,137.0,,50.0,112.0,137.0,,38.4267139301617
erwin-nijboer,24.807923763767764,107,106,143,Netherlands,Europe,Western Europe,1964.0,114,89.0,81.0,120.0,99.0,75.0,81.0,116.0,,50.49110729316544
marek-szerszynski,20.69033008344828,70,70,40,Poland,Europe,Eastern Europe,1960.0,78,41.0,69.0,85.0,,54.0,68.0,84.0,46.0,45.25692325560922
johnny-dauwe,19.02357917884044,92,80,22,Belgium,Europe,Western Europe,1966.0,81,,80.0,,,101.0,78.0,,,52.496876839694735
jose-martin-farfan,21.60864219811544,84,79,50,Colombia,America,America,1965.0,118,78.0,73.0,94.0,,19.0,66.0,136.0,,69.24204514835282
julian-gorospe,19.1894353936269,63,74,293,Spain,Europe,Southern Europe,1960.0,93,12.0,30.0,103.0,,18.0,33.0,100.0,,58.60172610984228
dario-nicoletti,19.28515156799735,84,84,34,Italy,Europe,Southern Europe,1967.0,87,,85.0,81.0,,100.0,79.0,162.0,,29.435584828383288
viktor-rjaksinski,21.87743699842049,90,86,21,Ukraine,Europe,Eastern Europe,1967.0,86,57.0,87.0,,,,87.0,57.0,,17.348253651647614
patrick-evenepoel,20.695224713777417,115,112,21,Belgium,Europe,Western Europe,1968.0,114,,112.0,,,,112.0,,,29.225803993177312
marco-lietti,18.037507213174106,93,95,159,Italy,Europe,Southern Europe,1965.0,105,83.0,79.0,117.0,,63.0,81.0,107.0,31.0,46.88422594503158
djamolidine-abduzhaparov,23.78,18,44,244,Uzbekistan,Asia,Asia,1964.0,53,52.0,35.0,49.0,2.0,29.0,33.0,52.0,,49.96838439163421
mauro-consonni,22.615499066710186,97,91,21,Italy,Europe,Southern Europe,1968.0,92,,91.0,,,125.0,90.0,,,32.948300050085685
antonio-politano,22.03087870268353,96,90,56,Italy,Europe,Southern Europe,1967.0,92,107.0,71.0,93.0,,,70.0,109.0,,35.506044848437014
fabio-rodriguez,19.478618979706155,82,76,25,Colombia,America,America,1966.0,91,,76.0,,,,76.0,,,50.89695472226212
fernando-pinero,20.850228118954423,87,88,45,Spain,Europe,Southern Europe,1967.0,91,,98.0,78.0,,,98.0,78.0,,35.35752459455477
alfonso-gutierrez,21.16735245733027,11,54,97,Spain,Europe,Southern Europe,1961.0,94,7.0,27.0,121.0,,18.0,28.0,97.0,,68.71575842065967
andrei-teteriouk,21.5,60,67,200,Kazakhstan,Asia,Asia,1967.0,73,83.0,73.0,49.0,,104.0,58.0,81.0,49.0,44.72176378206582
francisco-espinosa,20.054669751256576,99,98,74,Spain,Europe,Southern Europe,1962.0,105,,81.0,110.0,,,81.0,110.0,,49.52240619447559
joel-suter,20.78,88,88,32,Switzerland,Europe,Western Europe,1998.0,89,109.0,70.0,101.0,49.0,49.0,88.0,,109.0,46.36260268168036
andreas-stokbro,20.9,93,79,8,Denmark,Europe,Northern Europe,1997.0,78,,,79.0,,,79.0,,,36.87987255943274
gonzalo-serrano,20.75,84,76,95,Spain,Europe,Southern Europe,1994.0,79,90.0,74.0,72.0,22.0,61.0,64.0,107.0,77.0,46.80804000577818
jake-stewart,20.6,87,72,53,Great Britain,Europe,Northern Europe,1999.0,72,101.0,77.0,66.0,8.0,58.0,80.0,53.0,,43.68577599944219
ben-tulett,19.61,43,52,61,Great Britain,Europe,Northern Europe,2001.0,53,30.0,53.0,55.0,52.0,70.0,48.0,24.0,36.0,33.72703833356997
lukas-ruegg,21.07,82,77,14,Switzerland,Europe,Western Europe,1996.0,76,,,77.0,,,77.0,,,38.50167685801647
roland-thalmann,19.25,68,73,51,Switzerland,Europe,Western Europe,1993.0,76,,91.0,59.0,,113.0,64.0,,,38.512009840578095
dion-smith,20.91,77,75,223,New Zealand,Oceania,Oceania,1993.0,76,74.0,64.0,83.0,72.0,58.0,70.0,87.0,67.0,41.64899605099637
sam-oomen,20.75,31,38,295,Netherlands,Europe,Western Europe,1995.0,38,32.0,38.0,40.0,,31.0,40.0,39.0,32.0,24.686575833917956
niklas-eg,17.72,64,69,133,Denmark,Europe,Northern Europe,1995.0,70,62.0,85.0,54.0,35.0,73.0,74.0,56.0,66.0,35.707228284242305
tom-dumoulin,20.16,26,35,349,Netherlands,Europe,Western Europe,1990.0,36,32.0,32.0,39.0,42.0,38.0,31.0,38.0,56.0,32.854754919063886
remy-rochas,18.96,64,70,119,France,Europe,Western Europe,1996.0,71,37.0,86.0,55.0,44.0,67.0,80.0,44.0,24.0,38.9046618085816
alexander-kamp,21.39,94,86,62,Denmark,Europe,Northern Europe,1993.0,89,111.0,67.0,84.0,,70.0,77.0,61.0,126.0,45.78523428439562
hermann-pernsteiner,19.49,45,48,197,Austria,Europe,Western Europe,1990.0,48,38.0,53.0,48.0,62.0,56.0,50.0,42.0,38.0,25.28341885575471
stephen-williams,17.62,102,95,86,Great Britain,Europe,Northern Europe,1996.0,97,143.0,98.0,50.0,,103.0,85.0,76.0,146.0,42.51498488543165
gino-mader,18.62,41,45,164,Switzerland,Europe,Western Europe,1997.0,46,38.0,53.0,38.0,52.0,54.0,50.0,37.0,31.0,31.70441052700997
cristian-munoz,19.44,71,73,30,Colombia,America,America,1996.0,73,102.0,75.0,69.0,,79.0,69.0,,102.0,23.785439378678326
anton-palzer,19.57,68,71,81,Germany,Europe,Western Europe,1993.0,73,72.0,62.0,86.0,,59.0,63.0,98.0,,27.18484962957706
kilian-frankiny,20.91,80,81,169,Switzerland,Europe,Western Europe,1994.0,82,70.0,86.0,82.0,,95.0,82.0,71.0,83.0,37.58918389061048
nickolas-zukowsky,21.271366050061665,98,93,28,Canada,America,America,1998.0,94,70.0,110.0,88.0,,108.0,90.0,70.0,,29.864420266993257
thymen-arensman,18.45,42,52,158,Netherlands,Europe,Western Europe,1999.0,53,52.0,41.0,72.0,55.0,55.0,40.0,61.0,66.0,39.37535943840784
gijs-leemreize,18.28,62,71,63,Netherlands,Europe,Western Europe,1999.0,72,,73.0,59.0,,,72.0,48.0,,45.24464986066115
gavin-mannion,18.94,92,85,34,United States,America,America,1991.0,88,83.0,113.0,77.0,,113.0,77.0,83.0,,38.62009304044674
matteo-badilatti,19.57,90,82,112,Switzerland,Europe,Western Europe,1992.0,84,106.0,78.0,75.0,80.0,78.0,78.0,22.0,106.0,43.28118458996865
viktor-verschaeve,21.2,84,92,26,Belgium,Europe,Western Europe,1998.0,93,80.0,84.0,115.0,,80.0,97.0,80.0,,26.14495097601947
otto-vergaerde,22.59,112,111,93,Belgium,Europe,Western Europe,1994.0,113,105.0,111.0,116.0,96.0,112.0,111.0,113.0,33.0,34.8330252015782
nickolas-dlamini,21.07,106,103,59,South Africa,Africa,Africa,1995.0,103,107.0,106.0,98.0,,,110.0,92.0,113.0,32.12854078029304
damien-touze,22.79,74,74,88,France,Europe,Western Europe,1996.0,75,89.0,58.0,85.0,51.0,52.0,87.0,86.0,62.0,35.02376413717504
sergio-samitier,19.23,99,91,130,Spain,Europe,Southern Europe,1995.0,92,71.0,104.0,100.0,85.0,102.0,95.0,108.0,42.0,40.20229777725718
rohan-dennis,21.74,77,77,387,Australia,Oceania,Oceania,1990.0,81,83.0,58.0,94.0,83.0,76.0,55.0,106.0,72.0,50.75695485428821
mauri-vansevenant,19.59,57,66,91,Belgium,Europe,Western Europe,1999.0,67,84.0,47.0,85.0,,42.0,57.0,93.0,54.0,41.642387065205575
kyle-murphy,19.58,124,110,16,United States,America,America,1991.0,114,,,126.0,62.0,62.0,126.0,,,45.22370322445226
kevin-kuhn,22.79,118,114,8,Switzerland,Europe,Western Europe,1998.0,115,,,114.0,,,114.0,,,21.016575091375586
alex-kirsch,20.72,93,92,177,Luxembourg,Europe,Western Europe,1992.0,95,97.0,77.0,110.0,49.0,69.0,86.0,106.0,95.0,42.33681017311423
fabian-lienhard,21.8,104,93,88,Switzerland,Europe,Western Europe,1993.0,95,91.0,94.0,94.0,73.0,80.0,96.0,95.0,94.0,41.12951832871293
connor-brown2,21.16,124,115,36,New Zealand,Oceania,Oceania,1998.0,116,90.0,107.0,123.0,,107.0,113.0,119.0,,39.46133329471808
marc-sarreau,22.94,111,98,94,France,Europe,Western Europe,1993.0,101,106.0,95.0,110.0,63.0,76.0,111.0,108.0,,50.562958663783775
rick-zabel,23.41,102,93,242,Germany,Europe,Western Europe,1993.0,94,87.0,98.0,99.0,53.0,73.0,102.0,95.0,93.0,46.70045204403535
juan-diego-alba,19.71,123,117,19,Colombia,America,America,1997.0,118,113.0,,122.0,,,127.0,112.0,95.0,30.942693683609072
jordi-meeus,22.16,128,102,102,Belgium,Europe,Western Europe,1998.0,102,124.0,98.0,102.0,113.0,102.0,96.0,106.0,88.0,57.37326735872759
johan-jacobs,21.16,82,84,68,Switzerland,Europe,Western Europe,1997.0,86,98.0,78.0,92.0,80.0,77.0,83.0,103.0,98.0,40.86827594759638
matthew-walls,22.98,133,127,12,Great Britain,Europe,Northern Europe,1998.0,127,,,127.0,,,127.0,,,22.54624876411447
yevgeniy-gidich,21.53,88,85,26,Kazakhstan,Asia,Asia,1996.0,87,88.0,79.0,126.0,65.0,68.0,126.0,,88.0,39.42915750480172
cyrille-thiery,20.91,114,108,14,Switzerland,Europe,Western Europe,1990.0,108,,102.0,113.0,,,108.0,,,23.85671513731212
matteo-dal-cin,20.46,123,114,11,Canada,America,America,1991.0,115,91.0,,123.0,,,123.0,91.0,,29.36695731290836
rob-britton,21.657430671131028,94,91,30,Canada,America,America,1984.0,93,79.0,103.0,90.0,,103.0,90.0,79.0,,33.53940896949421
alvaro-jose-hodeg,21.97,132,115,46,Colombia,America,America,1996.0,116,115.0,127.0,100.0,,126.0,102.0,,115.0,50.92081567099091
claudio-imhof,21.93,109,101,34,Switzerland,Europe,Western Europe,1990.0,101,,94.0,104.0,,,101.0,,,37.97781743012351
sep-vanmarcke,21.33,80,82,330,Belgium,Europe,Western Europe,1988.0,87,58.0,59.0,101.0,16.0,62.0,69.0,103.0,51.0,55.64047904828358
szymon-sajnok,22.4,118,108,54,Poland,Europe,Eastern Europe,1997.0,109,108.0,101.0,111.0,107.0,108.0,109.0,109.0,83.0,47.87397925374181
jefferson-alexander-cepeda,20.82,87,90,96,Ecuador,America,America,1998.0,92,101.0,90.0,,34.0,60.0,95.0,,101.0,41.50864948966831
delio-fernandez,21.3,73,78,88,Spain,Europe,Southern Europe,1986.0,82,76.0,85.0,87.0,21.0,55.0,107.0,79.0,,39.75483744544152
jose-carlos-prates-neves-fernandes,19.92,102,75,9,Portugal,Europe,Southern Europe,1995.0,84,,119.0,,20.0,57.0,138.0,,,56.35379312876818
tiago-antunes,18.81,23,47,7,Portugal,Europe,Southern Europe,1997.0,48,,,,47.0,47.0,,,,38.82623070137237
roger-adria,19.97,59,67,49,Spain,Europe,Southern Europe,1998.0,71,67.0,69.0,80.0,19.0,60.0,68.0,78.0,,41.34010464065954
filippo-zana,18.99,72,71,107,Italy,Europe,Southern Europe,1999.0,74,99.0,66.0,,22.0,51.0,67.0,,99.0,37.21389891713928
jefferson-cepeda-hernandez,21.11,90,86,68,Ecuador,America,America,1996.0,87,103.0,97.0,72.0,28.0,59.0,97.0,72.0,112.0,43.43678360934252
victor-langellotti,20.43,66,78,29,Monaco,Europe,Western Europe,1995.0,82,,83.0,112.0,31.0,62.0,75.0,112.0,,51.640596738681225
igor-arrieta-lizarraga,19.11,31,37,19,Spain,Europe,Southern Europe,2002.0,38,,48.0,,18.0,18.0,48.0,,,25.07171001896069
urko-berrade-fernandez,21.27,68,69,50,Spain,Europe,Southern Europe,1997.0,72,59.0,82.0,79.0,31.0,49.0,96.0,70.0,,39.87525957947625
alex-molenaar,18.61,96,87,31,Netherlands,Europe,Western Europe,1999.0,91,100.0,109.0,,37.0,71.0,,,100.0,48.75016404714611
fernando-barcelo,21.14,85,83,102,Spain,Europe,Southern Europe,1996.0,86,87.0,81.0,91.0,24.0,68.0,86.0,89.0,88.0,43.594138848622976
edoardo-zardini,20.72,112,105,152,Italy,Europe,Southern Europe,1989.0,107,107.0,106.0,111.0,43.0,88.0,110.0,137.0,97.0,45.45523913013585
ibai-azurmendi-sagastibel,19.35932860863433,76,86,37,Spain,Europe,Southern Europe,1996.0,89,68.0,80.0,117.0,54.0,64.0,98.0,95.0,,35.712713393102725
alejandro-marque,20.53,28,29,4,Spain,Europe,Southern Europe,1981.0,29,,,,29.0,29.0,,,,4.349329450233296
joan-bou,18.222283396189766,98,99,66,Spain,Europe,Southern Europe,1997.0,101,97.0,102.0,104.0,53.0,92.0,97.0,102.0,90.0,36.32679952371752
davide-bais,19.71,118,109,70,Italy,Europe,Southern Europe,1998.0,112,99.0,113.0,,56.0,122.0,101.0,,99.0,35.70731319101048
erik-fetter,19.81,82,84,45,Hungary,Europe,Eastern Europe,2000.0,86,103.0,89.0,,38.0,78.0,87.0,,103.0,39.16485489039706
luis-fernandes,21.05,76,67,4,Portugal,Europe,Southern Europe,1987.0,67,,,,67.0,67.0,,,,21.740898478827106
daniel-freitas,21.89,33,35,4,Portugal,Europe,Southern Europe,1991.0,35,,,,35.0,35.0,,,,27.669176592976765
simone-ravanelli,20.83,98,91,69,Italy,Europe,Southern Europe,1995.0,93,84.0,99.0,,53.0,53.0,99.0,,84.0,32.76763368877601
calum-johnston,18.38,68,68,4,Great Britain,Europe,Northern Europe,1998.0,68,,,,68.0,68.0,,,,28.709754439911183
alessandro-fancellu,20.96,54,53,5,Italy,Europe,Southern Europe,2000.0,53,54.0,,,53.0,53.0,,,54.0,10.27131929208707
kristian-aasvold,20.38,60,62,15,Norway,Europe,Northern Europe,1995.0,65,,,67.0,56.0,56.0,67.0,,,30.679138250764534
alberto-gallego,19.79,54,62,4,Spain,Europe,Southern Europe,1990.0,61,,,,62.0,62.0,,,,25.25206262202489
henrique-casimiro,20.24,45,48,5,Portugal,Europe,Southern Europe,1986.0,48,,,,48.0,48.0,,,,8.46758525200662
rui-vinhas,20.18,68,68,4,Portugal,Europe,Southern Europe,1986.0,68,,,,68.0,68.0,,,,28.219378684395824
unai-iribar-jauregi,19.11,57,60,10,Spain,Europe,Southern Europe,1999.0,61,,67.0,,49.0,49.0,67.0,,,17.42316465704973
carlos-canal,21.85,83,75,65,Spain,Europe,Southern Europe,2001.0,77,77.0,84.0,81.0,24.0,43.0,99.0,80.0,,46.45087355310074
omar-el-gouzi,17.7,88,87,6,Morocco,Africa,Africa,1999.0,89,97.0,119.0,,76.0,85.0,,,97.0,21.839566540265093
isaac-canton,20.06,69,72,4,Spain,Europe,Southern Europe,1996.0,72,,,,72.0,72.0,,,,18.553975315279477
derek-gee,21.28,49,49,41,Canada,America,America,1997.0,50,,50.0,,47.0,47.0,50.0,,,35.67449386039166
samuel-blanco,20.62532741717796,71,68,7,Spain,Europe,Southern Europe,1994.0,68,,,,68.0,68.0,,,,19.12863722027165
diego-lopez-fuentes,19.39,87,88,15,Spain,Europe,Southern Europe,1997.0,91,,103.0,,46.0,46.0,103.0,,,37.676947606625205
orluis-aular,20.98,62,57,14,Venezuela,America,America,1996.0,59,,67.0,,32.0,32.0,67.0,,,44.58157111987512
davide-gabburo,21.3,74,75,96,Italy,Europe,Southern Europe,1993.0,76,62.0,78.0,58.0,46.0,75.0,78.0,55.0,94.0,43.34743233861581
rafael-silva,20.52,60,57,7,Portugal,Europe,Southern Europe,1990.0,57,,,,57.0,57.0,,,,9.73701821963602
alvaro-trueba,19.84,60,60,4,Spain,Europe,Southern Europe,1993.0,61,,,,60.0,60.0,,,,14.977761292440649
asier-etxeberria,23.494168551619023,86,89,14,Spain,Europe,Southern Europe,1998.0,91,,94.0,,77.0,77.0,94.0,,,26.634790930512068
aritz-bagues,22.13,97,92,91,Spain,Europe,Southern Europe,1989.0,92,84.0,107.0,106.0,60.0,60.0,107.0,90.0,97.0,38.718132352862426
daniel-jimenez1,21.89927327416428,85,84,4,Spain,Europe,Southern Europe,2002.0,84,,,,84.0,84.0,,,,22.80898945591409
carlos-salgueiro,20.31,99,95,4,Portugal,Europe,Southern Europe,1999.0,95,,,,95.0,95.0,,,,17.461863207191456
pedro-miguel-lopes,20.99,96,98,5,Portugal,Europe,Southern Europe,1999.0,98,,,,98.0,98.0,,,,15.789236840328924
paniego-fuentes,21.33,72,63,4,Spain,Europe,Southern Europe,1996.0,63,,,,63.0,63.0,,,,37.5
filippo-fiorelli,19.769549639105307,108,90,82,Italy,Europe,Southern Europe,1994.0,91,91.0,92.0,111.0,58.0,71.0,95.0,111.0,91.0,51.90927972230753
andrii-ponomar,18.99,96,93,53,Ukraine,Europe,Eastern Europe,2002.0,94,,98.0,67.0,62.0,69.0,94.0,,,36.73332881149346
samuele-rivi,20.81,138,124,67,Italy,Europe,Southern Europe,1998.0,127,102.0,131.0,,62.0,113.0,130.0,,102.0,38.64333775883463
valter-pereira,19.61,99,94,5,Portugal,Europe,Southern Europe,1990.0,94,,,,94.0,94.0,,,,12.91123541726352
stephen-bassett,20.762451615954127,46,45,4,United States,America,America,1995.0,45,,,,45.0,45.0,,,,31.3581462037113
matthias-brandle,22.16,116,105,336,Austria,Europe,Western Europe,1989.0,106,116.0,101.0,111.0,83.0,96.0,100.0,127.0,99.0,50.56548316916165
joao-benta,18.73,76,74,4,Portugal,Europe,Southern Europe,1986.0,74,,,,74.0,74.0,,,,9.17877987534291
ibon-ruiz,20.52,76,83,21,Spain,Europe,Southern Europe,1999.0,88,,99.0,81.0,54.0,54.0,99.0,81.0,,37.21238912999144
jordi-lopez-caravaca,20.42,100,97,10,Spain,Europe,Southern Europe,1998.0,100,,112.0,,74.0,74.0,112.0,,,26.34894052265986
keegan-swirbul,18.39,89,89,12,United States,America,America,1995.0,95,,,87.0,92.0,92.0,87.0,,,36.63197394560543
jorge-arcas,19.45,88,89,209,Spain,Europe,Southern Europe,1992.0,91,88.0,83.0,97.0,69.0,80.0,87.0,98.0,95.0,35.26842883002286
simone-bevilacqua,22.89,112,112,26,Italy,Europe,Southern Europe,1997.0,115,116.0,142.0,,82.0,94.0,,,116.0,30.210848790051973
giovanni-lonardi,21.6,117,97,55,Italy,Europe,Southern Europe,1996.0,98,106.0,90.0,,74.0,78.0,96.0,105.0,106.0,53.37733033732012
alessio-nieri,20.97714421293191,90,89,4,Italy,Europe,Southern Europe,2001.0,89,,,,89.0,89.0,,,,11.89887949906769
franklin-chacon,19.48730727927967,96,96,4,Venezuela,America,America,1998.0,96,,,,96.0,96.0,,,,9.03696114115064
marco-frigo,18.39,70,66,25,Italy,Europe,Southern Europe,2000.0,67,,65.0,,75.0,75.0,65.0,,,34.37019057264594
alex-tolio,20.82378396831217,92,86,5,Italy,Europe,Southern Europe,2000.0,86,,81.0,,87.0,86.0,,,,11.322543883774529
guilherme-mota,19.14,93,95,4,Portugal,Europe,Southern Europe,2000.0,95,,,,95.0,95.0,,,,9.604686356149276
adria-moreno,19.05,94,96,11,Spain,Europe,Southern Europe,1991.0,102,,118.0,58.0,72.0,100.0,,58.0,,32.19260219931959
jon-barrenetxea-golzarri,20.94,99,101,16,Spain,Europe,Southern Europe,2000.0,105,,110.0,,73.0,73.0,110.0,,,31.613288345251277
diego-andres-camargo,20.98,94,96,82,Colombia,America,America,1998.0,98,52.0,100.0,110.0,74.0,87.0,102.0,96.0,,36.57083847876677
ricardo-alejandro-zurita,21.45,97,92,5,Spain,Europe,Southern Europe,2000.0,95,,141.0,,79.0,92.0,,,,44.551094262655326
juan-antonio-lopez-cozar-jaimez,22.86,96,97,4,Spain,Europe,Southern Europe,1994.0,97,,,,97.0,97.0,,,,5.057996968497839
antonio-angulo,21.88,101,102,13,Spain,Europe,Southern Europe,1992.0,107,,129.0,50.0,91.0,91.0,129.0,50.0,,34.0915058222832
oscar-cabedo,17.51,94,92,130,Spain,Europe,Southern Europe,1994.0,93,86.0,105.0,94.0,81.0,112.0,94.0,89.0,89.0,47.8954617205925
savva-novikov,20.75,88,87,8,Russia,Asia,Asia,1999.0,90,,102.0,,72.0,87.0,,,,26.166704579893672
cesar-martingil,22.65,95,76,4,Portugal,Europe,Southern Europe,1995.0,76,,,,76.0,76.0,,,,44.19181673869798
brandon-alejandro-rojas-vega,20.2,90,89,4,Colombia,America,America,2002.0,89,,,,89.0,89.0,,,,14.080127840328725
daniel-viegas,20.23,104,104,4,Portugal,Europe,Southern Europe,1998.0,104,,,,104.0,104.0,,,,3.9157800414902426
joni-brandao,20.66,87,87,4,Portugal,Europe,Southern Europe,1989.0,87,,,,87.0,87.0,,,,15.705625319186328
francisco-guerreiro,18.11,70,69,7,Portugal,Europe,Southern Europe,2000.0,68,,,,69.0,69.0,,,,32.68755406077656
joan-marti-bennassar,20.78,104,101,4,Spain,Europe,Southern Europe,1999.0,101,,,,101.0,101.0,,,,10.488088481701515
guillermo-garcia-janeiro,21.22,102,98,7,Spain,Europe,Southern Europe,1999.0,98,,,,98.0,98.0,,,,11.588171308956138
santiago-mesa-pietralunga,20.79634177613145,88,88,2,Colombia,America,America,1997.0,88,,,,88.0,88.0,,,,32.526911934581186
antonio-sobrino,21.4252169454083,32,40,19,Spain,Europe,Southern Europe,1956.0,42,,40.0,,,,40.0,,,33.136436015553414
maurizio-bertini,20.68161863531435,30,42,19,Italy,Europe,Southern Europe,1955.0,45,,42.0,,,,42.0,,,32.04492460566035
luis-alberto-ordiales,21.75894125440504,33,42,29,Spain,Europe,Southern Europe,1952.0,46,24.0,51.0,,,,51.0,24.0,,32.40552771674896
dominique-arnaud,23.526453696593897,69,72,295,France,Europe,Western Europe,1955.0,80,34.0,40.0,78.0,,28.0,49.0,78.0,,42.20096321147206
peter-zijerveld,23.8275517453915,36,45,54,Netherlands,Europe,Western Europe,1955.0,58,,32.0,144.0,,23.0,34.0,144.0,,39.69173670002549
felipe-yanez,22.96369297168914,60,65,88,Spain,Europe,Southern Europe,1953.0,77,18.0,47.0,98.0,,,52.0,94.0,,39.64574055294768
juan-jose-quintanilla,19.53689879991082,37,39,29,Spain,Europe,Southern Europe,1958.0,40,,39.0,,,,39.0,,,18.82954391741688
anastasio-greciano,21.81343675879729,70,83,156,Spain,Europe,Southern Europe,1952.0,97,,51.0,109.0,,,59.0,105.0,,43.76197177570121
juan-fernandez-martin,22.46,26,46,157,Spain,Europe,Southern Europe,1957.0,66,10.0,27.0,79.0,,9.0,32.0,68.0,50.0,48.17126578805786
ricardo-zuniga,22.452370178053847,54,58,73,Spain,Europe,Southern Europe,1957.0,73,12.0,49.0,113.0,,,55.0,76.0,,40.118531570116886
ignacio-fandos,21.08849602026021,48,49,38,Spain,Europe,Southern Europe,1957.0,51,,49.0,,,,49.0,,,24.29231654162996
francisco-lopez-393,21.16372605383929,58,57,57,Spain,Europe,Southern Europe,1958.0,64,1.0,58.0,56.0,,,58.0,45.0,,28.95960153909681
claude-criquielion,20.3156081427194,25,36,407,Belgium,Europe,Western Europe,1957.0,42,11.0,19.0,44.0,,23.0,23.0,44.0,10.0,31.29083183472852
francisco-ramon-albelda,17.954708013419612,62,66,78,Spain,Europe,Southern Europe,1955.0,75,,45.0,102.0,,,53.0,100.0,,36.73668352048013
jesus-lopez23,22.40699712380406,66,64,15,Spain,Europe,Southern Europe,1955.0,66,,64.0,,,,64.0,,,19.450302972300605
pedro-torres,20.48606182152023,28,35,62,Spain,Europe,Southern Europe,1949.0,41,13.0,16.0,56.0,,,29.0,40.0,,30.1776907593402
jesus-manzaneque,22.86460452037835,47,41,28,Spain,Europe,Southern Europe,1943.0,53,16.0,46.0,3.0,,14.0,50.0,16.0,,25.431722056763807
co-moritz,20.4437175693054,47,48,25,Netherlands,Europe,Western Europe,1951.0,51,,48.0,,,,48.0,,,22.037846234754127
antonio-cabello,20.792661298747085,50,48,40,Spain,Europe,Southern Europe,1956.0,51,,48.0,,,,48.0,,,23.52167576447798
jesus-hernandez-ubeda,19.45797390047157,62,69,205,Spain,Europe,Southern Europe,1959.0,79,,44.0,88.0,,,47.0,87.0,,37.51194740334594
angel-arroyo,23.81632334218841,33,45,173,Spain,Europe,Southern Europe,1956.0,61,10.0,28.0,66.0,,,30.0,59.0,17.0,44.12518471728118
jorge-ruiz-cabestany,20.796922786973468,92,82,44,Spain,Europe,Southern Europe,1956.0,91,,50.0,108.0,,,65.0,104.0,,39.35845863832548
vicente-belda,20.308648160481084,35,50,185,Spain,Europe,Southern Europe,1954.0,66,7.0,29.0,85.0,,,33.0,77.0,,43.70310849501338
pedro-munoz-machin,21.506883908368675,41,57,174,Spain,Europe,Southern Europe,1958.0,78,9.0,33.0,90.0,,8.0,39.0,77.0,16.0,50.73792487672275
manuel-esparza,20.01785304463856,30,45,41,Spain,Europe,Southern Europe,1951.0,57,15.0,44.0,99.0,,21.0,61.0,16.0,,36.465135370117245
francisco-codony,21.0868102646375,35,42,19,Spain,Europe,Southern Europe,1955.0,43,,42.0,,,,42.0,,,21.17443565118558
antonio-gonzalez,20.47170755031081,36,42,19,Spain,Europe,Southern Europe,1954.0,43,,42.0,,,,42.0,,,18.798873924219865
carlos-ocana,19.110631601444485,50,60,20,Spain,Europe,Southern Europe,1951.0,62,,60.0,,,,60.0,,,21.22535722841159
jose-enrique-cima-prado,20.31897561402716,24,36,34,Spain,Europe,Southern Europe,1952.0,41,14.0,36.0,69.0,,37.0,40.0,24.0,,32.4486156248842
francisco-sala,21.127185329132377,59,56,38,Spain,Europe,Southern Europe,1958.0,60,,58.0,30.0,,,58.0,30.0,,19.797552904228656
raymond-hernando,20.471134090372207,55,55,20,France,Europe,Western Europe,1954.0,59,,55.0,,,,55.0,,,26.360656488910056
jordi-fortia-marti,19.85764409035125,54,55,95,Spain,Europe,Southern Europe,1955.0,60,24.0,46.0,70.0,,,55.0,56.0,,27.02021142233996
juan-luis-juarez,20.42737842560768,55,58,39,Spain,Europe,Southern Europe,1957.0,61,,58.0,,,,58.0,,,21.330096329990955
rafael-ladron,25.61,44,58,66,Spain,Europe,Southern Europe,1952.0,73,22.0,38.0,122.0,,,53.0,67.0,,44.05147709251796
vicente-iza-narvarrete,20.871278299674028,62,63,26,Spain,Europe,Southern Europe,1958.0,67,,63.0,,,,63.0,,,21.62494997771004
joseph-borguet,20.40909527145829,53,55,70,Belgium,Europe,Western Europe,1951.0,58,,40.0,62.0,,,47.0,62.0,,29.29704017724313
isidro-juarez,20.890965170184067,46,45,79,Spain,Europe,Southern Europe,1956.0,48,9.0,47.0,39.0,,40.0,47.0,24.0,,18.5017696987712
johan-de-muynck,20.23567755075863,38,45,137,Belgium,Europe,Western Europe,1948.0,51,9.0,37.0,54.0,,41.0,37.0,51.0,12.0,31.34421906347345
jesus-angel,22.13437719919077,57,58,19,Spain,Europe,Southern Europe,1957.0,61,,58.0,,,,58.0,,,27.694553690095223
jose-luis-lopez-cerron,19.977517477920447,48,49,62,Spain,Europe,Southern Europe,1956.0,53,13.0,49.0,46.0,,,49.0,30.0,,25.96791027072957
paul-jesson,20.810870222915916,39,46,33,New Zealand,Oceania,Oceania,1955.0,51,,30.0,82.0,,17.0,39.0,81.0,,34.90636826503934
etienne-de-wilde,23.66,17,45,232,Belgium,Europe,Western Europe,1958.0,55,67.0,20.0,62.0,33.0,14.0,28.0,63.0,,48.34487305042007
ivan-gotti,21.72,40,47,290,Italy,Europe,Southern Europe,1969.0,53,89.0,39.0,50.0,,,36.0,75.0,43.0,37.56299580835581
daniel-clavero,21.138655025819325,50,54,255,Spain,Europe,Southern Europe,1968.0,58,48.0,62.0,49.0,,,56.0,52.0,40.0,36.7435100858093
dario-frigo,20.15,34,43,366,Italy,Europe,Southern Europe,1973.0,45,41.0,38.0,54.0,,41.0,38.0,59.0,15.0,38.25327606526373
massimo-codol,21.15,55,60,483,Italy,Europe,Southern Europe,1973.0,63,66.0,59.0,53.0,,72.0,56.0,70.0,40.0,32.33672202225449
andrei-zintchenko,20.922396312091177,35,45,170,Russia,Asia,Asia,1972.0,48,50.0,35.0,38.0,,36.0,32.0,52.0,12.0,36.93369049944517
niklas-axelsson,22.53,50,56,91,Sweden,Europe,Northern Europe,1972.0,59,18.0,64.0,46.0,,43.0,62.0,45.0,18.0,37.49105550633701
daniele-de-paoli,19.27761876649701,57,62,221,Italy,Europe,Southern Europe,1973.0,65,83.0,66.0,41.0,,113.0,55.0,88.0,33.0,35.849687338534366
alexandre-shefer,21.95,50,57,263,Kazakhstan,Asia,Asia,1971.0,60,86.0,47.0,48.0,,68.0,42.0,84.0,,37.92481988044291
richard-virenque,20.29,35,43,508,France,Europe,Western Europe,1969.0,48,40.0,49.0,42.0,28.0,44.0,41.0,44.0,28.0,35.77149797755362
roberto-sgambelluri,20.57,50,55,257,Italy,Europe,Southern Europe,1974.0,57,68.0,52.0,41.0,,43.0,49.0,68.0,40.0,33.917898232722095
jose-jaime-gonzalez,21.50301740288407,99,94,168,Colombia,America,America,1968.0,103,111.0,89.0,96.0,,,84.0,116.0,14.0,49.99759902989265
oscar-sevilla,20.24,30,37,388,Spain,Europe,Southern Europe,1976.0,38,26.0,48.0,38.0,,91.0,37.0,33.0,78.0,29.29419824152948
santiago-blanco,20.83,59,68,295,Spain,Europe,Southern Europe,1974.0,73,69.0,48.0,78.0,,32.0,46.0,78.0,37.0,44.03463883959077
oscar-mason,19.29795928398226,61,70,156,Italy,Europe,Southern Europe,1975.0,73,110.0,67.0,78.0,,34.0,69.0,127.0,,41.01911586083936
simone-borgheresi,20.92159523262042,100,98,134,Italy,Europe,Southern Europe,1968.0,103,,106.0,82.0,,140.0,92.0,102.0,,47.8960252372949
gorazd-stangelj,21.13,76,79,393,Slovenia,Europe,Southern Europe,1973.0,82,76.0,82.0,68.0,,87.0,78.0,83.0,38.0,39.165592767786045
marco-della-vedova,21.704859072604243,86,91,204,Italy,Europe,Southern Europe,1972.0,95,108.0,90.0,81.0,,,83.0,111.0,,38.49591852732992
amilcare-tronca,21.893585272518397,54,62,121,Italy,Europe,Southern Europe,1972.0,64,89.0,68.0,45.0,,,56.0,89.0,,35.19925572090673
marco-magnani,20.43,64,74,95,Italy,Europe,Southern Europe,1974.0,78,87.0,70.0,70.0,,,67.0,90.0,,48.66247533941338
evgeni-berzin,22.15,31,42,184,Russia,Asia,Asia,1970.0,52,41.0,37.0,47.0,,43.0,36.0,59.0,41.0,38.869482367779
massimiliano-gentili,19.73326142367795,45,55,205,Italy,Europe,Southern Europe,1971.0,58,54.0,57.0,53.0,,59.0,55.0,55.0,24.0,39.46422809203353
simone-bertoletti,21.68,93,92,283,Italy,Europe,Southern Europe,1974.0,95,101.0,87.0,88.0,41.0,96.0,86.0,103.0,,35.51577992614866
cristiano-frattini,20.598195240674556,90,90,135,Italy,Europe,Southern Europe,1973.0,91,76.0,94.0,90.0,,,92.0,85.0,,29.9096723809334
david-navas,23.55,102,102,177,Spain,Europe,Southern Europe,1974.0,104,96.0,108.0,98.0,,101.0,102.0,102.0,,36.63646208889951
gerrit-glomser,20.01,50,59,176,Austria,Europe,Western Europe,1975.0,61,52.0,71.0,55.0,,80.0,57.0,59.0,33.0,48.35973290076948
miguel-angel-pena,22.28399625914333,85,84,121,Spain,Europe,Southern Europe,1970.0,88,98.0,85.0,78.0,,23.0,76.0,96.0,,37.65408929679949
ermanno-brignoli,22.31,88,85,210,Italy,Europe,Southern Europe,1969.0,92,96.0,87.0,74.0,29.0,66.0,87.0,92.0,36.0,40.94884777342693
fabiano-fontanelli,22.2,70,73,237,Italy,Europe,Southern Europe,1965.0,85,144.0,76.0,54.0,,58.0,71.0,106.0,24.0,56.86264096106018
enrico-cassani,21.22,75,75,229,Italy,Europe,Southern Europe,1972.0,80,119.0,60.0,91.0,50.0,46.0,68.0,112.0,,48.9351604392976
eduardo-hernandez,21.52584900553684,100,99,68,Spain,Europe,Southern Europe,1973.0,101,98.0,99.0,100.0,,89.0,97.0,104.0,,25.573367917031227
stefano-panetta,20.46290064693341,96,93,31,Italy,Europe,Southern Europe,1975.0,95,,92.0,98.0,,103.0,90.0,,,35.73110448834446
oscar-pellicioli,19.49663762472748,88,87,260,Italy,Europe,Southern Europe,1965.0,94,79.0,83.0,92.0,,106.0,79.0,97.0,38.0,42.18075629201308
oscar-pozzi,23.767518081364592,98,96,199,Italy,Europe,Southern Europe,1971.0,99,112.0,99.0,84.0,,128.0,88.0,111.0,,37.71886539195639
marco-gilli,20.66902743012905,76,77,57,Italy,Europe,Southern Europe,1973.0,80,87.0,75.0,58.0,,,72.0,84.0,,45.71436599303728
aitor-osa,20.66,42,50,310,Spain,Europe,Southern Europe,1973.0,52,54.0,40.0,61.0,,45.0,39.0,57.0,,35.47154146185256
samuele-schiavina,19.74834471504044,100,83,70,Italy,Europe,Southern Europe,1971.0,92,90.0,81.0,62.0,,102.0,73.0,88.0,,53.13490974435145
paolo-valoti,22.41,83,84,139,Italy,Europe,Southern Europe,1971.0,87,58.0,105.0,74.0,,104.0,92.0,66.0,53.0,45.239007769862376
serguei-smetanine,23.05,71,69,168,Russia,Asia,Asia,1973.0,72,70.0,69.0,60.0,,,64.0,72.0,65.0,47.5886758004732
andrej-hauptman,21.6,64,68,172,Slovenia,Europe,Southern Europe,1975.0,71,62.0,65.0,73.0,,55.0,64.0,86.0,14.0,47.25578598569203
alain-turicchia,22.277231238602862,77,69,49,Italy,Europe,Southern Europe,1975.0,68,85.0,58.0,90.0,,10.0,72.0,85.0,,47.10376264994457
william-chann-mcrae,20.24,52,58,179,United States,America,America,1971.0,60,66.0,51.0,58.0,,51.0,51.0,71.0,18.0,34.21756867680005
andrea-brognara,19.11752545545486,110,107,195,Italy,Europe,Southern Europe,1971.0,113,127.0,107.0,100.0,,82.0,101.0,125.0,,36.65174064787598
carlo-bianchi,21.418894288692066,101,98,60,Italy,Europe,Southern Europe,1970.0,100,,101.0,83.0,,93.0,99.0,100.0,,26.39882615948804
diego-ferrari,22.34,90,92,129,Italy,Europe,Southern Europe,1970.0,95,101.0,95.0,73.0,,81.0,88.0,101.0,,31.43588898502905
massimo-apollonio,22.6,93,87,202,Italy,Europe,Southern Europe,1970.0,91,79.0,96.0,81.0,,87.0,88.0,86.0,16.0,44.95479122985092
martin-hvastija,22.15,92,86,281,Slovenia,Europe,Southern Europe,1969.0,91,90.0,83.0,86.0,,71.0,82.0,95.0,17.0,50.59516746707988
stefano-faustini,20.552902795897324,36,52,121,Italy,Europe,Southern Europe,1968.0,54,24.0,65.0,44.0,,47.0,60.0,24.0,28.0,43.61321513526905
olivier-asmaker,22.108935480653745,135,126,22,France,Europe,Western Europe,1973.0,129,,141.0,93.0,,,126.0,,,34.50318386714039
rodolfo-ongarato,22.765152884147213,118,120,38,Italy,Europe,Southern Europe,1971.0,122,,125.0,110.0,,139.0,114.0,,,27.31638559114052
alexander-gontsjenkov,22.1,72,71,138,Ukraine,Europe,Eastern Europe,1970.0,79,,63.0,81.0,,65.0,62.0,88.0,,52.36280477411943
francesco-arazzi,22.13478423934117,118,97,44,Italy,Europe,Southern Europe,1972.0,99,180.0,96.0,81.0,,101.0,93.0,180.0,,55.93806507858249
luca-cei,20.62857783187227,134,105,26,Italy,Europe,Southern Europe,1975.0,105,,105.0,,,,105.0,,,60.37570830927081
filippo-baldo,22.59905520261506,83,88,46,Italy,Europe,Southern Europe,1975.0,90,,100.0,60.0,,178.0,87.0,62.0,,40.888732015031984
david-canada,20.98,56,64,412,Spain,Europe,Southern Europe,1975.0,65,65.0,64.0,63.0,,87.0,57.0,69.0,47.0,35.959507748704155
dirk-muller,23.180242461599036,96,90,53,Germany,Europe,Western Europe,1973.0,96,152.0,87.0,57.0,78.0,94.0,73.0,152.0,,47.747909322843306
jean-marie-grezet,20.169574628165133,20,39,82,Switzerland,Europe,Western Europe,1959.0,59,16.0,21.0,52.0,,23.0,22.0,60.0,16.0,39.24321739373857
peter-winnen,20.76,34,39,231,Netherlands,Europe,Western Europe,1957.0,48,26.0,21.0,44.0,,12.0,29.0,46.0,34.0,32.6189926649635
beat-breu,23.832031041521557,55,58,221,Switzerland,Europe,Western Europe,1957.0,69,25.0,29.0,61.0,,51.0,22.0,68.0,,42.48132650476297
jostein-wilmann,22.536495265598692,32,38,83,Norway,Europe,Northern Europe,1953.0,42,30.0,24.0,40.0,,21.0,27.0,44.0,,26.451325898462237
mathieu-hermans,20.83853181169288,26,65,152,Netherlands,Europe,Western Europe,1963.0,82,4.0,40.0,84.0,,56.0,41.0,79.0,,68.15233402184117
paulo-pinto,19.420977375275505,6,20,3,Portugal,Europe,Southern Europe,1967.0,48,,20.0,,,,20.0,,,28.687976575562104
casimiro-moreda,21.669205709867477,6,23,32,Spain,Europe,Southern Europe,1962.0,80,4.0,23.0,25.0,,14.0,22.0,30.0,,39.634608838008425
benny-van-brabant,21.439190193165693,10,41,141,Belgium,Europe,Western Europe,1959.0,64,,16.0,65.0,9.0,16.0,15.0,80.0,,49.769068530271085
roger-ilegems,24.44,43,68,21,Belgium,Europe,Western Europe,1962.0,95,,28.0,112.0,,32.0,28.0,112.0,,58.881357709501614
malcolm-elliott,22.21,14,35,101,Great Britain,Europe,Northern Europe,1961.0,55,3.0,14.0,56.0,,23.0,13.0,55.0,,42.54266815635082
miguel-angel-iglesias,18.059206371222245,12,24,65,Spain,Europe,Southern Europe,1961.0,35,5.0,25.0,32.0,,,25.0,18.0,,23.758176730095716
juan-ayuso-pesquera,19.41,14,22,53,Spain,Europe,Southern Europe,2002.0,23,16.0,17.0,28.0,,12.0,23.0,25.0,,21.078848449556286
sergio-higuita,20.69,33,41,146,Colombia,America,America,1997.0,42,41.0,34.0,49.0,37.0,23.0,42.0,51.0,29.0,35.16677654955255
joao-almeida,19.88,17,23,162,Portugal,Europe,Southern Europe,1998.0,23,17.0,23.0,38.0,22.0,22.0,24.0,32.0,12.0,20.14866246265038
santiago-buitrago-sanchez,19.49,49,59,104,Colombia,America,America,1999.0,60,77.0,48.0,77.0,,54.0,49.0,75.0,78.0,38.109320316639945
ilan-van-wilder,21.89,34,41,87,Belgium,Europe,Western Europe,2000.0,42,45.0,34.0,57.0,,45.0,33.0,61.0,31.0,31.9988012673096
carlos-rodriguez-cano,20.01,26,29,82,Spain,Europe,Southern Europe,2001.0,29,20.0,35.0,26.0,70.0,45.0,35.0,23.0,4.0,20.83860999120509
henri-vandenabeele,22.11232273277977,122,108,27,Belgium,Europe,Western Europe,2000.0,111,,85.0,162.0,,76.0,117.0,163.0,,56.00811398278674
torstein-traeen,22.328744000409877,71,76,44,Norway,Europe,Northern Europe,1995.0,80,83.0,49.0,89.0,,49.0,25.0,113.0,,52.12440396179214
harm-vanhoucke,19.84,88,87,197,Belgium,Europe,Western Europe,1997.0,88,88.0,88.0,101.0,44.0,58.0,100.0,109.0,68.0,47.56999510042817
jose-felix-parra,18.81,54,68,48,Spain,Europe,Southern Europe,1997.0,70,39.0,80.0,70.0,63.0,90.0,63.0,55.0,,38.205491417701786
mattias-skjelmose-jensen,20.06,29,39,101,Denmark,Europe,Northern Europe,2000.0,41,9.0,40.0,41.0,30.0,44.0,33.0,51.0,,34.7158650638107
sylvain-moniquet,19.92,58,71,109,Belgium,Europe,Western Europe,1998.0,74,57.0,67.0,79.0,,71.0,61.0,98.0,,43.5342905608685
juan-pedro-lopez,20.76,59,64,153,Spain,Europe,Southern Europe,1997.0,64,72.0,48.0,77.0,,62.0,43.0,82.0,60.0,36.90250988263691
attila-valter,18.99,40,46,119,Hungary,Europe,Eastern Europe,1998.0,48,42.0,48.0,48.0,44.0,47.0,47.0,35.0,43.0,32.638123656170414
quentin-pacher,19.35,55,59,188,France,Europe,Western Europe,1992.0,61,43.0,51.0,68.0,,57.0,57.0,66.0,29.0,34.730392116045905
gotzon-martin,20.479550503699866,62,65,74,Spain,Europe,Southern Europe,1996.0,66,69.0,65.0,63.0,,74.0,59.0,65.0,,38.34399966429507
ben-zwiehoff,18.42,60,66,86,Germany,Europe,Western Europe,1994.0,68,50.0,65.0,94.0,42.0,54.0,65.0,81.0,,34.43924248163161
simone-petilli,20.52,62,68,226,Italy,Europe,Southern Europe,1993.0,70,58.0,69.0,71.0,66.0,62.0,72.0,69.0,48.0,34.89913912268359
luke-plapp,21.98,88,78,48,Australia,Oceania,Oceania,2000.0,80,106.0,76.0,88.0,51.0,68.0,60.0,97.0,,42.453849577766576
vadim-pronskiy,19.38,66,74,122,Kazakhstan,Asia,Asia,1998.0,76,43.0,78.0,93.0,43.0,91.0,69.0,63.0,,39.2010794597398
matthew-holmes,21.15,102,100,116,Great Britain,Europe,Northern Europe,1993.0,102,96.0,107.0,100.0,56.0,84.0,102.0,106.0,99.0,40.76363560829673
callum-scotson,22.99,99,94,130,Australia,Oceania,Oceania,1996.0,96,109.0,97.0,75.0,88.0,84.0,96.0,96.0,109.0,42.54863855418348
joel-nicolau,21.31,113,102,23,Spain,Europe,Southern Europe,1997.0,107,,109.0,53.0,,102.0,125.0,53.0,,37.518058892791935
unai-cuadrado,21.7140772060342,88,96,22,Spain,Europe,Southern Europe,1997.0,97,,99.0,,71.0,92.0,108.0,,,31.015601436495352
jaime-castrillo,18.79,84,83,35,Spain,Europe,Southern Europe,1996.0,83,61.0,79.0,90.0,109.0,90.0,81.0,61.0,,27.843198406055865
raul-garcia-pierna,21.88,85,84,49,Spain,Europe,Southern Europe,2001.0,85,45.0,97.0,86.0,,88.0,106.0,65.0,,39.15088334465351
ander-okamika,19.39,102,101,68,Spain,Europe,Southern Europe,1993.0,103,86.0,100.0,109.0,,98.0,101.0,101.0,,34.33902079892967
william-barta,18.83,74,73,152,United States,America,America,1996.0,73,68.0,72.0,99.0,46.0,76.0,68.0,91.0,49.0,38.60848156013425
casper-pedersen,20.52,103,95,103,Denmark,Europe,Northern Europe,1996.0,96,96.0,83.0,111.0,58.0,81.0,99.0,105.0,,36.494817335702166
theo-delacroix,20.02,96,97,31,France,Europe,Western Europe,1999.0,98,85.0,98.0,92.0,,87.0,100.0,85.0,,29.19537450475877
corbin-strong,21.89,75,70,37,New Zealand,Oceania,Oceania,2000.0,70,86.0,74.0,67.0,,73.0,76.0,67.0,86.0,46.16244654989021
antonio-soto,21.55,105,80,35,Spain,Europe,Southern Europe,1994.0,79,86.0,96.0,63.0,,96.0,,69.0,,55.22099223296587
francisco-galvan,22.28,99,87,45,Spain,Europe,Southern Europe,1997.0,88,79.0,86.0,100.0,,83.0,92.0,90.0,,43.27166941241549
clement-berthet,20.09,36,44,81,France,Europe,Western Europe,1997.0,44,29.0,48.0,40.0,51.0,51.0,36.0,45.0,29.0,26.78764225865684
jaakko-hanninen,19.15,77,81,113,Finland,Europe,Northern Europe,1997.0,82,77.0,88.0,84.0,67.0,79.0,88.0,65.0,83.0,34.146209944927044
jonas-iversby-hvideberg,17.954118321473523,116,108,54,Norway,Europe,Northern Europe,1999.0,110,102.0,113.0,105.0,56.0,101.0,118.0,103.0,,36.34764974806826
jacob-hindsgaul-madsen,18.56,112,103,17,Denmark,Europe,Northern Europe,2000.0,105,,103.0,,,101.0,109.0,,,36.470475569085934
kaden-groves,24.54,110,85,93,Australia,Oceania,Oceania,1998.0,86,104.0,82.0,92.0,76.0,79.0,95.0,90.0,,58.961556718259104
oier-lazkano,20.72,106,103,72,Spain,Europe,Southern Europe,1999.0,106,97.0,111.0,96.0,90.0,98.0,107.0,102.0,,40.547193759281775
manuel-penalver,21.39,100,78,6,Spain,Europe,Southern Europe,1998.0,78,,78.0,,,78.0,,,,58.16327592791405
ethan-vernon,20.94,84,76,32,Great Britain,Europe,Northern Europe,2000.0,76,,74.0,86.0,72.0,76.0,76.0,,,42.63120165839464
phil-bauhaus,20.97,125,94,147,Germany,Europe,Western Europe,1994.0,95,170.0,96.0,107.0,50.0,77.0,104.0,117.0,,64.65053761409736
marc-brustenga-masague,22.16,110,98,30,Spain,Europe,Southern Europe,1999.0,100,,115.0,,77.0,95.0,113.0,,,40.28326425837838
michal-schlegel,21.27,93,89,31,Czech Republic,Europe,Eastern Europe,1995.0,90,,91.0,38.0,79.0,94.0,88.0,38.0,,38.17928842338643
martin-laas,24.54,138,122,52,Estonia,Europe,Northern Europe,1993.0,123,135.0,117.0,121.0,87.0,101.0,,125.0,134.0,48.01241041173099
alexandre-delettre,21.45,89,95,39,France,Europe,Western Europe,1997.0,98,47.0,96.0,,,111.0,86.0,47.0,,35.42735053587697
david-dekker,22.16,110,98,40,Netherlands,Europe,Western Europe,1998.0,100,,111.0,,36.0,83.0,111.0,,,58.48054136162487
juan-carlos-alonso,20.609528220542902,40,61,67,Spain,Europe,Southern Europe,1958.0,74,,37.0,107.0,,7.0,38.0,107.0,,46.03509761663916
manuel-imanol-murga,21.8922203142121,64,62,97,Spain,Europe,Southern Europe,1958.0,77,10.0,28.0,95.0,,9.0,40.0,91.0,,45.94084937061427
enrique-alberto-aja,19.030238381441663,68,73,184,Spain,Europe,Southern Europe,1960.0,85,5.0,32.0,85.0,,49.0,42.0,82.0,,45.017431485618616
reimund-dietzen,24.177652865066328,38,53,179,Germany,Europe,Western Europe,1959.0,76,69.0,19.0,90.0,,16.0,20.0,90.0,,47.307182260629965
marco-vitali,19.623312657395697,18,27,34,Italy,Europe,Southern Europe,1960.0,38,23.0,34.0,6.0,,75.0,20.0,,23.0,27.109617713074076
jose-luis-navarro,19.78300749963507,21,42,74,Spain,Europe,Southern Europe,1962.0,59,11.0,20.0,83.0,,32.0,18.0,72.0,,45.95283547013481
luis-vicente-otin,19.726927394415075,54,69,62,Spain,Europe,Southern Europe,1959.0,88,12.0,41.0,113.0,,,49.0,105.0,,46.7063154703116
ennio-salvador,20.632335919308726,93,90,39,Italy,Europe,Southern Europe,1960.0,105,8.0,56.0,118.0,,79.0,47.0,118.0,8.0,52.1945519672382
jan-wynants,21.508427017094636,56,65,194,Belgium,Europe,Western Europe,1958.0,75,,35.0,79.0,65.0,39.0,37.0,79.0,,44.35298316993863
alvaro-pino,19.494300530119,25,35,222,Spain,Europe,Southern Europe,1956.0,47,19.0,21.0,51.0,,20.0,24.0,49.0,,32.34961601050417
roberto-ceruti,21.49811142617244,51,51,40,Italy,Europe,Southern Europe,1953.0,61,17.0,47.0,78.0,,64.0,50.0,76.0,10.0,32.80025015539378
leonardo-natale,20.30280785668096,37,40,33,Italy,Europe,Southern Europe,1958.0,46,,44.0,4.0,,34.0,40.0,,,25.84932300854318
claudio-bortolotto,19.943767915901788,25,32,49,Italy,Europe,Southern Europe,1952.0,34,18.0,34.0,10.0,,5.0,34.0,20.0,12.0,24.196105691045503
jose-antonio-747,19.744399654798222,36,40,54,Spain,Europe,Southern Europe,1958.0,42,,39.0,46.0,,88.0,38.0,46.0,,20.24821514681544
carlos-machin,22.668415658865044,55,54,46,Spain,Europe,Southern Europe,1958.0,58,,54.0,32.0,,,54.0,32.0,,23.27466745041777
jon-urien,19.624680004150687,48,53,28,Spain,Europe,Southern Europe,1959.0,56,,52.0,58.0,,,52.0,58.0,,21.106808249883603
angel-camarillo,21.728205667256955,48,56,116,Spain,Europe,Southern Europe,1959.0,71,8.0,41.0,83.0,,,41.0,80.0,,39.24668837909304
orlando-maini,23.061905795834903,44,47,41,Italy,Europe,Southern Europe,1958.0,48,,47.0,,,34.0,48.0,,,21.69652102043652
jose-del-ramo,21.96138697757069,112,111,30,Spain,Europe,Southern Europe,1960.0,122,,54.0,129.0,,,90.0,122.0,,43.6069698109368
philippe-poissonnier,21.54290094213342,48,59,62,France,Europe,Western Europe,1951.0,73,,44.0,84.0,,40.0,49.0,83.0,,40.28625756900133
stefan-morjean,20.45527807763904,95,96,83,Belgium,Europe,Western Europe,1960.0,105,,46.0,108.0,,,56.0,108.0,,42.83972618130118
eric-guyot,20.996401329821783,48,66,39,France,Europe,Western Europe,1962.0,80,,44.0,109.0,,,44.0,109.0,,43.62006248908816
eduardo-gonzalez,22.190643485445687,87,87,22,Spain,Europe,Southern Europe,1960.0,98,,59.0,110.0,,121.0,72.0,103.0,,42.193765568077154
mariano-bayon,21.2568582580818,47,44,14,Spain,Europe,Southern Europe,1960.0,54,5.0,47.0,,,,47.0,5.0,,31.858892180818387
jesus-guzman-delgado,19.895076023725743,48,57,87,Spain,Europe,Southern Europe,1957.0,68,,38.0,94.0,,,48.0,87.0,,34.789779951787935
valentin-dorronsoro,20.838834099934783,67,66,10,Spain,Europe,Southern Europe,1959.0,70,,68.0,44.0,,,68.0,44.0,,21.46314670934033
sabino-angoitia,21.852529104935726,48,44,48,Spain,Europe,Southern Europe,1958.0,52,11.0,44.0,52.0,,,44.0,39.0,,33.36483662023592
giuseppe-martinelli,24.44,13,29,33,Italy,Europe,Southern Europe,1955.0,33,2.0,31.0,,,14.0,32.0,2.0,,31.41070797924771
mauro-angelucci,21.208256514495407,44,48,14,Italy,Europe,Southern Europe,1961.0,52,,48.0,,,64.0,45.0,,,25.363835984018188
rafael-garcia,21.83333897896942,57,59,25,Spain,Europe,Southern Europe,1961.0,66,,61.0,44.0,,,61.0,44.0,,23.414952487673343
juan-caldentey,19.768073623041744,50,55,9,Spain,Europe,Southern Europe,1962.0,55,,55.0,54.0,,,55.0,54.0,,12.227019260637483
marc-goossens,22.74412773471158,62,57,46,Belgium,Europe,Western Europe,1958.0,67,,39.0,83.0,,42.0,51.0,73.0,,39.37693481175347
luc-colyn,21.601120660991626,38,52,64,Belgium,Europe,Western Europe,1958.0,70,,34.0,100.0,73.0,39.0,43.0,107.0,,43.256972554759024
jaime-salva,22.7489849333734,42,49,10,Spain,Europe,Southern Europe,1962.0,52,,51.0,32.0,,,51.0,32.0,,24.088032990124645
walter-dalgal,22.922581742709426,31,41,15,Italy,Europe,Southern Europe,1954.0,48,,41.0,,,37.0,43.0,,,28.226633825925063
francisco-caro,20.609134932510106,61,64,18,Spain,Europe,Southern Europe,1947.0,67,,64.0,,,,64.0,,,22.20617884925201
danny-van-baelen,21.944011414333637,59,49,10,Belgium,Europe,Western Europe,1960.0,57,,49.0,,,18.0,57.0,,,27.492221122023267
juan-alberto,20.51534892713909,74,71,18,Spain,Europe,Southern Europe,1960.0,75,,71.0,68.0,,,71.0,68.0,,28.688090489743512
antonio-llopis,21.08085959390464,56,58,4,Spain,Europe,Southern Europe,1959.0,61,,59.0,52.0,,,59.0,52.0,,27.19681353884434
domenico-perani,20.337209379175505,37,43,10,Italy,Europe,Southern Europe,1956.0,47,,43.0,,,,43.0,,,36.70059036764032
guy-gallopin,19.539488264564365,61,67,133,France,Europe,Western Europe,1956.0,75,,34.0,76.0,,29.0,39.0,76.0,,49.17320743051371
marc-van-geel,19.424019026866404,36,45,28,Belgium,Europe,Western Europe,1959.0,60,,45.0,,,18.0,54.0,,,32.95746416890177
alberto-saronni,23.5935606004512,75,99,37,Italy,Europe,Southern Europe,1961.0,124,,63.0,174.0,,,63.0,174.0,,55.24667587461888
robert-d-hondt,21.64738235634692,64,58,10,Belgium,Europe,Western Europe,1962.0,71,,53.0,104.0,,,53.0,104.0,,32.952659646495576
alain-von-allmen,21.16188534379492,64,53,9,Switzerland,Europe,Western Europe,1961.0,53,,53.0,,,,53.0,,,17.562586496425986
antonio-esparza,21.34062553350319,26,48,65,Spain,Europe,Southern Europe,1962.0,66,,37.0,61.0,,,37.0,61.0,,47.99901341133523
jozef-lieckens,22.470491104315315,15,53,135,Belgium,Europe,Western Europe,1959.0,67,49.0,20.0,74.0,,24.0,20.0,76.0,,59.63826093157866
diederik-foubert,21.87534738194952,52,46,6,Belgium,Europe,Western Europe,1961.0,51,,46.0,,,,46.0,,,27.075819470516493
miguel-ugartemendia,20.23077493285137,61,54,9,Spain,Europe,Southern Europe,1960.0,62,,56.0,48.0,,,56.0,48.0,,21.857492994394395
eddy-vanhaerens,22.39118510235553,11,23,47,Belgium,Europe,Western Europe,1954.0,35,25.0,22.0,,,16.0,24.0,25.0,,24.577653561296152
jesus-ignacio-ibanez,20.24543684372761,83,100,19,Spain,Europe,Southern Europe,1960.0,122,,53.0,143.0,,36.0,85.0,135.0,,59.176166768812365
fabiano-gambirasio,20.47033945830197,106,88,25,Italy,Europe,Southern Europe,1961.0,109,,24.0,124.0,,11.0,40.0,137.0,,66.08454181324606
sergio-santimaria,21.920371850099976,43,45,19,Italy,Europe,Southern Europe,1957.0,49,41.0,48.0,3.0,,40.0,47.0,,41.0,24.46515603157116
stefano-guerrieri,20.49111032295756,68,57,14,Italy,Europe,Southern Europe,1960.0,59,,57.0,,,,57.0,,,23.61178696152588
frederik-frison,22.55,114,109,99,Belgium,Europe,Western Europe,1992.0,112,82.0,105.0,119.0,62.0,92.0,116.0,119.0,82.0,38.58403941138778
ricardo-serrano,20.45,57,70,95,Spain,Europe,Southern Europe,1978.0,72,103.0,66.0,66.0,,51.0,68.0,100.0,7.0,54.67271655085736
koldo-fernandez,21.43,106,90,281,Spain,Europe,Southern Europe,1981.0,90,83.0,88.0,99.0,,90.0,93.0,86.0,,55.410971844137016
assan-bazayev,19.79,99,95,244,Kazakhstan,Asia,Asia,1981.0,96,103.0,69.0,114.0,,62.0,85.0,111.0,18.0,54.55604276891846
josep-jufre,20.52,54,59,355,Spain,Europe,Southern Europe,1975.0,60,47.0,59.0,72.0,,53.0,62.0,57.0,38.0,35.239877095329966
kevin-hulsmans,21.45,104,99,222,Belgium,Europe,Western Europe,1978.0,103,100.0,95.0,112.0,58.0,96.0,98.0,106.0,94.0,40.90783120961295
iker-camano,20.09,66,69,289,Spain,Europe,Southern Europe,1979.0,71,59.0,66.0,76.0,,72.0,64.0,74.0,,33.210859923219054
matteo-bono,20.52,117,115,485,Italy,Europe,Southern Europe,1983.0,117,124.0,111.0,119.0,,113.0,112.0,120.0,,36.51433476176839
fredrik-kessiakoff,19.92,67,72,235,Sweden,Europe,Northern Europe,1980.0,73,73.0,80.0,62.0,,88.0,74.0,65.0,,42.59064208526486
thomas-rohregger,20.34,47,54,185,Austria,Europe,Western Europe,1982.0,54,50.0,51.0,61.0,,62.0,47.0,62.0,110.0,31.302203869656413
frantisek-rabon,22.1,127,114,201,Czech Republic,Europe,Eastern Europe,1983.0,117,132.0,114.0,104.0,142.0,87.0,111.0,132.0,,49.08727885382964
lucas-euser,19.38,103,100,40,United States,America,America,1983.0,102,84.0,103.0,98.0,,111.0,99.0,81.0,91.0,38.94235549221504
mikel-astarloza,21.04,49,55,485,Spain,Europe,Southern Europe,1979.0,57,76.0,56.0,49.0,,73.0,39.0,62.0,36.0,34.476346303810296
arnaud-labbe,21.8,93,92,131,France,Europe,Western Europe,1976.0,94,111.0,86.0,88.0,50.0,87.0,84.0,110.0,,43.86239894378708
maxim-iglinskiy,22.91,76,80,402,Kazakhstan,Asia,Asia,1981.0,84,112.0,60.0,93.0,,51.0,68.0,105.0,52.0,50.286220948883056
morris-possoni,18.71,92,90,256,Italy,Europe,Southern Europe,1984.0,91,112.0,83.0,92.0,,78.0,86.0,108.0,66.0,43.01120963669545
ricardo-van-der-velde,21.615223416813564,92,84,6,Netherlands,Europe,Western Europe,1987.0,83,,84.0,,,,84.0,,,33.627369804966904
vladimir-karpets,21.88,50,58,503,Russia,Asia,Asia,1980.0,60,44.0,55.0,65.0,,68.0,51.0,62.0,88.0,39.99524002790466
kanstantsin-siutsou,20.31,51,58,501,Belarus,Europe,Eastern Europe,1982.0,59,67.0,55.0,62.0,,66.0,52.0,66.0,44.0,36.96904428747031
chris-anker-sorensen,18.7,57,68,495,Denmark,Europe,Northern Europe,1984.0,70,45.0,69.0,76.0,,78.0,65.0,67.0,43.0,42.42060929638463
steve-morabito,21.39,68,74,529,Switzerland,Europe,Western Europe,1983.0,76,78.0,76.0,71.0,,63.0,74.0,78.0,65.0,42.11459645986616
anders-lund-1,23.31,108,102,210,Denmark,Europe,Northern Europe,1985.0,106,79.0,105.0,102.0,82.0,83.0,108.0,99.0,26.0,42.70548571215577
edward-king,21.84,113,114,125,United States,America,America,1983.0,117,78.0,113.0,121.0,,125.0,105.0,137.0,72.0,36.774509053541856
tadej-valjavec,20.18,41,46,403,Slovenia,Europe,Southern Europe,1977.0,47,50.0,47.0,42.0,,61.0,40.0,50.0,28.0,31.9606039435564
staf-scheirlinckx,21.16,81,83,209,Belgium,Europe,Western Europe,1979.0,89,88.0,60.0,108.0,43.0,50.0,73.0,113.0,50.0,47.04125962105361
remy-di-gregorio,20.68,70,76,367,France,Europe,Western Europe,1985.0,78,82.0,71.0,79.0,,75.0,64.0,90.0,,43.63302829067451
jeff-louder,21.8,105,103,65,United States,America,America,1977.0,105,150.0,104.0,95.0,,102.0,101.0,141.0,167.0,40.9690314562297
alexandr-dyachenko,20.29,98,96,218,Kazakhstan,Asia,Asia,1983.0,98,99.0,100.0,84.0,,117.0,86.0,101.0,73.0,48.817249329228304
hubert-schwab,20.06,63,70,113,Switzerland,Europe,Western Europe,1982.0,71,38.0,72.0,70.0,,,71.0,,38.0,36.32448535643152
dmitry-kozonchuk,21.45,102,105,335,Russia,Asia,Asia,1984.0,108,105.0,105.0,106.0,,90.0,104.0,112.0,,41.52009679361745
timothy-duggan,20.05,90,88,74,United States,America,America,1982.0,90,94.0,82.0,97.0,,79.0,90.0,94.0,,40.92975579322278
angel-gomez-gomez,20.31,86,92,196,Spain,Europe,Southern Europe,1981.0,94,91.0,93.0,89.0,,56.0,96.0,94.0,,42.07112414922481
daniel-fleeman,20.241912383282106,113,105,13,Great Britain,Europe,Northern Europe,1982.0,105,54.0,109.0,,,138.0,80.0,,54.0,38.812666449537794
jason-mccartney,20.9,126,112,166,United States,America,America,1973.0,114,95.0,118.0,102.0,,131.0,112.0,95.0,,46.532779826629465
kevin-seeldraeyers,19.82,62,70,252,Belgium,Europe,Western Europe,1986.0,71,64.0,67.0,78.0,,55.0,71.0,76.0,,47.1050705501656
francis-mourey,21.2,98,95,313,France,Europe,Western Europe,1980.0,96,117.0,92.0,102.0,91.0,101.0,90.0,123.0,,39.351025334648895
koos-moerenhout,21.86,83,85,504,Netherlands,Europe,Western Europe,1973.0,88,73.0,95.0,83.0,,90.0,84.0,85.0,45.0,42.27064062021054
juan-jose-oroz,20.3,78,80,297,Spain,Europe,Southern Europe,1980.0,81,67.0,77.0,87.0,,66.0,80.0,84.0,91.0,34.71549407923684
claudio-corioni,20.68,102,96,175,Italy,Europe,Southern Europe,1982.0,98,92.0,99.0,96.0,,78.0,106.0,94.0,,46.47875514472129
brian-vandborg,21.45,121,112,244,Denmark,Europe,Northern Europe,1981.0,114,107.0,112.0,112.0,,112.0,104.0,120.0,48.0,40.20084669865055
vitaliy-buts,21.95,66,83,31,Ukraine,Europe,Eastern Europe,1986.0,86,141.0,62.0,65.0,,62.0,60.0,126.0,,46.51895208649704
ian-mckissick,24.06442856022811,99,94,19,United States,America,America,1980.0,94,,95.0,94.0,,,94.0,,,24.789287442962625
ronny-scholz,19.37,95,93,257,Germany,Europe,Western Europe,1978.0,96,87.0,99.0,88.0,,95.0,91.0,97.0,87.0,36.92595610397391
julien-loubet,20.37,100,97,111,France,Europe,Western Europe,1985.0,100,91.0,103.0,96.0,,84.0,107.0,91.0,92.0,42.073049845970566
nikolay-trusov,22.26,97,88,143,Russia,Asia,Asia,1985.0,90,127.0,86.0,90.0,72.0,85.0,90.0,87.0,,52.22136454556213
jurgen-van-goolen,20.9,75,78,349,Belgium,Europe,Western Europe,1980.0,80,62.0,104.0,74.0,,104.0,89.0,66.0,48.0,41.508115755235686
luca-barla,22.22165428599417,111,111,36,Italy,Europe,Southern Europe,1987.0,112,,111.0,,,105.0,111.0,,,30.86833277412255
martin-muller,22.35,113,114,129,Germany,Europe,Western Europe,1974.0,116,127.0,115.0,103.0,123.0,105.0,117.0,115.0,,32.277105369096404
guillaume-le-floch,20.68,114,112,45,France,Europe,Western Europe,1985.0,113,,112.0,,,,112.0,,,40.33057841831128
oscar-pujol-munoz,19.38,108,105,72,Spain,Europe,Southern Europe,1983.0,106,96.0,110.0,99.0,,103.0,111.0,100.0,29.0,47.4429213929469
ignatas-konovalovas,20.5,111,107,368,Lithuania,Europe,Northern Europe,1985.0,109,102.0,105.0,127.0,99.0,103.0,107.0,114.0,114.0,42.39374300015655
marco-marzano,19.84,94,94,393,Italy,Europe,Southern Europe,1980.0,96,99.0,88.0,97.0,,106.0,83.0,104.0,49.0,45.25113980937804
jose-angel-gomez-marchante,19.59,53,61,236,Spain,Europe,Southern Europe,1980.0,63,61.0,54.0,70.0,,72.0,46.0,69.0,,42.59279659371146
mauro-facci,20.53,102,100,213,Italy,Europe,Southern Europe,1982.0,103,,100.0,100.0,,112.0,95.0,117.0,,37.31152179903748
charles-wegelius,19.14,100,100,356,Great Britain,Europe,Northern Europe,1978.0,104,108.0,100.0,98.0,,121.0,92.0,114.0,80.0,47.05514437131888
mark-cavendish,22.86,117,93,515,Great Britain,Europe,Northern Europe,1985.0,94,69.0,97.0,94.0,61.0,86.0,100.0,90.0,1.0,64.78199286588146
mickael-buffaz,20.9,99,102,197,France,Europe,Western Europe,1979.0,102,84.0,104.0,105.0,,98.0,108.0,96.0,90.0,35.56712174433605
matthieu-sprick,19.67,100,97,294,France,Europe,Western Europe,1981.0,99,91.0,98.0,98.0,,103.0,86.0,105.0,,40.62849901348654
jean-charles-senac,20.34,130,126,27,France,Europe,Western Europe,1985.0,130,,128.0,74.0,,58.0,131.0,74.0,,32.042039693070535
christophe-kern,21.04,102,99,277,France,Europe,Western Europe,1981.0,100,89.0,107.0,96.0,,105.0,100.0,96.0,,50.44624467427717
evgeny-sokolov,21.6,125,122,24,Russia,Asia,Asia,1984.0,125,,122.0,,,,122.0,,,39.91067925807052
nico-sijmens,22.53,97,98,160,Belgium,Europe,Western Europe,1978.0,101,79.0,104.0,121.0,60.0,92.0,105.0,97.0,62.0,46.74538957523917
sebastien-rosseler,23.55,102,94,166,Belgium,Europe,Western Europe,1981.0,96,104.0,96.0,92.0,66.0,90.0,100.0,92.0,,45.22353913782533
emanuele-bindi,21.53836253610674,127,126,56,Italy,Europe,Southern Europe,1981.0,126,122.0,134.0,130.0,,147.0,132.0,123.0,,30.37522379801046
alexandr-pliuschin,20.37,73,75,71,Moldova,Europe,Eastern Europe,1987.0,78,,74.0,77.0,,87.0,63.0,88.0,,36.83159784203756
dominique-cornu,20.1,79,83,51,Belgium,Europe,Western Europe,1985.0,84,67.0,102.0,68.0,82.0,71.0,95.0,67.0,,51.70866351350556
kilian-patour,22.227600624728943,92,95,7,France,Europe,Western Europe,1982.0,100,,99.0,,70.0,60.0,109.0,,,37.266734815509714
simone-ponzi,19.88,89,89,162,Italy,Europe,Southern Europe,1987.0,92,29.0,93.0,90.0,,85.0,95.0,20.0,46.0,41.605685764729046
steve-bovay,22.36669503857269,88,93,20,Switzerland,Europe,Western Europe,1984.0,94,,100.0,85.0,,,93.0,,,26.577790490716502
steven-cozza,21.6,98,98,31,United States,America,America,1985.0,101,22.0,95.0,123.0,,102.0,99.0,57.0,,44.104714106902605
david-de-la-fuente,21.88,84,84,348,Spain,Europe,Southern Europe,1981.0,87,86.0,80.0,85.0,,107.0,68.0,91.0,40.0,48.6307710686338
ermano-capelli,20.51,134,130,61,Italy,Europe,Southern Europe,1985.0,135,49.0,136.0,110.0,,129.0,134.0,38.0,60.0,41.43675146032444
volodymyr-zagorodny,21.39190786990441,86,86,22,Russia,Asia,Asia,1981.0,85,106.0,68.0,108.0,,,84.0,106.0,,33.16249511498015
juan-jose-haedo,22.53,126,104,166,Argentina,America,America,1981.0,105,95.0,104.0,113.0,,94.0,110.0,104.0,34.0,59.31684712974598
dominique-rollin,23.48,93,94,147,Canada,America,America,1982.0,96,91.0,88.0,113.0,78.0,79.0,96.0,102.0,,46.63851074950301
dominik-roels,21.91,101,96,110,Germany,Europe,Western Europe,1987.0,97,89.0,99.0,102.0,,130.0,99.0,91.0,,39.86610618079408
juan-jose-cobo,20.24,61,68,297,Spain,Europe,Southern Europe,1981.0,69,42.0,75.0,67.0,,68.0,81.0,53.0,8.0,46.6875657641175
pieter-jacobs,20.53,97,90,94,Belgium,Europe,Western Europe,1986.0,93,103.0,89.0,83.0,75.0,57.0,95.0,101.0,,42.036187578294886
bart-dockx,20.66,116,111,169,Belgium,Europe,Western Europe,1981.0,112,106.0,110.0,120.0,,41.0,110.0,112.0,,40.338541657855686
thomas-fothen,22.16,121,105,85,Germany,Europe,Western Europe,1983.0,106,,105.0,108.0,105.0,90.0,110.0,,,51.56029893018763
alexandre-usov,20.34,94,80,244,Belarus,Europe,Eastern Europe,1977.0,81,75.0,86.0,76.0,,103.0,75.0,75.0,61.0,56.42255956938972
pablo-urtasun,22.28,117,111,151,Spain,Europe,Southern Europe,1980.0,114,103.0,110.0,115.0,,114.0,102.0,116.0,,49.52360330961604
alexander-serov,21.56,109,100,89,Russia,Asia,Asia,1982.0,100,,97.0,109.0,,76.0,102.0,,,47.397316569374766
paul-voss,20.83,79,82,214,Germany,Europe,Western Europe,1986.0,84,81.0,75.0,86.0,93.0,64.0,82.0,86.0,116.0,48.0555875840414
said-haddou,22.16,122,109,65,France,Europe,Western Europe,1982.0,112,70.0,111.0,107.0,,114.0,111.0,103.0,,50.67521488702493
florent-brard,21.16,94,91,178,France,Europe,Western Europe,1976.0,95,116.0,88.0,92.0,,74.0,86.0,109.0,79.0,40.45398163628845
vincent-jerome,21.47,99,96,259,France,Europe,Western Europe,1984.0,99,92.0,90.0,108.0,60.0,90.0,92.0,104.0,55.0,44.23373246973949
yohann-gene,21.88,136,129,259,France,Europe,Western Europe,1981.0,130,122.0,129.0,129.0,142.0,113.0,133.0,129.0,,38.23665887533923
julien-belgy,22.2,121,119,34,France,Europe,Western Europe,1983.0,120,,124.0,105.0,,,119.0,,,30.60407857898109
craig-lewis,20.52,77,81,122,United States,America,America,1985.0,83,46.0,86.0,60.0,,80.0,84.0,58.0,28.0,43.62866611193161
phil-anderson,22.722320955574748,18,29,435,Australia,Oceania,Oceania,1958.0,37,18.0,12.0,35.0,,16.0,9.0,39.0,4.0,30.168920233907567
stephen-roche,24.16,17,25,325,Ireland,Europe,Northern Europe,1959.0,32,13.0,14.0,32.0,,13.0,13.0,33.0,13.0,25.58521764268114
charly-mottet,20.642512291085257,28,41,303,France,Europe,Western Europe,1962.0,50,14.0,20.0,49.0,,25.0,15.0,51.0,12.0,39.66178842050567
charly-berard,21.67076184218609,41,46,196,France,Europe,Western Europe,1959.0,54,28.0,19.0,51.0,,16.0,21.0,54.0,,31.087730134891192
frederic-vichot,21.64183548923512,25,35,199,France,Europe,Western Europe,1959.0,41,33.0,18.0,42.0,,17.0,22.0,42.0,,31.596603665260208
pascal-simon,20.37916073105908,36,41,341,France,Europe,Western Europe,1956.0,49,18.0,21.0,48.0,,13.0,28.0,49.0,23.0,29.44972999053537
eric-caritoux,23.05758280303738,50,54,349,France,Europe,Western Europe,1960.0,64,29.0,27.0,63.0,,19.0,33.0,63.0,45.0,39.08461972770064
alain-vigneron,19.91522211956444,62,66,196,France,Europe,Western Europe,1954.0,72,44.0,34.0,73.0,,20.0,45.0,74.0,44.0,37.31982356294347
david-latasa-lasa,19.49,89,88,215,Spain,Europe,Southern Europe,1974.0,91,83.0,94.0,85.0,,93.0,78.0,93.0,,41.33058500817547
michele-scotto-abusco,19.49244992111603,92,84,22,Italy,Europe,Southern Europe,1983.0,90,113.0,84.0,42.0,,,55.0,113.0,,46.17771055802737
alberto-lopez-de-munain,20.29,89,91,222,Spain,Europe,Southern Europe,1972.0,98,99.0,94.0,80.0,,121.0,53.0,104.0,,45.652023303092015
matej-jurco,19.94,90,91,145,Slovakia,Europe,Eastern Europe,1984.0,94,90.0,99.0,80.0,,103.0,90.0,91.0,68.0,40.84409311673763
rafael-nuritdinov,20.99,116,98,60,Uzbekistan,Asia,Asia,1977.0,101,101.0,112.0,94.0,,116.0,84.0,100.0,,48.97763815812296
moises-duenas,20.38,67,72,78,Spain,Europe,Southern Europe,1981.0,75,74.0,79.0,70.0,,,58.0,78.0,,41.52787339925162
francisco-palacio,22.641097446259806,72,71,17,Spain,Europe,Southern Europe,1978.0,74,,87.0,47.0,,,69.0,93.0,,30.44691619659293
francisco-jose-lara,19.117455077966163,54,65,140,Spain,Europe,Southern Europe,1977.0,68,68.0,69.0,51.0,,69.0,63.0,67.0,,41.200472462592
ivan-ramiro-parra,20.48,62,68,226,Colombia,America,America,1975.0,71,64.0,73.0,62.0,,60.0,66.0,71.0,23.0,44.159847528344656
pedro-arreitunandia,22.11517103329983,39,51,47,Spain,Europe,Southern Europe,1974.0,52,48.0,61.0,37.0,,66.0,46.0,50.0,28.0,33.004092477434064
julian-sanchez-pimienta,19.82,116,111,153,Spain,Europe,Southern Europe,1980.0,114,109.0,112.0,109.0,,140.0,99.0,114.0,,46.41788507719369
jose-miguel-elias-galindo,19.39216773654908,54,62,106,Spain,Europe,Southern Europe,1977.0,63,59.0,64.0,64.0,,,61.0,62.0,,33.440506504716765
vicente-reynes,22.53,82,80,325,Spain,Europe,Southern Europe,1981.0,81,82.0,76.0,86.0,68.0,63.0,86.0,85.0,16.0,39.88327151361432
valery-kobzarenko,21.3548713469535,62,63,16,Ukraine,Europe,Eastern Europe,1977.0,66,,61.0,64.0,,61.0,64.0,,,29.481067370998176
xavier-florencio,19.71,70,72,391,Spain,Europe,Southern Europe,1979.0,74,82.0,61.0,75.0,39.0,60.0,65.0,82.0,23.0,44.85522122933472
felix-rafael-cardenas,21.16,79,81,232,Colombia,America,America,1972.0,84,66.0,80.0,100.0,,116.0,72.0,85.0,70.0,48.502673428901936
julen-urbano-aretxabala,21.86716836211043,84,82,6,Spain,Europe,Southern Europe,1980.0,83,,,82.0,,,82.0,,,27.747071917591597
jimmy-engoulvent,23.45,117,104,199,France,Europe,Western Europe,1979.0,108,112.0,83.0,112.0,35.0,85.0,92.0,116.0,,50.76369313279108
jose-cayetano-julia,22.116509107055183,95,94,87,Spain,Europe,Southern Europe,1979.0,97,87.0,99.0,87.0,,,95.0,91.0,,35.216768684512424
joseba-zubeldia,22.605428031380917,101,99,61,Spain,Europe,Southern Europe,1979.0,104,,120.0,76.0,,,99.0,,,40.29503894940947
toni-tauler,21.62,91,85,219,Spain,Europe,Southern Europe,1974.0,89,75.0,97.0,88.0,,122.0,86.0,84.0,73.0,43.82170700626845
gaztanaga-echevarria,20.85240065261061,111,105,31,Spain,Europe,Southern Europe,1979.0,110,169.0,94.0,91.0,,98.0,83.0,158.0,,60.9504646396149
aitor-silloniz,20.21229120794518,110,105,68,Spain,Europe,Southern Europe,1977.0,109,114.0,110.0,90.0,,123.0,94.0,114.0,,35.33823460906527
jose-daniel-rincon,22.336099010862693,51,51,7,Colombia,America,America,1975.0,50,,,51.0,,,51.0,51.0,,17.496938507717775
jorge-ferrio,20.17,39,54,99,Spain,Europe,Southern Europe,1976.0,58,60.0,43.0,49.0,,,41.0,62.0,,44.18767950920441
javier-perez-pereira,22.091888516456883,80,80,6,Spain,Europe,Southern Europe,1977.0,80,,,80.0,,,80.0,,,13.520355024924458
oscar-laguna,21.36,85,80,103,Spain,Europe,Southern Europe,1978.0,83,81.0,109.0,65.0,,,78.0,81.0,,39.27928186243231
carlos-ramon-golbano,21.029922195814127,80,89,110,Spain,Europe,Southern Europe,1976.0,92,95.0,68.0,76.0,,,68.0,95.0,,41.25999664043823
rene-haselbacher,21.06,85,83,155,Austria,Europe,Western Europe,1977.0,87,108.0,90.0,69.0,,93.0,66.0,103.0,13.0,59.123286866118775
isaac-galvez-lopez,21.46,103,89,86,Spain,Europe,Southern Europe,1975.0,90,,89.0,89.0,,114.0,84.0,101.0,,64.96616503364814
aitor-perez-arrieta,20.9,90,89,190,Spain,Europe,Southern Europe,1977.0,92,97.0,75.0,102.0,,74.0,82.0,101.0,,44.80314192149157
uwe-hardter,21.19990312635905,85,89,49,Germany,Europe,Western Europe,1977.0,93,,96.0,68.0,,126.0,80.0,,,30.3655030505046
denis-bertolini,20.412935402098626,112,107,18,Italy,Europe,Southern Europe,1977.0,116,,120.0,75.0,,120.0,75.0,,,53.01809408733584
carlos-torrent-tarres,21.91,73,69,103,Spain,Europe,Southern Europe,1974.0,71,73.0,51.0,63.0,,,60.0,74.0,,46.04853257150916
carlos-garcia-quesada,20.11,49,60,130,Spain,Europe,Southern Europe,1978.0,61,49.0,78.0,70.0,,112.0,73.0,49.0,,45.120392189053256
dmitriy-fofonov,21.22,70,73,466,Kazakhstan,Asia,Asia,1976.0,76,79.0,70.0,74.0,,62.0,70.0,81.0,56.0,42.71952407107444
gustav-larsson,20.46,56,62,341,Sweden,Europe,Northern Europe,1980.0,64,48.0,66.0,58.0,,73.0,58.0,66.0,60.0,39.02471958903654
gorka-arrizabalaga,22.68858445440316,92,96,81,Spain,Europe,Southern Europe,1977.0,102,104.0,88.0,96.0,,103.0,57.0,119.0,,42.395463302598486
constantino-zaballa,21.55,46,56,229,Spain,Europe,Southern Europe,1978.0,57,44.0,53.0,71.0,,61.0,50.0,59.0,52.0,39.59671974431814
uwe-peschel,22.47,113,106,147,Germany,Europe,Western Europe,1968.0,110,109.0,122.0,101.0,,135.0,89.0,116.0,,42.416664446815886
alessandro-donati,20.52,95,96,75,Italy,Europe,Southern Europe,1979.0,99,,98.0,72.0,114.0,98.0,95.0,,,41.76392253159688
lorenzo-cardellini,22.57850446948479,82,74,6,Italy,Europe,Southern Europe,1978.0,75,,,74.0,,,74.0,,,35.605711152379286
daniele-righi,21.6,105,101,432,Italy,Europe,Southern Europe,1976.0,103,117.0,91.0,107.0,,86.0,93.0,117.0,37.0,45.541996800145576
david-fernandez-domingo,22.45937340588744,96,83,54,Spain,Europe,Southern Europe,1977.0,87,98.0,,48.0,,,48.0,98.0,,54.15109758510494
alessandro-ballan,20.22,62,67,319,Italy,Europe,Southern Europe,1979.0,69,58.0,60.0,75.0,52.0,52.0,74.0,69.0,28.0,45.59486356343041
fernando-torres,20.89863492784061,100,87,6,Spain,Europe,Southern Europe,1978.0,88,,,87.0,,,87.0,,,30.43024810940588
lander-euba-ziarrusta,21.292087543870306,80,76,19,Spain,Europe,Southern Europe,1977.0,76,,77.0,76.0,,,76.0,,,26.484796477308343
juan-carlos-dominguez,20.2,63,68,294,Spain,Europe,Southern Europe,1971.0,71,75.0,61.0,64.0,,55.0,63.0,74.0,,45.25080748962904
julio-alberto-perez-cuapio,19.84,109,100,187,Mexico,America,America,1977.0,102,104.0,99.0,95.0,,,99.0,104.0,,49.73517354730992
eddy-mazzoleni,20.45,54,64,350,Italy,Europe,Southern Europe,1973.0,68,81.0,58.0,66.0,,103.0,50.0,84.0,22.0,49.29295494577417
wladimir-belli,21.38,36,48,508,Italy,Europe,Southern Europe,1970.0,53,56.0,41.0,57.0,,40.0,39.0,70.0,24.0,40.09001058535007
christophe-brandt,19.93,66,71,394,Belgium,Europe,Western Europe,1977.0,73,93.0,61.0,80.0,,66.0,62.0,88.0,55.0,38.822390124360346
pavel-tonkov,22.6,34,46,439,Russia,Asia,Asia,1969.0,54,65.0,44.0,38.0,,107.0,33.0,66.0,21.0,41.20225150608514
mauricio-alberto-ardila,21.3,62,68,348,Colombia,America,America,1979.0,70,73.0,64.0,85.0,,76.0,66.0,74.0,53.0,43.15963525955148
vladimir-miholjevic,20.99,56,63,350,Croatia,Europe,Southern Europe,1974.0,65,59.0,63.0,65.0,,74.0,61.0,62.0,56.0,35.180898628742106
francisco-javier-patxi-vila,20.68,40,47,308,Spain,Europe,Southern Europe,1975.0,48,64.0,43.0,51.0,,52.0,42.0,59.0,36.0,29.830566988404648
juan-gomis-lopez,20.83507148599157,90,92,25,Spain,Europe,Southern Europe,1978.0,93,,92.0,,,,92.0,,,35.0059518748836
raffaele-illiano,21.441207418476637,86,89,110,Italy,Europe,Southern Europe,1977.0,91,,89.0,66.0,,79.0,90.0,,,47.61946830307841
gerhard-trampusch,20.05,38,40,102,Austria,Europe,Western Europe,1978.0,40,74.0,36.0,42.0,,32.0,34.0,58.0,65.0,27.62226838505085
giancarlo-ginestri,22.03796177808501,114,112,21,Italy,Europe,Southern Europe,1978.0,115,66.0,115.0,,,,115.0,,66.0,34.89255617163174
geert-verheyen,21.46,60,65,320,Belgium,Europe,Western Europe,1973.0,69,77.0,64.0,64.0,47.0,43.0,66.0,73.0,39.0,35.64607458372999
andrea-tonti,23.16436301880287,63,69,223,Italy,Europe,Southern Europe,1976.0,70,93.0,63.0,47.0,,77.0,59.0,94.0,79.0,39.95865636983506
marlon-alirio-perez-arango,22.2,68,70,60,Colombia,America,America,1976.0,72,58.0,71.0,69.0,,64.0,71.0,54.0,60.0,41.03772551268207
jan-van-velzen,21.869511711152857,110,110,23,Netherlands,Europe,Western Europe,1975.0,111,,110.0,,,,110.0,,,32.88589687751781
daniele-pietropolli,20.15,68,69,238,Italy,Europe,Southern Europe,1980.0,70,79.0,68.0,74.0,,48.0,74.0,79.0,,38.825862440228754
fortunato-baliani,20.83,75,74,192,Italy,Europe,Southern Europe,1974.0,76,,75.0,62.0,,81.0,73.0,,,38.39921554642949
sergiy-adyeyev,20.97464432114356,66,73,78,Ukraine,Europe,Eastern Europe,1976.0,76,65.0,75.0,33.0,,85.0,72.0,,65.0,33.07662724739737
david-derepas,21.3,58,67,49,France,Europe,Western Europe,1978.0,69,,67.0,,,92.0,61.0,,,37.499716552216746
trent-wilson,21.0865042452437,133,130,41,Australia,Oceania,Oceania,1978.0,131,,130.0,,,,130.0,,,26.14789083505496
marcus-ljungqvist,20.44,80,80,278,Sweden,Europe,Northern Europe,1974.0,84,66.0,80.0,89.0,68.0,84.0,80.0,81.0,40.0,42.096278087666086
nick-gates,21.2,126,119,171,Australia,Oceania,Oceania,1972.0,121,130.0,114.0,126.0,,,112.0,145.0,,39.90118944543692
denys-kostyuk,21.31,88,89,102,Ukraine,Europe,Eastern Europe,1982.0,92,51.0,75.0,116.0,65.0,106.0,72.0,101.0,51.0,46.15490953979096
marcel-strauss,21.3,109,104,204,Switzerland,Europe,Western Europe,1976.0,108,152.0,105.0,93.0,,101.0,99.0,155.0,70.0,42.50632733395384
benoit-vaugrenard,21.04,102,99,479,France,Europe,Western Europe,1982.0,102,110.0,98.0,100.0,112.0,97.0,96.0,106.0,,41.5710533839442
giuseppe-muraglia,21.36017412248678,103,97,65,Italy,Europe,Southern Europe,1979.0,97,,98.0,89.0,,111.0,93.0,,,41.72023351583
nicolas-vogondy,20.96,101,96,434,France,Europe,Western Europe,1977.0,99,97.0,99.0,93.0,,100.0,86.0,105.0,69.0,41.69233714328044
nicola-loda,21.8,72,71,351,Italy,Europe,Southern Europe,1971.0,76,86.0,61.0,77.0,38.0,67.0,60.0,84.0,,43.09518404734905
ellis-rastelli,22.79802771469696,103,99,189,Italy,Europe,Southern Europe,1975.0,103,137.0,97.0,76.0,,108.0,89.0,128.0,60.0,42.710106696240864
johan-verstrepen,22.84,93,91,155,Belgium,Europe,Western Europe,1967.0,97,120.0,83.0,99.0,54.0,87.0,82.0,112.0,73.0,45.11233755394487
gorik-gardeyn,22.64,83,81,47,Belgium,Europe,Western Europe,1980.0,87,,83.0,,37.0,76.0,85.0,,,45.412346571076704
russell-van-hout,21.644564378422363,144,137,40,Australia,Oceania,Oceania,1976.0,138,,137.0,,,,137.0,,,35.447469259780405
dean-podgornik,20.789759968504832,122,115,20,Slovenia,Europe,Southern Europe,1979.0,116,,115.0,,,,115.0,,,42.2509732058577
olaf-pollack,22.5,97,81,105,Germany,Europe,Western Europe,1973.0,82,144.0,79.0,87.0,,96.0,77.0,100.0,144.0,62.955589323794165
radoslav-rogina,20.23,83,85,28,Croatia,Europe,Southern Europe,1979.0,87,74.0,88.0,,,,88.0,76.0,69.0,35.54674990166371
ief-verbrugghe,19.52,105,102,100,Belgium,Europe,Western Europe,1975.0,105,,108.0,63.0,,113.0,101.0,,,42.24150264200537
ruber-alverio-marin,21.48,97,89,107,Colombia,America,America,1968.0,90,27.0,88.0,97.0,,,90.0,30.0,,43.08644065556319
gert-steegmans,22.71,115,101,303,Belgium,Europe,Western Europe,1980.0,102,95.0,97.0,106.0,50.0,73.0,117.0,98.0,,50.82236916828136
philippe-schnyder,19.80865457201089,126,123,43,Switzerland,Europe,Western Europe,1978.0,124,75.0,124.0,,,,124.0,,75.0,33.644730416936774
bostjan-mervar,20.19721672374236,114,102,21,Slovenia,Europe,Southern Europe,1973.0,102,,102.0,,,,102.0,,,35.08119832888376
mario-manzoni,23.33813906140149,87,76,215,Italy,Europe,Southern Europe,1969.0,91,2.0,80.0,64.0,6.0,64.0,78.0,84.0,,58.08981721201469
uros-murn,20.9,97,88,156,Slovenia,Europe,Southern Europe,1975.0,90,88.0,92.0,71.0,46.0,100.0,88.0,85.0,46.0,48.47624020435892
renzo-mazzoleni,21.7843170614117,115,111,61,Italy,Europe,Southern Europe,1977.0,112,,113.0,98.0,,,111.0,,,34.85017110760732
angelo-furlan,24.34,115,95,256,Italy,Europe,Southern Europe,1977.0,96,96.0,95.0,95.0,,101.0,94.0,94.0,,57.45779021377347
fred-rodriguez,21.46,66,74,262,United States,America,America,1973.0,76,87.0,67.0,75.0,,75.0,60.0,85.0,20.0,57.45100176713934
leonardo-giordani,18.84,100,99,126,Italy,Europe,Southern Europe,1977.0,105,41.0,107.0,72.0,116.0,103.0,100.0,47.0,39.0,40.86303642696839
maxim-rudenko,18.276617748971056,84,79,24,Ukraine,Europe,Eastern Europe,1979.0,80,,79.0,,,,79.0,,,57.43879855733532
gabriele-bosisio,20.857311304857767,73,81,75,Italy,Europe,Southern Europe,1980.0,80,67.0,82.0,14.0,,85.0,81.0,51.0,83.0,48.51910740918246
corrado-serina,22.53,141,132,28,Italy,Europe,Southern Europe,1975.0,137,177.0,120.0,,,64.0,125.0,177.0,,48.706930506500605
arnold-jeannesson,19.62,49,66,286,France,Europe,Western Europe,1986.0,68,89.0,58.0,71.0,,48.0,70.0,73.0,,49.9179826640897
bradley-wiggins,21.05,63,71,363,Great Britain,Europe,Northern Europe,1980.0,70,33.0,85.0,52.0,43.0,69.0,84.0,47.0,,54.54008944539112
levi-leipheimer,21.45,34,45,466,United States,America,America,1973.0,47,48.0,47.0,43.0,,44.0,40.0,50.0,59.0,39.870718729513
bruno-manuel-silva-pires,20.81,80,81,151,Portugal,Europe,Southern Europe,1981.0,83,84.0,81.0,80.0,,79.0,76.0,103.0,50.0,39.36298504447393
cristiano-salerno,19.32,86,90,151,Italy,Europe,Southern Europe,1985.0,91,62.0,95.0,81.0,,87.0,94.0,78.0,54.0,38.11638850740823
janez-brajkovic,19.59,38,46,408,Slovenia,Europe,Southern Europe,1983.0,46,47.0,45.0,45.0,,48.0,40.0,52.0,22.0,32.944771871859665
rob-ruijgh,21.63,49,60,129,Netherlands,Europe,Western Europe,1986.0,60,43.0,72.0,47.0,,70.0,64.0,50.0,,39.09316044781298
tom-jelte-slagter,19.96,66,69,359,Netherlands,Europe,Western Europe,1989.0,72,47.0,66.0,78.0,,69.0,63.0,80.0,50.0,41.648598023332056
miguel-minguez,18.83,134,120,88,Spain,Europe,Southern Europe,1988.0,126,30.0,126.0,,,74.0,149.0,30.0,,54.59820822786028
ivan-velasco,20.75,76,82,241,Spain,Europe,Southern Europe,1980.0,84,75.0,84.0,83.0,,78.0,85.0,82.0,47.0,42.03816228761737
brice-feillu,19.11,76,81,237,France,Europe,Western Europe,1985.0,81,,89.0,78.0,40.0,93.0,78.0,77.0,,46.47146447720144
adrian-palomares,20.57,110,104,95,Spain,Europe,Southern Europe,1976.0,107,103.0,85.0,129.0,,66.0,98.0,114.0,,48.263120282419536
tom-peterson,21.6,100,98,200,United States,America,America,1986.0,100,80.0,99.0,107.0,,93.0,99.0,101.0,42.0,46.93241130770694
petr-ignatenko,19.44,82,88,66,Russia,Asia,Asia,1987.0,88,47.0,85.0,99.0,,58.0,92.0,,47.0,36.84377969975532
cedric-pineau,21.71,109,106,255,France,Europe,Western Europe,1985.0,108,105.0,100.0,114.0,31.0,92.0,106.0,116.0,,37.11623268923213
johann-tschopp,20.24,84,87,364,Switzerland,Europe,Western Europe,1982.0,89,115.0,80.0,98.0,,93.0,76.0,119.0,57.0,46.8345275837784
yann-huguet,21.07,127,118,84,France,Europe,Western Europe,1984.0,121,,115.0,125.0,,99.0,136.0,125.0,,40.51636728976514
jose-vicente-toribio,20.9,127,119,73,Spain,Europe,Southern Europe,1985.0,122,119.0,80.0,137.0,,80.0,,127.0,,43.33825051132128
dennis-vanendert,19.54,100,100,119,Belgium,Europe,Western Europe,1988.0,101,104.0,100.0,97.0,,97.0,101.0,99.0,,41.48870317445623
romain-zingle,21.88,91,93,137,Belgium,Europe,Western Europe,1987.0,93,86.0,86.0,102.0,70.0,81.0,115.0,95.0,,39.84029409931781
nicolas-edet,19.37,89,86,368,France,Europe,Western Europe,1987.0,89,84.0,72.0,95.0,,72.0,74.0,97.0,104.0,47.497756744989374
andy-schleck,19.66,50,56,320,Luxembourg,Europe,Western Europe,1985.0,58,83.0,66.0,47.0,,82.0,56.0,45.0,33.0,41.32596738053817
marcos-garcia-fernandez,19.26,80,82,119,Spain,Europe,Southern Europe,1986.0,82,76.0,86.0,80.0,,87.0,85.0,78.0,,44.901828378258536
luke-roberts-1,21.91,87,82,138,Australia,Oceania,Oceania,1977.0,83,,88.0,71.0,122.0,85.0,83.0,77.0,,45.62650669039252
jesus-rosendo,19.49,104,106,120,Spain,Europe,Southern Europe,1982.0,107,108.0,87.0,115.0,,87.0,88.0,110.0,,40.22858269372933
yukihiro-doi,20.31,138,126,58,Japan,Asia,Asia,1983.0,129,113.0,88.0,148.0,,65.0,131.0,136.0,71.0,42.60580580678239
paolo-longo-borghini,21.73,92,93,298,Italy,Europe,Southern Europe,1980.0,94,92.0,87.0,104.0,41.0,80.0,94.0,100.0,57.0,37.29599031092716
kenny-van-hummel,20.66,105,87,35,Netherlands,Europe,Western Europe,1982.0,86,,90.0,86.0,,90.0,157.0,83.0,,55.96032508119728
martin-kohler,21.78,89,89,161,Switzerland,Europe,Western Europe,1985.0,91,87.0,93.0,85.0,98.0,76.0,90.0,94.0,,39.47227779449411
gustavo-cesar-veloso,20.83,76,82,162,Spain,Europe,Southern Europe,1980.0,83,73.0,97.0,77.0,,97.0,97.0,74.0,,46.04936123296347
jose-luis-cano,20.9,102,99,13,Spain,Europe,Southern Europe,1988.0,99,,99.0,,,99.0,,,,43.2596513612562
sergio-carrasco,18.5,117,116,46,Spain,Europe,Southern Europe,1985.0,118,106.0,108.0,133.0,,108.0,,117.0,,39.06086542473769
javier-ramirez-abeja,20.62,103,101,179,Spain,Europe,Southern Europe,1978.0,103,103.0,97.0,118.0,,96.0,95.0,113.0,,36.233339262959866
timofey-kritskiy,22.44,120,104,9,Russia,Asia,Asia,1987.0,105,160.0,75.0,110.0,,75.0,110.0,160.0,,58.82341748355364
sergey-renev,20.09,93,93,85,Kazakhstan,Asia,Asia,1985.0,95,100.0,101.0,77.0,,106.0,83.0,101.0,,33.02422504428999
kenny-dehaes,20.65,125,118,102,Belgium,Europe,Western Europe,1984.0,120,,113.0,126.0,,75.0,124.0,,,53.11857210418862
jurgen-van-de-walle,20.72,89,91,291,Belgium,Europe,Western Europe,1977.0,94,110.0,87.0,94.0,116.0,87.0,83.0,108.0,,40.55863727042946
matthew-busche,22.79,84,87,167,United States,America,America,1985.0,90,100.0,78.0,91.0,,84.0,71.0,107.0,,40.23843337025369
antonio-piedra,19.25,112,109,168,Spain,Europe,Southern Europe,1985.0,111,102.0,106.0,123.0,,110.0,99.0,110.0,90.0,38.26298885267001
kevin-de-weert,21.13,78,79,443,Belgium,Europe,Western Europe,1982.0,80,79.0,87.0,73.0,80.0,85.0,81.0,77.0,67.0,41.81837005763856
thierry-hupond,20.52,104,107,181,France,Europe,Western Europe,1984.0,108,112.0,101.0,110.0,,101.0,103.0,112.0,,34.604678783922985
jorge-azanza,19.87,83,86,238,Spain,Europe,Southern Europe,1982.0,87,91.0,79.0,92.0,,93.0,78.0,96.0,,34.46576589746264
maxime-mederel,19.71,78,79,125,France,Europe,Western Europe,1980.0,81,62.0,77.0,86.0,,83.0,75.0,84.0,80.0,39.273077045797685
pierre-cazaux,20.18,139,131,115,France,Europe,Western Europe,1984.0,133,120.0,134.0,136.0,,126.0,136.0,129.0,,37.49693503874378
davide-appollonio,23.18,112,95,114,Italy,Europe,Southern Europe,1989.0,96,,95.0,92.0,140.0,84.0,98.0,,,63.82591357917829
andrey-kashechkin,20.45,50,60,340,Kazakhstan,Asia,Asia,1980.0,61,56.0,70.0,55.0,,79.0,52.0,59.0,,41.71564873814479
thomas-damuseau,21.38,92,93,66,France,Europe,Western Europe,1989.0,96,71.0,100.0,82.0,,110.0,92.0,68.0,41.0,36.693971609074325
mauro-santambrogio,21.05,95,86,229,Italy,Europe,Southern Europe,1984.0,87,89.0,76.0,98.0,,61.0,84.0,95.0,24.0,48.7195062142266
stephane-poulhies,21.91,124,110,58,France,Europe,Western Europe,1985.0,113,121.0,81.0,141.0,,84.0,21.0,125.0,,49.52625230392086
jean-marc-marino,20.75,127,119,164,France,Europe,Western Europe,1983.0,120,124.0,110.0,123.0,,116.0,106.0,128.0,,41.55296391852794
kristof-vandewalle,22.84,103,98,187,Belgium,Europe,Western Europe,1985.0,100,92.0,96.0,105.0,,97.0,94.0,103.0,109.0,41.42794636242479
victor-cabedo,21.89097913411009,144,140,26,Spain,Europe,Southern Europe,1989.0,142,,140.0,,,120.0,146.0,,,36.21102679486543
marco-bandiera,22.46,118,108,189,Italy,Europe,Southern Europe,1984.0,112,107.0,112.0,98.0,54.0,93.0,121.0,91.0,,47.67210063896186
gaetan-bille,20.23,92,92,62,Belgium,Europe,Western Europe,1988.0,95,107.0,92.0,104.0,26.0,85.0,96.0,96.0,,49.99506057040427
jacek-morajko,20.06,128,119,10,Poland,Europe,Eastern Europe,1981.0,120,101.0,121.0,,,121.0,,101.0,,42.193864746219
javier-aramendia,20.59,124,122,128,Spain,Europe,Southern Europe,1986.0,125,106.0,125.0,133.0,,130.0,109.0,128.0,70.0,41.40371621648753
amir-zargari,20.02,160,160,2,Iran,Asia,Asia,1980.0,159,,160.0,,,160.0,,,,14.849242404917495
mehdi-sohrabi,23.88,130,128,9,Iran,Asia,Asia,1981.0,130,122.0,161.0,118.0,,161.0,118.0,122.0,,42.49542459031456
javier-moreno,19.23,90,91,255,Spain,Europe,Southern Europe,1984.0,92,83.0,90.0,100.0,,87.0,90.0,94.0,44.0,43.512776052442646
cyril-bessy,22.28,155,150,21,France,Europe,Western Europe,1986.0,151,153.0,170.0,146.0,,170.0,129.0,159.0,,26.22267285058049
carl-fredrik-hagen,19.84,53,55,115,Norway,Europe,Northern Europe,1991.0,55,51.0,73.0,51.0,69.0,87.0,48.0,45.0,63.0,31.54858227366582
oscar-rodriguez,19.66,60,67,159,Spain,Europe,Southern Europe,1995.0,69,64.0,74.0,70.0,50.0,51.0,75.0,68.0,70.0,39.78549282159767
cristian-rodriguez,18.62,65,72,167,Spain,Europe,Southern Europe,1995.0,74,59.0,77.0,69.0,,70.0,82.0,60.0,54.0,37.77207339945768
romain-seigle,22.06,82,81,79,France,Europe,Western Europe,1994.0,82,78.0,80.0,98.0,,44.0,81.0,82.0,89.0,37.898907194065394
patrick-bevin,23.15,61,65,193,New Zealand,Oceania,Oceania,1991.0,67,72.0,44.0,81.0,29.0,47.0,45.0,93.0,,44.67205451580677
angel-madrazo,20.86,71,77,211,Spain,Europe,Southern Europe,1988.0,78,69.0,81.0,80.0,,71.0,79.0,83.0,57.0,41.91904644102651
mikel-iturria,20.16,101,100,123,Spain,Europe,Southern Europe,1992.0,101,98.0,102.0,99.0,,101.0,104.0,98.0,,40.09125602683719
jesus-ezquerra-muela,19.87,86,82,104,Spain,Europe,Southern Europe,1990.0,82,83.0,84.0,76.0,,156.0,73.0,82.0,77.0,41.868972150947855
pawel-bernas,21.33,121,111,28,Poland,Europe,Eastern Europe,1990.0,113,116.0,119.0,106.0,,,78.0,127.0,,36.66210289058428
luka-pibernik,19.15,94,94,178,Slovenia,Europe,Southern Europe,1993.0,95,99.0,91.0,95.0,72.0,88.0,89.0,103.0,62.0,34.53293843172793
domingos-goncalves,20.68,109,112,23,Portugal,Europe,Southern Europe,1989.0,113,103.0,117.0,109.0,,132.0,105.0,107.0,,29.853131932278192
rasmus-tiller,24.02,95,88,61,Norway,Europe,Northern Europe,1996.0,91,98.0,59.0,102.0,18.0,50.0,73.0,101.0,85.0,38.82091431146544
logan-owen,21.15,109,108,55,United States,America,America,1995.0,110,113.0,108.0,101.0,,,94.0,115.0,114.0,31.08522010684353
mitchell-docker,22.53,123,118,263,Australia,Oceania,Oceania,1986.0,121,123.0,107.0,130.0,107.0,103.0,112.0,131.0,117.0,41.19705324632216
brian-van-goethem,22.26,94,105,21,Netherlands,Europe,Western Europe,1991.0,109,102.0,97.0,129.0,70.0,80.0,106.0,117.0,,38.95785268356414
jonas-koch,21.45,91,89,113,Germany,Europe,Western Europe,1993.0,90,94.0,94.0,85.0,46.0,88.0,83.0,94.0,108.0,44.02394547253113
shane-archbold,23.85,122,118,93,New Zealand,Oceania,Oceania,1989.0,122,133.0,111.0,133.0,84.0,85.0,114.0,142.0,,46.53271280920364
jacopo-mosca,21.72,72,79,150,Italy,Europe,Southern Europe,1993.0,80,60.0,87.0,70.0,,103.0,82.0,77.0,43.0,39.75857174051448
alex-aranburu,19.88,56,65,214,Spain,Europe,Southern Europe,1995.0,67,82.0,44.0,72.0,8.0,40.0,45.0,83.0,74.0,50.23652187803562
jonathan-lastra,21.63,76,80,154,Spain,Europe,Southern Europe,1993.0,82,92.0,65.0,90.0,54.0,61.0,66.0,96.0,78.0,44.89325303124845
jon-aberasturi,23.05,124,100,121,Spain,Europe,Southern Europe,1989.0,101,105.0,108.0,96.0,54.0,88.0,101.0,105.0,94.0,56.97047106179442
fernando-gaviria,21.67,106,85,245,Colombia,America,America,1994.0,85,99.0,86.0,85.0,56.0,71.0,88.0,94.0,101.0,57.48078154978794
nuno-bico,19.54,146,134,27,Portugal,Europe,Southern Europe,1994.0,136,134.0,102.0,152.0,,106.0,90.0,141.0,97.0,26.467740941404696
lennard-hofstede,20.65,110,107,157,Netherlands,Europe,Western Europe,1994.0,108,91.0,114.0,110.0,108.0,96.0,113.0,119.0,68.0,40.17945617290609
sergey-firsanov,19.61,75,75,50,Russia,Asia,Asia,1982.0,76,89.0,75.0,,,52.0,79.0,,89.0,47.33995594179856
stefano-pirazzi,19.14,74,86,163,Italy,Europe,Southern Europe,1987.0,86,,85.0,151.0,,106.0,82.0,,,53.25181511528772
francesco-manuel-bongiorno,18.93,102,101,90,Italy,Europe,Southern Europe,1990.0,101,79.0,101.0,136.0,,133.0,98.0,,79.0,43.12783309552667
alessandro-bisolti,18.94,94,99,90,Italy,Europe,Southern Europe,1985.0,100,98.0,99.0,,,104.0,98.0,,98.0,39.54172719751625
bakhtiyar-kozhatayev,20.96,109,102,88,Kazakhstan,Asia,Asia,1992.0,105,106.0,95.0,110.0,,69.0,100.0,117.0,,43.46880449785006
alexander-foliforov,18.83,108,98,48,Russia,Asia,Asia,1992.0,100,,98.0,,,110.0,96.0,,,50.44974590324641
eugert-zhupa,23.29,128,120,84,Albania,Europe,Southern Europe,1990.0,121,,120.0,,,84.0,120.0,,,41.34002546087918
matteo-busato,20.91,104,99,73,Italy,Europe,Southern Europe,1987.0,101,31.0,100.0,,101.0,85.0,103.0,,31.0,48.02540867326793
philip-deignan,20.06,91,91,310,Ireland,Europe,Northern Europe,1983.0,92,76.0,97.0,89.0,,114.0,92.0,81.0,56.0,46.447118374590985
iuri-filosi,20.68,96,106,18,Italy,Europe,Southern Europe,1992.0,113,95.0,107.0,,,80.0,138.0,,95.0,49.351381171446576
songezo-jim,21.31,142,139,48,South Africa,Africa,Africa,1990.0,140,135.0,144.0,129.0,,,144.0,132.0,,25.82867722853585
alexey-tsatevich,22.41,67,67,98,Russia,Asia,Asia,1989.0,67,53.0,66.0,86.0,27.0,60.0,73.0,53.0,,43.81999525342397
pim-ligthart,21.98,93,95,236,Netherlands,Europe,Western Europe,1988.0,98,104.0,95.0,92.0,46.0,69.0,104.0,97.0,116.0,50.55924461472443
murilo-antonio-fischer,22.49,109,103,368,Brazil,America,America,1979.0,106,110.0,105.0,100.0,70.0,84.0,107.0,108.0,,46.36163935603629
eugenio-alafaci,22.02,118,116,112,Italy,Europe,Southern Europe,1990.0,117,,116.0,85.0,,121.0,116.0,32.0,,36.44794510946678
moreno-hofland,22.16,103,90,121,Netherlands,Europe,Western Europe,1991.0,90,88.0,86.0,112.0,,78.0,94.0,104.0,,51.6385949688615
johann-van-zyl,19.94,120,119,124,South Africa,Africa,Africa,1991.0,120,120.0,118.0,122.0,115.0,123.0,114.0,125.0,,29.332439621723875
patrick-gretsch,19.73,98,93,207,Germany,Europe,Western Europe,1987.0,94,91.0,96.0,89.0,,101.0,88.0,104.0,,46.24577833173324
twan-castelijns,21.6,115,110,58,Netherlands,Europe,Western Europe,1989.0,112,112.0,111.0,105.0,,104.0,111.0,112.0,,30.96029598380349
giacomo-berlato,21.01,104,103,33,Italy,Europe,Southern Europe,1992.0,103,,103.0,,,,103.0,,,39.16457118830278
leigh-howard,22.47,133,119,134,Australia,Oceania,Oceania,1989.0,121,129.0,91.0,146.0,103.0,84.0,110.0,142.0,,54.41511165671881
mickael-delage,21.6,104,99,462,France,Europe,Western Europe,1985.0,101,95.0,100.0,103.0,66.0,93.0,102.0,98.0,132.0,44.7358945904864
marcel-kittel,23.2,128,101,170,Germany,Europe,Western Europe,1988.0,101,128.0,94.0,107.0,50.0,95.0,77.0,109.0,,65.88508068292768
jay-robert-thomson,21.91,111,115,181,South Africa,Africa,Africa,1986.0,117,116.0,119.0,113.0,95.0,115.0,110.0,121.0,,30.76441503845104
pavel-brutt,22.09,97,95,401,Russia,Asia,Asia,1982.0,97,84.0,95.0,100.0,,91.0,94.0,100.0,65.0,41.93578543142625
aleksey-rybalkin,19.82,125,113,27,Russia,Asia,Asia,1993.0,116,90.0,121.0,62.0,,,121.0,86.0,,44.289001676665386
blel-kadri,21.31,120,110,253,France,Europe,Western Europe,1986.0,112,114.0,99.0,114.0,113.0,76.0,99.0,124.0,,48.90526474734114
julen-amezqueta,20.81,92,93,108,Spain,Europe,Southern Europe,1993.0,96,71.0,106.0,77.0,,120.0,104.0,74.0,73.0,43.41184177422711
andrei-solomennikov,22.72,110,109,24,Russia,Asia,Asia,1987.0,114,55.0,112.0,,,58.0,117.0,,55.0,40.77367721487956
eduard-michael-grosu,22.72,121,108,71,Romania,Europe,Eastern Europe,1992.0,110,,108.0,107.0,105.0,99.0,112.0,,,53.66194579550164
gianfranco-zilioli,19.69,101,107,43,Italy,Europe,Southern Europe,1990.0,108,92.0,108.0,,,,108.0,,92.0,39.53253983020009
sean-de-bie,21.72,90,97,56,Belgium,Europe,Western Europe,1991.0,101,80.0,99.0,,38.0,83.0,99.0,80.0,,52.68913673491083
artem-ovechkin,20.38,97,93,63,Russia,Asia,Asia,1986.0,96,,104.0,57.0,,105.0,89.0,,,48.7403120994676
alexander-porsev,23.37,100,93,93,Russia,Asia,Asia,1986.0,94,92.0,92.0,100.0,59.0,83.0,97.0,101.0,25.0,56.21297493216879
ramunas-navardauskas,21.88,110,98,294,Lithuania,Europe,Northern Europe,1988.0,99,20.0,91.0,110.0,108.0,88.0,97.0,104.0,,56.238636540868
jurgen-roelandts,23.04,78,76,388,Belgium,Europe,Western Europe,1985.0,79,71.0,66.0,85.0,15.0,58.0,78.0,86.0,13.0,50.82648202928772
maarten-tjallingii,22.92,90,90,349,Netherlands,Europe,Western Europe,1977.0,93,83.0,89.0,97.0,46.0,79.0,91.0,97.0,,44.37585822793437
nicola-boem,21.45,151,139,124,Italy,Europe,Southern Europe,1989.0,140,,139.0,128.0,,143.0,138.0,,,41.21298377297236
simone-andreetta,20.6,146,139,75,Italy,Europe,Southern Europe,1993.0,140,,139.0,,,137.0,140.0,,,35.588321801521474
genki-yamamoto,23.34,150,146,20,Japan,Asia,Asia,1991.0,149,,146.0,,,,146.0,,,40.53520237495981
giacomo-nizzolo,21.27,106,85,287,Italy,Europe,Southern Europe,1989.0,87,88.0,86.0,94.0,48.0,69.0,91.0,96.0,4.0,64.98125843846725
liam-bertazzo,23.15,134,125,41,Italy,Europe,Southern Europe,1992.0,125,,125.0,,,140.0,122.0,,,40.20133780081965
ivan-savitskiy,21.74,100,99,36,Russia,Asia,Asia,1992.0,99,,99.0,,,66.0,101.0,,,65.603692308013
riccardo-stacchiotti,21.85,148,135,49,Italy,Europe,Southern Europe,1991.0,136,100.0,142.0,,97.0,97.0,142.0,100.0,,44.448165943965705
jack-bobridge,20.06,145,137,114,Australia,Oceania,Oceania,1989.0,141,,140.0,113.0,,151.0,136.0,,,46.6569042398152
albert-timmer,22.26,129,124,313,Netherlands,Europe,Western Europe,1985.0,126,143.0,112.0,132.0,,114.0,114.0,133.0,,39.09882207020808
artur-ershov,20.45,167,144,15,Russia,Asia,Asia,1990.0,144,,144.0,,,179.0,141.0,,,48.76396015013352
bert-de-backer,21.8,118,113,139,Belgium,Europe,Western Europe,1984.0,118,76.0,116.0,113.0,70.0,100.0,119.0,115.0,37.0,47.83714509935125
cheng-ji,21.15,160,152,112,China,Asia,Asia,1987.0,154,172.0,140.0,169.0,,156.0,139.0,171.0,,31.64069923585523
nicola-ruffoni,23.39,154,121,50,Italy,Europe,Southern Europe,1990.0,120,,121.0,,,134.0,115.0,,,66.46496698814116
boy-van-poppel,22.55,114,108,227,Netherlands,Europe,Western Europe,1988.0,110,145.0,106.0,108.0,93.0,96.0,106.0,123.0,106.0,45.2807937070627
giuseppe-guerini,20.52,70,73,476,Italy,Europe,Southern Europe,1970.0,80,113.0,66.0,73.0,,86.0,56.0,93.0,18.0,47.30377743452853
laurent-madouas,20.23,55,61,235,France,Europe,Western Europe,1967.0,66,76.0,57.0,61.0,60.0,73.0,38.0,65.0,36.0,37.41646694364916
pascal-chanteur,20.96,43,52,248,France,Europe,Western Europe,1968.0,55,33.0,38.0,63.0,73.0,40.0,67.0,53.0,55.0,37.44563775477318
benoit-salmon,21.01,85,84,266,France,Europe,Western Europe,1974.0,90,102.0,80.0,85.0,,89.0,51.0,99.0,,46.19548475496656
fabrice-gougot,21.98,60,66,224,France,Europe,Western Europe,1971.0,69,49.0,79.0,65.0,,73.0,72.0,60.0,36.0,37.05082229715799
christophe-moreau,20.52,28,41,422,France,Europe,Western Europe,1971.0,44,16.0,44.0,40.0,,38.0,33.0,47.0,16.0,36.75250180886973
kevin-livingston,20.9,87,87,203,United States,America,America,1973.0,90,83.0,96.0,84.0,,82.0,86.0,88.0,,37.86031179594861
thierry-bourguignon,21.04,54,58,177,France,Europe,Western Europe,1962.0,63,61.0,55.0,59.0,,55.0,57.0,59.0,61.0,33.246978538220645
joona-laukka,22.96302878633003,72,75,114,Finland,Europe,Northern Europe,1972.0,80,86.0,62.0,75.0,70.0,59.0,58.0,87.0,,39.065143902141415
miguel-arroyo,22.76,66,75,83,Mexico,America,America,1966.0,89,89.0,48.0,77.0,,24.0,27.0,87.0,18.0,48.11237641222616
francois-simon,21.85,23,41,309,France,Europe,Western Europe,1968.0,46,72.0,33.0,44.0,45.0,35.0,34.0,45.0,35.0,41.89930298709058
viatcheslav-djavanian,20.66,91,87,69,Russia,Asia,Asia,1969.0,99,34.0,89.0,85.0,,90.0,80.0,108.0,34.0,47.21057108493169
dominique-rault,20.10119075894192,102,101,72,France,Europe,Western Europe,1971.0,111,,72.0,107.0,,74.0,55.0,127.0,,46.47182665794888
david-delrieu,23.05,89,87,53,France,Europe,Western Europe,1971.0,92,48.0,106.0,85.0,,107.0,46.0,96.0,48.0,41.07406846351039
henk-vogels,22.4,78,80,155,Australia,Oceania,Oceania,1973.0,88,83.0,81.0,78.0,9.0,68.0,90.0,81.0,57.0,58.5109759861382
inigo-chaurreau-bernardez,20.28,60,66,360,Spain,Europe,Southern Europe,1973.0,69,60.0,78.0,64.0,,95.0,56.0,66.0,42.0,35.07743743699636
marco-zen,20.27251039664986,82,86,112,Italy,Europe,Southern Europe,1963.0,90,43.0,80.0,89.0,,108.0,64.0,95.0,43.0,38.66507591144877
daniele-sgnaolin,20.022990047263715,66,71,33,Italy,Europe,Southern Europe,1970.0,75,,69.0,72.0,,,63.0,75.0,,33.089238843961446
patrick-jonker,20.38,75,75,158,Australia,Oceania,Oceania,1969.0,85,92.0,51.0,83.0,,37.0,49.0,93.0,57.0,47.59174635090475
thierry-gouvenou,24.225532238605048,77,78,184,France,Europe,Western Europe,1969.0,88,88.0,45.0,91.0,42.0,48.0,58.0,93.0,,47.49574139042054
paul-van-hyfte,22.34,74,75,211,Belgium,Europe,Western Europe,1972.0,80,56.0,65.0,83.0,46.0,76.0,58.0,81.0,,38.86720733359792
giorgio-furlan,21.642358326460275,59,61,217,Italy,Europe,Southern Europe,1966.0,78,73.0,43.0,71.0,,26.0,45.0,86.0,21.0,45.33789716041255
laurent-genty,23.07070846126273,100,98,48,France,Europe,Western Europe,1971.0,102,,116.0,93.0,79.0,121.0,90.0,92.0,,44.51949429565015
christophe-rinero,21.97,80,82,236,France,Europe,Western Europe,1973.0,86,118.0,80.0,77.0,,87.0,61.0,95.0,67.0,43.27392017517947
mario-traversoni,22.310075571517064,83,70,122,Italy,Europe,Southern Europe,1972.0,75,80.0,60.0,73.0,,39.0,70.0,75.0,,60.14445420735669
mauro-gianetti,20.24,50,60,380,Switzerland,Europe,Western Europe,1964.0,71,47.0,46.0,78.0,,62.0,44.0,82.0,24.0,44.26158269986278
pascal-derame,23.620074441248587,113,111,113,France,Europe,Western Europe,1970.0,117,179.0,105.0,113.0,,92.0,101.0,122.0,,39.31625838248704
eros-poli,23.12,116,111,137,Italy,Europe,Southern Europe,1963.0,118,103.0,92.0,118.0,,101.0,82.0,120.0,,41.87221790198024
bruno-cenghialta,21.56,64,64,276,Italy,Europe,Southern Europe,1962.0,70,50.0,56.0,68.0,75.0,56.0,52.0,72.0,50.0,37.20725983532284
tyler-hamilton,21.97,43,49,298,United States,America,America,1971.0,52,59.0,45.0,50.0,,70.0,33.0,56.0,38.0,37.700827649889
arnaud-pretot,21.2,94,94,74,France,Europe,Western Europe,1971.0,99,68.0,88.0,100.0,,91.0,81.0,105.0,,39.043793466045
torsten-schmidt,22.78,104,100,105,Germany,Europe,Western Europe,1972.0,105,24.0,102.0,100.0,,84.0,99.0,112.0,24.0,49.98496477238634
carlo-finco,23.12086036901589,87,89,117,Italy,Europe,Southern Europe,1968.0,95,75.0,84.0,93.0,,79.0,73.0,112.0,,47.52106889990922
philippe-gaumont,22.26,66,76,120,France,Europe,Western Europe,1973.0,86,93.0,51.0,91.0,71.0,53.0,55.0,104.0,,59.69942217813637
rossano-brasi,22.91,90,89,185,Italy,Europe,Southern Europe,1972.0,92,90.0,70.0,97.0,66.0,66.0,82.0,98.0,,35.34089900081299
mirco-crepaldi,20.874336080629057,99,94,183,Italy,Europe,Southern Europe,1972.0,102,94.0,68.0,107.0,,62.0,82.0,110.0,,44.43344383866412
stephane-cueff,20.97504528242557,116,112,30,France,Europe,Western Europe,1969.0,112,,99.0,117.0,,99.0,,117.0,,40.37845391084068
laurent-desbiens,20.870452183787148,114,104,162,France,Europe,Western Europe,1969.0,111,186.0,93.0,107.0,50.0,78.0,91.0,116.0,,50.55610538230806
nicolas-jalabert,22.72,83,82,366,France,Europe,Western Europe,1973.0,87,120.0,72.0,85.0,44.0,71.0,62.0,100.0,23.0,46.87158102909245
arturas-kasputis,24.78,95,91,173,Lithuania,Europe,Northern Europe,1967.0,98,118.0,82.0,91.0,,75.0,75.0,101.0,,48.060476308309546
xavier-jan,20.48,78,86,87,France,Europe,Western Europe,1970.0,95,157.0,81.0,83.0,,85.0,53.0,115.0,42.0,49.57840703639276
michael-sandstod,22.84,126,112,40,Denmark,Europe,Northern Europe,1968.0,113,123.0,,102.0,,,,112.0,,49.91747035010735
gilles-maignan,22.86,100,97,100,France,Europe,Western Europe,1968.0,103,,64.0,104.0,,70.0,57.0,108.0,,46.12639092096779
damien-nazon,21.46,108,92,148,France,Europe,Western Europe,1974.0,95,,87.0,94.0,,87.0,87.0,95.0,,62.77239812053174
zoran-klemencic,20.83,120,98,84,Slovenia,Europe,Southern Europe,1976.0,102,127.0,102.0,52.0,,83.0,101.0,104.0,4.0,64.43790679772853
glenn-magnusson,21.85,72,74,150,Sweden,Europe,Northern Europe,1969.0,78,87.0,75.0,58.0,,72.0,69.0,80.0,37.0,56.49744861693946
nico-mattan,21.06,43,55,259,Belgium,Europe,Western Europe,1971.0,58,53.0,46.0,65.0,35.0,47.0,48.0,64.0,46.0,44.30657626817473
jaan-kirsipuu,24.97,28,59,178,Estonia,Europe,Northern Europe,1969.0,65,45.0,56.0,65.0,20.0,51.0,56.0,64.0,28.0,63.33690506688845
kurt-van-de-wouwer,20.83,48,55,239,Belgium,Europe,Western Europe,1971.0,58,67.0,51.0,53.0,,70.0,43.0,63.0,50.0,35.11028799447172
anthony-langella,21.5,118,116,92,France,Europe,Western Europe,1974.0,119,,124.0,114.0,,124.0,85.0,119.0,,36.42521578466473
marc-lotz,21.28,81,81,282,Netherlands,Europe,Western Europe,1973.0,85,96.0,77.0,80.0,32.0,67.0,77.0,91.0,40.0,37.76423509567116
lance-armstrong,22.72,27,36,419,United States,America,America,1971.0,39,38.0,44.0,34.0,50.0,52.0,28.0,38.0,3.0,34.92163913965188
javier-otxoa,20.53071776155476,87,91,75,Spain,Europe,Southern Europe,1974.0,94,,88.0,93.0,,35.0,83.0,99.0,,43.75477116841088
salvatore-commesso,24.54,82,79,339,Italy,Europe,Southern Europe,1975.0,83,89.0,85.0,72.0,,93.0,64.0,87.0,38.0,49.002832396366856
jonathan-vaughters,22.15,75,86,102,United States,America,America,1973.0,96,122.0,81.0,75.0,,81.0,33.0,114.0,,56.19696274378953
andrei-kivilev,20.66,36,45,175,Kazakhstan,Asia,Asia,1973.0,48,45.0,50.0,42.0,,40.0,46.0,46.0,59.0,32.779253721652054
david-plaza-romero,21.22,55,57,247,Spain,Europe,Southern Europe,1970.0,60,59.0,51.0,59.0,,46.0,49.0,61.0,,35.69089794576821
anthony-morin,22.12,80,84,174,France,Europe,Western Europe,1974.0,88,,76.0,86.0,,77.0,56.0,97.0,,38.523117682421415
sebastien-demarbaix,22.15,76,83,96,Belgium,Europe,Western Europe,1973.0,90,38.0,47.0,93.0,61.0,61.0,44.0,105.0,38.0,45.90920554212163
grzegorz-gwiazdowski,21.35819918943222,69,71,104,Poland,Europe,Eastern Europe,1974.0,73,71.0,73.0,70.0,,86.0,64.0,80.0,38.0,36.5764721121825
armin-meier,21.78,62,70,165,Switzerland,Europe,Western Europe,1969.0,76,102.0,63.0,68.0,,106.0,51.0,107.0,42.0,42.87552498822051
francisco-mancebo,20.9,25,37,362,Spain,Europe,Southern Europe,1976.0,39,23.0,41.0,41.0,,33.0,37.0,38.0,24.0,34.32811874337853
sven-montgomery,19.57,61,77,225,Switzerland,Europe,Western Europe,1976.0,84,114.0,65.0,74.0,,97.0,48.0,116.0,,53.66783568676482
martin-rittsel,22.09,94,92,80,Sweden,Europe,Northern Europe,1971.0,96,102.0,90.0,87.0,,95.0,69.0,99.0,,43.88583974791581
rik-verbrugghe,21.6,70,77,392,Belgium,Europe,Western Europe,1974.0,81,106.0,67.0,85.0,,75.0,63.0,98.0,98.0,50.75471990587719
olivier-perraudeau,19.46320396443517,80,82,61,France,Europe,Western Europe,1972.0,85,76.0,39.0,94.0,,39.0,,90.0,,54.46267584418974
santiago-botero,24.49,53,62,326,Colombia,America,America,1972.0,63,79.0,50.0,57.0,,58.0,47.0,69.0,78.0,45.25360065092637
carlos-alberto-contreras,22.39451950761305,64,72,85,Colombia,America,America,1973.0,77,46.0,77.0,81.0,,,61.0,79.0,,48.32028704442909
javier-pascual-llorente,23.53,60,65,166,Spain,Europe,Southern Europe,1971.0,67,69.0,64.0,64.0,,83.0,54.0,67.0,83.0,37.6683903362234
geert-van-bondt,21.91,98,96,137,Belgium,Europe,Western Europe,1970.0,102,98.0,88.0,113.0,39.0,84.0,94.0,108.0,,46.95845162074056
steffen-kjaergaard,22.59,105,103,110,Norway,Europe,Northern Europe,1973.0,107,120.0,116.0,96.0,,131.0,83.0,116.0,,39.63314254917976
francisco-leon,23.69872648362312,102,97,136,Spain,Europe,Southern Europe,1973.0,100,106.0,94.0,96.0,,111.0,82.0,117.0,,37.907121904301015
kim-andersen,22.84769560566784,37,44,190,Denmark,Europe,Northern Europe,1958.0,52,37.0,28.0,53.0,,18.0,39.0,52.0,46.0,37.18893635090581
jean-chassang,21.85505373185425,49,54,102,France,Europe,Western Europe,1951.0,61,12.0,13.0,59.0,,13.0,44.0,60.0,12.0,38.567249467760135
bernard-vallet,23.260849076854257,49,56,246,France,Europe,Western Europe,1954.0,65,35.0,22.0,62.0,,16.0,38.0,63.0,,41.38051199363637
jacques-michaud,22.41903360022223,48,48,117,France,Europe,Western Europe,1951.0,48,,25.0,48.0,,,46.0,48.0,,22.734788672298325
ronald-de-witte,20.81490123531618,49,47,78,Belgium,Europe,Western Europe,1946.0,64,6.0,18.0,65.0,,25.0,21.0,71.0,7.0,34.88669877735282
regis-clere,22.67485084246444,38,55,178,France,Europe,Western Europe,1956.0,67,37.0,18.0,71.0,,12.0,24.0,73.0,55.0,48.29426696484854
eddy-planckaert,22.02,8,37,212,Belgium,Europe,Western Europe,1958.0,58,,13.0,64.0,6.0,9.0,22.0,64.0,,52.33205424457911
didier-vanoverschelde,20.40861285224436,31,41,119,France,Europe,Western Europe,1952.0,43,,23.0,42.0,,8.0,52.0,39.0,,33.40428379352623
jonathan-boyer,22.89855020701696,42,49,132,United States,America,America,1955.0,53,35.0,31.0,51.0,,22.0,40.0,51.0,,30.5174057189642
jean-francois-rodriguez,22.806348113900636,48,56,80,France,Europe,Western Europe,1957.0,58,,59.0,56.0,,41.0,65.0,55.0,,34.56499793546183
graham-jones,21.408519099281783,47,53,105,Great Britain,Europe,Northern Europe,1957.0,59,31.0,21.0,58.0,,11.0,45.0,59.0,10.0,38.29352607418308
ludo-peeters,21.86999880896047,48,53,301,Belgium,Europe,Western Europe,1953.0,64,7.0,21.0,63.0,,23.0,29.0,64.0,3.0,42.167528563057616
daniel-willems,24.102199428091257,15,29,106,Belgium,Europe,Western Europe,1956.0,37,15.0,18.0,34.0,15.0,17.0,17.0,40.0,15.0,30.950328289114363
albert-zweifel,24.35383551930088,31,46,44,Switzerland,Europe,Western Europe,1949.0,75,,10.0,53.0,,,22.0,82.0,,45.706128816784414
alberto-fernandez-blanco,20.01175121273121,28,38,134,Spain,Europe,Southern Europe,1955.0,47,15.0,21.0,54.0,,34.0,25.0,48.0,45.0,33.93891679095772
hennie-stamsnijder,22.77959171290343,73,75,39,Netherlands,Europe,Western Europe,1954.0,78,,32.0,79.0,,18.0,73.0,81.0,,27.153882472555072
patrick-moerlen,21.905696217088305,86,79,80,Switzerland,Europe,Western Europe,1955.0,89,,19.0,86.0,,19.0,44.0,93.0,,40.80161753743209
marc-durant,23.800270051640613,59,64,135,France,Europe,Western Europe,1955.0,69,,36.0,69.0,,24.0,53.0,68.0,,35.18259563948421
robert-alban,21.06365927434835,42,44,154,France,Europe,Western Europe,1952.0,49,26.0,18.0,46.0,,,39.0,45.0,,30.15308535042032
hubert-arbes,20.54012362964853,70,72,78,France,Europe,Western Europe,1950.0,73,,51.0,73.0,,51.0,86.0,70.0,,31.41535307655173
jean-paul-hosotte,22.89245090353144,98,76,27,France,Europe,Western Europe,1955.0,86,,12.0,87.0,,12.0,83.0,89.0,,40.62264676506727
alain-meslet,20.99892928279688,67,66,59,France,Europe,Western Europe,1950.0,67,,,66.0,,,75.0,63.0,,29.673402440408054
hendrik-devos,19.998614229918797,97,94,217,Belgium,Europe,Western Europe,1955.0,100,29.0,38.0,95.0,,,95.0,94.0,,41.735070834564745
fernando-mendes,21.52124250540914,128,117,6,Portugal,Europe,Southern Europe,1946.0,117,,,117.0,,,112.0,145.0,,31.23086080572655
patrick-hosotte,22.37271163432365,52,56,28,France,Europe,Western Europe,1957.0,65,,11.0,64.0,,11.0,65.0,63.0,,40.27767378202228
eugene-urbany,19.89619993664534,79,79,79,Luxembourg,Europe,Western Europe,1957.0,83,,52.0,84.0,,,70.0,82.0,,36.39846289702111
theo-de-rooy,21.78,67,71,229,Netherlands,Europe,Western Europe,1957.0,82,42.0,37.0,77.0,,63.0,33.0,84.0,3.0,49.26630347961911
ronny-claes,23.18801736468981,50,61,55,Belgium,Europe,Western Europe,1957.0,65,,37.0,63.0,,,35.0,71.0,,41.32794034546911
ismael-lejarreta,23.14571739612568,64,65,100,Spain,Europe,Southern Europe,1953.0,76,20.0,41.0,76.0,,19.0,55.0,70.0,33.0,40.56451526876539
christian-levavasseur,22.430046703171023,81,80,97,France,Europe,Western Europe,1956.0,84,,53.0,81.0,,13.0,75.0,82.0,,41.26279609920296
rudy-colman,21.76263716705626,54,61,42,Belgium,Europe,Western Europe,1956.0,67,,35.0,67.0,,34.0,62.0,62.0,,33.5386822277637
ludo-delcroix,20.62848987064601,55,57,113,Belgium,Europe,Western Europe,1950.0,64,,22.0,66.0,,20.0,45.0,65.0,,34.289305608896896
hubert-linard,20.525049905277303,58,63,152,France,Europe,Western Europe,1953.0,68,26.0,31.0,66.0,,13.0,44.0,69.0,26.0,38.1137059793267
roger-de-cnijf,22.092339465604187,61,60,80,Belgium,Europe,Western Europe,1956.0,66,,32.0,71.0,,21.0,49.0,70.0,,35.243041776652674
dirk-wayenberg,21.11748379919335,90,90,106,Belgium,Europe,Western Europe,1955.0,97,,35.0,92.0,,22.0,76.0,94.0,,46.89005032421066
didier-lebaud,20.829622401563164,53,57,58,France,Europe,Western Europe,1954.0,64,,27.0,72.0,,,44.0,71.0,,34.54899989622566
urs-freuler,23.38548706622008,6,22,62,Switzerland,Europe,Western Europe,1958.0,42,18.0,24.0,21.0,,45.0,16.0,34.0,,33.650771240443795
jan-nevens,19.61,92,90,152,Belgium,Europe,Western Europe,1958.0,101,33.0,35.0,97.0,72.0,72.0,42.0,99.0,,57.960771084101744
bernard-becaas,22.780413962364843,68,70,102,France,Europe,Western Europe,1955.0,74,27.0,54.0,75.0,,,69.0,72.0,27.0,27.566928492231884
claude-vincendeau,23.973077283034588,96,93,60,France,Europe,Western Europe,1954.0,97,,43.0,95.0,,,100.0,91.0,,37.42401340932072
leo-wellens,21.40351622919161,97,84,28,Belgium,Europe,Western Europe,1959.0,90,,36.0,88.0,,36.0,68.0,94.0,,40.69235462427464
roland-liboton,22.324883432765866,109,92,15,Belgium,Europe,Western Europe,1957.0,92,,,92.0,,,107.0,85.0,,41.17188129687311
eric-vandeperre,21.34834686254686,117,111,11,Belgium,Europe,Western Europe,1957.0,111,,,111.0,,,122.0,102.0,,30.17554699361117
eddy-verstraeten,21.464169278279964,103,89,27,Belgium,Europe,Western Europe,1948.0,99,,22.0,101.0,,35.0,71.0,101.0,,38.318875013969055
marc-dierickx,21.75196006321445,97,94,109,Belgium,Europe,Western Europe,1954.0,97,,62.0,96.0,97.0,63.0,93.0,96.0,,27.657911612297347
avelino-perea,22.07965888832787,106,100,12,Spain,Europe,Southern Europe,1957.0,102,,,100.0,,,121.0,86.0,,33.75446098464077
patrick-clerc,22.591034874115596,61,71,91,France,Europe,Western Europe,1957.0,78,,46.0,75.0,,7.0,63.0,75.0,,41.67342362794588
adri-van-houwelingen,19.352820643354693,72,71,94,Netherlands,Europe,Western Europe,1953.0,76,,30.0,78.0,,31.0,68.0,75.0,,39.2303922844526
jan-bogaert,23.47160977895892,42,65,86,Belgium,Europe,Western Europe,1957.0,83,40.0,33.0,90.0,22.0,30.0,48.0,97.0,,51.70811614210869
jose-luis-mayoz-aizpurua,20.049997028852697,90,87,41,Spain,Europe,Southern Europe,1954.0,92,,19.0,89.0,,19.0,104.0,84.0,,33.64725553262924
paulino-martinez,25.83,106,81,44,Spain,Europe,Southern Europe,1952.0,95,24.0,30.0,107.0,,,85.0,79.0,,45.21484419199688
luc-de-grauwe,19.576488155488203,104,96,24,Belgium,Europe,Western Europe,1956.0,98,,59.0,98.0,,,102.0,94.0,,38.95175388136949
alain-de-roo,18.26803456404502,108,99,59,Belgium,Europe,Western Europe,1955.0,104,,57.0,113.0,,21.0,71.0,114.0,,37.27763998720654
franky-de-gendt,22.8711284647886,94,88,52,Belgium,Europe,Western Europe,1952.0,94,,54.0,99.0,,,66.0,99.0,,37.80522340952029
jacques-osmont,22.20608884390581,96,80,28,France,Europe,Western Europe,1954.0,85,,19.0,83.0,,,84.0,78.0,,52.36303625781804
frits-pirard,20.551412537310068,25,40,83,Netherlands,Europe,Western Europe,1954.0,52,,19.0,56.0,25.0,14.0,38.0,53.0,,36.55680430820408
johnny-broers,20.53988629288532,73,72,47,Netherlands,Europe,Western Europe,1959.0,88,,36.0,102.0,,25.0,56.0,103.0,,43.03800785653326
louis-luyten,19.62798616910949,115,114,65,Belgium,Europe,Western Europe,1955.0,120,,27.0,118.0,,20.0,117.0,117.0,,37.24043501357093
gerhard-schonbacher,20.831897789502044,93,88,73,Austria,Europe,Western Europe,1954.0,92,,50.0,90.0,,,95.0,85.0,,33.02984559685689
jan-van-houwelingen,20.941698580800622,81,76,91,Netherlands,Europe,Western Europe,1955.0,81,,49.0,81.0,,54.0,72.0,80.0,,41.30631280338972
johan-wellens2,21.22442345916986,113,104,23,Belgium,Europe,Western Europe,1956.0,105,,,104.0,,,136.0,95.0,,32.85962478044237
faustino-cueli,21.89294150878797,53,70,65,Spain,Europe,Southern Europe,1957.0,82,7.0,43.0,119.0,,96.0,52.0,110.0,,44.27333695786455
maurizio-fondriest,21.13,17,34,246,Italy,Europe,Southern Europe,1965.0,47,47.0,16.0,40.0,,9.0,21.0,50.0,23.0,39.0394356315304
miguel-indurain,22.35,16,40,373,Spain,Europe,Southern Europe,1964.0,52,34.0,24.0,46.0,,32.0,20.0,48.0,1.0,46.60888533554859
claudio-chiappucci,22.65,16,26,414,Italy,Europe,Southern Europe,1963.0,35,17.0,23.0,30.0,,22.0,22.0,32.0,11.0,28.942775898442942
juan-llaneras-rossello,20.06,106,86,19,Spain,Europe,Southern Europe,1969.0,109,95.0,94.0,10.0,,114.0,67.0,95.0,,57.338637045587454
alvaro-mejia,19.88,34,42,158,Colombia,America,America,1967.0,49,13.0,23.0,46.0,,53.0,19.0,47.0,,34.703060189548
antonio-martin,20.82912599268,38,53,25,Spain,Europe,Southern Europe,1970.0,66,3.0,,62.0,,,1.0,55.0,,49.87724932271225
jose-maria-ahedo,21.689011406715505,119,88,3,Spain,Europe,Southern Europe,1966.0,117,19.0,,123.0,,,,88.0,,60.17751518078271
jose-enrique-gutierrez-cataluna,21.84,32,42,321,Spain,Europe,Southern Europe,1974.0,43,47.0,37.0,41.0,,76.0,27.0,46.0,63.0,35.3778720089496
piotr-ugrumov,19.16,28,37,234,Latvia,Europe,Northern Europe,1961.0,48,17.0,39.0,38.0,,74.0,36.0,37.0,25.0,34.893573879883014
christopher-jenner,21.46,60,72,99,New Zealand,Oceania,Oceania,1974.0,75,65.0,63.0,78.0,,61.0,62.0,109.0,65.0,38.58898109521168
gian-mario-ortenzi,22.79,102,98,68,Italy,Europe,Southern Europe,1976.0,101,110.0,88.0,115.0,,76.0,100.0,113.0,32.0,40.67219164194051
vladislav-bobrik,20.72001089468142,41,51,128,Russia,Asia,Asia,1971.0,57,31.0,51.0,68.0,,65.0,40.0,56.0,16.0,34.831412556612975
graziano-recinella,20.725380338373338,121,105,24,Italy,Europe,Southern Europe,1975.0,104,,105.0,,,70.0,130.0,,,44.37339505160493
marco-vergnani,22.249382021561683,65,68,105,Italy,Europe,Southern Europe,1969.0,74,,78.0,47.0,,74.0,66.0,,,43.89496287238167
germano-pierdomenico,21.66853557062056,87,81,83,Italy,Europe,Southern Europe,1967.0,94,109.0,77.0,80.0,,69.0,81.0,112.0,,53.6895687388208
stephane-berges,20.76,119,120,89,France,Europe,Western Europe,1975.0,124,156.0,90.0,130.0,,96.0,84.0,139.0,,41.04819472390874
aldo-zanetti,19.013521725355066,104,96,17,Italy,Europe,Southern Europe,1975.0,96,,94.0,107.0,,102.0,92.0,,,38.78143885933064
ruben-galvan,19.59914443401754,66,71,25,Spain,Europe,Southern Europe,1974.0,75,,72.0,67.0,,66.0,80.0,,,48.38260706769185
cyril-saugrain,21.45,105,104,76,France,Europe,Western Europe,1973.0,111,118.0,78.0,118.0,,82.0,69.0,130.0,,48.64844708219135
samuel-plouhinec,20.57,92,92,20,France,Europe,Western Europe,1976.0,92,,93.0,91.0,,93.0,91.0,,,28.885390588906432
cristian-salvato,22.812226792660944,102,99,160,Italy,Europe,Southern Europe,1971.0,102,93.0,107.0,97.0,,117.0,96.0,96.0,,39.99216904477251
francisco-tomas-garcia-rodriguez,21.93,86,83,98,Spain,Europe,Southern Europe,1975.0,87,71.0,99.0,83.0,,100.0,80.0,80.0,,41.161539746498136
alexei-sivakov,21.04,67,67,163,Russia,Asia,Asia,1972.0,73,103.0,69.0,57.0,,78.0,52.0,82.0,84.0,45.01677672911172
maurizio-caravaggio,22.3497063038732,96,101,22,Italy,Europe,Southern Europe,1976.0,105,,105.0,92.0,,105.0,86.0,136.0,,39.78959815343856
cristiano-colleoni,22.616455997032062,100,81,16,Italy,Europe,Southern Europe,1974.0,93,,86.0,70.0,,86.0,70.0,,,52.12800750716132
alessio-girelli,22.3233630120312,128,125,21,Italy,Europe,Southern Europe,1972.0,126,,125.0,,,128.0,123.0,,,29.050202851516985
andre-korff,19.832009078084333,110,100,157,Germany,Europe,Western Europe,1973.0,103,109.0,100.0,90.0,57.0,97.0,98.0,107.0,,47.75003559233316
guido-wirz,20.725435967700832,141,139,25,Switzerland,Europe,Western Europe,1972.0,144,164.0,155.0,100.0,,155.0,100.0,164.0,,38.93490293639714
oleg-joukov,20.88907802256046,92,109,9,Russia,Asia,Asia,1976.0,112,78.0,112.0,,,112.0,,,78.0,42.444080859408416
fulvio-frigo,22.18311229005108,19,60,10,Italy,Europe,Southern Europe,1973.0,72,,60.0,,,60.0,,,,62.842749073469975
leonardo-guidi,22.81122696495473,96,91,55,Italy,Europe,Southern Europe,1974.0,93,96.0,74.0,94.0,,74.0,92.0,96.0,,48.99310746548517
pietro-zucconi,21.55,95,96,112,Switzerland,Europe,Western Europe,1975.0,102,116.0,101.0,70.0,,115.0,74.0,119.0,47.0,38.808339237040215
steven-de-jongh,24.54,86,80,298,Netherlands,Europe,Western Europe,1973.0,85,112.0,70.0,85.0,27.0,66.0,78.0,94.0,93.0,48.440960493782654
arnoldas-saprykinas,21.355678300085582,106,101,31,Lithuania,Europe,Northern Europe,1973.0,101,94.0,117.0,,,123.0,71.0,94.0,,39.70856195423247
emanuele-lupi,19.003803906652813,97,93,27,Italy,Europe,Southern Europe,1969.0,108,55.0,96.0,94.0,,96.0,94.0,,55.0,44.77258140406968
jerome-delbove,20.67267558045787,106,110,25,France,Europe,Western Europe,1974.0,115,,115.0,94.0,,167.0,96.0,,,38.48514865070248
giuseppe-di-fresco,19.901257332628383,124,116,8,Italy,Europe,Southern Europe,1973.0,117,,116.0,,,116.0,,,,48.36007060139004
marco-bellini,18.646420954488427,107,95,11,Italy,Europe,Southern Europe,1969.0,116,,104.0,8.0,,104.0,8.0,,,49.70970272949282
franck-perque,22.55,106,108,36,France,Europe,Western Europe,1974.0,116,,131.0,86.0,,144.0,89.0,,,44.72231785457585
jerome-neuville,23.06,100,103,8,France,Europe,Western Europe,1975.0,104,,103.0,,,103.0,,,,42.24418810406265
frederic-delalande,20.26664662639976,120,126,8,France,Europe,Western Europe,1969.0,126,,126.0,,,126.0,,,,26.246088143895708
daniel-ribera,22.71323823589568,172,162,5,Spain,Europe,Southern Europe,1975.0,162,,162.0,,,162.0,,,,36.84698088039236
giancarlo-raimondi,20.30731176407072,105,89,106,Italy,Europe,Southern Europe,1972.0,90,85.0,106.0,77.0,,117.0,93.0,83.0,,56.09239025379954
denis-leproux,20.16261179595763,82,106,15,France,Europe,Western Europe,1964.0,123,,162.0,56.0,,162.0,56.0,,,58.01083642611217
christian-auriemma,21.673609876462024,167,156,5,Italy,Europe,Southern Europe,1974.0,156,,156.0,,,156.0,,,,37.35237609577201
enrico-degano,20.53,144,124,78,Italy,Europe,Southern Europe,1976.0,127,183.0,125.0,74.0,,136.0,117.0,123.0,,63.379846915285256
franck-pencole,21.86,68,78,23,France,Europe,Western Europe,1976.0,92,,89.0,65.0,,94.0,62.0,,,53.61722040642047
roger-beuchat,21.45,95,89,124,Switzerland,Europe,Western Europe,1972.0,93,100.0,91.0,82.0,,105.0,80.0,107.0,57.0,43.36147082202054
cristiano-mancini,20.93605612602253,171,173,8,Italy,Europe,Southern Europe,1974.0,174,,173.0,,,173.0,,,,12.586131823785829
enrico-barbin,21.77,117,109,121,Italy,Europe,Southern Europe,1990.0,110,66.0,110.0,21.0,,112.0,109.0,,66.0,47.69361439432422
evgeny-shalunov,21.6,108,104,26,Russia,Asia,Asia,1992.0,109,,104.0,,,35.0,125.0,,,60.79297783334975
davide-martinelli,20.52,105,106,81,Italy,Europe,Southern Europe,1993.0,107,100.0,106.0,121.0,96.0,105.0,107.0,103.0,86.0,39.38086816942685
iljo-keisse,21.5,117,111,250,Belgium,Europe,Western Europe,1982.0,114,112.0,110.0,117.0,76.0,84.0,115.0,126.0,110.0,43.341016495271234
julien-berard,20.45,106,103,179,France,Europe,Western Europe,1987.0,105,103.0,106.0,85.0,,115.0,104.0,97.0,,34.06708001309943
vincenzo-albanese,22.86,78,78,94,Italy,Europe,Southern Europe,1996.0,79,,77.0,134.0,,81.0,76.0,134.0,,54.0291838828804
jan-barta,22.15,86,84,205,Czech Republic,Europe,Eastern Europe,1984.0,85,81.0,86.0,83.0,,77.0,88.0,83.0,80.0,39.25299794817786
marcin-bialoblocki,21.21,166,150,21,Poland,Europe,Eastern Europe,1983.0,151,,150.0,,135.0,135.0,150.0,,,46.927958972592585
giuseppe-fonzi,19.44,158,152,41,Italy,Europe,Southern Europe,1991.0,153,,152.0,,,,152.0,,,24.92990172463582
zhandos-bizhigitov,20.62,139,134,33,Kazakhstan,Asia,Asia,1991.0,137,79.0,135.0,,,110.0,141.0,79.0,,37.85988922489358
kristijan-koren,21.5,80,81,379,Slovenia,Europe,Southern Europe,1986.0,82,79.0,75.0,85.0,35.0,70.0,70.0,95.0,,40.213620189000274
thierry-claveyrolat,20.22303542734901,58,67,210,France,Europe,Western Europe,1959.0,78,19.0,36.0,70.0,,36.0,31.0,74.0,,51.6527568572546
huub-duijn,21.56,79,85,43,Netherlands,Europe,Western Europe,1984.0,89,115.0,84.0,83.0,85.0,76.0,89.0,,115.0,41.338861131453854
pierrick-fedrigo,22.31,85,85,459,France,Europe,Western Europe,1978.0,89,80.0,83.0,87.0,,98.0,70.0,93.0,,44.07699186925416
marc-de-maar,20.68,85,91,149,Netherlands,Europe,Western Europe,1984.0,93,90.0,88.0,102.0,31.0,78.0,94.0,95.0,89.0,44.62136593428607
maurits-lammertink,21.36,78,80,164,Netherlands,Europe,Western Europe,1990.0,83,67.0,79.0,84.0,,72.0,80.0,88.0,84.0,42.93632908771959
thomas-sprengers,19.15,61,67,29,Belgium,Europe,Western Europe,1990.0,68,82.0,66.0,,57.0,61.0,68.0,53.0,97.0,23.289514332259326
mirko-selvaggi,19.2,86,85,128,Italy,Europe,Southern Europe,1985.0,87,78.0,85.0,89.0,42.0,74.0,91.0,76.0,,39.97789743676581
johnny-hoogerland,20.29,73,82,242,Netherlands,Europe,Western Europe,1983.0,87,59.0,80.0,95.0,66.0,63.0,88.0,85.0,4.0,46.92602675747474
arthur-vichot,21.86,73,73,318,France,Europe,Western Europe,1988.0,75,59.0,63.0,81.0,,62.0,70.0,81.0,,45.12043109704069
pieter-weening,19.66,76,80,545,Netherlands,Europe,Western Europe,1981.0,82,77.0,70.0,93.0,,78.0,69.0,95.0,71.0,44.0068550564453
caleb-fairly,20.76,126,119,100,United States,America,America,1987.0,123,111.0,121.0,120.0,,134.0,118.0,117.0,,38.93830914654512
nathan-haas,22.41,97,94,224,Australia,Oceania,Oceania,1989.0,98,102.0,93.0,91.0,86.0,83.0,85.0,111.0,109.0,51.25003535099794
jose-rodolfo-serpa,20.2,74,76,321,Colombia,America,America,1979.0,78,97.0,69.0,89.0,,59.0,72.0,95.0,30.0,41.21060494921634
youcef-reguigui,23.32,119,105,67,Algeria,Africa,Africa,1990.0,105,118.0,105.0,100.0,,101.0,102.0,112.0,,46.19534065211255
jerome-baugnies,21.06,100,102,47,Belgium,Europe,Western Europe,1987.0,109,,100.0,112.0,85.0,121.0,85.0,,,46.791683124469046
mike-terpstra,17.92,85,87,3,Netherlands,Europe,Western Europe,1987.0,89,,100.0,,61.0,61.0,100.0,,,26.539279065817396
preben-van-hecke,21.53,102,103,125,Belgium,Europe,Western Europe,1982.0,108,98.0,107.0,99.0,78.0,68.0,107.0,109.0,78.0,41.37092948498514
patrick-schelling,20.38,62,64,20,Switzerland,Europe,Western Europe,1990.0,65,121.0,79.0,42.0,,,62.0,,121.0,35.94806194907782
pieter-vanspeybrouck,21.97,96,88,72,Belgium,Europe,Western Europe,1987.0,88,,96.0,81.0,85.0,88.0,101.0,73.0,,47.758160983564686
angelo-tulik,20.66,98,99,130,France,Europe,Western Europe,1990.0,101,43.0,100.0,101.0,61.0,100.0,96.0,101.0,,40.21277709709272
davide-frattini,19.44,98,104,24,Italy,Europe,Southern Europe,1978.0,112,172.0,111.0,77.0,,89.0,87.0,153.0,,45.30444518613144
daniele-ratto,22.84,100,93,113,Italy,Europe,Southern Europe,1989.0,95,91.0,84.0,116.0,,58.0,98.0,113.0,,53.92883620299868
reinier-honig,19.69,136,132,18,Netherlands,Europe,Western Europe,1983.0,134,106.0,134.0,,,143.0,127.0,,106.0,20.745658652864616
dominik-nerz,20.68,47,57,220,Germany,Europe,Western Europe,1989.0,57,38.0,61.0,61.0,,66.0,59.0,51.0,30.0,35.75997075655622
yannick-martinez,22.28,94,91,46,France,Europe,Western Europe,1988.0,93,101.0,94.0,84.0,74.0,100.0,73.0,101.0,,57.21555141455423
guillaume-levarlet,20.01,74,81,129,France,Europe,Western Europe,1985.0,82,64.0,77.0,87.0,,83.0,78.0,83.0,,44.48402236898132
johan-le-bon,21.6,108,103,119,France,Europe,Western Europe,1990.0,105,104.0,97.0,117.0,76.0,101.0,95.0,117.0,,48.12359313780899
pirmin-lang,21.8,141,135,38,Switzerland,Europe,Western Europe,1984.0,137,134.0,121.0,167.0,121.0,124.0,120.0,147.0,,36.00940291300013
jesse-sergent,21.28,110,103,101,New Zealand,Oceania,Oceania,1988.0,105,95.0,103.0,112.0,62.0,96.0,104.0,107.0,,43.39191648039511
julian-david-arredondo,21.56,97,92,95,Colombia,America,America,1988.0,94,134.0,82.0,101.0,,76.0,81.0,116.0,,53.44711360744867
marcel-aregger,20.9,107,108,52,Switzerland,Europe,Western Europe,1990.0,108,108.0,114.0,103.0,,109.0,119.0,106.0,,29.411241322643345
lloyd-mondory,21.55,87,77,279,France,Europe,Western Europe,1982.0,78,86.0,67.0,83.0,45.0,68.0,82.0,80.0,,52.70015743273382
vegard-breen,21.16,120,116,65,Norway,Europe,Northern Europe,1990.0,120,114.0,78.0,122.0,122.0,73.0,93.0,132.0,,44.30699284971409
nikolas-maes,21.61,105,95,220,Belgium,Europe,Western Europe,1986.0,98,101.0,87.0,110.0,55.0,82.0,98.0,105.0,,47.86176476436576
gerald-ciolek,23.41,106,91,250,Germany,Europe,Western Europe,1986.0,94,120.0,90.0,86.0,69.0,88.0,85.0,96.0,,59.86777411521193
johan-vansummeren,20.36,82,88,504,Belgium,Europe,Western Europe,1981.0,90,85.0,79.0,94.0,48.0,76.0,78.0,97.0,56.0,43.62713481107442
francesco-lasca,20.06,146,127,40,Italy,Europe,Southern Europe,1988.0,128,127.0,,127.0,,,,127.0,,53.72460043879054
adriano-malori,20.53,97,95,206,Italy,Europe,Southern Europe,1988.0,97,88.0,81.0,110.0,,71.0,88.0,112.0,,45.192021701618046
matteo-pelucchi,22.34,157,142,59,Italy,Europe,Southern Europe,1989.0,144,185.0,145.0,145.0,88.0,130.0,145.0,160.0,,55.028970638973774
yauheni-hutarovich,22.41,108,95,145,Belarus,Europe,Eastern Europe,1983.0,98,87.0,92.0,105.0,62.0,91.0,104.0,97.0,40.0,57.59497819610631
damien-gaudin,23.55,133,117,187,France,Europe,Western Europe,1986.0,121,135.0,109.0,123.0,93.0,109.0,104.0,132.0,,46.62163130016837
nacer-bouhanni,21.22,85,82,202,France,Europe,Western Europe,1990.0,83,64.0,73.0,91.0,,54.0,93.0,94.0,31.0,72.42823189835832
robert-wagner,21.68,133,122,155,Germany,Europe,Western Europe,1983.0,125,115.0,100.0,140.0,78.0,102.0,106.0,132.0,,44.54537092918975
oscar-gatto,22.13,104,95,328,Italy,Europe,Southern Europe,1985.0,98,108.0,94.0,101.0,28.0,72.0,102.0,110.0,,54.18352108241208
matthias-krizek,21.39,100,109,39,Austria,Europe,Western Europe,1988.0,111,115.0,109.0,106.0,,101.0,101.0,116.0,,35.88239900988302
geoffrey-soupe,22.34,106,99,208,France,Europe,Western Europe,1988.0,99,99.0,89.0,108.0,,100.0,92.0,104.0,93.0,51.13429829656099
jonathan-fumeaux,19.25,92,95,76,Switzerland,Europe,Western Europe,1988.0,98,110.0,83.0,99.0,,,82.0,128.0,,40.616052051012126
daniil-fominykh,20.45,113,116,61,Kazakhstan,Asia,Asia,1991.0,119,125.0,114.0,120.0,79.0,114.0,99.0,143.0,,38.66084137389802
dan-craven,22.15,142,130,20,Namibia,Africa,Africa,1983.0,131,121.0,,144.0,,,,130.0,,36.37682894660455
karol-domagalski,20.89,123,118,27,Poland,Europe,Eastern Europe,1989.0,119,117.0,109.0,129.0,,109.0,,122.0,,40.56727380171983
laurent-mangel,21.83,117,115,149,France,Europe,Western Europe,1981.0,118,134.0,104.0,125.0,,112.0,101.0,137.0,,43.24898386642119
sebastien-turgot,22.78,91,83,160,France,Europe,Western Europe,1984.0,86,132.0,73.0,88.0,27.0,72.0,88.0,92.0,,51.752603009307606
gert-joeaar,22.79,146,127,25,Estonia,Europe,Northern Europe,1987.0,130,127.0,86.0,150.0,99.0,81.0,100.0,136.0,,47.818476206030105
elia-favilli,20.62,110,108,143,Italy,Europe,Southern Europe,1989.0,111,106.0,104.0,115.0,141.0,80.0,111.0,119.0,52.0,53.6530663761823
dominic-klemme,22.72,140,140,55,Germany,Europe,Western Europe,1986.0,145,151.0,121.0,173.0,92.0,122.0,105.0,159.0,,39.34623996427866
andrea-guardini,21.55,159,143,51,Italy,Europe,Southern Europe,1989.0,144,151.0,140.0,140.0,,142.0,140.0,147.0,,48.005351008926034
jose-humberto-rujano,18.29,61,62,122,Venezuela,America,America,1982.0,62,60.0,60.0,86.0,,106.0,60.0,60.0,,41.44703111229202
john-gadret,20.07,61,67,373,France,Europe,Western Europe,1979.0,69,67.0,59.0,78.0,,60.0,59.0,82.0,32.0,46.50547544587626
francesco-masciarelli,18.17,69,63,57,Italy,Europe,Southern Europe,1986.0,65,22.0,65.0,,,80.0,60.0,,22.0,41.639166363396335
thomas-lofkvist,20.23,45,51,414,Sweden,Europe,Northern Europe,1984.0,52,64.0,47.0,53.0,,43.0,46.0,62.0,30.0,33.43360081944628
carlos-jose-ochoa,19.14,75,81,105,Venezuela,America,America,1980.0,82,91.0,80.0,135.0,,,80.0,91.0,,37.31469478484914
cyril-dessel,19.23,82,82,352,France,Europe,Western Europe,1974.0,85,100.0,82.0,77.0,,78.0,69.0,98.0,111.0,39.91230837088177
lars-petter-nordhaug,20.34,71,76,185,Norway,Europe,Northern Europe,1984.0,80,43.0,75.0,85.0,,82.0,78.0,69.0,39.0,45.23511044964192
filippo-savini,21.60486112861188,111,107,37,Italy,Europe,Southern Europe,1985.0,111,,107.0,,,90.0,118.0,,,49.42883986308206
david-blanco,22.098950323259825,56,60,100,Spain,Europe,Southern Europe,1975.0,62,42.0,79.0,68.0,,,79.0,48.0,,36.70063853241342
carlos-oyarzun,19.49,110,108,22,Chile,America,America,1981.0,108,118.0,107.0,,,,107.0,118.0,,23.793529259696523
addy-engels,19.54,112,109,426,Netherlands,Europe,Western Europe,1977.0,111,115.0,106.0,117.0,,105.0,104.0,122.0,,42.19400053684775
luis-pasamontes,20.81,49,54,244,Spain,Europe,Southern Europe,1979.0,54,50.0,55.0,56.0,,48.0,58.0,52.0,,30.09997592857223
simone-stortoni,20.66,96,98,171,Italy,Europe,Southern Europe,1985.0,99,114.0,97.0,98.0,,91.0,98.0,101.0,,40.41243341697951
giampaolo-cheula,19.57,110,110,208,Italy,Europe,Southern Europe,1979.0,113,121.0,105.0,115.0,,99.0,104.0,122.0,,37.65728781677389
bjorn-selander,22.22,103,104,27,United States,America,America,1988.0,105,,104.0,,,103.0,105.0,,,38.969123579990764
aliaksandr-kuchynski,19.62,90,89,328,Belarus,Europe,Eastern Europe,1979.0,92,99.0,83.0,93.0,54.0,68.0,88.0,99.0,84.0,41.5998108000055
francesco-reda,21.85,116,110,118,Italy,Europe,Southern Europe,1982.0,116,34.0,106.0,140.0,,74.0,116.0,124.0,36.0,48.03887133869687
fabio-taborre,20.83,101,96,48,Italy,Europe,Southern Europe,1985.0,96,102.0,96.0,,,84.0,104.0,,102.0,52.12559845396883
frederik-veuchelen,22.4,103,101,151,Belgium,Europe,Western Europe,1978.0,103,104.0,103.0,99.0,86.0,97.0,103.0,98.0,,31.247662694048955
simon-zahner,22.28,106,100,27,Switzerland,Europe,Western Europe,1983.0,100,,100.0,,,108.0,99.0,,,39.13021580791229
maxim-gourov,21.0,113,105,65,Kazakhstan,Asia,Asia,1979.0,107,71.0,110.0,89.0,,123.0,104.0,71.0,,37.08521890913497
kjell-carlstrom,21.37,92,94,260,Finland,Europe,Northern Europe,1976.0,97,105.0,96.0,87.0,,96.0,87.0,105.0,63.0,42.12976192570806
simon-spilak,21.95,48,56,400,Slovenia,Europe,Southern Europe,1986.0,59,57.0,48.0,70.0,,49.0,46.0,97.0,44.0,42.67852200582284
tiziano-dall-antonia,20.68,106,102,182,Italy,Europe,Southern Europe,1983.0,104,115.0,98.0,110.0,89.0,86.0,103.0,117.0,,45.546168151744936
chad-beyer,19.88,132,130,33,United States,America,America,1986.0,133,,130.0,,,107.0,137.0,,,30.573154940736863
alan-marangoni,21.62,112,110,207,Italy,Europe,Southern Europe,1984.0,112,128.0,108.0,115.0,,104.0,110.0,115.0,,33.85045826416481
olivier-kaisen,21.56,124,117,268,Belgium,Europe,Western Europe,1983.0,119,93.0,132.0,121.0,,140.0,125.0,103.0,107.0,40.50160416806607
dennis-van-winden,20.68,117,106,138,Netherlands,Europe,Western Europe,1987.0,108,107.0,108.0,103.0,84.0,108.0,108.0,105.0,58.0,52.09041159984309
federico-canuti,20.53,97,100,98,Italy,Europe,Southern Europe,1985.0,102,22.0,100.0,103.0,,87.0,107.0,99.0,22.0,40.008777703004746
klaas-lodewyck,21.6,109,99,103,Belgium,Europe,Western Europe,1988.0,100,99.0,104.0,89.0,68.0,85.0,112.0,91.0,,48.10760354800397
rick-flens,23.45,128,120,140,Netherlands,Europe,Western Europe,1983.0,122,,120.0,101.0,72.0,117.0,120.0,,,41.90765738112415
daniel-sesma,23.66,117,119,43,Spain,Europe,Southern Europe,1984.0,120,,124.0,107.0,,111.0,123.0,,,30.21854688528636
davide-ricci-bitti,18.52,128,130,26,Italy,Europe,Southern Europe,1984.0,135,,130.0,,,108.0,138.0,,,36.53702021448719
matteo-rabottini,23.163744642244826,82,82,88,Italy,Europe,Southern Europe,1987.0,85,18.0,83.0,89.0,,36.0,88.0,18.0,,50.68671448297247
giairo-ermeti,19.82,133,122,100,Italy,Europe,Southern Europe,1981.0,126,17.0,127.0,96.0,,121.0,125.0,,17.0,47.59050389107118
manuel-cardoso,21.85,114,94,89,Portugal,Europe,Southern Europe,1983.0,94,87.0,94.0,102.0,,66.0,116.0,90.0,,63.36197630170652
alex-rasmussen,25.44,134,120,89,Denmark,Europe,Northern Europe,1984.0,122,119.0,120.0,127.0,49.0,118.0,120.0,124.0,,48.7592714003957
kasper-klostergaard,20.83,128,121,119,Denmark,Europe,Northern Europe,1983.0,125,134.0,122.0,110.0,81.0,111.0,126.0,130.0,,37.11538842732729
francesco-chicchi,24.54,132,110,118,Italy,Europe,Southern Europe,1980.0,111,120.0,114.0,95.0,,108.0,113.0,102.0,,61.86878443152592
russell-downing,21.89,115,102,33,Great Britain,Europe,Northern Europe,1978.0,104,48.0,107.0,108.0,79.0,82.0,108.0,48.0,,52.54727308900919
matthew-goss,22.09,108,93,214,Australia,Oceania,Oceania,1986.0,94,81.0,89.0,100.0,135.0,80.0,97.0,95.0,,56.99769352582079
wouter-weylandt,21.27,109,91,107,Belgium,Europe,Western Europe,1984.0,93,89.0,92.0,111.0,45.0,96.0,86.0,92.0,,57.48279203995635
markus-eibegger,20.31,81,82,38,Austria,Europe,Western Europe,1984.0,85,72.0,67.0,130.0,,,67.0,119.0,,46.492577299548365
lucas-sebastian-haedo,21.38,118,108,106,Argentina,America,America,1983.0,108,124.0,99.0,126.0,100.0,103.0,101.0,132.0,,45.89320780803028
cameron-wurf,24.28,95,94,151,Australia,Oceania,Oceania,1983.0,96,96.0,93.0,91.0,112.0,90.0,94.0,103.0,91.0,35.99087203385289
iban-mayoz-echeverria,20.96,90,95,131,Spain,Europe,Southern Europe,1981.0,97,80.0,94.0,108.0,,110.0,90.0,103.0,,43.67171075891906
jackson-rodriguez,20.07,67,72,113,Venezuela,America,America,1985.0,72,,72.0,55.0,,74.0,72.0,,,42.17834515782766
alexander-efimkin,21.13,68,69,170,Russia,Asia,Asia,1981.0,71,68.0,64.0,84.0,,75.0,62.0,85.0,,39.733788700513344
xavier-tondo,20.53,42,46,115,Spain,Europe,Southern Europe,1978.0,46,37.0,46.0,69.0,,44.0,50.0,41.0,,31.865229167555647
linus-gerdemann,21.2,47,56,282,Germany,Europe,Western Europe,1982.0,56,84.0,46.0,57.0,,40.0,47.0,68.0,,40.85265352295042
mathieu-claude,21.3,124,114,68,France,Europe,Western Europe,1983.0,117,119.0,112.0,124.0,,71.0,116.0,124.0,,47.43590472487694
rene-mandri,19.49,66,73,96,Estonia,Europe,Northern Europe,1984.0,73,52.0,76.0,102.0,106.0,71.0,88.0,52.0,61.0,44.38545280891737
roman-kireyev,21.07,92,89,37,Kazakhstan,Asia,Asia,1987.0,89,85.0,89.0,,,106.0,86.0,,85.0,32.790260767508414
michiel-elijzen,21.7,93,90,66,Netherlands,Europe,Western Europe,1982.0,90,,89.0,90.0,127.0,104.0,83.0,,,42.652463399346985
florian-stalder,19.61,80,78,80,Switzerland,Europe,Western Europe,1982.0,80,72.0,88.0,74.0,,,77.0,82.0,,34.36319187293582
ludovic-turpin,19.72,80,82,321,France,Europe,Western Europe,1975.0,84,62.0,88.0,86.0,,86.0,77.0,85.0,56.0,39.65725185398746
anthony-ravard,21.71,113,98,50,France,Europe,Western Europe,1983.0,99,12.0,100.0,98.0,,96.0,101.0,12.0,,53.08954699373503
david-loosli,21.43,92,90,320,Switzerland,Europe,Western Europe,1980.0,92,96.0,88.0,90.0,,96.0,82.0,97.0,,38.77641884325072
francesco-failli,19.84,86,85,156,Italy,Europe,Southern Europe,1983.0,87,95.0,83.0,91.0,,72.0,91.0,98.0,43.0,38.30118333891643
sergey-klimov,20.6,92,93,97,Russia,Asia,Asia,1980.0,95,61.0,97.0,74.0,,63.0,100.0,,61.0,35.4303349408472
valentin-iglinskiy,21.46,114,100,52,Kazakhstan,Asia,Asia,1984.0,101,90.0,106.0,102.0,,70.0,113.0,97.0,,50.82323787693605
alberto-loddo,21.26,135,110,56,Italy,Europe,Southern Europe,1979.0,112,,114.0,22.0,,124.0,107.0,,,64.55805551956729
marcel-sieberg,20.41,104,100,343,Germany,Europe,Western Europe,1982.0,103,78.0,88.0,110.0,70.0,91.0,83.0,111.0,57.0,44.006206134715775
adam-blythe,22.2,140,123,82,Great Britain,Europe,Northern Europe,1989.0,125,108.0,125.0,141.0,83.0,94.0,130.0,131.0,11.0,57.96344075118168
mikhail-ignatiev,21.63,131,121,256,Russia,Asia,Asia,1985.0,123,118.0,121.0,124.0,,108.0,121.0,125.0,,44.8649264664307
gabriel-rasch,21.27,104,100,202,Norway,Europe,Northern Europe,1976.0,104,93.0,109.0,92.0,69.0,90.0,112.0,93.0,,41.73489207711976
daniel-lloyd1,20.02,106,102,106,Great Britain,Europe,Northern Europe,1980.0,104,,93.0,120.0,,79.0,107.0,119.0,,42.04735382947536
julien-fouchard,21.16,129,121,73,France,Europe,Western Europe,1986.0,123,133.0,116.0,124.0,70.0,118.0,115.0,125.0,,38.08607970473589
martin-pedersen,21.45,147,136,41,Denmark,Europe,Northern Europe,1983.0,138,131.0,136.0,159.0,,119.0,163.0,135.0,,41.506332164575774
kalle-kriit,19.23,106,103,20,Estonia,Europe,Northern Europe,1983.0,103,,103.0,,,,103.0,,,42.62230080973796
damien-monier,21.22,100,97,120,France,Europe,Western Europe,1982.0,97,99.0,103.0,85.0,,97.0,103.0,92.0,,43.51499226497379
matthias-russ,20.24,107,101,189,Germany,Europe,Western Europe,1983.0,102,123.0,96.0,103.0,,105.0,92.0,126.0,65.0,41.30276007021795
marco-corti,20.18,128,125,57,Italy,Europe,Southern Europe,1986.0,127,,128.0,107.0,,114.0,133.0,,,34.548629052736075
graeme-brown,23.46,140,115,94,Australia,Oceania,Oceania,1979.0,116,159.0,113.0,107.0,,89.0,113.0,138.0,,66.6865124315874
remi-cusin,20.52,81,85,54,France,Europe,Western Europe,1986.0,88,16.0,89.0,71.0,,80.0,89.0,16.0,,42.55308272916798
guillaume-blot,22.66,161,142,13,France,Europe,Western Europe,1985.0,142,,144.0,,112.0,112.0,144.0,,,43.533217496999065
matthew-lloyd,21.2,86,91,239,Australia,Oceania,Oceania,1983.0,94,79.0,87.0,103.0,,105.0,81.0,101.0,40.0,47.807990462275946
chris-sutton,21.63,120,109,164,Australia,Oceania,Oceania,1984.0,112,80.0,110.0,121.0,103.0,92.0,118.0,103.0,,49.69422700692055
niko-eeckhout,24.39,38,58,34,Belgium,Europe,Western Europe,1970.0,76,151.0,59.0,,25.0,27.0,105.0,,151.0,58.375154349057546
laszlo-bodrogi,22.59,73,75,275,France,Europe,Western Europe,1976.0,77,81.0,72.0,76.0,41.0,74.0,71.0,79.0,65.0,43.22821800764851
alberto-vinale,23.065724653619643,109,101,72,Italy,Europe,Southern Europe,1978.0,107,110.0,25.0,69.0,,25.0,69.0,110.0,,54.451208220592456
kristof-trouve,20.41927086697476,59,54,16,Belgium,Europe,Western Europe,1976.0,58,,55.0,,50.0,48.0,67.0,,,24.193318636901942
stefan-van-dijk-1,22.1,64,70,43,Netherlands,Europe,Western Europe,1976.0,75,20.0,72.0,58.0,114.0,61.0,83.0,,20.0,49.23001812294386
michel-vanhaecke,21.93473251878689,40,45,30,Belgium,Europe,Western Europe,1971.0,49,4.0,45.0,,80.0,38.0,62.0,4.0,,32.584884726567296
raphael-schweda,22.092956863522417,111,100,101,Germany,Europe,Western Europe,1976.0,107,116.0,105.0,51.0,,120.0,73.0,114.0,140.0,50.104769441561935
vladimir-smirnov,20.85763921623344,131,110,8,Lithuania,Europe,Northern Europe,1978.0,124,100.0,112.0,,,22.0,148.0,,100.0,74.13838412050805
coen-boerman,19.17793880816195,133,111,19,Netherlands,Europe,Western Europe,1976.0,121,,114.0,,55.0,46.0,128.0,,,50.12160650454543
tony-bracke,19.76490158086201,34,34,2,Belgium,Europe,Western Europe,1971.0,35,,34.0,,,34.0,,,,11.31370849898476
rafael-mateos-perez,21.74,123,112,47,Spain,Europe,Southern Europe,1976.0,114,124.0,105.0,114.0,,108.0,101.0,123.0,,43.7038642694374
bert-scheirlinckx,19.79,40,48,34,Belgium,Europe,Western Europe,1974.0,52,,49.0,,42.0,34.0,66.0,,,31.155023228538383
matthe-pronk,23.84,75,81,103,Netherlands,Europe,Western Europe,1974.0,86,96.0,69.0,89.0,19.0,41.0,80.0,94.0,98.0,46.27049069912061
tom-desmet,21.66052957350968,32,46,32,Belgium,Europe,Western Europe,1969.0,58,95.0,42.0,48.0,56.0,33.0,61.0,90.0,95.0,35.929913294563335
kris-matthijs,19.239865379925376,54,54,1,Belgium,Europe,Western Europe,1974.0,54,,54.0,,,54.0,,,,0.0
thijs-al,22.22,56,56,1,Netherlands,Europe,Western Europe,1980.0,56,,56.0,,,56.0,,,,0.0
stijn-vanstraelen,23.14812022894017,75,75,2,Belgium,Europe,Western Europe,1979.0,74,,75.0,,,75.0,,,,25.45584412271571
jurgen-landrie,22.46963782898726,74,74,2,Belgium,Europe,Western Europe,1975.0,73,,74.0,,,74.0,,,,19.79898987322333
aleksandar-nikacevic,20.25904302969949,114,114,2,Serbia,Europe,Southern Europe,1978.0,124,166.0,61.0,,,61.0,,,166.0,74.24621202458749
stefano-casagranda,20.46646227178804,102,95,231,Italy,Europe,Southern Europe,1973.0,98,108.0,88.0,88.0,,86.0,87.0,104.0,,46.47866894250163
sebastien-joly,22.84,92,90,174,France,Europe,Western Europe,1979.0,93,93.0,67.0,97.0,,57.0,79.0,109.0,,46.56422869036562
marco-engels,21.492788816098297,48,48,2,Netherlands,Europe,Western Europe,1973.0,51,,48.0,,,48.0,,,,28.284271247461906
marek-salermo,21.206119395664487,69,69,1,Finland,Europe,Northern Europe,1978.0,69,,69.0,,,69.0,,,,0.0
bart-leysen,21.68,89,88,136,Belgium,Europe,Western Europe,1969.0,97,83.0,69.0,117.0,35.0,71.0,75.0,110.0,,42.19764420522298
geert-omloop,23.55,62,58,12,Belgium,Europe,Western Europe,1974.0,63,,57.0,,60.0,50.0,94.0,,,26.688296152342726
marcel-duijn,22.64903973120556,108,105,26,Netherlands,Europe,Western Europe,1977.0,110,,120.0,80.0,,78.0,107.0,,,43.25084258850208
steven-van-malderghem,20.38200997825032,80,63,3,Belgium,Europe,Western Europe,1977.0,66,,80.0,,30.0,63.0,,,,28.867513459481287
michael-skelde,20.34178485040999,85,87,21,Denmark,Europe,Northern Europe,1973.0,89,75.0,88.0,,,89.0,85.0,,75.0,35.28826865633825
hans-de-clercq,22.88,84,86,117,Belgium,Europe,Western Europe,1969.0,97,,72.0,102.0,37.0,60.0,89.0,110.0,,47.65711756601374
kurt-asle-arvesen,22.1,72,76,326,Norway,Europe,Northern Europe,1975.0,79,73.0,64.0,87.0,,66.0,71.0,85.0,34.0,48.81839844185343
ralf-grabsch,23.67,90,87,194,Germany,Europe,Western Europe,1973.0,91,87.0,83.0,91.0,32.0,77.0,86.0,93.0,66.0,34.951014580742545
erik-lievens,21.714937789878125,94,94,1,Belgium,Europe,Western Europe,1979.0,94,,94.0,,,94.0,,,,0.0
michael-giebelmann,20.574048471034835,134,129,8,Germany,Europe,Western Europe,1974.0,130,,129.0,,,129.0,,,,15.203383082158297
thomas-bodo,20.87995393344469,88,80,20,France,Europe,Western Europe,1980.0,82,,103.0,68.0,,98.0,79.0,,,29.81570585764277
ludovic-capelle,22.89,56,76,25,Belgium,Europe,Western Europe,1976.0,85,24.0,50.0,112.0,52.0,48.0,86.0,106.0,24.0,58.050466549948304
jimmy-casper,22.53,105,96,192,France,Europe,Western Europe,1978.0,100,95.0,99.0,96.0,43.0,104.0,89.0,100.0,5.0,57.61882687365897
geoffrey-demeyere,20.34460612925429,72,65,4,Belgium,Europe,Western Europe,1976.0,68,,65.0,,,52.0,104.0,,,45.350486950711634
tom-flammang,22.16,41,53,5,Luxembourg,Europe,Western Europe,1978.0,61,,53.0,,,62.0,18.0,,,32.96513309543889
eddy-serri,21.248570058307443,146,143,43,Italy,Europe,Southern Europe,1974.0,146,,150.0,119.0,,120.0,145.0,,,37.703820404432506
robert-sassone,22.89,110,102,39,France,Europe,Western Europe,1978.0,108,109.0,128.0,60.0,,134.0,61.0,109.0,,57.63991953400559
laurent-pichon,21.78,94,100,241,France,Europe,Western Europe,1986.0,104,94.0,94.0,108.0,,74.0,111.0,110.0,,44.41643201472171
thomas-boudat,22.86,111,99,83,France,Europe,Western Europe,1994.0,101,,82.0,103.0,78.0,82.0,101.0,104.0,,50.19707268732637
matti-breschel,21.37,79,78,351,Denmark,Europe,Northern Europe,1984.0,82,61.0,73.0,94.0,45.0,67.0,85.0,81.0,24.0,53.50443083375544
ben-swift,21.53,70,73,368,Great Britain,Europe,Northern Europe,1987.0,75,49.0,72.0,85.0,45.0,54.0,79.0,87.0,43.0,50.90109068337125
julien-el-fares,20.96,61,71,212,France,Europe,Western Europe,1985.0,71,72.0,72.0,69.0,,72.0,70.0,70.0,,39.110789141076815
bert-van-lerberghe,22.99,108,96,113,Belgium,Europe,Western Europe,1992.0,99,96.0,100.0,105.0,53.0,82.0,113.0,100.0,55.0,45.173301986786186
dayer-quintana-rojas,20.8,75,83,108,Colombia,America,America,1992.0,85,75.0,85.0,77.0,,75.0,88.0,91.0,75.0,38.09342507924317
juraj-sagan,21.72,112,109,87,Slovakia,Europe,Eastern Europe,1988.0,112,67.0,104.0,121.0,,101.0,111.0,132.0,56.0,35.95793378200641
brenton-jones,24.45,102,80,6,Australia,Oceania,Oceania,1991.0,79,,80.0,,,80.0,,,,48.594924289134006
edvaldas-siskevicius,24.42,96,89,56,Lithuania,Europe,Northern Europe,1988.0,91,64.0,89.0,90.0,126.0,92.0,81.0,95.0,32.0,49.73056952674627
daniel-mclay,20.59,122,104,137,Great Britain,Europe,Northern Europe,1992.0,104,96.0,100.0,110.0,89.0,98.0,132.0,102.0,,58.82203019772631
stijn-vandenbergh,21.72,75,75,209,Belgium,Europe,Western Europe,1984.0,79,71.0,69.0,88.0,26.0,72.0,75.0,84.0,45.0,40.1402399892771
roy-curvers,20.65,105,106,289,Netherlands,Europe,Western Europe,1979.0,108,125.0,105.0,108.0,50.0,106.0,105.0,107.0,,37.0095020114942
przemyslaw-kasperkiewicz,21.43,110,115,7,Poland,Europe,Eastern Europe,1994.0,117,,115.0,,,115.0,,,,25.55386467836128
erik-baska,22.34,119,115,31,Slovakia,Europe,Eastern Europe,1994.0,117,,122.0,,70.0,116.0,113.0,,,37.4934259470552
lars-boom,20.56,92,87,274,Netherlands,Europe,Western Europe,1985.0,89,96.0,68.0,96.0,64.0,70.0,76.0,100.0,70.0,47.87353343833684
ide-schelling,19.93,107,96,77,Netherlands,Europe,Western Europe,1998.0,98,95.0,81.0,123.0,65.0,84.0,97.0,110.0,94.0,48.27164533133139
clement-champoussin,18.83,48,56,146,France,Europe,Western Europe,1998.0,58,49.0,57.0,60.0,,52.0,51.0,61.0,57.0,38.99515854788611
michel-ries,19.79,81,83,74,Luxembourg,Europe,Western Europe,1998.0,84,79.0,88.0,72.0,,83.0,87.0,74.0,78.0,34.197027504079536
gerben-thijssen,24.44,108,101,34,Belgium,Europe,Western Europe,1998.0,103,103.0,108.0,144.0,44.0,55.0,106.0,144.0,103.0,54.031622417190725
michal-paluta,21.47,108,105,20,Poland,Europe,Eastern Europe,1995.0,106,105.0,103.0,,,,103.0,104.0,106.0,32.15795718832768
ian-garrison,20.4,111,107,31,United States,America,America,1998.0,108,111.0,100.0,,,,100.0,140.0,110.0,31.511629530998945
harry-tanfield,22.02,126,115,22,Great Britain,Europe,Northern Europe,1994.0,116,120.0,118.0,,106.0,106.0,118.0,,120.0,42.104384816539245
rui-oliveira,19.71,94,91,91,Portugal,Europe,Southern Europe,1996.0,93,88.0,99.0,77.0,36.0,75.0,118.0,72.0,99.0,48.06391755714645
alexis-renard,21.39,105,99,55,France,Europe,Western Europe,1999.0,99,91.0,86.0,109.0,52.0,85.0,96.0,116.0,91.0,41.06238171269651
robert-stannard,23.1,66,71,137,Australia,Oceania,Oceania,1998.0,71,82.0,63.0,72.0,62.0,63.0,64.0,85.0,67.0,39.44156533402652
emmanuel-morin,23.36,126,111,31,France,Europe,Western Europe,1995.0,112,97.0,138.0,129.0,,,117.0,146.0,97.0,43.688289811649376
kevin-inkelaar,19.54,120,122,20,Netherlands,Europe,Western Europe,1997.0,123,122.0,,,,,,94.0,124.0,17.76128255207762
benjamin-dyball,19.02,120,116,26,Australia,Oceania,Oceania,1989.0,116,116.0,,,,,,114.0,117.0,25.665541100861283
emils-liepins,21.88,85,75,53,Latvia,Europe,Northern Europe,1992.0,77,93.0,90.0,,47.0,60.0,91.0,54.0,97.0,46.644208086756485
julius-van-den-berg,21.61,117,109,121,Netherlands,Europe,Western Europe,1996.0,111,108.0,109.0,115.0,81.0,87.0,114.0,115.0,114.0,40.65870682610736
mihkel-raim,22.28,123,116,23,Estonia,Europe,Northern Europe,1993.0,117,118.0,101.0,,,96.0,110.0,122.0,117.0,44.89658736822046
martin-salmon,18.41,123,120,21,Germany,Europe,Western Europe,1997.0,121,120.0,116.0,120.0,,,119.0,,120.0,33.32466553970697
max-kanter,21.95,101,89,96,Germany,Europe,Western Europe,1997.0,91,94.0,95.0,,52.0,75.0,97.0,,94.0,49.17693507105192
jakub-mareczko,23.46,122,104,73,Italy,Europe,Southern Europe,1994.0,106,119.0,108.0,,64.0,94.0,107.0,,119.0,65.83226691234985
isidro-nozal-vega,21.37,77,73,235,Spain,Europe,Southern Europe,1977.0,74,33.0,87.0,80.0,,83.0,89.0,60.0,40.0,42.25850270774155
alexandre-botcharov,20.08,44,54,506,Russia,Asia,Asia,1975.0,56,58.0,50.0,57.0,,46.0,47.0,65.0,39.0,37.15381935687357
benoit-poilvet,21.2,87,89,200,France,Europe,Western Europe,1976.0,93,84.0,87.0,95.0,,80.0,88.0,102.0,57.0,34.09219542570886
antonio-colom,21.2,66,69,154,Spain,Europe,Southern Europe,1978.0,72,101.0,53.0,76.0,,27.0,60.0,95.0,,44.71108481315724
theo-eltink,20.344599347654302,76,77,207,Netherlands,Europe,Western Europe,1981.0,77,82.0,74.0,74.0,,88.0,73.0,81.0,60.0,37.0962763351078
patrik-sinkewitz,21.05,48,51,186,Germany,Europe,Western Europe,1980.0,54,79.0,45.0,46.0,,56.0,35.0,75.0,18.0,32.57414184060934
bernhard-kohl,20.62,51,62,171,Austria,Europe,Western Europe,1982.0,63,102.0,59.0,55.0,,67.0,53.0,70.0,78.0,41.30786025547015
francesco-bellotti,20.29,78,84,247,Italy,Europe,Southern Europe,1979.0,86,107.0,75.0,95.0,,88.0,72.0,117.0,46.0,44.06330558169038
jose-antonio-redondo-ramos,20.77242080306929,93,91,75,Spain,Europe,Southern Europe,1985.0,93,85.0,93.0,91.0,,113.0,78.0,101.0,,46.76582643899841
gaizka-lasa-larraya,22.694810368338743,104,99,4,Spain,Europe,Southern Europe,1982.0,99,,99.0,,,,99.0,,,32.873494895837695
mads-kaggestad,21.55,100,102,84,Norway,Europe,Northern Europe,1977.0,105,112.0,97.0,102.0,,59.0,99.0,123.0,,38.0881511444417
jose-adrian-bonilla,23.04,90,88,10,Costa Rica,America,America,1978.0,85,,88.0,,,,88.0,,,39.72125095937661
koldo-gil-perez,19.472041551393463,55,68,92,Spain,Europe,Southern Europe,1978.0,74,87.0,81.0,26.0,,86.0,57.0,87.0,,53.69803180012171
ezequiel-mosquera-miguez,20.75,31,37,123,Spain,Europe,Southern Europe,1975.0,38,26.0,57.0,43.0,,71.0,54.0,28.0,,30.374057461151587
francisco-perez-sanchez,21.28,80,81,175,Spain,Europe,Southern Europe,1978.0,81,84.0,72.0,91.0,,82.0,76.0,87.0,,35.79879184465511
santiago-perez,19.04,62,68,150,Spain,Europe,Southern Europe,1977.0,72,67.0,50.0,87.0,,70.0,49.0,79.0,35.0,46.77406736725024
mikel-artetxe,21.11,91,89,117,Spain,Europe,Southern Europe,1976.0,91,92.0,96.0,77.0,,122.0,83.0,90.0,47.0,47.39876052454524
rodrigo-garcia-rena,21.06816596413894,83,92,28,Spain,Europe,Southern Europe,1980.0,91,,91.0,113.0,,111.0,84.0,113.0,,48.54577014469745
dailos-diaz-armas,21.016856589269818,96,94,6,Spain,Europe,Southern Europe,1980.0,97,,94.0,,,,94.0,,,19.76866206904251
thomas-dekker,19.52,86,83,242,Netherlands,Europe,Western Europe,1984.0,87,93.0,80.0,91.0,,77.0,82.0,97.0,20.0,49.57359137932307
angel-vallejo-dominguez,19.20807736451216,95,93,60,Spain,Europe,Southern Europe,1981.0,95,91.0,90.0,111.0,,,90.0,94.0,,39.766390573058544
michael-rasmussen,19.16,68,80,222,Denmark,Europe,Northern Europe,1974.0,86,44.0,105.0,70.0,,107.0,92.0,66.0,25.0,59.41502524117894
sergio-ghisalberti,19.0806961975669,86,89,145,Italy,Europe,Southern Europe,1979.0,91,96.0,78.0,120.0,,93.0,85.0,109.0,,41.66063519564021
pieter-mertens,20.45,87,84,68,Belgium,Europe,Western Europe,1980.0,85,80.0,83.0,88.0,,116.0,77.0,87.0,,42.91826920358135
ruben-perez-moreno,21.72,66,70,365,Spain,Europe,Southern Europe,1981.0,71,64.0,67.0,73.0,,60.0,73.0,71.0,,42.97923051437062
tim-klinger,17.612939045572052,134,127,34,Germany,Europe,Western Europe,1984.0,129,113.0,145.0,,,,145.0,113.0,,42.758993800160205
yoann-le-boulanger,20.45,95,93,133,France,Europe,Western Europe,1975.0,96,89.0,93.0,94.0,,98.0,90.0,103.0,89.0,44.15454099574067
juan-francisco-mouron-doldan,23.07215219948417,112,119,9,Spain,Europe,Southern Europe,1984.0,124,,119.0,,,,119.0,,,37.02289081695869
aitor-hernandez-gutierrez,19.54,93,91,144,Spain,Europe,Southern Europe,1982.0,93,97.0,83.0,105.0,,82.0,91.0,99.0,82.0,41.93656872498985
andrey-mizurov,23.26,66,70,126,Kazakhstan,Asia,Asia,1973.0,71,75.0,70.0,66.0,,65.0,67.0,82.0,62.0,35.02859421527521
sebastian-schwager,22.894366608812096,120,115,59,Germany,Europe,Western Europe,1984.0,117,107.0,120.0,117.0,,,118.0,108.0,,38.03070216841334
ian-mcleod,21.07,114,115,84,South Africa,Africa,Africa,1980.0,116,111.0,120.0,114.0,,118.0,119.0,112.0,,31.262117558840536
trent-lowe,21.63,94,93,96,Australia,Oceania,Oceania,1984.0,95,,95.0,91.0,,71.0,99.0,93.0,,40.791204547316966
vicente-ballester,23.140590999299317,102,100,6,Spain,Europe,Southern Europe,1980.0,108,,100.0,,,,100.0,,,37.15238888685356
raul-garcia,18.888367444057653,97,96,59,Spain,Europe,Southern Europe,1982.0,97,91.0,101.0,110.0,,,101.0,94.0,,35.69843331909337
bjorn-schroder,20.43,98,97,166,Germany,Europe,Western Europe,1980.0,99,98.0,107.0,83.0,,115.0,91.0,96.0,,41.46328823950147
iban-mayo,20.98,46,57,275,Spain,Europe,Southern Europe,1977.0,61,44.0,62.0,61.0,,76.0,47.0,63.0,,45.66522245071323
carl-naibo,19.79,136,126,47,France,Europe,Western Europe,1982.0,129,,129.0,100.0,,,128.0,94.0,,43.01843289704623
julien-mazet,24.40838600608324,115,100,25,France,Europe,Western Europe,1981.0,104,,100.0,,,,100.0,,,42.38309411388776
paolo-bailetti,22.70359840165869,88,86,40,Italy,Europe,Southern Europe,1980.0,86,,86.0,84.0,,83.0,86.0,,,28.39274690696687
stefano-agostini,20.96,92,83,25,Italy,Europe,Southern Europe,1989.0,84,,77.0,86.0,,,84.0,67.0,,37.39888590140978
peter-velits,19.23,44,51,358,Slovakia,Europe,Eastern Europe,1985.0,51,45.0,55.0,49.0,,47.0,56.0,48.0,73.0,35.64064673999871
wesley-sulzberger,19.62,102,104,151,Australia,Oceania,Oceania,1986.0,108,107.0,87.0,118.0,101.0,86.0,90.0,123.0,94.0,43.21229998226401
oleg-berdos,22.2,112,113,7,Romania,Europe,Eastern Europe,1987.0,114,,113.0,,,121.0,111.0,,,23.99206217937607
timothy-roe,19.71,129,117,16,Australia,Oceania,Oceania,1989.0,119,,117.0,,,134.0,103.0,,,36.329051735491255
mads-christensen,20.83,120,114,138,Denmark,Europe,Northern Europe,1984.0,118,140.0,115.0,96.0,,104.0,112.0,136.0,,45.07277986802242
edoardo-girardi,23.483914280573167,100,93,3,Italy,Europe,Southern Europe,1985.0,93,,93.0,,,,93.0,,,40.41451884327381
brian-bulgac,19.88,120,116,74,Netherlands,Europe,Western Europe,1988.0,119,,116.0,122.0,,116.0,116.0,,,38.86771392154235
hernani-broco,20.83,67,77,28,Portugal,Europe,Southern Europe,1981.0,79,71.0,66.0,85.0,,,66.0,81.0,55.0,39.2753136785725
julien-vermote,23.1,93,95,328,Belgium,Europe,Western Europe,1989.0,98,78.0,91.0,102.0,74.0,83.0,94.0,104.0,,42.4590690452974
davide-mucelli,19.02378236873304,140,142,4,Italy,Europe,Southern Europe,1986.0,142,,142.0,,,,142.0,,,9.678154093971983
troels-vinther,20.53,97,101,20,Denmark,Europe,Northern Europe,1987.0,105,38.0,108.0,101.0,,76.0,110.0,38.0,,33.68503494056921
travis-meyer,21.46,126,118,72,Australia,Oceania,Oceania,1989.0,123,168.0,102.0,124.0,,111.0,101.0,155.0,,51.324139091865206
nikita-novikov,22.02,123,108,14,Russia,Asia,Asia,1989.0,109,,120.0,101.0,,,108.0,,,40.31960230049808
filippo-baggio,21.159875414306587,128,106,4,Italy,Europe,Southern Europe,1988.0,105,,106.0,,,123.0,100.0,,,65.40833280248015
stepan-kurianov,22.1,117,101,16,Russia,Asia,Asia,1996.0,102,,98.0,117.0,106.0,100.0,,117.0,,37.37194803592662
gijs-van-hoecke,22.55,87,86,73,Belgium,Europe,Western Europe,1991.0,88,38.0,87.0,90.0,94.0,79.0,95.0,36.0,41.0,35.25760817966797
taylor-phinney,21.13,129,108,159,United States,America,America,1990.0,112,83.0,105.0,116.0,60.0,101.0,107.0,116.0,42.0,56.71661398046541
nikolay-cherkasov,20.53,88,88,19,Russia,Asia,Asia,1996.0,89,45.0,95.0,,77.0,90.0,,,45.0,34.047438525907324
artem-nych,19.46,89,90,23,Russia,Asia,Asia,1995.0,92,64.0,100.0,74.0,65.0,93.0,,56.0,90.0,35.7312653030662
ryan-mullen,21.56,102,98,140,Ireland,Europe,Northern Europe,1994.0,99,97.0,98.0,102.0,84.0,94.0,99.0,105.0,,38.51317562619288
guy-sagiv,20.99,128,124,73,Israel,Asia,Asia,1994.0,124,121.0,124.0,134.0,,120.0,129.0,119.0,122.0,24.429619657099924
igor-boev,21.39,113,108,35,Russia,Asia,Asia,1989.0,108,125.0,108.0,114.0,91.0,102.0,,124.0,,30.09550623927631
august-jensen,21.63,74,85,13,Norway,Europe,Northern Europe,1991.0,86,66.0,86.0,,,84.0,92.0,66.0,,39.05223326619008
maarten-wynants,20.5,101,100,358,Belgium,Europe,Western Europe,1982.0,104,113.0,90.0,110.0,49.0,89.0,90.0,117.0,,41.76022889694212
juan-martinez-oliver,19.59712149269942,95,96,70,Spain,Europe,Southern Europe,1964.0,109,,36.0,115.0,,,41.0,115.0,,56.82031720436774
jesus-rodriguez-rodriguez,21.972129055298613,49,50,40,Spain,Europe,Southern Europe,1960.0,59,13.0,52.0,44.0,,19.0,55.0,38.0,,28.336395008033087
jorgen-vagn-pedersen,21.062308435720052,74,81,102,Denmark,Europe,Northern Europe,1959.0,88,28.0,23.0,86.0,,38.0,32.0,87.0,7.0,51.48110351028964
samuel-cabrera,21.11457258052687,85,88,133,Colombia,America,America,1960.0,95,,26.0,93.0,,,43.0,92.0,,47.36821485487131
angel-ocana,22.1112142947836,72,83,31,Spain,Europe,Southern Europe,1960.0,118,,50.0,129.0,,,50.0,129.0,,62.4963654857203
santiago-portillo-rosado,21.84482947192552,5,58,3,Spain,Europe,Southern Europe,1963.0,151,,58.0,,,,58.0,,,94.40868604106298
raimondas-rumsas-1,20.9,24,30,120,Lithuania,Europe,Northern Europe,1972.0,31,19.0,33.0,32.0,,31.0,32.0,29.0,25.0,25.186918873751537
jose-bento-carvalho-de-azevedo,19.71,51,57,276,Portugal,Europe,Southern Europe,1973.0,59,86.0,45.0,54.0,,51.0,39.0,70.0,,37.248306679111366
piotr-wadecki,22.09,61,60,111,Poland,Europe,Eastern Europe,1973.0,62,48.0,77.0,53.0,,67.0,57.0,63.0,49.0,35.48903696173996
stephane-auge,21.47,122,114,275,France,Europe,Western Europe,1974.0,116,124.0,116.0,113.0,,117.0,109.0,117.0,,38.861470061511305
christophe-edaleine,19.79,110,103,171,France,Europe,Western Europe,1979.0,107,140.0,110.0,98.0,,90.0,91.0,120.0,,44.793119987462525
miguel-martinez-1,18.59,80,74,42,France,Europe,Western Europe,1976.0,76,,108.0,68.0,,113.0,62.0,75.0,,35.01671245258789
dave-bruylandts,19.88,46,61,110,Belgium,Europe,Western Europe,1976.0,65,74.0,38.0,79.0,,46.0,26.0,83.0,31.0,45.24209827377054
tomas-konecny,21.15,46,55,87,Czech Republic,Europe,Eastern Europe,1973.0,58,52.0,45.0,66.0,,48.0,36.0,66.0,47.0,39.45779604935431
floyd-landis,21.46,57,61,232,United States,America,America,1975.0,64,63.0,56.0,63.0,,60.0,45.0,71.0,59.0,41.32154847911376
raivis-belohvosciks,21.13,95,91,151,Latvia,Europe,Northern Europe,1976.0,96,72.0,105.0,83.0,,97.0,84.0,99.0,41.0,48.41633187317044
jerome-bernard,21.243621422906045,102,106,69,France,Europe,Western Europe,1971.0,113,,91.0,110.0,,95.0,71.0,128.0,,40.34894683453877
thierry-loder,19.57,98,99,114,France,Europe,Western Europe,1975.0,105,168.0,91.0,96.0,,88.0,74.0,130.0,,47.2818961688854
christophe-oriol,19.84,103,100,187,France,Europe,Western Europe,1973.0,105,107.0,96.0,99.0,,97.0,60.0,113.0,,42.210880567368754
gennady-mikhaylov,20.94,76,78,185,Russia,Asia,Asia,1974.0,81,66.0,93.0,70.0,22.0,85.0,80.0,73.0,86.0,44.7932533582456
igor-flores,19.447663623674,81,86,112,Spain,Europe,Southern Europe,1973.0,94,87.0,78.0,87.0,,92.0,54.0,106.0,,52.40727547318714
davide-ballerini,22.99,72,74,163,Italy,Europe,Southern Europe,1994.0,75,63.0,75.0,86.0,2.0,61.0,84.0,82.0,54.0,50.45896523525116
tim-merlier,21.5,114,89,83,Belgium,Europe,Western Europe,1992.0,91,106.0,78.0,103.0,36.0,62.0,96.0,108.0,47.0,62.99050952589652
luca-pacioni,21.88,118,83,10,Italy,Europe,Southern Europe,1993.0,82,61.0,92.0,,,92.0,,61.0,,58.75835637970522
imerio-cima,22.556772268669405,122,93,12,Italy,Europe,Southern Europe,1997.0,91,80.0,,113.0,103.0,103.0,,85.0,,57.78716172824255
jonas-rickaert,25.17,85,86,77,Belgium,Europe,Western Europe,1994.0,87,63.0,101.0,87.0,78.0,96.0,66.0,86.0,48.0,41.74657045683781
piet-allegaert,21.37,88,80,70,Belgium,Europe,Western Europe,1995.0,82,83.0,74.0,91.0,35.0,73.0,80.0,87.0,58.0,48.62746371900627
pascal-eenkhoorn,20.45,75,78,111,Netherlands,Europe,Western Europe,1997.0,79,62.0,77.0,85.0,51.0,68.0,79.0,82.0,103.0,39.58098303294423
stefano-oldani,20.52,74,72,132,Italy,Europe,Southern Europe,1998.0,72,80.0,71.0,41.0,70.0,64.0,71.0,85.0,76.0,40.06952883269771
edoardo-affini,22.16,101,93,117,Italy,Europe,Southern Europe,1996.0,94,109.0,91.0,90.0,83.0,101.0,87.0,91.0,125.0,47.91234536313461
josip-rumac,21.43,79,79,34,Croatia,Europe,Southern Europe,1994.0,79,79.0,68.0,83.0,,68.0,,80.0,79.0,28.999231657410213
denis-nekrasov,21.26828661452481,99,89,19,Russia,Asia,Asia,1997.0,89,51.0,117.0,,,117.0,,51.0,,43.26533125828218
luca-wackermann,19.24,112,104,45,Italy,Europe,Southern Europe,1992.0,104,73.0,103.0,129.0,,103.0,132.0,83.0,62.0,47.47219281757575
attilio-viviani,22.79,121,121,49,Italy,Europe,Southern Europe,1996.0,123,123.0,135.0,,85.0,114.0,126.0,123.0,,42.85829363534359
fabio-mazzucco,20.6,126,123,30,Italy,Europe,Southern Europe,1999.0,124,123.0,,144.0,,,,124.0,123.0,20.296339061770347
daniel-savini,20.07,94,86,6,Italy,Europe,Southern Europe,1997.0,85,85.0,,93.0,,,,84.0,95.0,35.26140477443669
veljko-stojnic,20.88,120,117,37,Serbia,Europe,Southern Europe,1999.0,120,135.0,113.0,,109.0,109.0,113.0,135.0,,33.68577194055721
james-mitri,18.94,129,120,19,New Zealand,Oceania,Oceania,1999.0,122,130.0,134.0,,86.0,112.0,,130.0,,29.633827675311508
francesco-romano,20.94095069951561,103,99,29,Italy,Europe,Southern Europe,1997.0,100,99.0,,,,,,120.0,92.0,33.5043927713273
alessandro-tonelli,20.66,88,89,137,Italy,Europe,Southern Europe,1992.0,91,87.0,92.0,116.0,75.0,101.0,80.0,101.0,83.0,36.82214456837078
alexander-cataford,20.9,107,104,91,Canada,America,America,1993.0,105,99.0,110.0,87.0,91.0,108.0,104.0,94.0,110.0,30.449249195288488
dimitri-claeys,21.11,123,113,129,Belgium,Europe,Western Europe,1987.0,116,89.0,101.0,127.0,60.0,101.0,102.0,124.0,5.0,40.757124145413535
stijn-steels,23.55,106,101,42,Belgium,Europe,Western Europe,1989.0,103,117.0,92.0,114.0,96.0,93.0,104.0,117.0,,27.957118316737773
dries-de-bondt,21.33,107,96,76,Belgium,Europe,Western Europe,1991.0,99,122.0,96.0,127.0,33.0,70.0,102.0,123.0,,49.32951858176576
umberto-orsini,18.96,142,138,13,Italy,Europe,Southern Europe,1994.0,139,132.0,140.0,,,142.0,140.0,143.0,102.0,23.31831018199195
marc-bouillon,21.62744532889813,44,58,11,Belgium,Europe,Western Europe,1968.0,68,,59.0,,44.0,42.0,61.0,,,39.21803852125378
harald-maier,22.588227238409647,40,50,108,Austria,Europe,Western Europe,1960.0,61,20.0,36.0,60.0,87.0,47.0,32.0,64.0,40.0,37.3976265019854
armand-de-las-cuevas,21.189544272704005,52,64,139,France,Europe,Western Europe,1968.0,79,98.0,52.0,56.0,,63.0,38.0,78.0,,52.97372770853615
paul-popp,20.161138678526115,96,79,19,Austria,Europe,Western Europe,1963.0,89,15.0,88.0,4.0,,37.0,92.0,15.0,,52.00466690708594
ruben-dario-beltran,21.1090760571261,103,93,17,Colombia,America,America,1964.0,102,,98.0,10.0,,,93.0,,,49.493017927071406
jorge-manuel-dos-santos-silva,20.036304072794653,58,68,30,Portugal,Europe,Southern Europe,1966.0,83,109.0,50.0,,,,50.0,109.0,,53.28427341255061
klaus-de-muynck,21.34414033864873,114,108,14,Belgium,Europe,Western Europe,1967.0,109,,108.0,,,,108.0,,,28.628062003319997
mirko-gualdi,22.99,56,64,146,Italy,Europe,Southern Europe,1968.0,67,40.0,72.0,63.0,,27.0,66.0,62.0,25.0,42.66139213431716
josef-lontscharitsch,21.6,116,102,4,Austria,Europe,Western Europe,1970.0,102,,102.0,,,,102.0,,,59.23399924592857
martin-earley,20.72,66,67,212,Ireland,Europe,Northern Europe,1962.0,78,38.0,45.0,75.0,,17.0,52.0,78.0,26.0,42.89040198357248
angelo-lecchi,19.316161526054085,67,71,87,Italy,Europe,Southern Europe,1966.0,80,63.0,63.0,92.0,,59.0,61.0,86.0,21.0,43.988844543432144
alvaro-sierra-1,19.88523425091499,98,98,36,Colombia,America,America,1967.0,100,72.0,104.0,84.0,,,99.0,72.0,,29.26760764297036
marco-giovannetti,21.708171586310304,45,54,111,Italy,Europe,Southern Europe,1962.0,81,32.0,41.0,67.0,,65.0,30.0,88.0,22.0,53.22169109440626
ivan-ivanov,19.4843375376853,70,81,54,Russia,Asia,Asia,1960.0,109,,57.0,148.0,,,60.0,145.0,,63.97740745973568
alois-pfleger,22.23097223719176,118,108,20,Austria,Europe,Western Europe,1965.0,112,,112.0,,33.0,38.0,116.0,,,35.79396450153073
demetrio-cuspoca,22.705021454283543,130,120,15,Colombia,America,America,1963.0,128,,120.0,,,,120.0,,,36.02670966829762
jose-fabio,22.79169118323892,154,153,4,Colombia,America,America,1965.0,153,,153.0,,,,153.0,,,11.026483271348724
antonio-pinto,20.4518208039158,110,112,13,Portugal,Europe,Southern Europe,1959.0,113,,112.0,,,,112.0,,,23.91518131722813
luis-alberto-gonzalez,19.74143797154753,139,126,13,Colombia,America,America,1965.0,127,,126.0,,,,126.0,,,33.26525098472764
jose-amador,21.94248293390053,153,146,9,Colombia,America,America,1964.0,146,,146.0,,,,146.0,,,16.855595839694043
miguel-sanabria,19.45061998932372,142,139,7,Colombia,America,America,1967.0,139,,139.0,,,,139.0,,,18.733723093725416
nigel-perry,23.175260791771976,154,135,6,Great Britain,Europe,Northern Europe,1968.0,141,,135.0,,,89.0,158.0,,,39.26151635719978
patrick-schoovaerts,19.40400434153579,147,145,11,Belgium,Europe,Western Europe,1964.0,145,,145.0,,,,145.0,,,11.596237634367766
bernhard-rassinger,18.835736394707453,145,145,10,Austria,Europe,Western Europe,1963.0,145,,145.0,,,,145.0,,,11.27238513654793
christoph-demel,21.426550717506647,151,142,10,Austria,Europe,Western Europe,1970.0,142,,142.0,,,,142.0,,,26.052297829984635
israel-ochoa,21.74204835410957,144,123,5,Colombia,America,America,1964.0,147,10.0,151.0,,,,151.0,,10.0,63.511416296599776
robert-matwew,21.960348614483312,162,131,5,Germany,Europe,Western Europe,1967.0,162,,164.0,2.0,,,131.0,,,72.3657377492968
julio-cesar-rangel,21.192471015549568,154,124,9,Colombia,America,America,1968.0,125,,124.0,,,,124.0,,,50.566787519082126
stefano-cortinovis,23.097716874510407,144,139,22,Italy,Europe,Southern Europe,1968.0,141,94.0,133.0,162.0,,139.0,133.0,162.0,94.0,26.40329901989899
armando-moreno,22.02668971587602,164,156,4,Colombia,America,America,1967.0,155,,156.0,,,,156.0,,,17.01959654829299
nico-verhoeven,21.378425754561967,42,70,110,Netherlands,Europe,Western Europe,1961.0,97,25.0,26.0,127.0,34.0,22.0,29.0,130.0,38.0,66.17792631693497
jurg-bruggmann,21.092687005257076,4,20,16,Switzerland,Europe,Western Europe,1960.0,48,20.0,39.0,5.0,,68.0,13.0,20.0,,30.70287717245188
marc-sergeant,21.73,35,44,338,Belgium,Europe,Western Europe,1959.0,51,8.0,23.0,53.0,26.0,27.0,19.0,54.0,,36.64007291475793
dietrich-thurau,21.08785907586452,15,30,165,Germany,Europe,Western Europe,1954.0,43,27.0,21.0,36.0,,10.0,21.0,46.0,,33.82268882538993
allan-peiper,24.647297288808517,52,65,138,Australia,Oceania,Oceania,1960.0,77,,30.0,77.0,,39.0,21.0,84.0,,52.03470064175416
stephan-joho,22.51859287237841,5,19,52,Switzerland,Europe,Western Europe,1963.0,66,,24.0,15.0,,24.0,11.0,116.0,,36.18248119879782
gerard-veldscholten,22.42358419633329,47,58,183,Netherlands,Europe,Western Europe,1959.0,67,28.0,34.0,65.0,,,36.0,66.0,,42.435019256560125
andrew-hampsten,19.927584667809995,39,43,251,United States,America,America,1962.0,52,38.0,34.0,44.0,,22.0,24.0,51.0,27.0,34.26163686918906
guido-winterberg,20.287295650951407,98,92,123,Switzerland,Europe,Western Europe,1962.0,105,42.0,49.0,97.0,,56.0,17.0,106.0,53.0,58.42307333409361
steven-rooks,21.345996297300733,22,33,332,Netherlands,Europe,Western Europe,1960.0,42,22.0,16.0,41.0,1.0,18.0,15.0,44.0,23.0,33.79431824786129
johan-van-der-meer,22.14418181178821,22,34,38,Netherlands,Europe,Western Europe,1954.0,41,,34.0,,,13.0,40.0,,,30.851143088579025
willy-albert,22.227206796826295,78,60,15,Belgium,Europe,Western Europe,1956.0,64,,60.0,,,,60.0,,,38.37347794406717
jose-maria-yurrebaso,22.037743818418264,51,51,23,Spain,Europe,Southern Europe,1955.0,53,,51.0,,,,51.0,,,25.62707621975481
heddy-nieuwdorp,20.366467720372903,22,30,52,Netherlands,Europe,Western Europe,1956.0,36,10.0,31.0,21.0,,15.0,32.0,10.0,,25.35021664922996
ronan-onghena,18.838909266459744,48,48,26,Belgium,Europe,Western Europe,1957.0,54,41.0,48.0,,,15.0,53.0,,41.0,28.254584379557567
jose-luis-viejo,23.51,21,26,42,Spain,Europe,Southern Europe,1949.0,33,6.0,23.0,46.0,,,28.0,23.0,,23.168774292282627
rolf-haller,21.125808283366105,61,60,26,Germany,Europe,Western Europe,1957.0,64,,45.0,100.0,,66.0,55.0,113.0,,31.13061812131884
juan-argudo,20.31672733910393,61,59,15,Spain,Europe,Southern Europe,1954.0,64,,59.0,,,,59.0,,,31.420648351953893
tullio-bertacco,21.16271072474372,34,36,16,Italy,Europe,Southern Europe,1957.0,35,,36.0,,,,36.0,,,17.54601094266158
alessio-antonini,20.54740379073314,27,30,16,Italy,Europe,Southern Europe,1949.0,35,,32.0,1.0,,,30.0,,,21.99990530282649
wim-de-ruiter,22.541289565041858,38,51,15,Netherlands,Europe,Western Europe,1951.0,54,,51.0,,,34.0,52.0,,,34.56147042727259
salvador-jarque,19.15459533773474,68,62,16,Spain,Europe,Southern Europe,1957.0,64,,62.0,,,,62.0,,,27.74939939289978
angel-lopez-del-alamo,23.63905772150797,52,51,18,Spain,Europe,Southern Europe,1949.0,51,,51.0,,,,51.0,,,19.94764388924231
jose-antonio-bernal,22.0728839556908,74,72,12,Spain,Europe,Southern Europe,1952.0,73,,72.0,,,,72.0,,,20.425029208836357
leone-pizzini,21.841244514781465,81,77,13,Italy,Europe,Southern Europe,1948.0,77,,77.0,,,,77.0,,,17.69579118437561
manuel-martin-conde,21.105205203870685,69,68,15,Spain,Europe,Southern Europe,1953.0,74,,68.0,,,,68.0,,,29.667201707320785
hector-rondan,19.985043664431608,76,72,15,Uruguay,America,America,1953.0,76,,72.0,,,,72.0,,,21.83989359820584
luis-casas,20.48893008388839,83,78,15,Spain,Europe,Southern Europe,1953.0,83,,78.0,,,,78.0,,,22.19781198998805
jesus-lopez-carril,21.63201676542319,69,65,17,Spain,Europe,Southern Europe,1949.0,67,,65.0,,,,65.0,,,28.602755934679152
jaime-martin,21.30245693776769,70,73,18,Spain,Europe,Southern Europe,1955.0,75,,73.0,,,,73.0,,,17.522721011132575
tranquillo-andreetta,19.12721412564628,37,47,10,Italy,Europe,Southern Europe,1955.0,47,,47.0,,,,47.0,,,38.05493105732525
jose-manuel-garcia-rodrigues,24.129154556523453,45,54,25,Spain,Europe,Southern Europe,1951.0,61,32.0,68.0,,,,68.0,32.0,,32.2884396237002
juan-martin-ocana,22.31225644696032,92,84,14,Spain,Europe,Southern Europe,1958.0,85,,84.0,,,,84.0,,,20.187037512138417
miguel-acha,20.23874868850909,57,57,33,Spain,Europe,Southern Europe,1957.0,59,,57.0,,,,57.0,,,23.954304667871536
kurt-van-lancker,20.68,91,93,61,Belgium,Europe,Western Europe,1971.0,102,,100.0,82.0,38.0,65.0,101.0,,,36.68224954516816
davy-daniels,22.621176261803768,77,77,2,Belgium,Europe,Western Europe,1976.0,81,,77.0,,,,77.0,,,26.87005768508881
jurgen-guns,19.02228159608693,55,54,7,Belgium,Europe,Western Europe,1976.0,57,,56.0,,47.0,46.0,66.0,,,16.296362433728227
charles-guilbert,20.79549013347201,64,67,34,France,Europe,Western Europe,1972.0,72,,83.0,49.0,,81.0,57.0,,,28.92001385590997
stive-vermaut,19.40123916100989,59,64,83,Belgium,Europe,Western Europe,1975.0,68,,66.0,64.0,31.0,72.0,57.0,72.0,,35.948112932268444
peter-wuyts,20.382615893616546,72,67,51,Belgium,Europe,Western Europe,1973.0,67,,67.0,67.0,,60.0,80.0,51.0,,36.340934624907
lorenzo-fortunato,19.72,44,57,88,Italy,Europe,Southern Europe,1996.0,59,50.0,58.0,43.0,47.0,63.0,55.0,43.0,50.0,42.926196048683735
alessandro-covi,20.37,73,72,88,Italy,Europe,Southern Europe,1998.0,73,69.0,73.0,70.0,,87.0,71.0,54.0,,36.44729665759606
remco-evenepoel,20.86,14,28,106,Belgium,Europe,Western Europe,2000.0,28,32.0,31.0,19.0,22.0,17.0,32.0,27.0,18.0,31.70283884788985
tobias-foss,21.86,40,51,85,Norway,Europe,Northern Europe,1997.0,51,64.0,49.0,,,60.0,45.0,78.0,60.0,37.46083669266192
einer-rubio,20.82,64,65,97,Colombia,America,America,1998.0,67,80.0,63.0,68.0,34.0,55.0,63.0,68.0,80.0,41.514617762572605
simon-carr,18.81,88,86,78,Great Britain,Europe,Northern Europe,1998.0,88,86.0,85.0,88.0,86.0,80.0,89.0,88.0,,46.65161262349846
quinten-hermans,20.48,67,69,89,Belgium,Europe,Western Europe,1995.0,70,33.0,51.0,106.0,,60.0,54.0,109.0,,43.45243545635695
harold-tejada,19.44,64,68,127,Colombia,America,America,1997.0,69,62.0,67.0,72.0,64.0,71.0,62.0,74.0,,37.25042517513101
lars-van-den-berg,21.04,79,85,66,Netherlands,Europe,Western Europe,1998.0,86,,86.0,84.0,,,86.0,84.0,,38.56016096939968
jimmy-janssens,22.1,113,106,74,Belgium,Europe,Western Europe,1989.0,109,110.0,108.0,102.0,,120.0,103.0,109.0,,41.067575090404326
giovanni-aleotti,20.68,80,81,78,Italy,Europe,Southern Europe,1999.0,83,33.0,83.0,,,74.0,85.0,18.0,62.0,27.39169633858094
marton-dina,19.37,115,113,21,Hungary,Europe,Eastern Europe,1996.0,114,,113.0,,,,113.0,,,36.61368466518912
nicola-venchiarutti,21.38,120,117,22,Italy,Europe,Southern Europe,1998.0,117,,117.0,,,121.0,117.0,,,33.576203952523755
natnael-tesfatsion,19.59,99,90,70,Eritrea,Africa,Africa,1999.0,91,,91.0,85.0,,72.0,95.0,,,46.89740354888882
matteo-sobrero,20.11,55,56,121,Italy,Europe,Southern Europe,1997.0,57,70.0,53.0,46.0,68.0,61.0,50.0,,70.0,35.31585343910339
gianni-vermeersch,22.72,80,76,89,Belgium,Europe,Western Europe,1992.0,79,75.0,74.0,104.0,56.0,73.0,70.0,92.0,14.0,42.50024034060505
mauro-schmid,20.02,60,70,79,Switzerland,Europe,Western Europe,1999.0,73,13.0,75.0,56.0,54.0,63.0,73.0,13.0,,51.18560583529063
filippo-tagliani,21.6,126,113,44,Italy,Europe,Southern Europe,1995.0,113,,113.0,,,158.0,111.0,,,47.39555112439119
senne-leysen,21.61,101,101,98,Belgium,Europe,Western Europe,1996.0,103,,102.0,104.0,91.0,102.0,100.0,104.0,,26.656752882277395
samuele-zoccarato,22.1,110,103,57,Italy,Europe,Southern Europe,1998.0,107,,114.0,,66.0,79.0,121.0,,,43.45118685488056
umberto-marengo,21.53,111,108,37,Italy,Europe,Southern Europe,1992.0,110,,116.0,76.0,66.0,89.0,123.0,76.0,,37.00480855045538
wesley-kreder,21.2,108,107,106,Netherlands,Europe,Western Europe,1990.0,110,97.0,110.0,110.0,81.0,87.0,117.0,102.0,,32.59627112546488
riccardo-minali,22.84,130,108,58,Italy,Europe,Southern Europe,1995.0,109,130.0,124.0,95.0,56.0,89.0,123.0,103.0,,56.30746174383887
lawrence-naesen,19.94,93,89,66,Belgium,Europe,Western Europe,1992.0,89,67.0,91.0,78.0,65.0,75.0,92.0,86.0,54.0,42.93509222678047
matteo-moschetti,22.53,118,106,83,Italy,Europe,Southern Europe,1996.0,106,136.0,109.0,,59.0,90.0,114.0,,136.0,56.95019244594121
oscar-riesebeek,21.38,120,110,94,Netherlands,Europe,Western Europe,1992.0,111,,110.0,142.0,78.0,107.0,111.0,142.0,,42.5138248471517
gilles-delion,21.222653865874967,40,56,113,France,Europe,Western Europe,1966.0,63,36.0,22.0,65.0,66.0,27.0,20.0,69.0,6.0,48.80758455132269
vincent-barteau,19.75417557775979,63,69,81,France,Europe,Western Europe,1962.0,80,44.0,22.0,77.0,,21.0,34.0,80.0,44.0,49.63444144722269
marco-diem,21.514681605686476,3,8,5,Switzerland,Europe,Western Europe,1964.0,14,,12.0,2.0,,,8.0,,,8.814760348415605
claude-lamour,22.286779012405223,84,85,129,France,Europe,Western Europe,1969.0,90,102.0,79.0,83.0,,78.0,79.0,94.0,26.0,44.26702799422907
laurent-pillon,21.838546541229466,74,79,135,France,Europe,Western Europe,1964.0,89,30.0,50.0,89.0,47.0,52.0,45.0,91.0,30.0,46.14575413463848
christopher-boardman,22.86,47,55,132,Great Britain,Europe,Northern Europe,1968.0,64,110.0,43.0,52.0,,43.0,30.0,69.0,,44.791357758135184
jean-philippe-dojwa,20.5970162082418,85,77,65,France,Europe,Western Europe,1967.0,84,,80.0,77.0,50.0,86.0,50.0,80.0,,46.867432722520654
gerard-rue,22.34,58,64,222,France,Europe,Western Europe,1965.0,72,87.0,30.0,68.0,85.0,34.0,26.0,73.0,,41.73863134289447
jean-francois-anti,23.49540690114484,137,136,11,France,Europe,Western Europe,1971.0,136,,,136.0,,,,136.0,,22.144155806072995
vitali-kokorine,20.230754875777077,86,83,65,Russia,Asia,Asia,1975.0,86,72.0,79.0,96.0,,142.0,73.0,91.0,,43.36189394103822
gordon-fraser,23.18,42,65,20,Canada,America,America,1968.0,78,,26.0,87.0,,18.0,96.0,80.0,,60.61811002627758
bartlomiej-matysiak,20.97,123,112,24,Poland,Europe,Eastern Europe,1984.0,113,,113.0,,88.0,93.0,115.0,,,50.12614522165661
pier-paolo-de-negri,21.11,114,109,51,Italy,Europe,Southern Europe,1986.0,111,93.0,111.0,,85.0,88.0,112.0,,93.0,38.37619768840587
aleksejs-saramotins,21.91,125,112,133,Latvia,Europe,Northern Europe,1982.0,118,100.0,110.0,126.0,51.0,94.0,117.0,127.0,,54.418615721735776
mauro-finetto,19.79,66,72,127,Italy,Europe,Southern Europe,1985.0,73,79.0,69.0,78.0,58.0,70.0,70.0,89.0,29.0,37.64529657149424
yonathan-monsalve,20.02,70,63,41,Venezuela,America,America,1989.0,63,75.0,63.0,73.0,,,63.0,75.0,,34.367845153396
nick-van-der-lijke,19.69,78,79,74,Netherlands,Europe,Western Europe,1991.0,80,117.0,74.0,86.0,,61.0,84.0,117.0,,41.22915480845949
luca-chirico,20.8,104,106,42,Italy,Europe,Southern Europe,1992.0,108,96.0,115.0,,,106.0,116.0,,96.0,39.148908668594174
alessandro-malaguti,22.13,140,134,20,Italy,Europe,Southern Europe,1987.0,134,,134.0,,,,134.0,,,36.52324422092119
benat-intxausti,19.92,73,80,309,Spain,Europe,Southern Europe,1986.0,82,96.0,63.0,100.0,,80.0,63.0,101.0,,54.27488986618925
nikolay-mihaylov,20.9,137,127,26,Bulgaria,Europe,Eastern Europe,1988.0,128,,127.0,,,123.0,128.0,,,47.569883814802886
serghei-tvetcov,21.78,146,130,23,Romania,Europe,Eastern Europe,1988.0,132,,130.0,,,114.0,133.0,,,36.659904754387874
baptiste-planckaert,20.75,92,86,88,Belgium,Europe,Western Europe,1988.0,88,76.0,86.0,92.0,44.0,84.0,87.0,96.0,18.0,40.26137176533273
laurenz-rex,22.01,85,77,27,Belgium,Europe,Western Europe,1999.0,79,20.0,81.0,,43.0,58.0,82.0,,20.0,38.806151302562576
clement-davy,21.8,132,124,41,France,Europe,Western Europe,1998.0,128,34.0,141.0,,96.0,111.0,138.0,,34.0,37.23973094660607
ludovic-robeet,19.93,83,82,8,Belgium,Europe,Western Europe,1994.0,87,35.0,85.0,,100.0,110.0,74.0,,35.0,38.42966673956835
bram-welten,22.92,99,89,14,Netherlands,Europe,Western Europe,1997.0,91,41.0,93.0,,92.0,94.0,72.0,,41.0,35.43241515838349
cees-bol,22.05,116,92,132,Netherlands,Europe,Western Europe,1995.0,94,49.0,81.0,112.0,63.0,67.0,102.0,113.0,49.0,60.5450391824503
arjen-livyns,20.07,40,50,18,Belgium,Europe,Western Europe,1994.0,51,60.0,50.0,,35.0,42.0,56.0,76.0,54.0,24.116276064969693
clement-russo,20.88,91,87,85,France,Europe,Western Europe,1995.0,90,77.0,79.0,104.0,72.0,81.0,86.0,96.0,72.0,40.87402934027674
rudy-barbier,24.66,92,82,37,France,Europe,Western Europe,1992.0,84,113.0,80.0,,62.0,70.0,100.0,,113.0,58.41800804258617
christophe-noppe,23.57,85,73,11,Belgium,Europe,Western Europe,1994.0,74,90.0,66.0,,84.0,68.0,76.0,,90.0,30.7408522978788
timothy-dupont,22.47,90,78,32,Belgium,Europe,Western Europe,1987.0,77,91.0,90.0,72.0,72.0,75.0,91.0,72.0,91.0,53.88783901353242
silvio-martinello,22.16,26,50,180,Italy,Europe,Southern Europe,1963.0,59,,50.0,49.0,,30.0,53.0,51.0,,49.43168639761071
federico-colonna,22.93634814295596,106,84,52,Italy,Europe,Southern Europe,1972.0,91,92.0,85.0,59.0,,24.0,94.0,87.0,,60.896330941789465
marc-streel,20.38,98,89,53,Belgium,Europe,Western Europe,1971.0,99,,92.0,77.0,82.0,36.0,99.0,,,55.32087426254862
marco-antonio-di-renzo,19.90656356254119,108,104,76,Italy,Europe,Southern Europe,1969.0,109,109.0,106.0,78.0,,80.0,109.0,109.0,,49.55917073064048
sandro-giacomelli,20.55275094261571,118,107,48,Italy,Europe,Southern Europe,1975.0,114,28.0,123.0,85.0,,82.0,110.0,,28.0,48.52632812480866
angelo-canzonieri,22.030310288614672,78,79,79,Italy,Europe,Southern Europe,1964.0,82,79.0,78.0,84.0,,54.0,84.0,82.0,26.0,39.09599617077846
claus-michael-moller,21.13,52,60,232,Denmark,Europe,Northern Europe,1968.0,60,49.0,74.0,77.0,,42.0,79.0,55.0,38.0,39.98966876583496
maurizio-de-pasquale,21.643725634808707,88,89,78,Italy,Europe,Southern Europe,1969.0,91,,101.0,69.0,,,89.0,,,38.8452555591269
bruno-boscardin,18.887788505285407,60,64,176,Switzerland,Europe,Western Europe,1970.0,74,41.0,61.0,69.0,42.0,36.0,64.0,84.0,41.0,47.62297512483087
maurizio-molinari,19.11449597827218,64,66,76,Italy,Europe,Southern Europe,1967.0,83,113.0,63.0,40.0,,34.0,65.0,113.0,,47.7809622221779
stefano-finesso,21.02640251046998,88,85,50,Italy,Europe,Southern Europe,1971.0,90,,96.0,67.0,,,85.0,,,37.56149243954125
david-lefevre,21.55,80,75,40,France,Europe,Western Europe,1972.0,78,,90.0,63.0,,63.0,75.0,,,34.946846084905154
alessandro-baronti,23.578059134375803,104,93,106,Italy,Europe,Southern Europe,1967.0,101,12.0,98.0,94.0,19.0,63.0,89.0,104.0,12.0,45.6779981481763
andrea-vatteroni,22.27815063102936,95,94,85,Italy,Europe,Southern Europe,1969.0,97,99.0,98.0,74.0,,132.0,91.0,99.0,,39.4990976034212
federico-profeti,19.28868003160776,86,84,24,Italy,Europe,Southern Europe,1972.0,88,,99.0,47.0,,127.0,82.0,,,43.69904900633389
michael-andersson,19.88,101,99,66,Sweden,Europe,Northern Europe,1967.0,107,100.0,100.0,83.0,,96.0,103.0,101.0,52.0,46.6770384744568
simone-leporatti,21.457224700158665,131,130,27,Italy,Europe,Southern Europe,1972.0,131,,135.0,123.0,,,130.0,,,17.441558909913333
simone-zucchi,20.00461951232422,120,110,45,Italy,Europe,Southern Europe,1971.0,112,114.0,114.0,98.0,,81.0,109.0,114.0,,40.74020920987822
leo-vincent,19.79,66,72,64,France,Europe,Western Europe,1995.0,74,90.0,71.0,57.0,,69.0,64.0,88.0,,32.561994443566526
nikita-stalnov,20.34,116,112,87,Kazakhstan,Asia,Asia,1991.0,113,118.0,109.0,109.0,,100.0,107.0,116.0,,32.45922740091505
nelson-soto,20.83,140,118,33,Colombia,America,America,1994.0,120,108.0,114.0,147.0,,98.0,134.0,120.0,,47.45005348529731
mathias-le-turnier,20.06,109,106,62,France,Europe,Western Europe,1995.0,108,106.0,101.0,122.0,,102.0,99.0,118.0,100.0,31.970839602295825
egoitz-garcia,21.6,99,94,73,Spain,Europe,Southern Europe,1986.0,97,84.0,73.0,110.0,9.0,85.0,67.0,104.0,,55.67003995466533
lieuwe-westra,21.62,91,87,272,Netherlands,Europe,Western Europe,1982.0,88,91.0,66.0,100.0,61.0,61.0,81.0,104.0,91.0,48.62229953140117
tom-veelers,22.15,133,114,157,Netherlands,Europe,Western Europe,1984.0,117,143.0,101.0,128.0,47.0,98.0,101.0,133.0,,54.4751905227714
david-veilleux,23.15,82,83,52,Canada,America,America,1987.0,87,32.0,81.0,96.0,87.0,79.0,80.0,86.0,,38.76805763266134
dmitriy-muravyev,21.0,96,97,269,Kazakhstan,Asia,Asia,1979.0,101,126.0,72.0,116.0,94.0,71.0,80.0,133.0,,50.11374511419248
kris-boeckmans,23.46,128,117,111,Belgium,Europe,Western Europe,1987.0,119,,104.0,123.0,143.0,105.0,116.0,126.0,,50.1272108194468
frederik-willems,20.23,107,104,284,Belgium,Europe,Western Europe,1979.0,107,98.0,92.0,115.0,66.0,83.0,104.0,115.0,,39.94309332319358
fabio-enrique-parra,21.029980454759745,37,54,165,Colombia,America,America,1959.0,70,,15.0,68.0,,,21.0,69.0,,51.85519308149943
pablo-emilio-wilches,23.317824102873804,87,85,71,Colombia,America,America,1955.0,103,,42.0,96.0,,,57.0,101.0,,61.67903550253636
jose-antonio-agudelo,20.95499950730621,64,67,66,Colombia,America,America,1959.0,72,44.0,32.0,75.0,,,48.0,73.0,,40.8844753707361
francisco-rodriguez,21.87086329562708,68,74,76,Colombia,America,America,1960.0,94,16.0,16.0,102.0,,,30.0,104.0,,59.97722959736836
dominique-garde,23.129773204366145,44,54,232,France,Europe,Western Europe,1959.0,62,12.0,28.0,61.0,,30.0,29.0,61.0,22.0,38.26965681946422
celestino-prieto,20.951726027731983,47,57,225,Spain,Europe,Southern Europe,1961.0,68,25.0,33.0,74.0,,30.0,37.0,71.0,,40.27455969629164
alfonso-florez-ortiz,18.0309303223474,90,82,64,Colombia,America,America,1952.0,90,,39.0,89.0,,,54.0,88.0,,48.08349839040747
angel-de-las-heras,18.414653650086372,41,40,69,Spain,Europe,Southern Europe,1957.0,42,12.0,42.0,22.0,,,42.0,18.0,,22.48636984140618
luis-alberto-herrera,19.96,54,66,193,Colombia,America,America,1961.0,79,,15.0,75.0,,7.0,26.0,77.0,,56.582053402745615
gianbattista-baronchelli,21.04,14,19,65,Italy,Europe,Southern Europe,1953.0,27,20.0,20.0,18.0,,28.0,15.0,30.0,10.0,21.778495921789105
martin-alonso-ramirez,22.9393280980245,71,74,114,Colombia,America,America,1960.0,88,37.0,31.0,84.0,,6.0,33.0,88.0,,51.39464150661868
vladimir-voloshin,22.182223351074946,32,39,15,Russia,Asia,Asia,1961.0,42,,39.0,,,,39.0,,,23.96982229705471
carlos-mario-jaramillo,19.50475277384431,112,106,153,Colombia,America,America,1961.0,116,73.0,46.0,115.0,,,57.0,116.0,,49.52118864905201
guillermo-de-la-pena,19.152480101643125,42,39,62,Spain,Europe,Southern Europe,1959.0,40,,39.0,28.0,,,39.0,28.0,,20.39986960898178
andrei-toporizchev,21.99291698033968,46,46,13,Russia,Asia,Asia,1962.0,47,,46.0,,,,46.0,,,24.0919712128974
andrei-vedernikov,22.655218503278487,20,36,7,Russia,Asia,Asia,1959.0,47,,36.0,,,,36.0,,,34.07764244025273
kim-kirchen,21.46,33,46,329,Luxembourg,Europe,Western Europe,1978.0,47,64.0,53.0,38.0,,48.0,45.0,44.0,62.0,41.2715732771121
torsten-hiekmann,20.9,91,92,185,Germany,Europe,Western Europe,1980.0,94,97.0,91.0,84.0,,77.0,90.0,100.0,,42.713622932488434
christian-werner,19.636764034327356,69,78,63,Germany,Europe,Western Europe,1979.0,79,56.0,84.0,130.0,,74.0,91.0,56.0,,33.963844816750395
guillaume-auger,23.04,94,98,92,France,Europe,Western Europe,1976.0,102,135.0,81.0,97.0,,82.0,71.0,112.0,,45.44766972276812
zbigniew-piatek,20.75,56,64,35,Poland,Europe,Eastern Europe,1966.0,68,36.0,75.0,57.0,,85.0,63.0,,36.0,29.629845276214947
eric-berthou,20.59,99,100,73,France,Europe,Western Europe,1980.0,102,,107.0,67.0,,107.0,95.0,,,41.72117439255592
carlos-da-cruz,22.34,77,80,227,France,Europe,Western Europe,1974.0,82,64.0,86.0,78.0,,94.0,77.0,78.0,,44.41540934832673
david-zabriskie,20.01,118,108,293,United States,America,America,1979.0,111,127.0,104.0,105.0,,105.0,89.0,126.0,,53.069290513313966
klaus-mutschler,24.0932263768252,132,127,16,Germany,Europe,Western Europe,1977.0,131,,131.0,99.0,,131.0,99.0,,,38.19680396752239
alexandre-pichot,21.5,85,84,221,France,Europe,Western Europe,1983.0,86,89.0,76.0,98.0,46.0,76.0,76.0,101.0,,41.248797646488505
wouter-wippert,25.95,133,100,11,Netherlands,Europe,Western Europe,1990.0,101,,100.0,,,87.0,110.0,,,55.3115145007225
daniel-diaz,21.11,140,137,7,Argentina,America,America,1989.0,138,,137.0,,,137.0,,,,21.26365107743393
matthew-brammeier,21.98,126,122,18,Ireland,Europe,Northern Europe,1985.0,123,35.0,126.0,145.0,96.0,130.0,124.0,35.0,,36.34511411815126
steven-tronet,21.88,128,122,10,France,Europe,Western Europe,1986.0,125,,121.0,,137.0,126.0,94.0,,,20.860648759486523
antonio-jose-pecharroman-fabian,23.55,59,66,109,Spain,Europe,Southern Europe,1978.0,69,71.0,46.0,57.0,,,49.0,72.0,,35.708988199895536
robert-bartko,22.55,97,95,43,Germany,Europe,Western Europe,1975.0,97,102.0,92.0,81.0,,99.0,75.0,102.0,,34.893589228019124
jesus-maria-manzano,19.66,78,89,68,Spain,Europe,Southern Europe,1978.0,93,87.0,108.0,76.0,,98.0,78.0,95.0,,47.98767949869931
rui-miguel-sousa-barbosa,20.18,34,44,39,Portugal,Europe,Southern Europe,1976.0,47,43.0,50.0,43.0,,50.0,43.0,43.0,50.0,28.71625814380029
steven-kleynen,21.27,68,73,104,Belgium,Europe,Western Europe,1977.0,77,77.0,66.0,72.0,,64.0,61.0,80.0,51.0,37.76397752496879
jose-antonio-garrido-lima,21.95,113,107,175,Spain,Europe,Southern Europe,1975.0,113,99.0,124.0,81.0,,,111.0,103.0,,48.72225023855838
jose-manuel-vazquez,20.52,85,82,97,Spain,Europe,Southern Europe,1975.0,86,95.0,65.0,66.0,,,55.0,96.0,,37.59319176407225
aitor-kintana,20.52,79,79,77,Spain,Europe,Southern Europe,1975.0,86,100.0,82.0,44.0,,117.0,54.0,100.0,,43.645029328654495
reto-bergmann,20.31,83,81,54,Switzerland,Europe,Western Europe,1976.0,87,120.0,64.0,55.0,,,56.0,120.0,,44.47215069323296
rui-lavarinhas,21.0595673202334,48,56,58,Portugal,Europe,Southern Europe,1971.0,58,57.0,72.0,36.0,,72.0,36.0,57.0,62.0,35.696784667133365
daniel-becke,21.45,107,99,128,Germany,Europe,Western Europe,1978.0,101,98.0,116.0,94.0,,128.0,87.0,100.0,,46.82097542936797
sebastien-talabardon,19.79,94,93,62,France,Europe,Western Europe,1978.0,100,107.0,107.0,84.0,,107.0,38.0,114.0,,49.63908076810961
mederic-clain,21.16,92,85,71,France,Europe,Western Europe,1976.0,87,70.0,93.0,90.0,,96.0,60.0,86.0,,37.2111004402699
german-nieto,22.2,116,107,153,Spain,Europe,Southern Europe,1972.0,110,112.0,126.0,76.0,,,91.0,110.0,,43.0209057507318
victoriano-fernandez,22.553983404147317,76,83,30,Spain,Europe,Southern Europe,1973.0,85,83.0,,,,,,83.0,,40.35389425581124
milan-kadlec,21.85,95,95,71,Czech Republic,Europe,Eastern Europe,1974.0,98,113.0,95.0,66.0,,142.0,83.0,115.0,92.0,46.01691579447076
alessandro-guerra,21.56950370561385,104,95,30,Italy,Europe,Southern Europe,1974.0,102,102.0,,81.0,,,81.0,105.0,38.0,55.93601640298032
juan-miguel-mercado,18.71,60,72,196,Spain,Europe,Southern Europe,1978.0,76,58.0,78.0,81.0,,122.0,55.0,77.0,25.0,49.87041790374627
raffaele-ferrara,19.82,113,118,73,Italy,Europe,Southern Europe,1976.0,121,134.0,115.0,113.0,,104.0,103.0,142.0,,35.48162321536256
martin-garrido-mayorga,22.09,111,93,49,Argentina,America,America,1974.0,95,100.0,,48.0,,,,94.0,78.0,62.62679655114498
sven-teutenberg,22.05,91,79,168,Germany,Europe,Western Europe,1972.0,85,87.0,89.0,64.0,,114.0,63.0,85.0,7.0,63.07449819457829
jose-maestre,21.86,125,111,57,Spain,Europe,Southern Europe,1976.0,120,140.0,53.0,45.0,,,48.0,140.0,,54.84978347147023
serguei-yakovlev,22.86,98,96,198,Kazakhstan,Asia,Asia,1976.0,97,92.0,101.0,81.0,,112.0,95.0,86.0,,39.22414379424138
dario-gadeo,19.29346105315541,106,104,34,Spain,Europe,Southern Europe,1975.0,109,120.0,82.0,,,,82.0,120.0,,42.68071571285024
andris-reiss,21.33,110,108,21,Latvia,Europe,Northern Europe,1978.0,115,108.0,,,,,,111.0,48.0,49.01112604491429
gorka-gerrikagoitia,21.05,82,79,108,Spain,Europe,Southern Europe,1973.0,83,89.0,108.0,52.0,,108.0,46.0,86.0,,42.75110495334293
gonzalo-bayarri,21.88,101,99,70,Spain,Europe,Southern Europe,1976.0,106,122.0,60.0,76.0,,,68.0,121.0,,46.655046616000725
juan-carlos-guillamon-ruiz,20.48,102,98,59,Spain,Europe,Southern Europe,1974.0,100,105.0,116.0,72.0,,,77.0,106.0,,48.329487207324775
omar-hernandez,21.96139139313356,81,83,93,Colombia,America,America,1962.0,95,,10.0,96.0,,,15.0,96.0,,54.895088858099726
fernando-martinez,21.045788183434137,69,71,9,Spain,Europe,Southern Europe,1963.0,114,,63.0,88.0,,,63.0,88.0,,65.87003196531114
oscar-de-jesus-vargas-restrepo,22.529745931436537,53,59,106,Colombia,America,America,1964.0,73,9.0,15.0,69.0,,7.0,23.0,70.0,,44.70132588066787
luc-suykerbuyk,21.86054574878513,34,53,11,Netherlands,Europe,Western Europe,1964.0,103,,53.0,8.0,96.0,96.0,48.0,,,59.47283566316795
luc-roosen,21.31429383053349,61,67,201,Belgium,Europe,Western Europe,1964.0,82,18.0,27.0,84.0,25.0,21.0,25.0,90.0,19.0,49.92520724451688
niki-ruttimann,22.42279819376799,42,49,206,Switzerland,Europe,Western Europe,1962.0,61,30.0,21.0,56.0,,20.0,21.0,61.0,19.0,37.74202755671558
francesco-cesarini,21.21536581257472,35,34,11,Italy,Europe,Southern Europe,1962.0,58,,35.0,32.0,,36.0,34.0,,,34.243512988859386
vladimir-efimkin,20.45,43,49,191,Russia,Asia,Asia,1981.0,50,35.0,57.0,45.0,,73.0,46.0,40.0,35.0,34.55989724605324
remi-pauriol,20.76,73,77,270,France,Europe,Western Europe,1982.0,78,72.0,81.0,74.0,,61.0,80.0,80.0,17.0,41.23341726270243
manuel-calvente-corbas,19.49,71,76,190,Spain,Europe,Southern Europe,1976.0,79,68.0,86.0,71.0,,111.0,75.0,71.0,,37.83145321934215
fabrice-piemontesi,20.86,97,91,17,Italy,Europe,Southern Europe,1983.0,90,97.0,87.0,93.0,,152.0,86.0,,97.0,42.53398295342623
roy-sentjens,20.78,60,68,154,Belgium,Europe,Western Europe,1980.0,71,53.0,70.0,90.0,51.0,61.0,87.0,53.0,,43.92705832130036
joost-posthuma,21.28,78,75,253,Netherlands,Europe,Western Europe,1981.0,77,77.0,66.0,84.0,23.0,60.0,65.0,88.0,,37.17472686463638
oscar-garcia-casarrubios,20.851631743184928,138,128,12,Spain,Europe,Southern Europe,1984.0,132,174.0,97.0,169.0,,,97.0,171.0,,50.60624886555438
manuel-vazquez-hueso,23.18,52,63,74,Spain,Europe,Southern Europe,1981.0,64,60.0,66.0,61.0,,38.0,74.0,60.0,,41.21815297614513
jose-ruiz-sanchez,21.70956161505963,102,102,75,Spain,Europe,Southern Europe,1980.0,104,102.0,95.0,137.0,,,95.0,104.0,,47.82696664789371
arkaitz-duran,20.45,87,91,103,Spain,Europe,Southern Europe,1986.0,92,79.0,110.0,83.0,,104.0,86.0,90.0,,44.06932565339117
alexei-markov,24.42,89,75,54,Russia,Asia,Asia,1979.0,73,69.0,71.0,84.0,,67.0,78.0,97.0,41.0,49.78917467426964
hayden-roulston,23.41,95,92,153,New Zealand,Oceania,Oceania,1981.0,97,108.0,84.0,102.0,42.0,74.0,98.0,106.0,,41.16435611018698
javier-benitez-pomares,20.26578147279681,125,106,28,Spain,Europe,Southern Europe,1979.0,109,107.0,99.0,114.0,,,99.0,108.0,,56.80332494553224
rafael-serrano-fernandez,19.762896046645096,120,113,7,Spain,Europe,Southern Europe,1987.0,113,,113.0,,,,113.0,,,25.480151005009667
markus-eichler,22.79,125,112,68,Germany,Europe,Western Europe,1982.0,116,114.0,114.0,105.0,85.0,75.0,129.0,111.0,,46.52784103330359
francesco-tomei,21.32493738468404,144,135,20,Italy,Europe,Southern Europe,1985.0,136,152.0,129.0,107.0,,127.0,133.0,140.0,,38.2497334012037
denis-galimzyanov,22.64,115,85,32,Russia,Asia,Asia,1987.0,84,85.0,78.0,89.0,,11.0,112.0,87.0,,73.43868821962545
martijn-maaskant,22.21,105,100,175,Netherlands,Europe,Western Europe,1983.0,104,119.0,89.0,102.0,70.0,97.0,70.0,108.0,,54.02753539891292
tomas-vaitkus,21.91,83,82,179,Lithuania,Europe,Northern Europe,1982.0,84,81.0,74.0,95.0,75.0,69.0,84.0,90.0,,51.663529386392
kai-reus,20.45,136,128,15,Netherlands,Europe,Western Europe,1985.0,128,,132.0,,70.0,109.0,135.0,,,26.69991974305755
hilton-clarke,21.6,96,82,8,Australia,Oceania,Oceania,1979.0,84,,82.0,,,85.0,81.0,,,62.00100805632115
boris-shpilevsky,23.29,152,152,2,Russia,Asia,Asia,1982.0,152,,152.0,,,,152.0,,,5.656854249492381
marcin-sapa,25.59,124,119,34,Poland,Europe,Eastern Europe,1976.0,119,,110.0,126.0,,97.0,121.0,126.0,,26.28943858482279
christian-kux,22.34,107,105,47,Germany,Europe,Western Europe,1985.0,105,109.0,97.0,110.0,,,103.0,109.0,,28.485629400298933
jose-antonio-lopez,21.67198063507331,150,149,76,Spain,Europe,Southern Europe,1976.0,150,147.0,150.0,149.0,,143.0,152.0,148.0,,20.77948971901033
francisco-jose-martinez-perez,21.518367276648725,113,113,79,Spain,Europe,Southern Europe,1983.0,114,108.0,120.0,157.0,,,120.0,111.0,,34.49377028175621
patrick-vetsch,20.80989838129942,36,42,34,Switzerland,Europe,Western Europe,1971.0,46,,50.0,34.0,,106.0,36.0,,,34.21798893109316
christoph-gohring,19.84502369814009,84,76,28,Switzerland,Europe,Western Europe,1973.0,79,,86.0,66.0,,,76.0,,,44.153352290834256
christian-heule,20.927633353045955,72,70,55,Switzerland,Europe,Western Europe,1975.0,72,,67.0,71.0,,,70.0,,,39.62914786201389
yvan-haymoz,20.527375520816427,92,80,16,Switzerland,Europe,Western Europe,1975.0,81,,82.0,78.0,,82.0,78.0,,,29.198102107271744
massimo-giunti,20.24,69,73,220,Italy,Europe,Southern Europe,1974.0,75,74.0,73.0,73.0,,77.0,63.0,84.0,26.0,38.28750775790103
lukas-zumsteg,20.99027356863727,96,92,67,Switzerland,Europe,Western Europe,1972.0,95,65.0,85.0,102.0,,101.0,91.0,,65.0,31.85246973363395
kai-hundertmarck,22.22,81,78,265,Germany,Europe,Western Europe,1969.0,85,74.0,78.0,84.0,26.0,65.0,80.0,82.0,22.0,41.115319143448005
maxim-smirnov,21.58062766366989,63,66,15,Russia,Asia,Asia,1976.0,68,,,66.0,,,66.0,,,31.067821356019216
serguei-lelekin,20.03987608247172,103,98,35,Russia,Asia,Asia,1973.0,104,59.0,117.0,79.0,,,104.0,,59.0,40.13722260764267
alessandro-varocchi,21.540711630921827,123,116,9,Italy,Europe,Southern Europe,1972.0,118,,,116.0,,,116.0,,,25.0249875124844
josef-christen,20.085760558704404,90,76,26,Switzerland,Europe,Western Europe,1970.0,77,,93.0,70.0,,,76.0,,,39.388245025055966
gaizka-lejarreta,21.74855580602762,118,122,16,Spain,Europe,Southern Europe,1978.0,124,,140.0,108.0,,140.0,108.0,,,33.03129828914793
daniel-von-flue,23.036817302968696,98,93,33,Switzerland,Europe,Western Europe,1970.0,95,,89.0,97.0,,,93.0,,,26.913160011752275
chris-barnsley,20.81505556379983,110,112,18,New Zealand,Oceania,Oceania,1971.0,114,,104.0,116.0,,,112.0,,,16.190855161160364
michael-themann,21.18732740269636,100,97,14,Switzerland,Europe,Western Europe,1970.0,98,,,97.0,,,97.0,,,20.80746379188366
emiliano-murtas,22.567105081609093,104,113,19,Italy,Europe,Southern Europe,1973.0,116,,135.0,90.0,,,113.0,,,32.34083834042345
moreno-di-biase,22.647099633401982,116,98,137,Italy,Europe,Southern Europe,1975.0,100,,99.0,92.0,,94.0,98.0,99.0,,55.23013544925664
anthony-rokia,21.31710367228921,121,117,69,France,Europe,Western Europe,1972.0,121,121.0,99.0,126.0,,108.0,115.0,121.0,,30.005462702420697
christian-sidler,21.50182330961525,80,84,42,Switzerland,Europe,Western Europe,1973.0,85,,80.0,85.0,,,84.0,,,27.367546079201407
marco-cannone,22.72,122,117,10,Italy,Europe,Southern Europe,1974.0,118,,,117.0,,,117.0,,,14.03012631605448
mirko-puglioli,22.166526375536492,71,78,19,Italy,Europe,Southern Europe,1973.0,79,,,78.0,,,78.0,,,29.348879452991024
artur-krzeszowiec,20.4712825301584,120,116,10,Poland,Europe,Eastern Europe,1972.0,118,,,116.0,,,116.0,,,17.715341750396277
vladimir-gusev,21.63,48,53,359,Russia,Asia,Asia,1982.0,55,54.0,58.0,49.0,49.0,42.0,55.0,57.0,25.0,35.34019850997872
jeremie-galland,20.48,116,101,46,France,Europe,Western Europe,1983.0,101,,88.0,112.0,47.0,83.0,115.0,112.0,,46.566310311626026
bjorn-leukemans,21.39,80,78,223,Belgium,Europe,Western Europe,1977.0,84,81.0,74.0,93.0,50.0,83.0,67.0,85.0,19.0,51.60121874007979
danny-pate,21.33,130,121,289,United States,America,America,1979.0,123,101.0,123.0,120.0,,109.0,122.0,126.0,79.0,42.994512326082166
vladimir-isaychev,22.63,122,120,158,Russia,Asia,Asia,1986.0,123,106.0,111.0,131.0,102.0,80.0,119.0,131.0,,43.69920197400128
alan-lezaun-perez,21.55,101,95,251,Spain,Europe,Southern Europe,1982.0,97,81.0,91.0,106.0,,99.0,95.0,95.0,43.0,45.79181227810434
romain-feillu,20.48,106,85,134,France,Europe,Western Europe,1984.0,85,7.0,89.0,85.0,74.0,85.0,114.0,81.0,9.0,61.757461611041066
tristan-valentin,21.06,90,94,110,France,Europe,Western Europe,1982.0,96,62.0,86.0,107.0,96.0,78.0,102.0,101.0,47.0,38.87198145775493
borut-bozic,22.09,108,95,264,Slovenia,Europe,Southern Europe,1980.0,98,75.0,85.0,112.0,11.0,83.0,97.0,103.0,,57.77274841766128
riccardo-ricco,18.83,40,49,108,Italy,Europe,Southern Europe,1983.0,50,25.0,47.0,58.0,,52.0,50.0,45.0,25.0,43.69369590637939
eduardo-ramirez-gonzalo,21.07,68,74,56,Spain,Europe,Southern Europe,1983.0,76,,61.0,82.0,,67.0,72.0,79.0,,45.06075264097826
john-lee-augustyn,20.52,82,88,59,South Africa,Africa,Africa,1986.0,88,87.0,95.0,81.0,,142.0,92.0,67.0,87.0,44.30231275288274
david-lelay,21.63,69,77,98,France,Europe,Western Europe,1979.0,78,69.0,70.0,84.0,,70.0,62.0,87.0,,38.45102710432656
sven-krauss,22.92,111,101,145,Germany,Europe,Western Europe,1983.0,103,79.0,103.0,96.0,,107.0,100.0,98.0,79.0,54.56774849895505
freddy-bichot,20.91,128,119,120,France,Europe,Western Europe,1979.0,121,162.0,118.0,118.0,,90.0,128.0,122.0,,42.5246015465716
arnaud-gerard,20.68,114,110,217,France,Europe,Western Europe,1984.0,113,103.0,112.0,112.0,56.0,100.0,110.0,116.0,,38.02934521467474
jesus-del-nero,22.53,55,71,69,Spain,Europe,Southern Europe,1982.0,75,69.0,73.0,71.0,,41.0,74.0,79.0,13.0,50.38176929105256
william-frischkorn-1,20.31,108,109,41,United States,America,America,1981.0,113,,110.0,110.0,69.0,108.0,48.0,116.0,,42.41492201756473
arnaud-coyot,19.99,100,91,150,France,Europe,Western Europe,1980.0,93,95.0,82.0,92.0,74.0,89.0,79.0,96.0,,49.24227871882879
frans-maassen,21.322548519062742,90,84,202,Netherlands,Europe,Western Europe,1965.0,95,,31.0,100.0,60.0,42.0,25.0,100.0,,56.06183671171381
steve-bauer,24.91,39,51,295,Canada,America,America,1959.0,57,28.0,31.0,57.0,26.0,36.0,20.0,59.0,70.0,45.33255801657933
john-carlsen,20.1321838178478,130,122,44,Denmark,Europe,Northern Europe,1961.0,130,,74.0,125.0,,60.0,65.0,129.0,,55.59120555723319
olaf-ludwig,22.27276590548527,16,48,164,Germany,Europe,Western Europe,1960.0,55,,21.0,56.0,25.0,27.0,25.0,59.0,,51.93595307305973
davis-phinney,20.2325995528732,88,78,77,United States,America,America,1959.0,79,41.0,45.0,80.0,,60.0,60.0,79.0,,61.14334982330042
jean-claude-colotti,22.47168488620864,38,56,249,France,Europe,Western Europe,1961.0,66,16.0,23.0,68.0,35.0,22.0,35.0,66.0,,49.87350334910306
soren-lilholt,21.74,42,55,110,Denmark,Europe,Northern Europe,1965.0,60,,33.0,61.0,41.0,25.0,40.0,61.0,,47.8920709378452
johan-capiot,20.82163104275616,17,50,120,Belgium,Europe,Western Europe,1964.0,66,,26.0,76.0,13.0,25.0,23.0,82.0,,60.08909118593675
jelle-nijdam,20.9,85,78,230,Netherlands,Europe,Western Europe,1963.0,85,,24.0,90.0,9.0,31.0,25.0,91.0,,56.71583509264684
adrie-van-der-poel,21.37,22,43,329,Netherlands,Europe,Western Europe,1959.0,55,23.0,18.0,59.0,38.0,16.0,24.0,60.0,15.0,46.164733620929184
martin-schalkers,22.092006410803783,112,95,27,Netherlands,Europe,Western Europe,1962.0,99,,68.0,100.0,,65.0,72.0,102.0,,53.63002412063123
twan-poels,20.55450678392785,98,97,118,Netherlands,Europe,Western Europe,1963.0,100,,58.0,100.0,,65.0,73.0,100.0,,46.49876980330059
guido-bontempi,20.101129270639092,65,67,291,Italy,Europe,Southern Europe,1960.0,77,19.0,22.0,80.0,,21.0,23.0,82.0,,51.65288403333136
andy-bishop,18.502317860113585,80,88,84,United States,America,America,1965.0,91,24.0,69.0,92.0,48.0,66.0,74.0,92.0,24.0,45.79744591986063
jos-haex,20.923036951226173,48,54,134,Belgium,Europe,Western Europe,1959.0,58,,36.0,60.0,,25.0,51.0,60.0,,36.56210329833985
patrick-verschueren,20.68587317391332,75,80,109,Belgium,Europe,Western Europe,1962.0,88,,57.0,91.0,,40.0,67.0,91.0,,54.10620557275738
william-pulido,21.69135123254248,95,95,23,Colombia,America,America,1965.0,102,,36.0,100.0,,,89.0,96.0,,59.34410939729488
uwe-raab,20.937677152724586,22,40,140,Germany,Europe,Western Europe,1962.0,55,,17.0,60.0,42.0,24.0,17.0,60.0,,39.1792570493541
christian-chaubet,23.049009629236043,54,67,86,France,Europe,Western Europe,1961.0,72,,41.0,74.0,76.0,42.0,45.0,75.0,,45.82978081825748
andreas-kappes,21.785613292641845,43,61,190,Germany,Europe,Western Europe,1965.0,76,32.0,32.0,70.0,3.0,28.0,34.0,78.0,46.0,55.19710788132674
jean-pierre-heynderickx,22.39683741117072,29,66,59,Belgium,Europe,Western Europe,1965.0,90,,24.0,101.0,42.0,28.0,34.0,98.0,,67.45785965145286
rudy-dhaenens,22.889527960470208,44,52,212,Belgium,Europe,Western Europe,1961.0,58,22.0,24.0,61.0,40.0,28.0,29.0,60.0,,42.541447405846725
ron-kiefel,19.816694791456708,80,81,181,United States,America,America,1960.0,89,42.0,35.0,89.0,,33.0,36.0,90.0,44.0,49.23902874872598
patrick-jacobs,20.398258991838564,96,97,86,Belgium,Europe,Western Europe,1962.0,103,22.0,67.0,105.0,,89.0,70.0,104.0,22.0,43.62977559811018
maarten-ducrot,22.131067013456875,82,84,134,Netherlands,Europe,Western Europe,1958.0,89,37.0,52.0,91.0,23.0,52.0,70.0,89.0,17.0,42.48091850188212
raul-alcala,19.98725259967763,35,45,250,Mexico,America,America,1964.0,51,32.0,20.0,51.0,,22.0,16.0,53.0,28.0,39.40864256015088
eric-van-lancker,21.041062899337906,74,72,192,Belgium,Europe,Western Europe,1961.0,83,22.0,29.0,87.0,50.0,35.0,23.0,89.0,15.0,45.34953660307279
edwig-van-hooydonck,20.699505206402705,73,76,185,Belgium,Europe,Western Europe,1966.0,93,19.0,22.0,105.0,31.0,19.0,24.0,108.0,,57.98067772477488
jos-van-aert,21.88436463550544,82,84,85,Netherlands,Europe,Western Europe,1962.0,92,44.0,62.0,90.0,,79.0,48.0,94.0,44.0,40.46038280875271
carlo-bomans,23.62,76,78,167,Belgium,Europe,Western Europe,1963.0,92,84.0,29.0,100.0,57.0,30.0,38.0,101.0,,57.31341152731119
fabrice-philipot,20.072045749613203,48,58,100,France,Europe,Western Europe,1965.0,66,,24.0,65.0,69.0,29.0,24.0,69.0,,43.46481103122154
peter-roes,23.31295471685056,92,90,79,Belgium,Europe,Western Europe,1964.0,100,,53.0,103.0,73.0,32.0,68.0,104.0,,47.29260742758405
eddy-schurer,20.673590092054827,71,77,79,Netherlands,Europe,Western Europe,1964.0,91,10.0,37.0,100.0,37.0,29.0,57.0,95.0,,61.47187670874726
francis-moreau,22.02,81,82,163,France,Europe,Western Europe,1965.0,93,97.0,42.0,95.0,60.0,43.0,42.0,99.0,,54.99526395781637
jerome-simon,21.65768193712234,35,39,229,France,Europe,Western Europe,1960.0,44,,18.0,43.0,,16.0,24.0,44.0,,25.030063131547703
jan-schur,22.53,68,71,68,Germany,Europe,Western Europe,1962.0,82,27.0,44.0,88.0,,62.0,51.0,79.0,41.0,52.39346815041735
jan-siemons,20.314423145490544,117,108,101,Netherlands,Europe,Western Europe,1964.0,116,,54.0,121.0,,44.0,62.0,121.0,,46.70425807966846
peter-de-clercq,21.57625230871003,119,106,143,Belgium,Europe,Western Europe,1966.0,119,,44.0,120.0,53.0,55.0,40.0,123.0,,59.25551197815411
henri-manders,21.055893303740984,82,81,193,Netherlands,Europe,Western Europe,1960.0,90,,35.0,91.0,,23.0,42.0,93.0,,50.69619319780893
paul-haghedooren,20.878221974695965,40,47,160,Belgium,Europe,Western Europe,1959.0,54,32.0,30.0,56.0,34.0,23.0,39.0,56.0,30.0,31.981568370059723
jesus-rosado-caballero,17.928336933524974,150,132,22,Spain,Europe,Southern Europe,1967.0,133,,,132.0,,,160.0,131.0,,51.95844160172294
valerio-piva,23.7284643925128,64,70,42,Italy,Europe,Southern Europe,1958.0,74,66.0,64.0,75.0,,63.0,62.0,77.0,66.0,31.050032683021843
christophe-lavainne,20.998041546814317,54,61,164,France,Europe,Western Europe,1963.0,67,33.0,18.0,67.0,61.0,24.0,22.0,68.0,33.0,46.13069273823396
francois-lemarchand,22.488013139362057,89,91,267,France,Europe,Western Europe,1960.0,97,,56.0,97.0,75.0,66.0,63.0,97.0,,37.54620181462902
laurent-biondi,17.412665529606812,55,64,137,France,Europe,Western Europe,1959.0,70,,32.0,68.0,,23.0,45.0,68.0,,43.16284182668703
roque-de-la-cruz,21.49582552647836,100,103,49,Spain,Europe,Southern Europe,1964.0,106,,39.0,105.0,,39.0,179.0,103.0,,45.761852113343686
mario-lara,20.17015466993339,168,148,7,Spain,Europe,Southern Europe,1966.0,150,,,148.0,,,188.0,142.0,,47.291396579887454
kurt-steinmann,22.033423475485016,86,79,32,Switzerland,Europe,Western Europe,1962.0,92,49.0,73.0,82.0,,102.0,43.0,92.0,,44.29301262887788
denis-roux,24.209410193585317,72,71,144,France,Europe,Western Europe,1961.0,78,,27.0,78.0,,22.0,42.0,78.0,,41.34824189266827
gerardo-moncada,20.091427344439325,114,103,102,Colombia,America,America,1962.0,110,,40.0,107.0,,156.0,34.0,108.0,,54.29547353972993
massimo-ghirotto,23.193687690827964,56,65,183,Italy,Europe,Southern Europe,1961.0,79,38.0,47.0,70.0,,60.0,32.0,75.0,,55.89800032990019
jean-claude-leclercq,21.745424613743268,58,66,181,France,Europe,Western Europe,1962.0,84,30.0,22.0,77.0,,32.0,14.0,89.0,30.0,53.43354190823796
laurent-fignon,22.13,18,33,281,France,Europe,Western Europe,1960.0,44,33.0,13.0,43.0,,14.0,14.0,44.0,24.0,36.277945769611
uwe-ampler,23.66632976257212,48,53,73,Germany,Europe,Western Europe,1964.0,64,52.0,34.0,59.0,,40.0,27.0,64.0,73.0,40.33482864506163
roland-leclerc,20.17175961783119,122,112,126,France,Europe,Western Europe,1963.0,119,,36.0,120.0,,26.0,47.0,121.0,,44.9713114901362
javier-lukin,21.987795794079105,99,100,101,Spain,Europe,Southern Europe,1963.0,105,,50.0,103.0,,83.0,64.0,102.0,,41.47577128831236
vasily-zhdanov,20.58981161714256,96,96,49,Ukraine,Europe,Eastern Europe,1963.0,98,,58.0,100.0,,34.0,96.0,99.0,,42.55323796404323
alessandro-giannelli,24.16927870307657,83,92,63,Italy,Europe,Southern Europe,1963.0,95,36.0,116.0,93.0,,,108.0,93.0,36.0,45.34700367662141
eric-boyer,22.479637730259206,55,62,207,France,Europe,Western Europe,1963.0,73,22.0,26.0,70.0,,18.0,25.0,74.0,3.0,45.42088711231949
roberto-gusmeroli,20.31549489977561,82,85,60,Italy,Europe,Southern Europe,1966.0,97,32.0,36.0,97.0,,46.0,44.0,99.0,32.0,53.37328306027998
philippe-louviot,21.4720214397798,78,78,146,France,Europe,Western Europe,1964.0,84,174.0,38.0,83.0,73.0,52.0,34.0,84.0,,46.10925853067326
mario-kummer,20.86657765311208,78,78,143,Germany,Europe,Western Europe,1962.0,84,78.0,60.0,83.0,50.0,55.0,68.0,83.0,65.0,35.900802572260325
patrick-tolhoek,19.88,98,86,55,Netherlands,Europe,Western Europe,1965.0,99,16.0,27.0,93.0,,9.0,29.0,101.0,16.0,55.98084689297957
frederic-brun,20.00718236269553,83,81,228,France,Europe,Western Europe,1957.0,89,43.0,47.0,85.0,,12.0,63.0,87.0,18.0,42.71035420827528
jose-urea,21.5871680715506,83,92,26,Spain,Europe,Southern Europe,1967.0,93,,102.0,90.0,,69.0,113.0,90.0,,31.89793820199766
abelardo-rondon,22.471446829489064,91,91,116,Colombia,America,America,1964.0,98,69.0,32.0,95.0,,,39.0,97.0,,53.49773075936772
othmar-hafliger,21.026788185707083,97,102,15,Switzerland,Europe,Western Europe,1963.0,106,62.0,5.0,113.0,,5.0,29.0,115.0,,57.96082420788324
pablo-moreno,21.03457463992927,106,102,26,Spain,Europe,Southern Europe,1963.0,107,,41.0,113.0,,69.0,52.0,112.0,,41.00680994101421
alexandre-trubine,21.365294806731768,90,101,23,Russia,Asia,Asia,1966.0,104,,39.0,107.0,,,83.0,104.0,,51.74206322441509
michel-dernies,23.15,84,81,246,Belgium,Europe,Western Europe,1961.0,87,36.0,40.0,89.0,66.0,58.0,36.0,91.0,,47.72078377306593
atle-kvalsvoll,21.487450529336343,62,72,166,Norway,Europe,Northern Europe,1962.0,88,29.0,27.0,85.0,,27.0,24.0,91.0,29.0,52.18896074094744
giancarlo-perini,20.63669328210805,73,78,257,Italy,Europe,Southern Europe,1959.0,83,15.0,56.0,81.0,,121.0,46.0,83.0,,47.60389071275811
juan-carlos-castillo,21.67530830336804,113,115,46,Colombia,America,America,1964.0,119,,33.0,116.0,,,104.0,115.0,,53.96309796545215
nelson-rodriguez-serna,19.81344460586811,68,70,108,Colombia,America,America,1965.0,81,,58.0,73.0,,94.0,40.0,87.0,,47.72268672927412
mauro-antonio-santaromita,22.32688198474018,128,116,130,Italy,Europe,Southern Europe,1964.0,128,91.0,100.0,124.0,,85.0,99.0,128.0,51.0,46.79068260383784
william-palacio,18.83372730371044,79,77,63,Colombia,America,America,1965.0,88,,19.0,83.0,,,28.0,85.0,,57.86982850062065
thomas-wegmuller,19.76206349586843,84,86,110,Switzerland,Europe,Western Europe,1960.0,109,39.0,36.0,110.0,,56.0,24.0,116.0,36.0,63.68490052958304
wim-van-eynde,19.132876213075388,91,88,128,Belgium,Europe,Western Europe,1960.0,99,42.0,45.0,104.0,,36.0,55.0,104.0,42.0,48.61076927763824
patrick-robeet,21.93554662827266,71,76,61,Belgium,Europe,Western Europe,1964.0,92,24.0,34.0,92.0,,17.0,76.0,92.0,24.0,51.79813170460332
sean-yates,21.62,84,83,304,Great Britain,Europe,Northern Europe,1960.0,90,46.0,52.0,89.0,,58.0,48.0,91.0,38.0,49.559844374214784
hansrudi-marki,23.232996638915065,71,69,25,Switzerland,Europe,Western Europe,1960.0,76,33.0,42.0,80.0,,20.0,46.0,81.0,,46.336019106810056
norman-alvis,21.614384978738087,120,111,40,United States,America,America,1963.0,122,46.0,101.0,126.0,,136.0,95.0,121.0,46.0,44.76060968627639
antonio-espejo,20.79383090783874,156,154,21,Spain,Europe,Southern Europe,1968.0,156,,,154.0,,,196.0,152.0,,28.522171826743588
davide-cassani,23.28939420369374,100,90,223,Italy,Europe,Southern Europe,1961.0,103,19.0,17.0,104.0,,22.0,31.0,106.0,12.0,53.70578211893112
vicente-juan-ridaura,24.954337414105275,103,102,69,Spain,Europe,Southern Europe,1963.0,105,,38.0,103.0,,,114.0,102.0,,47.22597631467961
bob-roll,21.7173912948146,108,104,73,United States,America,America,1960.0,119,57.0,41.0,123.0,,33.0,52.0,123.0,57.0,58.038904707662645
nikolai-golovatenko,20.432557283304327,154,148,22,Russia,Asia,Asia,1963.0,150,,87.0,151.0,,,140.0,149.0,,37.85378568794792
jose-angel-sarrapio,21.970234304510807,126,119,44,Spain,Europe,Southern Europe,1959.0,128,,66.0,137.0,,,76.0,136.0,,52.41259209126332
reynel-montoya,21.326004517084264,122,100,92,Colombia,America,America,1959.0,106,,49.0,101.0,,,102.0,100.0,,59.03821432021335
alfred-achermann,20.148753379580768,114,106,111,Switzerland,Europe,Western Europe,1959.0,114,7.0,38.0,113.0,,25.0,48.0,115.0,7.0,53.82781721966726
campbell-flakemore,20.81,99,92,5,Australia,Oceania,Oceania,1992.0,93,,92.0,,,,92.0,,,39.97123966053592
romain-guillemois,19.93,93,101,21,France,Europe,Western Europe,1991.0,103,85.0,99.0,109.0,,,102.0,,85.0,25.297374228507252
stig-broeckx,20.65,101,99,51,Belgium,Europe,Western Europe,1990.0,103,66.0,102.0,106.0,39.0,81.0,109.0,66.0,,43.77297939928462
augusto-triana,22.63429030296359,16,21,3,Colombia,America,America,1967.0,40,16.0,,24.0,,,2.0,30.0,,21.93171219946131
stefano-verziagi,22.013433105510188,88,79,30,Italy,Europe,Southern Europe,1972.0,77,76.0,,87.0,,,86.0,77.0,,43.92978985587809
candido-barbosa,24.06,78,72,48,Portugal,Europe,Southern Europe,1974.0,76,101.0,87.0,44.0,,,70.0,101.0,,47.78876392465919
ivan-cerioli,21.19590893599689,99,91,46,Italy,Europe,Southern Europe,1971.0,94,76.0,7.0,99.0,,7.0,82.0,98.0,,50.73586045620873
wim-feys,21.93,41,49,31,Belgium,Europe,Western Europe,1971.0,54,,45.0,67.0,26.0,36.0,62.0,,,31.93296069102619
cyril-bos,20.523337301069432,115,117,19,France,Europe,Western Europe,1972.0,124,146.0,,85.0,,,85.0,146.0,,41.86604927469685
oscar-lopez-uriarte,18.680589723000857,75,72,80,Spain,Europe,Southern Europe,1970.0,77,75.0,50.0,66.0,,38.0,67.0,75.0,,28.62714255980224
jairo-de-jesus-hernandez-montoya,21.276206881727845,54,54,42,Colombia,America,America,1972.0,55,58.0,,37.0,,,37.0,58.0,,22.391420810214704
jose-joaquin-castelblanco,20.47478767035605,63,70,197,Colombia,America,America,1969.0,73,65.0,65.0,79.0,,,62.0,78.0,70.0,40.15772604042208
carlos-osorio,20.190918174965624,92,90,30,Colombia,America,America,1974.0,95,102.0,,64.0,,,64.0,102.0,,33.761571026255865
juan-cesar-aguirre,23.971444063003425,79,82,89,Colombia,America,America,1969.0,85,69.0,151.0,92.0,,,95.0,80.0,,36.68536682271642
milan-dvorscik,22.2,95,99,6,Slovakia,Europe,Eastern Europe,1970.0,99,,,99.0,,,99.0,,,13.441230102437302
victor-moratilla,23.09101668291548,76,80,48,Spain,Europe,Southern Europe,1970.0,82,83.0,,67.0,,,70.0,82.0,,38.08277076419223
jean-denis-vandenbroucke,20.96050746885174,109,97,7,Belgium,Europe,Western Europe,1976.0,97,,,97.0,,,97.0,,,23.05376738141058
ludwig-willems,22.042873887725182,103,96,67,Belgium,Europe,Western Europe,1966.0,112,,65.0,139.0,62.0,72.0,71.0,145.0,,51.45852795701104
eddy-bouwmans,20.347634672420888,42,43,103,Netherlands,Europe,Western Europe,1968.0,48,57.0,36.0,44.0,,33.0,28.0,49.0,56.0,25.24949179872064
dominique-arnould,22.716812584849137,68,68,103,France,Europe,Western Europe,1966.0,75,96.0,46.0,75.0,40.0,52.0,49.0,75.0,96.0,41.16247933410372
yvon-ledanois,22.444329470652967,32,44,127,France,Europe,Western Europe,1969.0,47,19.0,52.0,47.0,23.0,61.0,52.0,37.0,,38.50463347637666
juan-carlos-martin,21.97038387718506,71,78,45,Spain,Europe,Southern Europe,1967.0,81,,46.0,80.0,,46.0,,80.0,,36.079975699335584
remig-stumpf,19.803068858420183,42,61,45,Germany,Europe,Western Europe,1966.0,76,,27.0,74.0,,24.0,18.0,84.0,,59.929731580182526
dominik-krieger,21.094256103820157,73,77,60,Germany,Europe,Western Europe,1968.0,84,52.0,73.0,80.0,,132.0,49.0,82.0,50.0,40.1350650470095
jim-van-de-laer,20.84907173210593,35,50,103,Belgium,Europe,Western Europe,1968.0,61,,32.0,57.0,,36.0,24.0,60.0,,43.1353440900365
enrique-alonso,19.308603349714144,78,78,26,Spain,Europe,Southern Europe,1965.0,82,,125.0,76.0,,,125.0,76.0,,44.86802870641856
francisco-jose-antequera,21.25781333668057,117,113,119,Spain,Europe,Southern Europe,1964.0,118,,83.0,115.0,,119.0,32.0,116.0,,40.42106044999325
carlos-hernandez,20.65392679773788,75,82,222,Spain,Europe,Southern Europe,1958.0,97,10.0,41.0,99.0,,,49.0,96.0,,48.66459676471583
franco-vona,22.59085943858847,82,79,168,Italy,Europe,Southern Europe,1964.0,90,107.0,57.0,80.0,,48.0,47.0,92.0,,48.46633765173631
martien-kokkelkoren,18.793686991743076,113,112,26,Netherlands,Europe,Western Europe,1969.0,115,,86.0,113.0,,,86.0,113.0,,45.89667324964431
dante-rezze,20.640906404653304,102,92,62,France,Europe,Western Europe,1963.0,102,34.0,36.0,109.0,,34.0,37.0,109.0,34.0,48.78758500433549
olaf-jentzsch,21.530608386027197,113,100,17,Germany,Europe,Western Europe,1958.0,107,53.0,105.0,107.0,,114.0,86.0,112.0,53.0,39.00471313904031
peter-pieters,22.48,113,87,63,Netherlands,Europe,Western Europe,1962.0,94,,43.0,104.0,1.0,44.0,51.0,105.0,,54.36427737382223
herman-frison,18.55644025062275,83,80,151,Belgium,Europe,Western Europe,1961.0,92,10.0,51.0,96.0,42.0,52.0,48.0,94.0,,52.59728881118281
sammie-moreels,21.01733724142476,76,77,82,Belgium,Europe,Western Europe,1965.0,97,24.0,29.0,105.0,73.0,50.0,18.0,107.0,8.0,57.314717256674896
dimitri-zhdanov,22.395466231775515,95,95,99,Russia,Asia,Asia,1969.0,102,60.0,69.0,99.0,,99.0,52.0,101.0,60.0,47.87671844474421
christophe-manin,20.0705588338047,76,78,58,France,Europe,Western Europe,1966.0,94,102.0,41.0,87.0,68.0,61.0,12.0,91.0,102.0,48.715071561244585
xavier-aldanondo,19.762537579631328,104,111,24,Spain,Europe,Southern Europe,1967.0,114,,100.0,112.0,,,97.0,113.0,,24.145355420987222
rolf-golz,19.8703063655201,52,67,154,Germany,Europe,Western Europe,1962.0,83,30.0,21.0,87.0,5.0,14.0,20.0,90.0,30.0,58.36193194699512
mario-chiesa,21.06515660972585,116,102,136,Italy,Europe,Southern Europe,1966.0,111,75.0,86.0,106.0,,112.0,71.0,113.0,,48.110520343849856
wilfried-nelissen,21.0037365625323,6,40,61,Belgium,Europe,Western Europe,1970.0,65,4.0,22.0,54.0,2.0,18.0,5.0,75.0,,58.96284835673051
andrea-chiurato,23.329443634000505,72,70,54,Italy,Europe,Southern Europe,1965.0,96,60.0,33.0,97.0,,39.0,36.0,110.0,60.0,54.3361949575034
rik-van-slycke,20.875852052184605,100,93,121,Belgium,Europe,Western Europe,1963.0,99,,59.0,103.0,58.0,64.0,54.0,103.0,,50.42328133189551
mario-de-clercq,21.8,61,78,67,Belgium,Europe,Western Europe,1966.0,97,,41.0,105.0,6.0,39.0,34.0,110.0,,63.60251538907308
dirk-de-wolf,24.09949209283697,93,90,137,Belgium,Europe,Western Europe,1961.0,106,30.0,29.0,112.0,93.0,48.0,23.0,110.0,,55.70423875741551
noel-segers,21.36445803683076,107,96,73,Belgium,Europe,Western Europe,1959.0,110,,40.0,117.0,76.0,68.0,41.0,119.0,,56.60879733816167
per-pedersen,22.743219216941245,105,95,103,Denmark,Europe,Northern Europe,1964.0,106,54.0,36.0,113.0,,34.0,37.0,112.0,,54.80462851166096
julio-cesar,19.65815114224206,122,117,25,Colombia,America,America,1968.0,134,,3.0,127.0,,,35.0,132.0,,58.5446268527978
thomas-degand,20.34,64,65,147,Belgium,Europe,Western Europe,1986.0,66,111.0,57.0,69.0,,61.0,62.0,72.0,,29.596288053023915
silvio-herklotz,18.84,94,101,36,Germany,Europe,Western Europe,1994.0,102,,101.0,100.0,,112.0,86.0,125.0,,34.51054589220196
alexey-vermeulen,20.83,87,87,50,United States,America,America,1994.0,89,74.0,94.0,78.0,,96.0,85.0,76.0,,31.42953894614661
adrien-niyonshuti,20.57,126,126,28,Rwanda,Africa,Africa,1987.0,129,,131.0,123.0,,172.0,124.0,100.0,,28.41677721898152
ronny-van-holen,21.18094509249178,29,43,90,Belgium,Europe,Western Europe,1959.0,60,1.0,33.0,62.0,53.0,25.0,34.0,65.0,,41.04702701738936
eugenio-herranz,21.570824273372978,45,42,9,Spain,Europe,Southern Europe,1957.0,51,,42.0,,,,42.0,,,24.34531668400402
javier-castellar,19.30704649650432,45,49,27,Spain,Europe,Southern Europe,1961.0,56,,47.0,66.0,,,47.0,66.0,,30.211693741768908
edgar-corredor,21.315877964256657,70,69,94,Colombia,America,America,1960.0,79,8.0,36.0,81.0,,,40.0,80.0,,43.19177201188237
jose-recio,20.134967283801505,24,42,92,Spain,Europe,Southern Europe,1957.0,69,6.0,32.0,109.0,,,32.0,76.0,,49.7482289898386
gilles-mas,21.997344518794204,48,66,153,France,Europe,Western Europe,1961.0,77,,33.0,77.0,,15.0,40.0,79.0,,47.71767785827134
jose-patrocinio-jimenez,21.43134303153636,58,66,112,Colombia,America,America,1953.0,76,10.0,38.0,74.0,,,46.0,70.0,,43.51659101645824
antonio-coll,20.93182269757431,36,50,126,Spain,Europe,Southern Europe,1959.0,67,9.0,23.0,88.0,,8.0,26.0,84.0,,45.46804983233343
marino-amadori,19.766494752587583,49,52,29,Italy,Europe,Southern Europe,1957.0,60,44.0,57.0,31.0,,81.0,40.0,52.0,18.0,27.393142142755405
juan-maria-eguiarte,19.866768492502,52,52,41,Spain,Europe,Southern Europe,1960.0,57,,54.0,36.0,,,54.0,36.0,,21.61221425208553
giuseppe-saronni,22.23,16,31,98,Italy,Europe,Southern Europe,1957.0,53,16.0,26.0,54.0,,22.0,25.0,58.0,16.0,38.47651689275696
stefano-checchin,23.484087397264524,57,59,55,Italy,Europe,Southern Europe,1967.0,63,,64.0,56.0,,91.0,57.0,45.0,,34.6777177412832
richard-chassot,21.209525455576276,92,88,45,Switzerland,Europe,Western Europe,1970.0,97,100.0,18.0,79.0,,,77.0,100.0,,42.904662928522136
michele-laddomada,19.66060564142774,68,66,51,Italy,Europe,Southern Europe,1972.0,70,,75.0,59.0,,,66.0,,,33.469037491213214
heinz-imboden,22.09,70,73,103,Switzerland,Europe,Western Europe,1962.0,96,40.0,60.0,84.0,,93.0,49.0,111.0,40.0,54.43033820503074
oleg-kozlitine,23.03268986516679,73,82,35,Kazakhstan,Asia,Asia,1969.0,89,73.0,77.0,82.0,,77.0,65.0,94.0,73.0,44.91435360398573
erwann-mentheour,20.328469315915463,48,61,13,France,Europe,Western Europe,1973.0,77,,57.0,64.0,,32.0,74.0,,,45.30919417649222
ricardo-martinez2,19.52991564688136,80,84,11,Spain,Europe,Southern Europe,1964.0,113,,25.0,118.0,,,25.0,118.0,,68.70437328941229
manuel-jorge-dominguez,22.39,16,51,120,Spain,Europe,Southern Europe,1962.0,72,14.0,20.0,75.0,,55.0,16.0,73.0,41.0,58.380711652027664
manuel-neves,21.614376574673347,24,24,2,Portugal,Europe,Southern Europe,1962.0,37,,24.0,,,,24.0,,,21.213203435596427
steve-de-wolf,20.01,74,79,159,Belgium,Europe,Western Europe,1975.0,86,108.0,67.0,74.0,34.0,63.0,64.0,104.0,,39.81761020750408
david-clinger,22.99,66,72,56,United States,America,America,1977.0,74,59.0,85.0,60.0,,84.0,74.0,59.0,,50.74345968988222
juan-miguel-cuenca,22.28091152753139,82,88,29,Spain,Europe,Southern Europe,1977.0,90,,89.0,80.0,,145.0,86.0,82.0,,29.449840465582763
antonio-rizzi,20.824285967501247,86,95,26,Italy,Europe,Southern Europe,1978.0,100,,95.0,,,54.0,110.0,,,56.661097765574574
ricardo-otxoa,20.52031886677281,86,86,43,Spain,Europe,Southern Europe,1974.0,88,,91.0,76.0,,84.0,88.0,51.0,,31.948151517451823
filip-meirhaeghe,22.86,40,42,14,Belgium,Europe,Western Europe,1971.0,43,,43.0,,40.0,38.0,47.0,,,17.998778957363857
renaud-boxus,20.63198644532544,89,89,2,Belgium,Europe,Western Europe,1973.0,89,,89.0,,,,89.0,,,7.071067811865476
fabio-marchesin,20.344109643822524,104,107,3,Italy,Europe,Southern Europe,1977.0,108,,99.0,111.0,,,107.0,,,9.848857801796104
karel-vereecke,20.151386956882945,112,96,4,Belgium,Europe,Western Europe,1976.0,109,,68.0,123.0,,34.0,116.0,,,42.18609565563832
jurgen-van-roosbroeck,20.42894316662768,57,69,3,Belgium,Europe,Western Europe,1975.0,72,,69.0,,,48.0,80.0,,,29.50141239556732
christian-jourdan,22.15,72,74,134,France,Europe,Western Europe,1954.0,80,,50.0,75.0,,16.0,77.0,74.0,,40.30843379536533
ludwig-wijnants,21.197508492667374,65,67,125,Belgium,Europe,Western Europe,1956.0,75,,35.0,74.0,,36.0,43.0,76.0,,44.47522398355174
pierangelo-bincoletto,21.468775871645583,86,74,45,Italy,Europe,Southern Europe,1959.0,76,,61.0,76.0,,61.0,,76.0,,41.94888664683594
jean-marie-wampers,23.2,46,68,94,Belgium,Europe,Western Europe,1959.0,82,33.0,22.0,92.0,,24.0,33.0,92.0,33.0,51.77242517244196
pascal-jules,21.920091223997712,58,63,82,France,Europe,Western Europe,1961.0,71,1.0,19.0,69.0,,,23.0,71.0,1.0,44.11625440173978
patrick-bonnet,23.29875158461359,36,43,127,France,Europe,Western Europe,1957.0,46,,25.0,44.0,,14.0,38.0,45.0,,29.27841520301944
rudy-rogiers,20.450519029209957,56,60,112,Belgium,Europe,Western Europe,1961.0,66,,37.0,67.0,,32.0,48.0,68.0,,40.03786817540226
alfio-vandi,20.2,27,36,63,Italy,Europe,Southern Europe,1955.0,46,12.0,30.0,52.0,,35.0,29.0,44.0,12.0,28.62060028861547
dominique-gaigne,20.72871718827502,77,79,104,France,Europe,Western Europe,1961.0,85,,30.0,86.0,,12.0,35.0,89.0,,47.93395381464694
ludo-de-keulenaer,20.242446236413723,76,79,116,Belgium,Europe,Western Europe,1960.0,88,,47.0,87.0,,68.0,50.0,88.0,,38.15983409988485
eric-dall-armellina,21.696358712712957,59,60,29,France,Europe,Western Europe,1959.0,73,,19.0,69.0,,,14.0,75.0,,39.28254353527767
pascal-poisson,19.77869863536254,52,57,173,France,Europe,Western Europe,1958.0,64,30.0,31.0,64.0,,45.0,32.0,65.0,,40.885441218969966
nedo-pinori,20.84107630225445,99,104,13,Italy,Europe,Southern Europe,1961.0,105,,,104.0,,,,104.0,,21.42219074721949
johan-lammerts,20.52962367769006,86,76,126,Netherlands,Europe,Western Europe,1960.0,91,,34.0,90.0,87.0,46.0,38.0,93.0,,49.69458467511069
antonio-ferretti,21.488013400548567,73,78,83,Switzerland,Europe,Western Europe,1957.0,84,32.0,74.0,80.0,,76.0,73.0,80.0,28.0,32.86688975189125
hubert-seiz,21.054576556378148,26,36,44,Switzerland,Europe,Western Europe,1960.0,50,12.0,21.0,47.0,,24.0,16.0,64.0,14.0,30.52912517816
gilbert-glaus,22.13,76,75,106,Switzerland,Europe,Western Europe,1955.0,86,30.0,43.0,79.0,,54.0,21.0,85.0,5.0,57.14412667053374
thierry-bolle,20.684385096515907,81,84,50,Switzerland,Europe,Western Europe,1953.0,87,,,84.0,,,56.0,86.0,,36.706758539116194
guy-janiszewski,22.400133636376157,63,62,63,Belgium,Europe,Western Europe,1959.0,71,7.0,30.0,78.0,,,30.0,73.0,,38.55646672702382
pierre-le-bigaut,21.23328206170453,46,52,96,France,Europe,Western Europe,1959.0,56,15.0,14.0,55.0,,10.0,28.0,55.0,,32.91069788211303
philippe-leleu,22.635314616430065,86,84,117,France,Europe,Western Europe,1958.0,93,,22.0,90.0,,10.0,35.0,91.0,,48.51739549669267
claude-moreau,21.88819286873864,82,80,45,France,Europe,Western Europe,1958.0,83,,,80.0,,,93.0,80.0,,31.31554943416507
philippe-chevallier,20.6,74,68,49,France,Europe,Western Europe,1961.0,72,,36.0,71.0,,,49.0,72.0,,31.200239293518077
andre-chappuis,21.979336274401877,94,95,115,France,Europe,Western Europe,1956.0,100,,55.0,97.0,,12.0,79.0,98.0,,40.68224808100562
julius-thallmann,21.85091190181991,108,104,66,Switzerland,Europe,Western Europe,1960.0,113,16.0,72.0,108.0,,,62.0,110.0,30.0,42.02319261965608
abelardo-rios,24.3,87,90,28,Colombia,America,America,1952.0,98,,,90.0,,,159.0,85.0,,43.48252705087596
bernard-gavillet,22.518645162962056,58,73,104,Switzerland,Europe,Western Europe,1960.0,83,28.0,24.0,76.0,,,32.0,78.0,22.0,49.04082123216045
marco-franceschini,23.05015612677222,106,98,14,Italy,Europe,Southern Europe,1960.0,97,,58.0,101.0,,,58.0,101.0,,26.474121720637324
marcel-russenberger,21.55971209460317,111,103,73,Switzerland,Europe,Western Europe,1958.0,113,,36.0,106.0,,46.0,47.0,110.0,,44.97313590151159
marco-groppo,21.05194522398769,101,96,11,Italy,Europe,Southern Europe,1960.0,96,,,96.0,,,,96.0,,20.10608230000428
kristoffer-halvorsen,21.53,104,88,18,Norway,Europe,Northern Europe,1996.0,89,119.0,78.0,110.0,51.0,60.0,110.0,119.0,,40.3458901212156
andrea-peron,22.09,117,107,15,Italy,Europe,Southern Europe,1988.0,111,,125.0,,55.0,107.0,,,,51.85951719607043
peter-kusztor,19.04,58,70,10,Hungary,Europe,Eastern Europe,1984.0,73,83.0,95.0,,38.0,67.0,,83.0,,43.146906674239766
declan-irvine,23.67,90,85,6,Australia,Oceania,Oceania,1999.0,85,,76.0,,90.0,85.0,,,,33.915581473220634
mehdi-benhamouda,21.38,86,76,6,France,Europe,Western Europe,1995.0,76,,78.0,,75.0,76.0,,,,47.60847263530586
sergey-shilov,22.39,82,89,6,Russia,Asia,Asia,1988.0,89,,82.0,,93.0,89.0,,,,22.84221238555204
fabio-calabria,20.45,100,115,10,Australia,Oceania,Oceania,1987.0,120,,137.0,,82.0,115.0,,,,43.47170216231346
ildar-arslanov,18.41,73,75,9,Russia,Asia,Asia,1994.0,78,,85.0,,63.0,75.0,,,,38.66127836019451
sam-brand,21.97,105,112,9,Great Britain,Europe,Northern Europe,1991.0,115,,126.0,,94.0,112.0,,,,34.03307215048327
james-whelan,18.7,96,95,46,Australia,Oceania,Oceania,1996.0,96,97.0,98.0,105.0,82.0,84.0,104.0,83.0,99.0,31.29588418865584
charles-planet,22.16,134,126,16,France,Europe,Western Europe,1993.0,131,,134.0,,103.0,126.0,,,,36.40970566575164
tomasz-brozyna,21.22,61,67,156,Poland,Europe,Eastern Europe,1970.0,70,73.0,68.0,64.0,,73.0,62.0,75.0,89.0,35.741084828915376
david-munoz,21.985603658272925,124,113,33,Spain,Europe,Southern Europe,1979.0,115,,115.0,113.0,,130.0,102.0,113.0,,36.639392404317725
matthias-buxhofer,20.45,38,43,64,Austria,Europe,Western Europe,1973.0,45,,48.0,33.0,,56.0,42.0,,,30.981621376151995
thierry-de-groote,21.91,57,60,15,Belgium,Europe,Western Europe,1975.0,61,,78.0,54.0,44.0,44.0,61.0,,,16.861621681033107
bekim-leif-christensen,20.83,88,88,83,Denmark,Europe,Northern Europe,1973.0,94,119.0,96.0,71.0,,109.0,58.0,109.0,86.0,44.97491056218349
bert-de-waele,21.67,41,44,58,Belgium,Europe,Western Europe,1975.0,44,38.0,46.0,,22.0,38.0,47.0,38.0,,29.78976547476906
fabrice-salanson,23.02040783148747,158,144,15,France,Europe,Western Europe,1979.0,150,,144.0,,,125.0,156.0,,,41.3193140587512
erwin-thijs,22.02,80,76,43,Belgium,Europe,Western Europe,1970.0,79,,72.0,85.0,50.0,53.0,80.0,110.0,,27.154392256615413
cedric-herve,21.01,93,90,43,France,Europe,Western Europe,1979.0,94,,99.0,81.0,,82.0,93.0,95.0,,52.211629581596966
daniele-contrini,20.01359151990326,123,110,200,Italy,Europe,Southern Europe,1974.0,111,128.0,110.0,91.0,62.0,101.0,105.0,130.0,,48.39534011373015
bruno-thibout,20.519160158540483,76,71,134,France,Europe,Western Europe,1969.0,77,68.0,78.0,70.0,13.0,84.0,64.0,71.0,34.0,45.38956181601007
jose-manuel-fuente,21.67343046704244,7,6,4,Spain,Europe,Southern Europe,1945.0,7,4.0,7.0,,,7.0,,4.0,,4.031128874149275
juan-uribezubia,24.786893547252976,1,1,1,Spain,Europe,Southern Europe,1940.0,1,1.0,,,,,,1.0,,0.0
agustin-tamames,22.05,9,12,6,Spain,Europe,Southern Europe,1944.0,17,10.0,,16.0,,,8.0,12.0,,10.765686229869418
franco-bitossi,20.441059633199696,2,3,40,Italy,Europe,Southern Europe,1940.0,6,4.0,6.0,2.0,,5.0,2.0,4.0,2.0,4.004404626190566
jean-jourden,19.6944970907205,11,24,7,France,Europe,Western Europe,1942.0,34,8.0,35.0,,,,35.0,5.0,14.0,26.538381907827656
jose-luis-abilleira,20.77852063509226,5,6,3,Spain,Europe,Southern Europe,1947.0,6,6.0,,,,,,6.0,,1.7320508075688772
domingo-perurena,21.71040178903643,14,16,28,Spain,Europe,Southern Europe,1943.0,21,14.0,13.0,26.0,,13.0,,17.0,,14.188218900043642
paolo-rosola,20.75904155459371,4,13,13,Italy,Europe,Southern Europe,1957.0,32,,15.0,2.0,,29.0,3.0,,,22.367558925991283
jonathan-cantwell,22.79,131,110,29,Australia,Oceania,Oceania,1982.0,111,,88.0,112.0,,84.0,124.0,105.0,,49.54296040920823
pedro-miguel-lopes-goncalves,19.207334905010512,77,78,11,Portugal,Europe,Southern Europe,1975.0,78,71.0,,84.0,,,,83.0,57.0,36.792538769306326
yuri-metlushenko,25.88,104,103,35,Ukraine,Europe,Eastern Europe,1976.0,106,89.0,101.0,158.0,,88.0,106.0,143.0,62.0,45.82676550854086
werner-riebenbauer,21.53848177441754,109,86,24,Austria,Europe,Western Europe,1974.0,86,35.0,88.0,,,96.0,86.0,,35.0,54.853163675556495
charles-dionne,22.617084909062843,36,36,2,Canada,America,America,1979.0,36,36.0,,,,,,35.0,36.0,0.7071067811865476
christian-pfannberger,20.11,53,62,30,Austria,Europe,Western Europe,1979.0,66,45.0,65.0,,,,65.0,53.0,34.0,46.939383753160165
jans-koerts,22.79,97,84,54,Netherlands,Europe,Western Europe,1969.0,94,85.0,93.0,69.0,,96.0,93.0,73.0,57.0,65.07518631716576
david-oloughlin,20.99,56,56,2,Ireland,Europe,Northern Europe,1978.0,59,56.0,,,,,,,56.0,10.606601717798211
balazs-rohtmer,21.74771012634461,85,85,1,Hungary,Europe,Eastern Europe,1978.0,85,85.0,,,,,,,85.0,0.0
mindaugas-goncaras,20.506271947277508,87,87,1,Lithuania,Europe,Northern Europe,1975.0,87,87.0,,,,,,,87.0,0.0
marius-sabaliauskas,21.97,76,76,174,Lithuania,Europe,Northern Europe,1978.0,78,89.0,78.0,66.0,,92.0,72.0,78.0,80.0,37.54833927362384
robert-radosz,22.432557599825387,106,106,2,Poland,Europe,Eastern Europe,1975.0,105,106.0,,,,,,123.0,90.0,23.33452377915607
marcin-lewandowski,19.498733715487525,91,91,1,Poland,Europe,Eastern Europe,1977.0,91,91.0,,,,,,,91.0,0.0
eduard-gritsun,21.036415223317302,79,79,21,Russia,Asia,Asia,1976.0,82,103.0,94.0,67.0,,94.0,67.0,,103.0,38.37056163258495
slawomir-kohut,20.98,114,114,1,Poland,Europe,Eastern Europe,1977.0,114,114.0,,,,,,,114.0,0.0
stefan-adamsson,21.46,115,98,9,Sweden,Europe,Northern Europe,1978.0,105,115.0,81.0,106.0,,88.0,99.0,,115.0,45.13590588434002
nuno-duarte-silva-marta,22.61085376998454,117,117,1,Portugal,Europe,Southern Europe,1976.0,117,117.0,,,,,,,117.0,0.0
ruslan-pidgornyy,21.27,109,100,45,Ukraine,Europe,Eastern Europe,1977.0,101,115.0,102.0,87.0,,104.0,87.0,108.0,103.0,44.54742110686911
ondrej-sosenka,20.5,35,50,21,Czech Republic,Europe,Eastern Europe,1975.0,55,72.0,67.0,30.0,,,45.0,,72.0,40.68853822462958
dmitri-gaynitdinov,21.041534130082912,34,49,12,Russia,Asia,Asia,1978.0,54,138.0,,41.0,,,34.0,110.0,138.0,40.21156173253778
bram-schmitz,20.25,104,108,44,Netherlands,Europe,Western Europe,1977.0,112,118.0,109.0,,55.0,111.0,105.0,,118.0,43.14141038075357
tiaan-kannemeyer,20.23,130,133,3,South Africa,Africa,Africa,1978.0,135,154.0,123.0,,,,123.0,,154.0,19.2180470738661
bobbie-traksel,22.22,72,76,8,Netherlands,Europe,Western Europe,1981.0,85,162.0,57.0,,72.0,61.0,67.0,,162.0,48.349176385362114
mikhail-andreyev,19.718223870969293,165,165,1,Kazakhstan,Asia,Asia,1978.0,165,165.0,,,,,,,165.0,0.0
michel-bibollet,23.587373875955883,115,106,52,France,Europe,Western Europe,1963.0,116,,32.0,119.0,,23.0,84.0,118.0,,45.6064671858108
rocco-cattaneo,20.262746290909405,10,37,5,Switzerland,Europe,Western Europe,1958.0,88,,66.0,18.0,,122.0,5.0,47.0,,50.91168824543143
fabian-fuchs,22.793618856304807,61,81,47,Switzerland,Europe,Western Europe,1961.0,103,27.0,52.0,100.0,,113.0,39.0,106.0,26.0,59.970513877155504
nathan-o-neill,22.98,104,93,36,Australia,Oceania,Oceania,1974.0,95,108.0,71.0,,,45.0,110.0,108.0,,54.60591862798711
eddy-ratti,19.97,105,95,33,Italy,Europe,Southern Europe,1977.0,101,118.0,65.0,46.0,,,48.0,118.0,,51.81969030233877
jorge-capitan,21.71894401448905,100,101,27,Spain,Europe,Southern Europe,1977.0,101,106.0,77.0,107.0,,,77.0,106.0,,26.286878856189823
ricardo-valdes,19.15,106,95,49,Spain,Europe,Southern Europe,1976.0,100,100.0,41.0,146.0,,,41.0,110.0,,49.70835863682634
antonio-varriale,19.601829588560623,97,99,51,Italy,Europe,Southern Europe,1974.0,100,127.0,96.0,75.0,,108.0,86.0,127.0,,39.5542219059892
jorg-ludewig,22.15,68,74,209,Germany,Europe,Western Europe,1975.0,77,81.0,84.0,67.0,,85.0,75.0,71.0,62.0,35.760932783991464
torsten-nitsche,20.04380245120153,127,107,29,Germany,Europe,Western Europe,1977.0,118,128.0,54.0,,,49.0,68.0,128.0,,53.58398867539194
yauheni-seniushkin,19.935570425909795,133,132,58,Belarus,Europe,Eastern Europe,1977.0,133,141.0,128.0,100.0,,64.0,128.0,141.0,,26.616345063915208
cesar-garcia-calvo,19.113913283613005,93,96,73,Spain,Europe,Southern Europe,1974.0,100,107.0,32.0,74.0,,,50.0,108.0,,49.73119142253094
thorwald-veneberg,21.68,87,89,174,Netherlands,Europe,Western Europe,1977.0,94,82.0,101.0,78.0,,121.0,88.0,86.0,,41.73242794068497
renato-silva,19.69356095631847,90,99,30,Portugal,Europe,Southern Europe,1976.0,100,99.0,,,,,,99.0,,45.35814060937937
filippo-perfetto,21.296972480174126,170,156,14,Italy,Europe,Southern Europe,1976.0,156,168.0,140.0,,,,140.0,168.0,,34.36424157319784
ruslan-tleubayev,22.09,118,111,28,Kazakhstan,Asia,Asia,1987.0,113,,103.0,146.0,,103.0,136.0,,,38.14661218462291
tom-devriendt,22.6,82,74,28,Belgium,Europe,Western Europe,1991.0,78,,80.0,,60.0,85.0,51.0,,,44.44310017808336
simone-antonini,21.22,113,100,15,Italy,Europe,Southern Europe,1991.0,103,,84.0,110.0,93.0,79.0,111.0,,,25.26902866205604
sebastien-chavanel,22.99,125,106,236,France,Europe,Western Europe,1981.0,107,121.0,108.0,101.0,103.0,114.0,103.0,105.0,,54.784933082881295
emanuele-bombini,19.54504258270028,15,23,30,Italy,Europe,Southern Europe,1959.0,29,24.0,23.0,22.0,,31.0,17.0,39.0,8.0,18.491252980304203
vladimir-pulnikov,20.992058440395983,42,53,180,Ukraine,Europe,Eastern Europe,1965.0,66,93.0,44.0,53.0,,,35.0,66.0,,42.88745358185992
stephane-petilleau,23.105900598333243,99,102,57,France,Europe,Western Europe,1971.0,109,132.0,78.0,86.0,,,77.0,132.0,,46.68837661857816
cello-roncancio,21.348254011581464,77,90,32,Colombia,America,America,1966.0,94,,98.0,70.0,,,90.0,,,40.13202757271024
lars-kristian-johnsen,20.45,101,95,50,Norway,Europe,Northern Europe,1970.0,101,87.0,106.0,91.0,,,101.0,92.0,42.0,39.72115048583522
michelangelo-cauz,21.21698660997956,119,106,35,Italy,Europe,Southern Europe,1970.0,115,,119.0,69.0,,94.0,107.0,,,50.21374481222473
davide-perona,22.163858607333207,82,84,92,Italy,Europe,Southern Europe,1968.0,89,65.0,99.0,81.0,,117.0,81.0,84.0,65.0,41.68358503472738
roberto-caruso,21.89858164615485,88,84,41,Italy,Europe,Southern Europe,1967.0,90,49.0,93.0,71.0,67.0,106.0,86.0,35.0,49.0,37.10829569996576
jose-luis-sanchez-de-la-rocha,20.963875743376867,94,93,35,Spain,Europe,Southern Europe,1972.0,95,104.0,88.0,85.0,,,86.0,105.0,,26.42207505893828
alessandro-fedeli,20.98,100,97,10,Italy,Europe,Southern Europe,1996.0,98,,97.0,,,97.0,,,,38.87715696052546
patrick-muller,20.07,86,81,17,Switzerland,Europe,Western Europe,1996.0,83,95.0,83.0,,36.0,88.0,68.0,,95.0,32.42060437800773
javier-etxarri-marin,20.166480285424587,76,82,7,Spain,Europe,Southern Europe,1986.0,87,,86.0,58.0,,,86.0,58.0,,26.564387187862373
marcello-bergamo,20.84594554507153,5,6,11,Italy,Europe,Southern Europe,1946.0,9,10.0,3.0,4.0,,3.0,4.0,9.0,11.0,5.100802075966271
ueli-sutter,21.37,27,29,23,Switzerland,Europe,Western Europe,1947.0,35,38.0,46.0,27.0,,47.0,14.0,39.0,,22.21170150606357
bert-pronk,19.960475117109787,36,37,52,Netherlands,Europe,Western Europe,1950.0,57,17.0,24.0,41.0,,20.0,24.0,57.0,,32.67770190988978
giancarlo-bellini,19.085713504894223,20,21,16,Italy,Europe,Southern Europe,1945.0,29,31.0,22.0,2.0,,,5.0,31.0,,17.272328544042153
juris-silovs,20.56,19,23,5,Latvia,Europe,Northern Europe,1973.0,26,,16.0,,54.0,24.0,19.0,,,17.643695757975426
gert-vanderaerden,17.871716433052942,18,37,3,Belgium,Europe,Western Europe,1973.0,47,,37.0,,,16.0,77.0,,,34.961884007206095
raimundo-vairetti,20.778346823535927,8,26,8,Italy,Europe,Southern Europe,1965.0,52,,39.0,5.0,,14.0,30.0,,,34.35424698220419
sylvain-calzati,21.71,98,94,186,France,Europe,Western Europe,1979.0,97,93.0,104.0,85.0,,106.0,85.0,99.0,,46.92741029159168
pierre-drancourt,22.2,120,112,66,France,Europe,Western Europe,1982.0,114,109.0,132.0,92.0,,,112.0,112.0,,42.472039342067454
frederic-finot,20.75,116,113,142,France,Europe,Western Europe,1977.0,115,117.0,101.0,122.0,,93.0,100.0,128.0,,44.07878420353097
nicolas-reynaud,23.66931463111284,74,67,8,France,Europe,Western Europe,1977.0,70,,,67.0,,,67.0,,,27.66508888214789
ludovic-martin,22.87249532765985,110,101,62,France,Europe,Western Europe,1976.0,112,,109.0,95.0,,137.0,62.0,129.0,,50.44772571824009
christophe-laurent,21.04,83,86,111,France,Europe,Western Europe,1977.0,90,,81.0,92.0,55.0,90.0,74.0,111.0,,35.416698125919446
gilles-bouvard,21.6,58,63,158,France,Europe,Western Europe,1969.0,69,35.0,56.0,65.0,93.0,54.0,50.0,76.0,,40.70177791533981
joseba-albizu-lizaso,20.86,90,93,60,Spain,Europe,Southern Europe,1978.0,97,112.0,96.0,81.0,,101.0,88.0,107.0,,41.53809768540243
jens-mouris,23.21,142,128,88,Netherlands,Europe,Western Europe,1980.0,130,135.0,131.0,40.0,69.0,124.0,142.0,121.0,,44.78441188119377
jean-eudes-demaret,22.593587078448525,121,113,35,France,Europe,Western Europe,1984.0,116,114.0,116.0,96.0,,148.0,79.0,114.0,90.0,42.8323289509378
serafin-martinez,21.39,104,100,102,Spain,Europe,Southern Europe,1984.0,101,93.0,117.0,96.0,,90.0,127.0,94.0,,38.894459437769775
david-garcia-dapena,22.28,36,45,110,Spain,Europe,Southern Europe,1977.0,46,41.0,57.0,43.0,,34.0,59.0,41.0,,32.53196926389213
gustavo-dominguez-lemos,20.262462475733216,77,79,73,Spain,Europe,Southern Europe,1980.0,80,81.0,63.0,88.0,,75.0,58.0,82.0,,31.840606164349985
francisco-jose-pacheco,21.782320575016687,86,82,22,Spain,Europe,Southern Europe,1982.0,82,89.0,94.0,35.0,,94.0,,81.0,,57.11111672590245
gonzalo-rabunal-rios,20.06,87,88,75,Spain,Europe,Southern Europe,1984.0,89,69.0,109.0,82.0,,110.0,109.0,71.0,,40.27532721135835
timothy-gudsell,22.02,130,126,63,New Zealand,Oceania,Oceania,1984.0,128,119.0,130.0,107.0,,124.0,129.0,120.0,,41.26652720160864
manuel-ortega-ocana,22.2,96,97,65,Spain,Europe,Southern Europe,1981.0,98,94.0,,120.0,,,,97.0,,34.28612637114991
sergio-dominguez-munoz,21.638844578803955,126,126,18,Spain,Europe,Southern Europe,1986.0,127,120.0,,153.0,,,,126.0,,34.75290931537031
davide-vigano,20.23,108,99,236,Italy,Europe,Southern Europe,1984.0,100,101.0,88.0,110.0,70.0,85.0,99.0,104.0,84.0,51.58309672064814
giovanni-bernaudeau,20.24,116,114,139,France,Europe,Western Europe,1983.0,116,140.0,114.0,111.0,77.0,91.0,119.0,120.0,,38.82149046852649
alberto-fernandez-sainz,21.24250805145687,163,132,15,Spain,Europe,Southern Europe,1981.0,137,118.0,133.0,186.0,,,133.0,144.0,23.0,53.972038616129296
ibai-salas,21.77306544857684,118,114,6,Spain,Europe,Southern Europe,1991.0,117,,114.0,,,,114.0,,,31.121803718079494
anass-ait-el-abdia,20.37,72,77,23,Morocco,Africa,Africa,1993.0,80,21.0,80.0,,,91.0,77.0,,21.0,33.99529146657274
igor-merino,20.50157978595134,107,105,12,Spain,Europe,Southern Europe,1990.0,106,,105.0,,,111.0,99.0,,,27.60256356122589
jon-irisarri,21.55,120,116,20,Spain,Europe,Southern Europe,1995.0,117,,116.0,,,,116.0,,,33.238017231382564
andrei-tcherviakov,21.05668972528488,74,59,3,Russia,Asia,Asia,1974.0,69,,59.0,,,27.0,74.0,,,27.42869543622761
koen-beeckman,21.07,82,80,45,Belgium,Europe,Western Europe,1973.0,86,81.0,76.0,107.0,,83.0,66.0,81.0,,49.561664478289934
christophe-capelle,21.56,44,57,200,France,Europe,Western Europe,1967.0,66,187.0,38.0,66.0,13.0,37.0,52.0,71.0,,51.679411596056056
andrea-moletta,20.68534988880128,88,83,145,Italy,Europe,Southern Europe,1979.0,84,104.0,77.0,84.0,,71.0,83.0,98.0,45.0,40.335781724869584
johan-coenen,21.15,63,65,37,Belgium,Europe,Western Europe,1979.0,67,,71.0,63.0,40.0,48.0,70.0,,,31.35455482235568
daniel-musiol,21.13,118,101,17,Germany,Europe,Western Europe,1983.0,102,,125.0,79.0,,124.0,99.0,,,39.31527917325004
hugo-sabido,20.45,45,54,16,Portugal,Europe,Southern Europe,1979.0,52,62.0,52.0,,,40.0,70.0,126.0,30.0,35.24178391247148
sven-renders,20.34,85,90,13,Belgium,Europe,Western Europe,1981.0,91,72.0,88.0,,106.0,104.0,85.0,,72.0,28.76741390121995
pieter-ghyllebert,21.169341220040703,76,70,9,Belgium,Europe,Western Europe,1982.0,72,,77.0,,44.0,50.0,94.0,,,27.81985701696621
ryan-cox,19.79,99,90,8,South Africa,Africa,Africa,1979.0,92,81.0,98.0,,,130.0,88.0,108.0,54.0,29.444560496926133
dimitri-champion,21.6,126,114,122,France,Europe,Western Europe,1983.0,116,129.0,98.0,114.0,,83.0,96.0,128.0,,46.06110127652317
carlos-castano-panadero,22.12614543597424,76,82,44,Spain,Europe,Southern Europe,1979.0,81,91.0,57.0,61.0,,,57.0,89.0,,47.65895845854235
mauro-da-dalto,21.98,95,92,200,Italy,Europe,Southern Europe,1981.0,93,92.0,89.0,95.0,,94.0,86.0,97.0,,38.255060426578936
cyrille-monnerais,22.86,114,111,99,France,Europe,Western Europe,1983.0,113,119.0,117.0,88.0,75.0,75.0,114.0,119.0,,45.17680742468183
elia-rigotto,22.446465108818387,126,114,51,Italy,Europe,Southern Europe,1982.0,115,130.0,107.0,75.0,,73.0,109.0,130.0,,50.64681241542391
juan-olmo-menacho,21.502348239548493,105,108,25,Spain,Europe,Southern Europe,1978.0,109,98.0,160.0,,,,160.0,98.0,,36.99662146737185
erki-putsep,21.53,103,95,67,Estonia,Europe,Northern Europe,1976.0,97,93.0,99.0,94.0,,106.0,92.0,95.0,26.0,51.32334687027465
francisco-jose-terciado-sacedo,19.81986069387121,120,119,21,Spain,Europe,Southern Europe,1981.0,120,119.0,,,,,,119.0,,24.499271126184254
jorge-garcia-marin,21.342051978119184,92,92,77,Spain,Europe,Southern Europe,1980.0,94,90.0,95.0,98.0,,,95.0,92.0,,41.41818640903454
renaud-dion,20.52,82,81,148,France,Europe,Western Europe,1978.0,81,79.0,85.0,68.0,78.0,82.0,82.0,79.0,48.0,43.94924490778765
javier-megias,21.05,106,96,89,Spain,Europe,Southern Europe,1983.0,97,85.0,103.0,97.0,,121.0,92.0,85.0,91.0,47.57260458334942
mattia-bais,21.55,96,94,92,Italy,Europe,Southern Europe,1996.0,96,97.0,94.0,108.0,77.0,107.0,85.0,108.0,97.0,33.89169922910929
joris-nieuwenhuis,20.75,91,87,81,Netherlands,Europe,Western Europe,1996.0,89,77.0,83.0,92.0,91.0,88.0,70.0,95.0,32.0,39.50960189593548
luca-rastelli,20.54701665661093,93,94,35,Italy,Europe,Southern Europe,1999.0,95,,100.0,,68.0,87.0,98.0,,,32.19408056661056
johnatan-canaveral,21.589200256087707,100,94,14,Colombia,America,America,1996.0,98,,121.0,,67.0,94.0,,,,50.28446551895996
alan-riou,21.95,117,113,45,France,Europe,Western Europe,1997.0,115,113.0,113.0,,,114.0,112.0,113.0,,35.13814008863999
alexander-konychev,22.21,104,97,51,Italy,Europe,Southern Europe,1998.0,99,75.0,100.0,68.0,88.0,105.0,90.0,68.0,75.0,35.25470348261433
olav-kooij,21.27,50,58,28,Netherlands,Europe,Western Europe,2001.0,58,,68.0,,48.0,58.0,,,,57.15633438951943
leonardo-basso,20.11,124,115,40,Italy,Europe,Southern Europe,1993.0,117,66.0,119.0,122.0,113.0,118.0,122.0,66.0,,27.55837626864294
david-george,19.47,112,108,52,South Africa,Africa,Africa,1976.0,110,100.0,117.0,124.0,,135.0,116.0,104.0,,37.82305293512586
remco-van-der-ven,19.5465001944932,77,75,49,Netherlands,Europe,Western Europe,1975.0,79,81.0,37.0,76.0,,22.0,67.0,80.0,,43.35872163125429
daniel-bayes,22.169050807465737,100,107,22,Spain,Europe,Southern Europe,1975.0,111,107.0,,,,,,107.0,,41.15899379920226
luis-sarreira,18.753837841958585,107,101,9,Portugal,Europe,Southern Europe,1972.0,100,101.0,,,,,,101.0,,29.58462438497403
alessandro-pozzi2,21.835485452086186,82,84,36,Italy,Europe,Southern Europe,1969.0,90,91.0,78.0,61.0,,13.0,78.0,91.0,,34.16969789108845
matias-cagigas,19.14522807552576,95,99,44,Spain,Europe,Southern Europe,1974.0,101,100.0,,74.0,,,,99.0,,28.194882056983115
daniele-galli,21.75341730516614,152,137,18,Italy,Europe,Southern Europe,1975.0,138,137.0,,137.0,,,137.0,137.0,,58.927145669309546
txema-del-olmo-zendegi,21.423344056440698,44,51,115,Spain,Europe,Southern Europe,1973.0,56,47.0,51.0,59.0,,70.0,37.0,57.0,,38.42846683528307
alessio-bongioni,21.32650632607793,119,116,21,Italy,Europe,Southern Europe,1975.0,117,114.0,143.0,117.0,,143.0,117.0,114.0,,32.969033089509054
itamar-einhorn,24.34,131,99,28,Israel,Asia,Asia,1997.0,101,,123.0,111.0,54.0,54.0,123.0,111.0,,67.210952748136
cedric-beullens,21.88,82,72,39,Belgium,Europe,Western Europe,1997.0,74,71.0,67.0,84.0,36.0,68.0,64.0,77.0,74.0,42.19188542458741
daan-hoole,20.76,96,96,34,Netherlands,Europe,Western Europe,1999.0,97,98.0,95.0,91.0,106.0,107.0,92.0,93.0,,42.01315471778409
ben-turner,19.66,88,83,44,Great Britain,Europe,Northern Europe,1999.0,87,59.0,46.0,108.0,58.0,50.0,82.0,90.0,,43.2678613107945
lionel-taminiaux,24.73,118,105,41,Belgium,Europe,Western Europe,1996.0,105,93.0,107.0,110.0,,88.0,122.0,99.0,91.0,45.21657908765593
pau-miquel-delgado,20.06,73,79,27,Spain,Europe,Southern Europe,2000.0,82,,75.0,83.0,,96.0,59.0,83.0,,35.994934749702324
nicolas-prodhomme,20.48,77,76,107,France,Europe,Western Europe,1997.0,78,77.0,72.0,81.0,,,70.0,85.0,,34.308058085318834
vojtech-repa,20.97,108,94,20,Czech Republic,Europe,Eastern Europe,2000.0,95,83.0,,105.0,,,,94.0,,31.89534696307185
antoine-raugel,20.45,98,97,22,France,Europe,Western Europe,1999.0,99,93.0,92.0,103.0,,,92.0,98.0,,32.8728364553985
kelland-brien,20.78,107,101,35,Australia,Oceania,Oceania,1998.0,106,,70.0,119.0,103.0,86.0,96.0,132.0,,43.77332751437423
yevgeniy-fedorov,21.48,109,102,69,Kazakhstan,Asia,Asia,2000.0,104,96.0,74.0,120.0,103.0,78.0,97.0,114.0,,44.923312509432336
jarrad-drizners,20.23,120,115,21,Australia,Oceania,Oceania,1999.0,119,,109.0,148.0,93.0,94.0,,148.0,,38.80721582386452
jay-vine,20.38,83,82,71,Australia,Oceania,Oceania,1995.0,83,73.0,59.0,103.0,104.0,104.0,63.0,94.0,63.0,53.456923367657566
edoardo-zambanini,18.92,54,58,67,Italy,Europe,Southern Europe,2001.0,60,42.0,64.0,58.0,,31.0,60.0,57.0,44.0,28.675077389952488
xabier-mikel-azparren-irurzun,18.37385482789474,112,101,56,Spain,Europe,Southern Europe,1999.0,103,87.0,100.0,118.0,19.0,80.0,92.0,107.0,,46.80082139361319
kamil-malecki,22.79,97,95,47,Poland,Europe,Eastern Europe,1996.0,97,82.0,100.0,125.0,,100.0,137.0,112.0,75.0,35.22903782936711
benjamin-day,21.46,81,79,10,Australia,Oceania,Oceania,1978.0,81,,74.0,79.0,,,79.0,,,33.34932949517543
davy-commeyne,20.68,56,52,20,Belgium,Europe,Western Europe,1980.0,53,,67.0,40.0,21.0,44.0,54.0,,,26.33069051806076
david-bernabeu,20.37,82,78,78,Spain,Europe,Southern Europe,1975.0,80,87.0,81.0,65.0,,67.0,79.0,81.0,,41.88980875172477
eric-leblacher,17.95939131489218,81,84,77,France,Europe,Western Europe,1978.0,88,62.0,101.0,84.0,,104.0,76.0,83.0,74.0,43.887816815129455
glenn-d-hollander,22.1,93,93,71,Belgium,Europe,Western Europe,1974.0,98,,94.0,95.0,61.0,89.0,92.0,119.0,,35.50919058066749
bruno-miguel-castanheira-gomes,21.37,67,83,20,Portugal,Europe,Southern Europe,1977.0,85,52.0,,93.0,,,76.0,88.0,,43.99808608277601
pedro-cardoso,18.966412473755284,57,62,37,Portugal,Europe,Southern Europe,1974.0,64,71.0,54.0,48.0,,54.0,48.0,71.0,75.0,25.84232624640873
bert-hiemstra,20.145382251042157,88,79,29,Netherlands,Europe,Western Europe,1973.0,85,,72.0,97.0,59.0,76.0,82.0,,,33.15172613624829
rene-joergensen,18.73,90,89,47,Denmark,Europe,Northern Europe,1975.0,92,,99.0,69.0,,90.0,88.0,130.0,,33.505670747619995
giovanni-battaglin,21.037284367552683,22,44,87,Italy,Europe,Southern Europe,1951.0,63,20.0,18.0,56.0,,70.0,19.0,63.0,2.0,47.13214317294352
knut-knudsen,23.08,26,30,42,Norway,Europe,Northern Europe,1950.0,42,,9.0,45.0,,6.0,24.0,46.0,,28.86791579135996
jo-maas,22.89106681711076,28,36,71,Netherlands,Europe,Western Europe,1954.0,41,,29.0,39.0,,32.0,30.0,40.0,,27.604755662951767
andre-dierickx,22.84,8,16,67,Belgium,Europe,Western Europe,1947.0,28,30.0,10.0,28.0,2.0,9.0,12.0,39.0,18.0,18.23496078040884
alessandro-pozzi,19.49714783107056,92,96,105,Italy,Europe,Southern Europe,1954.0,107,18.0,60.0,103.0,,91.0,53.0,106.0,18.0,50.31231761735195
patrice-thevenard,21.36438429787213,60,67,93,France,Europe,Western Europe,1954.0,74,,36.0,78.0,,36.0,47.0,80.0,,37.04196980293733
patrick-pevenage,21.74667371154784,60,58,42,Belgium,Europe,Western Europe,1956.0,60,,27.0,61.0,,,49.0,62.0,,28.81359048288983
glauco-santoni,20.92721743903448,76,82,54,Italy,Europe,Southern Europe,1952.0,86,32.0,49.0,85.0,,49.0,113.0,79.0,32.0,37.26506655280768
maurizio-bellet,21.028215944860843,74,69,26,Italy,Europe,Southern Europe,1952.0,76,,11.0,71.0,,11.0,57.0,76.0,,29.72230449705044
valerio-lualdi,19.47769587252444,100,93,40,Italy,Europe,Southern Europe,1951.0,97,,68.0,94.0,,68.0,104.0,93.0,,29.68656779912942
aldo-donadello,18.912421973335384,72,64,17,Italy,Europe,Southern Europe,1953.0,66,,66.0,63.0,,,64.0,63.0,,35.4505662445443
christian-poirier,21.327910032551877,52,51,16,France,Europe,Western Europe,1954.0,56,,,51.0,,,41.0,57.0,,35.56379244868766
serge-parsani,21.94683206238822,68,64,24,Italy,Europe,Southern Europe,1952.0,67,,64.0,64.0,,,84.0,59.0,,24.71577563454951
alain-desaever,23.620890456220167,57,65,44,Belgium,Europe,Western Europe,1952.0,73,45.0,45.0,76.0,,,73.0,62.0,,32.84762051293095
jean-marie-michel,21.72138158130791,82,75,37,France,Europe,Western Europe,1955.0,77,,,75.0,,,76.0,75.0,,30.452493401269365
wim-myngheer,21.78194868581516,84,82,24,Belgium,Europe,Western Europe,1955.0,86,,,82.0,,,76.0,83.0,,27.081700062235196
michel-balbuena,20.807767824445925,72,68,23,France,Europe,Western Europe,1954.0,68,,,68.0,,,65.0,69.0,,24.899640456473666
alex-van-linden,22.49835733297365,82,84,24,Belgium,Europe,Western Europe,1952.0,89,,24.0,87.0,,,109.0,78.0,,31.048320218746085
pasquale-pugliese,18.6682039602698,111,90,17,Italy,Europe,Southern Europe,1952.0,99,16.0,,100.0,,,107.0,97.0,16.0,34.164072115738946
gerard-mace,20.57990335016954,98,95,14,France,Europe,Western Europe,1953.0,96,,,95.0,,,116.0,87.0,,27.13063634659955
dorino-vanzo,19.96027909301341,79,78,25,Italy,Europe,Southern Europe,1950.0,82,13.0,38.0,82.0,,,62.0,85.0,13.0,27.843431301954627
aaron-van-poucke,21.71,93,87,7,Belgium,Europe,Western Europe,1998.0,88,94.0,80.0,,101.0,97.0,75.0,135.0,53.0,32.794453654180465
jan-maas,19.32,87,88,49,Netherlands,Europe,Western Europe,1996.0,89,60.0,98.0,71.0,81.0,101.0,83.0,62.0,,30.17739501792736
kenneth-van-rooy,21.85,66,77,7,Belgium,Europe,Western Europe,1993.0,78,,78.0,,75.0,74.0,84.0,,,31.34143765505524
sandy-dujardin,19.424096905948787,64,77,20,France,Europe,Western Europe,1997.0,79,,70.0,88.0,102.0,81.0,73.0,,,44.29791488499086
stan-van-tricht,21.14,54,61,13,Belgium,Europe,Western Europe,1999.0,63,48.0,44.0,,71.0,69.0,39.0,48.0,,28.326846919667148
kenny-molly,20.86,95,89,7,Belgium,Europe,Western Europe,1996.0,89,84.0,92.0,,,,92.0,67.0,100.0,23.85871109758646
jenno-berckmoes,19.47,82,84,6,Belgium,Europe,Western Europe,2001.0,87,,84.0,,,64.0,89.0,,,26.143832924802748
inigo-elosegui,21.22,82,85,26,Spain,Europe,Southern Europe,1998.0,86,109.0,99.0,,73.0,73.0,105.0,122.0,96.0,31.5862920608584
julian-mertens,20.68,63,68,11,Belgium,Europe,Western Europe,1997.0,71,92.0,66.0,,59.0,52.0,74.0,92.0,,28.303549407996677
victor-koretzky,21.3,58,64,13,France,Europe,Western Europe,1994.0,66,,64.0,,,65.0,60.0,,,26.79408660363471
thibault-ferasse,21.61,68,68,1,France,Europe,Western Europe,1994.0,68,,68.0,,,,68.0,,,0.0
abner-gonzalez-rivera,19.82,47,60,10,Puerto Rico,America,America,2000.0,59,,54.0,,110.0,75.0,53.0,,,33.04290140610133
cian-uijtdebroeks,19.87,32,38,21,Belgium,Europe,Western Europe,2003.0,38,,38.0,40.0,,23.0,46.0,,,29.78518327721256
filippo-baroncini,20.94,75,68,8,Italy,Europe,Southern Europe,2000.0,69,,97.0,64.0,,,68.0,,,31.791452130587373
patrick-gamper,21.26,105,103,91,Austria,Europe,Western Europe,1997.0,103,116.0,100.0,100.0,102.0,113.0,95.0,98.0,135.0,34.21285451287884
mathijs-paasschens,21.22,83,90,19,Netherlands,Europe,Western Europe,1996.0,91,114.0,88.0,,,94.0,87.0,114.0,,22.519257515831363
johan-meens,20.48,106,117,3,Belgium,Europe,Western Europe,1999.0,119,,117.0,,,,117.0,,,22.27853974867593
vito-braet,20.09,112,100,4,Belgium,Europe,Western Europe,2000.0,103,,94.0,,120.0,120.0,94.0,,,28.476598579652496
jens-reynders,22.45,96,94,4,Belgium,Europe,Western Europe,1998.0,96,,94.0,,,77.0,99.0,,,27.742866951104144
ruben-apers,21.85,102,102,8,Belgium,Europe,Western Europe,1998.0,103,,100.0,,115.0,90.0,106.0,,,26.776522232305357
magnus-sheffield,21.8,44,44,32,United States,America,America,2002.0,42,77.0,46.0,16.0,64.0,41.0,45.0,77.0,,29.568383698067244
vinicius-rangel-costa,20.2,126,126,2,Brazil,America,America,2001.0,127,,126.0,,,128.0,125.0,,,2.1213203435596424
pawel-cieslik,20.98,54,63,14,Poland,Europe,Eastern Europe,1986.0,67,,102.0,41.0,,102.0,41.0,,,49.18014653482454
ruben-zepuntke,22.45,98,86,11,Germany,Europe,Western Europe,1993.0,90,,76.0,88.0,,40.0,90.0,,,34.62027782042825
nico-brungger,20.02,119,109,15,Switzerland,Europe,Western Europe,1988.0,112,,110.0,109.0,,,109.0,,,42.306140497681
adam-stachowiak,20.02,105,103,16,Poland,Europe,Eastern Europe,1989.0,106,,115.0,94.0,,115.0,94.0,,,28.12235172717009
valentin-baillifard,18.91,114,115,15,Switzerland,Europe,Western Europe,1993.0,117,,101.0,124.0,,,115.0,,,34.36540342235127
michal-podlaski,21.46,122,119,9,Poland,Europe,Eastern Europe,1988.0,122,,,119.0,,,119.0,,,41.741599287893976
lukas-jaun,20.37,134,134,9,Switzerland,Europe,Western Europe,1991.0,136,,,134.0,,,134.0,,,27.937430089397985
jaroslaw-marycz,20.83,112,106,99,Poland,Europe,Eastern Europe,1987.0,108,110.0,101.0,111.0,,109.0,98.0,122.0,,42.3330241176091
colin-stussi,19.45,111,118,9,Switzerland,Europe,Western Europe,1993.0,119,,,118.0,,,118.0,,,28.443413609793357
jiri-polnicky,20.31,127,130,17,Czech Republic,Europe,Eastern Europe,1989.0,132,112.0,162.0,112.0,,162.0,112.0,112.0,,30.11863796623573
jean-jacques-henry,20.3163130792418,22,49,10,France,Europe,Western Europe,1967.0,90,,49.0,,,41.0,69.0,,,64.06628511853086
gilles-talmant,23.428808895988876,87,85,59,France,Europe,Western Europe,1970.0,93,,60.0,95.0,,66.0,46.0,97.0,,45.97022770428816
frederic-pontier,22.605184680354675,79,86,22,France,Europe,Western Europe,1970.0,103,89.0,35.0,123.0,,35.0,116.0,99.0,,66.27538311414281
gustavo-rodriguez-iglesias,21.1487763723846,89,88,21,Spain,Europe,Southern Europe,1979.0,89,85.0,116.0,97.0,,116.0,,87.0,,25.993497355336867
jose-alberto-benitez-roman,20.37,109,105,157,Spain,Europe,Southern Europe,1981.0,107,101.0,106.0,108.0,,92.0,112.0,107.0,18.0,38.766139500581424
juan-javier-estrada-ruiz,21.6,102,104,40,Spain,Europe,Southern Europe,1981.0,104,105.0,,96.0,,,,104.0,,27.904036561226345
johnnie-walker,19.88,141,124,20,Australia,Oceania,Oceania,1987.0,125,120.0,,143.0,,,,124.0,,49.99736835179691
enrique-mata-cabello,21.5,112,89,26,Spain,Europe,Southern Europe,1985.0,89,78.0,,110.0,,,121.0,80.0,,53.87489782249813
theo-bos,21.33,163,137,30,Netherlands,Europe,Western Europe,1983.0,139,105.0,160.0,128.0,,,160.0,110.0,,60.00181031751718
andreas-stauff,22.24,126,114,54,Germany,Europe,Western Europe,1987.0,113,85.0,123.0,121.0,110.0,124.0,120.0,93.0,,51.17871634077303
david-gutierrez-gutierrez,22.31,129,118,39,Spain,Europe,Southern Europe,1982.0,122,122.0,108.0,120.0,,108.0,120.0,122.0,,37.04762226904007
david-vitoria,20.94,165,161,11,Switzerland,Europe,Western Europe,1984.0,161,165.0,,154.0,,,145.0,162.0,,19.890152885741777
jorge-martin-montenegro,20.755924882655453,143,119,28,Spain,Europe,Southern Europe,1983.0,121,113.0,119.0,145.0,,119.0,,119.0,,49.495590632535055
gorka-beloki,20.15,93,82,5,Spain,Europe,Southern Europe,1978.0,87,,82.0,,,,82.0,,,27.618834153526468
efrain-gutierrez-sanchez,23.2565411637898,82,93,6,Spain,Europe,Southern Europe,1980.0,99,,93.0,,,,93.0,,,35.28408517542529
carlos-zarate,20.99,100,102,10,Spain,Europe,Southern Europe,1980.0,108,,102.0,,,,102.0,,,50.3786771472923
jokin-ormaetxea,22.40328868348385,90,83,7,Spain,Europe,Southern Europe,1980.0,88,,76.0,130.0,,,76.0,130.0,,31.77974796867308
francisco-gutierrez,20.57894451024348,117,103,29,Spain,Europe,Southern Europe,1980.0,106,118.0,70.0,,,,70.0,118.0,,59.7356656754956
unai-emillio-yus,22.8222227775697,64,67,37,Spain,Europe,Southern Europe,1974.0,66,19.0,78.0,67.0,,73.0,90.0,20.0,,43.230960154915785
adolfo-garcia-quesada,22.91432967642824,54,71,57,Spain,Europe,Southern Europe,1979.0,71,81.0,71.0,49.0,,,70.0,72.0,,44.081442341389454
ion-del-rio,21.44497899500087,111,96,17,Spain,Europe,Southern Europe,1978.0,97,93.0,97.0,127.0,,,97.0,96.0,,45.403825311763946
pierre-henri-mentheour,21.938239066655324,51,53,67,France,Europe,Western Europe,1960.0,58,,35.0,63.0,,16.0,40.0,62.0,,34.65138131513064
jean-philippe-vandenbrande,21.099171110920977,24,39,228,Belgium,Europe,Western Europe,1955.0,44,21.0,20.0,45.0,13.0,16.0,24.0,46.0,,35.55196981018986
marco-chagas,21.26149841934456,58,64,46,Portugal,Europe,Southern Europe,1956.0,68,,,64.0,,,72.0,63.0,,30.78788267820252
urs-zimmermann,19.454687456673387,79,75,153,Switzerland,Europe,Western Europe,1959.0,88,43.0,27.0,84.0,,21.0,31.0,89.0,27.0,52.08860633782324
rafael-antonio-acevedo,20.17103468338293,58,67,76,Colombia,America,America,1957.0,73,,33.0,67.0,,,59.0,67.0,,41.17684581872374
luciano-loro,18.93772121347881,66,73,98,Italy,Europe,Southern Europe,1954.0,87,40.0,36.0,85.0,,56.0,39.0,87.0,,46.85755145480818
jean-francois-chaurin,21.398007450254912,55,59,41,France,Europe,Western Europe,1961.0,63,24.0,14.0,64.0,,10.0,64.0,63.0,24.0,32.35613561900002
herman-loayza,24.244156255563272,90,91,46,Colombia,America,America,1956.0,93,,,91.0,,,135.0,86.0,,36.423223467033615
yvan-frebert,21.07224733912578,65,61,46,France,Europe,Western Europe,1960.0,60,,,61.0,,,55.0,61.0,,36.91305884160074
carlos-marta,21.75745360527625,110,96,25,Portugal,Europe,Southern Europe,1963.0,100,,22.0,102.0,,,57.0,103.0,,43.6702797487414
alain-dithurbide,19.59706893897047,60,69,25,France,Europe,Western Europe,1959.0,73,,12.0,74.0,,12.0,90.0,72.0,,42.057381436952696
czeslaw-lang,23.61578537436154,96,91,66,Poland,Europe,Eastern Europe,1955.0,100,26.0,7.0,101.0,,8.0,86.0,98.0,,45.71788426562346
luc-govaerts,23.583449571016303,64,73,35,Belgium,Europe,Western Europe,1959.0,89,,28.0,91.0,,25.0,61.0,93.0,,45.29236491206583
jean-francois-rault,20.609747129063223,55,59,78,France,Europe,Western Europe,1958.0,64,,21.0,64.0,,26.0,32.0,64.0,,43.80331155552173
modesto-urrutibeazkoa,21.740602420263368,103,98,57,Spain,Europe,Southern Europe,1959.0,108,,55.0,112.0,,14.0,71.0,111.0,,44.200889942162895
carlo-tonon,20.92652643850321,121,119,39,Italy,Europe,Southern Europe,1955.0,120,,,119.0,,,132.0,119.0,,25.32192192734325
jacques-hanegraaf,20.632380875381767,58,66,98,Netherlands,Europe,Western Europe,1960.0,78,14.0,41.0,79.0,49.0,47.0,33.0,81.0,31.0,47.86837623420048
israel-corredor-fonseca,20.349619637122263,119,113,69,Colombia,America,America,1959.0,118,,28.0,116.0,,,90.0,115.0,,44.23688461888239
francis-castaing,20.908505206805643,18,59,102,France,Europe,Western Europe,1959.0,72,,20.0,78.0,,11.0,36.0,80.0,,61.481689596968
jose-xavier,21.564014632858697,118,113,23,Portugal,Europe,Southern Europe,1961.0,115,,,113.0,,,140.0,110.0,,28.318767084213967
eduardo-correia,21.76105237476719,128,126,23,Portugal,Europe,Southern Europe,1961.0,128,,,126.0,,,144.0,125.0,,19.8485371470411
regis-simon,23.49103662605404,64,65,108,France,Europe,Western Europe,1958.0,73,,19.0,75.0,,11.0,36.0,77.0,,47.91979785696952
paulo-jose-dos-santos-ferreira,22.504054191641263,137,117,17,Portugal,Europe,Southern Europe,1962.0,115,,,117.0,,,106.0,118.0,,48.507428175850485
alain-bondue,19.32370705554448,97,89,85,France,Europe,Western Europe,1959.0,105,,12.0,107.0,,13.0,39.0,110.0,,57.94483757575538
michel-charreard,19.32040514877396,123,119,23,France,Europe,Western Europe,1959.0,120,,,119.0,,,102.0,120.0,,26.855932430644955
manuel-zeferino,22.176990888976523,120,110,31,Portugal,Europe,Southern Europe,1960.0,116,,92.0,115.0,,,107.0,111.0,,37.61974430123527
jeanluc-garnier,21.81821387137788,83,81,19,France,Europe,Western Europe,1961.0,89,,15.0,93.0,,,30.0,99.0,,42.27319945086799
simone-fraccaro,22.781542908186463,115,105,17,Italy,Europe,Southern Europe,1952.0,109,,63.0,114.0,,108.0,71.0,116.0,,42.55550009382212
gabriele-landoni,21.89589360011467,34,32,4,Italy,Europe,Southern Europe,1953.0,29,,32.0,,,30.0,34.0,,,17.269916039170543
eric-mckenzie,22.512239578210703,67,67,79,New Zealand,Oceania,Oceania,1958.0,72,34.0,16.0,72.0,,16.0,29.0,73.0,,54.01421309099128
claudio-torelli,20.585038310465738,12,26,10,Italy,Europe,Southern Europe,1954.0,44,,25.0,35.0,,33.0,9.0,35.0,,33.06895153396242
franco-conti,22.028770546999784,25,30,9,Italy,Europe,Southern Europe,1951.0,34,25.0,41.0,,,41.0,,,25.0,11.020183503211026
giocondo-dalla-rizza,22.071303613302668,36,36,1,Italy,Europe,Southern Europe,1960.0,36,,36.0,,,36.0,,,,0.0
giovanni-renosto,20.08067520513108,44,53,3,Italy,Europe,Southern Europe,1960.0,58,,53.0,,,62.0,35.0,,,23.24507116214819
patrick-versluys,21.380162489533763,41,58,64,Belgium,Europe,Western Europe,1958.0,82,,20.0,102.0,,24.0,27.0,100.0,,51.97095256693191
cedric-rossier,21.691503635878803,79,73,29,Switzerland,Europe,Western Europe,1957.0,81,,37.0,83.0,,34.0,43.0,86.0,,34.33438151029637
gregor-braun,22.30474051637755,22,23,29,Germany,Europe,Western Europe,1955.0,30,22.0,20.0,29.0,,27.0,15.0,31.0,22.0,19.08885110354214
fabien-de-vooght,20.557960086869578,38,40,6,France,Europe,Western Europe,1959.0,44,,40.0,,,64.0,35.0,,,14.32131278898691
wladimiro-panizza,20.468242621896447,10,21,33,Italy,Europe,Southern Europe,1945.0,38,11.0,32.0,8.0,,48.0,18.0,14.0,11.0,22.34216525954565
gary-dowdell,24.30137358422068,74,74,1,Great Britain,Europe,Northern Europe,1959.0,74,,74.0,,,74.0,,,,0.0
vinko-poloncic,20.386294642088444,77,77,1,Slovenia,Europe,Southern Europe,1957.0,77,,77.0,,,77.0,,,,0.0
wies-van-dongen,20.186408957061047,16,31,25,Netherlands,Europe,Western Europe,1957.0,35,,32.0,33.0,4.0,31.0,31.0,,,26.784448224047228
ettore-bazzichi,21.06362132805705,83,83,1,Italy,Europe,Southern Europe,1958.0,83,,83.0,,,83.0,,,,0.0
jacques-van-meer,20.283213529349226,48,51,57,Netherlands,Europe,Western Europe,1958.0,63,,32.0,77.0,,48.0,38.0,74.0,,36.88549986445386
giuseppe-montella,21.958026394176542,28,40,4,Italy,Europe,Southern Europe,1956.0,62,23.0,93.0,,,93.0,,,23.0,35.85619425798933
dominique-naessens,19.41212603387099,62,62,2,Belgium,Europe,Western Europe,1959.0,82,,62.0,,,95.0,30.0,,,45.96194077712559
giorgio-aiardi,21.16441309908164,96,96,1,Italy,Europe,Southern Europe,1962.0,96,,96.0,,,96.0,,,,0.0
claudio-corti,19.302596274812014,64,68,36,Italy,Europe,Southern Europe,1955.0,89,19.0,65.0,117.0,,79.0,58.0,95.0,18.0,50.82771241366613
marc-gomez,23.13395794031291,40,50,127,France,Europe,Western Europe,1954.0,56,,24.0,59.0,,34.0,19.0,60.0,,40.00631902343397
walter-clivati,18.99873514604458,103,103,1,Italy,Europe,Southern Europe,1955.0,103,,103.0,,,103.0,,,,0.0
fiorenzo-favero,20.57138592146919,110,110,2,Italy,Europe,Southern Europe,1955.0,111,,110.0,,,110.0,,,,7.7781745930520225
peter-kehl,22.27419480767994,4,24,9,Germany,Europe,Western Europe,1957.0,53,,35.0,14.0,,38.0,6.0,66.0,,37.54996671103717
uwe-bolten,21.996452982910142,40,54,12,Germany,Europe,Western Europe,1959.0,87,43.0,70.0,17.0,,111.0,50.0,44.0,,49.97719176754229
silvestro-milani,22.852277667561275,98,83,13,Italy,Europe,Southern Europe,1958.0,92,,65.0,94.0,,84.0,36.0,94.0,,55.85638636213319
erminio-rizzi,20.80882154682968,115,115,1,Italy,Europe,Southern Europe,1958.0,115,,115.0,,,115.0,,,,0.0
siegfried-hekimi,21.638688624190067,89,79,30,Switzerland,Europe,Western Europe,1956.0,94,32.0,49.0,89.0,,64.0,13.0,94.0,31.0,48.56668599467898
fiorenzo-aliverti,22.177245908113253,80,82,41,Italy,Europe,Southern Europe,1957.0,91,51.0,56.0,106.0,,120.0,53.0,106.0,51.0,37.50601577763486
joel-pelier,21.38216656827299,101,88,93,France,Europe,Western Europe,1962.0,92,86.0,30.0,95.0,,27.0,70.0,95.0,,51.462729970048045
robert-forest,22.812264779903497,62,62,107,France,Europe,Western Europe,1961.0,66,25.0,33.0,66.0,78.0,39.0,42.0,65.0,,34.84014177283932
doug-shapiro,20.395405016559227,102,100,39,United States,America,America,1959.0,103,27.0,80.0,104.0,,70.0,91.0,103.0,,38.18228175052028
martial-gayant,20.6,40,49,151,France,Europe,Western Europe,1962.0,60,15.0,27.0,63.0,75.0,29.0,29.0,65.0,15.0,39.62439322729555
elio-festa,22.27569179494041,108,105,24,Italy,Europe,Southern Europe,1960.0,107,,85.0,106.0,,85.0,149.0,100.0,,33.325687528922224
claudio-fasolo,21.76500760795562,100,95,24,Italy,Europe,Southern Europe,1960.0,97,,61.0,97.0,,,121.0,90.0,,37.6268627060701
jose-salvador-sanchis,22.04374058974805,109,103,89,Spain,Europe,Southern Europe,1963.0,107,,40.0,105.0,,,95.0,104.0,,48.00051604251034
rudy-patry,21.667351264232995,90,90,65,Belgium,Europe,Western Europe,1961.0,94,,50.0,97.0,,82.0,59.0,97.0,,43.27043203460694
andre-lurquin,22.989033228115545,109,92,32,Belgium,Europe,Western Europe,1961.0,106,,20.0,113.0,,26.0,56.0,114.0,,47.31542023416345
alois-wouters,21.5945556180576,110,103,24,Belgium,Europe,Western Europe,1962.0,106,,53.0,105.0,,,112.0,101.0,,43.47910959316546
jokin-mujika,23.04,80,84,149,Spain,Europe,Southern Europe,1962.0,93,25.0,52.0,93.0,,50.0,61.0,90.0,60.0,46.0827790890354
patrick-toelen,22.26741208706918,113,116,23,Belgium,Europe,Western Europe,1962.0,117,,,116.0,,,172.0,107.0,,34.05598738371627
teun-van-vliet,20.192831785448146,72,78,98,Netherlands,Europe,Western Europe,1962.0,94,34.0,25.0,93.0,0.0,33.0,24.0,100.0,2.0,60.10223511738658
jan-baeyens,21.55760857036764,133,120,25,Belgium,Europe,Western Europe,1957.0,127,,28.0,128.0,,24.0,126.0,123.0,,39.7178381419063
manrico-ronchiato,21.99555526567376,143,133,24,Italy,Europe,Southern Europe,1960.0,135,,26.0,138.0,,26.0,135.0,138.0,,33.81125680829569
etienne-de-beule,19.97469435103156,93,86,35,Belgium,Europe,Western Europe,1953.0,106,,33.0,110.0,,28.0,56.0,116.0,,47.242891066302455
philippe-lauraire,21.364689079514825,125,93,23,France,Europe,Western Europe,1961.0,93,,,93.0,,,51.0,100.0,,58.86492207914149
rudy-matthijs,20.371467656120316,114,85,49,Belgium,Europe,Western Europe,1959.0,96,,8.0,98.0,,7.0,29.0,108.0,,60.62863706742104
patrick-onnockx,19.8777287134878,136,130,42,Belgium,Europe,Western Europe,1959.0,136,,46.0,136.0,,29.0,100.0,137.0,,45.46296242416405
dirk-demol,21.5,117,103,53,Belgium,Europe,Western Europe,1959.0,122,,52.0,125.0,103.0,61.0,65.0,128.0,,58.35913659730723
giuliano-pavanello,21.36708381488205,124,99,23,Italy,Europe,Southern Europe,1961.0,100,,,99.0,,,87.0,100.0,,57.77275914827631
roberto-bressan,18.96098486014477,136,128,24,Italy,Europe,Southern Europe,1960.0,130,,77.0,130.0,,77.0,155.0,126.0,,32.53760366366757
thomas-frei,22.41,68,71,46,Switzerland,Europe,Western Europe,1985.0,72,,76.0,62.0,,71.0,70.0,,,36.581402841012334
lasse-bochmann,22.557878124434136,65,62,9,Denmark,Europe,Northern Europe,1983.0,63,,,62.0,,,63.0,53.0,,26.572751289829043
alberto-fernandez-de-la-puebla-ramos,20.81,102,103,82,Spain,Europe,Southern Europe,1984.0,106,158.0,96.0,104.0,,79.0,102.0,158.0,,46.92841807225369
fabio-andres-duarte,19.96,68,72,113,Colombia,America,America,1986.0,72,87.0,67.0,71.0,,90.0,59.0,79.0,,46.08845004510405
robinson-chalapud,20.57,128,107,57,Colombia,America,America,1984.0,109,54.0,107.0,133.0,,91.0,113.0,,54.0,52.37631330562244
bjorn-thurau,19.6,61,74,75,Germany,Europe,Western Europe,1988.0,75,68.0,79.0,64.0,,92.0,67.0,68.0,,44.59795575648797
marc-goos,20.52,86,88,42,Netherlands,Europe,Western Europe,1990.0,89,62.0,85.0,103.0,,82.0,90.0,81.0,44.0,36.8951491733036
yonder-godoy,22.95,77,87,23,Venezuela,America,America,1993.0,89,37.0,90.0,124.0,,75.0,92.0,,37.0,32.19603982226936
david-tanner,20.68,106,99,132,Australia,Oceania,Oceania,1984.0,101,87.0,104.0,95.0,,105.0,102.0,86.0,,41.4746138307842
miguel-angel-rubiano,20.07,90,91,115,Colombia,America,America,1984.0,92,79.0,95.0,73.0,,88.0,95.0,81.0,45.0,44.740057765706105
carlos-quintero,19.88,103,102,66,Colombia,America,America,1986.0,105,97.0,101.0,110.0,,100.0,103.0,102.0,60.0,43.51678131951232
michel-koch,21.06,114,100,52,Germany,Europe,Western Europe,1991.0,100,,101.0,94.0,,72.0,111.0,,,43.8362638021619
andrea-fedi,20.68,134,125,24,Italy,Europe,Southern Europe,1991.0,127,73.0,130.0,92.0,112.0,75.0,135.0,,73.0,46.21876148322755
tony-hurel,23.11,129,116,77,France,Europe,Western Europe,1987.0,117,134.0,102.0,129.0,126.0,108.0,100.0,138.0,,53.085027682449976
jeffry-romero,17.76,125,121,22,Colombia,America,America,1989.0,120,,121.0,121.0,,120.0,121.0,,,41.955449470357735
rodolfo-andres-torres,19.61,83,80,72,Colombia,America,America,1987.0,81,64.0,87.0,69.0,,74.0,90.0,64.0,54.0,39.60057815609944
daniele-colli,22.78,95,92,51,Italy,Europe,Southern Europe,1982.0,96,52.0,108.0,68.0,82.0,88.0,94.0,,52.0,56.43291349461053
dirk-heirweg,22.53,24,46,21,Belgium,Europe,Western Europe,1955.0,55,23.0,32.0,55.0,,22.0,52.0,51.0,23.0,37.46242561999067
johan-louwet,20.677805106404783,4,8,7,Belgium,Europe,Western Europe,1959.0,18,,8.0,,,,8.0,,,11.657819774930555
javier-cedena,21.65912521290941,6,14,27,Spain,Europe,Southern Europe,1954.0,14,,14.0,,,,14.0,,,15.15400523438852
daniel-girard,21.81769812554607,32,32,2,Switzerland,Europe,Western Europe,1956.0,47,,32.0,,,,32.0,,,31.81980515339464
rudy-busselen,20.054626340488696,11,11,1,Belgium,Europe,Western Europe,1955.0,11,,11.0,,,,11.0,,,0.0
rene-van-den-bossche,19.34826753082352,14,14,2,Belgium,Europe,Western Europe,1957.0,15,,14.0,,,17.0,12.0,,,3.5355339059327378
giovanni-strazzer,20.51833838406881,6,37,17,Italy,Europe,Southern Europe,1965.0,109,,47.0,23.0,,66.0,21.0,,,58.14959157208243
enrico-galleschi,21.35132035094373,28,38,10,Italy,Europe,Southern Europe,1963.0,58,,43.0,6.0,37.0,42.0,6.0,,,32.27055761664011
daniel-steiger,23.262880258270187,6,30,20,Switzerland,Europe,Western Europe,1966.0,92,89.0,40.0,16.0,,42.0,25.0,89.0,,46.55783047938733
laurent-davion,20.66815115345764,14,14,2,France,Europe,Western Europe,1972.0,14,,14.0,,,14.0,,,,4.949747468305833
marek-lesniewski,19.09021792775101,87,84,22,Poland,Europe,Eastern Europe,1963.0,98,,37.0,108.0,60.0,39.0,79.0,112.0,,44.95413728317405
frederic-gabriel,19.37,61,71,33,France,Europe,Western Europe,1970.0,80,,117.0,54.0,,118.0,56.0,,,42.485113257291054
max-poole,23.419974483209515,23,24,14,Great Britain,Europe,Northern Europe,2003.0,24,,22.0,26.0,,,24.0,,,15.053749852292109
lenny-martinez,18.42,29,42,21,France,Europe,Western Europe,2003.0,42,,43.0,39.0,,32.0,46.0,,,31.070197019928
anders-halland-johannessen,19.1383835707176,118,117,14,Norway,Europe,Northern Europe,1999.0,120,,148.0,93.0,,158.0,100.0,,,41.386943845603305
tobias-bayer,20.3,83,79,63,Austria,Europe,Western Europe,1999.0,80,72.0,88.0,59.0,116.0,79.0,84.0,62.0,83.0,40.34216810477287
reuben-thompson,19.71,82,84,28,New Zealand,Oceania,Oceania,2001.0,86,,89.0,88.0,69.0,84.0,87.0,57.0,,31.251497318625944
oscar-onley,20.72,38,41,23,Great Britain,Europe,Northern Europe,2002.0,42,,42.0,39.0,,56.0,33.0,,,25.89573194189197
harrison-wood,18.7,87,84,12,Great Britain,Europe,Northern Europe,2000.0,85,,90.0,81.0,,65.0,88.0,,,24.463175789274985
gianmarco-garofoli,19.23,72,68,14,Italy,Europe,Southern Europe,2002.0,68,,55.0,77.0,,,68.0,,,35.63644263890608
fredrik-dversnes,21.672599569095432,90,88,14,Norway,Europe,Northern Europe,1997.0,90,,95.0,91.0,27.0,27.0,92.0,,,31.674252031551458
martin-urianstad,21.355721777691603,77,81,13,Norway,Europe,Northern Europe,1999.0,80,,89.0,79.0,46.0,66.0,87.0,,,32.87232488872279
andrea-piccolo,19.54,89,79,15,Italy,Europe,Southern Europe,2001.0,81,21.0,81.0,93.0,,78.0,92.0,32.0,10.0,31.86997392680512
lorenzo-milesi,21.6,94,96,15,Italy,Europe,Southern Europe,2002.0,97,,106.0,87.0,,106.0,87.0,,,34.19663029904444
madis-mihkels,22.15,92,86,9,Estonia,Europe,Northern Europe,2003.0,86,,101.0,82.0,,89.0,86.0,,,34.88114740722336
tom-paquot,20.68,110,104,26,Belgium,Europe,Western Europe,1999.0,104,,110.0,99.0,100.0,93.0,113.0,,,29.900270129986342
jason-osborne,22.09,62,67,28,Germany,Europe,Western Europe,1994.0,68,,80.0,58.0,52.0,83.0,59.0,15.0,,35.245022914046174
florian-stork,19.02,76,78,67,Germany,Europe,Western Europe,1997.0,79,,84.0,78.0,52.0,62.0,85.0,53.0,,33.75728140627008
leon-heinschke,21.6,111,104,21,Germany,Europe,Western Europe,1999.0,105,,89.0,113.0,,38.0,108.0,,,40.5618281733196
matevz-govekar,22.53,98,88,16,Slovenia,Europe,Southern Europe,2000.0,88,,102.0,95.0,75.0,82.0,95.0,,,37.68990802146732
axel-zingle,22.39,89,89,43,France,Europe,Western Europe,1998.0,92,,53.0,106.0,94.0,59.0,67.0,117.0,,46.313487149164615
matheo-vercher,21.86808835043048,102,95,8,France,Europe,Western Europe,2001.0,95,,144.0,88.0,,,95.0,,,38.99244432304436
fabio-van-den-bossche,20.34,124,114,26,Belgium,Europe,Western Europe,2000.0,115,66.0,123.0,113.0,106.0,112.0,117.0,,66.0,24.47743073495696
frederic-amorison,20.9,71,60,19,Belgium,Europe,Western Europe,1978.0,60,,62.0,85.0,30.0,51.0,76.0,,,31.286078588571826
jonathan-milan,22.55,97,73,41,Italy,Europe,Southern Europe,2000.0,73,,77.0,,66.0,74.0,72.0,,,49.86692045933417
marijn-van-den-berg,22.04,24,43,20,Netherlands,Europe,Western Europe,1999.0,42,,62.0,,33.0,42.0,71.0,,,33.50612669819938
paul-lapeira,20.66,84,85,25,France,Europe,Western Europe,2000.0,88,,99.0,,70.0,70.0,99.0,,,36.97602827057913
artyom-zakharov,21.85,78,82,19,Kazakhstan,Asia,Asia,1991.0,87,,105.0,78.0,47.0,77.0,108.0,78.0,,39.2309103575915
mathias-vacek,21.22,58,58,11,Czech Republic,Europe,Eastern Europe,2002.0,57,,63.0,,56.0,56.0,65.0,,,31.229065715364356
filip-maciejuk,21.61,91,92,33,Poland,Europe,Eastern Europe,1999.0,93,,96.0,98.0,79.0,91.0,94.0,,,25.71614426304177
campbell-stewart,23.46,104,100,35,New Zealand,Oceania,Oceania,1998.0,102,,105.0,,78.0,96.0,102.0,,,43.11432915112168
michael-kukrle,21.33,76,76,8,Czech Republic,Europe,Eastern Europe,1994.0,77,58.0,,,79.0,79.0,,58.0,,20.354009783964297
sebastian-berwick,19.27,116,109,63,Australia,Oceania,Oceania,1999.0,112,121.0,101.0,127.0,75.0,83.0,100.0,134.0,,38.10185906365335
alejandro-osorio-carbajal,18.92,64,76,13,Colombia,America,America,1998.0,78,,86.0,,67.0,67.0,86.0,,,35.81540994800408
jakob-egholm,19.94,98,101,7,Denmark,Europe,Northern Europe,1998.0,101,,,,101.0,101.0,,,,9.245333443212877
matteo-malucelli,23.26,112,87,14,Italy,Europe,Southern Europe,1993.0,90,,107.0,,67.0,87.0,,,,59.69666915073493
niklas-markl,20.45,79,83,40,Germany,Europe,Western Europe,1999.0,83,,86.0,,75.0,76.0,86.0,,,35.20051536627386
taj-jones,22.48,110,99,22,Australia,Oceania,Oceania,2000.0,99,,81.0,135.0,90.0,88.0,135.0,,,34.52108960774019
johan-price-pejtersen,20.04,116,104,34,Denmark,Europe,Northern Europe,1999.0,104,,89.0,116.0,108.0,108.0,102.0,,,38.95666956230742
federico-munoz,21.86252988647541,66,74,110,Colombia,America,America,1963.0,78,59.0,137.0,82.0,,105.0,164.0,70.0,86.0,42.7408633647899
harald-morscher,22.02300096598145,87,87,52,Austria,Europe,Western Europe,1972.0,91,89.0,61.0,94.0,,61.0,94.0,95.0,43.0,36.23609110600278
luis-ricardo-mesa-saavedra,23.87606528938533,69,77,12,Colombia,America,America,1973.0,79,77.0,,,,,,77.0,,39.76169543973728
daniel-paradis,22.08894269315127,79,85,35,Switzerland,Europe,Western Europe,1970.0,91,104.0,49.0,54.0,,,51.0,104.0,,37.98555674211454
inaki-ayarzaguena-urkidi,21.8066810848142,56,61,73,Spain,Europe,Southern Europe,1969.0,63,59.0,100.0,93.0,,,100.0,60.0,,30.909027167256166
maurizio-frizzo,21.24966246547988,116,116,42,Italy,Europe,Southern Europe,1969.0,120,116.0,,,,,,116.0,,35.776771122005634
simon-vitzthum,19.39,74,80,8,Switzerland,Europe,Western Europe,1995.0,88,,,80.0,,,80.0,,,38.85412278179572
robin-froidevaux,21.2,88,86,8,Switzerland,Europe,Western Europe,1998.0,91,,,86.0,,,86.0,,,30.099537253206115
markus-hoelgaard,20.94,77,78,31,Norway,Europe,Northern Europe,1994.0,83,23.0,96.0,67.0,,101.0,64.0,23.0,,41.80788113180555
yannis-voisard,22.53255857071043,53,50,39,Switzerland,Europe,Western Europe,1998.0,51,,53.0,47.0,44.0,56.0,46.0,,,22.07211221545917
matthias-reutimann,20.75,98,93,14,Switzerland,Europe,Western Europe,1994.0,98,,98.0,89.0,,,93.0,,,34.39021391597925
lewis-askey,21.45,67,70,28,Great Britain,Europe,Northern Europe,2001.0,73,55.0,63.0,87.0,68.0,58.0,77.0,55.0,,37.58790402643554
raymond-delisle,19.77660519793108,8,20,24,France,Europe,Western Europe,1943.0,33,50.0,8.0,31.0,,4.0,11.0,49.0,,21.08093444564185
graeme-gilmore,21.246365849441645,2,2,1,Australia,Oceania,Oceania,1945.0,2,,2.0,,,2.0,,,,0.0
roy-schuiten,24.52,7,14,22,Netherlands,Europe,Western Europe,1950.0,22,,16.0,3.0,,12.0,17.0,,,15.78871590040019
ghislain-van-landeghem,19.216353906766408,24,25,6,Belgium,Europe,Western Europe,1948.0,26,,25.0,,,16.0,33.0,,,11.587349423689036
michel-perin,19.569389832948524,22,24,12,France,Europe,Western Europe,1947.0,31,,26.0,14.0,,24.0,25.0,18.0,,14.77097891751993
jose-maria-caroz,19.75132391063041,44,46,27,Spain,Europe,Southern Europe,1960.0,48,,46.0,45.0,,,46.0,45.0,,24.598716757116943
peter-stevenhaagen,20.93003264748237,53,59,142,Netherlands,Europe,Western Europe,1965.0,66,21.0,44.0,63.0,9.0,35.0,38.0,64.0,,43.28441469384877
philippe-bouvatier,20.167401212550423,66,74,85,France,Europe,Western Europe,1964.0,84,29.0,29.0,86.0,,30.0,28.0,86.0,29.0,48.74525905267142
silvano-contini,21.084865092693715,50,53,84,Italy,Europe,Southern Europe,1958.0,70,9.0,30.0,72.0,,29.0,30.0,73.0,7.0,43.73021887042798
gilles-sanders,22.52529794269825,48,60,71,France,Europe,Western Europe,1964.0,63,,36.0,62.0,,,36.0,62.0,,41.863993643496265
adrian-timmis,21.28185484748507,70,77,28,Great Britain,Europe,Northern Europe,1964.0,81,,45.0,82.0,,,45.0,82.0,,39.80273780166304
kvetoslav-palov,20.11525380040588,93,90,24,Czech Republic,Europe,Eastern Europe,1962.0,91,,,90.0,,,,90.0,,38.18146507616384
marco-antonio-leon,22.304384095730324,129,121,70,Colombia,America,America,1962.0,126,,74.0,122.0,,,74.0,122.0,,50.10972639207908
jeff-pierce,19.78667351927496,76,80,92,United States,America,America,1958.0,82,26.0,98.0,80.0,,140.0,52.0,80.0,,41.7923263621635
argemiro-bohorquez,21.493931042895763,140,133,41,Colombia,America,America,1960.0,139,47.0,,135.0,,,,133.0,,52.83160085384965
stefano-allocchio,19.868534551644565,31,62,60,Italy,Europe,Southern Europe,1962.0,84,,19.0,80.0,,35.0,4.0,93.0,,63.57898242068457
peter-hilse,21.327504289066923,75,73,45,Germany,Europe,Western Europe,1962.0,99,38.0,13.0,98.0,,12.0,18.0,99.0,,57.09254404787532
maurizio-piovani,20.552861489200836,144,129,30,Italy,Europe,Southern Europe,1959.0,136,39.0,92.0,139.0,,94.0,74.0,143.0,39.0,38.852447074517215
christobal-perez,18.814765170401028,127,131,31,Colombia,America,America,1952.0,135,,,131.0,,,,131.0,,33.61921493585515
patrice-esnault,23.32204543637877,95,93,103,France,Europe,Western Europe,1961.0,104,,24.0,104.0,,13.0,29.0,106.0,,54.27522911011306
bartosz-huzarski,20.6,85,86,195,Poland,Europe,Eastern Europe,1980.0,87,73.0,90.0,86.0,,84.0,90.0,84.0,57.0,44.90079528098497
sondre-holst-enger,23.6,118,98,38,Norway,Europe,Northern Europe,1993.0,98,,43.0,100.0,,43.0,100.0,99.0,,57.71148257048715
ricardo-garcia-ambroa,20.31,111,113,35,Spain,Europe,Southern Europe,1988.0,115,44.0,103.0,136.0,,103.0,123.0,44.0,,38.808125286276
mathieu-perget,20.66,90,94,216,France,Europe,Western Europe,1984.0,96,53.0,102.0,83.0,,103.0,97.0,76.0,,42.506178048200105
maarten-neyens,20.5,117,109,40,Belgium,Europe,Western Europe,1985.0,112,,102.0,119.0,,97.0,113.0,,,35.72364547682453
elias-schmaeh,22.28449170073393,76,77,9,Switzerland,Europe,Western Europe,1986.0,78,,,77.0,,,77.0,,,31.666228067138025
darren-lill,20.94426802090477,89,87,9,South Africa,Africa,Africa,1982.0,87,,,87.0,,,87.0,,,41.05010488550682
blaise-sonnery,19.59,89,88,61,France,Europe,Western Europe,1985.0,88,68.0,85.0,95.0,,,88.0,,68.0,32.34352833468563
sebastien-portal,19.04871892199884,117,111,30,France,Europe,Western Europe,1982.0,112,,120.0,97.0,,,111.0,,,51.10670604039015
andreas-dietziker,20.91,94,88,55,Switzerland,Europe,Western Europe,1982.0,89,,100.0,71.0,,,88.0,,,44.78701561476013
herve-duclos-lassalle,20.81,102,97,88,France,Europe,Western Europe,1979.0,98,100.0,95.0,98.0,68.0,109.0,82.0,105.0,,45.94160432940338
rene-weissinger,21.86,110,95,18,Germany,Europe,Western Europe,1978.0,94,,,95.0,,,95.0,,,40.90899352995606
leonardo-scarselli,20.68,116,113,162,Italy,Europe,Southern Europe,1975.0,115,,114.0,107.0,,100.0,114.0,,,30.09932946479878
raul-alarcon,20.16,124,122,25,Spain,Europe,Southern Europe,1986.0,123,,124.0,118.0,,133.0,117.0,,,28.27690459249976
hector-gonzalez-baeza,20.88672074004352,128,112,30,Spain,Europe,Southern Europe,1986.0,113,,115.0,107.0,,,112.0,,,50.323562269976776
andoni-lafuente,19.82,146,153,15,Spain,Europe,Southern Europe,1985.0,156,,176.0,137.0,,173.0,143.0,,,24.029743474048395
maxime-chevalier,18.94,85,84,33,France,Europe,Western Europe,1999.0,86,,46.0,86.0,,,82.0,85.0,,32.938331957177375
jeremy-cabot,20.62,125,112,47,France,Europe,Western Europe,1991.0,116,,99.0,121.0,,106.0,98.0,135.0,,43.8078598500754
iban-herrero-atienzar,19.824614002570613,108,95,20,Spain,Europe,Southern Europe,1974.0,95,95.0,,,,,,95.0,,49.07767742113141
angelo-lopeboselli,21.89988423018941,68,78,58,Italy,Europe,Southern Europe,1977.0,81,82.0,78.0,66.0,,83.0,71.0,89.0,8.0,44.43019634491196
thomas-bruun-eriksen,22.09530639222849,134,112,47,Denmark,Europe,Northern Europe,1979.0,114,112.0,114.0,,,111.0,120.0,112.0,,48.314131671271255
domingo-jose-sanchez-segado,20.833648148775445,80,82,18,Spain,Europe,Southern Europe,1970.0,83,80.0,,121.0,,,,82.0,,26.7703865263698
thorsten-rund,17.263427240941304,110,107,38,Germany,Europe,Western Europe,1976.0,110,121.0,88.0,96.0,,,94.0,120.0,,31.23143545300459
denis-lunghi,21.61,60,66,102,Italy,Europe,Southern Europe,1976.0,68,82.0,60.0,74.0,,57.0,63.0,85.0,21.0,40.96617660587509
paulo-barroso,19.46211163208583,118,113,40,Portugal,Europe,Southern Europe,1972.0,113,113.0,116.0,,,116.0,,113.0,,24.304043664821265
goncalo-amorim,21.39,63,72,27,Portugal,Europe,Southern Europe,1972.0,76,76.0,,42.0,,,42.0,79.0,40.0,39.675930829401935
gustavo-miguel-otero,21.62887661811327,85,90,78,Spain,Europe,Southern Europe,1973.0,91,106.0,85.0,82.0,,94.0,83.0,106.0,,36.13248460259055
ronald-mutsaars,21.63,110,109,48,Netherlands,Europe,Western Europe,1979.0,111,114.0,101.0,,,101.0,101.0,114.0,,25.97130850088664
gomez-perez,21.022645342801656,132,118,10,Spain,Europe,Southern Europe,1978.0,123,146.0,62.0,38.0,,,62.0,132.0,,53.84143385906434
jose-luis-martinez,21.11568360062384,108,101,22,Spain,Europe,Southern Europe,1979.0,102,100.0,,113.0,,,,101.0,,43.086166560947945
cristian-pepoli,20.68430654720549,109,108,55,Italy,Europe,Southern Europe,1978.0,112,107.0,115.0,84.0,,130.0,102.0,107.0,,43.11048369844399
joaquin-lopez-torella,21.63706129997684,88,91,102,Spain,Europe,Southern Europe,1976.0,95,108.0,85.0,72.0,,109.0,77.0,105.0,,43.13986499577865
seweryn-zenon-kohut,19.426521164451387,82,74,27,Poland,Europe,Eastern Europe,1976.0,79,,94.0,41.0,,,74.0,,,39.12617474092694
piotr-przydzial,23.12,60,70,17,Poland,Europe,Eastern Europe,1974.0,77,70.0,128.0,41.0,,,70.0,,70.0,44.26549246907135
radoslaw-romanik,22.23,50,55,31,Poland,Europe,Eastern Europe,1967.0,56,,57.0,51.0,,,55.0,,,24.030536129405576
lilian-jegou,22.41,81,81,140,France,Europe,Western Europe,1976.0,83,,72.0,96.0,59.0,53.0,77.0,111.0,,48.33296854004639
malte-urban,21.190169818473176,105,96,37,Germany,Europe,Western Europe,1974.0,104,,112.0,76.0,,25.0,98.0,,,42.91698810340571
yohann-charpenteau,19.87,73,88,18,France,Europe,Western Europe,1979.0,96,,127.0,58.0,,127.0,58.0,,,44.20969047647974
steffen-weigold,18.382941373445497,76,84,38,Germany,Europe,Western Europe,1979.0,87,48.0,88.0,83.0,,107.0,81.0,,48.0,33.866117879911265
bert-roesems,21.08,87,90,77,Belgium,Europe,Western Europe,1972.0,97,119.0,82.0,80.0,32.0,57.0,89.0,118.0,,44.44688551813811
corey-sweet,19.92955974752755,88,97,13,Australia,Oceania,Oceania,1976.0,101,,105.0,94.0,,169.0,91.0,,,27.270722537041586
flavio-chesini,19.54790436705659,5,15,7,Italy,Europe,Southern Europe,1962.0,33,,15.0,,,22.0,5.0,,,18.127852813255288
rudy-verdonck,18.95390745695423,73,79,77,Belgium,Europe,Western Europe,1965.0,86,88.0,47.0,91.0,110.0,53.0,49.0,91.0,88.0,52.41950832506631
stephane-hennebert,23.77623312387724,54,52,8,Belgium,Europe,Western Europe,1969.0,53,,50.0,71.0,43.0,39.0,76.0,71.0,,22.50079363679677
casper-van-der-meer,20.80509011291113,50,50,2,Netherlands,Europe,Western Europe,1965.0,50,48.0,51.0,,,51.0,,,48.0,2.1213203435596424
olivier-trastour,22.96526186183612,127,126,9,France,Europe,Western Europe,1971.0,130,,,126.0,,,100.0,147.0,,41.20072814890533
loic-lamouller,19.638920377605025,84,88,38,France,Europe,Western Europe,1978.0,92,,76.0,93.0,,76.0,80.0,122.0,,34.527454184472994
jonathan-dibben,21.38,132,129,30,Great Britain,Europe,Northern Europe,1994.0,131,132.0,58.0,130.0,,58.0,130.0,,132.0,35.42581693831669
dylan-sunderland,20.68,105,104,56,Australia,Oceania,Oceania,1996.0,105,102.0,110.0,104.0,,,104.0,103.0,105.0,29.19711336025239
rodrigo-contreras,20.99,92,89,55,Colombia,America,America,1994.0,91,112.0,69.0,83.0,,74.0,75.0,138.0,110.0,37.95001142296755
marco-mathis,20.52,111,106,21,Germany,Europe,Western Europe,1994.0,107,106.0,,,,,,,106.0,38.20676828596135
etienne-van-empel,18.5,116,112,29,Netherlands,Europe,Western Europe,1994.0,114,105.0,130.0,,,130.0,,,105.0,47.449610295990624
humberto-contreras,24.406456511620657,44,49,8,Colombia,America,America,1972.0,51,,,49.0,,,49.0,,,22.977862016670368
christophe-bassons,21.39,64,66,57,France,Europe,Western Europe,1974.0,71,106.0,48.0,71.0,26.0,46.0,54.0,90.0,,34.4463005132281
francisque-teyssier,21.224819461767275,65,75,60,France,Europe,Western Europe,1969.0,80,49.0,79.0,105.0,,67.0,95.0,65.0,,45.11167561547852
jamie-burrow,21.10309937705489,85,82,11,Great Britain,Europe,Northern Europe,1977.0,83,,88.0,76.0,,,82.0,,,24.752226713423727
laurent-estadieu,22.65,83,83,15,France,Europe,Western Europe,1975.0,83,,,83.0,,,83.0,,,14.153242939845471
frederic-mainguenaud,22.2,109,109,39,France,Europe,Western Europe,1974.0,110,,113.0,104.0,,90.0,114.0,,,34.027455771608885
henry-cardenas,21.722212810835387,79,82,47,Colombia,America,America,1965.0,99,,55.0,95.0,,,48.0,104.0,,52.232597277144606
jure-pavlic,21.72894765289239,121,111,50,Slovenia,Europe,Southern Europe,1963.0,119,,41.0,123.0,,7.0,46.0,123.0,,47.20368802609925
marc-van-orsouw,20.18801070857809,62,70,103,Netherlands,Europe,Western Europe,1964.0,76,46.0,55.0,77.0,71.0,73.0,49.0,77.0,46.0,40.54837085298427
didier-virvaleix,20.843732211270133,82,90,28,France,Europe,Western Europe,1966.0,95,50.0,72.0,94.0,57.0,57.0,72.0,94.0,50.0,47.32868018711243
olaf-lurvik,20.635019284335904,76,81,30,Norway,Europe,Northern Europe,1963.0,83,71.0,71.0,83.0,,75.0,59.0,83.0,71.0,31.75953110629869
benjamin-van-itterbeeck,21.610849118390256,76,87,26,Belgium,Europe,Western Europe,1964.0,103,77.0,49.0,118.0,,40.0,57.0,118.0,77.0,52.61554318464635
mauro-ribeiro,17.902189085036582,68,71,48,Brazil,America,America,1964.0,85,64.0,52.0,89.0,,52.0,53.0,89.0,64.0,47.252753306399626
arsenio-chaparro,19.69335656467485,148,137,34,Colombia,America,America,1960.0,142,,113.0,138.0,,,68.0,142.0,,40.64108587331996
javier-duch,21.213047183132822,112,117,25,Spain,Europe,Southern Europe,1964.0,120,,78.0,121.0,,,78.0,121.0,,39.23017546056437
thomas-barth,23.26757271873129,109,97,26,Germany,Europe,Western Europe,1960.0,100,,56.0,101.0,111.0,73.0,62.0,101.0,,55.57210146771904
camillo-passera,19.720200435015457,88,84,54,Italy,Europe,Southern Europe,1965.0,103,,25.0,99.0,,15.0,27.0,103.0,,55.35494071819376
stefano-zanatta,20.59718321585903,105,94,98,Italy,Europe,Southern Europe,1964.0,107,,46.0,111.0,,44.0,50.0,112.0,,62.347215316579785
jose-luis-villanueva,19.82231552056459,115,99,25,Spain,Europe,Southern Europe,1965.0,126,,33.0,143.0,,39.0,45.0,143.0,,66.84028226551212
henri-abadie,21.853965773022765,94,88,59,France,Europe,Western Europe,1963.0,99,56.0,57.0,98.0,,98.0,33.0,102.0,56.0,50.91151604886581
werner-stutz,20.968672261856227,105,93,29,Switzerland,Europe,Western Europe,1962.0,112,,47.0,95.0,,,10.0,115.0,,56.001033593557885
enrique-guerrikagoitia,24.922326209344472,104,102,23,Spain,Europe,Southern Europe,1967.0,102,,152.0,99.0,,,152.0,99.0,,47.88284451052352
jose-manuel-oliveira,20.928870063978945,114,124,26,Spain,Europe,Southern Europe,1967.0,125,,98.0,128.0,,140.0,84.0,128.0,,34.88071982320054
atle-pedersen,23.39,48,60,26,Norway,Europe,Northern Europe,1964.0,77,42.0,47.0,68.0,,45.0,31.0,77.0,50.0,51.319646860107625
laurence-roche,20.562367650416903,162,155,23,Ireland,Europe,Northern Europe,1967.0,159,,61.0,159.0,,61.0,,159.0,,36.67709757009145
frank-van-den-abeele,18.959274345890066,66,69,49,Belgium,Europe,Western Europe,1966.0,82,38.0,60.0,76.0,45.0,46.0,49.0,84.0,25.0,46.04538762013449
nathan-dahlberg,19.09152332688631,87,92,48,New Zealand,Oceania,Oceania,1964.0,97,,62.0,97.0,,85.0,49.0,99.0,,50.588833285533376
joshua-edmondson,18.92,116,105,32,Great Britain,Europe,Northern Europe,1992.0,106,,112.0,87.0,,121.0,97.0,,,39.55751987969239
adrian-saez-de-arregi,20.68,134,129,45,Spain,Europe,Southern Europe,1986.0,132,52.0,145.0,84.0,,132.0,132.0,52.0,,41.55581618240531
morgan-lamoisson,21.78,162,152,5,France,Europe,Western Europe,1988.0,154,,152.0,,,,152.0,,,20.6929939834718
primoz-cerin,20.851449282114384,75,85,48,Yugoslavia,Europe,Southern Europe,1962.0,92,,103.0,84.0,,127.0,62.0,85.0,,52.58467926029218
vincent-lavenu,20.15895071322217,70,74,22,France,Europe,Western Europe,1956.0,76,,52.0,75.0,,,52.0,75.0,,36.46088457369218
frank-pineau,19.91151174218076,60,71,43,France,Europe,Western Europe,1963.0,72,,59.0,71.0,,,59.0,71.0,,38.4201866467513
bernard-richard,23.75920464915006,77,77,46,France,Europe,Western Europe,1957.0,87,,33.0,83.0,,22.0,30.0,88.0,,39.060395450553536
juan-carlos-jusdado-ibanez,21.060281028009243,130,132,22,Spain,Europe,Southern Europe,1966.0,134,,174.0,130.0,,,174.0,130.0,,27.89203054575568
laurent-bezault,21.613721336909155,46,54,43,France,Europe,Western Europe,1966.0,74,40.0,23.0,66.0,,31.0,20.0,76.0,40.0,43.88084136844528
michael-wilson,20.130266528929464,54,58,88,Australia,Oceania,Oceania,1960.0,70,40.0,44.0,69.0,,35.0,39.0,75.0,38.0,44.90959221986135
johannes-draaijer,21.634204516108888,99,91,26,Netherlands,Europe,Western Europe,1963.0,98,,58.0,96.0,,67.0,44.0,101.0,,41.46828259692535
ennio-vanotti,21.21013286916246,92,96,105,Italy,Europe,Southern Europe,1955.0,106,41.0,53.0,107.0,,26.0,60.0,108.0,41.0,47.33042218773107
roy-knickman,20.02678989204188,134,124,37,United States,America,America,1965.0,133,63.0,34.0,131.0,,,23.0,133.0,,52.322530014776106
walter-magnago,20.71940771420782,139,124,63,Italy,Europe,Southern Europe,1960.0,137,16.0,41.0,139.0,,44.0,29.0,142.0,16.0,54.825198178855146
helmut-wechselberger,21.91,57,60,36,Austria,Europe,Western Europe,1953.0,74,30.0,74.0,59.0,,60.0,44.0,69.0,30.0,45.95998950087603
rene-beuker,21.801924350396916,89,88,46,Netherlands,Europe,Western Europe,1965.0,105,,20.0,109.0,,97.0,12.0,109.0,,62.65590410201244
matteo-priamo,21.74,97,100,36,Italy,Europe,Southern Europe,1982.0,102,,100.0,,,98.0,105.0,,,49.11043596461877
tom-stubbe,21.07,115,96,15,Belgium,Europe,Western Europe,1981.0,98,,96.0,,,64.0,146.0,,,58.84944471154458
christian-murro,20.630024185177746,89,86,9,Italy,Europe,Southern Europe,1978.0,92,,86.0,,,82.0,111.0,,,34.763486591537394
francesco-ginanni,19.960537621047397,88,77,31,Italy,Europe,Southern Europe,1985.0,82,,77.0,,,78.0,53.0,,,50.77068411584976
riccardo-chiarini,20.68,109,107,57,Italy,Europe,Southern Europe,1984.0,113,41.0,112.0,36.0,,100.0,115.0,,41.0,44.75651196651189
carlo-scognamiglio,20.91,110,102,65,Italy,Europe,Southern Europe,1983.0,106,58.0,104.0,102.0,,96.0,107.0,,58.0,45.80066551414358
enrico-poitschke,22.78,120,118,86,Germany,Europe,Western Europe,1969.0,121,128.0,135.0,107.0,,133.0,108.0,119.0,,40.87187280172159
claudio-cucinotta,22.66,157,128,6,Italy,Europe,Southern Europe,1982.0,128,,128.0,,,128.0,,,,56.89288180431714
felice-gimondi,23.81,5,7,27,Italy,Europe,Southern Europe,1942.0,10,6.0,9.0,5.0,,0.0,9.0,6.0,8.0,8.947775034201412
bernard-vifian,22.34966448182963,8,20,6,Switzerland,Europe,Western Europe,1944.0,41,56.0,,13.0,,,6.0,50.0,,23.586012804202408
sigfrido-fontanelli,22.258228183331926,39,30,13,Italy,Europe,Southern Europe,1947.0,38,39.0,,2.0,,,2.0,39.0,,18.96859753138572
jordi-riera,19.048444127950688,95,87,47,Spain,Europe,Southern Europe,1978.0,91,,92.0,59.0,,103.0,85.0,,,36.36810722242389
mario-de-sarraga,20.60472213542891,72,80,34,Spain,Europe,Southern Europe,1980.0,81,71.0,78.0,105.0,,,78.0,81.0,,51.00323291979584
jaume-rovira-pous,21.26007142377788,79,68,7,Spain,Europe,Southern Europe,1979.0,68,,68.0,,,,68.0,,,31.08283862749439
eladio-sanchez,22.4259880865008,102,116,10,Spain,Europe,Southern Europe,1984.0,116,,116.0,,,,116.0,,,39.73649316294644
ivan-santos,22.13550314815044,154,150,11,Spain,Europe,Southern Europe,1982.0,151,,150.0,,,,150.0,,,23.69388106663828
nick-ingels,20.9,133,105,11,Belgium,Europe,Western Europe,1984.0,104,,105.0,106.0,,,105.0,,,61.92869800313613
bas-giling,21.04,96,90,51,Netherlands,Europe,Western Europe,1982.0,92,98.0,82.0,93.0,,82.0,92.0,92.0,,36.33916484952268
luis-fernandez-oliveira,21.44565604524256,114,109,34,Spain,Europe,Southern Europe,1980.0,109,105.0,118.0,99.0,,,118.0,104.0,,23.062130296927087
sergio-dominguez-rodriguez,21.408537312309207,142,136,7,Spain,Europe,Southern Europe,1979.0,137,,136.0,,,,136.0,,,35.234587985049444
kevin-van-impe,21.22,108,102,147,Belgium,Europe,Western Europe,1981.0,107,122.0,93.0,105.0,58.0,85.0,101.0,123.0,,46.59937671635944
aaron-kemps,22.28,78,75,61,Australia,Oceania,Oceania,1983.0,75,94.0,70.0,61.0,,70.0,70.0,85.0,,50.218663937327854
ruben-oarbeaskoa-ispizua,20.0193702099954,98,103,34,Spain,Europe,Southern Europe,1975.0,104,92.0,101.0,124.0,,,101.0,103.0,,38.684207558621424
romero-jesus-buendia,21.251960906942696,166,156,7,Spain,Europe,Southern Europe,1982.0,157,,156.0,,,,156.0,,,20.255510714018403
israel-nunez-1,21.57121832011903,96,92,20,Spain,Europe,Southern Europe,1979.0,93,,94.0,57.0,,,94.0,57.0,,51.137868345751066
stefan-rutimann,17.43167412484733,67,62,29,Switzerland,Europe,Western Europe,1978.0,63,,65.0,57.0,,,61.0,90.0,,31.79316622670997
martin-cotar,19.248164966076786,94,72,10,Croatia,Europe,Southern Europe,1977.0,72,,64.0,84.0,,,72.0,,,50.25048369031995
michel-klinger,23.23197394032336,100,98,18,Switzerland,Europe,Western Europe,1977.0,99,,98.0,,,,98.0,,,28.70039056007172
jason-phillips,20.240066742250296,119,118,17,Australia,Oceania,Oceania,1969.0,123,,115.0,125.0,,142.0,100.0,,,37.623326619031886
jean-nuttli,21.27684027435535,107,92,13,Switzerland,Europe,Western Europe,1974.0,95,,91.0,95.0,,121.0,79.0,,,48.4701864485683
cedric-fragniere,21.77203163934545,62,68,62,Switzerland,Europe,Western Europe,1976.0,72,,73.0,56.0,,73.0,65.0,,,38.27600231544887
chris-wherry,18.15380865462168,93,90,7,United States,America,America,1973.0,90,,90.0,,,,90.0,,,19.415261547359616
laurent-chotard,21.25953640179081,108,106,6,France,Europe,Western Europe,1976.0,106,,106.0,,,,106.0,,,12.14358541233464
pierre-ackermann,23.619079747388387,97,88,23,Switzerland,Europe,Western Europe,1972.0,88,,90.0,87.0,,,88.0,,,31.984309394308173
roland-muller,20.790824479424472,70,68,23,Switzerland,Europe,Western Europe,1973.0,69,,69.0,67.0,,,68.0,,,27.21085867883492
adri-jos-schipper,20.15947726050444,43,53,92,Netherlands,Europe,Western Europe,1951.0,73,10.0,28.0,87.0,8.0,20.0,33.0,85.0,,44.13549669824464
walter-godefroot,24.96,7,9,51,Belgium,Europe,Western Europe,1943.0,11,19.0,8.0,14.0,,6.0,9.0,17.0,,8.581420879651894
eddy-merckx,22.34,2,4,111,Belgium,Europe,Western Europe,1945.0,8,5.0,4.0,5.0,6.0,2.0,4.0,10.0,2.0,8.348667300847824
patrick-beon,19.73454490050549,12,14,10,France,Europe,Western Europe,1950.0,14,14.0,13.0,,,8.0,18.0,14.0,,7.501851623284599
raymond-poulidor,21.97284456667821,11,16,43,France,Europe,Western Europe,1936.0,24,27.0,15.0,14.0,,12.0,15.0,27.0,4.0,15.358398310732028
herman-van-springel,23.364289862221717,10,14,58,Belgium,Europe,Western Europe,1943.0,19,15.0,13.0,23.0,17.0,19.0,11.0,25.0,6.0,14.612487926009718
marcello-osler,23.895508355238707,16,17,5,Italy,Europe,Southern Europe,1945.0,17,,17.0,,,13.0,18.0,,,4.764451699828638
karel-rottiers,20.419791452136707,14,14,2,Belgium,Europe,Western Europe,1953.0,16,,14.0,,,,14.0,,,6.363961030678928
enrico-paolini,21.870258198783244,2,8,18,Italy,Europe,Southern Europe,1945.0,20,20.0,14.0,1.0,,,6.0,29.0,1.0,12.31676152156422
willy-de-geest,20.528229436297128,13,14,29,Belgium,Europe,Western Europe,1947.0,18,,16.0,6.0,,12.0,15.0,,,10.65051630377353
luc-leman,22.262073802129137,12,14,15,Belgium,Europe,Western Europe,1953.0,19,,14.0,,,13.0,19.0,,,13.879412640241489
ottavio-crepaldi,19.776784809057048,2,19,6,Italy,Europe,Southern Europe,1945.0,51,,54.0,1.0,,,19.0,,,31.50502605405472
roberto-poggiali,19.09990345744172,16,19,8,Italy,Europe,Southern Europe,1941.0,24,21.0,30.0,9.0,,,16.0,24.0,14.0,12.844537471514608
renato-marchetti,21.99386606308243,26,24,3,Italy,Europe,Southern Europe,1947.0,26,,24.0,,,,24.0,,,8.621678104251709
jean-pierre-baert,21.67908723528336,26,30,5,Belgium,Europe,Western Europe,1951.0,32,,30.0,,,30.0,29.0,,,7.300684899377592
jan-aling,20.75462975951687,28,35,28,Netherlands,Europe,Western Europe,1949.0,44,36.0,34.0,,,14.0,44.0,36.0,,30.10352507966837
walter-muller,21.2241353959822,40,40,1,Switzerland,Europe,Western Europe,1952.0,40,,40.0,,,,40.0,,,0.0
ferdinand-bracke,23.33,12,18,21,Belgium,Europe,Western Europe,1939.0,27,,20.0,6.0,,14.0,19.0,,,16.889698184452698
tino-tabak,22.25038958089084,35,35,11,Netherlands,Europe,Western Europe,1946.0,43,,37.0,13.0,,37.0,36.0,13.0,,22.783167630352175
bruce-biddle,21.38,27,23,5,New Zealand,Oceania,Oceania,1949.0,36,34.0,45.0,1.0,,,16.0,34.0,,20.957099035887577
luciano-conati,21.42099199470482,46,46,1,Italy,Europe,Southern Europe,1950.0,46,,46.0,,,,46.0,,,0.0
walter-riccomi,23.11,20,24,7,Italy,Europe,Southern Europe,1950.0,29,26.0,29.0,12.0,,,23.0,32.0,9.0,16.224613870231096
phil-edwards,23.63,21,27,3,Great Britain,Europe,Northern Europe,1949.0,31,10.0,35.0,,,,35.0,,10.0,20.108041509140897
lieven-malfait,19.74054194402719,32,42,13,Belgium,Europe,Western Europe,1952.0,65,,29.0,70.0,,27.0,46.0,,,34.18539199191704
leonardo-sierra,20.3517955512138,46,53,55,Venezuela,America,America,1968.0,68,48.0,8.0,54.0,,,7.0,67.0,,40.12852248087782
frank-pirard,19.66828503782869,40,39,4,Netherlands,Europe,Western Europe,1964.0,42,,39.0,,,13.0,47.0,,,24.03296347380683
stefan-rakers,21.8810926813118,67,63,7,Netherlands,Europe,Western Europe,1966.0,65,,63.0,,,,63.0,,,31.894916746806445
alex-pedersen,21.56771288605107,34,44,8,Denmark,Europe,Northern Europe,1966.0,66,34.0,46.0,,,14.0,70.0,34.0,,37.78510666538188
kurt-van-keirsbulck,23.242207478925938,62,60,3,Belgium,Europe,Western Europe,1965.0,64,,36.0,108.0,,,36.0,108.0,,49.03060268852505
pascal-ducrot,20.101047005482727,38,38,2,Switzerland,Europe,Western Europe,1965.0,49,,38.0,,,11.0,66.0,,,38.89087296526012
jan-van-camp,20.03507227457348,45,49,25,Belgium,Europe,Western Europe,1961.0,52,,50.0,,43.0,34.0,59.0,,,25.614123708089902
luigi-belli,19.712670166990804,66,63,4,Italy,Europe,Southern Europe,1964.0,65,50.0,76.0,,,,76.0,,50.0,19.510680835549195
oleg-iarochenko,20.93866506596268,61,58,4,Russia,Asia,Asia,1962.0,62,,58.0,,,32.0,67.0,,,20.768565991260285
danny-lippens,20.173180859609666,102,105,16,Belgium,Europe,Western Europe,1961.0,109,,68.0,114.0,,99.0,52.0,114.0,,55.58761852547143
antonio-zanini,20.017209309032985,91,91,2,Italy,Europe,Southern Europe,1965.0,91,,91.0,,,,91.0,,,7.071067811865476
john-tomac,21.28908474066134,87,87,2,United States,America,America,1967.0,87,,87.0,,,76.0,98.0,,,15.556349186104043
john-van-den-akker,23.24178737978036,53,57,41,Netherlands,Europe,Western Europe,1966.0,67,,39.0,68.0,92.0,44.0,40.0,71.0,,37.83041427082763
danny-neskens,22.81737973922872,24,41,4,Belgium,Europe,Western Europe,1964.0,45,,49.0,,15.0,21.0,100.0,,,40.136226363058434
joachim-halupczok,22.179478570473727,12,25,10,Poland,Europe,Eastern Europe,1968.0,42,15.0,26.0,,,,26.0,15.0,,31.510315771188328
patrick-hendrikx,20.99029335920738,104,104,2,Belgium,Europe,Western Europe,1964.0,105,,104.0,105.0,,,104.0,105.0,,0.7071067811865476
franky-pattyn,20.836630948636373,62,68,5,Belgium,Europe,Western Europe,1963.0,70,,68.0,,,,68.0,,,22.963013739489856
emile-de-haes,20.52306489492653,106,105,10,Belgium,Europe,Western Europe,1955.0,106,,,105.0,,,111.0,102.0,,20.23775349851526
riccardo-magrini,20.933521165837483,86,77,21,Italy,Europe,Southern Europe,1954.0,78,,77.0,77.0,,77.0,103.0,70.0,,34.148206395065614
nazzareno-berto,20.586279293223345,101,89,13,Italy,Europe,Southern Europe,1957.0,91,,,89.0,,,110.0,80.0,,37.12677518850021
miguel-gutierrez-mayor,19.84097150131697,62,69,32,Spain,Europe,Southern Europe,1954.0,78,,48.0,101.0,,,57.0,101.0,,32.32669362876045
patrick-busolini2,20.65607445994901,50,54,47,France,Europe,Western Europe,1954.0,61,34.0,,60.0,,,70.0,50.0,,32.097504088833055
sam-welsford,24.38,121,92,29,Australia,Oceania,Oceania,1996.0,93,,122.0,104.0,40.0,51.0,131.0,104.0,,61.92568643458132
enrico-zanoncello,22.15,22,54,6,Italy,Europe,Southern Europe,1997.0,54,,,,54.0,54.0,,,,56.94441734416699
luca-colnaghi,21.55,62,75,14,Italy,Europe,Southern Europe,1999.0,77,,96.0,,48.0,75.0,,,,65.61425736248769
arvid-de-kleijn,23.26,14,48,6,Netherlands,Europe,Western Europe,1994.0,47,,,,48.0,48.0,,,,60.47699287056746
jensen-plowright,24.9,20,51,6,Australia,Oceania,Oceania,2000.0,51,,,,51.0,51.0,,,,53.461824385879936
kim-heiduk,20.68,68,69,18,Germany,Europe,Western Europe,2000.0,72,,95.0,73.0,44.0,64.0,75.0,,,35.79443853541162
joshua-tarling,20.72,76,77,10,Great Britain,Europe,Northern Europe,2004.0,78,,82.0,,74.0,77.0,,,,36.93372442632885
mika-heming,20.09,95,96,7,Germany,Europe,Western Europe,2000.0,98,,137.0,,90.0,96.0,,,,41.08064078880766
filippo-magli2,22.07358940304072,110,96,35,Italy,Europe,Southern Europe,1999.0,97,,101.0,,72.0,86.0,104.0,,,41.242019854520606
thomas-gloag,18.31,79,80,34,Great Britain,Europe,Northern Europe,2001.0,83,,86.0,85.0,49.0,49.0,86.0,85.0,,44.81942378771844
asbjorn-hellemose,17.63,58,60,13,Denmark,Europe,Northern Europe,1999.0,60,,66.0,,53.0,54.0,66.0,,,19.6814373041954
georg-steinhauser,18.2,69,68,12,Germany,Europe,Western Europe,2001.0,67,,85.0,,50.0,50.0,85.0,,,35.145153551831555
arthur-kluckers,19.26,94,93,26,Luxembourg,Europe,Western Europe,2000.0,95,,91.0,116.0,81.0,89.0,99.0,,,37.17006653415953
fran-miholjevic,20.16,98,92,19,Croatia,Europe,Southern Europe,2002.0,91,,95.0,94.0,85.0,88.0,100.0,,,30.982168046185944
elmar-reinders,21.63,103,101,54,Netherlands,Europe,Western Europe,1992.0,103,,88.0,111.0,65.0,83.0,103.0,112.0,,39.9743453718826
matthew-riccitello,18.59,73,71,34,United States,America,America,2002.0,72,,73.0,,58.0,64.0,75.0,,,37.303603358515005
juri-hollmann,20.68,85,83,15,Germany,Europe,Western Europe,1999.0,84,89.0,70.0,,93.0,85.0,73.0,89.0,,20.356817039999157
sebastian-kolze-changizi,22.69041673590608,126,122,6,Denmark,Europe,Northern Europe,2000.0,122,,,,122.0,122.0,,,,18.019433953373788
maikel-zijlaard,20.44,101,103,6,Netherlands,Europe,Western Europe,1999.0,103,,,,103.0,103.0,,,,18.988593067067047
maurice-ballerstedt,22.21,126,111,10,Germany,Europe,Western Europe,2001.0,113,,140.0,,92.0,111.0,,,,40.46685886829699
blake-quick,22.02,96,84,6,Australia,Oceania,Oceania,2000.0,83,,,,84.0,84.0,,,,35.725341146026864
laurence-pithie,21.62,79,81,6,New Zealand,Oceania,Oceania,2002.0,81,,,,81.0,81.0,,,,35.26707624210812
michel-hessmann,21.38,82,78,43,Germany,Europe,Western Europe,2001.0,78,,77.0,,85.0,97.0,69.0,,,37.88003445044338
rick-pluimers,20.68,88,90,7,Netherlands,Europe,Western Europe,2000.0,89,,48.0,,97.0,90.0,,,,24.32028351965064
alex-baudin,19.71,82,81,35,France,Europe,Western Europe,2001.0,83,,84.0,28.0,76.0,76.0,84.0,28.0,,37.89920289177508
riccardo-lucca,21.86,123,125,15,Italy,Europe,Southern Europe,1997.0,127,,137.0,,107.0,125.0,,,,25.431139517191465
pedro-merino-criado,19.03,138,114,10,Spain,Europe,Southern Europe,1987.0,116,,110.0,123.0,,110.0,143.0,82.0,,44.71639023395734
enrico-magazzini,20.31,110,111,30,Italy,Europe,Southern Europe,1988.0,113,82.0,107.0,115.0,,106.0,117.0,60.0,,30.330004869803417
nikita-eskov,21.56,73,77,70,Russia,Asia,Asia,1983.0,78,59.0,88.0,64.0,110.0,98.0,79.0,57.0,73.0,41.57665225126189
jose-luis-roldan,19.92,98,109,28,Spain,Europe,Southern Europe,1985.0,109,106.0,129.0,99.0,,129.0,,103.0,,36.807288069436126
artur-gajek,20.72,132,130,26,Germany,Europe,Western Europe,1985.0,131,143.0,135.0,110.0,127.0,134.0,107.0,141.0,,22.898605936741085
joao-da-silva-correia,21.14,144,144,9,Portugal,Europe,Southern Europe,1975.0,144,,144.0,144.0,,148.0,138.0,,,11.829811682543578
andrei-kunitski,23.24,93,92,33,Belarus,Europe,Eastern Europe,1984.0,93,,94.0,77.0,,131.0,80.0,,,43.41377295073743
sergio-andres-de-lis,20.52,118,110,7,Spain,Europe,Southern Europe,1986.0,110,,110.0,,,110.0,,,,41.75096234990107
johnny-vanderveken,20.769983867867,29,24,3,Belgium,Europe,Western Europe,1954.0,25,,24.0,,,33.0,6.0,,,16.09347693943108
ronny-van-de-vijver,22.56049506576513,16,21,16,Belgium,Europe,Western Europe,1945.0,25,,21.0,,,15.0,24.0,,,11.392980294900893
willy-planckaert,19.36461831986573,10,15,14,Belgium,Europe,Western Europe,1944.0,19,,13.0,,33.0,11.0,21.0,,,14.073589949473948
herman-van-der-slagmolen,23.41416663343593,26,31,12,Belgium,Europe,Western Europe,1948.0,36,,31.0,,,36.0,27.0,,,18.31210892642716
guido-van-sweevelt,21.364137423323307,22,18,14,Belgium,Europe,Western Europe,1949.0,19,,18.0,,,18.0,18.0,,,9.245432492751323
dirk-ongenae,22.513026411365875,24,24,4,Belgium,Europe,Western Europe,1953.0,24,,24.0,,,24.0,24.0,,,2.6299556396765835
ronny-bossant,21.941794384896887,30,32,12,Belgium,Europe,Western Europe,1954.0,33,32.0,27.0,,,,27.0,34.0,21.0,11.855186820352284
frank-van-impe,20.98633266203896,28,28,1,Belgium,Europe,Western Europe,1955.0,28,,28.0,,,,28.0,,,0.0
hugo-van-gastel,22.33572954506623,29,29,1,Belgium,Europe,Western Europe,1953.0,29,,29.0,,,,29.0,,,0.0
alan-mccormack,21.72,48,48,2,Ireland,Europe,Northern Europe,1956.0,53,65.0,31.0,,,,31.0,65.0,,24.04163056034261
eric-jacques,22.591573808824137,19,20,6,Belgium,Europe,Western Europe,1953.0,20,,20.0,,,24.0,19.0,,,7.67897562612792
alex-turrin,21.384637352211872,97,100,22,Italy,Europe,Southern Europe,1992.0,101,,100.0,,,,100.0,,,45.27769057791336
zakkari-dempster,21.33,122,109,107,Australia,Oceania,Oceania,1987.0,110,106.0,100.0,122.0,106.0,100.0,100.0,119.0,50.0,45.22999084617398
giovanni-paolo-bottoia,21.960381020757005,158,133,14,Italy,Europe,Southern Europe,1962.0,140,,18.0,142.0,,18.0,,142.0,,58.71106378689635
lech-piasecki,22.06570047956852,14,66,11,Poland,Europe,Eastern Europe,1961.0,104,33.0,5.0,113.0,,,5.0,101.0,,84.11809879838313
bruno-wojtinek,22.529022213099537,9,11,26,France,Europe,Western Europe,1963.0,14,,8.0,15.0,,5.0,14.0,15.0,,10.619865275112414
roberto-amadio,19.98600278835133,120,102,29,Italy,Europe,Southern Europe,1963.0,104,,44.0,107.0,,17.0,72.0,107.0,,73.92933651825612
jacques-van-der-poel,22.34270608367209,28,41,18,Netherlands,Europe,Western Europe,1963.0,58,,38.0,86.0,11.0,31.0,42.0,86.0,,36.63193542266717
milan-jurco,21.589427060847527,153,120,39,Slovakia,Europe,Eastern Europe,1957.0,121,,,120.0,,,,120.0,,64.2705881568256
frank-van-de-vijver,22.16624760651479,55,73,18,Belgium,Europe,Western Europe,1962.0,87,,42.0,87.0,19.0,36.0,26.0,93.0,,57.328003628244375
john-bogers,22.955536267555857,82,98,23,Netherlands,Europe,Western Europe,1964.0,105,,53.0,111.0,,43.0,55.0,111.0,,58.53663425075885
steve-swart,23.36,121,112,62,New Zealand,Oceania,Oceania,1965.0,120,4.0,,115.0,,,4.0,113.0,,53.37807290799999
paul-kimmage,22.14996667790223,142,136,58,Ireland,Europe,Northern Europe,1962.0,141,43.0,40.0,143.0,,,40.0,141.0,,43.54900376561578
bernard-chesneau,21.45607757509953,39,63,5,France,Europe,Western Europe,1960.0,89,,24.0,121.0,,,24.0,121.0,,63.251877442491775
pedro-saul,22.53563234523386,104,94,22,Colombia,America,America,1965.0,132,,24.0,134.0,,,24.0,134.0,,70.52634520493294
jeff-bradley,21.701100411933727,146,123,11,United States,America,America,1961.0,124,,95.0,126.0,,95.0,,126.0,,59.41778123821797
dario-montani,21.69146424603831,152,144,19,Italy,Europe,Southern Europe,1961.0,144,,76.0,148.0,,76.0,,148.0,,31.9952481852032
shane-sutton,19.325808093397796,182,162,14,Australia,Oceania,Oceania,1957.0,178,54.0,23.0,183.0,,23.0,,173.0,,55.66501061343119
paul-watson,23.13053389551072,166,123,8,Great Britain,Europe,Northern Europe,1962.0,166,,17.0,186.0,,14.0,18.0,186.0,,89.77740329758454
ronny-assez,21.01949252402645,32,42,6,Belgium,Europe,Western Europe,1970.0,44,,47.0,,37.0,35.0,79.0,,,23.16894473211933
michel-zanoli,22.12805126101193,6,19,14,Netherlands,Europe,Western Europe,1968.0,32,,23.0,1.0,16.0,9.0,29.0,,,33.86625277356615
danny-daelman,22.811882467030504,62,60,10,Belgium,Europe,Western Europe,1969.0,61,,61.0,,56.0,51.0,80.0,,,24.30020576044573
peter-van-den-abeele,22.41,46,49,3,Belgium,Europe,Western Europe,1966.0,49,,50.0,,46.0,41.0,65.0,,,14.730919862656236
rob-mulders,20.436544580363837,95,96,59,Netherlands,Europe,Western Europe,1967.0,109,28.0,51.0,119.0,38.0,40.0,56.0,111.0,22.0,48.02722416157607
eric-de-clercq,22.82606535673104,60,55,14,Belgium,Europe,Western Europe,1967.0,56,,56.0,,53.0,51.0,60.0,,,18.662414481671824
olivier-vanconingsloo,21.34281753629228,66,50,3,Belgium,Europe,Western Europe,1970.0,50,,42.0,,66.0,40.0,71.0,,,31.56474826976026
patrick-de-wael,22.4968535099722,69,67,7,Belgium,Europe,Western Europe,1966.0,76,,66.0,,70.0,67.0,,,,27.53007013984458
jean-pierre-bourgeot,21.66826513884306,110,107,68,France,Europe,Western Europe,1968.0,108,166.0,,106.0,72.0,72.0,126.0,107.0,,39.94430659680501
bjorn-stenersen,22.09,66,67,11,Norway,Europe,Northern Europe,1970.0,75,76.0,48.0,139.0,50.0,55.0,42.0,118.0,,41.29736949580115
wim-omloop,21.76566903622868,55,55,9,Belgium,Europe,Western Europe,1971.0,71,,60.0,3.0,66.0,65.0,22.0,,,39.25168078496059
michel-cornelisse,21.59327854770284,51,46,8,Netherlands,Europe,Western Europe,1965.0,50,,37.0,,60.0,41.0,59.0,,,31.75323380606859
dmitry-nelyubin,22.95988240027155,62,68,10,Russia,Asia,Asia,1971.0,79,,58.0,109.0,59.0,51.0,70.0,109.0,,37.87772725787837
hans-de-meester,19.999273906498622,37,52,10,Belgium,Europe,Western Europe,1970.0,60,,52.0,,51.0,49.0,78.0,,,35.505242179461646
luca-belluomini,22.847062278403243,39,45,9,Italy,Europe,Southern Europe,1976.0,49,,,45.0,,,45.0,,,36.15591237958185
timothy-jones,18.97514303896113,102,94,46,Zimbabwe,Africa,Africa,1975.0,96,,106.0,84.0,,97.0,93.0,,,40.00860414707193
fabio-balzi,24.161188909938,76,88,9,Italy,Europe,Southern Europe,1971.0,90,,,88.0,,,88.0,,,31.893485924941544
davide-dall-olio,23.928068098063417,85,82,17,Italy,Europe,Southern Europe,1969.0,86,,130.0,75.0,,,82.0,,,27.47445337464049
simone-cheli,20.715439169059483,85,88,9,Italy,Europe,Southern Europe,1971.0,90,,,88.0,,,88.0,,,21.27465889529398
manuel-scopsi,21.70690841915494,85,80,24,Italy,Europe,Southern Europe,1973.0,93,,59.0,110.0,,,80.0,,,50.014327657327286
jean-luc-masdupuy,23.279567087030184,119,111,23,France,Europe,Western Europe,1969.0,121,,,111.0,,,129.0,108.0,,57.38187729498951
omar-pumar,19.59,106,101,36,Venezuela,America,America,1970.0,103,,96.0,103.0,,,94.0,106.0,,28.125004409170728
dario-bottaro,21.45184863667624,116,101,98,Italy,Europe,Southern Europe,1966.0,110,,91.0,105.0,80.0,67.0,86.0,112.0,,47.63519412067479
arno-kuttel,22.962026664029786,18,28,8,Switzerland,Europe,Western Europe,1963.0,39,,32.0,0.0,,15.0,40.0,,,24.026399171387645
miroslav-uryga,20.571672289706672,22,22,2,Poland,Europe,Eastern Europe,1962.0,22,,22.0,,,22.0,,,,7.7781745930520225
andrzej-mierzejewski,22.821784468628717,18,18,1,Poland,Europe,Eastern Europe,1960.0,18,,18.0,,,18.0,,,,0.0
claude-seguy,19.4880218900962,16,30,6,France,Europe,Western Europe,1961.0,57,,30.0,,,16.0,57.0,,,33.734255586866
marek-kulas,21.80498333514834,73,58,10,Poland,Europe,Eastern Europe,1963.0,75,56.0,46.0,92.0,105.0,49.0,58.0,68.0,,36.39429137164844
noel-szostek,21.053817389812966,40,48,12,Belgium,Europe,Western Europe,1966.0,55,,44.0,30.0,106.0,50.0,50.0,30.0,,27.737268441684385
daniel-beelen,21.885746525785525,38,58,6,Belgium,Europe,Western Europe,1966.0,75,,58.0,,,,58.0,,,50.23445033042562
david-rayner,23.390869555779748,66,59,5,Great Britain,Europe,Northern Europe,1967.0,68,82.0,83.0,22.0,,,56.0,43.0,82.0,37.95787138394354
ioannis-tamouridis,21.6,115,100,28,Greece,Europe,Southern Europe,1980.0,102,124.0,99.0,,,67.0,110.0,124.0,,54.21986398722936
iwan-schmid,21.89,2,2,2,Switzerland,Europe,Western Europe,1947.0,3,,,2.0,,,2.0,,,2.8284271247461903
christian-scaroni,20.57,76,80,32,Italy,Europe,Southern Europe,1997.0,80,67.0,73.0,,117.0,117.0,73.0,67.0,,42.56110408160438
felix-gall,20.37,42,52,90,Austria,Europe,Western Europe,1998.0,53,96.0,60.0,40.0,,55.0,57.0,39.0,,40.60745981662791
abel-balderstone-roumens,18.83,64,72,17,Spain,Europe,Southern Europe,2000.0,75,,81.0,36.0,47.0,71.0,80.0,36.0,,38.60613712260541
rainer-kepplinger,21.85,58,61,18,Austria,Europe,Western Europe,1997.0,62,,61.0,,,75.0,52.0,,,29.4474717891238
jon-agirre,18.38,70,76,20,Spain,Europe,Southern Europe,1997.0,79,,86.0,61.0,29.0,29.0,86.0,61.0,,36.946440609133255
romain-gregoire1,20.66,30,44,15,France,Europe,Western Europe,2003.0,45,,56.0,34.0,,7.0,45.0,72.0,,37.47164006984228
alan-jousseaume,20.11286368464062,79,83,23,France,Europe,Western Europe,1998.0,87,43.0,89.0,44.0,,103.0,83.0,44.0,43.0,33.74872271042239
martin-svrcek,21.55,98,98,5,Slovakia,Europe,Eastern Europe,2003.0,98,,98.0,,,,98.0,,,24.56623699307649
matthew-dinham,20.57,66,73,45,Australia,Oceania,Oceania,2000.0,74,,77.0,70.0,,82.0,63.0,77.0,,36.67238247460392
michael-vink,20.22,99,102,7,New Zealand,Oceania,Oceania,1991.0,103,,102.0,,99.0,99.0,102.0,,,20.4590182699813
luis-joe-luhrs,20.6,87,85,10,Germany,Europe,Western Europe,2003.0,87,,85.0,,,,85.0,,,36.44920361879591
florian-lipowitz,20.76,119,100,6,Germany,Europe,Western Europe,2000.0,105,,100.0,,,,100.0,,,45.8475735453906
txomin-juaristi,20.38,91,86,23,Spain,Europe,Southern Europe,1995.0,90,,96.0,91.0,21.0,80.0,90.0,91.0,,47.06563409796449
brandon-smith-rivera-vargas,20.76,94,94,24,Colombia,America,America,1996.0,96,46.0,109.0,34.0,76.0,74.0,113.0,34.0,46.0,37.09503560675831
jokin-murguialday-elorza,19.05,115,108,12,Spain,Europe,Southern Europe,2000.0,111,,114.0,77.0,,,114.0,77.0,,30.103231478606173
carlos-garcia-pierna,19.84,96,107,11,Spain,Europe,Southern Europe,1999.0,109,,107.0,,,,107.0,,,31.21042949225321
ole-ritter,23.36,8,10,13,Denmark,Europe,Northern Europe,1941.0,15,8.0,7.0,39.0,,2.0,9.0,20.0,5.0,10.456258094238748
eric-leman,21.748939433643503,4,7,38,Belgium,Europe,Western Europe,1946.0,10,16.0,7.0,,11.0,5.0,10.0,16.0,,7.836704680925874
guido-reybroeck,23.611759119034406,2,5,10,Belgium,Europe,Western Europe,1941.0,8,,5.0,,,3.0,22.0,,,6.5565912552856975
marino-basso,22.89261693577265,2,11,15,Italy,Europe,Southern Europe,1945.0,19,26.0,8.0,6.0,,7.0,8.0,21.0,10.0,14.837211905976714
leif-mortensen,21.6,7,16,19,Denmark,Europe,Northern Europe,1946.0,22,14.0,18.0,4.0,,16.0,20.0,7.0,22.0,16.121069719124996
cipriano-chemello,18.73822776601301,5,5,3,Italy,Europe,Southern Europe,1945.0,5,,5.0,,,5.0,,,,4.509249752822894
giuseppe-beghetto,22.1721013495989,7,7,3,Italy,Europe,Southern Europe,1939.0,7,,7.0,,,7.0,,,,2.516611478423583
michele-dancelli,19.79910217305833,8,10,9,Italy,Europe,Southern Europe,1942.0,13,7.0,10.0,11.0,,5.0,17.0,9.0,8.0,6.105553028004733
cyril-guimard,23.372844612714857,5,8,29,France,Europe,Western Europe,1947.0,11,18.0,7.0,8.0,,5.0,10.0,12.0,,8.193773918926661
efrain-rico,20.22894606598083,93,98,26,Colombia,America,America,1967.0,106,90.0,,125.0,,,20.0,101.0,,54.09421979643125
claudio-camin,20.03495871623846,21,54,37,Italy,Europe,Southern Europe,1970.0,58,56.0,53.0,49.0,,43.0,59.0,55.0,,54.259456213535614
darren-baker,20.917668255024893,66,66,34,United States,America,America,1967.0,69,72.0,89.0,46.0,,96.0,43.0,74.0,,29.888816549400342
danny-jonasson,21.55346964598749,115,111,73,Denmark,Europe,Northern Europe,1974.0,115,117.0,107.0,138.0,,112.0,107.0,119.0,70.0,34.55350118937941
juan-ramirez,21.81804460084459,90,88,35,Colombia,America,America,1971.0,89,96.0,79.0,,,,79.0,96.0,,38.40579438075466
remigius-lupeikis,24.15,90,86,28,Lithuania,Europe,Northern Europe,1964.0,98,101.0,39.0,55.0,,49.0,35.0,101.0,,57.01605640370691
stefano-cembali,20.776196082188783,126,119,22,Italy,Europe,Southern Europe,1967.0,129,119.0,,,,,,119.0,,49.576474661141845
andrea-paluan,20.23505186717021,93,89,51,Italy,Europe,Southern Europe,1966.0,92,99.0,64.0,43.0,,23.0,64.0,99.0,,34.52974847014911
nicola-ramacciotti,23.20021773867622,127,130,20,Italy,Europe,Southern Europe,1973.0,132,130.0,,,,,,130.0,,24.11682094786913
sebastien-delfosse,20.88,112,107,14,Belgium,Europe,Western Europe,1982.0,112,,106.0,,124.0,80.0,112.0,,,31.68769303862132
floris-goesinnen,22.64,81,80,38,Netherlands,Europe,Western Europe,1983.0,82,,79.0,,104.0,80.0,81.0,,,27.03000019208413
luca-solari,21.637099941743173,85,88,10,Italy,Europe,Southern Europe,1979.0,95,12.0,74.0,108.0,,53.0,85.0,108.0,12.0,63.63926111729736
josef-wehrli,22.582974495801523,61,58,32,Switzerland,Europe,Western Europe,1954.0,72,10.0,37.0,70.0,,24.0,35.0,65.0,,35.01313117729846
pascal-guyot,22.00248116979568,98,87,29,France,Europe,Western Europe,1959.0,96,,24.0,97.0,,24.0,24.0,100.0,,37.06936647738241
antonio-bevilacqua,21.87714339083455,80,82,30,Italy,Europe,Southern Europe,1957.0,87,,73.0,85.0,,69.0,65.0,89.0,,37.61096990867511
hans-neumayer,21.51417090692177,65,70,4,Germany,Europe,Western Europe,1956.0,104,,20.0,121.0,,,20.0,121.0,,64.0436049370531
hubert-graignic,22.67342281596885,115,110,21,France,Europe,Western Europe,1957.0,110,,,110.0,,,,110.0,,17.331776486860083
gerard-kerbrat,20.531029718388105,103,104,16,France,Europe,Western Europe,1956.0,104,,,104.0,,,,104.0,,27.23937101574361
mike-gutmann,20.050215117021956,54,59,36,Switzerland,Europe,Western Europe,1962.0,83,36.0,18.0,72.0,,,17.0,88.0,36.0,46.77887869608988
alfonso-dal-pian,23.62518952218273,37,60,37,Italy,Europe,Southern Europe,1957.0,75,,31.0,95.0,,,31.0,95.0,,40.77925265925612
erwin-lienhard,22.026577721993256,39,61,45,Switzerland,Europe,Western Europe,1957.0,95,6.0,24.0,80.0,,32.0,15.0,93.0,,52.70668790101452
dany-schoonbaert,21.401778612381896,106,97,21,Belgium,Europe,Western Europe,1960.0,98,,,97.0,,,,97.0,,30.879257948153025
frans-van-vlierberghe,20.32325001403233,116,96,28,Belgium,Europe,Western Europe,1954.0,112,7.0,30.0,119.0,,30.0,,114.0,,44.95846113373129
benedetto-patellaro,20.198394980371447,140,136,7,Italy,Europe,Southern Europe,1960.0,135,,,136.0,,,,136.0,,17.896527995276465
amilcare-sgalbazzi,21.58732339996616,42,66,34,Italy,Europe,Southern Europe,1955.0,82,,36.0,108.0,,,43.0,121.0,,47.52885416891118
luigino-moro,20.83353073349485,92,101,30,Italy,Europe,Southern Europe,1956.0,114,,60.0,133.0,,,65.0,132.0,,42.48158492183718
giuliano-biatta,20.718198642666348,136,134,21,Italy,Europe,Southern Europe,1957.0,135,,,134.0,,,,134.0,,16.41616508781744
ezio-serpelloni,21.88630730594921,132,125,21,Italy,Europe,Southern Europe,1959.0,127,,,125.0,,,,125.0,,28.718585321306183
luciano-rui,20.77133617432389,125,116,16,Italy,Europe,Southern Europe,1958.0,116,,,116.0,,,,116.0,,30.8776483344614
ludo-frijns,20.99381884115013,124,101,18,Belgium,Europe,Western Europe,1957.0,113,,19.0,118.0,,12.0,35.0,118.0,,56.00233421839215
luc-desmet,20.127947924653792,127,99,22,Belgium,Europe,Western Europe,1957.0,122,,35.0,136.0,,24.0,47.0,136.0,,52.9140444862808
hans-kanel2,23.976457047399013,134,120,18,Switzerland,Europe,Western Europe,1953.0,130,,1.0,127.0,,,32.0,131.0,,44.983657163070966
werner-devos,22.070006908298627,63,72,39,Belgium,Europe,Western Europe,1957.0,98,,30.0,108.0,,18.0,34.0,108.0,,56.17284632246803
camilo-andres-suarez,21.15,69,78,7,Colombia,America,America,1988.0,80,,78.0,,,78.0,,,,49.688074644775305
blazej-janiaczyk,21.71,27,59,7,Poland,Europe,Eastern Europe,1983.0,60,,59.0,,,59.0,,,,60.46053415639156
lukasz-bodnar,21.95,124,118,7,Poland,Europe,Eastern Europe,1982.0,120,,118.0,,,118.0,,,,27.568097504180443
francisco-javier-iriarte-garro,20.99,128,124,8,Spain,Europe,Southern Europe,1986.0,125,108.0,126.0,,,126.0,,108.0,,32.93283207638585
andre-steensen,18.99,95,96,27,Denmark,Europe,Northern Europe,1987.0,101,63.0,92.0,112.0,,120.0,97.0,58.0,,54.32900722119838
yevgeniy-nepomnyachshiy,20.48,123,114,16,Kazakhstan,Asia,Asia,1987.0,116,161.0,117.0,105.0,,117.0,105.0,161.0,,33.248558866012026
pablo-lechuga-rodriguez,21.63,134,124,22,Spain,Europe,Southern Europe,1990.0,126,157.0,82.0,142.0,,82.0,,144.0,,52.96776770437296
eloy-ruiz-pinto,22.05,124,122,7,Spain,Europe,Southern Europe,1989.0,123,,122.0,,,122.0,,,,27.673263699996134
wouter-mol,21.83,114,105,35,Netherlands,Europe,Western Europe,1982.0,108,117.0,96.0,108.0,,93.0,103.0,112.0,,48.77895606326409
diego-milan,20.68,107,81,7,Dominican Republic,America,America,1985.0,82,,81.0,,,81.0,,,,72.74809766781338
raul-alexander-montana-herrera,20.92803664505864,91,93,24,Colombia,America,America,1971.0,96,,101.0,55.0,,,93.0,,,43.7664254880382
bjornar-vestol,23.55,102,104,30,Norway,Europe,Northern Europe,1974.0,108,69.0,110.0,74.0,,,105.0,,69.0,39.71652425440291
luis-oran-castaneda,21.12927704948804,108,105,28,Colombia,America,America,1977.0,108,,109.0,81.0,,,105.0,,,31.213634925958324
david-mckenzie,20.683718240402133,116,106,28,Australia,Oceania,Oceania,1974.0,113,,108.0,90.0,,16.0,112.0,,,45.73056299166228
fredy-gonzalez,21.48,71,75,97,Colombia,America,America,1975.0,76,90.0,72.0,84.0,,,73.0,88.0,46.0,44.9011323225684
ciaran-power,20.09,108,94,23,Ireland,Europe,Northern Europe,1976.0,99,,94.0,91.0,,10.0,98.0,,,56.420744369929366
tayeb-braikia,22.503201175227115,78,72,30,Denmark,Europe,Northern Europe,1974.0,76,,71.0,77.0,,12.0,74.0,,,54.705943277536655
matthew-stephens,19.32,102,100,23,Great Britain,Europe,Northern Europe,1970.0,103,,100.0,,,,100.0,,,40.68373148944352
jean-michel-tessier,20.45,82,82,41,France,Europe,Western Europe,1977.0,86,,89.0,70.0,,49.0,83.0,,,37.96153380437213
denis-bondarenko,19.200973814375622,121,110,29,Russia,Asia,Asia,1978.0,114,20.0,115.0,91.0,,133.0,107.0,,20.0,42.836468740866025
hernan-dario-munoz,17.535927730973782,63,69,54,Colombia,America,America,1973.0,70,,68.0,76.0,,,68.0,96.0,,32.85261328814251
oscar-cavagnis,20.281142497972564,80,78,44,Italy,Europe,Southern Europe,1974.0,82,,79.0,57.0,,67.0,83.0,,,48.02534126693424
saulius-ruskys,21.73494234518906,90,75,40,Lithuania,Europe,Northern Europe,1974.0,80,,77.0,72.0,,82.0,69.0,,,55.2237349102349
mikhaylo-khalilov,18.156919780470727,78,73,71,Ukraine,Europe,Eastern Europe,1975.0,75,27.0,74.0,81.0,83.0,82.0,74.0,47.0,13.0,55.30356321818484
matteo-gigli,22.22499292973213,147,144,20,Italy,Europe,Southern Europe,1978.0,146,,146.0,124.0,,,144.0,,,29.48166245401761
domenico-romano,22.99081347305589,122,112,40,Italy,Europe,Southern Europe,1975.0,117,51.0,114.0,114.0,,,114.0,,51.0,43.34347021474412
sasa-gajicic,19.8229230008603,137,121,18,Serbia,Europe,Southern Europe,1977.0,121,,121.0,,,53.0,164.0,,,61.65580190457935
michele-colleoni,19.3891729535117,108,100,57,Italy,Europe,Southern Europe,1974.0,102,101.0,103.0,95.0,,164.0,96.0,105.0,,41.21635865225576
faat-zakirov,23.292647878801247,119,95,7,Russia,Asia,Asia,1974.0,102,13.0,109.0,,,,109.0,,13.0,72.18824597635586
hector-orlando-mesa-mesa,18.150217381037137,120,111,39,Colombia,America,America,1976.0,114,,111.0,113.0,,,111.0,,,40.86941450321203
miguel-angel-meza,22.69246995454985,124,100,28,Mexico,America,America,1977.0,102,,102.0,70.0,,104.0,99.0,,,59.52122692810065
domenico-gualdi,21.78492068722439,144,137,73,Italy,Europe,Southern Europe,1974.0,139,,139.0,118.0,,144.0,135.0,,,31.64582346968683
john-freddy-garcia,19.82975966853399,124,118,40,Colombia,America,America,1974.0,119,,118.0,,,,118.0,,,37.58333475467619
nicola-chesini,19.90313024628561,177,162,9,Italy,Europe,Southern Europe,1974.0,163,,162.0,,,148.0,174.0,,,38.47654408135488
hidenori-nodera,19.90137113471641,139,141,40,Japan,Asia,Asia,1975.0,142,,142.0,132.0,,128.0,144.0,,,22.87366361515984
jimmi-madsen,21.92251029065581,128,120,21,Denmark,Europe,Northern Europe,1969.0,121,,122.0,98.0,,,120.0,,,30.16667982109684
alessandro-bazzana,19.6,90,86,26,Italy,Europe,Southern Europe,1984.0,88,,82.0,88.0,,69.0,90.0,,,45.0398285281611
frederique-robert,21.95,137,115,13,Belgium,Europe,Western Europe,1989.0,114,,70.0,128.0,,70.0,128.0,,,59.8311727343634
david-boucher,22.07,87,84,40,Belgium,Europe,Western Europe,1980.0,91,,73.0,115.0,72.0,71.0,90.0,188.0,,40.72182052249956
martin-mortensen,21.6,96,101,13,Denmark,Europe,Northern Europe,1984.0,104,68.0,86.0,113.0,,84.0,111.0,68.0,,26.46429621884879
raimond-kunzli,22.97122749133481,123,103,9,Switzerland,Europe,Western Europe,1984.0,105,,,103.0,,,103.0,,,43.38522533971418
biniam-girmay,20.68,70,66,55,Eritrea,Africa,Africa,2000.0,67,28.0,47.0,90.0,,43.0,66.0,83.0,,57.815752865990426
jonas-abrahamsen,23.29,80,79,23,Norway,Europe,Northern Europe,1995.0,79,,67.0,78.0,100.0,100.0,67.0,78.0,,40.43371582595484
soren-waerenskjold,24.19,122,94,27,Norway,Europe,Northern Europe,2000.0,96,,58.0,104.0,,66.0,21.0,104.0,,60.85602550656623
stefano-dante,22.251746309906245,124,116,24,Italy,Europe,Southern Europe,1970.0,127,126.0,8.0,,,8.0,,126.0,,53.79079173392337
renzo-ragnetti,20.47463742947729,47,47,1,Italy,Europe,Southern Europe,1973.0,47,,47.0,,,47.0,,,,0.0
massimo-gimondi,20.82653308652528,89,84,3,Italy,Europe,Southern Europe,1971.0,88,,60.0,96.0,,60.0,96.0,,,21.501937897160182
gerd-audehem,22.752605804739247,70,73,70,Germany,Europe,Western Europe,1968.0,79,71.0,18.0,76.0,,29.0,5.0,77.0,,41.28981546681511
jacques-jolidon,22.28123828767171,98,94,10,Switzerland,Europe,Western Europe,1969.0,122,,94.0,,,163.0,86.0,,,59.63788877699962
roger-rosiers,24.62,7,13,25,Belgium,Europe,Western Europe,1946.0,17,,13.0,,1.0,11.0,13.0,,,14.994776868407657
daniel-alejandro-mendez-norena,19.49,112,106,8,Colombia,America,America,2000.0,105,,106.0,,,85.0,128.0,,,32.55297879720732
jeremy-bellicaud,18.29,104,100,17,France,Europe,Western Europe,1998.0,99,,86.0,112.0,,85.0,106.0,111.0,,26.96307387782737
colin-joyce,23.482607681545336,99,98,19,United States,America,America,1994.0,99,102.0,107.0,88.0,,109.0,88.0,102.0,,41.057369647106974
marti-marquez,19.49,116,116,4,Spain,Europe,Southern Europe,1996.0,115,,116.0,,,116.0,,,,16.600702796367788
frederik-wandahl,19.25,106,101,40,Denmark,Europe,Northern Europe,2001.0,102,40.0,103.0,105.0,,103.0,106.0,47.0,,38.08610352938827
alexander-evans,18.61,148,135,12,Australia,Oceania,Oceania,1997.0,136,,145.0,116.0,,127.0,156.0,116.0,,33.97180203247
karel-vacek,18.94,99,96,27,Czech Republic,Europe,Eastern Europe,2000.0,100,,103.0,,39.0,97.0,96.0,,,48.28515134547929
danail-andonov-petrov,21.8,130,119,31,Bulgaria,Europe,Eastern Europe,1978.0,123,133.0,76.0,149.0,,67.0,93.0,143.0,,51.12203405178043
javier-chacon-quesada,20.45,143,136,21,Spain,Europe,Southern Europe,1985.0,137,142.0,,132.0,,,,136.0,,35.21545926760819
florent-barle,21.27,125,120,22,France,Europe,Western Europe,1986.0,122,128.0,74.0,123.0,,88.0,61.0,125.0,,39.84213980066964
raymond-kreder,22.34,129,106,36,Netherlands,Europe,Western Europe,1989.0,111,149.0,73.0,106.0,,58.0,104.0,127.0,,64.54728179638231
joost-van-leijen,19.8,168,148,29,Netherlands,Europe,Western Europe,1984.0,152,162.0,128.0,160.0,,140.0,109.0,170.0,,49.568656670702005
koen-barbe,22.64,51,54,27,Belgium,Europe,Western Europe,1981.0,56,,58.0,,39.0,49.0,76.0,,,27.99084099285299
alexandre-blain,23.45,108,108,2,France,Europe,Western Europe,1981.0,116,,76.0,140.0,,,108.0,,,45.254833995939045
stijn-neirynck,22.55,64,60,6,Belgium,Europe,Western Europe,1985.0,61,,60.0,,62.0,57.0,77.0,,,17.88481665174867
emilien-benoit-berges,20.036791440650337,80,80,3,France,Europe,Western Europe,1983.0,77,,80.0,,,50.0,94.0,,,29.501412395567325
romain-villa,20.97,118,118,2,France,Europe,Western Europe,1985.0,122,,95.0,,140.0,140.0,95.0,,,31.81980515339464
julien-laidoun,22.366392557805632,129,105,12,France,Europe,Western Europe,1980.0,109,126.0,,75.0,,,75.0,126.0,,60.37327072622303
heberth-gutierrez-garcia,18.918483832354703,128,125,20,Colombia,America,America,1973.0,126,125.0,,,,,,125.0,,17.126387765513684
gustaaf-van-roosbroeck,23.49133129542192,12,17,18,Belgium,Europe,Western Europe,1948.0,24,,19.0,3.0,,21.0,15.0,,,15.211794529589778
gerard-vianen,18.467731426605773,8,13,18,Netherlands,Europe,Western Europe,1944.0,16,30.0,12.0,4.0,27.0,9.0,14.0,23.0,,13.227150726436488
jan-krekels,22.78,6,11,18,Netherlands,Europe,Western Europe,1947.0,13,,12.0,5.0,32.0,16.0,9.0,12.0,,9.934425522269336
aime-delaere,21.475561234674476,12,12,2,Belgium,Europe,Western Europe,1946.0,12,,12.0,,,,12.0,,,1.4142135623730951
jo-vrancken,20.28240557119627,15,15,1,Netherlands,Europe,Western Europe,1948.0,15,,15.0,,,,15.0,,,0.0
wilfried-david,20.92602685842908,9,15,17,Belgium,Europe,Western Europe,1946.0,27,,16.0,0.0,,31.0,10.0,,,17.461512298902004
rene-pijnen,23.51,6,12,10,Netherlands,Europe,Western Europe,1946.0,21,11.0,15.0,10.0,,12.0,11.0,14.0,,10.511898020814318
ger-harings,18.425137467552045,23,23,2,Netherlands,Europe,Western Europe,1948.0,22,,23.0,,,,23.0,,,2.8284271247461903
jacques-hochart,19.667053183595776,26,26,1,France,Europe,Western Europe,1948.0,26,,26.0,,,,26.0,,,0.0
jacques-botherel,20.459852097986843,27,27,1,France,Europe,Western Europe,1946.0,27,,27.0,,,,27.0,,,0.0
wim-kelleners,24.078460702280548,28,28,1,Netherlands,Europe,Western Europe,1950.0,28,,28.0,,,,28.0,,,0.0
theo-van-der-loo,24.30787390705773,29,29,1,Netherlands,Europe,Western Europe,1949.0,29,,29.0,,,,29.0,,,0.0
ryszard-szurkowski,23.77,10,10,2,Poland,Europe,Eastern Europe,1946.0,11,,10.0,,,10.0,,,,2.1213203435596424
fabio-malberti,22.47526602829078,40,54,22,Italy,Europe,Southern Europe,1976.0,53,,48.0,62.0,,40.0,66.0,,,39.63920072057752
christian-poos,21.661116655123557,58,51,26,Luxembourg,Europe,Western Europe,1977.0,51,,42.0,54.0,,,51.0,,,25.39751653516237
rene-stadelmann,21.78304541916313,84,85,34,Switzerland,Europe,Western Europe,1974.0,90,,111.0,65.0,,134.0,70.0,,,37.72671219221501
sascha-henrix,21.272481038534305,95,90,37,Germany,Europe,Western Europe,1973.0,95,77.0,95.0,86.0,,152.0,82.0,93.0,77.0,40.4279286807699
anton-chantyr,21.77584004119665,100,102,29,Russia,Asia,Asia,1974.0,104,,117.0,95.0,,114.0,97.0,,,24.2939206650715
scott-mcgrory,21.33,114,115,4,Australia,Oceania,Oceania,1969.0,115,,,115.0,,,115.0,,,12.84198842339716
ondrej-cink,20.37,66,75,46,Czech Republic,Europe,Eastern Europe,1990.0,78,,57.0,88.0,,53.0,61.0,100.0,,42.6009004009991
jeroen-meijers,20.76,108,112,17,Netherlands,Europe,Western Europe,1993.0,115,,109.0,115.0,,111.0,113.0,,,27.216857881489123
gustavo-toledo,22.19066879208201,56,64,17,Argentina,America,America,1975.0,68,,64.0,65.0,,,63.0,91.0,,30.0914048701423
clement-lhotellerie,20.057301854095392,36,42,11,France,Europe,Western Europe,1986.0,41,,42.0,,,37.0,53.0,,,28.78572878733804
aurelien-passeron,22.78,92,85,26,France,Europe,Western Europe,1984.0,89,,82.0,91.0,,66.0,94.0,102.0,,50.52926037303687
carlo-westphal,22.89,125,109,23,Germany,Europe,Western Europe,1985.0,108,,105.0,124.0,,98.0,112.0,,,36.232123846373845
kevyn-ista,20.9,86,85,31,Belgium,Europe,Western Europe,1984.0,87,,89.0,,48.0,90.0,52.0,,,41.71289478563972
lander-aperribay,23.18,135,127,21,Spain,Europe,Southern Europe,1982.0,129,,127.0,,,110.0,136.0,,,31.71457528825328
michele-poser,21.39346946524384,84,80,12,Italy,Europe,Southern Europe,1969.0,83,,85.0,54.0,,,80.0,,,41.620489563617
barnabas-peak,22.1,104,102,32,Hungary,Europe,Eastern Europe,1998.0,104,97.0,103.0,100.0,,32.0,105.0,,97.0,38.50932019570696
hideto-nakane,19.03,109,112,14,Japan,Asia,Asia,1990.0,112,,114.0,110.0,,115.0,110.0,,,20.499932993725924
jasper-de-plus,20.16,106,108,7,Belgium,Europe,Western Europe,1997.0,108,,115.0,105.0,,,108.0,,,12.66039945205973
thomas-fleischer,21.026730177431173,76,86,36,Germany,Europe,Western Europe,1971.0,106,,66.0,95.0,,101.0,61.0,118.0,,53.86199296084656
filippo-simonetti,20.11403870655829,57,57,1,Italy,Europe,Southern Europe,1969.0,57,,57.0,,,,57.0,,,0.0
georges-pintens,22.057578017861207,4,13,37,Belgium,Europe,Western Europe,1946.0,24,4.0,15.0,10.0,4.0,14.0,12.0,36.0,4.0,18.685479580335823
louis-pfenninger,20.9,4,8,19,Switzerland,Europe,Western Europe,1944.0,19,23.0,,6.0,,,3.0,29.0,20.0,10.2332447564599
andre-poppe,21.06483048983876,11,15,8,Belgium,Europe,Western Europe,1943.0,23,,26.0,3.0,,26.0,11.0,,,14.017845768876189
ugo-colombo,21.64935889725636,4,4,7,Italy,Europe,Southern Europe,1940.0,3,0.0,,4.0,,,4.0,0.0,,2.9680841985233184
wim-prinsen,21.51024071003921,20,26,8,Netherlands,Europe,Western Europe,1945.0,42,,42.0,10.0,,25.0,28.0,20.0,,25.01106897812589
arnaldo-caverzasi,20.11856988615625,2,3,6,Italy,Europe,Southern Europe,1948.0,3,,,3.0,,,3.0,,,2.9944392908634274
jonathan-patrick-mccarty,21.46,124,123,62,United States,America,America,1982.0,125,101.0,125.0,63.0,,,125.0,82.0,,32.30601301609808
aketza-pena,23.151254169455907,90,91,98,Spain,Europe,Southern Europe,1981.0,93,79.0,90.0,113.0,,100.0,86.0,92.0,,36.83277727800826
antonio-berasategui,21.66090250677046,132,133,7,Spain,Europe,Southern Europe,1978.0,135,,138.0,104.0,,,138.0,104.0,,21.373102811934533
ivan-gilmartin,22.97252675553648,107,107,1,Spain,Europe,Southern Europe,1983.0,107,,,107.0,,,,107.0,,0.0
jon-bru,21.158506814101816,98,94,44,Spain,Europe,Southern Europe,1977.0,93,,94.0,93.0,,66.0,98.0,69.0,,49.20269161925272
fabien-patanchon,21.53,120,120,58,France,Europe,Western Europe,1983.0,122,115.0,131.0,109.0,,130.0,122.0,114.0,,27.83796343316934
aaron-olsen,22.623245178382295,148,142,46,United States,America,America,1978.0,146,,146.0,104.0,,,142.0,145.0,,32.945490040514834
andrea-masciarelli,20.38,94,99,46,Italy,Europe,Southern Europe,1982.0,106,58.0,110.0,78.0,38.0,108.0,106.0,,58.0,47.4025010041588
dmytro-grabovskyy,20.16,80,76,50,Israel,Asia,Asia,1985.0,75,,80.0,66.0,,110.0,69.0,,,40.14666987485781
valeriy-dmitriyev,22.53,140,125,10,Kazakhstan,Asia,Asia,1984.0,129,,122.0,129.0,,122.0,129.0,,,31.308678243153825
martin-reimer,21.3,132,112,24,Germany,Europe,Western Europe,1987.0,116,,113.0,109.0,113.0,112.0,112.0,,,45.78713745716956
brayan-stiven-ramirez-chacon,21.78,128,117,28,Colombia,America,America,1992.0,119,115.0,99.0,136.0,,99.0,,125.0,,35.3777797718752
edwin-avila,21.87,138,118,30,Colombia,America,America,1989.0,118,,118.0,,,135.0,114.0,,,59.51498410764582
mikel-elgezabal,21.4680931008108,88,88,1,Spain,Europe,Southern Europe,1978.0,88,,,88.0,,,,88.0,,0.0
jonathan-gonzalez-rios,20.200592330316606,80,81,22,Spain,Europe,Southern Europe,1981.0,81,,86.0,74.0,,139.0,70.0,108.0,,43.70344771286748
massimo-iannetti,20.972220753555767,70,73,18,Italy,Europe,Southern Europe,1982.0,72,,69.0,132.0,,76.0,66.0,132.0,,35.228340121447935
nicolas-saenz,18.07,107,104,7,Colombia,America,America,1997.0,104,,100.0,,109.0,109.0,100.0,,,28.014452052637477
yecid-sierra,19.49,112,115,6,Colombia,America,America,1994.0,117,,115.0,,,,115.0,,,32.481789770064495
david-gonzalez-lopez,20.99,128,111,12,Spain,Europe,Southern Europe,1996.0,113,,111.0,,,120.0,102.0,,,40.70700929889846
daniel-alexander-jaramillo-diez,20.57,145,131,3,Colombia,America,America,1991.0,132,,131.0,,,,131.0,,,33.28663395418648
meiyin-wang,21.13,126,125,16,China,Asia,Asia,1988.0,127,,125.0,,,,125.0,,,20.5
nicolas-sessler,20.31,112,111,7,Brazil,America,America,1994.0,116,,117.0,80.0,,,117.0,80.0,,34.05807365298838
patrick-sercu,23.46,2,6,20,Belgium,Europe,Western Europe,1944.0,11,,8.0,1.0,,3.0,7.0,,,10.273112581163664
frans-van-looy,23.41,9,36,19,Belgium,Europe,Western Europe,1950.0,97,,16.0,47.0,,16.0,38.0,,,51.836619177173375
heinrich-trumheller,20.741653189094627,38,52,18,Germany,Europe,Western Europe,1972.0,73,54.0,63.0,11.0,85.0,74.0,45.0,56.0,27.0,46.37824033391725
filippo-colombo1,21.56,54,62,10,Switzerland,Europe,Western Europe,1997.0,62,,62.0,,,79.0,55.0,,,32.196618179899296
finn-fisher-black,20.44,44,54,34,New Zealand,Oceania,Oceania,2001.0,55,,55.0,50.0,,73.0,38.0,,,38.643913491142094
mathias-fluckiger,21.63,50,60,18,Switzerland,Europe,Western Europe,1988.0,60,,60.0,,,,60.0,,,29.89682694598055
ben-healy,21.22,68,64,34,Ireland,Europe,Northern Europe,2000.0,65,,64.0,44.0,74.0,78.0,63.0,44.0,,38.26305656016261
dario-lillo,20.766553918463515,104,101,12,Switzerland,Europe,Western Europe,2002.0,101,,101.0,,,,101.0,,,17.547122702925265
nils-brun,20.95954826217926,102,99,8,Switzerland,Europe,Western Europe,2000.0,101,,99.0,,,111.0,97.0,,,21.97035340115012
valere-thiebaud,20.47669827348557,118,118,6,Switzerland,Europe,Western Europe,1999.0,119,,118.0,,,,118.0,,,6.565059024867941
antoine-debons,20.06,98,105,12,Switzerland,Europe,Western Europe,1998.0,105,,105.0,,,,105.0,,,24.224174001616777
tim-naberman,20.02,92,97,10,Netherlands,Europe,Western Europe,1999.0,97,,97.0,,,,97.0,,,25.10068613493353
juan-mauricio-soler-hernandez,19.39,64,75,79,Colombia,America,America,1983.0,77,32.0,79.0,71.0,,103.0,64.0,79.0,32.0,50.189863471882376
rafael-andriato,21.39,140,128,23,Brazil,America,America,1987.0,132,83.0,133.0,,,104.0,136.0,83.0,,53.53839448278653
dirk-bellemakers,19.52,91,94,47,Netherlands,Europe,Western Europe,1984.0,97,67.0,95.0,,91.0,101.0,93.0,75.0,52.0,32.13805787702966
alessandro-proni,20.31,102,98,45,Italy,Europe,Southern Europe,1982.0,99,,102.0,83.0,144.0,113.0,95.0,,,40.15301540936431
mattia-gavazzi,23.94,172,139,13,Italy,Europe,Southern Europe,1983.0,141,,139.0,,,127.0,153.0,,,75.17364513629043
willem-wauters,20.37,138,133,25,Belgium,Europe,Western Europe,1989.0,135,,133.0,,,101.0,145.0,,,35.37065638821724
ricardo-mestre,20.07,108,116,36,Portugal,Europe,Southern Europe,1983.0,118,58.0,122.0,108.0,,92.0,125.0,58.0,,36.55006351372242
robert-vrecer,20.53,114,110,32,Slovenia,Europe,Southern Europe,1980.0,111,,108.0,116.0,,95.0,113.0,,,33.68926733948021
stefano-locatelli,19.37,132,123,33,Italy,Europe,Southern Europe,1989.0,123,,123.0,,,,123.0,,,46.44212755808257
josef-fuchs,20.955703292243605,5,13,27,Switzerland,Europe,Western Europe,1948.0,26,33.0,18.0,6.0,,25.0,8.0,26.0,,15.539857769206884
daniel-schorn,21.5,122,105,53,Austria,Europe,Western Europe,1988.0,104,128.0,98.0,106.0,,96.0,104.0,108.0,,51.3639296160479
alexander-gottfried,21.26,105,102,8,Germany,Europe,Western Europe,1985.0,102,,,102.0,,,102.0,,,31.272991542223775
francois-parisien,21.89,89,83,23,Canada,America,America,1982.0,90,65.0,67.0,123.0,,66.0,128.0,62.0,,48.48299485916514
jean-lou-paiani,21.11,104,85,11,France,Europe,Western Europe,1988.0,89,,90.0,,66.0,95.0,42.0,,,48.61911333846167
andrew-fenn,22.84,114,104,18,Great Britain,Europe,Northern Europe,1990.0,108,189.0,78.0,132.0,66.0,74.0,104.0,139.0,,68.2721629604198
adelino-teixeira,21.54340703298755,62,66,4,Portugal,Europe,Southern Europe,1954.0,67,,66.0,,,,66.0,,,35.72464135579251
gianni-zola,17.63495221807294,36,50,13,Italy,Europe,Southern Europe,1959.0,62,,50.0,,,,50.0,,,39.31790223164807
mariano-sanchez-martinez,19.60951742253007,63,68,67,Spain,Europe,Southern Europe,1959.0,87,,49.0,94.0,,,47.0,105.0,,49.11814369253988
alexandr-osipov,22.88740836609369,41,41,13,Russia,Asia,Asia,1959.0,48,,41.0,,,,41.0,,,32.192529791226015
guido-beyens,21.334899492400496,54,50,10,Belgium,Europe,Western Europe,1955.0,51,,50.0,,,,50.0,,,15.072049186048543
yuri-barinov,19.149868445428485,64,64,9,Russia,Asia,Asia,1955.0,66,,64.0,,,,64.0,,,18.744628860319192
jacinto-paulinho,22.81065701364958,56,52,9,Portugal,Europe,Southern Europe,1953.0,56,,52.0,,,,52.0,,,24.11143112946868
luis-domingos,19.649531771192525,69,70,10,Portugal,Europe,Southern Europe,1961.0,71,,70.0,,,,70.0,,,18.19157314069713
sergei-jermachenko,21.301764371648847,50,48,14,Russia,Asia,Asia,1959.0,52,,48.0,,,,48.0,,,24.220711326112145
vladimir-malakov,19.787262687488536,44,36,14,Russia,Asia,Asia,1958.0,44,,36.0,,,,36.0,,,28.13048481317334
jean-claude-garde,22.230130512856796,48,59,37,France,Europe,Western Europe,1960.0,60,,62.0,56.0,,44.0,64.0,56.0,,41.18899164865575
jesus-ignacio-alonso,23.94205962282809,64,64,16,Spain,Europe,Southern Europe,1961.0,68,,72.0,41.0,,,72.0,41.0,,23.864810216439324
guillermo-arenas,19.70667011893441,66,76,32,Spain,Europe,Southern Europe,1963.0,91,,54.0,102.0,,23.0,60.0,102.0,,43.49485509062927
benjamin-carvalho,20.70363510903841,77,82,7,Portugal,Europe,Southern Europe,1963.0,85,,82.0,,,,82.0,,,28.16532822968187
jeronimo-ibanez,21.52329651015441,54,71,36,Spain,Europe,Southern Europe,1957.0,87,19.0,53.0,137.0,,,61.0,120.0,,43.61704741722926
nicolai-kosyakov,20.357154431993138,61,64,11,Russia,Asia,Asia,1959.0,69,,64.0,,,,64.0,,,29.480347845486985
carlos-ferreira,21.464518712656258,91,85,5,Portugal,Europe,Southern Europe,1961.0,92,,85.0,,,,85.0,,,27.02406335102107
pedro-luis-diaz-zabala,20.34080620185392,52,51,21,Spain,Europe,Southern Europe,1962.0,58,,50.0,52.0,74.0,44.0,52.0,52.0,,22.959902936579304
joao-battista-silva-paulo,19.166237314039176,96,93,5,Portugal,Europe,Southern Europe,1962.0,96,,93.0,,,,93.0,,,22.232858565645586
jose-poeira,22.71904512666872,65,63,10,Portugal,Europe,Southern Europe,1959.0,65,,63.0,,,,63.0,,,28.975085082800973
maurizio-colombo,20.366003029736326,98,73,7,Italy,Europe,Southern Europe,1963.0,99,,73.0,,,2.0,85.0,,,49.99904760997715
eric-louvel,21.469886286028927,98,88,36,France,Europe,Western Europe,1962.0,101,,61.0,104.0,,26.0,90.0,104.0,,48.871348765495824
youri-perunovski,20.085871770848076,65,68,10,Russia,Asia,Asia,1963.0,71,,68.0,,,,68.0,,,25.575378785073735
jose-maria-gonzalez-barcala,20.415366199525675,56,60,18,Spain,Europe,Southern Europe,1959.0,70,,60.0,,,,60.0,,,31.74325104534985
alexis-rodriguez,19.93316577957954,77,76,63,Spain,Europe,Southern Europe,1977.0,76,,75.0,81.0,,103.0,68.0,117.0,,37.52016013818004
hanskurt-brand,23.19858474918932,116,122,6,Switzerland,Europe,Western Europe,1966.0,127,,122.0,,,180.0,111.0,,,29.79541351729602
christian-charriere,21.25966041661604,59,65,75,Switzerland,Europe,Western Europe,1975.0,66,,72.0,53.0,,74.0,63.0,,,31.905875083828448
stephane-krafft,20.45,108,109,4,France,Europe,Western Europe,1979.0,109,,109.0,,,,109.0,,,5.737304826019502
jaanus-kuum,21.21698297412225,29,42,59,Norway,Europe,Northern Europe,1964.0,50,34.0,40.0,45.0,,39.0,40.0,44.0,43.0,36.64991470397031
frederic-garnier,21.83126232473512,95,88,24,France,Europe,Western Europe,1964.0,92,,56.0,93.0,,74.0,47.0,93.0,,48.02165876086463
stefano-giuliani,18.94510926161236,84,101,19,Italy,Europe,Southern Europe,1958.0,115,,48.0,139.0,,37.0,50.0,139.0,,66.13723991008376
marco-bergamo,20.432560850720304,85,90,28,Italy,Europe,Southern Europe,1964.0,102,74.0,44.0,101.0,,,38.0,106.0,74.0,46.29351949344473
jacques-decrion,23.65014735543526,55,60,40,France,Europe,Western Europe,1961.0,74,11.0,32.0,87.0,,25.0,36.0,87.0,11.0,38.48102262887647
hartmut-bolts,22.233238012296955,103,96,34,Germany,Europe,Western Europe,1961.0,111,,45.0,117.0,,55.0,39.0,117.0,,53.06660127729111
jens-veggerby,20.979520168155247,123,116,39,Denmark,Europe,Northern Europe,1962.0,130,54.0,21.0,132.0,,,21.0,130.0,,55.586821611260575
marco-tabai,20.23901915928989,140,128,22,Italy,Europe,Southern Europe,1961.0,129,,64.0,131.0,,64.0,,131.0,,31.071241975854104
willem-wijnant,22.2307647635369,154,119,14,Belgium,Europe,Western Europe,1961.0,149,,25.0,156.0,,6.0,31.0,156.0,,76.70408387769508
gines-garcia-pallares,23.57262237703507,52,48,22,Spain,Europe,Southern Europe,1959.0,48,,48.0,,,,48.0,,,17.382692790761983
daniel-rossel,21.89246866205537,24,30,9,Belgium,Europe,Western Europe,1960.0,37,,28.0,47.0,,24.0,31.0,,,23.91013267308328
cedric-coutouly,21.27,100,99,14,France,Europe,Western Europe,1980.0,104,,72.0,118.0,74.0,78.0,107.0,,,36.32484694385519
benny-de-schrooder,20.38,110,91,5,Belgium,Europe,Western Europe,1980.0,97,,96.0,,68.0,52.0,117.0,,,37.73194932679731
wim-de-vocht,22.07,110,109,47,Belgium,Europe,Western Europe,1982.0,121,147.0,100.0,144.0,57.0,101.0,99.0,159.0,,51.938384116959696
christopher-baldwin,18.41372478295338,70,70,1,United States,America,America,1975.0,70,,,,70.0,70.0,,,,0.0
kirk-o-bee,17.58658288618571,72,72,1,United States,America,America,1977.0,72,,,,72.0,72.0,,,,0.0
giuseppe-citterio,20.81205894866746,10,49,45,Italy,Europe,Southern Europe,1967.0,76,63.0,22.0,79.0,,14.0,24.0,76.0,,58.61694690655992
marco-villa,21.685339905959083,135,119,25,Italy,Europe,Southern Europe,1969.0,127,,121.0,114.0,,84.0,122.0,,,51.365098396998455
juan-rodrigo-arenas-gonzalez,20.398705290976835,61,63,43,Spain,Europe,Southern Europe,1967.0,67,57.0,74.0,50.0,,,71.0,58.0,,31.42938436480084
sauro-gallorini,23.130217984398357,86,80,43,Italy,Europe,Southern Europe,1971.0,84,88.0,90.0,42.0,,74.0,74.0,88.0,,42.89760917168617
mario-mantovan,19.9301061187246,117,110,29,Italy,Europe,Southern Europe,1965.0,118,,76.0,115.0,,177.0,36.0,123.0,,52.797060113705626
dariusz-bigos,23.95436515500717,107,107,2,Poland,Europe,Eastern Europe,1969.0,107,,107.0,,,,107.0,,,65.05382386916237
stefano-giraldi,20.19343434600055,115,101,29,Italy,Europe,Southern Europe,1968.0,108,37.0,108.0,88.0,,202.0,101.0,138.0,37.0,51.642552241058375
roberto-dal-sie,20.91353112378334,89,87,29,Italy,Europe,Southern Europe,1969.0,93,96.0,89.0,53.0,,,65.0,96.0,,35.13268305608343
thomas-davy,21.745985980169262,78,72,49,France,Europe,Western Europe,1968.0,77,,119.0,68.0,,116.0,60.0,73.0,,44.2638002616748
angelo-citracca,20.94212757760218,68,80,17,Italy,Europe,Southern Europe,1969.0,86,56.0,83.0,,,56.0,90.0,,56.0,45.81998022953845
roberto-menegotto,23.44652408548363,138,129,4,Italy,Europe,Southern Europe,1968.0,149,48.0,178.0,113.0,,,178.0,113.0,48.0,62.94441992742487
daisuke-imanaka,21.61668874491744,142,146,16,Japan,Asia,Asia,1963.0,149,,152.0,145.0,,,160.0,141.0,,38.85013942488924
carlos-alberto-maya-lizcano,19.84,171,156,3,Venezuela,America,America,1972.0,156,171.0,149.0,,,,149.0,171.0,,42.922410618851934
karol-rychlik,21.00939940525836,182,182,2,Poland,Europe,Eastern Europe,1970.0,182,,182.0,,,,182.0,,,12.727922061357855
jimmy-turgis,20.57,72,87,21,France,Europe,Western Europe,1991.0,90,168.0,73.0,83.0,61.0,70.0,72.0,96.0,,40.57943415315789
plamen-stoyanov,21.201367556738536,77,68,17,Bulgaria,Europe,Eastern Europe,1971.0,67,,63.0,68.0,,,68.0,,,31.10418923931781
bo-andre-namtvedt,21.29920840790605,57,67,7,Norway,Europe,Northern Europe,1967.0,70,,74.0,57.0,,137.0,53.0,57.0,,44.95712242952008
cezary-zamana,21.62,33,52,53,Poland,Europe,Eastern Europe,1967.0,65,45.0,68.0,47.0,,54.0,46.0,54.0,53.0,47.843335591516784
bart-bowen,20.027982303470303,45,48,4,United States,America,America,1967.0,49,,51.0,39.0,,52.0,50.0,39.0,,11.16542281629615
diego-trepin,20.31251753148311,40,50,3,Italy,Europe,Southern Europe,1968.0,67,,9.0,70.0,,9.0,101.0,40.0,,46.8081189538738
nate-reiss,19.68902153711704,54,52,11,United States,America,America,1963.0,71,,64.0,21.0,,72.0,32.0,55.0,,39.50212882640861
xabier-usabiaga,18.911127584750275,76,76,1,Spain,Europe,Southern Europe,1969.0,76,,,76.0,,,,76.0,,0.0
santiago-crespo,20.934607994265157,89,82,3,Spain,Europe,Southern Europe,1970.0,86,,,82.0,,,,82.0,,21.939310229205777
valter-bonca,21.3,72,70,5,Slovenia,Europe,Southern Europe,1968.0,83,,67.0,74.0,,110.0,46.0,74.0,,42.45585943070756
dario-mariuzzo,20.87759204123039,84,87,9,Italy,Europe,Southern Europe,1961.0,101,,75.0,130.0,,76.0,105.0,115.0,,44.42252931915416
michele-moro,21.96737814123516,51,51,9,Italy,Europe,Southern Europe,1965.0,73,40.0,53.0,62.0,,59.0,32.0,124.0,40.0,39.11983015186941
louis-de-koning,21.90108325327293,63,60,20,Netherlands,Europe,Western Europe,1967.0,72,54.0,58.0,72.0,42.0,51.0,56.0,94.0,54.0,33.32787674636732
pierre-herinne,20.620508736284236,142,142,2,Belgium,Europe,Western Europe,1968.0,144,,126.0,159.0,,126.0,,159.0,,23.33452377915607
martin-van-steen,22.038912687109605,106,92,42,Netherlands,Europe,Western Europe,1969.0,101,57.0,96.0,163.0,40.0,33.0,98.0,84.0,,54.06040412209631
frank-corvers,22.74,34,55,24,Belgium,Europe,Western Europe,1969.0,67,,47.0,120.0,36.0,44.0,49.0,148.0,,43.04646545775619
florian-guillou,18.67,98,92,44,France,Europe,Western Europe,1982.0,93,,104.0,86.0,,104.0,68.0,93.0,,33.60662719048889
jean-marc-bideau,19.8,112,113,31,France,Europe,Western Europe,1984.0,114,,121.0,112.0,,103.0,117.0,112.0,,34.396642746902856
fabio-casartelli,22.84,62,68,33,Italy,Europe,Southern Europe,1970.0,104,,16.0,73.0,,,8.0,107.0,,59.3275448317017
anthony-houbrechts,23.055690964416204,14,14,13,Belgium,Europe,Western Europe,1943.0,18,9.0,17.0,,,10.0,19.0,,9.0,11.397255630082002
tino-conti,25.22,5,6,9,Italy,Europe,Southern Europe,1945.0,6,9.0,,3.0,,,3.0,2.0,11.0,5.027701042999452
roland-salm,20.90267133972713,3,9,19,Switzerland,Europe,Western Europe,1951.0,20,25.0,28.0,4.0,,,6.0,22.0,11.0,11.548777814377068
italo-zilioli,19.83841751164461,8,20,9,Italy,Europe,Southern Europe,1941.0,37,25.0,5.0,34.0,,3.0,6.0,48.0,10.0,23.03499752791632
regis-lhuillier,20.6,115,112,30,France,Europe,Western Europe,1980.0,113,,118.0,88.0,,107.0,113.0,,,30.79117652387024
piotr-chmielewski,20.59,61,58,30,Poland,Europe,Eastern Europe,1970.0,59,76.0,57.0,56.0,,54.0,57.0,,76.0,28.731195749488084
domenico-passuello,20.813906792447288,94,90,8,Italy,Europe,Southern Europe,1978.0,94,63.0,66.0,99.0,,,94.0,,63.0,23.329549012847576
eddy-lembo,21.287506679471285,76,69,9,Algeria,Africa,Africa,1980.0,69,,,69.0,,,69.0,,,39.006409729684165
sebastian-mora-vedri,21.37,114,112,14,Spain,Europe,Southern Europe,1988.0,113,,113.0,,109.0,112.0,,,,24.386651906499814
willy-vigouroux,20.559668711697828,35,40,22,Belgium,Europe,Western Europe,1956.0,52,,48.0,2.0,,16.0,41.0,,,29.644940728942448
willy-sprangers,21.89475989915809,8,13,10,Belgium,Europe,Western Europe,1954.0,22,,20.0,3.0,,,13.0,,,12.723119813071706
francis-de-ridder,21.146459219931437,25,28,5,Netherlands,Europe,Western Europe,1959.0,34,,28.0,,,13.0,32.0,,,18.096961070853855
mario-van-vlimmeren,23.596418594124277,24,24,10,Netherlands,Europe,Western Europe,1958.0,28,,20.0,61.0,,20.0,29.0,,,14.974422637729088
patrick-devos,20.609967696634538,24,24,1,Belgium,Europe,Western Europe,1956.0,24,,24.0,,,24.0,,,,0.0
raoul-bruyndonckx,23.01197970468248,44,45,7,Belgium,Europe,Western Europe,1958.0,54,,45.0,,,32.0,55.0,,,24.48128536930472
marcel-summermatter,21.5255472321254,28,29,4,Switzerland,Europe,Western Europe,1956.0,39,,28.0,30.0,,,29.0,,,22.21110833194357
hans-baudoin,18.827375385766224,12,12,1,Netherlands,Europe,Western Europe,1961.0,12,,12.0,,,12.0,,,,0.0
michel-demeyre,22.879939912790263,23,25,4,France,Europe,Western Europe,1957.0,29,,25.0,,,20.0,40.0,,,12.579745625409124
ignacio-gutierrez,21.618444825279187,86,89,103,Spain,Europe,Southern Europe,1977.0,91,93.0,81.0,120.0,,56.0,88.0,109.0,,43.769825672992205
andreas-matzbacher,21.41471194331688,99,96,37,Austria,Europe,Western Europe,1982.0,98,103.0,70.0,98.0,,,83.0,105.0,,34.609099811896144
jukka-vastaranta,21.55,100,103,39,Finland,Europe,Northern Europe,1984.0,107,134.0,74.0,123.0,,17.0,85.0,143.0,,53.1174061810835
gianni-pigatto,20.980807307874223,7,7,1,Italy,Europe,Southern Europe,1964.0,7,,,7.0,,,7.0,,,0.0
zico-waeytens,20.68,136,115,70,Belgium,Europe,Western Europe,1991.0,118,139.0,96.0,131.0,51.0,99.0,107.0,135.0,,51.49575551867285
lars-van-der-haar,20.31,106,110,8,Netherlands,Europe,Western Europe,1991.0,111,,,110.0,,,110.0,,,39.001831458828406
eddy-van-hoof,22.771509188274408,6,23,6,Belgium,Europe,Western Europe,1959.0,48,,23.0,,,,23.0,,,29.775269380253587
marc-van-den-brande2,21.07775412756587,18,21,12,Belgium,Europe,Western Europe,1959.0,28,,21.0,,,10.0,24.0,,,16.3269158697588
maurice-van-heer,20.732855954908405,28,33,7,Belgium,Europe,Western Europe,1956.0,46,,33.0,,,,33.0,,,23.48758537327042
stephane-barthe,22.49,56,67,60,France,Europe,Western Europe,1972.0,74,88.0,61.0,73.0,20.0,60.0,53.0,81.0,,54.01331442888152
jay-sweet,22.53,94,88,29,Australia,Oceania,Oceania,1975.0,93,,72.0,108.0,,72.0,,108.0,,55.47368790031075
roberto-gonzalez,19.836823329648723,96,96,1,Panama,America,America,1994.0,96,,,96.0,,,,96.0,,0.0
leonardo-bonifazio,21.8,137,137,1,Italy,Europe,Southern Europe,1991.0,137,,,137.0,,,,137.0,,0.0
oscar-dierickx,17.8867931510054,7,7,2,Belgium,Europe,Western Europe,1956.0,13,,14.0,0.0,,,7.0,,,9.899494936611664
wim-maessen,17.486588904524456,31,31,2,Netherlands,Europe,Western Europe,1956.0,31,,31.0,,,,31.0,,,18.384776310850235
bert-scheunemann,20.09663798995626,12,12,2,Netherlands,Europe,Western Europe,1954.0,21,,23.0,1.0,,,12.0,,,15.556349186104043
roelof-groen,21.95432038977444,26,42,12,Netherlands,Europe,Western Europe,1952.0,48,,44.0,,23.0,28.0,47.0,,,36.938421321125375
roland-berland,19.81505239127289,30,32,8,France,Europe,Western Europe,1945.0,33,,26.0,42.0,,16.0,32.0,42.0,,14.764218328687193
andre-gevers,21.724857435608715,28,34,3,Netherlands,Europe,Western Europe,1952.0,38,,34.0,,,,34.0,,,16.258331197676263
roger-blockx,21.97179846673164,58,58,1,Belgium,Europe,Western Europe,1943.0,58,,58.0,,,,58.0,,,0.0
michael-bresciani,21.287523901612968,106,106,6,Italy,Europe,Southern Europe,1994.0,107,,106.0,,,106.0,,,,33.54052275482102
gerard-moneyron,22.049944737546564,38,38,2,France,Europe,Western Europe,1948.0,68,,38.0,,,,38.0,,,53.74011537017761
claude-tollet,19.632341191991923,7,7,1,France,Europe,Western Europe,1949.0,7,,7.0,,,,7.0,,,0.0
gabriele-mugnaini,21.420872211959782,8,8,2,Italy,Europe,Southern Europe,1950.0,8,,8.0,,,,8.0,,,0.7071067811865476
laurent-paumier,20.2,42,53,8,France,Europe,Western Europe,1973.0,56,,49.0,54.0,,,53.0,,,33.910596742442785
federico-giabbecucci,21.377227528726152,84,95,21,Italy,Europe,Southern Europe,1975.0,101,154.0,161.0,76.0,,161.0,58.0,125.0,,52.83762187792223
sven-vanthourenhout,19.62,91,78,10,Belgium,Europe,Western Europe,1981.0,78,,,78.0,,,78.0,,,36.55878067502313
innar-mandoja,22.53,86,86,8,Estonia,Europe,Northern Europe,1978.0,89,,,86.0,,,86.0,,,30.14725763410567
agustin-gago-pena,18.721013022776503,103,104,9,Spain,Europe,Southern Europe,1979.0,105,,,104.0,,,104.0,,,12.776932339180638
vincent-bader,21.65067517070879,54,58,10,Switzerland,Europe,Western Europe,1979.0,60,,,58.0,,,58.0,,,31.662104934588427
ettore-badolato,22.1114108454825,146,121,18,Italy,Europe,Southern Europe,1964.0,136,,6.0,128.0,,,5.0,135.0,,66.10708781079023
rob-kleinsman,20.33552972768097,119,106,23,Netherlands,Europe,Western Europe,1962.0,112,,71.0,118.0,,100.0,65.0,118.0,,38.07087212486504
francesco-rossignoli,18.35258490191232,75,77,39,Italy,Europe,Southern Europe,1963.0,85,,24.0,83.0,,31.0,6.0,86.0,,47.15837444931445
julian-usano-martinez,19.57,105,107,62,Spain,Europe,Southern Europe,1976.0,111,,97.0,121.0,,106.0,91.0,134.0,,31.280654980219627
roberto-lozano,20.923289901561144,78,76,27,Spain,Europe,Southern Europe,1977.0,80,,93.0,56.0,,92.0,70.0,,,36.8336910683792
luis-perez-romero,21.22534910016409,88,91,25,Spain,Europe,Southern Europe,1980.0,90,,91.0,,,,91.0,,,42.51438972081492
manuel-lloret-zaragoza,21.092331723154384,117,112,7,Spain,Europe,Southern Europe,1981.0,112,,112.0,115.0,,,112.0,115.0,,22.714585203176853
remmert-wielinga,20.76,104,103,64,Netherlands,Europe,Western Europe,1978.0,107,,109.0,98.0,,103.0,91.0,138.0,,49.73117215717908
andoni-aranaga,19.82,118,116,68,Spain,Europe,Southern Europe,1979.0,121,,119.0,98.0,,93.0,123.0,,,46.99187113310122
agustin-alonso,20.87237333487676,132,134,4,Spain,Europe,Southern Europe,1980.0,134,,134.0,,,,134.0,,,21.977260975835915
marco-righetto,20.372478842460257,142,133,9,Italy,Europe,Southern Europe,1980.0,134,,153.0,117.0,,,133.0,,,44.9206089797446
fernando-serrano-sanchez,21.96689694559666,151,145,4,Spain,Europe,Southern Europe,1979.0,145,,145.0,,,,145.0,,,15.945218719101971
enrico-grigoli,21.26490620779781,108,94,6,Italy,Europe,Southern Europe,1978.0,97,,111.0,77.0,,,94.0,,,63.27216344228057
edward-beltran,19.71,97,92,29,Colombia,America,America,1990.0,93,,93.0,91.0,,,92.0,80.0,,38.88903628089982
inigo-gonzalez-de-heredia,22.42027932620744,76,78,31,Spain,Europe,Southern Europe,1971.0,81,81.0,92.0,58.0,,124.0,34.0,81.0,52.0,31.27168494932584
riccardo-faverio,19.69756232143644,127,124,7,Italy,Europe,Southern Europe,1969.0,124,,124.0,,,124.0,,,,12.959644321985886
riccardo-ferrari,19.604869972349977,118,113,7,Italy,Europe,Southern Europe,1972.0,114,,113.0,,,113.0,,,,10.341778423094404
william-walker,21.809424476621437,75,78,62,Australia,Oceania,Oceania,1985.0,78,113.0,55.0,86.0,,,61.0,111.0,,41.81490780895482
alexander-arekeev,20.15003507520789,58,63,30,Russia,Asia,Asia,1982.0,64,37.0,66.0,,,65.0,67.0,43.0,34.0,35.16903353150652
andrea-pagoto,22.90981699372639,72,85,21,Italy,Europe,Southern Europe,1985.0,87,9.0,87.0,97.0,,,88.0,,9.0,35.175478471717845
nicolas-crosbie,23.20453143090928,119,112,51,France,Europe,Western Europe,1980.0,114,,113.0,102.0,,121.0,109.0,,,29.67178629541512
mathieu-heijboer,21.16,105,106,23,Netherlands,Europe,Western Europe,1982.0,109,,106.0,,,92.0,117.0,,,41.65598809143192
benat-albizuri-aransolo,23.05,119,120,51,Spain,Europe,Southern Europe,1981.0,121,,117.0,136.0,,99.0,131.0,,,40.12628105584356
anton-luengo,23.91829495468081,127,123,66,Spain,Europe,Southern Europe,1981.0,125,,123.0,122.0,,99.0,127.0,,,37.46115626136263
mekseb-debesay,19.32,81,81,26,Eritrea,Africa,Africa,1991.0,81,83.0,99.0,47.0,,116.0,74.0,,83.0,38.51984503523427
gregory-daniel,20.2,116,113,15,United States,America,America,1994.0,114,98.0,115.0,,,,115.0,98.0,,20.8367806671623
vincenzo-cupperi,18.627982872614083,83,80,7,Italy,Europe,Southern Europe,1961.0,81,,80.0,,,,80.0,,,8.223080178318073
frits-van-bindsbergen,19.015698422647507,60,54,16,Netherlands,Europe,Western Europe,1960.0,58,,54.0,,,123.0,50.0,,,31.37833647598292
piero-onesti,19.206283276199336,55,53,12,Italy,Europe,Southern Europe,1959.0,55,,53.0,,,58.0,53.0,,,27.630132870187985
ramon-troncoso-sobrino,23.25144355201313,46,46,1,Spain,Europe,Southern Europe,1981.0,46,,,46.0,,,,46.0,,0.0
david-belda,19.95,56,56,1,Spain,Europe,Southern Europe,1983.0,56,,,56.0,,,,56.0,,0.0
gil-suray,20.01,111,111,1,Belgium,Europe,Western Europe,1984.0,111,,,111.0,,,,111.0,,0.0
philip-zajicek,21.655970083298545,79,77,5,United States,America,America,1979.0,76,,,77.0,,,77.0,,,15.142654985173506
sergi-escobar-roure,20.035908137166818,94,89,23,Spain,Europe,Southern Europe,1974.0,88,,89.0,,,,89.0,,,55.25034651940052
eric-baumann,22.98,102,96,26,Germany,Europe,Western Europe,1980.0,105,,96.0,,,17.0,106.0,,,53.262311686161794
sascha-urweider,21.742568642448084,115,120,36,Switzerland,Europe,Western Europe,1980.0,122,,126.0,101.0,,121.0,119.0,,,35.369467148222725
francisco-cambil,20.14045451061607,57,57,9,Spain,Europe,Southern Europe,1960.0,61,,62.0,20.0,,,62.0,20.0,,27.7758888246623
santo-anza,19.84,92,93,57,Italy,Europe,Southern Europe,1980.0,94,68.0,110.0,84.0,,,108.0,75.0,30.0,36.63729456965209
steve-houanard,20.9,102,100,33,France,Europe,Western Europe,1986.0,104,116.0,71.0,116.0,54.0,64.0,102.0,116.0,,51.05880819152944
jonas-aaen-jorgensen,20.57,120,114,63,Denmark,Europe,Northern Europe,1986.0,117,128.0,103.0,129.0,,82.0,112.0,136.0,,45.23949468285722
antonio-cabello-baena,20.91,158,153,20,Spain,Europe,Southern Europe,1990.0,153,146.0,,159.0,,,,153.0,,25.41958424439501
julian-andiano,18.526379830450956,14,20,11,Spain,Europe,Southern Europe,1951.0,24,15.0,,66.0,,,66.0,15.0,,17.877359984069237
attilio-rota,21.45866337533596,28,28,10,Italy,Europe,Southern Europe,1945.0,28,28.0,,,,,,28.0,,11.557104597028903
aldo-parecchini,23.72,24,24,10,Italy,Europe,Southern Europe,1950.0,24,24.0,,,,,,24.0,,19.73265764608959
jose-gabriel-alonso-pascual,22.165983182904192,47,42,10,Spain,Europe,Southern Europe,1957.0,42,42.0,,,,,,42.0,,14.236494574781316
jose-luis-san-jose-amo,22.3624080183896,30,33,8,Spain,Europe,Southern Europe,1954.0,33,33.0,,,,,,33.0,,11.005680351527568
armando-lora,19.85401281110022,30,35,11,Italy,Europe,Southern Europe,1951.0,36,35.0,,,,,,36.0,22.0,16.36959487475595
gonzalo-aja,22.84,17,20,13,Spain,Europe,Southern Europe,1946.0,24,26.0,4.0,1.0,,,2.0,26.0,,13.996794504823466
mauro-vannucchi,20.38191319363922,44,39,10,Italy,Europe,Southern Europe,1948.0,44,43.0,,4.0,,,4.0,45.0,27.0,17.075323325391725
custodio-mazuela,21.764421360157076,20,23,10,Spain,Europe,Southern Europe,1951.0,23,23.0,,,,,,23.0,,13.192590513028303
celestino-vercelli,20.90098851735672,40,40,11,Italy,Europe,Southern Europe,1946.0,40,41.0,27.0,,,,27.0,41.0,,6.670150604814638
hendrik-vandenbrande,19.182800430871342,34,32,11,Belgium,Europe,Western Europe,1954.0,34,34.0,9.0,,,9.0,,34.0,,13.95316842480263
carlo-zoni,20.60118462290264,32,30,11,Italy,Europe,Southern Europe,1954.0,32,32.0,,3.0,,,3.0,32.0,,14.725981986086545
ronan-de-meyer,18.39071255367704,22,25,22,Belgium,Europe,Western Europe,1953.0,28,33.0,18.0,,,24.0,13.0,33.0,,15.723531321857608
garry-clively,20.098847352667235,47,46,6,Australia,Oceania,Oceania,1955.0,46,46.0,,,,,,46.0,,13.740451229854134
fernando-cabrero,22.05007475978948,37,30,10,Spain,Europe,Southern Europe,1955.0,30,30.0,,,,,,30.0,,16.168900189355284
roger-verschaeve,22.76105280575448,56,63,11,Belgium,Europe,Western Europe,1951.0,75,52.0,22.0,126.0,,22.0,126.0,52.0,,33.18844267621979
felix-suarez,22.415247472621203,52,49,7,Spain,Europe,Southern Europe,1950.0,50,47.0,62.0,,,62.0,,47.0,,10.367072415884364
ruggero-gialdini,24.11461788647772,29,33,11,Italy,Europe,Southern Europe,1950.0,34,33.0,,,,,,34.0,15.0,13.01816912137522
gianni-di-lorenzo,19.838532264177204,49,47,8,Italy,Europe,Southern Europe,1948.0,47,47.0,,,,,,47.0,,8.245128431816138
giuseppe-perletto,20.47980749358735,41,33,13,Italy,Europe,Southern Europe,1948.0,35,33.0,,,,,,38.0,15.0,18.758929497640207
jos-van-de-poel,22.337057744698757,47,47,15,Belgium,Europe,Western Europe,1954.0,52,42.0,42.0,65.0,,42.0,65.0,42.0,,21.57997307911291
erich-loder,22.258768402176663,38,33,12,Switzerland,Europe,Western Europe,1952.0,36,36.0,,4.0,,,4.0,36.0,,17.58011962589009
patrick-lefevere,18.55479422114894,41,40,11,Belgium,Europe,Western Europe,1955.0,41,41.0,32.0,,,22.0,41.0,41.0,,13.20881248533445
joaquin-llach,20.8,16,45,6,Spain,Europe,Southern Europe,1964.0,101,,45.0,,,,45.0,,,62.14713723629325
paolo-cimini,21.229209029631072,13,27,7,Italy,Europe,Southern Europe,1964.0,43,,30.0,7.0,,30.0,7.0,,,29.46992009619623
sergio-finazzi,22.388736762049472,17,48,5,Italy,Europe,Southern Europe,1964.0,67,12.0,57.0,,,49.0,82.0,,12.0,47.05847426340977
micol-gianelli,20.793009843132744,17,17,2,Italy,Europe,Southern Europe,1962.0,27,,17.0,,,17.0,,,,19.79898987322333
danilo-gioia,22.455680071314863,5,17,5,Italy,Europe,Southern Europe,1966.0,26,26.0,15.0,,,20.0,2.0,,26.0,21.78990591994376
stefano-tomasini,20.10414489177593,24,32,7,Italy,Europe,Southern Europe,1963.0,48,,32.0,,,32.0,,,,25.61063767079535
claudio-vandelli,21.47454292599382,5,24,5,Italy,Europe,Southern Europe,1961.0,50,,56.0,3.0,,56.0,3.0,,,28.665310045419005
marcel-arntz,21.85,60,55,16,Netherlands,Europe,Western Europe,1965.0,68,,49.0,80.0,,55.0,43.0,115.0,,36.17158184726421
luciano-boffo,23.660569055766125,6,28,3,Italy,Europe,Southern Europe,1962.0,55,,28.0,,,28.0,,,,40.42688874169435
maurizio-rossi,20.574846547580293,66,62,9,Italy,Europe,Southern Europe,1962.0,78,32.0,63.0,119.0,,74.0,7.0,119.0,32.0,34.807007595853136
kjell-nilsson,20.8553921060441,108,108,1,Sweden,Europe,Northern Europe,1962.0,108,,108.0,,,108.0,,,,0.0
nino-schurter,22.72,49,44,15,Switzerland,Europe,Western Europe,1986.0,44,,47.0,42.0,,,44.0,,,30.29725745878345
andrea-palini,21.88,143,131,32,Italy,Europe,Southern Europe,1989.0,133,,120.0,143.0,127.0,125.0,136.0,,,41.58066393052456
peter-mazur,23.3,127,120,25,Poland,Europe,Eastern Europe,1982.0,122,129.0,139.0,82.0,,,120.0,129.0,,52.34188889726213
kaspars-ozers,21.33,63,73,29,Latvia,Europe,Northern Europe,1968.0,86,78.0,23.0,80.0,,22.0,68.0,82.0,,55.09519303502351
mariano-rojas,20.138228942556424,24,32,20,Spain,Europe,Southern Europe,1973.0,38,,14.0,39.0,,14.0,,39.0,,22.62532349288944
rosario-fina,22.833185559424447,102,103,28,Italy,Europe,Southern Europe,1969.0,112,26.0,,115.0,,,82.0,108.0,52.0,46.543033509366026
hector-manuel-castano,20.377420885400703,122,132,16,Colombia,America,America,1965.0,134,,,132.0,,,,132.0,,24.478476940637737
alvaro-cuadros,20.91,130,119,28,Spain,Europe,Southern Europe,1995.0,120,76.0,132.0,127.0,,132.0,,115.0,,41.84362423223983
marius-mayrhofer,21.13,84,79,34,Germany,Europe,Western Europe,2000.0,79,,78.0,86.0,,97.0,72.0,,,47.68697135567165
danielle-cignali,21.921430851028024,93,86,22,Italy,Europe,Southern Europe,1970.0,89,86.0,,,,,,86.0,,35.47171301533694
joaquim-adrego-pereira-andrade,21.90220692650271,76,82,36,Portugal,Europe,Southern Europe,1969.0,85,86.0,41.0,,,,41.0,86.0,,31.943141450306445
martial-locatelli,22.712394270152625,98,95,23,France,Europe,Western Europe,1971.0,97,95.0,,,,,,95.0,,30.542784091812116
asier-guenetxea,19.55342623084586,82,71,24,Spain,Europe,Southern Europe,1970.0,74,71.0,,,,,,71.0,,49.30603558315692
lorenzo-di-silvestro,20.75574022146447,98,98,29,Italy,Europe,Southern Europe,1970.0,100,97.0,100.0,,,,100.0,97.0,,34.144938823940514
lorenzo-ferdeghini,21.292257335669525,90,89,21,Italy,Europe,Southern Europe,1971.0,95,108.0,,59.0,,,59.0,108.0,,40.14711043388398
alessio-barbagli,21.35623493599429,116,103,28,Italy,Europe,Southern Europe,1969.0,107,118.0,104.0,75.0,,129.0,92.0,118.0,,44.57482859098108
luca-pavanello,22.55090407089217,88,85,30,Italy,Europe,Southern Europe,1969.0,88,81.0,132.0,,,132.0,,81.0,,48.85033441455435
oscar-aranguren,21.05640748736911,60,62,19,Spain,Europe,Southern Europe,1970.0,61,62.0,,,,,,62.0,,44.7655360335858
juri-recanati,22.410962758648644,118,117,20,Italy,Europe,Southern Europe,1970.0,118,117.0,,,,,,117.0,,30.637094818983226
joaquin-miguelanez,19.585121258935352,112,111,23,Spain,Europe,Southern Europe,1970.0,112,110.0,,149.0,,,,111.0,,29.9384744595383
steele-von-hoff,21.6,93,97,13,Australia,Oceania,Oceania,1987.0,97,114.0,90.0,,133.0,94.0,,114.0,,39.047965244601286
aidis-kruopis,23.63,136,109,17,Lithuania,Europe,Northern Europe,1986.0,112,48.0,111.0,118.0,,111.0,118.0,70.0,26.0,44.52040180041717
luc-wallays,21.62286921905773,61,63,13,Belgium,Europe,Western Europe,1961.0,75,,43.0,95.0,,,61.0,74.0,,35.1279711764622
philippe-delaurier,21.24269372192897,62,73,17,France,Europe,Western Europe,1960.0,82,38.0,56.0,79.0,,,44.0,86.0,38.0,39.0147973436324
bruno-huger,22.19169535458243,166,144,14,France,Europe,Western Europe,1962.0,159,,47.0,170.0,,,47.0,170.0,,56.5708735681511
jean-habets,21.696020927420744,45,39,7,Netherlands,Europe,Western Europe,1961.0,42,,43.0,,12.0,12.0,43.0,,,17.26681375190157
patrick-serra,19.843646978670023,58,58,2,Sweden,Europe,Northern Europe,1962.0,57,,58.0,,,,58.0,,,8.48528137423857
gael-malacarne,21.33,102,100,11,France,Europe,Western Europe,1986.0,104,,98.0,,120.0,114.0,62.0,,,36.65093326357338
jean-luc-delpech,22.72,86,86,10,France,Europe,Western Europe,1979.0,86,,85.0,,90.0,88.0,73.0,,,54.51156859888652
igor-abakoumov,20.99,80,77,20,Belgium,Europe,Western Europe,1981.0,81,,66.0,119.0,,49.0,100.0,,,50.517610269770486
david-kopp,20.09,76,76,45,Germany,Europe,Western Europe,1979.0,79,,54.0,113.0,,53.0,96.0,146.0,,50.83350720288198
pascal-hungerbuhler,20.51179238699647,110,113,9,Switzerland,Europe,Western Europe,1977.0,114,,,113.0,,,113.0,,,26.56124997058685
tom-criel,20.956646426386296,116,112,15,Belgium,Europe,Western Europe,1983.0,112,,108.0,115.0,,,112.0,,,19.33045955653064
josef-benetseder,20.06,111,113,9,Austria,Europe,Western Europe,1983.0,114,,,113.0,,,113.0,,,24.423349483639623
mariusz-witecki,20.68,127,115,15,Poland,Europe,Eastern Europe,1981.0,117,,149.0,92.0,,149.0,92.0,,,40.89615187392621
sebastien-van-den-abeele,21.83651300233907,24,24,2,Belgium,Europe,Western Europe,1970.0,23,,24.0,,,24.0,,,,12.727922061357855
robbie-vandaele,20.06742482972597,57,60,4,Belgium,Europe,Western Europe,1972.0,63,,60.0,,,49.0,91.0,,,23.542514733987108
andy-de-smet,22.24055282864229,52,51,6,Belgium,Europe,Western Europe,1970.0,61,,51.0,,,53.0,47.0,,,29.366647748764244
marnix-cappelle,21.78388402245485,41,41,1,Belgium,Europe,Western Europe,1969.0,41,,41.0,,,41.0,,,,0.0
peter-naessens,22.18104507186254,43,52,7,Belgium,Europe,Western Europe,1967.0,55,,46.0,,68.0,46.0,89.0,,,23.521013907527355
frank-mccormack,21.919383374827927,62,62,2,United States,America,America,1969.0,62,69.0,54.0,,,54.0,,,69.0,10.606601717798211
saul-raisin,21.58237706082014,64,77,10,United States,America,America,1983.0,81,51.0,,80.0,,,80.0,,51.0,35.28235315911404
diego-caccia,19.81,126,116,50,Italy,Europe,Southern Europe,1981.0,117,96.0,116.0,,,115.0,117.0,,96.0,38.15512911196896
alexys-brunel,19.19,108,100,16,France,Europe,Western Europe,1998.0,101,,102.0,115.0,91.0,96.0,115.0,,,41.43986607121215
geert-malfait,20.730244001400735,4,13,8,Belgium,Europe,Western Europe,1953.0,26,,30.0,2.0,,26.0,8.0,,,15.046950331735474
bart-lemmen,19.65834488128433,20,19,3,Netherlands,Europe,Western Europe,1995.0,19,,,,19.0,19.0,,,,15.044378795195676
max-walker,18.59204483966909,18,19,3,Great Britain,Europe,Northern Europe,2001.0,19,,,,19.0,19.0,,,,13.527749258468685
johannes-staune-mittet,21.32092048605838,58,47,3,Norway,Europe,Northern Europe,2002.0,47,,,,47.0,47.0,,,,31.564748269760265
lukas-nerurkar,18.835036307266765,9,10,3,Great Britain,Europe,Northern Europe,2003.0,10,,,,10.0,10.0,,,,3.605551275463989
pelayo-sanchez-mayo,19.79,83,87,31,Spain,Europe,Southern Europe,2000.0,90,71.0,91.0,103.0,15.0,54.0,78.0,96.0,,39.10814891845377
gage-hecht,22.22,95,74,3,United States,America,America,1998.0,75,,,,74.0,74.0,,,,46.22769732530488
embret-svestad-bardseng,21.26484981608518,41,40,3,Norway,Europe,Northern Europe,2002.0,40,,,,40.0,40.0,,,,17.009801096230763
luke-lamperti,22.84,70,65,3,United States,America,America,2002.0,65,,,,65.0,65.0,,,,37.28717384481336
enekoitz-azparren-irurzun,19.28100676902469,30,31,3,Spain,Europe,Southern Europe,2002.0,31,,,,31.0,31.0,,,,3.214550253664318
charlie-quarterman,23.15,102,96,34,Great Britain,Europe,Northern Europe,1998.0,97,,96.0,,93.0,93.0,96.0,,,34.23361338224452
xabier-isasa-larranaga,21.79145826779886,91,88,8,Spain,Europe,Southern Europe,2001.0,89,,100.0,,68.0,68.0,100.0,,,27.40568241389783
paul-magnier,21.45,45,56,3,France,Europe,Western Europe,2004.0,56,,,,56.0,56.0,,,,30.04995840263344
oliver-rees,19.49044485543926,35,36,3,Great Britain,Europe,Northern Europe,2001.0,36,,,,36.0,36.0,,,,3.214550253664317
adrien-boichis,21.75206139757716,47,56,3,France,Europe,Western Europe,2003.0,57,,,,56.0,56.0,,,,21.57158624981792
emanuel-duarte,21.26078602088944,54,52,3,Portugal,Europe,Southern Europe,1997.0,52,,,,52.0,52.0,,,,8.18535277187245
raul-rota-rus,21.14,34,36,3,Spain,Europe,Southern Europe,1999.0,36,,,,36.0,36.0,,,,9.60902353693305
gleb-brussenskiy,20.2,92,92,9,Kazakhstan,Asia,Asia,2000.0,94,,110.0,,57.0,57.0,110.0,,,31.23210598798045
charlesetienne-chretien,20.75,70,76,4,Canada,America,America,1999.0,77,115.0,,,63.0,63.0,,115.0,,27.820855486487112
dean-harvey,22.23446232478217,85,76,3,Ireland,Europe,Northern Europe,2003.0,77,,,,76.0,76.0,,,,21.36195996001615
sergio-martin,20.83,104,101,11,Spain,Europe,Southern Europe,1996.0,107,,,121.0,48.0,48.0,,121.0,,52.42587841202784
mulu-kinfe-hailemichael,20.03,62,74,8,Ethiopia,Africa,Africa,1999.0,77,,89.0,,48.0,74.0,,,,38.82837695736016
pedro-pinto2,19.87,64,66,3,Portugal,Europe,Southern Europe,2000.0,65,,,,66.0,66.0,,,,14.571661996262929
alex-martin-gutierrez,19.82,64,56,3,Spain,Europe,Southern Europe,2000.0,56,,,,56.0,56.0,,,,15.947831618540912
eric-antonio-fagundez,22.116165338964144,80,84,11,Uruguay,America,America,1998.0,87,,103.0,80.0,41.0,85.0,,80.0,,36.92375436441474
jose-maria-garcia,22.74950514045321,76,69,3,Spain,Europe,Southern Europe,1998.0,69,,,,69.0,69.0,,,,11.547005383792513
nicolo-parisini,19.41,72,82,4,Italy,Europe,Southern Europe,2000.0,85,,140.0,,63.0,82.0,,,,41.060930335295616
german-nicolas-tivani-perez,21.63,83,84,10,Argentina,America,America,1995.0,84,,87.0,,76.0,84.0,,,,48.295847532566285
mateu-estelrich,19.93020767820408,55,58,3,Spain,Europe,Southern Europe,2001.0,58,,,,58.0,58.0,,,,20.207259421636905
sanchez-canellas,21.55,81,79,3,Spain,Europe,Southern Europe,1997.0,79,,,,79.0,79.0,,,,17.616280348965084
jose-luis-faura-asensio,20.72065234680911,61,60,3,Spain,Europe,Southern Europe,2000.0,60,,,,60.0,60.0,,,,24.515301344262525
loe-van-belle,20.13535464371201,85,88,3,Netherlands,Europe,Western Europe,2002.0,88,,,,88.0,88.0,,,,11.789826122551595
nurbergen-nurlykhassym,20.06,86,92,3,Kazakhstan,Asia,Asia,2000.0,92,,,,92.0,92.0,,,,12.74100990241093
marco-murgano,23.539196065456547,48,57,3,Italy,Europe,Southern Europe,1998.0,57,,,,57.0,57.0,,,,26.66458325194677
andrew-vollmer,19.41,88,87,3,United States,America,America,2000.0,87,,,,87.0,87.0,,,,5.0332229568471645
josu-etxeberria-azpilikueta,20.52,93,100,3,Spain,Europe,Southern Europe,2000.0,101,,,,100.0,100.0,,,,15.37313674346694
rui-carvalho,19.59,56,67,3,Portugal,Europe,Southern Europe,1995.0,67,,,,67.0,67.0,,,,20.808652046684813
vicente-hernaiz,20.31,46,60,3,Spain,Europe,Southern Europe,1998.0,60,,,,60.0,60.0,,,,28.36077102854105
iker-ballarin-manso,21.62221415822219,87,78,3,Spain,Europe,Southern Europe,1997.0,78,,,,78.0,78.0,,,,22.50185177565023
leangel-linarez,24.16,108,105,3,Venezuela,America,America,1997.0,105,,,,105.0,105.0,,,,9.29157324317757
angel-sanchez-rebollido,23.36,109,107,3,Spain,Europe,Southern Europe,1993.0,107,,,,107.0,107.0,,,,8.62167810425171
lars-boven,20.96,99,103,3,Netherlands,Europe,Western Europe,2001.0,104,,,,103.0,103.0,,,,14.977761292440643
cesar-fonte,20.76,101,100,3,Portugal,Europe,Southern Europe,1986.0,100,,,,100.0,100.0,,,,5.131601439446882
venceslau-fernandes,20.34545046629272,98,86,3,Portugal,Europe,Southern Europe,1996.0,86,,,,86.0,86.0,,,,23.75570107012911
alejandro-franco-gonzalez,18.94,27,51,3,Spain,Europe,Southern Europe,2001.0,50,,,,51.0,51.0,,,,46.285346853332896
joseba-lopez-cuesta,19.93,103,99,3,Spain,Europe,Southern Europe,2000.0,99,,,,99.0,99.0,,,,8.144527815247079
alejandro-ropero,20.86,104,101,10,Spain,Europe,Southern Europe,1998.0,100,,98.0,,107.0,101.0,,,,38.67370625574378
goncalo-carvalho,20.28,108,100,3,Portugal,Europe,Southern Europe,1997.0,99,,,,100.0,100.0,,,,19.857828011475306
rafael-elvas-barbas,18.76,109,102,3,Portugal,Europe,Southern Europe,2004.0,101,,,,102.0,102.0,,,,13.576941236277534
francisco-morais,21.46,109,101,3,Portugal,Europe,Southern Europe,1998.0,100,,,,101.0,101.0,,,,15.307950004273378
davide-baldaccini,20.93643718326993,85,86,3,Italy,Europe,Southern Europe,1998.0,86,,,,86.0,86.0,,,,25.02665245959462
tiago-nunes,20.742694244978207,106,106,3,Portugal,Europe,Southern Europe,2004.0,106,,,,106.0,106.0,,,,8.504900548115382
ryan-roth,22.86,78,72,11,Canada,America,America,1983.0,76,68.0,103.0,,,103.0,,75.0,14.0,34.618702249716776
bruno-langlois,19.78830807113664,70,70,10,Canada,America,America,1979.0,69,70.0,,,,,,70.0,,29.08397802532827
sylvain-georges,21.06,120,118,16,France,Europe,Western Europe,1984.0,121,50.0,121.0,138.0,,,127.0,50.0,,53.84665727786637
nic-hamilton,20.142616767451862,73,73,2,Canada,America,America,1986.0,72,73.0,,,,,,73.0,,29.69848480983499
marcello-pavarin,21.46,84,81,5,Italy,Europe,Southern Europe,1986.0,83,79.0,92.0,,,92.0,,79.0,,17.386776584519627
franco-ongarato,23.84,2,2,3,Italy,Europe,Southern Europe,1949.0,2,,2.0,,,2.0,,,,0.0
federico-ghiotto,20.817244523449613,6,4,4,Italy,Europe,Southern Europe,1963.0,4,,4.0,,,4.0,,,,3.1091263510296048
david-boily,18.52,138,130,6,Canada,America,America,1990.0,131,,,130.0,,,130.0,,,19.22931789395211
patrick-vermeulen,20.997482326357197,38,50,15,Belgium,Europe,Western Europe,1958.0,55,,33.0,61.0,,12.0,37.0,61.0,,35.695137724105464
ronny-de-cnodder,24.313566481638805,60,66,4,Belgium,Europe,Western Europe,1958.0,68,,66.0,,,,66.0,,,19.956202043475106
leo-van-thielen,22.60517493395249,20,21,4,Belgium,Europe,Western Europe,1953.0,25,,21.0,,,16.0,36.0,,,13.73559851869101
daniel-muller,20.15652247658646,34,30,4,Switzerland,Europe,Western Europe,1956.0,30,,30.0,,,,30.0,,,14.750706197783662
marco-cattaneo-2,21.26144342704038,11,22,3,Italy,Europe,Southern Europe,1957.0,23,10.0,28.0,,,,28.0,,10.0,19.347695814575268
nicolas-rousseau,22.6,107,108,21,France,Europe,Western Europe,1983.0,111,,108.0,107.0,,,108.0,,,37.79537638641102
josu-agirre,19.66,139,138,27,Spain,Europe,Southern Europe,1981.0,138,,139.0,110.0,,142.0,136.0,,,26.829046214834413
geert-steurs,20.67,106,108,24,Belgium,Europe,Western Europe,1981.0,112,108.0,110.0,,90.0,69.0,116.0,,108.0,40.92762700394336
nicolas-hartmann,20.74180596957396,121,114,27,France,Europe,Western Europe,1985.0,117,78.0,116.0,90.0,,,115.0,,78.0,33.00975423482996
luigi-furlan,25.36941027818859,93,100,23,Italy,Europe,Southern Europe,1963.0,112,31.0,90.0,108.0,,93.0,47.0,114.0,31.0,61.95816515398928
daniel-castro,19.935224772084723,30,62,3,Argentina,America,America,1966.0,74,27.0,130.0,30.0,,130.0,,30.0,27.0,58.62024678669762
herbert-niederberger,19.97895137012281,30,30,1,Switzerland,Europe,Western Europe,1965.0,30,30.0,,,,,,,30.0,0.0
maurizio-vandelli,19.95302454427757,70,67,6,Italy,Europe,Southern Europe,1964.0,105,44.0,89.0,4.0,,99.0,65.0,,44.0,59.11824309522963
daniele-gallo,19.98398166305205,58,58,1,Italy,Europe,Southern Europe,1967.0,58,58.0,,,,,,,58.0,0.0
dario-rando,20.13555561314887,82,82,2,Italy,Europe,Southern Europe,1966.0,85,62.0,102.0,,,102.0,,,62.0,28.284271247461906
gianluca-rigamonti,20.56017944018451,65,65,1,Italy,Europe,Southern Europe,1967.0,65,65.0,,,,,,,65.0,0.0
francisco-san-roman,19.556325941061523,72,76,4,Spain,Europe,Southern Europe,1966.0,79,66.0,85.0,,,,85.0,,66.0,12.971121771072848
marc-thevenin,22.07556815552831,72,87,3,France,Europe,Western Europe,1966.0,103,62.0,,137.0,,,,137.0,62.0,44.44097208657794
gino-van-hooydonck,20.81233008490726,86,84,6,Belgium,Europe,Western Europe,1964.0,91,78.0,80.0,113.0,70.0,49.0,106.0,113.0,78.0,33.056013068729264
daniel-wyder,21.859881491740023,8,22,14,Switzerland,Europe,Western Europe,1962.0,47,79.0,39.0,8.0,,60.0,14.0,,79.0,25.352027033854217
ebel-keizer,23.030595071828728,8,8,1,Netherlands,Europe,Western Europe,1958.0,8,,8.0,,,8.0,,,,0.0
henry-rinklin,19.314301968480795,3,6,3,Germany,Europe,Western Europe,1957.0,12,,6.0,,,13.0,2.0,,,6.429100507328637
gerrie-van-gerwen,20.846036258540536,36,36,1,Netherlands,Europe,Western Europe,1953.0,36,,36.0,,,,36.0,,,0.0
alain-gallopin,20.20935764069776,40,40,1,France,Europe,Western Europe,1957.0,40,,40.0,,,,40.0,,,0.0
jack-burke,21.6,82,82,2,Canada,America,America,1995.0,81,82.0,,,,,,82.0,,9.192388155425116
sebastien-medan,21.27148441415303,111,109,5,France,Europe,Western Europe,1972.0,119,,109.0,111.0,,146.0,84.0,,,39.23901120058965
niels-scheuneman,22.15,102,115,21,Netherlands,Europe,Western Europe,1983.0,117,112.0,103.0,148.0,,,103.0,125.0,,47.8469783093283
luis-ocana,22.035379889389755,4,10,20,Spain,Europe,Southern Europe,1945.0,18,6.0,12.0,8.0,,12.0,10.0,6.0,6.0,12.078253620715032
alain-santy,19.70289382355437,7,22,9,France,Europe,Western Europe,1949.0,37,,22.0,,,30.0,5.0,,,26.029363760525875
matteo-spreafico,20.38,108,109,20,Italy,Europe,Southern Europe,1993.0,110,110.0,,83.0,,,,83.0,110.0,29.42626825062761
didier-thueux,20.234984517422745,15,13,3,France,Europe,Western Europe,1966.0,19,,13.0,,,18.0,1.0,,,10.692676621563626
frederic-vifian,20.89118005368273,94,82,23,Switzerland,Europe,Western Europe,1974.0,84,,82.0,,,93.0,74.0,,,30.03746014325624
leon-giner,20.602876078113667,105,96,13,Spain,Europe,Southern Europe,1969.0,97,,95.0,109.0,,,95.0,109.0,,37.46673738473114
mirko-rossato,19.24458281874283,133,97,33,Italy,Europe,Southern Europe,1968.0,106,133.0,90.0,5.0,,151.0,85.0,133.0,,75.84172863951811
niels-van-der-steen,20.45,112,108,10,Netherlands,Europe,Western Europe,1972.0,109,,108.0,,,,108.0,,,40.4674080107821
hector-palacio,22.59,90,86,15,Colombia,America,America,1969.0,89,86.0,,,,,,86.0,,31.622324844505485
jose-francisco,18.124087802145265,70,67,15,Spain,Europe,Southern Europe,1971.0,74,70.0,,52.0,,,14.0,75.0,,34.13586300149951
anton-villatoro,20.29,152,147,9,Guatemala,America,America,1970.0,148,147.0,,,,,,147.0,,46.19283253685335
eddy-gragus,19.243201178147174,144,135,12,United States,America,America,1968.0,148,156.0,,31.0,,,17.0,146.0,,53.140394382724665
scott-mercier,22.213237002177596,162,157,6,United States,America,America,1968.0,157,157.0,,,,,,157.0,,16.762060334775875
emmanuel-hubert,21.016449715751143,121,115,7,France,Europe,Western Europe,1970.0,117,119.0,86.0,,,,86.0,119.0,,30.12671650908953
igor-romero-etxebarria,22.562779572607628,90,90,1,Spain,Europe,Southern Europe,1986.0,90,,,90.0,,,,90.0,,0.0
julen-irizar,21.15,117,99,3,Spain,Europe,Southern Europe,1995.0,99,,99.0,,,99.0,,,,48.56953777832357
daniel-turek,21.5,118,122,6,Czech Republic,Europe,Eastern Europe,1993.0,124,,122.0,,,127.0,95.0,,,22.91433321453336
roy-goldstein,20.81,165,161,3,Israel,Asia,Asia,1993.0,161,,161.0,,,161.0,,,,10.969655114602888
gregor-gazvoda,20.59,111,113,22,Slovenia,Europe,Southern Europe,1981.0,114,,113.0,,,87.0,115.0,,,40.66271891987438
angelo-pagani,21.95,111,111,29,Italy,Europe,Southern Europe,1988.0,115,,111.0,,,100.0,115.0,,,35.72814016989969
alfredo-balloni,20.81,157,148,27,Italy,Europe,Southern Europe,1989.0,150,,163.0,114.0,,,148.0,,,28.834086744763717
timon-seubert,21.8,153,138,23,Germany,Europe,Western Europe,1987.0,142,,141.0,,103.0,98.0,146.0,,,43.605625702257456
tom-leaper,21.2198272146564,108,111,32,Australia,Oceania,Oceania,1975.0,116,60.0,118.0,,,122.0,117.0,,60.0,39.13907172486173
justin-spinelli,21.604563258481537,143,132,17,United States,America,America,1979.0,135,,146.0,100.0,,,132.0,127.0,,33.34523071992014
rune-herregodts,21.37,106,96,16,Belgium,Europe,Western Europe,1998.0,97,,118.0,59.0,,119.0,78.0,,,41.90102425160193
milan-menten,22.46,101,87,24,Belgium,Europe,Western Europe,1996.0,87,77.0,87.0,91.0,71.0,92.0,84.0,,77.0,51.36393309695438
patrick-deneut,23.019535522930784,32,36,18,Belgium,Europe,Western Europe,1960.0,51,,40.0,8.0,,40.0,34.0,,,33.226741336900325
steven-lammertink,21.95,122,108,10,Netherlands,Europe,Western Europe,1993.0,111,,95.0,128.0,,,108.0,,,59.32059788415264
alex-peters,21.88,131,124,6,Great Britain,Europe,Northern Europe,1994.0,123,,124.0,,,,124.0,,,26.44743213748107
dylan-page,20.9,123,135,9,Switzerland,Europe,Western Europe,1993.0,138,,135.0,,,168.0,118.0,,,29.61887536314938
francesco-de-bonis,20.6,86,91,26,Italy,Europe,Southern Europe,1982.0,94,,91.0,,,,91.0,,,46.9293577133186
nathan-miller,22.38895719858441,128,128,6,United States,America,America,1985.0,128,,128.0,,,,128.0,,,9.867454923467683
tom-stremersch,23.526381526402886,82,86,36,Belgium,Europe,Western Europe,1975.0,89,,85.0,95.0,,116.0,81.0,124.0,,27.50128424129744
luca-de-angeli,20.71293110663269,87,90,21,Italy,Europe,Southern Europe,1976.0,93,,90.0,87.0,,,90.0,,,45.597305684813065
julian-winn,21.6,102,94,28,Great Britain,Europe,Northern Europe,1972.0,98,,95.0,84.0,,110.0,89.0,,,43.1886932832336
leonardo-zanotti,22.59262351492489,70,70,29,Italy,Europe,Southern Europe,1978.0,71,57.0,71.0,44.0,,65.0,72.0,,57.0,22.24322556968396
salvatore-scamardella,20.60265880586943,123,109,21,Italy,Europe,Southern Europe,1979.0,114,,112.0,43.0,,,109.0,,,33.04981809617832
moises-aldape,20.24,135,122,15,Mexico,America,America,1981.0,130,24.0,137.0,,,128.0,138.0,29.0,19.0,53.58526805364467
dirk-ronellenfitsch,22.530681194690143,125,127,21,Germany,Europe,Western Europe,1975.0,129,117.0,,152.0,,,,127.0,,26.081191909661097
saulius-sarkauskas,22.84,75,78,21,Lithuania,Europe,Northern Europe,1970.0,80,67.0,,104.0,,,,78.0,,42.37407113745273
pablo-soler,21.04721549217077,109,96,27,Spain,Europe,Southern Europe,1975.0,95,97.0,106.0,84.0,,,106.0,94.0,,40.63926497305109
mirko-marini,21.39037362224945,126,121,50,Italy,Europe,Southern Europe,1974.0,122,121.0,122.0,121.0,,164.0,115.0,135.0,,37.07677638278138
luis-diego-prior,19.24225210231925,110,112,21,Spain,Europe,Southern Europe,1975.0,113,102.0,,135.0,,,,112.0,,27.79773885973976
antonio-segismundo-de-la-torre-viel,20.59300890551375,100,102,19,Spain,Europe,Southern Europe,1974.0,106,83.0,,145.0,,,,102.0,,52.614286632954894
janusz-kowalski,21.504127249861025,13,13,1,Poland,Europe,Eastern Europe,1952.0,13,,13.0,,,13.0,,,,0.0
kees-bal,19.93035861432363,6,10,13,Netherlands,Europe,Western Europe,1951.0,12,35.0,8.0,,,6.0,19.0,35.0,,9.69205331371518
sylvain-vasseur,23.19894493443056,19,34,6,France,Europe,Western Europe,1946.0,56,,34.0,,,36.0,32.0,,,32.108669649592564
frederic-brun-2,20.44,116,118,22,France,Europe,Western Europe,1988.0,120,,129.0,120.0,69.0,69.0,129.0,120.0,,38.9100694742827
thierry-bock,22.031342947724305,0,0,1,Belgium,Europe,Western Europe,1966.0,0,,,0.0,,,0.0,,,0.0
gilberto-zattoni,19.30826621146021,147,147,2,Italy,Europe,Southern Europe,1973.0,147,,,147.0,,,147.0,,,1.4142135623730951
alf-segersall,21.22,54,48,10,Sweden,Europe,Northern Europe,1956.0,66,54.0,48.0,43.0,,,48.0,43.0,54.0,33.45992628005428
francisco-jose-garcia-armendaris,21.56299194272773,41,69,7,Spain,Europe,Southern Europe,1968.0,77,,86.0,64.0,32.0,98.0,57.0,,,52.624455658309024
maxime-vantomme,20.81,64,65,31,Belgium,Europe,Western Europe,1986.0,68,,61.0,86.0,55.0,50.0,82.0,,,35.77465312831996
dalivier-ospina,20.72,102,96,15,Colombia,America,America,1985.0,98,,96.0,,,80.0,102.0,,,47.0250186704097
wilson-alexander-marentes,20.92723086685651,141,133,26,Colombia,America,America,1985.0,138,,133.0,,,106.0,141.0,,,42.64205219480665
juan-esteban-arango,20.96,118,118,1,Colombia,America,America,1986.0,118,,118.0,,,,118.0,,,0.0
arthur-vanoverberghe,19.84,120,127,3,Belgium,Europe,Western Europe,1990.0,127,,127.0,,,,127.0,,,13.0
egidijus-juodvalkis,22.04,57,69,8,Lithuania,Europe,Northern Europe,1988.0,70,,68.0,,74.0,63.0,80.0,,,32.731592427762244
gregory-habeaux,20.31,125,125,11,Belgium,Europe,Western Europe,1982.0,126,,125.0,,,122.0,130.0,,,32.39388269972645
dino-zandegu,21.345586919577944,2,2,4,Italy,Europe,Southern Europe,1940.0,2,,,2.0,,,2.0,,,1.2583057392117916
harry-steevens,23.04,4,10,12,Netherlands,Europe,Western Europe,1945.0,19,,22.0,2.0,,14.0,10.0,,,12.38400728212142
giuseppe-milioli,20.263068986739302,2,2,2,Italy,Europe,Southern Europe,1945.0,1,,1.0,2.0,,1.0,2.0,,,0.7071067811865476
henk-benjamins,20.870486935368163,3,3,1,Netherlands,Europe,Western Europe,1945.0,3,,,3.0,,,3.0,,,0.0
albert-fritz,22.10002088884751,1,2,7,Germany,Europe,Western Europe,1947.0,2,,,2.0,,,2.0,,,2.115700942049815
sjoerd-bax,22.79,88,82,17,Netherlands,Europe,Western Europe,1996.0,82,,67.0,87.0,,86.0,81.0,,,31.026435597444205
diego-magoni,22.452663267422597,4,4,1,Italy,Europe,Southern Europe,1955.0,4,,,4.0,,,4.0,,,0.0
moretti-roberto,21.88897013490396,82,73,9,Italy,Europe,Southern Europe,1970.0,73,,73.0,,,,73.0,,,46.33303357217181
alvaro-lozano,21.61391052114555,92,93,11,Colombia,America,America,1964.0,93,,94.0,88.0,,,93.0,,,23.46486735526114
andrea-dolci,21.60925259057363,149,132,15,Italy,Europe,Southern Europe,1969.0,137,146.0,123.0,,,,123.0,164.0,55.0,50.26169610387313
stefano-casagrande,20.32057619896322,135,125,8,Italy,Europe,Southern Europe,1962.0,131,,125.0,,,,125.0,,,37.55281994357129
enrico-bonetti,21.375270220165525,121,113,18,Italy,Europe,Southern Europe,1970.0,115,,125.0,98.0,,,113.0,,,36.01452139948533
paolo-alberati,17.924978950590006,109,106,12,Italy,Europe,Southern Europe,1973.0,108,,109.0,74.0,,93.0,108.0,,,22.94459730425761
per-bausager,22.093354742001456,40,44,29,Denmark,Europe,Northern Europe,1956.0,53,38.0,35.0,75.0,,36.0,45.0,43.0,,28.220455146399583
jorgen-marcussen,20.45,34,40,39,Denmark,Europe,Northern Europe,1950.0,53,27.0,25.0,76.0,,,34.0,50.0,29.0,34.84397457384223
hugues-grondin,19.91156104151254,51,46,23,France,Europe,Western Europe,1959.0,48,,46.0,,,,46.0,,,17.857804617890494
fabian-garcia-rodriguez,19.77561683706076,67,66,11,Spain,Europe,Southern Europe,1955.0,66,,66.0,,,,66.0,,,7.698878312632775
felix-perez,20.08298669020298,37,37,21,Spain,Europe,Southern Europe,1955.0,38,4.0,38.0,,,,38.0,4.0,,21.065317919452795
erich-jagsch,20.47686060681309,54,51,33,Austria,Europe,Western Europe,1955.0,57,,34.0,64.0,,,49.0,53.0,,35.912219368900054
vivencio-rubio,23.353451265103537,66,67,5,Spain,Europe,Southern Europe,1957.0,67,,67.0,,,,67.0,,,3.04959013639538
hans-vonk,21.632634876494297,38,38,14,Netherlands,Europe,Western Europe,1959.0,40,,39.0,,24.0,24.0,39.0,,,25.276166944072344
jose-teixeira-rodriguez,21.961760766003373,58,52,19,Spain,Europe,Southern Europe,1957.0,52,,52.0,,,,52.0,,,18.630447317535403
dag-selander,22.45740192235954,76,68,5,Norway,Europe,Northern Europe,1955.0,68,,68.0,,,,68.0,,,14.584238067173754
mursio-rivas,23.43017197055413,69,69,5,Spain,Europe,Southern Europe,1961.0,69,,69.0,,,,69.0,,,7.681145747868608
gerald-oberson,20.10039064676495,31,32,14,Switzerland,Europe,Western Europe,1954.0,35,,32.0,,,,32.0,,,24.57864703578881
marc-revoul,22.207097526096756,42,42,18,France,Europe,Western Europe,1957.0,43,,42.0,,,,42.0,,,16.15367377628347
steve-larsen,20.30944286806759,36,49,6,United States,America,America,1970.0,64,22.0,39.0,65.0,84.0,84.0,39.0,47.0,32.0,35.936981880323046
alain-van-den-bossche,18.72609947313132,16,33,11,Belgium,Europe,Western Europe,1965.0,39,,20.0,93.0,42.0,24.0,37.0,93.0,,34.83049865223919
franck-boucanville,23.174047600049548,20,32,9,France,Europe,Western Europe,1966.0,42,,34.0,,20.0,15.0,67.0,,,28.48586394063632
hans-kindberg,20.911635087436693,10,10,4,Sweden,Europe,Northern Europe,1967.0,19,,6.0,,22.0,17.0,4.0,,,9.251126057585278
enrico-cecchetto,19.942658430320115,58,53,4,Italy,Europe,Southern Europe,1968.0,69,92.0,48.0,,25.0,14.0,92.0,,92.0,45.558570360946725
kurt-onclin,21.12602812295152,60,51,5,Belgium,Europe,Western Europe,1966.0,57,,57.0,,28.0,49.0,60.0,,,23.78655082184048
lorenzo-lapage,22.40888789181443,85,81,5,Belgium,Europe,Western Europe,1966.0,83,,95.0,,59.0,68.0,100.0,,,26.763781496642064
peter-de-frenne,20.908328209546923,80,80,2,Belgium,Europe,Western Europe,1969.0,86,,122.0,,39.0,80.0,,,,58.68986283848344
peter-huyghe,23.15336388843276,29,25,5,Belgium,Europe,Western Europe,1965.0,27,,20.0,,46.0,22.0,37.0,,,18.096961070853855
michel-stasse,22.442682871099308,56,56,1,Belgium,Europe,Western Europe,1967.0,56,,,,56.0,56.0,,,,0.0
patrick-van-roosbroeck,22.208285864377796,59,58,9,Belgium,Europe,Western Europe,1969.0,59,,56.0,,63.0,46.0,83.0,,,26.888659319497503
bernd-grone,21.5636080325768,80,76,18,Germany,Europe,Western Europe,1963.0,110,,43.0,125.0,76.0,57.0,52.0,153.0,,57.69992240680774
arno-wohlfahrter,21.31889583874253,54,54,2,Austria,Europe,Western Europe,1964.0,80,,17.0,,91.0,54.0,,,,52.32590180780452
kees-hopmans,18.882410553741536,94,91,3,Netherlands,Europe,Western Europe,1964.0,106,,89.0,,94.0,91.0,,,,46.09049070397638
jan-mattheus,21.992291131234943,84,84,2,Belgium,Europe,Western Europe,1965.0,87,,,,84.0,84.0,,,,24.748737341529164
john-herety,21.41131766370349,2,2,2,Great Britain,Europe,Northern Europe,1958.0,2,,2.0,,,2.0,,,,1.4142135623730951
michel-larpe,21.253423720804506,7,6,5,France,Europe,Western Europe,1959.0,7,,6.0,,,6.0,,,,3.391164991562634
jose-enrique-carrera,21.1360623383066,8,41,6,Spain,Europe,Southern Europe,1965.0,99,,33.0,83.0,,73.0,6.0,83.0,,55.88798320450173
fernando-grijalba,19.69,93,93,1,Spain,Europe,Southern Europe,1991.0,93,,,93.0,,,,93.0,,0.0
benjamin-perry,21.67,97,93,13,Canada,America,America,1994.0,95,88.0,98.0,,100.0,97.0,104.0,88.0,,30.22246574813901
jonas-ljungblad,22.34,115,103,32,Sweden,Europe,Northern Europe,1979.0,104,82.0,103.0,116.0,,,106.0,100.0,26.0,43.0534176830777
michel-cerneus,21.625671806322128,74,74,1,Netherlands,Europe,Western Europe,1976.0,74,,74.0,,,74.0,,,,0.0
ivan-luna,22.74346084661724,61,60,3,Italy,Europe,Southern Europe,1970.0,63,,60.0,,,77.0,51.0,,,18.036999011291577
michele-zamboni,20.734730593187848,71,71,2,Italy,Europe,Southern Europe,1970.0,73,,71.0,,,85.0,57.0,,,19.79898987322333
johan-de-geyter,21.86800595845388,71,71,2,Belgium,Europe,Western Europe,1972.0,73,,94.0,,48.0,71.0,,,,32.526911934581186
michael-van-der-wolf,18.56442372974017,97,97,2,Netherlands,Europe,Western Europe,1970.0,97,,97.0,,,97.0,,,,1.4142135623730951
jean-pierre-delphis,20.87115364165425,96,93,27,France,Europe,Western Europe,1969.0,95,,140.0,91.0,,140.0,76.0,95.0,,36.92407702824086
dieter-runkel,20.233974707391965,118,105,21,Switzerland,Europe,Western Europe,1966.0,106,,23.0,109.0,,,23.0,109.0,,43.04604400826985
jocelyn-jolidon,21.37804333652875,9,29,7,Switzerland,Europe,Western Europe,1962.0,79,,46.0,6.0,,60.0,6.0,,,41.22181576832946
filippo-zaccanti,20.56924132477028,116,116,8,Italy,Europe,Southern Europe,1995.0,117,,,116.0,,,116.0,,,12.375090187261552
daniel-pearson,19.47,118,110,17,Great Britain,Europe,Northern Europe,1994.0,109,,,110.0,,,110.0,,,36.28188253109257
masakazu-ito,21.322439356747655,130,128,8,Japan,Asia,Asia,1988.0,128,,,128.0,,,128.0,,,6.928203230275505
manuel-cardenas,18.97099265967686,134,125,35,Colombia,America,America,1961.0,130,,,125.0,,,128.0,125.0,,45.14974152377691
jan-van-wijk,20.32005526489201,83,80,25,Netherlands,Europe,Western Europe,1962.0,85,,84.0,79.0,,,44.0,83.0,,40.41027097162304
juan-carlos-rozas,18.81481480476617,112,110,25,Spain,Europe,Southern Europe,1963.0,118,,109.0,110.0,,,109.0,110.0,,48.77970889622036
alex-stieda,22.90279672671928,108,87,25,Canada,America,America,1961.0,89,,40.0,91.0,,7.0,73.0,91.0,,56.82493584099619
heriberto-uran,23.79125162641317,132,123,23,Colombia,America,America,1954.0,126,,,123.0,,,,123.0,,44.53031121158699
bernard-croyet,22.230412558406275,1,1,1,France,Europe,Western Europe,1948.0,1,,,1.0,,,1.0,,,0.0
eduardo-perez-landaluce,20.68,105,105,1,Spain,Europe,Southern Europe,1998.0,105,,,,105.0,105.0,,,,0.0
jonathan-tiernan-locke,18.772540031332856,108,104,20,Great Britain,Europe,Northern Europe,1984.0,106,40.0,111.0,112.0,,118.0,108.0,40.0,,35.898211361394715
arman-kamyshev,20.23,135,130,19,Kazakhstan,Asia,Asia,1991.0,132,69.0,114.0,138.0,105.0,110.0,137.0,69.0,,25.5278772055156
jonas-ahlstrand,22.98,143,128,19,Sweden,Europe,Northern Europe,1990.0,129,,134.0,120.0,,134.0,120.0,,,38.89917992490856
chris-butler,18.83,133,131,12,United States,America,America,1988.0,135,,131.0,,,,131.0,,,36.95410749302519
joey-mcloughlin,22.944662216863733,15,28,6,Great Britain,Europe,Northern Europe,1964.0,49,,28.0,,,34.0,22.0,,,30.76632358060785
daniel-plummer,21.479642445532622,64,67,26,Belgium,Europe,Western Europe,1957.0,72,,64.0,68.0,,,76.0,64.0,,33.53943717705839
jean-raymond-toso,21.704596329639777,52,54,25,France,Europe,Western Europe,1952.0,60,24.0,19.0,57.0,,,79.0,47.0,24.0,37.5114649140766
hans-peter-jakst,23.04784989605189,46,54,23,Germany,Europe,Western Europe,1954.0,55,,,54.0,,,65.0,51.0,,20.10614127564132
karel-hnik,19.05,88,83,12,Czech Republic,Europe,Eastern Europe,1991.0,85,40.0,89.0,83.0,,89.0,83.0,40.0,,22.99851773879825
marcin-mrosek,21.31,115,121,7,Poland,Europe,Eastern Europe,1990.0,127,,121.0,,,121.0,,,,34.32894100429243
boris-dron,21.5,148,137,7,Belgium,Europe,Western Europe,1988.0,141,,137.0,,,137.0,,,,43.94693770142959
pawel-franczak,19.88,150,123,6,Poland,Europe,Eastern Europe,1991.0,123,,123.0,,,123.0,,,,61.78160459770098
mateusz-taciak,21.46,140,130,20,Poland,Europe,Eastern Europe,1984.0,131,,144.0,107.0,,144.0,107.0,,,44.45873308325847
jose-grande,22.280956519972325,6,6,4,Spain,Europe,Southern Europe,1944.0,7,,7.0,5.0,,,6.0,,,2.3804761428476167
willy-van-neste,18.6469374660628,6,10,10,Belgium,Europe,Western Europe,1944.0,10,,9.0,,13.0,11.0,8.0,,,8.14111649454654
alain-nogues,20.06993946903568,9,9,1,France,Europe,Western Europe,1948.0,9,,9.0,,,,9.0,,,0.0
denis-smyslov,20.90316104733161,102,98,5,Russia,Asia,Asia,1979.0,98,,,98.0,,,98.0,,,15.385057685949702
paul-de-keyser,21.20782651895441,91,78,14,Belgium,Europe,Western Europe,1957.0,77,,,78.0,,,77.0,78.0,,35.92819456687415
benny-vermeulen,19.61345813191628,84,72,14,Belgium,Europe,Western Europe,1957.0,76,,26.0,75.0,,,73.0,71.0,,48.19648430021736
john-archibald,22.12,153,133,7,Great Britain,Europe,Northern Europe,1990.0,133,,133.0,,,133.0,,,,40.37679673136186
emil-vinjebo,20.45,92,88,13,Denmark,Europe,Northern Europe,1994.0,91,54.0,93.0,68.0,,93.0,,61.0,,18.327854659240845
daniel-munoz,18.83,98,99,7,Colombia,America,America,1996.0,99,,99.0,,,99.0,,,,32.251245823112896
ettore-pastorelli,20.161735000398533,8,24,13,Italy,Europe,Southern Europe,1966.0,47,,24.0,,,43.0,12.0,,,37.07390401582168
dries-de-pooter,18.42,77,75,7,Belgium,Europe,Western Europe,2002.0,76,,58.0,82.0,,,75.0,,,25.63665530520889
tim-van-dijke,20.72,78,79,4,Netherlands,Europe,Western Europe,2000.0,82,,68.0,,113.0,117.0,42.0,,,43.71403283462493
arnaud-de-lie,23.55,24,39,8,Belgium,Europe,Western Europe,2002.0,41,,44.0,,1.0,37.0,49.0,,,41.87545308923321
erik-nordsaeter-resell,22.41741789288949,68,66,13,Norway,Europe,Northern Europe,1996.0,66,,66.0,,67.0,67.0,61.0,,,15.214281414985036
liam-slock,22.07,57,57,1,Belgium,Europe,Western Europe,2000.0,57,,57.0,,,,57.0,,,0.0
pierre-gautherat,22.34,82,82,1,France,Europe,Western Europe,2003.0,82,,82.0,,,,82.0,,,0.0
sander-de-pestel,21.86,88,87,4,Belgium,Europe,Western Europe,1998.0,87,,88.0,,83.0,83.0,88.0,,,2.6299556396765835
andre-carvalho,20.15,105,102,14,Portugal,Europe,Southern Europe,1997.0,104,109.0,104.0,,76.0,88.0,118.0,109.0,,21.730618496024917
louis-bendixen,23.40958432777568,89,89,2,Denmark,Europe,Northern Europe,1995.0,89,,89.0,,,81.0,97.0,,,11.31370849898476
gilles-de-wilde,22.4,114,117,4,Belgium,Europe,Western Europe,1999.0,117,,115.0,,123.0,114.0,120.0,,,17.211914478058507
alexandre-balmer,19.19,80,78,12,Switzerland,Europe,Western Europe,2000.0,81,51.0,88.0,,,85.0,90.0,36.0,81.0,28.808142788265453
antonio-puppio,21.68,107,105,3,Italy,Europe,Southern Europe,1999.0,107,,105.0,,,116.0,99.0,,,12.662279942148388
ward-vanhoof,21.68,64,69,9,Belgium,Europe,Western Europe,1999.0,70,,68.0,,74.0,69.0,72.0,,,28.46098694314338
gleb-syritsa,23.55,106,97,10,Russia,Asia,Asia,2000.0,98,,97.0,,,98.0,94.0,,,35.72363052347532
milan-fretin,21.13,117,117,1,Belgium,Europe,Western Europe,2001.0,117,,117.0,,,,117.0,,,0.0
ceriel-desal,21.05,112,112,2,Belgium,Europe,Western Europe,1999.0,111,,112.0,,,104.0,119.0,,,10.606601717798211
samuel-watson,19.66,98,94,10,Great Britain,Europe,Northern Europe,2001.0,97,,93.0,97.0,74.0,74.0,96.0,,,41.56240288209205
william-blume-levy,24.43215437190582,99,100,4,Denmark,Europe,Northern Europe,2001.0,102,,104.0,,89.0,99.0,102.0,,,17.61628034896508
nathan-vandepitte,21.7,129,129,1,France,Europe,Western Europe,2000.0,129,,129.0,,,,129.0,,,0.0
luc-de-decker,18.893104130697346,10,23,10,Belgium,Europe,Western Europe,1960.0,35,,23.0,,,23.0,23.0,,,29.43712697333835
silvano-ricco,21.18849673754111,3,25,3,Italy,Europe,Southern Europe,1959.0,34,,36.0,3.0,,36.0,3.0,,,39.551653989856526
thomas-durst,19.917733270681826,40,52,7,Germany,Europe,Western Europe,1967.0,74,,39.0,83.0,,19.0,70.0,83.0,,40.04461797259937
rik-van-linden,20.232549215986023,8,22,14,Belgium,Europe,Western Europe,1949.0,58,22.0,6.0,110.0,11.0,4.0,36.0,67.0,,37.7616149077282
bruno-huerlimann,21.4127189114537,41,36,4,Switzerland,Europe,Western Europe,1962.0,52,,36.0,,,58.0,28.0,,,29.14761282392322
arne-marit,21.04,104,89,37,Belgium,Europe,Western Europe,1999.0,90,,88.0,,111.0,85.0,91.0,,,47.33539520950089
henok-mulubrhan,19.37,90,102,22,Eritrea,Africa,Africa,1999.0,106,,102.0,,,161.0,99.0,,,37.37319107669843
nicolas-dalla-valle,22.81677706433118,124,118,21,Italy,Europe,Southern Europe,1997.0,120,,118.0,,,,118.0,,,42.22440052860431
martin-marcellusi,20.96,108,95,21,Italy,Europe,Southern Europe,2000.0,96,,95.0,,,,95.0,,,43.47084408789741
alessandro-iacchi,20.42,117,116,26,Italy,Europe,Southern Europe,1999.0,118,,116.0,,,130.0,112.0,,,32.68434111078505
diego-pablo-sevilla,21.89,106,105,25,Spain,Europe,Southern Europe,1996.0,107,,105.0,,,84.0,109.0,,,27.74785276977902
volodymyr-dyudya,22.16,122,106,28,Ukraine,Europe,Eastern Europe,1983.0,108,106.0,102.0,109.0,,,89.0,140.0,,56.95640215139775
jose-antonio-carrasco-ramirez,23.342941455204297,74,77,20,Spain,Europe,Southern Europe,1980.0,78,76.0,,94.0,,,,77.0,,42.23754877257662
jorgen-bo-petersen,21.55676307655289,86,80,24,Denmark,Europe,Northern Europe,1970.0,82,,80.0,,,62.0,86.0,,,41.123003894114575
ruslan-gryschenko,21.324031836660893,119,110,28,Ukraine,Europe,Eastern Europe,1981.0,115,,110.0,,,147.0,103.0,,,38.80189816990016
bogdan-bondariew,23.659343045186542,113,108,19,Ukraine,Europe,Eastern Europe,1974.0,111,,108.0,,,54.0,114.0,,,43.54737958828117
bruno-wolfer,21.59210426910215,12,15,25,Switzerland,Europe,Western Europe,1954.0,22,18.0,21.0,7.0,,13.0,14.0,16.0,20.0,13.54535590771489
maxime-cam,21.36,130,127,6,France,Europe,Western Europe,1992.0,127,,,127.0,,,127.0,,,13.227496613746178
julian-kern,19.84,108,105,16,Germany,Europe,Western Europe,1989.0,106,88.0,87.0,123.0,,87.0,123.0,88.0,,41.1379792081883
magno-prado,21.97,110,118,4,Brazil,America,America,1986.0,119,,118.0,,,118.0,,,,34.39476704383968
leszek-plucinski,19.27,115,110,18,Poland,Europe,Eastern Europe,1990.0,109,,89.0,131.0,,89.0,131.0,,,33.2581505072576
martijn-budding,21.16,125,124,10,Netherlands,Europe,Western Europe,1995.0,128,,117.0,132.0,,126.0,123.0,,,34.413175771304026
tim-ariesen,21.13,134,134,4,Netherlands,Europe,Western Europe,1994.0,136,,134.0,,,134.0,,,,44.684076209167245
murilo-ferraz-affonso,20.57,142,134,4,Brazil,America,America,1991.0,135,,134.0,,,134.0,,,,35.81898937714463
caio-godoy-ormenese,23.22926244349828,143,119,4,Brazil,America,America,1995.0,116,,119.0,,,119.0,,,,57.80426743185432
piotr-brozyna,19.26,152,148,4,Poland,Europe,Eastern Europe,1995.0,148,,148.0,,,148.0,,,,16.603212540549695
patryk-stosz,21.46,168,164,4,Poland,Europe,Eastern Europe,1994.0,165,,164.0,,,164.0,,,,17.748239349298846
stephan-gottschling,20.35924546902004,54,54,16,Germany,Europe,Western Europe,1968.0,56,,69.0,44.0,,,54.0,,,22.668627366178715
massimo-cigana,22.34,42,73,17,Italy,Europe,Southern Europe,1974.0,88,42.0,145.0,44.0,,145.0,33.0,141.0,42.0,60.52175107299174
thomas-muhlbacher,20.99,36,34,9,Austria,Europe,Western Europe,1974.0,35,,,34.0,,,34.0,,,17.698870020427858
svein-gaute-holestol,24.25,70,71,9,Norway,Europe,Northern Europe,1971.0,71,,,71.0,,,71.0,,,29.04211501327761
jan-bratkowski,22.21589692328794,31,43,7,Germany,Europe,Western Europe,1975.0,43,,,43.0,,,43.0,,,34.60250472629595
kirk-willett,21.048673662439104,80,80,9,United States,America,America,1970.0,82,,,80.0,,,80.0,,,29.16761903207048
dominique-perras,20.465160067560223,108,98,15,Canada,America,America,1974.0,99,85.0,103.0,97.0,,,100.0,,85.0,23.754297856738827
jochen-summer,20.2215777877279,116,97,6,Austria,Europe,Western Europe,1977.0,99,39.0,121.0,106.0,,121.0,106.0,,39.0,34.50797009387831
jamie-peter-drew,20.62643689431853,114,100,6,Australia,Oceania,Oceania,1973.0,101,,129.0,95.0,,,100.0,,,43.42196064972961
lukas-spengler,22.07,74,75,3,Switzerland,Europe,Western Europe,1994.0,75,,75.0,,,76.0,74.0,,,24.515301344262525
dimitri-peyskens,20.83,84,84,6,Belgium,Europe,Western Europe,1991.0,86,131.0,74.0,,,82.0,72.0,131.0,,30.824773586624552
benjamin-declercq,20.23,103,93,13,Belgium,Europe,Western Europe,1994.0,94,110.0,90.0,,94.0,77.0,98.0,110.0,,31.51942827803764
jan-willem-van-schip,22.32,93,93,1,Netherlands,Europe,Western Europe,1994.0,93,,93.0,,,,93.0,,,0.0
justin-jules,22.95,86,80,7,France,Europe,Western Europe,1986.0,87,,90.0,,22.0,29.0,119.0,,,53.31577091791348
dainis-ozols,23.36,46,40,5,Latvia,Europe,Northern Europe,1966.0,44,40.0,40.0,,,,40.0,28.0,63.0,24.44381312316064
massimo-graziato,22.28,151,143,28,Italy,Europe,Southern Europe,1988.0,146,141.0,99.0,153.0,,99.0,159.0,143.0,,34.86421127048807
luca-dodi,20.06,141,133,20,Italy,Europe,Southern Europe,1987.0,134,123.0,,151.0,,,,133.0,,32.0047282691003
daan-holst,21.31566560734928,39,32,5,Belgium,Europe,Western Europe,1945.0,39,,40.0,1.0,,46.0,23.0,,,18.68154169226941
jurg-schneider,19.34480897086776,5,5,3,Switzerland,Europe,Western Europe,1949.0,5,,,5.0,,,5.0,,,1.5275252316519463
mathijs-de-koning,19.977839065143684,6,7,5,Netherlands,Europe,Western Europe,1949.0,10,,16.0,5.0,,16.0,5.0,,,5.272570530585627
albert-hitchen,22.759403100678227,7,7,2,Great Britain,Europe,Northern Europe,1938.0,7,,,7.0,,,7.0,,,0.0
bernt-johansson,22.92,14,17,9,Sweden,Europe,Northern Europe,1953.0,20,11.0,16.0,23.0,,14.0,20.0,13.0,10.0,10.8755587340503
regis-roqueta,22.0124158534891,17,17,1,France,Europe,Western Europe,1956.0,17,,17.0,,,17.0,,,,0.0
gene-michael-bates,21.36,140,127,8,Australia,Oceania,Oceania,1981.0,128,95.0,131.0,,,131.0,,,95.0,31.9550465498018
remo-rocchia,20.727970816340655,2,2,2,Italy,Europe,Southern Europe,1951.0,2,,,2.0,,,2.0,,,1.4142135623730951
aivaras-baranauskas,21.35903042118928,72,82,18,Lithuania,Europe,Northern Europe,1980.0,86,,82.0,,69.0,87.0,38.0,,,34.50627488640215
sebastian-siedler,22.15,111,98,51,Germany,Europe,Western Europe,1978.0,99,120.0,81.0,95.0,,81.0,84.0,122.0,,49.079631173007314
hans-dekkers-1,24.34,93,88,8,Netherlands,Europe,Western Europe,1981.0,87,,104.0,40.0,,104.0,40.0,,,58.55400437691199
andre-meuwissen,21.29911959377125,22,36,11,Belgium,Europe,Western Europe,1962.0,45,,38.0,39.0,21.0,31.0,48.0,39.0,,20.35101069636681
steven-caethoven,21.63,75,78,7,Belgium,Europe,Western Europe,1981.0,86,,68.0,,140.0,61.0,92.0,,,48.548453950176224
oleg-chuzhda,22.640510062199883,73,88,3,Ukraine,Europe,Eastern Europe,1985.0,88,64.0,135.0,,,,135.0,64.0,,41.968241961432376
leo-schoenenberger,21.678999865372266,5,27,11,Switzerland,Europe,Western Europe,1963.0,67,15.0,108.0,3.0,,108.0,3.0,,15.0,42.180779767782646
jose-fernando-pacheco,22.5322826519208,82,74,4,Spain,Europe,Southern Europe,1962.0,95,,75.0,69.0,,,75.0,69.0,,41.63732300072456
falk-boden,21.37324801923137,69,78,26,Germany,Europe,Western Europe,1960.0,86,,81.0,77.0,,97.0,24.0,85.0,,50.38516265116761
gianluca-bordignon,20.581885497172188,95,95,1,Italy,Europe,Southern Europe,1966.0,95,,95.0,,,95.0,,,,0.0
sebastien-flicher,18.67823093478382,102,102,2,France,Europe,Western Europe,1968.0,111,,102.0,,,102.0,,,,55.15432893255071
richard-parra,22.378084565644865,142,142,1,Venezuela,America,America,1964.0,142,,142.0,,,142.0,,,,0.0
barry-markus,23.41,162,163,8,Netherlands,Europe,Western Europe,1991.0,163,153.0,,165.0,,,,163.0,,17.679184693547704
sebastian-lander,22.86,156,157,12,Denmark,Europe,Northern Europe,1991.0,157,168.0,,154.0,130.0,130.0,,159.0,,16.93481262925217
vladimir-muravski,22.126434103932667,5,15,9,Belarus,Europe,Eastern Europe,1959.0,53,,15.0,,,,15.0,,,30.105831845526392
martin-emilio-rodriguez,22.09,14,14,3,Colombia,America,America,1942.0,14,14.0,,14.0,,,,14.0,,4.0
antonio-martos,19.87038620885286,25,23,5,Spain,Europe,Southern Europe,1946.0,28,16.0,36.0,30.0,,36.0,,18.0,25.0,11.300442469213316
vicente-lopez-carril,19.99165825038711,19,33,15,Spain,Europe,Southern Europe,1942.0,77,12.0,31.0,46.0,,31.0,52.0,16.0,,44.329609582245205
giancarlo-polidori,21.70334793822329,3,9,7,Italy,Europe,Southern Europe,1943.0,14,11.0,0.0,10.0,,,0.0,17.0,9.0,11.54288071661902
jean-louis-danguillaume,19.822364360724503,22,25,9,France,Europe,Western Europe,1949.0,25,24.0,30.0,8.0,,28.0,32.0,21.0,20.0,9.553940431977676
herculano-ferreira-de-oliveira,20.576830674283936,24,24,1,Portugal,Europe,Southern Europe,1946.0,24,24.0,,,,,,24.0,,0.0
fabrizio-fabbri,18.3702026445752,21,16,7,Italy,Europe,Southern Europe,1948.0,20,17.0,,12.0,,,,17.0,15.0,9.235026490796564
karl-heinz-kuster,18.85559731775225,27,27,1,Germany,Europe,Western Europe,1949.0,27,27.0,,,,,,27.0,,0.0
jurgen-tschan,21.71,28,26,7,Germany,Europe,Western Europe,1947.0,28,28.0,30.0,18.0,,25.0,46.0,21.0,,12.893335303097302
juan-santiago-zurano,18.87774981818128,58,58,2,Spain,Europe,Southern Europe,1948.0,65,38.0,78.0,,,78.0,,38.0,,28.284271247461906
lennert-van-eetvelt,20.34,29,52,13,Belgium,Europe,Western Europe,2001.0,51,,31.0,85.0,,32.0,74.0,,,39.82155710486985
louis-barre,20.09,89,92,17,France,Europe,Western Europe,2000.0,98,46.0,80.0,154.0,,89.0,118.0,45.0,48.0,52.69752756785375
luca-van-boven,21.22,78,83,6,Belgium,Europe,Western Europe,2000.0,83,,77.0,,117.0,82.0,85.0,,,22.88813375237629
thomas-bonnet,20.47196614411558,67,79,3,France,Europe,Western Europe,1998.0,83,,79.0,,,85.0,67.0,,,49.1121166312347
lennert-teugels,20.9,88,88,2,Belgium,Europe,Western Europe,1993.0,86,,88.0,,,,88.0,,,26.87005768508881
marco-tizza,19.38,92,98,6,Italy,Europe,Southern Europe,1992.0,97,91.0,99.0,,,81.0,103.0,,91.0,20.69541011915444
bastien-tronchon,21.04,77,77,1,France,Europe,Western Europe,2002.0,77,,77.0,,,,77.0,,,0.0
danny-van-der-tuuk,19.75,104,104,2,Poland,Europe,Eastern Europe,1999.0,103,,104.0,,,,104.0,,,12.727922061357855
felix-engelhardt,20.99,66,68,10,Germany,Europe,Western Europe,2000.0,69,,96.0,60.0,107.0,107.0,62.0,84.0,,36.46383291853876
alexis-guerin,20.66,93,93,2,France,Europe,Western Europe,1992.0,94,,93.0,,,,93.0,,,5.656854249492381
mathis-le-berre,21.95,94,89,11,France,Europe,Western Europe,2001.0,92,,98.0,94.0,22.0,22.0,95.0,,,37.55601876470063
clement-alleno,21.3,141,141,1,France,Europe,Western Europe,2000.0,141,,141.0,,,,141.0,,,0.0
alexandre-naulleau,21.74,71,82,5,France,Europe,Western Europe,1981.0,82,,82.0,,,82.0,,,,27.2910241654651
david-drouin,21.03920347066596,62,62,2,Canada,America,America,1995.0,62,62.0,,,,,,62.0,,27.577164466275352
fons-van-katwijk,22.89,18,38,11,Netherlands,Europe,Western Europe,1951.0,59,,38.0,,,29.0,45.0,,,37.14590397093846
julien-trarieux,21.2,75,75,9,France,Europe,Western Europe,1992.0,76,,75.0,,,72.0,84.0,,,20.93442141545832
corentin-ermenault,21.0,112,99,4,France,Europe,Western Europe,1996.0,100,,89.0,103.0,,,99.0,,,54.12562547752528
filippo-fortin,23.29,125,112,9,Italy,Europe,Southern Europe,1989.0,113,,112.0,,,109.0,122.0,,,46.314144707637645
jan-tilborg,21.553880092568164,14,14,1,Netherlands,Europe,Western Europe,1953.0,14,,14.0,,,14.0,,,,0.0
fredrik-ludvigsson,19.88,80,86,12,Sweden,Europe,Northern Europe,1994.0,87,84.0,86.0,,,,86.0,84.0,,33.27149567185738
miguel-angel-benito,20.45,128,112,7,Spain,Europe,Southern Europe,1993.0,118,,116.0,90.0,,,116.0,90.0,,34.811054620759826
flip-vandeghinste,20.34329410355791,63,62,6,Belgium,Europe,Western Europe,1956.0,67,,62.0,,,,62.0,,,28.80740645505365
jaime-tomas,23.15676205932132,27,34,4,Spain,Europe,Southern Europe,1967.0,48,,54.0,14.0,,,37.0,24.0,,31.68990375498165
dick-dekker,21.68428159498797,39,65,3,Netherlands,Europe,Western Europe,1965.0,87,,78.0,39.0,,78.0,,39.0,,61.85736280616345
manuel-guijarro,19.750095049713146,111,100,6,Spain,Europe,Southern Europe,1963.0,114,,113.0,98.0,,,113.0,98.0,,52.50809461406879
jesus-maria-arambarri,22.54914815501952,45,38,5,Spain,Europe,Southern Europe,1964.0,47,2.0,,48.0,,,,38.0,,22.277791632026727
jose-angel-gomez,18.185285559870117,48,48,1,Spain,Europe,Southern Europe,1965.0,48,,,48.0,,,,48.0,,0.0
aurelio-robles,22.588559433274376,60,60,2,Spain,Europe,Southern Europe,1964.0,58,,,60.0,,,,60.0,,14.849242404917495
javier-garciandia,22.41446320546609,8,22,3,Spain,Europe,Southern Europe,1965.0,44,,,22.0,,,7.0,51.0,,25.423086620891127
francisco-javier-ochaita,21.96088968833592,54,54,1,Spain,Europe,Southern Europe,1965.0,54,,,54.0,,,,54.0,,0.0
jose-antonio-casajus,20.91967202597392,49,49,2,Spain,Europe,Southern Europe,1965.0,48,,43.0,55.0,,,43.0,55.0,,8.48528137423857
antonio-balboa,22.31,59,77,3,Spain,Europe,Southern Europe,1964.0,79,,,77.0,,,,77.0,,38.31448812133603
juan-carlos-arribas,21.861782372200548,63,63,1,Spain,Europe,Southern Europe,1966.0,63,,,63.0,,,,63.0,,0.0
jose-ignacio-moratinos,19.77943407891275,74,74,2,Spain,Europe,Southern Europe,1963.0,76,,81.0,67.0,,,81.0,67.0,,9.899494936611664
edi-kagi,20.34881129832487,71,71,1,Switzerland,Europe,Western Europe,1960.0,71,,,71.0,,,,71.0,,0.0
jose-luis-moran,22.163768324499163,46,54,4,Spain,Europe,Southern Europe,1965.0,65,,10.0,97.0,,,10.0,97.0,,53.38226921616078
kari-myyrylainen,21.828309004180376,77,77,1,Finland,Europe,Northern Europe,1963.0,77,,,77.0,,,,77.0,,0.0
masatoshi-ichikawa,22.02019044945166,78,79,9,Japan,Asia,Asia,1961.0,83,59.0,119.0,74.0,,,119.0,67.0,,26.506812541516776
juan-ramon,22.180639354750365,60,78,4,Spain,Europe,Southern Europe,1963.0,100,,77.0,79.0,,,77.0,79.0,,64.63422725873137
vicente-prado,23.32,58,50,4,Spain,Europe,Southern Europe,1965.0,66,,40.0,83.0,,,40.0,83.0,,39.90405159045048
frederic-guedon,22.07128308000255,87,87,1,France,Europe,Western Europe,1962.0,87,,,87.0,,,,87.0,,0.0
isidro-araujo,21.565806737144744,90,90,1,Spain,Europe,Southern Europe,1964.0,90,,,90.0,,,,90.0,,0.0
jose-antonio-sanchez-valencia,20.508764771356987,96,96,2,Spain,Europe,Southern Europe,1965.0,97,,,96.0,,,,96.0,,7.7781745930520225
jose-julian-balaguer,21.42555190848885,92,92,1,Spain,Europe,Southern Europe,1963.0,92,,,92.0,,,,92.0,,0.0
benny-heylen,21.07907902760067,60,53,7,Belgium,Europe,Western Europe,1962.0,66,,52.0,56.0,,,45.0,103.0,,40.418642563384864
patrick-van-passel,22.47647474718114,76,76,2,Netherlands,Europe,Western Europe,1964.0,83,,47.0,104.0,,,47.0,104.0,,40.30508652763321
arjan-jagt,23.078169968621985,77,67,4,Netherlands,Europe,Western Europe,1966.0,87,,32.0,102.0,,,32.0,102.0,,44.30951741255295
jean-jacques-philipp,21.576155056456507,56,56,2,France,Europe,Western Europe,1961.0,101,,4.0,109.0,,,4.0,109.0,,74.24621202458749
john-baldi,20.689799266396623,6,28,5,Italy,Europe,Southern Europe,1966.0,87,,12.0,32.0,,,6.0,114.0,,48.4386209547712
fabien-sanchez,21.22,91,97,15,France,Europe,Western Europe,1983.0,106,,97.0,,,117.0,80.0,,,49.78353141351064
naglis-ciplijauskas,21.035078868418456,48,47,4,Lithuania,Europe,Northern Europe,1970.0,68,,61.0,4.0,,,47.0,,,33.55964838909967
bernardo-gonzalez-milano,19.569231393374174,23,26,3,Spain,Europe,Southern Europe,1969.0,32,,26.0,,,,26.0,,,27.15388247255507
andrzej-dulas,22.88115723392337,88,88,2,Poland,Europe,Eastern Europe,1965.0,95,,88.0,,,,88.0,,,24.748737341529164
jose-andres-ripoll-jover,22.31,49,64,6,Spain,Europe,Southern Europe,1965.0,117,,64.0,,,,64.0,,,66.21706728631221
benedito-ferreira,21.52884455135382,123,134,11,Portugal,Europe,Southern Europe,1956.0,134,,,134.0,,,137.0,134.0,,23.139890783116183
marc-somers,23.187417232441653,118,97,14,Belgium,Europe,Western Europe,1961.0,111,,47.0,110.0,,,55.0,128.0,,56.41116715881511
kristof-goddaert,21.74,46,56,21,Belgium,Europe,Western Europe,1986.0,60,,54.0,,64.0,58.0,49.0,,,40.98850012939169
frans-verbeeck,20.468066362364507,4,5,52,Belgium,Europe,Western Europe,1941.0,6,8.0,5.0,9.0,0.0,5.0,4.0,9.0,7.0,4.5099186817322
robert-mintkiewicz,20.606304148123986,39,58,9,France,Europe,Western Europe,1947.0,84,,27.0,119.0,,27.0,97.0,,,49.35444368150766
jean-luc-yansenne,18.97741619516936,24,24,2,Belgium,Europe,Western Europe,1952.0,22,,24.0,,,18.0,30.0,,,8.48528137423857
jean-pierre-berckmans,20.8372038886838,29,29,10,Belgium,Europe,Western Europe,1948.0,27,,29.0,,,31.0,27.0,,,11.140017953306897
carlos-cuyle,21.020995002365588,30,28,3,Belgium,Europe,Western Europe,1953.0,26,,28.0,,,21.0,32.0,,,6.244997998398398
daniel-verplancke,21.63390139201349,30,25,6,Belgium,Europe,Western Europe,1948.0,30,,25.0,,,23.0,32.0,,,15.970806700560454
jos-spruyt,20.307654222191083,19,19,10,Belgium,Europe,Western Europe,1943.0,20,,19.0,,,22.0,18.0,,,7.574812062208394
luc-d-hondt,22.406905284412264,8,12,4,Belgium,Europe,Western Europe,1951.0,22,,15.0,4.0,,15.0,4.0,,,12.503332889007368
jos-gysemans,22.493549474865997,32,32,1,Belgium,Europe,Western Europe,1952.0,32,,32.0,,,32.0,,,,0.0
benny-ceulen,21.011632228521943,33,33,1,Netherlands,Europe,Western Europe,1951.0,33,,33.0,,,33.0,,,,0.0
jacques-mourioux,21.67,8,15,8,France,Europe,Western Europe,1948.0,29,,15.0,,,12.0,41.0,,,14.637891143974842
johnny-soenens,22.99958730485189,36,36,1,Belgium,Europe,Western Europe,1951.0,36,,36.0,,,36.0,,,,0.0
karl-heinz-muddemann,20.057221299907493,12,20,5,Germany,Europe,Western Europe,1950.0,29,,36.0,9.0,,39.0,16.0,12.0,,15.4983870128475
roger-gilson,21.6,21,22,5,Luxembourg,Europe,Western Europe,1947.0,29,,22.0,,,22.0,25.0,,,12.235195135346228
alfred-gaida,22.76,40,40,2,Germany,Europe,Western Europe,1951.0,41,,40.0,,,41.0,40.0,,,0.7071067811865476
karel-sels,20.25873081527756,42,42,1,Belgium,Europe,Western Europe,1951.0,42,,42.0,,,42.0,,,,0.0
frans-verhaegen,20.501737437016388,26,27,8,Belgium,Europe,Western Europe,1948.0,35,,27.0,,,17.0,44.0,,,18.126539343499317
marc-lievens,19.824482201413677,20,22,8,Belgium,Europe,Western Europe,1948.0,30,,25.0,1.0,,28.0,19.0,,,15.1657508881031
eddy-goossens,19.324757445149537,36,27,5,Belgium,Europe,Western Europe,1946.0,39,6.0,41.0,,,44.0,36.0,6.0,,19.84187491140895
willy-detemmerman,22.634414036621997,50,50,1,Belgium,Europe,Western Europe,1952.0,50,,50.0,,,50.0,,,,0.0
raphael-constant,20.49708714469845,53,53,1,Belgium,Europe,Western Europe,1948.0,53,,53.0,,,53.0,,,,0.0
eric-serlet,20.950148079280822,54,54,1,Belgium,Europe,Western Europe,1950.0,54,,54.0,,,54.0,,,,0.0
dave-lloyd,25.69,20,25,4,Great Britain,Europe,Northern Europe,1949.0,41,,37.0,13.0,,37.0,4.0,22.0,,21.49418526020468
frans-mintjens,23.77615866461026,21,24,10,Belgium,Europe,Western Europe,1946.0,29,,27.0,1.0,,33.0,21.0,,,17.689921801221544
michael-wright,23.02882610851716,24,24,9,Great Britain,Europe,Northern Europe,1941.0,33,11.0,31.0,31.0,,33.0,28.0,16.0,,17.727097901235837
jos-huysmans,18.943522290742973,19,28,17,Belgium,Europe,Western Europe,1941.0,35,,26.0,64.0,,21.0,29.0,64.0,,19.1858173720927
willy-in-t-ven,20.211856206894502,23,27,11,Belgium,Europe,Western Europe,1943.0,38,13.0,29.0,,,27.0,31.0,,13.0,22.5404686569008
joseph-abelshausen,21.320826794846617,11,21,5,Belgium,Europe,Western Europe,1949.0,34,,21.0,,,21.0,,,,24.285798319182348
luc-de-croock,22.596369759647647,63,63,1,Belgium,Europe,Western Europe,1953.0,63,,63.0,,,63.0,,,,0.0
roger-swerts,23.15,9,17,19,Belgium,Europe,Western Europe,1942.0,24,9.0,17.0,,,15.0,20.0,9.0,,17.944521391032314
willy-van-malderghem,23.21494038359902,34,34,2,Belgium,Europe,Western Europe,1949.0,60,,34.0,,,65.0,4.0,,,43.1335136523794
bernard-draux,20.24488256195816,39,43,3,Belgium,Europe,Western Europe,1951.0,53,,43.0,,,70.0,29.0,,,25.696951829610715
willy-scheers,21.87971024387653,30,39,3,Belgium,Europe,Western Europe,1947.0,48,,39.0,,,44.0,30.0,,,31.480152477394387
gunther-haritz,21.059378998143423,76,76,1,Germany,Europe,Western Europe,1948.0,76,,76.0,,,76.0,,,,0.0
richard-bukacki,24.419382797111776,35,44,3,Netherlands,Europe,Western Europe,1946.0,54,,48.0,,35.0,56.0,19.0,,,29.95552258488129
eddy-cael,20.99932334996329,22,34,6,Belgium,Europe,Western Europe,1945.0,43,,34.0,,,31.0,40.0,,,27.147129989497355
louis-verreydt,21.559009752470185,50,50,2,Belgium,Europe,Western Europe,1950.0,57,,50.0,,,50.0,,,,41.71930009000631
andre-delcroix,22.6560850519688,44,44,2,Belgium,Europe,Western Europe,1953.0,70,,44.0,,,44.0,,,,52.32590180780452
jan-stockli,21.428611681894477,113,113,13,Switzerland,Europe,Western Europe,1999.0,113,,113.0,,,102.0,126.0,,,42.61349852347559
donavan-grondin,22.74,119,103,13,France,Europe,Western Europe,2000.0,102,,86.0,128.0,104.0,88.0,128.0,,,35.74302872678955
lucas-eriksson,19.75,84,95,11,Sweden,Europe,Northern Europe,1996.0,104,64.0,102.0,,,109.0,44.0,64.0,,41.43384650697588
alessandro-santaromita,22.05605693413879,66,97,7,Italy,Europe,Southern Europe,1999.0,99,,97.0,,,97.0,,,,50.197704367924274
negasi-abreha,19.91124664410868,134,136,9,Ethiopia,Africa,Africa,2000.0,137,,136.0,,,136.0,,,,22.918939281253348
stefano-gandin,20.16,133,133,17,Italy,Europe,Southern Europe,1996.0,134,,133.0,,,131.0,134.0,,,27.40867187803245
manuele-tarozzi,21.64837677153533,149,144,8,Italy,Europe,Southern Europe,1998.0,145,,144.0,,,144.0,,,,20.12106217020222
asbjorn-kragh-andersen,21.74,113,100,16,Denmark,Europe,Northern Europe,1992.0,100,,64.0,,112.0,112.0,64.0,,,34.83843662776312
thimo-willems,21.88,84,88,3,Belgium,Europe,Western Europe,1996.0,91,,90.0,,84.0,84.0,90.0,,,30.6648550189518
adrien-garel,22.02,133,133,1,France,Europe,Western Europe,1996.0,133,,133.0,,,,133.0,,,0.0
emiel-planckaert,20.6,133,130,3,Belgium,Europe,Western Europe,1996.0,131,128.0,136.0,,,,136.0,133.0,122.0,7.371114795831993
christopher-lawless,22.72,149,128,6,Great Britain,Europe,Northern Europe,1995.0,132,82.0,152.0,,,152.0,150.0,65.0,98.0,37.77521233119236
noel-vantyghem,21.779186544439277,3,3,3,Belgium,Europe,Western Europe,1947.0,2,,3.0,,,3.0,,,,0.5773502691896258
cees-rentmeester,18.742380898516743,22,24,6,Netherlands,Europe,Western Europe,1947.0,24,,24.0,,,13.0,34.0,,,14.162156144693034
frans-kerremans,20.07956932151819,11,17,3,Belgium,Europe,Western Europe,1947.0,13,,17.0,,,11.0,20.0,,,19.13983629327413
raymond-steegmans,21.81660990019004,15,36,3,Belgium,Europe,Western Europe,1945.0,47,,36.0,,,14.0,78.0,,,36.66515148384544
emile-bodart,20.421256038261973,26,31,4,Belgium,Europe,Western Europe,1942.0,36,,31.0,,,24.0,52.0,,,15.121728296285006
jan-janssen,25.1,6,11,16,Netherlands,Europe,Western Europe,1940.0,14,35.0,8.0,15.0,,8.0,9.0,25.0,,9.715751815136764
harrie-jansen,22.6,27,25,6,Netherlands,Europe,Western Europe,1947.0,28,36.0,20.0,,31.0,19.0,36.0,36.0,,13.21615173439934
rini-wagtmans,20.58997396887624,25,27,7,Netherlands,Europe,Western Europe,1946.0,31,25.0,22.0,36.0,,28.0,16.0,32.0,,13.877010793806736
pol-mahieu,22.79904897376391,28,32,5,Belgium,Europe,Western Europe,1944.0,40,,32.0,,,22.0,48.0,,,19.62906008957128
jacques-cadiou,23.105744276872137,18,24,6,France,Europe,Western Europe,1943.0,41,,24.0,,,11.0,50.0,,,22.7508241608958
eddy-peelman,23.514963898477788,9,19,10,Belgium,Europe,Western Europe,1947.0,32,,19.0,,,15.0,28.0,,,19.158983967493334
jose-catieau,20.981309290029177,26,24,10,France,Europe,Western Europe,1946.0,26,,24.0,,,24.0,24.0,,,10.733643887846808
marc-sohet,20.7881048990794,25,18,5,Belgium,Europe,Western Europe,1947.0,25,0.0,29.0,,,32.0,25.0,0.0,,16.330952207388275
franky-ebo,23.0986705833389,38,38,1,Belgium,Europe,Western Europe,1945.0,38,,38.0,,,38.0,,,,0.0
desire-letort,21.38922790094301,30,27,4,France,Europe,Western Europe,1943.0,33,,27.0,,,24.0,30.0,,,15.107944929738128
willy-van-den-eynde,20.53352856375941,27,26,7,Belgium,Europe,Western Europe,1943.0,29,,27.0,,24.0,25.0,30.0,,,10.179344164485627
jean-jacques-sanquer,21.86863727325679,45,45,1,France,Europe,Western Europe,1946.0,45,,45.0,,,45.0,,,,0.0
alirio-chizabas,20.27526995850129,16,14,3,Colombia,America,America,1962.0,18,,5.0,18.0,,,5.0,18.0,,8.18535277187245
vicente-barbera,19.12193490752246,19,19,1,Spain,Europe,Southern Europe,1963.0,19,,,19.0,,,,19.0,,0.0
jose-claramunt,21.49800575118241,36,36,1,Spain,Europe,Southern Europe,1964.0,36,,,36.0,,,,36.0,,0.0
joaquim-faura,20.95561067785401,38,38,1,Spain,Europe,Southern Europe,1962.0,38,,,38.0,,,,38.0,,0.0
hipolito-verdu,19.558810223915447,40,40,1,Spain,Europe,Southern Europe,1963.0,40,,,40.0,,,,40.0,,0.0
jesus-cruz-martin,21.098497262863045,60,73,4,Spain,Europe,Southern Europe,1963.0,117,,86.0,60.0,,,86.0,60.0,,73.27289175859424
pius-schwarzentruber,18.767797463661744,32,35,3,Switzerland,Europe,Western Europe,1965.0,52,,35.0,,,70.0,18.0,,,33.60059523282288
wayne-bennington,20.248665588975896,12,12,2,Great Britain,Europe,Northern Europe,1964.0,12,,7.0,17.0,,,12.0,,,7.071067811865476
armando-ceci,20.2785188348214,13,13,2,Belgium,Europe,Western Europe,1966.0,13,,15.0,11.0,,,13.0,,,2.8284271247461903
gian-friesecke,21.22108218961005,65,63,9,Switzerland,Europe,Western Europe,1994.0,62,,,63.0,,,63.0,,,20.36404784035935
robin-carpenter,21.24041507849236,80,74,12,United States,America,America,1992.0,75,63.0,88.0,76.0,,,77.0,68.0,52.0,31.99668543439896
enzo-wouters,22.4,122,122,10,Belgium,Europe,Western Europe,1996.0,122,,109.0,125.0,,,122.0,,,17.862437310363518
humberto-parra,20.39138182048999,131,117,6,Colombia,America,America,1964.0,117,,,117.0,,,,117.0,,45.14864339047188
jose-roncancio,20.012826938963613,138,133,10,Colombia,America,America,1965.0,134,,,133.0,,,,133.0,,46.128323427393525
philippe-van-vooren,23.68301786912637,176,149,11,Belgium,Europe,Western Europe,1962.0,160,,54.0,170.0,,16.0,93.0,170.0,,55.37590549228887
unai-uribarri,19.79,106,104,8,Spain,Europe,Southern Europe,1984.0,104,,,104.0,,,104.0,,,18.988718455215157
jaime-alberto-castaneda,19.66230741100934,126,107,11,Colombia,America,America,1986.0,105,,106.0,108.0,,,107.0,,,50.00763578058491
kevin-vauquelin,22.28,31,36,10,France,Europe,Western Europe,2001.0,36,65.0,32.0,,47.0,25.0,62.0,,65.0,21.40716390993133
pavel-bittner,21.56,86,87,17,Czech Republic,Europe,Eastern Europe,2002.0,89,86.0,86.0,95.0,41.0,81.0,93.0,86.0,,47.71776706969477
phillip-gaimon,19.58,106,109,8,United States,America,America,1986.0,110,84.0,117.0,,,117.0,,84.0,,26.01888050737662
garrett-mcleod,20.76247482858068,96,96,2,Canada,America,America,1989.0,95,96.0,,,,,,96.0,,13.435028842544405
peter-harings,20.79799703044082,51,46,9,Netherlands,Europe,Western Europe,1961.0,60,,46.0,,,36.0,53.0,,,29.3759160613664
nicola-castaldo,20.61927308325202,114,122,8,Italy,Europe,Southern Europe,1967.0,123,,,122.0,,,122.0,,,17.449928366615147
kenneth-weltz,23.43660976886081,88,62,3,Denmark,Europe,Northern Europe,1965.0,86,88.0,91.0,8.0,,,50.0,88.0,,47.07794954470015
karl-kalin,22.81750354586746,8,34,5,Switzerland,Europe,Western Europe,1965.0,70,,77.0,5.0,,81.0,22.0,,,39.38908478246226
john-edibberto-martinez,21.36664438906655,110,105,6,Colombia,America,America,1983.0,105,,105.0,,,105.0,,,,15.71517313511584
arturo-mora,20.75,143,128,5,Spain,Europe,Southern Europe,1987.0,129,,128.0,,,128.0,,,,38.8883015828668
urs-graf,20.305124761686248,72,85,17,Switzerland,Europe,Western Europe,1974.0,89,,71.0,131.0,,,85.0,,,38.45002486039126
simone-campagnari,19.57374535870407,84,84,7,Italy,Europe,Southern Europe,1972.0,84,,84.0,,,,84.0,,,18.571611720708624
marcel-gono,20.83,92,98,6,Australia,Oceania,Oceania,1976.0,99,,98.0,,,,98.0,,,20.64703368525368
nevens-guy,21.231658378044017,7,7,1,Belgium,Europe,Western Europe,1965.0,7,,7.0,,,,7.0,,,0.0
ruben-diaz-de-cerio,20.30241046319676,82,78,29,Spain,Europe,Southern Europe,1976.0,79,,64.0,83.0,,64.0,83.0,,,23.34729232937517
clyde-sefton,22.46,17,17,4,Australia,Oceania,Oceania,1951.0,21,20.0,,14.0,,,4.0,26.0,11.0,11.324751652906125
matija-kvasina,22.22,33,42,7,Croatia,Europe,Southern Europe,1981.0,40,35.0,85.0,,,85.0,,36.0,27.0,21.759508047660237
andrei-nechita,21.2,90,90,2,Romania,Europe,Eastern Europe,1988.0,111,90.0,,,,,,90.0,,61.518289963229634
christophe-faudot,20.40808741718455,122,125,6,France,Europe,Western Europe,1968.0,125,,,125.0,,,,125.0,,33.27862176633321
camilo-santos,20.85952165729013,60,62,9,Spain,Europe,Southern Europe,1964.0,70,,64.0,49.0,,,64.0,49.0,,29.7279329923895
fabrizio-arzilli,19.180524625201475,15,15,1,Italy,Europe,Southern Europe,1972.0,15,,,15.0,,,15.0,,,0.0
adrian-kurek,21.26,114,104,14,Poland,Europe,Eastern Europe,1988.0,106,,127.0,99.0,66.0,124.0,99.0,,,41.36968152464495
michael-kolar,26.3,132,115,19,Slovakia,Europe,Eastern Europe,1992.0,119,18.0,123.0,117.0,,121.0,120.0,,18.0,41.95500235040181
jesper-asselman,20.38,97,90,14,Netherlands,Europe,Western Europe,1990.0,95,,95.0,102.0,28.0,59.0,102.0,,,44.66905165575128
jakub-kaczmarek,20.15,112,106,10,Poland,Europe,Eastern Europe,1993.0,107,,89.0,108.0,,,106.0,,,40.22381826176569
yvan-martin,23.447293047886845,45,55,14,France,Europe,Western Europe,1973.0,61,53.0,76.0,,,,76.0,53.0,,44.6153277756364
michel-nottebart-2,21.90305425304133,82,82,1,Belgium,Europe,Western Europe,1971.0,82,,82.0,,,,82.0,,,0.0
raymond-meijs,23.035289581954537,53,63,9,Netherlands,Europe,Western Europe,1968.0,65,,64.0,,53.0,54.0,74.0,,,20.45184044964604
dean-woods,22.11775366990924,28,34,8,Australia,Oceania,Oceania,1966.0,44,,34.0,,,22.0,42.0,,,24.47739481936052
werner-wuller,20.46497896216269,32,48,4,Germany,Europe,Western Europe,1961.0,78,,48.0,,,6.0,89.0,,,54.60463960751565
imanol-ayestaran,21.7324387022986,86,88,13,Spain,Europe,Southern Europe,1974.0,88,,88.0,90.0,,,88.0,90.0,,27.677168226277068
iban-sastre-estevez,22.073557108320703,68,73,27,Spain,Europe,Southern Europe,1977.0,78,,74.0,68.0,,162.0,69.0,,,37.78191279531695
fabio-testi,19.126998343585104,109,108,10,Italy,Europe,Southern Europe,1976.0,109,,122.0,94.0,,,108.0,,,19.3551600929112
david-vazquez,19.35678424692936,71,77,17,Spain,Europe,Southern Europe,1975.0,82,,99.0,47.0,,,77.0,,,41.05797550953014
markus-eberli,23.68224962874979,8,8,2,Switzerland,Europe,Western Europe,1963.0,8,,,8.0,,,8.0,,,0.7071067811865476
vladislav-kulikov,21.947776301317344,71,73,5,Russia,Asia,Asia,1996.0,73,,,,73.0,73.0,,,,8.927485648266256
leonardo-tortomasi,20.986093490702725,89,99,5,Italy,Europe,Southern Europe,1994.0,99,,,,99.0,99.0,,,,20.334699407662757
michael-carbel,22.53,95,79,6,Denmark,Europe,Northern Europe,1995.0,79,,,,79.0,79.0,,,,43.48333013926141
rolando-ovando,23.38,13,13,1,Guatemala,America,America,1963.0,13,,,13.0,,,,13.0,,0.0
carlos-emirio-gutierrez,20.562844888973444,6,27,5,Colombia,America,America,1960.0,57,,26.0,33.0,,,26.0,33.0,,40.329889660151565
juan-martin-zapatero-marcos,18.48713522008476,35,35,1,Spain,Europe,Southern Europe,1964.0,35,,,35.0,,,,35.0,,0.0
emilio-garcia-perez,19.14591876928087,55,55,1,Spain,Europe,Southern Europe,1959.0,55,,,55.0,,,,55.0,,0.0
jorge-perez,18.183284258182564,68,68,1,Spain,Europe,Southern Europe,1964.0,68,,,68.0,,,,68.0,,0.0
manuel-carrera-punzon,19.468700555860547,14,27,4,Spain,Europe,Southern Europe,1962.0,42,,12.0,71.0,,,12.0,71.0,,29.8328677803526
jesus-gabriel-arguintxona-abarrategui,20.79663922736716,63,63,2,Spain,Europe,Southern Europe,1962.0,63,,51.0,75.0,,,51.0,75.0,,16.97056274847714
jose-antonio-borja,24.07324274328629,84,84,1,Spain,Europe,Southern Europe,1964.0,84,,,84.0,,,,84.0,,0.0
jose-maria-palacin-salgado,22.541791699300116,71,71,2,Spain,Europe,Southern Europe,1964.0,64,,51.0,91.0,,,51.0,91.0,,28.284271247461906
jan-koba,21.582943927827344,88,80,5,Czech Republic,Europe,Eastern Europe,1962.0,91,,77.0,93.0,,107.0,48.0,93.0,,33.54549150034919
sander-cordeel,22.88,114,106,16,Belgium,Europe,Western Europe,1987.0,108,,124.0,108.0,86.0,101.0,108.0,,,36.83832922378538
will-routley,20.16,72,97,3,Canada,America,America,1983.0,107,68.0,,156.0,,,156.0,68.0,,50.96403960964371
noe-gianetti,17.6063456291257,129,126,21,Switzerland,Europe,Western Europe,1989.0,127,,133.0,113.0,,,126.0,,,19.507995918645893
higinio-fernandez,20.81,137,134,4,Spain,Europe,Southern Europe,1988.0,134,,134.0,,,,134.0,,,16.84240679554637
patrick-cocquyt,23.930851496886365,33,45,13,Belgium,Europe,Western Europe,1960.0,56,,45.0,,,46.0,44.0,,,34.13491332481024
renato-piccolo,22.070479982890628,158,137,14,Italy,Europe,Southern Europe,1962.0,149,,51.0,161.0,,93.0,30.0,161.0,,52.91736248857507
patrick-verplancke,20.52263344566704,50,50,2,Belgium,Europe,Western Europe,1962.0,49,,50.0,,,,50.0,,,12.727922061357855
yves-godimus,18.1847723742292,84,99,13,Belgium,Europe,Western Europe,1960.0,120,,48.0,143.0,,42.0,88.0,136.0,,56.613285565882
filip-cottenies,20.212776582462272,80,75,5,Belgium,Europe,Western Europe,1962.0,92,,75.0,,,79.0,68.0,,,43.67264590106719
stefan-van-leeuwe,19.32503622925448,58,67,5,Belgium,Europe,Western Europe,1963.0,77,,55.0,116.0,,31.0,63.0,116.0,,31.913946794465897
sergio-scremin,22.24601163452205,38,44,6,Italy,Europe,Southern Europe,1963.0,75,,64.0,5.0,,119.0,29.0,,,43.866464031953456
koen-van-rooy,22.897795186776595,63,52,3,Belgium,Europe,Western Europe,1963.0,61,,52.0,,,42.0,72.0,,,27.2213151776324
salvatore-cavallaro,23.031490225260125,26,21,4,Italy,Europe,Southern Europe,1962.0,25,,27.0,3.0,,27.0,3.0,,,11.98262631201246
deno-davie,18.46994707211424,19,29,4,Great Britain,Europe,Northern Europe,1965.0,34,,13.0,77.0,,19.0,10.0,77.0,,33.1058907144937
mathieu-drujon,21.91,76,65,10,France,Europe,Western Europe,1983.0,64,,65.0,,,,65.0,,,45.09791815840529
jason-donald,21.68757752019662,102,102,9,United States,America,America,1980.0,103,,102.0,,,55.0,108.0,,,40.25543441574069
john-devine,20.55969412623512,115,104,5,United States,America,America,1985.0,105,,104.0,,,,104.0,,,29.68164415931166
denis-flahaut,23.67,170,170,2,France,Europe,Western Europe,1978.0,169,,170.0,,,,170.0,,,2.1213203435596424
blake-caldwell,21.762563723009336,105,108,6,United States,America,America,1984.0,109,,108.0,,,,108.0,,,38.43782858938141
cristian-zanolini,20.85766991006957,70,77,3,Italy,Europe,Southern Europe,1968.0,77,70.0,92.0,69.0,,,92.0,69.0,70.0,13.0
sebastien-duret,19.79,76,74,8,France,Europe,Western Europe,1980.0,76,,,74.0,,,74.0,,,32.030956009103804
eloy-teruel,22.28,136,121,7,Spain,Europe,Southern Europe,1982.0,121,,,121.0,,,121.0,,,46.92192096096095
jacob-rathe,21.62,126,128,12,United States,America,America,1991.0,132,,123.0,134.0,100.0,124.0,129.0,,,37.9005876663482
alexander-wetterhall,20.45,142,121,8,Sweden,Europe,Northern Europe,1986.0,124,,,121.0,,,121.0,,,48.34622159856076
victor-demidenko,20.23028011225482,7,8,4,Russia,Asia,Asia,1962.0,14,,8.0,,,,8.0,,,6.994045086119096
alejandro-paleo,21.02700010522736,143,143,1,Spain,Europe,Southern Europe,1981.0,143,,143.0,,,,143.0,,,0.0
paolo-ciavatta,22.02060406825168,72,82,9,Italy,Europe,Southern Europe,1984.0,89,,82.0,,,76.0,131.0,,,39.8615660059216
marnix-lameire,20.84141594501062,4,17,7,Belgium,Europe,Western Europe,1955.0,25,,17.0,,,25.0,16.0,,,29.54899079736662
gino-de-backer,22.85521964856145,36,44,3,Belgium,Europe,Western Europe,1963.0,34,,44.0,,,36.0,48.0,,,47.50789408087881
joachim-schlaphoff,21.737458227456564,5,5,2,Germany,Europe,Western Europe,1959.0,7,,7.0,3.0,,,5.0,,,2.8284271247461903
fernando-sousa-fernandes,22.39161800568194,11,11,1,Portugal,Europe,Southern Europe,1956.0,11,,11.0,,,,11.0,,,0.0
hector-patarroyo,18.8544349283416,12,16,5,Colombia,America,America,1958.0,19,,26.0,9.0,,,16.0,,,13.590437814875571
isaac-lisaso,18.467387763687626,23,23,1,Spain,Europe,Southern Europe,1965.0,23,,23.0,,,,23.0,,,0.0
jens-jentner,21.18603653480246,78,78,2,Switzerland,Europe,Western Europe,1968.0,69,,78.0,,,,78.0,,,65.05382386916237
claudio-savini,21.67184050277784,27,28,5,Italy,Europe,Southern Europe,1956.0,38,29.0,46.0,4.0,,,25.0,,29.0,19.086644545335883
eduardo-acevedo-porras,21.648458975269445,21,29,3,Colombia,America,America,1965.0,42,,47.0,20.0,,,29.0,,,15.620499351813308
carlos-muniz,20.60145985053421,59,59,1,Spain,Europe,Southern Europe,1964.0,59,,59.0,,,,59.0,,,0.0
alexandre-zinoview,17.780186408497634,62,62,1,Ukraine,Europe,Eastern Europe,1961.0,62,,62.0,,,,62.0,,,0.0
adrie-kools,20.680201073288806,63,47,3,Netherlands,Europe,Western Europe,1964.0,62,,47.0,,,7.0,68.0,,,35.21836642056717
luis-fernando-mosquera,21.48209418484648,65,65,1,Colombia,America,America,1962.0,65,,65.0,,,,65.0,,,0.0
bruno-bonnet,20.95846130173778,10,40,6,France,Europe,Western Europe,1967.0,91,,19.0,145.0,,12.0,21.0,145.0,,56.83660792130368
emilio-cuadrado,21.081259220934022,36,36,2,Spain,Europe,Southern Europe,1964.0,68,,36.0,,,,36.0,,,50.91168824543142
jesus-rodriguez-carballido,21.261407038414976,85,85,1,Spain,Europe,Southern Europe,1962.0,85,,85.0,,,,85.0,,,0.0
rafael-lorenzana,18.853726642784945,97,97,1,Spain,Europe,Southern Europe,1964.0,97,,97.0,,,,97.0,,,0.0
juan-guillen,19.822143781415345,55,55,2,Spain,Europe,Southern Europe,1966.0,96,,55.0,,,,55.0,,,67.88225099390856
joao-manuel-leitao-santos,22.15805176391812,105,105,1,Portugal,Europe,Southern Europe,1962.0,105,,105.0,,,,105.0,,,0.0
bruno-surra,21.81252114312517,110,110,1,Italy,Europe,Southern Europe,1964.0,110,,110.0,,,,110.0,,,0.0
eduardo-ruiz,21.055547377123407,103,76,3,Spain,Europe,Southern Europe,1966.0,76,,108.0,12.0,,103.0,114.0,12.0,,55.985117069926126
torjus-larsen,19.33992795800205,111,111,2,Norway,Europe,Northern Europe,1964.0,113,,111.0,,,,111.0,,,8.48528137423857
antonio-sampedro,20.626750120758476,119,119,1,Spain,Europe,Southern Europe,1965.0,119,,119.0,,,,119.0,,,0.0
antonio-araujo,21.767670467951948,122,122,1,Portugal,Europe,Southern Europe,1967.0,122,,122.0,,,,122.0,,,0.0
pascal-kohlvelter,21.48548107749542,124,124,1,Luxembourg,Europe,Western Europe,1965.0,124,,124.0,,,,124.0,,,0.0
stephane-guay,22.07428278490908,5,30,5,France,Europe,Western Europe,1961.0,112,,30.0,,,,30.0,,,57.490868840190615
roberto-cordoba,22.208727956823203,8,50,7,Spain,Europe,Southern Europe,1962.0,117,,50.0,,,,50.0,,,74.01061699899162
joaquin-hernandez,22.289541510533457,4,27,10,Spain,Europe,Southern Europe,1964.0,100,,20.0,83.0,,,20.0,83.0,,51.28612547918459
sergei-sukhoruchenkov,23.24,22,67,3,Russia,Asia,Asia,1956.0,121,,67.0,,,,67.0,,,97.2745256135096
marko-kump,20.99,136,109,26,Slovenia,Europe,Southern Europe,1988.0,110,,101.0,144.0,,102.0,126.0,,,51.6642414650002
lennie-kristensen,20.9,80,74,10,Denmark,Europe,Northern Europe,1968.0,76,,76.0,51.0,,76.0,81.0,51.0,,26.8071300631422
lizuarte-martins,21.703545659923485,89,103,7,Portugal,Europe,Southern Europe,1978.0,106,,103.0,,,103.0,,,,27.38438901828489
damon-kluck,22.759400205389007,129,122,7,United States,America,America,1977.0,125,,122.0,,,122.0,,,,22.706198021056466
mikael-holst-kyneb,21.15532344868498,57,69,9,Denmark,Europe,Northern Europe,1972.0,75,26.0,56.0,81.0,,57.0,65.0,149.0,26.0,37.83186487605389
pedro-jimenez-villanueva,21.1765175616429,59,61,7,Spain,Europe,Southern Europe,1974.0,63,,,61.0,,,61.0,,,16.359066220877267
bjarke-schmidt-nielsen,19.43068097453285,101,79,4,Denmark,Europe,Northern Europe,1976.0,80,,,79.0,,,79.0,,,47.00620526412799
jean-marc-manfrin,21.22440363117236,7,7,1,France,Europe,Western Europe,1963.0,7,,7.0,,,,7.0,,,0.0
gilbert-bellone,21.952478701051508,6,8,8,France,Europe,Western Europe,1942.0,9,,8.0,,,5.0,8.0,,,4.596194077712559
attilio-benfatto,21.40807436169665,34,37,3,Italy,Europe,Southern Europe,1943.0,49,,37.0,,,,37.0,,,30.13856886670854
lucien-aimar,19.618371804004266,15,19,8,France,Europe,Western Europe,1941.0,26,,19.0,,,7.0,26.0,,,15.46424447371604
wim-schepers,20.81963325839213,15,16,14,Netherlands,Europe,Western Europe,1943.0,22,,18.0,4.0,,20.0,15.0,,,10.676048987243457
johnny-schleck,20.81,18,24,6,Luxembourg,Europe,Western Europe,1942.0,29,,25.0,19.0,,,25.0,19.0,,17.19786808493037
victor-van-schil,22.01955413971308,16,16,8,Belgium,Europe,Western Europe,1939.0,17,,16.0,,,12.0,17.0,,,6.885543862739841
jan-valach,19.93,42,45,3,Slovakia,Europe,Eastern Europe,1973.0,46,45.0,,,,,,45.0,,13.203534880225572
pedro-miguel-miranda-soeiro,17.776951195406127,78,78,1,Portugal,Europe,Southern Europe,1975.0,78,78.0,,,,,,78.0,,0.0
james-lewis-perry,20.43554245718116,79,79,1,South Africa,Africa,Africa,1979.0,79,79.0,,,,,,79.0,,0.0
martin-prazdnovsky,22.819392737147226,84,84,1,Slovakia,Europe,Eastern Europe,1975.0,84,84.0,,,,,,84.0,,0.0
john-lieswyn,21.208399351591822,85,85,1,United States,America,America,1968.0,85,85.0,,,,,,85.0,,0.0
jaroslaw-zarebski,20.18485394450846,94,94,1,Poland,Europe,Eastern Europe,1979.0,94,94.0,,,,,,94.0,,0.0
petr-bencik,22.53,99,91,3,Czech Republic,Europe,Eastern Europe,1976.0,94,91.0,,,,,,110.0,53.0,34.26854728950928
guillermo-ruben-bongiorno,20.68751520589503,99,98,8,Argentina,America,America,1978.0,98,107.0,97.0,,,86.0,112.0,107.0,,61.74833716673788
shinichi-fukushima,21.2,124,124,1,Japan,Asia,Asia,1971.0,124,124.0,,,,,,124.0,,0.0
martin-riska,22.53,104,104,2,Slovakia,Europe,Eastern Europe,1975.0,104,104.0,,,,,,104.0,,30.405591591021544
bruno-ricardo-fernandes-neves,19.063912898590974,127,127,1,Portugal,Europe,Southern Europe,1981.0,127,127.0,,,,,,127.0,,0.0
mitja-mahoric,20.09,130,130,1,Slovenia,Europe,Southern Europe,1976.0,130,130.0,,,,,,130.0,,0.0
marcio-may,22.47,131,131,1,Brazil,America,America,1972.0,131,131.0,,,,,,131.0,,0.0
rodney-green,19.001966969853516,133,133,1,South Africa,Africa,Africa,1974.0,133,133.0,,,,,,133.0,,0.0
makoto-iijima,23.533701014219243,134,134,1,Japan,Asia,Asia,1971.0,134,134.0,,,,,,134.0,,0.0
fridolin-keller,20.419062711061876,28,22,16,Switzerland,Europe,Western Europe,1954.0,34,,31.0,17.0,,20.0,20.0,31.0,,17.404501333467348
pablo-castrillo-zapater,22.1,111,104,8,Spain,Europe,Southern Europe,2001.0,107,,115.0,23.0,,115.0,,23.0,,47.52142374009552
welay-hagos-berhe,20.07,37,52,8,Ethiopia,Africa,Africa,2001.0,55,,,52.0,,,54.0,40.0,,39.79501045536811
johannes-adamietz,20.15,90,89,14,Germany,Europe,Western Europe,1998.0,92,,95.0,85.0,,,92.0,52.0,,38.4359750211202
mario-aparicio-munoz,20.16,67,67,1,Spain,Europe,Southern Europe,2000.0,67,,,67.0,,,,67.0,,0.0
ivan-romeo,20.13,82,86,10,Spain,Europe,Southern Europe,2003.0,86,,88.0,78.0,75.0,93.0,83.0,78.0,,37.7625622953622
xabier-berasategi-garmendia,21.936347371919226,87,87,1,Spain,Europe,Southern Europe,2000.0,87,,,87.0,,,,87.0,,0.0
bert-wekema,20.42530870776865,18,39,9,Netherlands,Europe,Western Europe,1956.0,70,,44.0,20.0,,18.0,41.0,,,41.021335911937335
corne-van-rijen,20.16927007381116,36,38,4,Netherlands,Europe,Western Europe,1966.0,45,,38.0,,,64.0,13.0,,,32.25419869309007
bruno-geuens,20.15378875449639,54,54,2,Belgium,Europe,Western Europe,1963.0,54,,54.0,,,,54.0,,,4.242640687119285
loic-le-flohic,19.63387296742033,54,54,1,France,Europe,Western Europe,1959.0,54,,54.0,,,,54.0,,,0.0
kevin-deltombe,20.83,100,101,7,Belgium,Europe,Western Europe,1994.0,104,116.0,98.0,,,147.0,89.0,116.0,,26.633312473917577
mikel-aristi,22.22,143,110,12,Spain,Europe,Southern Europe,1993.0,111,,110.0,,,98.0,122.0,,,58.62722503369501
rudi-altig,20.41755313970163,1,4,4,Germany,Europe,Western Europe,1937.0,11,,0.0,5.0,,0.0,1.0,14.0,,6.733003292241386
erich-spahn,22.50528564482839,3,14,7,Switzerland,Europe,Western Europe,1948.0,32,55.0,,7.0,,,3.0,40.0,,20.24728082860464
paolo-botarelli,18.91930539848316,80,77,8,Italy,Europe,Southern Europe,1966.0,104,,98.0,16.0,,123.0,32.0,,,61.27091479650031
maurizio-nuzzi,22.98722131452067,146,146,1,Italy,Europe,Southern Europe,1965.0,146,,146.0,,,146.0,,,,0.0
thomas-liese,23.15,118,108,22,Germany,Europe,Western Europe,1968.0,111,,103.0,109.0,,131.0,75.0,109.0,,45.05965262152266
hubert-hutsebaut,19.936318977249293,32,32,2,Belgium,Europe,Western Europe,1947.0,61,,32.0,,,0.0,65.0,,,45.96194077712559
roberto-longo,21.256658295307588,128,129,5,Italy,Europe,Southern Europe,1984.0,129,,,129.0,,,129.0,,,7.661592523751183
john-murphy,23.67,152,130,14,United States,America,America,1984.0,131,166.0,138.0,109.0,,118.0,128.0,166.0,,59.18108734132128
sven-vandousselaere,21.67,97,104,11,Belgium,Europe,Western Europe,1988.0,107,,96.0,126.0,36.0,66.0,126.0,,,48.68021812157004
andy-cappelle,21.43,66,84,21,Belgium,Europe,Western Europe,1979.0,93,,57.0,148.0,114.0,60.0,111.0,,,46.042268364954346
vitaliy-kondrut,24.38,148,138,7,Ukraine,Europe,Eastern Europe,1984.0,139,114.0,,142.0,,,142.0,,114.0,30.68581182923221
balint-szeghalmi,22.84,148,149,6,Hungary,Europe,Eastern Europe,1980.0,149,,,149.0,,,149.0,,,10.462631918722302
rolf-wolfshohl,20.428106091298737,5,9,11,Germany,Europe,Western Europe,1938.0,17,,9.0,11.0,,6.0,30.0,11.0,,9.954441676503464
federico-de-beni,21.254769950016925,12,22,6,Italy,Europe,Southern Europe,1973.0,28,,30.0,6.0,,30.0,6.0,,,20.523157651784484
christian-corre,20.65420935816829,34,35,4,France,Europe,Western Europe,1961.0,55,,45.0,3.0,,,35.0,,,32.41784488004511
james-vanlandschoot,24.31,68,63,28,Belgium,Europe,Western Europe,1978.0,66,,66.0,,51.0,56.0,91.0,,,28.63996079776218
ondrej-fadrny,18.05113194514608,48,48,2,Czech Republic,Europe,Eastern Europe,1978.0,49,,48.0,,,48.0,,,,6.363961030678928
sven-nys,22.28,40,41,8,Belgium,Europe,Western Europe,1976.0,42,,41.0,,,43.0,38.0,,,12.42046122907105
benoit-sinner,21.185763647699964,103,101,6,France,Europe,Western Europe,1984.0,101,,,101.0,,,101.0,,,42.94026859099354
simone-rebellin,21.37424800849719,66,66,2,Italy,Europe,Southern Europe,1970.0,86,,66.0,,,117.0,15.0,,,72.12489168102785
jean-pierre-guernion,21.52915784326758,30,30,4,France,Europe,Western Europe,1958.0,31,,30.0,,,,30.0,,,11.775681155103795
lorenzo-germani,20.37,74,85,13,Italy,Europe,Southern Europe,2002.0,88,,85.0,,,100.0,68.0,,,33.26293848900119
ewen-costiou,20.66,65,68,19,France,Europe,Western Europe,2002.0,70,,76.0,53.0,,88.0,56.0,,,36.92461104175365
magnus-kulset,19.16,98,92,7,Norway,Europe,Northern Europe,2000.0,92,,92.0,,,92.0,,,,21.34523477544924
herman-vrijders,22.290376859800173,21,22,4,Belgium,Europe,Western Europe,1946.0,28,,22.0,,,11.0,25.0,,,14.059397805975427
jan-van-katwijk,19.01020306842328,18,21,15,Netherlands,Europe,Western Europe,1946.0,29,4.0,24.0,33.0,,23.0,26.0,11.0,,15.783656405402697
josef-holzmann,20.87621042804204,62,59,7,Germany,Europe,Western Europe,1964.0,99,,42.0,83.0,,16.0,51.0,143.0,,54.58457832095243
alessandro-calzolari,23.09364961564309,93,92,15,Italy,Europe,Southern Europe,1971.0,109,28.0,108.0,,,52.0,113.0,,28.0,55.479983520442495
carmelo-barone,19.922164242478157,14,20,5,Italy,Europe,Southern Europe,1956.0,36,,32.0,2.0,,58.0,11.0,,,23.028243528328424
paolo-colonna,20.98,58,58,1,Italy,Europe,Southern Europe,1987.0,58,,58.0,,,58.0,,,,0.0
nicola-testi,22.07353241858275,76,76,2,Italy,Europe,Southern Europe,1990.0,77,,76.0,,,76.0,,,,17.67766952966369
jonathan-paredes,20.57,76,76,1,Colombia,America,America,1989.0,76,,76.0,,,76.0,,,,0.0
alessandro-verre,20.42,108,105,14,Italy,Europe,Southern Europe,2001.0,105,,105.0,,,102.0,105.0,,,45.65451965397473
dieter-cappelle,20.83,105,103,4,Belgium,Europe,Western Europe,1983.0,105,,93.0,,106.0,103.0,,,,20.982135258357285
arnoud-van-groen,20.6,86,73,7,Netherlands,Europe,Western Europe,1983.0,77,,62.0,,102.0,64.0,86.0,,,43.01051920059513
willy-vekemans,22.843328193695378,8,19,3,Belgium,Europe,Western Europe,1945.0,28,,24.0,,8.0,6.0,45.0,,,22.94195574342635
vittorio-adorni,19.538344592785386,26,26,2,Italy,Europe,Southern Europe,1937.0,46,,4.0,49.0,,4.0,,49.0,,31.81980515339464
lindsay-de-vylder,20.68,60,73,6,Belgium,Europe,Western Europe,1995.0,76,139.0,49.0,,103.0,58.0,67.0,139.0,,40.11192673839873
dusan-rajovic,22.1,92,87,13,Serbia,Europe,Southern Europe,1997.0,88,,87.0,,87.0,68.0,118.0,,,39.180057721715045
sean-flynn,21.39,96,94,10,Great Britain,Europe,Northern Europe,2000.0,97,,74.0,108.0,38.0,62.0,108.0,,,38.560342322131945
alex-colman,21.33,110,104,7,Belgium,Europe,Western Europe,1998.0,107,,100.0,,114.0,90.0,139.0,,,30.353473167552565
louis-blouwe,21.43,100,99,3,Belgium,Europe,Western Europe,1999.0,99,,100.0,,99.0,99.0,,,,12.013880860626736
cameron-scott,23.89,115,115,1,Australia,Oceania,Oceania,1998.0,115,,115.0,,,115.0,,,,0.0
robbe-ghys,21.74,82,82,2,Belgium,Europe,Western Europe,1997.0,87,,82.0,,,119.0,44.0,,,53.033008588991066
tuur-dens,23.92,126,126,1,Belgium,Europe,Western Europe,2000.0,126,,126.0,,,126.0,,,,0.0
noah-vandenbranden,22.59,131,131,1,Belgium,Europe,Western Europe,2002.0,131,,131.0,,,131.0,,,,0.0
emilien-jeanniere,19.929197936498102,134,134,1,France,Europe,Western Europe,1998.0,134,,134.0,,,134.0,,,,0.0
valentin-retailleau,19.54,135,135,1,France,Europe,Western Europe,2000.0,135,,135.0,,,135.0,,,,0.0
gang-xu,19.73,127,126,29,China,Asia,Asia,1984.0,128,,125.0,136.0,,,126.0,,,26.126445089313737
julio-lopez,22.98942353886088,149,149,2,Spain,Europe,Southern Europe,1978.0,149,,149.0,,,,149.0,,,1.4142135623730951
christophe-stevens,20.49828438701173,85,86,9,Belgium,Europe,Western Europe,1974.0,90,,93.0,84.0,,25.0,94.0,,,45.07771067833858
federico-morini,23.008617068017404,100,88,8,Italy,Europe,Southern Europe,1976.0,87,,88.0,,,85.0,109.0,,,38.5366245093084
nicolas-dumont,21.66611363153464,145,142,5,France,Europe,Western Europe,1973.0,141,,142.0,,,142.0,,,,22.89759812731458
raphael-jeune,21.02714195172444,106,99,14,France,Europe,Western Europe,1975.0,99,,99.0,,,97.0,103.0,,,47.58410714458403
santiago-umba,20.07,87,87,1,Colombia,America,America,2002.0,87,87.0,,,,,,,87.0,0.0
ole-kristan-silseth,20.89928863660539,80,80,4,Norway,Europe,Northern Europe,1959.0,95,,40.0,120.0,,40.0,40.0,120.0,,46.4928309885872
emiel-kerstens,22.12564764745267,46,40,4,Netherlands,Europe,Western Europe,1959.0,47,14.0,46.0,56.0,,,49.0,14.0,,19.465781943365812
marino-polini,20.5844147331886,145,125,19,Italy,Europe,Southern Europe,1959.0,137,38.0,57.0,140.0,,,57.0,140.0,38.0,55.91550643291289
bruno-vicino,21.297875325051244,38,35,4,Italy,Europe,Southern Europe,1952.0,45,39.0,48.0,4.0,,,33.0,,39.0,22.779742462694056
rob-goris,25.7,69,69,2,Belgium,Europe,Western Europe,1982.0,69,,54.0,,84.0,69.0,,,,21.213203435596427
sylwester-janiszewski,23.88,98,98,2,Poland,Europe,Eastern Europe,1988.0,99,,98.0,,,98.0,,,,21.920310216782973
michele-maccanti,20.92106070041069,93,89,15,Italy,Europe,Southern Europe,1979.0,91,,77.0,117.0,9.0,70.0,117.0,,,53.77838121135933
mirko-allegrini,20.35095034919169,140,135,9,Italy,Europe,Southern Europe,1981.0,135,,135.0,,,135.0,,,,26.13639437855021
paul-crake,20.63949709282344,85,96,5,Australia,Oceania,Oceania,1976.0,96,,96.0,,,96.0,,,,20.31501907456648
ruben-simao,19.574524026176505,91,91,1,Portugal,Europe,Southern Europe,2000.0,91,,,,91.0,91.0,,,,0.0
mikhail-timochine,21.12704799917265,73,70,4,Russia,Asia,Asia,1980.0,69,,70.0,,,70.0,,,,63.44748484639351
floris-gerts,21.43,89,93,8,Netherlands,Europe,Western Europe,1992.0,99,,97.0,,64.0,81.0,113.0,,,34.159290725323075
eric-salomon,21.19967619961292,6,12,6,France,Europe,Western Europe,1962.0,20,30.0,10.0,3.0,,8.0,8.0,,30.0,12.66491215919005
berden-de-vries,20.23,107,117,11,Netherlands,Europe,Western Europe,1989.0,120,,100.0,134.0,78.0,92.0,122.0,,,41.49764505914215
tarik-chaoufi,21.47,141,140,3,Morocco,Africa,Africa,1986.0,140,,140.0,,,140.0,,,,24.00694344004112
ralf-matzka,22.02,102,91,12,Germany,Europe,Western Europe,1989.0,94,,75.0,98.0,,32.0,102.0,,,53.86908935445993
frantisek-padour,18.83,108,103,8,Czech Republic,Europe,Eastern Europe,1988.0,103,,117.0,101.0,,,103.0,,,28.79204999400256
alexander-rybakov,19.84,80,79,8,Russia,Asia,Asia,1988.0,78,,,79.0,,,79.0,,,32.42766675893552
ricardo-felgueiras,21.31079989918909,128,133,10,Portugal,Europe,Southern Europe,1970.0,134,133.0,,,,,,133.0,,15.253779131014642
omar-pedretti,21.46833748946437,8,20,4,Switzerland,Europe,Western Europe,1963.0,49,,59.0,7.0,,,20.0,,,26.051231576773237
rafael-tolosa,22.143616372495785,129,111,5,Colombia,America,America,1958.0,113,72.0,,120.0,,,,111.0,,29.72036338943385
fabio-casas,21.86919868274664,114,110,10,Colombia,America,America,1959.0,110,,,110.0,,,,110.0,,18.324543347349447
julio-alberto-rubiano,20.97171817640594,118,112,10,Colombia,America,America,1953.0,112,,,112.0,,,,112.0,,17.47029224458226
gosta-pettersson,21.0,5,13,13,Sweden,Europe,Northern Europe,1940.0,25,23.0,2.0,12.0,,2.0,3.0,30.0,16.0,13.48123101736595
dominique-lecrocq,20.310645093653548,13,14,17,France,Europe,Western Europe,1963.0,15,,14.0,,,10.0,18.0,,,9.179180406832437
hector-guerra-garcia,21.910373504184484,64,55,5,Spain,Europe,Southern Europe,1978.0,62,,55.0,,,,55.0,,,33.7683283566125
dermot-nally,21.249665703479263,103,99,5,Ireland,Europe,Northern Europe,1980.0,99,,99.0,,,,99.0,,,11.840608092492545
jacob-moe-rasmussen,21.35044724660376,139,123,6,Denmark,Europe,Northern Europe,1975.0,126,,123.0,,,123.0,,,,51.25784492803679
gianni-gobbini,20.07566570779983,110,110,14,Italy,Europe,Southern Europe,1976.0,110,,110.0,,,102.0,118.0,,,23.59654007045744
fabio-bulgarelli,21.455278990862517,99,98,27,Italy,Europe,Southern Europe,1977.0,100,,107.0,72.0,,115.0,92.0,,,34.80707921576821
daniele-callegarin,20.31511208419443,119,114,7,Italy,Europe,Southern Europe,1982.0,114,,,114.0,,,114.0,,,41.78402519988664
daniel-van-ryckeghem,21.22344360742513,4,9,16,Belgium,Europe,Western Europe,1945.0,15,,10.0,,5.0,4.0,18.0,,,10.568624949979696
willy-donie,21.66795465187162,21,18,3,Belgium,Europe,Western Europe,1945.0,19,,17.0,,21.0,14.0,27.0,,,10.263202878893768
jaak-de-boever,23.279322621999388,10,20,6,Belgium,Europe,Western Europe,1937.0,38,,20.0,,,9.0,31.0,,,24.633310780323463
evert-dolman,22.41,17,15,11,Netherlands,Europe,Western Europe,1946.0,15,17.0,14.0,25.0,14.0,12.0,15.0,21.0,,7.861297602813418
willy-maes,21.47561603054061,25,26,5,Belgium,Europe,Western Europe,1943.0,27,,26.0,,25.0,19.0,35.0,,,10.644247272588135
michel-lhoest,21.48117890734165,12,12,1,Belgium,Europe,Western Europe,1947.0,12,,12.0,,,12.0,,,,0.0
etienne-sonck,24.54001057123917,18,18,2,Belgium,Europe,Western Europe,1946.0,18,,16.0,,20.0,18.0,,,,2.8284271247461903
freddy-decloedt,21.910083542210792,17,17,1,Belgium,Europe,Western Europe,1944.0,17,,17.0,,,17.0,,,,0.0
jan-serpenti,21.25102747336628,18,18,1,Netherlands,Europe,Western Europe,1945.0,18,,18.0,,,18.0,,,,0.0
etienne-buysse,24.483127883473337,19,19,1,Belgium,Europe,Western Europe,1944.0,19,,19.0,,,19.0,,,,0.0
leopold-vandenneste,20.49053354353527,22,22,2,Belgium,Europe,Western Europe,1942.0,22,,20.0,,23.0,22.0,,,,2.1213203435596424
roland-van-de-rijse,20.26039268558624,21,21,1,Belgium,Europe,Western Europe,1942.0,21,,21.0,,,21.0,,,,0.0
raphael-van-bruaene,21.72884697682168,22,22,1,Belgium,Europe,Western Europe,1946.0,22,,22.0,,,22.0,,,,0.0
victor-nuelant,21.907359068490702,23,23,3,Belgium,Europe,Western Europe,1945.0,23,,23.0,,,23.0,23.0,,,2.0
jos-boons,21.076984952799567,24,24,1,Belgium,Europe,Western Europe,1943.0,24,,24.0,,,24.0,,,,0.0
bernard-deville,22.47802872095515,25,25,1,Belgium,Europe,Western Europe,1942.0,25,,25.0,,,25.0,,,,0.0
jaak-clauwaert,19.91319419560005,28,28,2,Belgium,Europe,Western Europe,1947.0,29,,28.0,,,28.0,,,,3.5355339059327378
leo-van-dam,22.01780510644661,27,27,1,Belgium,Europe,Western Europe,1944.0,27,,27.0,,,27.0,,,,0.0
jose-serste,22.25585244094071,28,28,1,Belgium,Europe,Western Europe,1943.0,28,,28.0,,,28.0,,,,0.0
willy-moonen,22.963329948523025,29,29,1,Belgium,Europe,Western Europe,1947.0,29,,29.0,,,29.0,,,,0.0
chris-pepels,20.13151984034073,30,30,1,Netherlands,Europe,Western Europe,1948.0,30,,30.0,,,30.0,,,,0.0
eric-raes,21.46115890758776,26,26,2,Belgium,Europe,Western Europe,1948.0,26,,26.0,,,31.0,21.0,,,7.071067811865476
hendrik-marien,22.084270146589503,32,32,1,Belgium,Europe,Western Europe,1946.0,32,,32.0,,,32.0,,,,0.0
christian-callens,20.058670714139534,10,15,4,Belgium,Europe,Western Europe,1947.0,15,,17.0,,9.0,17.0,8.0,,,12.027745701779144
michele-rezzani,20.53127020152299,104,105,7,Italy,Europe,Southern Europe,1975.0,104,,105.0,,,105.0,,,,28.10524438436289
frank-verleyen,20.67368901416149,35,27,3,Belgium,Europe,Western Europe,1963.0,34,,27.0,,,22.0,35.0,,,18.929694486000912
stefano-d-arcangelo,21.240605319228184,18,18,1,Italy,Europe,Southern Europe,1954.0,18,18.0,,,,,,,18.0,0.0
jean-claude-fabbri,21.3807414865425,19,19,2,Italy,Europe,Southern Europe,1952.0,19,19.0,,,,,,,19.0,0.0
antonio-d-alonzo,18.424833543837927,26,26,1,Italy,Europe,Southern Europe,1955.0,26,26.0,,,,,,,26.0,0.0
alexandre-grux,21.15973297438037,60,64,9,France,Europe,Western Europe,1976.0,68,,112.0,50.0,,,64.0,,,35.29518380742619
jose-azevedo-goncalves,22.52603989249984,94,94,2,Portugal,Europe,Southern Europe,1940.0,110,129.0,,59.0,,,,94.0,,49.49747468305833
marco-vermey,22.21473632938276,149,124,15,Netherlands,Europe,Western Europe,1965.0,137,38.0,,130.0,,,8.0,140.0,38.0,58.62040925268588
dariusz-zakrzewski,18.68303836131568,9,9,1,Poland,Europe,Eastern Europe,1961.0,9,,9.0,,,9.0,,,,0.0
luc-wirtgen,19.44,82,86,15,Luxembourg,Europe,Western Europe,1998.0,87,90.0,85.0,,,82.0,86.0,94.0,87.0,32.34516229375769
david-martin-romero,21.71,159,159,1,Spain,Europe,Southern Europe,1999.0,159,,159.0,,,159.0,,,,0.0
alois-charrin,20.45,164,164,1,France,Europe,Western Europe,2000.0,164,,164.0,,,164.0,,,,0.0
pol-lannoo,21.68639467577522,6,9,3,Belgium,Europe,Western Europe,1952.0,12,,12.0,2.0,,12.0,2.0,,,8.32666399786453
wim-de-waal,20.28977521162357,12,17,8,Netherlands,Europe,Western Europe,1951.0,19,,18.0,5.0,,16.0,18.0,,,11.093756287724576
marc-meernhout,22.824569699135772,15,15,2,Belgium,Europe,Western Europe,1952.0,16,,15.0,,,15.0,,,,5.656854249492381
walter-naegels,20.091851645417623,12,13,3,Belgium,Europe,Western Europe,1953.0,13,,13.0,,,10.0,20.0,,,6.557438524302
wim-van-de-meulenhof,19.22796159180117,46,46,4,Netherlands,Europe,Western Europe,1966.0,45,,46.0,,,46.0,,,,6.244997998398397
jan-poppe,22.084914192157964,90,90,2,Belgium,Europe,Western Europe,1970.0,91,,66.0,,114.0,90.0,,,,33.94112549695428
danny-baeyens,20.463696845447977,74,66,3,Belgium,Europe,Western Europe,1974.0,67,,66.0,,,62.0,74.0,,,14.433756729740644
mike-weissmann,22.417098791842093,84,84,1,Germany,Europe,Western Europe,1966.0,84,,84.0,,,84.0,,,,0.0
jens-zemke,20.183267849872696,53,51,5,Germany,Europe,Western Europe,1966.0,53,15.0,63.0,,53.0,74.0,47.0,,15.0,28.892905703649813
franky-de-buyst,21.531463228791097,80,80,2,Belgium,Europe,Western Europe,1967.0,83,,80.0,,,96.0,65.0,,,21.920310216782973
manabu-ishibashi,21.71,179,179,7,Japan,Asia,Asia,1992.0,179,,179.0,,,,179.0,,,11.338934190276817
stefan-kupfernagel,19.84466020230686,78,73,4,Germany,Europe,Western Europe,1977.0,82,,73.0,,,31.0,87.0,,,30.836936726378426
michael-steen-nielsen,24.31760096608418,61,70,5,Denmark,Europe,Northern Europe,1975.0,83,61.0,91.0,,17.0,73.0,,,61.0,47.36876608061477
giacomo-battistel,20.809129812636076,32,32,2,Italy,Europe,Southern Europe,1976.0,28,,32.0,,,32.0,,,,10.606601717798211
martin-van-den-bossche,21.342845388375945,3,4,4,Belgium,Europe,Western Europe,1941.0,4,,4.0,,,4.0,,,,2.362907813126304
alain-vasseur,21.88,12,21,5,France,Europe,Western Europe,1948.0,26,,25.0,5.0,,6.0,31.0,5.0,,18.506755523321747
georges-vandenberghe,20.492475515067543,10,17,5,Belgium,Europe,Western Europe,1941.0,19,,17.0,,,8.0,22.0,,,12.218837915284745
kim-eriksen,20.058550741362225,13,20,6,Denmark,Europe,Northern Europe,1964.0,29,,14.0,47.0,,14.0,,47.0,,16.60622373288601
pascal-campion,22.236574176554043,11,11,2,France,Europe,Western Europe,1962.0,11,,11.0,,,11.0,,,,5.656854249492381
leon-nevels,22.172526351146985,17,17,2,Netherlands,Europe,Western Europe,1961.0,18,,17.0,,,11.0,23.0,,,8.48528137423857
jonathan-hall,22.04103445478428,126,101,4,Australia,Oceania,Oceania,1972.0,124,,101.0,,,16.0,130.0,,,57.162779265299314
martijn-verschoor,23.25,134,134,10,Netherlands,Europe,Western Europe,1985.0,139,,136.0,,114.0,134.0,,,,28.315876975451225
giorgio-cecchinel,22.28,174,160,10,Italy,Europe,Southern Europe,1989.0,165,,160.0,,,146.0,181.0,,,35.21615790766758
tim-de-troyer,22.72,137,121,6,Belgium,Europe,Western Europe,1990.0,129,,133.0,,61.0,150.0,62.0,,,68.20972560175467
robert-dill-bundi,21.633761990517364,67,74,14,Switzerland,Europe,Western Europe,1958.0,89,,0.0,86.0,,1.0,8.0,92.0,,69.18187528631951
michael-carter,23.18397519594818,138,126,15,United States,America,America,1963.0,139,,50.0,145.0,,,50.0,145.0,,51.98607872260016
harry-rozendal,21.117758152529724,22,22,2,Netherlands,Europe,Western Europe,1965.0,36,39.0,,4.0,,,4.0,,39.0,24.748737341529164
keith-lambert,22.96314408035014,34,34,2,Great Britain,Europe,Northern Europe,1947.0,36,44.0,,25.0,,,,34.0,,13.435028842544405
jurgen-kraft,19.348444689116928,88,86,4,Germany,Europe,Western Europe,1951.0,116,,,86.0,,,136.0,36.0,,57.78335977309269
gerard-simonnot,21.613935677639024,28,28,1,France,Europe,Western Europe,1953.0,28,,28.0,,,,28.0,,,0.0
ronny-vanmarcke,20.77107216742197,40,36,4,Belgium,Europe,Western Europe,1947.0,48,,36.0,,,50.0,31.0,,,25.46893532652409
joel-hauvieux,20.43911526870673,28,28,2,France,Europe,Western Europe,1949.0,26,,28.0,,,24.0,31.0,,,4.949747468305833
maxime-daniel,21.39,98,84,5,France,Europe,Western Europe,1991.0,84,,78.0,,109.0,98.0,27.0,,,33.02574753128232
sjoerd-van-ginneken,21.04,78,78,11,Netherlands,Europe,Western Europe,1992.0,80,,82.0,,46.0,72.0,94.0,,,31.556586979871284
sander-helven,19.07,103,96,5,Belgium,Europe,Western Europe,1990.0,99,,104.0,,63.0,86.0,110.0,,,21.897488440458183
ivar-slik,20.3,116,116,1,Netherlands,Europe,Western Europe,1993.0,116,,116.0,,,116.0,,,,0.0
kristoffer-skjerping,21.43,119,104,3,Norway,Europe,Northern Europe,1993.0,109,,104.0,,,94.0,126.0,,,31.65964834506747
maurizio-tomi,20.09197533187604,33,57,6,Italy,Europe,Southern Europe,1968.0,86,,57.0,,,53.0,66.0,,,66.28021323643028
filippo-meloni,20.235787346525377,108,75,9,Italy,Europe,Southern Europe,1969.0,100,,59.0,95.0,,2.0,96.0,,,65.34098594637553
horst-schutz,20.352932888704675,3,3,1,Germany,Europe,Western Europe,1951.0,3,,,3.0,,,3.0,,,0.0
rene-savary,24.24890793705369,2,2,6,Switzerland,Europe,Western Europe,1949.0,2,,,2.0,,,2.0,,,1.8348478592697184
max-hurzeler,21.79647725714009,4,4,6,Switzerland,Europe,Western Europe,1954.0,5,,,4.0,,,4.0,,,2.3664319132398464
remo-rossi,20.82301963830003,145,126,29,Italy,Europe,Southern Europe,1968.0,129,168.0,146.0,122.0,,145.0,148.0,124.0,,40.28240824222285
ramon-saez,21.62,3,10,5,Spain,Europe,Southern Europe,1940.0,26,3.0,,37.0,,,,10.0,,15.355780670483677
alberto-della-torre,20.887020325874204,4,4,5,Italy,Europe,Southern Europe,1945.0,4,5.0,,4.0,,,4.0,5.0,,1.0
henk-hiddinga,20.246813450104348,7,7,1,Netherlands,Europe,Western Europe,1942.0,7,7.0,,,,,,7.0,,0.0
sylvain-golay,20.80481107443885,62,65,5,Switzerland,Europe,Western Europe,1972.0,80,,4.0,80.0,,,65.0,,,52.65738314804487
patrick-roelandt,22.626916840191328,56,56,5,Belgium,Europe,Western Europe,1962.0,101,,69.0,4.0,,147.0,33.0,,,58.0646191755358
kevin-neirynck-1,21.2,41,52,8,Belgium,Europe,Western Europe,1982.0,52,,53.0,,49.0,38.0,75.0,,,26.411239490576197
michael-reihs,21.0,134,108,9,Denmark,Europe,Northern Europe,1979.0,117,,105.0,,134.0,106.0,128.0,,,56.87046685231272
dirk-baert,22.77535140421336,12,18,8,Belgium,Europe,Western Europe,1949.0,21,,18.0,,,19.0,17.0,,,12.9938172110541
joaquin-novoa-mendez,22.66020138892424,163,154,9,Spain,Europe,Southern Europe,1983.0,155,,141.0,170.0,,159.0,152.0,,,20.04855217826076
alvaro-forner,21.10200078375286,109,108,3,Spain,Europe,Southern Europe,1972.0,109,,108.0,,,108.0,,,,23.515952032609693
ezio-moroni,21.24139363087694,20,20,2,Italy,Europe,Southern Europe,1961.0,23,10.0,29.0,,,29.0,,,10.0,13.435028842544405
tullio-cortinovis,19.605141346581405,48,48,2,Italy,Europe,Southern Europe,1962.0,52,28.0,69.0,,,,69.0,,28.0,28.991378028648448
franco-pica,19.1371255735806,35,35,1,Italy,Europe,Southern Europe,1961.0,35,35.0,,,,,,,35.0,0.0
francesco-bianchi,20.20622013892957,37,37,1,Italy,Europe,Southern Europe,1958.0,37,37.0,,,,,,,37.0,0.0
gianmarco-saccani,20.820685867215023,48,48,1,Italy,Europe,Southern Europe,1959.0,48,48.0,,,,,,,48.0,0.0
fabrizio-verza,18.70200383748647,53,48,3,Italy,Europe,Southern Europe,1959.0,47,53.0,45.0,,,,45.0,,53.0,14.742229591663987
santiago-laczano,21.9244429292782,8,9,4,Spain,Europe,Southern Europe,1947.0,11,,7.0,14.0,,7.0,8.0,14.0,,3.559026084010437
lino-farisato,20.72906690745517,8,8,1,Italy,Europe,Southern Europe,1945.0,8,,8.0,,,,8.0,,,0.0
alexander-khatuntsev,22.86833706232557,110,96,9,Russia,Asia,Asia,1985.0,98,,96.0,,,,96.0,,,39.87828704668466
luca-celli,19.73,92,85,7,Italy,Europe,Southern Europe,1979.0,85,,90.0,50.0,,,90.0,50.0,,24.28795507869615
nazareno-rossi,21.423672404629052,120,127,6,Switzerland,Europe,Western Europe,1985.0,128,,127.0,,,,127.0,,,19.75516810018752
julian-cuevas,22.08166384899755,2,2,1,Spain,Europe,Southern Europe,1948.0,2,2.0,,,,,,2.0,,0.0
jos-van-der-vleuten,20.608348738000466,7,15,11,Netherlands,Europe,Western Europe,1943.0,26,10.0,18.0,,3.0,6.0,34.0,10.0,,16.99625627227147
jose-manuel-lopez-rodriguez,20.0217934167534,4,4,3,Spain,Europe,Southern Europe,1940.0,4,4.0,4.0,,,4.0,,4.0,,1.5275252316519463
tomas-aurelio-gil-martinez,22.04,143,153,9,Venezuela,America,America,1977.0,154,129.0,156.0,,,120.0,161.0,129.0,,32.93469970174989
noan-lelarge,22.94588190874433,122,112,13,France,Europe,Western Europe,1975.0,112,,112.0,,,112.0,112.0,,,37.22419946272889
alberto-benito,22.7603494808515,164,160,6,Spain,Europe,Southern Europe,1975.0,165,,160.0,,,173.0,95.0,,,34.40155035266095
kurt-hovelijnck,21.91,54,55,14,Belgium,Europe,Western Europe,1981.0,56,,59.0,,38.0,50.0,67.0,,,27.76470999090609
gilles-devillers,18.72,118,119,4,Belgium,Europe,Western Europe,1985.0,124,,119.0,,,93.0,128.0,,,28.709754439911183
daniele-bruschi,20.21992192556368,15,15,1,Italy,Europe,Southern Europe,1966.0,15,,15.0,,,15.0,,,,0.0
gianluca-brugnami,21.45721103215674,66,66,1,Italy,Europe,Southern Europe,1963.0,66,,66.0,,,66.0,,,,0.0
eduardo-rocchi,24.20092021095606,50,60,4,Italy,Europe,Southern Europe,1965.0,78,,60.0,,,39.0,122.0,,,52.29643072587905
claudio-rio,21.47309113794352,105,105,1,Italy,Europe,Southern Europe,1964.0,105,,105.0,,,105.0,,,,0.0
daniele-del-ben,21.55723876976403,107,107,1,Italy,Europe,Southern Europe,1962.0,107,,107.0,,,107.0,,,,0.0
diego-bittante,19.34596282606619,108,108,1,Italy,Europe,Southern Europe,1964.0,108,,108.0,,,108.0,,,,0.0
romain-lemarchand,21.15,114,112,14,France,Europe,Western Europe,1987.0,116,,116.0,,51.0,113.0,104.0,,,40.02773763554194
edwig-cammaerts,22.1,85,102,3,Belgium,Europe,Western Europe,1987.0,105,,112.0,,81.0,83.0,140.0,,,32.96968304366907
evert-verbist,22.78,68,68,6,Belgium,Europe,Western Europe,1984.0,67,,65.0,,83.0,61.0,82.0,,,19.387281053996887
mathieu-halleguen,20.45,101,101,2,France,Europe,Western Europe,1988.0,101,,100.0,,102.0,102.0,100.0,,,1.4142135623730951
tom-wirtgen,21.33,87,83,7,Luxembourg,Europe,Western Europe,1996.0,84,89.0,82.0,,86.0,72.0,103.0,,89.0,21.01360103769529
michele-gazzoli,23.46,75,75,1,Italy,Europe,Southern Europe,1999.0,75,,75.0,,,75.0,,,,0.0
aaron-verwilst,20.76,93,91,4,Belgium,Europe,Western Europe,1997.0,92,,86.0,,106.0,90.0,96.0,,,13.841363131329707
flavio-zappi,23.33403344444877,17,21,3,Italy,Europe,Southern Europe,1960.0,25,,21.0,,,23.0,17.0,,,12.489995996796797
thierry-barrault,21.34844960701732,17,20,4,France,Europe,Western Europe,1960.0,22,,20.0,,,15.0,26.0,,,9.146948489341495
michel-goffin,21.31294491147995,30,29,4,Belgium,Europe,Western Europe,1961.0,32,,26.0,39.0,,19.0,39.0,39.0,,11.575836902790224
guido-trombetta,20.33103138946853,107,114,7,Italy,Europe,Southern Europe,1971.0,114,,114.0,,,,114.0,,,22.259294473908884
camilo-jorge-castiblanco,21.48569995872716,157,154,4,Colombia,America,America,1987.0,153,,154.0,,,154.0,,,,11.61895003862225
frederico-rocchetti,21.70466428116104,130,127,4,Italy,Europe,Southern Europe,1986.0,128,,127.0,,,100.0,136.0,,,22.7943706500823
philipp-walsleben,21.31,100,100,2,Germany,Europe,Western Europe,1987.0,101,,100.0,,,94.0,107.0,,,9.192388155425116
jury-manuylov,21.557050418771567,18,26,4,Russia,Asia,Asia,1964.0,37,,26.0,,,,26.0,,,21.252450839060103
jose-marques,21.68171160166364,58,58,2,Portugal,Europe,Southern Europe,1966.0,63,,58.0,,,75.0,40.0,,,24.748737341529164
eric-heiden,19.00645109464762,99,91,17,United States,America,America,1958.0,91,,,91.0,,,,91.0,,41.91097006470628
alexi-grewal,19.87263333690948,138,129,17,United States,America,America,1960.0,132,,119.0,130.0,,,119.0,130.0,,58.00481724416872
francisco-martin-826,19.55675061168956,63,54,8,Spain,Europe,Southern Europe,1955.0,57,,54.0,,,,54.0,,,37.99224544937709
roque-moya,20.428933931625377,65,64,7,Spain,Europe,Southern Europe,1953.0,64,,64.0,,,,64.0,,,20.54611537840808
juan-maria-azcarate,23.23828227172151,83,74,6,Spain,Europe,Southern Europe,1955.0,79,,74.0,,,,74.0,,,27.469376888940648
lorenzo-vidal,18.5788399097482,86,79,8,Spain,Europe,Southern Europe,1956.0,82,,79.0,,,,79.0,,,24.65439688401008
domingo-munoz,22.66658426442967,72,60,8,Spain,Europe,Southern Europe,1955.0,64,,60.0,,,,60.0,,,35.41892149684968
juan-garcia2,20.91497559907545,100,91,7,Spain,Europe,Southern Europe,1957.0,91,,91.0,,,,91.0,,,23.08266717278408
pedro-pardo,21.535578267220348,86,89,7,Spain,Europe,Southern Europe,1960.0,89,,89.0,,,,89.0,,,10.279429296739512
salvador-galvez,19.938796773134804,108,108,1,Spain,Europe,Southern Europe,1956.0,108,,108.0,,,,108.0,,,0.0
paolo-toffalori,22.472126409639262,115,115,1,Italy,Europe,Southern Europe,1973.0,115,,,115.0,,,115.0,,,0.0
antonio-londono,20.08086470213976,125,131,11,Colombia,America,America,1955.0,132,,,131.0,,,,131.0,,38.82103459817535
chris-carmichael,22.680500696910865,138,132,12,United States,America,America,1961.0,134,,101.0,135.0,,101.0,,135.0,,43.57334464596864
graziano-salvietti,21.85369922322941,138,134,12,Italy,Europe,Southern Europe,1956.0,134,,,134.0,,,,134.0,,47.05211488500294
henk-boeve,20.35066430350471,159,133,16,Netherlands,Europe,Western Europe,1957.0,136,,37.0,140.0,,,37.0,140.0,,59.315786263017706
manuele-spadi,19.14388639822452,9,9,1,Italy,Europe,Southern Europe,1981.0,9,9.0,,,,,,,9.0,0.0
micula-dematteis,18.11522108251047,37,37,2,Italy,Europe,Southern Europe,1983.0,46,37.0,,,,,,,37.0,29.69848480983499
hubert-krys,20.49308529601173,44,44,2,Poland,Europe,Eastern Europe,1983.0,50,44.0,,,,,,67.0,20.0,33.23401871576773
leonardo-moser,22.14240559113617,34,69,3,Italy,Europe,Southern Europe,1984.0,94,28.0,151.0,,,151.0,,,28.0,71.26710321038733
alessandro-maserati,22.565237583637305,25,25,1,Italy,Europe,Southern Europe,1979.0,25,25.0,,,,,,,25.0,0.0
piergiorgio-camussa,20.396756098967053,74,74,2,Italy,Europe,Southern Europe,1981.0,100,29.0,120.0,,,120.0,,,29.0,64.34671708797582
federico-vitali,20.225945036875142,34,34,1,Italy,Europe,Southern Europe,1982.0,34,34.0,,,,,,,34.0,0.0
herve-vermeeren,22.045956432475048,20,21,4,Belgium,Europe,Western Europe,1947.0,22,,21.0,,,16.0,26.0,,,7.88986691902975
jakub-otruba,20.78,63,63,1,Czech Republic,Europe,Eastern Europe,1998.0,63,63.0,,,,,,63.0,,0.0
adam-toupalik,21.22,70,70,1,Czech Republic,Europe,Eastern Europe,1996.0,70,70.0,,,,,,70.0,,0.0
anatoliy-budyak,18.56,86,86,1,Ukraine,Europe,Eastern Europe,1995.0,86,86.0,,,,,,86.0,,0.0
walter-delle-case,22.25610569468954,9,9,1,Italy,Europe,Southern Europe,1959.0,9,,9.0,,,9.0,,,,0.0
leonardo-bevilacqua,21.19945409676857,21,21,1,Italy,Europe,Southern Europe,1956.0,21,,21.0,,,21.0,,,,0.0
dante-morandi,22.50373015377989,38,39,5,Italy,Europe,Southern Europe,1958.0,58,,39.0,,,39.0,,,,33.11042132018256
piero-ghibaudo,20.70184576290772,66,66,1,Italy,Europe,Southern Europe,1958.0,66,,66.0,,,66.0,,,,0.0
corrado-donadio,19.89548889690993,42,42,2,Italy,Europe,Southern Europe,1958.0,61,13.0,71.0,,,71.0,,,13.0,41.01219330881976
daniele-antinori,19.054588312114006,76,76,1,Italy,Europe,Southern Europe,1959.0,76,,76.0,,,76.0,,,,0.0
stefanino-cecini,22.647694063734544,3,3,1,Italy,Europe,Southern Europe,1966.0,3,,3.0,,,,3.0,,,0.0
alberto-david-fernandez,20.068987121279736,139,89,5,Spain,Europe,Southern Europe,1975.0,89,,89.0,,,,89.0,,,71.2972650246838
ernesto-manchon,20.47654871955099,104,104,2,Spain,Europe,Southern Europe,1972.0,103,,104.0,,,,104.0,,,45.254833995939045
raymond-riotte,23.04707860419422,28,24,5,France,Europe,Western Europe,1940.0,27,,24.0,24.0,,9.0,32.0,24.0,,11.067971810589327
gerard-guazzini,21.67217767061868,155,133,9,France,Europe,Western Europe,1966.0,144,,22.0,147.0,,22.0,,147.0,,52.81913584214637
wanderley-magalhaes,23.39,178,177,4,Brazil,America,America,1966.0,177,,,177.0,,,,177.0,,9.069178573608529
gianvito-martinelli,21.623487815611107,173,149,11,Italy,Europe,Southern Europe,1969.0,153,,146.0,164.0,32.0,108.0,,164.0,,47.92930399889176
rene-van-den-broek,20.382240679965037,60,60,1,Netherlands,Europe,Western Europe,1958.0,60,,60.0,,,,60.0,,,0.0
rudy-bormans,21.557645803246245,61,61,1,Belgium,Europe,Western Europe,1959.0,61,,61.0,,,,61.0,,,0.0
wil-van-helvoirt,23.164740157544777,33,33,2,Netherlands,Europe,Western Europe,1952.0,58,,62.0,4.0,,,33.0,,,41.01219330881976
rudy-claessens,21.65170566389653,67,67,1,Belgium,Europe,Western Europe,1958.0,67,,67.0,,,,67.0,,,0.0
patrick-hermans,19.97125937147836,56,55,4,Belgium,Europe,Western Europe,1958.0,58,,55.0,,,,55.0,,,17.03672503740082
giuseppe-faraca,20.13841679221476,48,48,2,Italy,Europe,Southern Europe,1959.0,48,,48.0,,,48.0,,,,9.192388155425116
victor-schraner,20.7232384233138,64,64,2,Switzerland,Europe,Western Europe,1956.0,64,,59.0,69.0,,59.0,69.0,,,7.071067811865476
alain-dallenbach,20.219243275421647,62,62,1,Switzerland,Europe,Western Europe,1956.0,62,,62.0,,,62.0,,,,0.0
martin-kemp,20.40153744382634,20,40,7,Netherlands,Europe,Western Europe,1957.0,61,,40.0,,,45.0,36.0,,,35.87677322646028
hans-daams,20.651685475270625,18,29,5,Netherlands,Europe,Western Europe,1962.0,37,,34.0,6.0,,14.0,39.0,,,24.893774322107124
bruno-risi,19.311903220914623,8,8,4,Switzerland,Europe,Western Europe,1968.0,10,,10.0,5.0,,,8.0,,,2.8867513459481287
jean-pierre-monsere,20.83,7,10,7,Belgium,Europe,Western Europe,1948.0,9,,12.0,2.0,19.0,22.0,6.0,0.0,,9.031690238899282
les-west,22.09,3,3,1,Great Britain,Europe,Northern Europe,1943.0,3,,,3.0,,,,3.0,,0.0
harm-ottenbros,22.480322432479557,19,19,1,Netherlands,Europe,Western Europe,1943.0,19,,,19.0,,,,19.0,,0.0
christian-raymond,21.163871304412545,22,20,3,France,Europe,Western Europe,1943.0,27,,19.0,22.0,,5.0,33.0,22.0,,14.106735979665885
sid-barras,20.616759287506788,12,12,4,Great Britain,Europe,Northern Europe,1948.0,21,,,12.0,,,3.0,22.0,,11.030261405182864
mauro-simonetti,20.345561130799094,34,34,2,Italy,Europe,Southern Europe,1948.0,32,,44.0,24.0,,,44.0,24.0,,14.142135623730953
peter-kisner,24.193695958728924,27,27,1,Netherlands,Europe,Western Europe,1944.0,27,,,27.0,,,,27.0,,0.0
sture-pettersson,21.22,29,29,1,Sweden,Europe,Northern Europe,1942.0,29,,,29.0,,,,29.0,,0.0
daniel-rebillard,20.71515641223644,35,41,3,France,Europe,Western Europe,1948.0,56,,44.0,35.0,,9.0,79.0,35.0,,35.38361202590826
gianni-motta,21.278609537445615,20,20,5,Italy,Europe,Southern Europe,1943.0,24,2.0,14.0,36.0,,,14.0,36.0,2.0,15.30686120666154
firmino-bernardino,20.66556057437856,40,40,1,Portugal,Europe,Southern Europe,1950.0,40,,,40.0,,,,40.0,,0.0
tomas-pettersson,19.94,26,26,2,Sweden,Europe,Northern Europe,1947.0,27,11.0,,41.0,,,,26.0,,21.213203435596427
jose-antonio-gonzalez-linares,21.360889581727257,5,17,3,Spain,Europe,Southern Europe,1946.0,35,,5.0,22.0,,5.0,3.0,42.0,,21.962088546705512
giacinto-santambrogio,20.108876960275605,40,37,4,Italy,Europe,Southern Europe,1945.0,47,36.0,67.0,23.0,,,67.0,27.0,,26.411802917130316
brian-jolly,23.46,26,31,3,Great Britain,Europe,Northern Europe,1946.0,34,,24.0,44.0,,24.0,,44.0,,11.357816691600547
dieter-puschel,24.3207179942603,49,49,2,Germany,Europe,Western Europe,1939.0,49,,52.0,46.0,,,52.0,46.0,,4.242640687119285
ernst-streng,21.43578985963967,47,47,1,Germany,Europe,Western Europe,1942.0,47,,,47.0,,,,47.0,,0.0
andres-gandarias,22.23449821301229,48,48,1,Spain,Europe,Southern Europe,1943.0,48,,,48.0,,,,48.0,,0.0
danny-horton,22.196421143390506,29,29,2,Great Britain,Europe,Northern Europe,1946.0,47,,,29.0,,,6.0,52.0,,32.526911934581186
kurt-rub,21.891325652276677,27,24,5,Switzerland,Europe,Western Europe,1946.0,35,29.0,,23.0,,,6.0,36.0,,19.30802941783548
peter-glemser,23.2,54,54,1,Germany,Europe,Western Europe,1940.0,54,,,54.0,,,,54.0,,0.0
jesus-aranzabal,20.97626517439162,55,55,1,Spain,Europe,Southern Europe,1939.0,55,,,55.0,,,,55.0,,0.0
erwin-thalmann,19.64024985172989,38,38,2,Switzerland,Europe,Western Europe,1944.0,40,19.0,,57.0,,,,38.0,,26.87005768508881
erik-pettersson,20.68,44,44,2,Sweden,Europe,Northern Europe,1944.0,46,27.0,,61.0,,,,44.0,,24.04163056034261
hugh-porter,22.346470718753064,33,33,2,Great Britain,Europe,Northern Europe,1940.0,56,,,33.0,,,3.0,63.0,,42.42640687119285
jose-luis-pacheco,22.89557017501117,66,66,1,Portugal,Europe,Southern Europe,1948.0,66,,,66.0,,,,66.0,,0.0
winfried-bolke,22.01183678877562,29,34,3,Germany,Europe,Western Europe,1941.0,54,,29.0,36.0,,,16.0,68.0,,32.25419869309007
jose-antonio-de-segovia,21.45,160,152,4,Spain,Europe,Southern Europe,1982.0,152,,152.0,,,152.0,,,,17.55704986607944
milan-vader,21.05,35,37,6,Netherlands,Europe,Western Europe,1996.0,36,,37.0,,,41.0,35.0,,,9.389710680668852
walter-calzoni,21.223903791408496,106,98,8,Italy,Europe,Southern Europe,2001.0,101,,52.0,104.0,,52.0,104.0,,,40.3732584763727
samuel-gaze,22.4,84,84,1,New Zealand,Oceania,Oceania,1995.0,84,,84.0,,,84.0,,,,0.0
axel-mariault,20.31,102,102,1,France,Europe,Western Europe,1998.0,102,,102.0,,,102.0,,,,0.0
kirk-carlsen,20.31,119,107,5,United States,America,America,1987.0,107,,107.0,,,,107.0,,,24.44381312316064
thomas-kvist,20.31,110,103,13,Denmark,Europe,Northern Europe,1987.0,104,,128.0,87.0,,,103.0,,,38.005229059925895
juan-pablo-valencia,22.41,76,86,21,Colombia,America,America,1988.0,86,88.0,101.0,81.0,,101.0,,85.0,,32.84451102942324
sigmund-hermann,22.054430946090708,6,6,1,Liechtenstein,Europe,Western Europe,1959.0,6,,,6.0,,,6.0,,,0.0
roy-jans,21.46,68,69,6,Belgium,Europe,Western Europe,1990.0,70,,60.0,,116.0,65.0,89.0,,,39.58787693221247
robin-stenuit,22.5,90,90,1,Belgium,Europe,Western Europe,1990.0,90,,90.0,,,,90.0,,,0.0
maxime-farazijn,21.95,63,78,7,Belgium,Europe,Western Europe,1994.0,79,,68.0,,102.0,78.0,76.0,,,32.4690328657645
jordi-warlop,21.74,79,70,11,Belgium,Europe,Western Europe,1996.0,72,,84.0,,34.0,62.0,106.0,,,37.08981727448311
norman-vahtra,23.06,110,110,1,Estonia,Europe,Northern Europe,1996.0,110,,,,110.0,110.0,,,,0.0
mick-van-dijke,20.5,75,72,10,Netherlands,Europe,Western Europe,2000.0,71,,94.0,63.0,,104.0,68.0,,,26.07254835603489
jacob-eriksson,20.069747647322973,106,103,5,Sweden,Europe,Northern Europe,1999.0,103,,,103.0,,,103.0,,,24.795160818191924
alessandro-paganessi,21.07727344853243,39,34,5,Italy,Europe,Southern Europe,1959.0,50,,55.0,1.0,,55.0,19.0,,,31.848076865016512
steen-michael-petersen,21.54234610483925,98,82,3,Denmark,Europe,Northern Europe,1959.0,87,48.0,99.0,,,100.0,98.0,48.0,,29.46183972531247
laurent-masson,19.555981494456542,3,3,1,France,Europe,Western Europe,1964.0,3,,3.0,,,3.0,,,,0.0
luciano-borgognoni,18.811024455699037,3,7,3,Italy,Europe,Southern Europe,1951.0,15,,17.0,2.0,,17.0,2.0,,,8.386497083606084
enrico-maestrelli,25.121997134864937,14,14,2,Italy,Europe,Southern Europe,1958.0,22,,14.0,,,14.0,,,,12.727922061357855
alberto-minetti,21.06,24,24,1,Italy,Europe,Southern Europe,1957.0,24,,24.0,,,24.0,,,,0.0
jean-van-der-stappen,22.854947405642687,36,42,4,Belgium,Europe,Western Europe,1951.0,53,,42.0,,,20.0,63.0,,,30.424770609926817
derek-hunt,18.89479378869613,26,33,4,Great Britain,Europe,Northern Europe,1958.0,41,,33.0,,,48.0,18.0,,,24.303634844744245
marcel-van-der-slagmolen,21.0143273233812,37,37,1,Belgium,Europe,Western Europe,1952.0,37,,37.0,,,,37.0,,,0.0
hans-hindelang,22.840312876750783,42,42,1,Germany,Europe,Western Europe,1951.0,42,,42.0,,,,42.0,,,0.0
brian-walton,21.71,9,37,7,Canada,America,America,1965.0,86,,25.0,109.0,,12.0,47.0,,,52.17415890211223
georges-vanconingsloo,20.90760113124248,15,16,3,Belgium,Europe,Western Europe,1940.0,12,,9.0,,29.0,22.0,3.0,,,13.012814197295423
michel-coulon,20.18112230998058,29,30,3,Belgium,Europe,Western Europe,1947.0,30,,30.0,,,22.0,34.0,,,8.020806277010642
frans-staes,21.230890569115378,28,28,1,Belgium,Europe,Western Europe,1947.0,28,,28.0,,,28.0,,,,0.0
derek-harrison,24.39,29,29,1,Great Britain,Europe,Northern Europe,1944.0,29,,29.0,,,29.0,,,,0.0
edy-schutz,23.24,33,37,3,Luxembourg,Europe,Western Europe,1941.0,43,,37.0,,,33.0,39.0,,,33.18132004607411
romano-tumellero,20.574988266473763,35,28,3,Italy,Europe,Southern Europe,1948.0,40,,28.0,,,20.0,45.0,,,21.37755832643195
jean-ronsmans,20.669885536996087,30,31,3,Belgium,Europe,Western Europe,1947.0,30,,31.0,,30.0,34.0,25.0,,,6.027713773341708
emile-cambre,23.86452965754305,37,36,3,Belgium,Europe,Western Europe,1948.0,36,,36.0,,,38.0,36.0,,,2.081665999466133
piet-hoekstra,21.8375584735726,39,39,1,Netherlands,Europe,Western Europe,1947.0,39,,39.0,,,39.0,,,,0.0
giovanni-jimenez,21.790421829637346,36,36,4,Colombia,America,America,1942.0,36,37.0,36.0,,,40.0,31.0,37.0,,5.560275772537426
maurice-eyers,20.364064453117,12,22,3,Belgium,Europe,Western Europe,1948.0,23,,28.0,,12.0,28.0,10.0,,,19.65536398374076
nick-barnes,21.44252944670913,10,10,1,Great Britain,Europe,Northern Europe,1964.0,10,,10.0,,,10.0,,,,0.0
victor-gonzalo,22.66753577718287,94,94,1,Spain,Europe,Southern Europe,1967.0,94,,94.0,,,,94.0,,,0.0
yves-bonnamour,22.049429400852656,93,93,2,France,Europe,Western Europe,1961.0,104,,93.0,,,,93.0,,,46.66904755831214
johan-pauwels,23.171545519866505,90,90,2,Belgium,Europe,Western Europe,1964.0,90,,90.0,,,,90.0,,,53.033008588991066
truls-korsaeth,24.28,91,78,9,Norway,Europe,Northern Europe,1993.0,91,15.0,85.0,,93.0,94.0,62.0,,15.0,50.67735632848702
andreas-walzer,21.45035815451835,16,16,1,Germany,Europe,Western Europe,1970.0,16,,16.0,,,,16.0,,,0.0
pablo-rincon-murcia,19.91015675904232,12,13,3,Colombia,America,America,1964.0,14,,,13.0,,,13.0,,,6.557438524302
alexandre-bazhenov,22.983113037913785,74,69,15,Russia,Asia,Asia,1981.0,72,52.0,79.0,74.0,,,76.0,52.0,52.0,25.187298386289864
benjamin-brooks,22.25267101083338,103,106,8,Australia,Oceania,Oceania,1979.0,110,,106.0,,,,106.0,,,32.16919555812894
marco-votolo,20.634674800467103,57,53,4,Italy,Europe,Southern Europe,1964.0,69,,53.0,,,,53.0,,,33.14614105241614
thierry-lauder,20.479976631709523,99,99,1,France,Europe,Western Europe,1972.0,99,,,99.0,,,99.0,,,0.0
herve-meyvisch,18.165937444899864,53,49,3,Belgium,Europe,Western Europe,1969.0,48,,49.0,,,54.0,38.0,,,9.29157324317757
piet-rooijakkers,19.45,114,103,11,Netherlands,Europe,Western Europe,1980.0,102,,104.0,100.0,,106.0,97.0,100.0,,33.37990685754204
jarl-salomein,21.48,72,65,7,Belgium,Europe,Western Europe,1989.0,66,,65.0,,,61.0,69.0,,,19.1373481767484
benjamin-verraes,21.8,68,68,2,Belgium,Europe,Western Europe,1987.0,65,,86.0,,49.0,68.0,,,,26.16295090390226
joab-schneiter,20.72688744042835,112,114,6,Switzerland,Europe,Western Europe,1998.0,114,,114.0,,,,114.0,,,11.86591757935306
francisco-fernandez-moreno,17.364928022068078,116,116,2,Spain,Europe,Southern Europe,1954.0,116,,,116.0,,,116.0,,,15.556349186104043
tobias-lund-andresen,21.06,118,118,1,Denmark,Europe,Northern Europe,2002.0,118,,,,118.0,118.0,,,,0.0
frederik-rodenberg,20.22,128,128,2,Denmark,Europe,Northern Europe,1998.0,128,,,,128.0,128.0,,,,3.5355339059327378
tyler-williams,22.53,125,125,1,United States,America,America,1994.0,125,125.0,,,,,,125.0,,0.0
antonino-parrinello,21.46,82,81,4,Italy,Europe,Southern Europe,1988.0,82,67.0,86.0,,,82.0,94.0,,67.0,12.622730819174324
alessio-taliani,18.52,58,58,2,Italy,Europe,Southern Europe,1990.0,66,58.0,,,,,,,58.0,48.79036790187178
iban-iriondo,20.6,94,89,4,Spain,Europe,Southern Europe,1984.0,92,,62.0,98.0,,,89.0,,,56.87046685231272
henk-prinsen,19.554604935237705,20,20,4,Netherlands,Europe,Western Europe,1951.0,27,,26.0,3.0,,20.0,20.0,,,14.5
anthony-jullien,22.72,49,49,1,France,Europe,Western Europe,1998.0,49,,49.0,,,49.0,,,,0.0
florian-maitre,21.91,88,88,2,France,Europe,Western Europe,1996.0,88,82.0,94.0,,,94.0,,,82.0,8.48528137423857
kenny-de-ketele,20.83,122,122,1,Belgium,Europe,Western Europe,1985.0,122,,122.0,,,122.0,,,,0.0
eric-lalouette,20.98358755229569,12,12,1,France,Europe,Western Europe,1951.0,12,,12.0,,,12.0,,,,0.0
jos-alberts,21.950780343895165,28,28,1,Netherlands,Europe,Western Europe,1961.0,28,,28.0,,,28.0,,,,0.0
daan-luyckx,20.26053091632285,35,52,3,Netherlands,Europe,Western Europe,1966.0,82,,76.0,6.0,,35.0,61.0,,,57.01169470672954
pascal-dubois,21.47258907637803,38,38,1,France,Europe,Western Europe,1962.0,38,,38.0,,,38.0,,,,0.0
pino-cerami-2,21.51915446623628,75,75,2,Belgium,Europe,Western Europe,1963.0,77,,75.0,,,75.0,,,,18.384776310850235
klaas-sys,21.05778924054041,94,94,1,Belgium,Europe,Western Europe,1986.0,94,,94.0,,,94.0,,,,0.0
lars-wahlqvist,21.92766619788993,27,31,3,Sweden,Europe,Northern Europe,1964.0,30,27.0,44.0,23.0,,,44.0,25.0,,11.150485789118488
michael-lange,19.7217905292356,102,87,6,United States,America,America,1983.0,86,,87.0,,,,87.0,,,45.81266200517058
joaquin-ortega,23.092596422288008,124,110,6,Spain,Europe,Southern Europe,1981.0,109,,110.0,,,,110.0,,,61.0431541343226
juan-carlos-carinena,21.837135990655057,128,127,6,Spain,Europe,Southern Europe,1980.0,128,,127.0,,,,127.0,,,30.367197214538365
javier-cherro,20.205434054538284,152,136,6,Spain,Europe,Southern Europe,1980.0,138,,136.0,,,,136.0,,,41.9654619895933
tim-kerkhof,21.05,59,55,3,Netherlands,Europe,Western Europe,1993.0,58,,53.0,,59.0,44.0,78.0,,,25.238858928247925
louis-verhelst,21.43,103,103,2,Belgium,Europe,Western Europe,1990.0,106,,127.0,,79.0,79.0,127.0,,,33.94112549695428
david-lozano,19.88,128,121,12,Spain,Europe,Southern Europe,1988.0,123,,121.0,,,121.0,,,,36.31543206490328
umberto-poli,20.68490876551685,164,165,4,Italy,Europe,Southern Europe,1996.0,166,,165.0,,,165.0,,,,20.44504830026088
jesus-david-pena-jimenez,19.38,138,142,3,Colombia,America,America,2000.0,142,,142.0,,,,142.0,,,8.717797887081348
francisco-javier-quevedo,21.11802121526816,3,3,3,Spain,Europe,Southern Europe,1964.0,3,,3.0,,,,3.0,,,0.5773502691896257
alexandre-rua,20.15102348578212,6,6,2,Portugal,Europe,Southern Europe,1956.0,6,,6.0,,,,6.0,,,2.1213203435596424
chris-jones,19.75,101,104,4,United States,America,America,1979.0,104,,104.0,,,100.0,108.0,,,13.524668819112234
michael-van-staeyen,22.23,107,90,3,Belgium,Europe,Western Europe,1988.0,99,,90.0,,,82.0,107.0,,,62.26556030423239
daniel-summerhill,20.45,126,111,3,United States,America,America,1989.0,113,,111.0,,,75.0,128.0,,,30.989245446337243
werner-stauff,20.702862542198197,7,7,1,Germany,Europe,Western Europe,1960.0,7,,,7.0,,,7.0,,,0.0
alexei-kuznetsov,20.691340175253075,46,45,6,Uzbekistan,Asia,Asia,1976.0,45,,,45.0,,,45.0,,,6.723094525588644
alberto-hierro,21.392903387839574,61,62,6,Spain,Europe,Southern Europe,1978.0,62,,,62.0,,,62.0,,,33.534559288391826
cees-jeurissen,19.66316123189507,100,100,1,Netherlands,Europe,Western Europe,1976.0,100,,100.0,,,,100.0,,,0.0
josef-regec,22.299974672953795,147,140,3,Slovakia,Europe,Eastern Europe,1965.0,140,,140.0,,,,140.0,,,12.423096769056148
luc-branckaerts,20.769463854231063,19,20,4,Belgium,Europe,Western Europe,1962.0,25,8.0,24.0,,,,24.0,8.0,,11.586630226256467
benjamin-gourgue,22.5,143,141,3,Belgium,Europe,Western Europe,1986.0,141,,141.0,,,,141.0,,,8.18535277187245
rasmus-byriel-iversen,21.33,118,116,6,Denmark,Europe,Northern Europe,1997.0,117,,116.0,,,,116.0,,,14.039230748157108
raimund-lehnert,22.238732372291857,7,11,3,Germany,Europe,Western Europe,1965.0,23,,16.0,1.0,,16.0,1.0,,,13.051181300301264
kenny-van-der-schueren,21.94785058800814,73,77,3,Belgium,Europe,Western Europe,1982.0,80,,77.0,,,58.0,87.0,,,21.825062046494462
didac-ortega-orts,19.021795634634824,66,71,8,Spain,Europe,Southern Europe,1982.0,70,,71.0,,,71.0,,,,25.72241934855384
enrico-rossi,17.830438053174337,7,17,6,Italy,Europe,Southern Europe,1982.0,17,,17.0,,,17.0,,,,21.568495543268657
maurizio-biondo,19.30739773233784,58,76,7,Italy,Europe,Southern Europe,1981.0,79,,76.0,,,76.0,,,,43.199977954138994
gabriele-rampollo,21.35463180819584,32,32,2,Italy,Europe,Southern Europe,1968.0,52,,8.0,,56.0,56.0,8.0,,,33.94112549695428
stefan-brykt,21.18213743733205,8,43,5,Sweden,Europe,Northern Europe,1964.0,97,64.0,136.0,6.0,,136.0,6.0,64.0,,57.61770561207727
dariusz-kajzer,21.476883774237315,33,39,18,Germany,Europe,Western Europe,1961.0,59,48.0,41.0,32.0,,30.0,40.0,54.0,,31.25333969082449
rene-grelin,21.752563636007324,7,7,1,France,Europe,Western Europe,1942.0,7,,7.0,,,7.0,,,,0.0
meinrad-vogele,21.5137460012964,30,23,3,Switzerland,Europe,Western Europe,1949.0,32,,34.0,0.0,,,23.0,,,20.033305601755625
pier-andre-cote,22.74174294436594,96,96,2,Canada,America,America,1997.0,96,96.0,,,,,,96.0,,19.79898987322333
adam-roberge,19.13,99,99,2,Canada,America,America,1997.0,99,99.0,,,,,,99.0,,1.4142135623730951
nigel-ellsay,18.8164243437973,105,104,3,Canada,America,America,1994.0,104,104.0,,,,,,104.0,,8.082903768654763
adam-de-vos,21.365531548725937,82,83,5,Canada,America,America,1993.0,85,83.0,,,82.0,82.0,,83.0,,41.926125506657534
noel-vanclooster,22.60320365354395,18,17,4,Belgium,Europe,Western Europe,1943.0,17,18.0,14.0,,22.0,22.0,14.0,,18.0,4.546060565661952
joseph-schoeters,22.72725659602952,19,20,7,Belgium,Europe,Western Europe,1947.0,20,,20.0,,,18.0,21.0,,,9.860937847795984
ludo-van-staeyen,20.59795263254476,19,19,2,Belgium,Europe,Western Europe,1948.0,19,,19.0,,,,19.0,,,2.8284271247461903
robert-bouloux,19.60825744980063,16,17,5,France,Europe,Western Europe,1947.0,29,,25.0,4.0,,,17.0,,,14.872793954062566
ben-janbroers,18.37979566837108,23,23,2,Netherlands,Europe,Western Europe,1948.0,23,,23.0,,,24.0,22.0,,,1.4142135623730951
romain-maes2,21.51684833016912,24,30,3,Belgium,Europe,Western Europe,1950.0,35,,30.0,,,24.0,34.0,,,10.96965511460289
markus-schleicher,24.036125528703167,63,72,3,Germany,Europe,Western Europe,1967.0,106,,37.0,142.0,,,72.0,,,65.96211033616193
fabrizio-nespoli,21.7589587879565,4,4,1,Italy,Europe,Southern Europe,1965.0,4,,4.0,,,,4.0,,,0.0
johan-devos,19.80810540403884,41,43,3,Belgium,Europe,Western Europe,1966.0,49,,32.0,,64.0,44.0,41.0,,,20.07485989988473
wim-sels,20.269293995029507,54,54,2,Belgium,Europe,Western Europe,1967.0,72,,54.0,,,19.0,89.0,,,49.49747468305833
pierre-dewailly,20.099054748555343,90,90,1,Belgium,Europe,Western Europe,1967.0,90,,90.0,,,,90.0,,,0.0
stefano-cavallari,22.43074952180176,88,88,2,Italy,Europe,Southern Europe,1978.0,95,,56.0,121.0,,56.0,,121.0,,45.96194077712559
vytautas-kaupas,21.168563972333686,86,86,2,Lithuania,Europe,Northern Europe,1982.0,91,,86.0,,,86.0,,,,30.405591591021544
felix-odebrecht,19.988941909225986,75,75,1,Germany,Europe,Western Europe,1984.0,75,,75.0,,,75.0,,,,0.0
guy-santy,22.2004900458122,34,34,2,France,Europe,Western Europe,1950.0,36,,34.0,,,,34.0,,,21.920310216782973
jean-pierre-genet,20.97072905747377,18,23,8,France,Europe,Western Europe,1940.0,30,14.0,24.0,,,12.0,40.0,14.0,,19.197749124013768
antoine-demoitie,21.3,68,68,1,Belgium,Europe,Western Europe,1990.0,68,,68.0,,,68.0,,,,0.0
mattia-frapporti,22.34,116,121,8,Italy,Europe,Southern Europe,1994.0,126,,121.0,,,121.0,,,,36.959437225152655
raffaello-bonusi,21.52347441618329,114,118,8,Italy,Europe,Southern Europe,1992.0,119,,118.0,,,118.0,,,,35.12833614050059
kohei-uchima,21.8,156,161,7,Japan,Asia,Asia,1988.0,162,,161.0,,,161.0,,,,17.424667790780045
joonas-henttala,20.88,132,129,10,Finland,Europe,Northern Europe,1991.0,129,,129.0,,,129.0,,,,21.38769116415639
johan-remels,21.333524772731288,79,69,3,Belgium,Europe,Western Europe,1967.0,101,,,64.0,79.0,79.0,5.0,123.0,,59.632206063502295
giovanni-cavalcanti,21.509333861058693,39,54,7,Italy,Europe,Southern Europe,1943.0,102,51.0,8.0,63.0,,,57.0,45.0,,55.24447828473341
lachlan-norris,21.39,32,32,2,Australia,Oceania,Oceania,1987.0,32,32.0,,,,,,32.0,,2.1213203435596424
adam-phelan,22.04,46,46,2,Australia,Oceania,Oceania,1991.0,47,46.0,,,,,,46.0,,5.656854249492381
adriano-pella,23.027759251692448,0,0,1,Italy,Europe,Southern Europe,1945.0,0,,0.0,,,0.0,,,,0.0
gianfranco-bianchin,20.63334305971449,4,4,1,Italy,Europe,Southern Europe,1947.0,4,,4.0,,,4.0,,,,0.0
pietro-guerra,20.411838901415685,2,2,2,Italy,Europe,Southern Europe,1943.0,3,,2.0,,,2.0,,,,3.5355339059327378
gianpaolo-cucchietti,22.070009988347586,6,6,1,Italy,Europe,Southern Europe,1942.0,6,,6.0,,,6.0,,,,0.0
sylvain-bolay,20.99,100,100,2,France,Europe,Western Europe,1963.0,100,,100.0,,,,100.0,,,94.75230867899737
isidro-cerrato-lopez,21.24383782080775,176,164,5,Spain,Europe,Southern Europe,1981.0,164,,164.0,,,,164.0,,,35.33128924904949
luc-ronsse,20.398016136957537,50,54,4,Belgium,Europe,Western Europe,1955.0,56,,54.0,,,,54.0,,,15.800843859321777
eric-de-vlaeminck,20.444951139260212,9,11,10,Belgium,Europe,Western Europe,1945.0,13,39.0,7.0,,,7.0,8.0,39.0,,10.956479564369408
arie-den-hartog,20.048996334498465,11,13,4,Netherlands,Europe,Western Europe,1941.0,16,,16.0,4.0,,,13.0,,,8.808140174482542
jean-claude-theilliere,21.93085301082504,23,23,1,France,Europe,Western Europe,1944.0,23,,23.0,,,,23.0,,,0.0
willy-monty,23.267062653815945,25,24,4,Belgium,Europe,Western Europe,1939.0,24,,24.0,,,,24.0,,,2.362907813126304
maurice-dury,20.56167721927124,8,16,5,Belgium,Europe,Western Europe,1947.0,24,,28.0,6.0,34.0,34.0,12.0,,,13.718600511714014
steven-van-vooren,23.41,85,84,4,Belgium,Europe,Western Europe,1986.0,84,,82.0,,87.0,64.0,103.0,,,33.560889936551646
frans-melckenbeeck,20.088888817554565,8,8,2,Belgium,Europe,Western Europe,1940.0,8,,8.0,,,8.0,8.0,,,0.0
englebert-opdebeeck,20.18189439910875,29,29,11,Belgium,Europe,Western Europe,1946.0,34,,28.0,,36.0,25.0,30.0,,,13.945999752291304
theo-mertens,21.72278049588013,16,16,1,Belgium,Europe,Western Europe,1941.0,16,,16.0,,,,16.0,,,0.0
ward-sels,19.55104933826505,18,16,6,Belgium,Europe,Western Europe,1941.0,19,,17.0,,15.0,14.0,19.0,,,6.156297588648555
etienne-antheunis,22.77799393300731,22,22,2,Belgium,Europe,Western Europe,1947.0,23,,22.0,,,,22.0,,,7.7781745930520225
romain-furniere,24.04996559510972,31,31,1,Belgium,Europe,Western Europe,1943.0,31,,31.0,,,,31.0,,,0.0
ercole-gualazzini,21.59328913177457,33,33,1,Italy,Europe,Southern Europe,1944.0,33,,33.0,,,,33.0,,,0.0
wim-dubois,17.7895506764822,34,34,1,Netherlands,Europe,Western Europe,1946.0,34,,34.0,,,,34.0,,,0.0
colin-lewis,21.6,35,38,3,Great Britain,Europe,Northern Europe,1942.0,39,54.0,35.0,24.0,,,35.0,39.0,,15.17673658377628
roger-cooreman,23.273681174711424,20,24,5,Belgium,Europe,Western Europe,1941.0,30,,24.0,,,17.0,26.0,,,17.24818831066034
claudio-brandini,21.010607349308184,38,38,2,Italy,Europe,Southern Europe,1965.0,65,,38.0,,,70.0,7.0,,,44.54772721475249
philippe-martinez,21.816752319936864,14,14,2,France,Europe,Western Europe,1958.0,24,,2.0,26.0,,,2.0,26.0,,16.97056274847714
claudio-jose-casas,17.911046596407953,175,177,4,Spain,Europe,Southern Europe,1982.0,177,,177.0,,,,177.0,,,10.078855755160568
kristof-de-zutter,21.85000611543098,106,106,2,Belgium,Europe,Western Europe,1982.0,112,,106.0,,,106.0,,,,41.71930009000631
marlon-gaillard,20.43,118,118,2,France,Europe,Western Europe,1996.0,120,118.0,,,,,,136.0,101.0,24.748737341529164
fausto-bertoglio,21.342035369599383,9,9,2,Italy,Europe,Southern Europe,1949.0,13,17.0,1.0,,,,1.0,,17.0,11.31370849898476
jose-pedrero,21.33614399519447,39,52,3,Spain,Europe,Southern Europe,1965.0,72,,58.0,39.0,,,58.0,39.0,,50.76416058598822
javier-claramunt,20.97282314111084,102,102,2,Spain,Europe,Southern Europe,1968.0,103,,110.0,94.0,,,110.0,94.0,,11.31370849898476
andrei-sitnov,22.01266355252809,114,114,1,Russia,Asia,Asia,1965.0,114,,114.0,,,,114.0,,,0.0
juan-romero-ruiz,20.73528939731153,72,72,2,Spain,Europe,Southern Europe,1967.0,113,,72.0,,,,72.0,,,76.36753236814714
oleg-ripa,21.430009674266287,133,133,1,Russia,Asia,Asia,1968.0,133,,133.0,,,,133.0,,,0.0
alexandre-lysenko,19.854514739371357,139,139,1,Russia,Asia,Asia,1967.0,139,,139.0,,,,139.0,,,0.0
carlos-pereira,21.962587475177344,140,140,1,Portugal,Europe,Southern Europe,1966.0,140,,140.0,,,,140.0,,,0.0
rustam-tukhvatulin,22.77312133080963,62,80,3,Russia,Asia,Asia,1969.0,135,,88.0,62.0,,,88.0,62.0,,81.94103571064582
ricky-eno-jorgensen,21.18154538484655,46,46,1,Denmark,Europe,Northern Europe,1989.0,46,,46.0,,,46.0,,,,0.0
frans-maes,22.85519807913452,9,9,1,Belgium,Europe,Western Europe,1947.0,9,,9.0,,,,9.0,,,0.0
bernard-van-de-kerckhove,21.437139415247067,31,31,1,Belgium,Europe,Western Europe,1941.0,31,,31.0,,,,31.0,,,0.0
georges-claes2,22.01265189793281,20,20,2,Belgium,Europe,Western Europe,1947.0,31,,20.0,,,7.0,34.0,,,19.091883092036785
jos-van-beers,25.58605549480718,36,36,1,Netherlands,Europe,Western Europe,1948.0,36,,36.0,,,,36.0,,,0.0
walter-ricci,22.7519353962112,38,38,2,Italy,Europe,Southern Europe,1946.0,38,,38.0,,,,38.0,,,0.7071067811865476
adriano-passuello,22.11922529133954,26,28,4,Italy,Europe,Southern Europe,1942.0,31,21.0,30.0,,,32.0,30.0,,21.0,9.128709291752768
roger-pingeon,21.56823737987185,7,13,5,France,Europe,Western Europe,1940.0,29,,13.0,,,6.0,18.0,,,16.66433316997713
albert-van-midden,19.48453920253048,44,44,1,Netherlands,Europe,Western Europe,1948.0,44,,44.0,,,,44.0,,,0.0
bernard-van-der-linde,19.82546314351559,49,49,1,France,Europe,Western Europe,1946.0,49,,49.0,,,,49.0,,,0.0
jean-marie-leblanc,20.716531020020163,48,48,2,France,Europe,Western Europe,1944.0,53,,48.0,,,,48.0,,,21.213203435596427
serge-lapebie,19.5210428264688,77,77,1,France,Europe,Western Europe,1948.0,77,,77.0,,,,77.0,,,0.0
eddy-reyniers,21.35299454798098,36,44,4,Belgium,Europe,Western Europe,1946.0,50,,44.0,,,22.0,51.0,,,25.144581921360317
michele-merlo,20.57,169,134,4,Italy,Europe,Southern Europe,1984.0,133,,134.0,,,,134.0,,,82.92365967161201
flavio-zandarin,19.87754246740196,17,20,3,Italy,Europe,Southern Europe,1975.0,26,,10.0,38.0,,10.0,,38.0,,17.15614564327703
walter-schoonjans,19.91801887811962,14,14,1,Belgium,Europe,Western Europe,1956.0,14,,14.0,,,14.0,,,,0.0
alain-van-hoornweder,22.023401083215287,17,17,1,Belgium,Europe,Western Europe,1958.0,17,,17.0,,,17.0,,,,0.0
franck-jarno,21.541502499024656,22,40,4,France,Europe,Western Europe,1970.0,64,,17.0,,109.0,42.0,33.0,,,47.3990154609425
michele-paletti,19.612389838272808,151,144,9,Italy,Europe,Southern Europe,1967.0,144,,,144.0,,,,144.0,,36.73024790429696
jiri-skoda,20.97553787592246,52,52,2,Czech Republic,Europe,Eastern Europe,1956.0,89,,95.0,8.0,,95.0,8.0,,,61.518289963229634
corneille-daems,20.199184974584664,96,67,3,Belgium,Europe,Western Europe,1964.0,92,,96.0,9.0,,,67.0,,,50.22947341949744
manuel-oliveira,21.606682213780783,68,68,1,Portugal,Europe,Southern Europe,1957.0,68,,,68.0,,,,68.0,,0.0
ramon-rota,20.176432368971223,98,98,1,Spain,Europe,Southern Europe,1967.0,98,,,98.0,,,,98.0,,0.0
pedro-luis-garcia-velasco,22.39491187694028,100,100,1,Spain,Europe,Southern Europe,1966.0,100,,,100.0,,,,100.0,,0.0
joseba-ruiz,21.81075838476205,101,101,1,Spain,Europe,Southern Europe,1965.0,101,,,101.0,,,,101.0,,0.0
geert-decorte,23.18877012459428,110,110,1,Belgium,Europe,Western Europe,1964.0,110,,,110.0,,,,110.0,,0.0
pedro-antonio-marquina,21.60261778323693,111,111,1,Spain,Europe,Southern Europe,1965.0,111,,,111.0,,,,111.0,,0.0
joseba-berrojalbiz,20.21184944604964,94,94,2,Spain,Europe,Southern Europe,1966.0,101,,57.0,130.0,,57.0,,130.0,,51.61879502661797
willem-jan-van-loenhout,21.06296358583053,110,116,3,Netherlands,Europe,Western Europe,1965.0,120,,97.0,154.0,,,97.0,154.0,,35.38361202590826
morten-hulgaard,22.28,103,103,2,Denmark,Europe,Northern Europe,1998.0,104,,122.0,,84.0,84.0,122.0,,,26.87005768508881
stanislaw-aniolkowski,20.76,83,76,4,Poland,Europe,Eastern Europe,1997.0,77,75.0,68.0,,94.0,94.0,68.0,75.0,,22.44066249764773
leonardo-mazzantini,19.558660257041225,2,2,2,Italy,Europe,Southern Europe,1953.0,3,,,2.0,,,2.0,,,2.1213203435596424
jonathan-breyne,23.99,67,67,1,Belgium,Europe,Western Europe,1991.0,67,,,,67.0,67.0,,,,0.0
blaz-jarc,22.65,66,69,4,Slovenia,Europe,Southern Europe,1988.0,71,,57.0,,105.0,72.0,66.0,,,26.9938264547038
clinton-avery,23.67,111,111,1,New Zealand,Oceania,Oceania,1987.0,111,,,,111.0,111.0,,,,0.0
roberto-de-patre,20.6,112,112,1,Italy,Europe,Southern Europe,1988.0,112,,,,112.0,112.0,,,,0.0
erick-rowsell,21.07,113,113,1,Great Britain,Europe,Northern Europe,1990.0,113,,,,113.0,113.0,,,,0.0
jonathan-mcevoy,20.01,119,110,3,Great Britain,Europe,Northern Europe,1989.0,110,,106.0,,119.0,119.0,92.0,,,15.588457268119896
peter-hoondert,20.61842549951109,49,54,4,Netherlands,Europe,Western Europe,1961.0,57,,54.0,,,,54.0,,,16.68332500832293
marc-siemons,20.2715631878515,14,23,5,Netherlands,Europe,Western Europe,1966.0,37,32.0,10.0,,54.0,25.0,9.0,,32.0,19.84187491140895
daniele-asti,20.7490234785921,5,5,1,Italy,Europe,Southern Europe,1964.0,5,,5.0,,,5.0,,,,0.0
ronan-van-zandbeek,21.27,68,68,1,Netherlands,Europe,Western Europe,1988.0,68,,68.0,,,68.0,,,,0.0
robert-retschke,20.37,70,70,2,Germany,Europe,Western Europe,1980.0,70,,70.0,,,72.0,69.0,,,2.1213203435596424
robin-chaigneau,23.37,106,106,2,Netherlands,Europe,Western Europe,1988.0,111,,73.0,,138.0,106.0,,,,45.96194077712559
coen-vermeltfoort,23.55,106,106,2,Netherlands,Europe,Western Europe,1988.0,112,,106.0,,,106.0,,,,41.71930009000631
keven-lacombe,22.92,51,51,2,Canada,America,America,1985.0,50,23.0,79.0,,,79.0,,23.0,,39.59797974644666
tomasz-kiendys,22.79,112,114,4,Poland,Europe,Eastern Europe,1977.0,118,,112.0,,120.0,118.0,104.0,,,29.825883613622132
romain-matheou,22.28,82,82,1,France,Europe,Western Europe,1988.0,82,,82.0,,,82.0,,,,0.0
mark-mcnally,20.81,125,117,4,Great Britain,Europe,Northern Europe,1989.0,122,,117.0,,,101.0,123.0,,,38.78466191679386
rudy-porter,20.6,62,69,5,Australia,Oceania,Oceania,2000.0,69,,,69.0,,,69.0,,,24.724481794367296
takashi-miyazawa,22.68,53,72,3,Japan,Asia,Asia,1978.0,71,41.0,133.0,,,133.0,,41.0,,54.45487428443237
oleksandr-polivoda,22.65612233865729,86,86,1,Ukraine,Europe,Eastern Europe,1987.0,86,86.0,,,,,,86.0,,0.0
siarhei-papok,24.26,93,93,1,Belarus,Europe,Eastern Europe,1988.0,93,93.0,,,,,,93.0,,0.0
stefan-koychev-histrov,18.61,94,94,1,Bulgaria,Europe,Eastern Europe,1985.0,94,94.0,,,,,,94.0,,0.0
ronan-mclaughlin,21.21289890054533,104,104,1,Ireland,Europe,Northern Europe,1987.0,104,104.0,,,,,,104.0,,0.0
georgi-petrov-georgiev,22.40253661092158,108,108,1,Bulgaria,Europe,Eastern Europe,1985.0,108,108.0,,,,,,108.0,,0.0
jure-kocjan,21.74,114,94,7,Slovenia,Europe,Southern Europe,1984.0,107,75.0,108.0,,,108.0,,90.0,47.0,57.06137047074842
wim-arras,23.036610960081763,4,32,6,Belgium,Europe,Western Europe,1964.0,84,,3.0,91.0,,,3.0,91.0,,70.47954786082744
pedro-jose-soler,21.56533581543392,151,151,2,Colombia,America,America,1961.0,151,,,151.0,,,,151.0,,79.19595949289332
raul-acosta-arias,20.40299701309829,152,152,2,Colombia,America,America,1962.0,152,,,152.0,,,,152.0,,77.07463914933368
chun-kai-feng,23.88,124,123,3,Taiwan,Asia,Asia,1988.0,123,,116.0,137.0,,,123.0,,,14.52583904633395
romeo-hernandez,20.74602818481537,54,52,3,Belgium,Europe,Western Europe,1975.0,51,,52.0,,,66.0,45.0,,,15.0996688705415
luis-zubero,21.03699312379593,2,7,3,Spain,Europe,Southern Europe,1948.0,10,7.0,,,,,,7.0,,8.082903768654761
ventura-diaz,24.62,3,3,1,Spain,Europe,Southern Europe,1937.0,3,3.0,,,,,,3.0,,0.0
gabriel-mascaro,22.28458158803628,5,5,1,Spain,Europe,Southern Europe,1944.0,5,5.0,,,,,,5.0,,0.0
bernard-labourdette,23.686359593178445,10,10,6,France,Europe,Western Europe,1946.0,15,10.0,13.0,,,13.0,,9.0,13.0,6.918574034197124
sean-way,22.111101711802437,59,67,4,Canada,America,America,1967.0,72,,111.0,59.0,50.0,70.0,,59.0,,30.510927004381013
thomas-bay,21.842106126149417,44,44,2,Denmark,Europe,Northern Europe,1970.0,44,,29.0,60.0,,,29.0,60.0,,21.920310216782973
antony-doyle,22.368945530208503,63,63,1,Great Britain,Europe,Northern Europe,1958.0,63,,,63.0,,,,63.0,,0.0
john-tanner,22.09,64,64,1,Great Britain,Europe,Northern Europe,1968.0,64,,,64.0,,,,64.0,,0.0
oleg-polovnikov,22.517262264516663,16,17,3,Russia,Asia,Asia,1969.0,17,,12.0,19.0,,,17.0,,,5.033222956847167
linas-balciunas,23.43,126,116,3,Lithuania,Europe,Northern Europe,1978.0,116,,,116.0,,,116.0,,,19.65536398374076
peter-roman,22.473270476893468,117,119,3,Switzerland,Europe,Western Europe,1978.0,119,,,119.0,,,119.0,,,7.637626158259732
peter-hofland,22.388759005772357,4,4,1,Netherlands,Europe,Western Europe,1958.0,4,,4.0,,,4.0,,,,0.0
wouter-van-mechelen,22.478930764618124,86,86,1,Belgium,Europe,Western Europe,1981.0,86,,86.0,,,,86.0,,,0.0
jose-coll,20.409464058741484,7,7,1,Spain,Europe,Southern Europe,1964.0,7,,7.0,,,,7.0,,,0.0
jose-maria-moreno,20.88633188120716,25,49,5,Spain,Europe,Southern Europe,1960.0,85,,49.0,,,,49.0,,,51.2708494175784
dainius-kairelis,20.11,102,102,2,Lithuania,Europe,Northern Europe,1979.0,107,63.0,141.0,,,141.0,,63.0,,55.15432893255071
cristiano-fumagalli,21.707799780820327,149,149,1,Italy,Europe,Southern Europe,1984.0,149,,149.0,,,149.0,,,,0.0
david-gutierrez-palacios,20.62598616327222,153,150,7,Spain,Europe,Southern Europe,1987.0,151,,,150.0,,,150.0,,,11.92236793354647
peter-gansler,19.604200683555085,59,62,5,Germany,Europe,Western Europe,1963.0,80,59.0,74.0,50.0,,,51.0,97.0,59.0,39.45630494610462
lucien-de-brauwere,20.81,24,24,1,Belgium,Europe,Western Europe,1951.0,24,,24.0,,,,24.0,,,0.0
julien-van-lint,23.67373994923461,24,23,3,Belgium,Europe,Western Europe,1946.0,24,,23.0,,,,23.0,,,2.081665999466132
august-herijgers,21.36746493683656,30,30,1,Belgium,Europe,Western Europe,1950.0,30,,30.0,,,,30.0,,,0.0
robert-de-guchtenaere,21.432013618049883,32,32,1,Belgium,Europe,Western Europe,1949.0,32,,32.0,,,,32.0,,,0.0
claude-magni,21.764959354573804,33,33,1,France,Europe,Western Europe,1950.0,33,,33.0,,,,33.0,,,0.0
emil-merks,20.774349934500812,36,36,1,Germany,Europe,Western Europe,1950.0,36,,36.0,,,,36.0,,,0.0
ronny-vlassaks,22.028299791907315,43,43,2,Belgium,Europe,Western Europe,1964.0,52,,43.0,,,43.0,,,,24.04163056034261
jonas-tegstrom,21.552633918992004,20,16,3,Sweden,Europe,Northern Europe,1965.0,21,20.0,27.0,2.0,,27.0,2.0,20.0,,12.897028081435405
mathias-de-witte,19.25,58,60,8,Belgium,Europe,Western Europe,1993.0,59,,60.0,,,58.0,77.0,,,42.191527585523616
chris-scharmin,22.163082392570185,42,43,3,Belgium,Europe,Western Europe,1966.0,49,,43.0,,,44.0,42.0,,,17.52141546793523
frank-francken,19.56794831471609,72,72,2,Belgium,Europe,Western Europe,1964.0,76,,72.0,,,,72.0,,,34.64823227814083
scott-stewart,21.76729784108108,127,118,4,United States,America,America,1987.0,118,,,118.0,,,118.0,,,30.681155997343605
gordon-mccauley,24.18446458298384,24,24,1,New Zealand,Oceania,Oceania,1972.0,24,,24.0,,,24.0,,,,0.0
juan-jose-martinez-diaz,23.034365905224465,10,10,1,Spain,Europe,Southern Europe,1966.0,10,,10.0,,,,10.0,,,0.0
pascal-robert,18.959267241235978,8,8,1,France,Europe,Western Europe,1963.0,8,,8.0,,,,8.0,,,0.0
yvan-lamote,21.2086728835536,11,13,6,Belgium,Europe,Western Europe,1958.0,15,16.0,12.0,,,8.0,30.0,,16.0,9.859006035092987
hendrik-caethoven,21.4802188825524,34,34,2,Belgium,Europe,Western Europe,1956.0,34,,34.0,,,,34.0,,,7.7781745930520225
marco-giroletti,18.99266263920488,45,39,7,Italy,Europe,Southern Europe,1972.0,47,,39.0,,,39.0,,,,25.867795753462588
vadim-chabalkine,22.767745102624605,7,10,4,Russia,Asia,Asia,1968.0,9,,15.0,6.0,,,10.0,,,9.98331942124796
mike-engleman,21.74596042019315,40,47,3,United States,America,America,1958.0,47,19.0,,61.0,,,82.0,30.0,,32.07802986469088
jorge-leon-otalvaro,20.669391519355425,89,72,3,Colombia,America,America,1964.0,72,34.0,,90.0,,,,72.0,,32.65475973473596
brian-smith,21.19890386363235,78,78,2,Great Britain,Europe,Northern Europe,1967.0,83,44.0,,,113.0,113.0,,44.0,,48.79036790187178
fernando-carvalho,18.094892237138204,75,75,1,Portugal,Europe,Southern Europe,1962.0,75,75.0,,,,,,75.0,,0.0
martin-aun,20.423073614721925,86,86,1,Estonia,Europe,Northern Europe,1964.0,86,86.0,,,,,,86.0,,0.0
richard-trinkler,21.63,4,4,2,Switzerland,Europe,Western Europe,1950.0,4,,4.0,,,,4.0,,,2.8284271247461903
miguel-angel-martinez,19.008727393922204,3,3,1,Spain,Europe,Southern Europe,1961.0,3,,,3.0,,,3.0,,,0.0
romain-gioux,18.906249278107275,163,161,3,France,Europe,Western Europe,1986.0,161,,161.0,,,161.0,,,,7.637626158259732
geir-digerud,22.74,11,11,1,Norway,Europe,Northern Europe,1956.0,11,11.0,,,,,,,11.0,0.0
leon-boelhouwers,22.651988597770245,49,49,1,Netherlands,Europe,Western Europe,1965.0,49,,49.0,,,,49.0,,,0.0
henri-dorgelo,21.373577973515346,35,35,2,Netherlands,Europe,Western Europe,1964.0,39,,35.0,,,17.0,53.0,,,25.45584412271571
theo-muis,22.87721939670951,80,80,1,Netherlands,Europe,Western Europe,1965.0,80,,80.0,,,,80.0,,,0.0
wayne-hildred,21.983703958346812,38,33,4,Australia,Oceania,Oceania,1955.0,43,29.0,26.0,49.0,,,26.0,36.0,,22.276669409945463
mario-traxl,23.428567357892263,36,36,1,Austria,Europe,Western Europe,1964.0,36,,36.0,,,36.0,,,,0.0
rober-van-der-vin,19.22145013878987,53,57,3,Netherlands,Europe,Western Europe,1969.0,62,,57.0,,,37.0,68.0,,,22.810816147900837
luc-dierickx,21.50756675931969,38,38,1,Belgium,Europe,Western Europe,1967.0,38,,38.0,,,38.0,,,,0.0
roberto-savoldi,19.51125860229454,147,144,8,Italy,Europe,Southern Europe,1975.0,147,,152.0,122.0,,152.0,122.0,,,35.83468989680251
stefano-guerrini,18.330556646470963,149,152,7,Italy,Europe,Southern Europe,1978.0,152,,152.0,,,152.0,,,,16.557259952747533
alessandro-brendolin,19.509166728765297,141,138,5,Italy,Europe,Southern Europe,1977.0,139,,138.0,,,138.0,,,,38.79819583434261
roberto-traficante,21.03272672160216,66,66,1,Italy,Europe,Southern Europe,1984.0,66,66.0,,,,,,,66.0,0.0
rasmus-guldhammer,19.71,50,56,4,Denmark,Europe,Northern Europe,1989.0,54,,56.0,,,50.0,62.0,,,21.802140567690444
walter-baumgartner,22.30651459371705,0,0,1,Switzerland,Europe,Western Europe,1953.0,0,,,0.0,,,0.0,,,0.0
pierrick-naud,22.34370204329438,129,129,1,Canada,America,America,1991.0,129,129.0,,,,,,129.0,,0.0
jean-zen,18.348180673941098,60,60,2,France,Europe,Western Europe,1981.0,67,,31.0,,90.0,60.0,,,,41.71930009000631
kenny-van-braeckel2,21.11266665709936,74,74,2,Belgium,Europe,Western Europe,1983.0,78,,74.0,,,74.0,,,,24.04163056034261
rogelio-arango,20.111233512646237,130,114,5,Colombia,America,America,1959.0,118,,73.0,124.0,,,103.0,157.0,,38.16673944680106
syver-waersted,19.925703687232208,101,101,1,Norway,Europe,Northern Europe,1996.0,101,,101.0,,,,101.0,,,0.0
german-martin,21.63406370949485,3,3,1,Spain,Europe,Southern Europe,1948.0,3,3.0,,,,,,3.0,,0.0
luis-balague,21.68771160509016,10,15,3,Spain,Europe,Southern Europe,1944.0,16,5.0,20.0,,,20.0,,5.0,,13.228756555322953
jose-gomez-lucas,21.22947841925497,6,6,2,Spain,Europe,Southern Europe,1944.0,6,6.0,,,,,,6.0,,0.0
kristjan-fajt,19.911747698320227,56,49,4,Slovenia,Europe,Southern Europe,1982.0,51,49.0,,,,,,49.0,,24.060687161148717
mykhaylo-kononenko,18.827679232630157,70,70,2,Ukraine,Europe,Eastern Europe,1987.0,68,70.0,,,,,,70.0,,30.405591591021544
andriy-khripta,22.19290017561521,92,92,1,Ukraine,Europe,Eastern Europe,1986.0,92,92.0,,,,,,92.0,,0.0
miyataka-shimizu,22.31,93,93,1,Japan,Asia,Asia,1981.0,93,93.0,,,,,,93.0,,0.0
leon-paul-menard2,23.143628455196566,7,7,1,France,Europe,Western Europe,1946.0,7,7.0,,,,,,7.0,,0.0
eduardo-castello,25.560439153833396,31,31,2,Spain,Europe,Southern Europe,1940.0,42,31.0,,,,,,31.0,,29.69848480983499
joaquim-galera,20.320441498196555,12,12,1,Spain,Europe,Southern Europe,1940.0,12,12.0,,,,,,12.0,,0.0
felix-gonzalez,21.668111480465207,30,30,2,Spain,Europe,Southern Europe,1945.0,38,13.0,46.0,,,,46.0,13.0,,23.33452377915607
eufronio-enrique-sahagun,21.74634090792065,14,14,1,Spain,Europe,Southern Europe,1943.0,14,14.0,,,,,,14.0,,0.0
rik-mannaerts,22.873181157873734,48,48,1,Belgium,Europe,Western Europe,1964.0,48,,48.0,,,,48.0,,,0.0
koen-vekemans,21.05319447841676,71,71,2,Belgium,Europe,Western Europe,1966.0,77,,71.0,,,91.0,51.0,,,28.284271247461906
michal-precechtel,20.805934490990477,15,15,2,Czech Republic,Europe,Eastern Europe,1977.0,14,,15.0,,,15.0,,,,2.8284271247461903
dennis-kraft,19.760991064925975,18,18,1,Germany,Europe,Western Europe,1981.0,18,,18.0,,,18.0,,,,0.0
peter-ronsse,21.409660959718465,58,58,2,Belgium,Europe,Western Europe,1980.0,58,,58.0,,,58.0,,,,1.4142135623730951
antonio-salomone,19.35807078774744,184,152,3,Italy,Europe,Southern Europe,1976.0,165,,152.0,,,152.0,,,,54.84827557301445
jean-philippe-rouxel,21.74847289495813,79,79,1,France,Europe,Western Europe,1966.0,79,,79.0,,,,79.0,,,0.0
dietmar-hauer,23.48489807761451,49,63,3,Austria,Europe,Western Europe,1968.0,66,,63.0,,,,63.0,,,31.085902485424697
zbigniew-ludwiniak,21.60589480175828,7,7,1,Poland,Europe,Eastern Europe,1963.0,7,,7.0,,,,7.0,,,0.0
yuri-kashirin,21.330052978558943,11,11,2,Russia,Asia,Asia,1959.0,13,,11.0,,,,11.0,,,2.8284271247461903
edwin-bafcop,22.26367103040436,20,20,2,Belgium,Europe,Western Europe,1962.0,21,,20.0,,,16.0,23.0,,,4.949747468305833
marco-bernal,22.147239452162022,63,63,1,Colombia,America,America,1962.0,63,,63.0,,,,63.0,,,0.0
segundo-leopoldo-chaparro,21.56148404184037,72,72,1,Colombia,America,America,1963.0,72,,72.0,,,,72.0,,,0.0
luis-felipe-moreno,20.278995253550345,7,12,3,Colombia,America,America,1966.0,16,,,12.0,,,12.0,,,9.865765724632494
sergio-carcano,22.128526616421546,42,42,2,Italy,Europe,Southern Europe,1966.0,68,,42.0,,,9.0,74.0,,,45.96194077712559
herman-crabbe,22.739786344868428,30,34,3,Belgium,Europe,Western Europe,1959.0,44,,34.0,,,7.0,48.0,,,29.206163733020468
armando-aristizabal,21.41849558380172,17,17,1,Colombia,America,America,1955.0,17,,,17.0,,,17.0,,,0.0
jerry-cooman,20.968727167824664,35,56,3,Belgium,Europe,Western Europe,1966.0,95,,56.0,,,56.0,,,,57.838856604650594
andrea-zatti-1,20.51006681161508,89,89,2,Italy,Europe,Southern Europe,1973.0,86,,89.0,,,68.0,110.0,,,29.69848480983499
jimmy-delbove,21.61189257805235,57,85,3,France,Europe,Western Europe,1968.0,137,178.0,39.0,,,39.0,,178.0,,82.2455672564384
david-mccann,21.1,73,86,3,Ireland,Europe,Northern Europe,1973.0,90,86.0,,,,,,119.0,70.0,28.448784391135824
mateusz-mroz,21.597082658220327,76,76,1,Poland,Europe,Eastern Europe,1980.0,76,76.0,,,,,,,76.0,0.0
george-mount,20.83,48,48,2,United States,America,America,1955.0,48,51.0,,45.0,,,,48.0,,4.242640687119285
guido-frei,21.3181602739792,49,50,4,Switzerland,Europe,Western Europe,1953.0,50,,56.0,44.0,,,49.0,51.0,,11.98262631201246
mirko-tedeschi,21.3,144,144,2,Italy,Europe,Southern Europe,1989.0,144,,148.0,,139.0,144.0,,,,6.363961030678928
christopher-williams,22.89,153,153,1,Australia,Oceania,Oceania,1981.0,153,,153.0,,,153.0,,,,0.0
kevin-de-mesmaeker,21.95,158,158,2,Belgium,Europe,Western Europe,1991.0,159,,158.0,,,158.0,,,,0.7071067811865476
samuele-conti,19.45,177,177,1,Italy,Europe,Southern Europe,1991.0,177,,177.0,,,177.0,,,,0.0
claudio-bartoli,21.34703390181553,163,163,1,Italy,Europe,Southern Europe,1979.0,163,,163.0,,,163.0,,,,0.0
georges-talbourdet,22.41602056220688,12,24,4,France,Europe,Western Europe,1951.0,43,,30.0,7.0,,30.0,7.0,,,26.87005768508881
marc-patry,22.068942729704915,42,42,2,Belgium,Europe,Western Europe,1969.0,45,,19.0,,65.0,42.0,,,,32.526911934581186
johnny-van-cadsand,22.369778562116625,41,41,2,Netherlands,Europe,Western Europe,1972.0,41,,41.0,,,41.0,,,,1.4142135623730951
nicolas-aubier,19.599657525999312,51,51,7,France,Europe,Western Europe,1971.0,58,76.0,42.0,,58.0,47.0,,76.0,,17.746897783905247
andrzej-sypytkowski,22.94,55,68,4,Poland,Europe,Eastern Europe,1963.0,81,62.0,86.0,39.0,,86.0,,39.0,62.0,37.86819245752297
jacek-mickiewicz,25.01,55,55,1,Poland,Europe,Eastern Europe,1970.0,55,,55.0,,,55.0,,,,0.0
pedro-rosselle,21.864410064977324,57,57,1,Belgium,Europe,Western Europe,1971.0,57,,57.0,,,57.0,,,,0.0
patrick-facchini,19.39,79,79,1,Italy,Europe,Southern Europe,1988.0,79,,79.0,,,79.0,,,,0.0
andrea-zordan,20.98,107,107,1,Italy,Europe,Southern Europe,1991.0,107,,107.0,,,107.0,,,,0.0
theo-akkermans,20.11726056365205,72,76,5,Netherlands,Europe,Western Europe,1966.0,106,,76.0,,80.0,93.0,52.0,,,67.95807531117991
eric-knuvers,23.777571845127177,69,69,1,Netherlands,Europe,Western Europe,1966.0,69,,69.0,,,,69.0,,,0.0
nuno-ribeiro,20.42,40,46,4,Portugal,Europe,Southern Europe,1977.0,47,46.0,,,,,,37.0,73.0,18.518009252256757
jose-carlos-silva-rodrigues,19.937750798074475,57,57,1,Portugal,Europe,Southern Europe,1978.0,57,57.0,,,,,,57.0,,0.0
daniel-petrov,21.31,80,80,1,Bulgaria,Europe,Eastern Europe,1982.0,80,80.0,,,,,,80.0,,0.0
nelson-nuno-sequeira-vitorino,20.6134022797956,85,85,1,Portugal,Europe,Southern Europe,1975.0,85,85.0,,,,,,85.0,,0.0
tomas-buchacek,20.60212036835978,100,100,2,Czech Republic,Europe,Eastern Europe,1978.0,99,103.0,96.0,,,96.0,,103.0,,4.949747468305833
jorn-reuss,22.20471534611495,42,42,1,Germany,Europe,Western Europe,1968.0,42,,42.0,,,42.0,,,,0.0
oleg-pankov,23.51,47,47,5,Ukraine,Europe,Eastern Europe,1967.0,50,,53.0,,24.0,43.0,64.0,,,15.388307249337076
raimondas-vilcinskas,26.29494847074345,77,77,1,Lithuania,Europe,Northern Europe,1977.0,77,,77.0,,,77.0,,,,0.0
stefano-bizzoni,18.784023033438203,70,70,1,Italy,Europe,Southern Europe,1961.0,70,,70.0,,,,70.0,,,0.0
john-van-asten,21.04474954195984,75,75,1,Netherlands,Europe,Western Europe,1960.0,75,,75.0,,,,75.0,,,0.0
ron-snijders,21.336364611819867,77,77,1,Netherlands,Europe,Western Europe,1959.0,77,,77.0,,,,77.0,,,0.0
hennie-rovers,21.644328296853217,78,78,1,Netherlands,Europe,Western Europe,1958.0,78,,78.0,,,,78.0,,,0.0
romain-costermans,20.88168686593556,80,80,1,Belgium,Europe,Western Europe,1961.0,80,,80.0,,,,80.0,,,0.0
karl-maxon,23.59264538982669,7,7,1,United States,America,America,1959.0,7,,7.0,,,,7.0,,,0.0
walter-polini,23.167005666348103,116,110,8,Italy,Europe,Southern Europe,1955.0,110,,,110.0,,,103.0,118.0,,16.2810143594135
gaetano-baronchelli,21.909622105492183,119,102,9,Italy,Europe,Southern Europe,1952.0,108,,76.0,110.0,,,106.0,94.0,,35.7246413557925
claudio-cerri,21.699635028867977,155,132,4,Italy,Europe,Southern Europe,1960.0,139,,41.0,162.0,,41.0,162.0,,,61.98386886924695
piergiorgio-angeli,20.182104695677747,87,87,1,Italy,Europe,Southern Europe,1960.0,87,,87.0,,,87.0,,,,0.0
tom-schuler,19.962042743509237,94,94,1,United States,America,America,1956.0,94,,94.0,,,94.0,,,,0.0
domenico-cavallo,20.544385068733067,115,115,1,Italy,Europe,Southern Europe,1961.0,115,,115.0,,,115.0,,,,0.0
raniero-gradi,20.31847659090786,68,68,2,Italy,Europe,Southern Europe,1960.0,109,,68.0,,,68.0,,,,78.48885271170677
mark-walters,20.61672001487729,94,94,1,Canada,America,America,1976.0,94,94.0,,,,,,,94.0,0.0
dawid-krupa,22.59,97,97,1,Poland,Europe,Eastern Europe,1980.0,97,97.0,,,,,,,97.0,0.0
michal-hrazdira,21.56,101,101,1,Czech Republic,Europe,Eastern Europe,1977.0,101,101.0,,,,,,,101.0,0.0
eric-wohlberg,21.8,104,104,1,Canada,America,America,1965.0,104,104.0,,,,,,,104.0,0.0
marcel-meisen,20.96,51,51,1,Germany,Europe,Western Europe,1989.0,51,,51.0,,,,51.0,,,0.0
yann-tournier,21.257032423765363,137,125,6,France,Europe,Western Europe,1978.0,129,,140.0,50.0,,140.0,,50.0,,44.518161088107256
emiel-gysemans,21.09761408645294,22,22,2,Belgium,Europe,Western Europe,1953.0,22,,22.0,,,18.0,25.0,,,4.949747468305833
mario-mariotti,20.977774297540957,56,56,2,Italy,Europe,Southern Europe,1955.0,58,,56.0,,,,56.0,,,9.192388155425116
christophe-leroscouet,20.711102414891588,12,33,5,France,Europe,Western Europe,1971.0,66,,13.0,,111.0,33.0,,,,44.3204241856957
menno-vink,20.17599845174208,105,105,2,Netherlands,Europe,Western Europe,1969.0,113,,75.0,135.0,,,75.0,135.0,,42.42640687119285
daniel-verelst,22.429056952174864,88,88,1,Belgium,Europe,Western Europe,1969.0,88,,88.0,,,,88.0,,,0.0
camille-bouquet,21.091927931247245,88,88,2,France,Europe,Western Europe,1979.0,94,,88.0,,,,88.0,,,34.64823227814083
vincent-van-der-kooij,21.735712472697927,27,27,1,Netherlands,Europe,Western Europe,1979.0,27,,27.0,,,27.0,,,,0.0
yoeri-beyens,19.996608250138436,40,40,2,Belgium,Europe,Western Europe,1978.0,40,,40.0,,,40.0,,,,6.363961030678928
peter-van-de-knoop,20.021103985834056,14,14,1,Netherlands,Europe,Western Europe,1957.0,14,,14.0,,,,14.0,,,0.0
pedro-costa,21.408556535752208,77,77,1,Portugal,Europe,Southern Europe,1977.0,77,,,77.0,,,,77.0,,0.0
ricardo-costa,23.65329817315328,105,105,1,Portugal,Europe,Southern Europe,1977.0,105,,,105.0,,,,105.0,,0.0
jan-verstraeten,20.75,26,26,1,Belgium,Europe,Western Europe,1978.0,26,,26.0,,,26.0,,,,0.0
renato-laghi,20.735918063964856,16,14,3,Italy,Europe,Southern Europe,1944.0,16,18.0,,6.0,,,6.0,,18.0,7.211102550927978
leith-sherwin,22.45760039527435,44,44,2,Australia,Oceania,Oceania,1972.0,50,,,44.0,,,,44.0,,23.33452377915607
thierry-elissalde,20.78114012440056,85,105,3,France,Europe,Western Europe,1969.0,111,164.0,,76.0,,,,105.0,,51.59780357082396
julian-barcina,21.398687233130023,88,88,1,Spain,Europe,Southern Europe,1966.0,88,,,88.0,,,,88.0,,0.0
francisco-navarro,22.02,148,117,4,Spain,Europe,Southern Europe,1962.0,153,,0.0,156.0,,,117.0,,,80.49016503068351
greg-saunders,20.486859435305472,28,59,3,United States,America,America,1959.0,79,,59.0,,,,59.0,,,56.01190349678659
bernard-guyot,22.315781901792512,9,9,1,France,Europe,Western Europe,1945.0,9,,9.0,,,9.0,,,,0.0
don-allan,22.53,14,14,2,Australia,Oceania,Oceania,1949.0,12,8.0,,21.0,,,,14.0,,9.192388155425116
mike-neel,23.33,9,9,1,United States,America,America,1951.0,9,9.0,,,,,,9.0,,0.0
willy-singer,21.69893818371378,31,31,1,Germany,Europe,Western Europe,1949.0,31,31.0,,,,,,31.0,,0.0
rene-leuenberger,19.79091852867777,45,45,1,Switzerland,Europe,Western Europe,1951.0,45,45.0,,,,,,45.0,,0.0
roland-schar,22.094462648199052,52,52,1,Switzerland,Europe,Western Europe,1950.0,52,52.0,,,,,,52.0,,0.0
dirk-durant,21.43740215955769,32,28,3,Belgium,Europe,Western Europe,1961.0,32,,28.0,,,24.0,38.0,,,11.930353445448857
eric-stevens,22.067410531794213,19,19,1,Belgium,Europe,Western Europe,1960.0,19,,19.0,,,19.0,,,,0.0
martin-durant,23.465394652539366,29,48,5,Belgium,Europe,Western Europe,1956.0,65,,48.0,,,21.0,54.0,,,36.76683287964847
francis-vermaelen,20.92472132518124,40,40,2,Belgium,Europe,Western Europe,1960.0,55,,40.0,,,17.0,64.0,,,33.23401871576773
marco-maronese,18.955685509605964,102,102,2,Italy,Europe,Southern Europe,1994.0,102,,102.0,,,102.0,,,,65.76093065034893
giancarlo-casiraghi,20.7090474886837,4,4,2,Italy,Europe,Southern Europe,1956.0,4,,,4.0,,,4.0,,,1.4142135623730951
fabrizio-vanucci,21.56479088981585,11,11,2,Italy,Europe,Southern Europe,1960.0,11,11.0,,,,,,,11.0,2.8284271247461903
michael-schlickau,24.52252422815286,71,71,1,Germany,Europe,Western Europe,1969.0,71,,71.0,,,71.0,,,,0.0
peter-rogers,20.916060619144123,73,73,1,Australia,Oceania,Oceania,1974.0,73,,73.0,,,73.0,,,,0.0
michael-rosborg,20.674565797268688,74,74,1,Denmark,Europe,Northern Europe,1971.0,74,,74.0,,,74.0,,,,0.0
stefano-de-mauri,21.8889201352005,83,83,1,Italy,Europe,Southern Europe,1975.0,83,,83.0,,,83.0,,,,0.0
ken-hashikawa,19.188566626611333,98,98,1,Japan,Asia,Asia,1970.0,98,,98.0,,,98.0,,,,0.0
thibau-nys,20.66,34,38,6,Belgium,Europe,Western Europe,2002.0,38,,38.0,,,,38.0,,,30.605010483034743
enzo-paleni,20.06,66,60,6,France,Europe,Western Europe,2002.0,61,,60.0,,,,60.0,,,30.129166378555293
jan-christen,17.92,67,64,6,Switzerland,Europe,Western Europe,2004.0,64,,64.0,,,,64.0,,,32.64148689423732
jan-sommer,21.098006396534068,102,92,6,Switzerland,Europe,Western Europe,2000.0,91,,92.0,,,,92.0,,,31.954655372887377
jonathan-bogli,24.44372734834112,111,109,6,Switzerland,Europe,Western Europe,2000.0,109,,109.0,,,,109.0,,,32.091535748023446
mason-hollyman,19.49,130,126,4,Great Britain,Europe,Northern Europe,2000.0,127,,126.0,,,,126.0,,,17.253019059476713
antoine-aebi,22.28083279859508,122,122,6,Switzerland,Europe,Western Europe,1998.0,122,,122.0,,,,122.0,,,12.62933094031509
jean-paul-le-bris,21.23048662758761,89,89,1,France,Europe,Western Europe,1958.0,89,,89.0,,,,89.0,,,0.0
gilles-canouet,21.971573628895616,72,72,2,France,Europe,Western Europe,1976.0,75,,72.0,,,43.0,100.0,,,40.30508652763321
jarno-van-mingeroet,20.47542934418181,78,78,2,Belgium,Europe,Western Europe,1977.0,85,,78.0,,,78.0,,,,40.30508652763321
jean-paul-simon,20.473221997473715,60,60,1,Belgium,Europe,Western Europe,1982.0,60,,60.0,,,60.0,,,,0.0
david-mcpartland,22.43391673447254,62,62,1,Australia,Oceania,Oceania,1980.0,62,,62.0,,,62.0,,,,0.0
carlos-garcia,21.620160515889204,77,77,1,Spain,Europe,Southern Europe,1973.0,77,,,77.0,,,,77.0,,0.0
plamen-stanev,20.82227925059915,91,91,1,Bulgaria,Europe,Eastern Europe,1988.0,91,,,91.0,,,,91.0,,0.0
roman-maikin,21.71,130,130,2,Russia,Asia,Asia,1990.0,154,,130.0,,,130.0,,,,88.38834764831844
brian-kamstra,18.9,176,176,2,Netherlands,Europe,Western Europe,1993.0,177,,176.0,,,176.0,,,,26.16295090390226
roman-jaskula,18.977773491463367,23,23,1,Poland,Europe,Eastern Europe,1960.0,23,,,23.0,,,23.0,,,0.0
juan-valbuena,21.06297759452955,45,45,1,Spain,Europe,Southern Europe,1965.0,45,,,45.0,,,45.0,,,0.0
javier-luquin,19.91043668487719,74,74,1,Spain,Europe,Southern Europe,1965.0,74,,,74.0,,,74.0,,,0.0
gianluigi-barsotelli,21.111125071747267,78,78,1,Italy,Europe,Southern Europe,1965.0,78,,,78.0,,,78.0,,,0.0
fabrizio-convalle,21.741069954867346,73,51,3,Italy,Europe,Southern Europe,1965.0,74,,36.0,80.0,,73.0,40.0,,,44.30575583375144
jonas-romanovas,22.20726422269151,111,111,1,Lithuania,Europe,Northern Europe,1957.0,111,,,111.0,,,111.0,,,0.0
salvatore-criscione,22.34799102616755,97,95,4,Italy,Europe,Southern Europe,1966.0,98,,86.0,122.0,,97.0,94.0,,,28.975564417856187
ivan-alemany,21.20732274340533,140,140,2,Spain,Europe,Southern Europe,1967.0,140,,144.0,135.0,,144.0,135.0,,,6.363961030678928
alessandro-bertuola,20.082600324950597,60,60,1,Italy,Europe,Southern Europe,1979.0,60,60.0,,,,,,,60.0,0.0
tim-harris,21.853387207845195,28,28,2,Great Britain,Europe,Northern Europe,1962.0,30,,28.0,,,16.0,39.0,,,16.263455967290593
luc-meersman,23.73028111322199,16,16,1,Belgium,Europe,Western Europe,1960.0,16,,16.0,,,16.0,,,,0.0
luis-pedro-santamarina,20.502229285926173,6,6,1,Spain,Europe,Southern Europe,1942.0,6,6.0,,,,,,6.0,,0.0
jose-florencio,20.907778802651844,7,7,1,Spain,Europe,Southern Europe,1943.0,7,7.0,,,,,,7.0,,0.0
vladimir-tuychiev,20.04769192660052,70,70,1,Uzbekistan,Asia,Asia,1983.0,70,70.0,,,,,,70.0,,0.0
william-billy-bilsland,24.39,13,25,3,Great Britain,Europe,Northern Europe,1945.0,33,11.0,54.0,,,,54.0,13.0,9.0,24.90649179096352
aldo-moser,21.177088600935555,18,16,3,Italy,Europe,Southern Europe,1934.0,17,16.0,,,,,,18.0,16.0,3.785938897200183
jean-luc-molineris,22.467660453076416,22,29,5,France,Europe,Western Europe,1950.0,33,22.0,31.0,,,26.0,48.0,22.0,,13.70401401050072
wilmo-francioni,23.13417061666659,30,30,1,Italy,Europe,Southern Europe,1948.0,30,30.0,,,,,,30.0,,0.0
hans-junkermann,18.62027846001705,19,19,2,Germany,Europe,Western Europe,1934.0,34,37.0,,1.0,,,1.0,37.0,,25.45584412271571
patrick-bol,20.16879845703868,53,53,2,Netherlands,Europe,Western Europe,1965.0,53,,53.0,,,48.0,58.0,,,7.071067811865476
jean-louis-peillon,20.46879685090513,76,76,1,France,Europe,Western Europe,1961.0,76,,76.0,,,76.0,,,,0.0
danny-janssens,19.910278914713395,84,84,1,Belgium,Europe,Western Europe,1963.0,84,,84.0,,,84.0,,,,0.0
jean-marie-vernie,21.50614816819268,100,100,1,Belgium,Europe,Western Europe,1960.0,100,,100.0,,,100.0,,,,0.0
patrice-bar,24.268668218066846,101,101,1,Belgium,Europe,Western Europe,1967.0,101,,101.0,,,101.0,,,,0.0
charly-grosskost,23.97739047256952,14,14,2,France,Europe,Western Europe,1944.0,23,,14.0,,,,14.0,,,14.849242404917495
antoine-warnier,21.2,106,106,2,Belgium,Europe,Western Europe,1993.0,105,,106.0,,,,106.0,,,16.97056274847714
christophe-masson,20.76,111,111,2,France,Europe,Western Europe,1985.0,110,,111.0,,,,111.0,,,16.97056274847714
karl-patrick-lauk,23.05,78,78,1,Estonia,Europe,Northern Europe,1997.0,78,,78.0,,,,78.0,,,0.0
pierre-barbier,22.28,90,90,1,France,Europe,Western Europe,1997.0,90,,90.0,,,,90.0,,,0.0
matti-helminen,21.86,135,135,1,Finland,Europe,Northern Europe,1975.0,135,,135.0,,,,135.0,,,0.0
gustaaf-hermans,21.91,36,36,1,Belgium,Europe,Western Europe,1951.0,36,,36.0,,,36.0,,,,0.0
albert-hulzebosch,20.54754482751644,43,43,1,Netherlands,Europe,Western Europe,1949.0,43,,43.0,,,43.0,,,,0.0
ludo-van-der-linden,20.907638863659557,49,49,1,Belgium,Europe,Western Europe,1951.0,49,,49.0,,,49.0,,,,0.0
dirk-reichl,21.395496065210367,74,74,2,Germany,Europe,Western Europe,1981.0,73,,74.0,,,,74.0,,,22.62741699796952
eddy-beugels,21.22457594953471,11,11,2,Netherlands,Europe,Western Europe,1944.0,20,,22.0,0.0,,,11.0,,,15.556349186104043
pierino-primavera,20.23467048814126,1,1,1,Italy,Europe,Southern Europe,1945.0,1,,,1.0,,,1.0,,,0.0
auguste-girard,21.51363176049586,2,2,1,Switzerland,Europe,Western Europe,1943.0,2,,,2.0,,,2.0,,,0.0
sergio-rodriguez,21.6,68,68,1,Spain,Europe,Southern Europe,1992.0,68,,,68.0,,,,68.0,,0.0
jos-op-t-eyndt,21.12054920809691,23,23,1,Belgium,Europe,Western Europe,1960.0,23,,23.0,,,23.0,,,,0.0
dmitro-krivtsov,21.5,98,94,3,Ukraine,Europe,Eastern Europe,1985.0,101,,94.0,,,63.0,110.0,,,29.67041174863155
stephane-bonsergent,21.8,103,103,1,France,Europe,Western Europe,1977.0,103,,103.0,,,,103.0,,,0.0
michael-baer,20.37,106,106,1,Switzerland,Europe,Western Europe,1988.0,106,,106.0,,,,106.0,,,0.0
greg-randolph,18.63283049194696,68,68,1,United States,America,America,1972.0,68,,,68.0,,,68.0,,,0.0
evgeny-kobernyak,20.42,163,163,1,Russia,Asia,Asia,1995.0,163,,163.0,,,163.0,,,,0.0
jose-luis-uribezubia,21.593102399964025,19,30,3,Spain,Europe,Southern Europe,1945.0,50,,30.0,,,30.0,,,,31.564748269760265
jens-wallays,20.66,155,155,1,Belgium,Europe,Western Europe,1992.0,155,,155.0,,,,155.0,,,0.0
benny-van-der-auwera,21.358525242097315,28,28,1,Belgium,Europe,Western Europe,1958.0,28,,28.0,,,,28.0,,,0.0
tim-johnson,22.215248525363084,134,127,4,United States,America,America,1977.0,127,,127.0,,,127.0,,,,28.971250116854357
leandro-navarrete,19.92424213353121,121,121,5,Spain,Europe,Southern Europe,1977.0,121,,121.0,,,121.0,,,,36.03193028412439
rudy-delehouzee,20.99665452910861,28,28,1,Belgium,Europe,Western Europe,1960.0,28,,28.0,,,,28.0,,,0.0
hakan-jensen,21.326786410942866,41,41,1,Sweden,Europe,Northern Europe,1961.0,41,,41.0,,,,41.0,,,0.0
thierry-degasperi,23.018660083844104,64,64,1,Belgium,Europe,Western Europe,1960.0,64,,64.0,,,,64.0,,,0.0
jose-antonio-ponton,21.165098447809644,3,3,1,Spain,Europe,Southern Europe,1942.0,3,,3.0,,,3.0,,,,0.0
rene-grenier,20.16504932658768,6,6,1,France,Europe,Western Europe,1943.0,6,,6.0,,,6.0,,,,0.0
georges-chappe,20.372387634982708,16,16,2,France,Europe,Western Europe,1944.0,23,,16.0,,,7.0,26.0,,,13.435028842544405
georges-barras,22.483540938053583,8,8,1,Belgium,Europe,Western Europe,1949.0,8,,8.0,,,8.0,,,,0.0
willy-abbeloos,21.424776587714263,9,21,5,Belgium,Europe,Western Europe,1949.0,44,,26.0,3.0,,6.0,31.0,,,25.228951623085727
roberto-gaggioli,21.26603537454337,18,18,2,Italy,Europe,Southern Europe,1962.0,26,,18.0,,,18.0,,,,16.263455967290593
cees-koeken,22.20312551771951,19,19,1,Netherlands,Europe,Western Europe,1948.0,19,,19.0,,,19.0,,,,0.0
jules-bruessing,18.609232709700184,28,28,1,Netherlands,Europe,Western Europe,1949.0,28,,28.0,,,28.0,,,,0.0
enrico-maggioni,22.630686561136976,6,6,2,Italy,Europe,Southern Europe,1946.0,6,6.0,,,,,,,6.0,1.4142135623730951
davide-boifava,21.97728956506898,16,18,3,Italy,Europe,Southern Europe,1946.0,28,16.0,2.0,36.0,,2.0,,36.0,16.0,17.08800749063506
theo-van-der-leeuw,21.48408907376372,5,5,1,Netherlands,Europe,Western Europe,1949.0,5,,,5.0,,,5.0,,,0.0
markus-pajur,21.04,88,88,2,Estonia,Europe,Northern Europe,2000.0,87,,88.0,,,82.0,93.0,,,7.7781745930520225
eugenio-sanchez,19.97,87,87,1,Spain,Europe,Southern Europe,1999.0,87,,87.0,,,,87.0,,,0.0
kurt-huygens,22.257208957644597,91,91,1,Belgium,Europe,Western Europe,1968.0,91,,91.0,,,,91.0,,,0.0
jacques-guiot,21.22043947211523,6,6,1,France,Europe,Western Europe,1945.0,6,,6.0,,,6.0,,,,0.0
richard-groenendaal,21.31,120,120,4,Netherlands,Europe,Western Europe,1971.0,119,,,120.0,,,120.0,,,9.39858145324779
soren-petersen,22.245185865806555,78,78,1,Denmark,Europe,Northern Europe,1967.0,78,78.0,,,,,,,78.0,0.0
jose-manuel-garcia-114,22.27530388586699,18,54,3,Spain,Europe,Southern Europe,1968.0,107,127.0,,18.0,,,18.0,127.0,,63.221831672294975
willy-engelbrecht,20.759384715178715,70,59,3,South Africa,Africa,Africa,1962.0,62,,59.0,,,,59.0,,,23.18045153428495
arkadiusz-wojtas,23.450800175698262,18,18,2,Poland,Europe,Eastern Europe,1977.0,17,14.0,21.0,,,21.0,,,14.0,4.949747468305833
johan-dekkers,22.2549494614654,78,80,4,Belgium,Europe,Western Europe,1978.0,91,,80.0,,,43.0,116.0,,,48.94554797595657
greg-gilmore,19.776236035738847,107,107,1,United States,America,America,1961.0,107,,107.0,,,,107.0,,,0.0
bert-van-ende,19.798488827143395,22,22,2,Belgium,Europe,Western Europe,1959.0,23,,22.0,,,21.0,24.0,,,2.1213203435596424
julien-mortier,19.71,105,105,1,Belgium,Europe,Western Europe,1997.0,105,,105.0,,,,105.0,,,0.0
giuseppe-lanzoni,18.830688391102395,3,3,2,Italy,Europe,Southern Europe,1959.0,3,,,3.0,,,3.0,,,1.4142135623730951
eelke-van-der-wal,23.328937065659037,118,118,1,Netherlands,Europe,Western Europe,1981.0,118,,118.0,,,,118.0,,,0.0
oleksandr-sheydyk,23.02530590750544,105,105,2,Ukraine,Europe,Eastern Europe,1980.0,116,105.0,,,,,,144.0,66.0,55.15432893255071
zsolt-der,24.09130430532344,98,98,1,Hungary,Europe,Eastern Europe,1983.0,98,98.0,,,,,,,98.0,0.0
wilfried-peffgen,22.39,15,21,3,Germany,Europe,Western Europe,1942.0,31,,24.0,15.0,,6.0,42.0,15.0,,18.734993995195197
wilco-zuijderwijk,20.48168705165082,45,45,2,Netherlands,Europe,Western Europe,1969.0,43,,45.0,,,40.0,50.0,,,7.071067811865476
greg-moens,20.22932573003772,51,55,3,Belgium,Europe,Western Europe,1966.0,59,,55.0,,,59.0,47.0,,,10.583005244258365
pascal-elaut,22.5456223078469,79,79,2,Belgium,Europe,Western Europe,1965.0,94,,79.0,,,79.0,,,,42.42640687119285
radomir-simunek-sr,21.16244513852832,112,112,1,Czech Republic,Europe,Eastern Europe,1962.0,112,,112.0,,,112.0,,,,0.0
rudy-vingerhoets,23.481191881123507,114,114,1,Belgium,Europe,Western Europe,1965.0,114,,114.0,,,114.0,,,,0.0
nicolas-coudray,23.40661901878491,119,119,1,Switzerland,Europe,Western Europe,1967.0,119,,119.0,,,119.0,,,,0.0
dirk-friel,22.43262569390728,120,120,1,United States,America,America,1970.0,120,,120.0,,,120.0,,,,0.0
erwin-biets,20.7173722313196,92,92,2,Belgium,Europe,Western Europe,1968.0,96,,123.0,,61.0,92.0,,,,43.840620433565945
philip-de-baets,21.484113315629312,127,127,1,Belgium,Europe,Western Europe,1969.0,127,,127.0,,,127.0,,,,0.0
kurt-verleden,19.321856495847435,128,128,1,Belgium,Europe,Western Europe,1963.0,128,,128.0,,,128.0,,,,0.0
peter-van-brecht,20.39199938960448,130,130,1,Belgium,Europe,Western Europe,1965.0,130,,130.0,,,130.0,,,,0.0
daniel-hirs,19.990080314419195,94,94,2,Switzerland,Europe,Western Europe,1965.0,101,,148.0,,39.0,94.0,,,,77.07463914933368
nicola-gavazzi,21.17355785283608,120,120,2,Italy,Europe,Southern Europe,1978.0,144,187.0,54.0,,,,54.0,187.0,,94.04520189781084
massimiliano-maisto,19.30595846415259,110,110,1,Italy,Europe,Southern Europe,1980.0,110,,110.0,,,110.0,,,,0.0
stefano-usai,21.710323405301008,125,125,1,Italy,Europe,Southern Europe,1982.0,125,,125.0,,,125.0,,,,0.0
pasquale-muto,20.32488655761565,136,136,1,Italy,Europe,Southern Europe,1980.0,136,,136.0,,,136.0,,,,0.0
krzysztof-szczawinski,24.018002454235567,145,145,1,Poland,Europe,Eastern Europe,1979.0,145,,145.0,,,145.0,,,,0.0
donato-cannone,21.68,149,149,1,Italy,Europe,Southern Europe,1982.0,149,,149.0,,,149.0,,,,0.0
jonathan-garcia,21.643390753109664,139,137,3,United States,America,America,1981.0,137,,,137.0,,,137.0,,,3.78593889720018
giacomo-bazzan,18.378110555443325,3,3,2,Italy,Europe,Southern Europe,1950.0,3,,,3.0,,,3.0,,,0.0
dirk-clarysse,20.54008604405528,42,42,2,Belgium,Europe,Western Europe,1964.0,57,,42.0,,,11.0,73.0,,,43.840620433565945
john-dekeukelaere,21.6310193509088,19,19,1,Belgium,Europe,Western Europe,1962.0,19,,19.0,,,19.0,,,,0.0
johan-de-lathouwer,21.72725645515822,19,18,3,Belgium,Europe,Western Europe,1960.0,18,,18.0,,,18.0,,,,2.081665999466133
cees-zoontjes,18.549893478864675,4,4,2,Netherlands,Europe,Western Europe,1944.0,4,,3.0,4.0,,,4.0,,,0.7071067811865476
hans-boom,22.333162757995456,11,11,1,Netherlands,Europe,Western Europe,1958.0,11,,11.0,,,11.0,,,,0.0
marco-van-der-hulst,22.751752389462293,36,36,2,Netherlands,Europe,Western Europe,1963.0,38,,36.0,,,26.0,46.0,,,14.142135623730953
clement-koretzky,21.8,74,71,3,France,Europe,Western Europe,1990.0,75,,71.0,,,39.0,88.0,,,31.0859024854247
julien-stevens,21.12759009506973,18,26,4,Belgium,Europe,Western Europe,1943.0,38,,26.0,,,10.0,42.0,,,26.31064423384574
rik-van-looy,23.04,10,10,1,Belgium,Europe,Western Europe,1933.0,10,,10.0,,,10.0,,,,0.0
alfons-de-bal,23.644040881534995,14,14,3,Belgium,Europe,Western Europe,1943.0,15,,14.0,,,14.0,14.0,,,10.0
frans-brands,23.9096117535348,23,23,1,Belgium,Europe,Western Europe,1940.0,23,,23.0,,,23.0,,,,0.0
julien-delocht,19.26179561920614,24,24,1,Belgium,Europe,Western Europe,1942.0,24,,24.0,,,24.0,,,,0.0
arthur-van-de-vijver,24.04410249911396,27,27,1,Belgium,Europe,Western Europe,1948.0,27,,27.0,,,27.0,,,,0.0
walter-boucquet,22.1674284520954,30,30,1,Belgium,Europe,Western Europe,1941.0,30,,30.0,,,30.0,,,,0.0
christian-dumont,21.511127317350187,118,118,2,Belgium,Europe,Western Europe,1956.0,118,,,118.0,,,118.0,,,38.18376618407357
didier-bourrier,20.898856817548605,107,107,1,France,Europe,Western Europe,1955.0,107,,,107.0,,,107.0,,,0.0
gianfranco-foresti,22.332169874983684,143,143,2,Italy,Europe,Southern Europe,1950.0,143,,,143.0,,,143.0,,,1.4142135623730951
ignazio-paleari,21.776402248145235,104,90,4,Italy,Europe,Southern Europe,1954.0,118,,,90.0,,,90.0,,,65.5101773263768
kirill-pozdnyakov,21.63,42,42,1,Azerbaijan,Asia,Asia,1989.0,42,,42.0,,,42.0,,,,0.0
benjamin-le-montagner,22.824826765643788,104,104,1,France,Europe,Western Europe,1986.0,104,,104.0,,,104.0,,,,0.0
aitor-gonzalez-prieto,21.3,132,132,4,Spain,Europe,Southern Europe,1990.0,132,,132.0,,,,132.0,,,12.151817422372122
steve-speaks,22.216038559477077,57,57,1,United States,America,America,1962.0,57,,57.0,,,,57.0,,,0.0
theo-smit,20.65386836329297,3,3,2,Netherlands,Europe,Western Europe,1951.0,4,,5.0,1.0,,5.0,1.0,,,2.8284271247461903
karl-heinz-bohnen,22.29365792454596,4,4,1,Germany,Europe,Western Europe,1953.0,4,,,4.0,,,4.0,,,0.0
luigi-ferreri,21.19687540403624,31,31,1,Italy,Europe,Southern Europe,1961.0,31,,31.0,,,,31.0,,,0.0
zdislaw-krudysz,19.90284988703464,18,18,1,Poland,Europe,Eastern Europe,1961.0,18,,18.0,,,18.0,,,,0.0
carlos-malfait,23.22192350097123,42,42,1,Belgium,Europe,Western Europe,1964.0,42,,42.0,,,,42.0,,,0.0
chris-lillywhite,22.80678921582121,62,62,1,Great Britain,Europe,Northern Europe,1966.0,62,,62.0,,,,62.0,,,0.0
jan-erik-ostergaard,21.898892098826025,63,63,1,Denmark,Europe,Northern Europe,1961.0,63,,63.0,,,,63.0,,,0.0
alessandro-fantini-1,20.31,80,94,3,Italy,Europe,Southern Europe,1985.0,96,,100.0,,80.0,94.0,,,,35.52933060632206
felix-vidal-celis-zabala,21.003988414651317,104,104,1,Spain,Europe,Southern Europe,1982.0,104,,104.0,,,104.0,,,,0.0
tom-van-becelaere,18.736910731871788,128,128,2,Belgium,Europe,Western Europe,1982.0,128,,118.0,,137.0,128.0,,,,13.435028842544405
fuyu-li,22.516474524827075,121,121,1,China,Asia,Asia,1978.0,121,,121.0,,,121.0,,,,0.0
david-j-akam,21.58981589078764,31,31,1,Great Britain,Europe,Northern Europe,1960.0,31,,31.0,,,,31.0,,,0.0
luca-rota,21.699186385207778,5,5,1,Italy,Europe,Southern Europe,1963.0,5,5.0,,,,,,,5.0,0.0
theo-appeldoorn,23.0138634082908,19,19,1,Netherlands,Europe,Western Europe,1959.0,19,,19.0,,,19.0,,,,0.0
pete-sanders,20.401823671213204,22,22,1,Great Britain,Europe,Northern Europe,1961.0,22,,22.0,,,22.0,,,,0.0
danny-van-looy,21.499367937801072,91,91,1,Belgium,Europe,Western Europe,1969.0,91,,91.0,,,,91.0,,,0.0
francis-campaner,20.075059296625927,26,26,2,France,Europe,Western Europe,1946.0,25,,26.0,,,,26.0,,,4.949747468305833
patrick-novelle,21.09858228079512,36,36,1,Switzerland,Europe,Western Europe,1958.0,36,36.0,,,,,,,36.0,0.0
daniel-aeschlimann,21.748106308363692,111,103,7,Switzerland,Europe,Western Europe,1974.0,102,,103.0,,,,103.0,,,27.80202116667745
andrea-rossi,20.308941212466785,150,150,1,Italy,Europe,Southern Europe,1979.0,150,,150.0,,,150.0,,,,0.0
piet-kleine,24.33,4,4,2,Netherlands,Europe,Western Europe,1951.0,4,,4.0,,,4.0,,,,3.5355339059327378
aksel-nommela,22.28,74,74,1,Estonia,Europe,Northern Europe,1994.0,74,,74.0,,,74.0,,,,0.0
ludwig-de-winter,23.74,94,94,2,Belgium,Europe,Western Europe,1992.0,94,,94.0,,94.0,94.0,,,,0.0
marco-aurelio-fontana,22.99,47,47,1,Italy,Europe,Southern Europe,1984.0,47,,47.0,,,47.0,,,,0.0
ivan-balykin,21.22,63,63,1,Russia,Asia,Asia,1990.0,63,,63.0,,,63.0,,,,0.0
javier-ruiz-de-larrinaga-ibanez,18.717470102158025,91,92,6,Spain,Europe,Southern Europe,1979.0,93,,92.0,,,,92.0,,,33.43451310646929
jose-almagro,23.59947420869512,130,127,6,Spain,Europe,Southern Europe,1980.0,127,,127.0,,,,127.0,,,18.46799032560572
donato-giuliani,20.262164009793896,0,0,1,Italy,Europe,Southern Europe,1946.0,0,,0.0,,,,0.0,,,0.0
jens-renders,21.619270820569177,67,67,2,Belgium,Europe,Western Europe,1981.0,93,,67.0,,,8.0,126.0,,,83.43860018001261
rik-reinerink,19.519136096373,74,74,2,Netherlands,Europe,Western Europe,1973.0,85,,74.0,,,44.0,104.0,,,42.42640687119285
oscar-pumar,20.40167480410565,57,57,1,Venezuela,America,America,1967.0,57,,57.0,,,,57.0,,,0.0
leandro-fioroni,20.4909883423602,43,43,1,Italy,Europe,Southern Europe,1974.0,43,43.0,,,,,,,43.0,0.0
jose-angel-urien,21.342225622313943,31,31,2,Spain,Europe,Southern Europe,1961.0,31,,,31.0,,,,31.0,,7.071067811865476
benno-wiss,23.095651607947467,25,29,3,Switzerland,Europe,Western Europe,1962.0,30,24.0,,38.0,,,,32.0,24.0,7.810249675906654
inaki-arrieta,19.79437829491487,50,50,1,Spain,Europe,Southern Europe,1961.0,50,,,50.0,,,,50.0,,0.0
pascal-andorra,24.01849765620707,53,53,1,France,Europe,Western Europe,1960.0,53,,,53.0,,,,53.0,,0.0
santiago-izuzkiza,21.018284032263654,74,74,1,Spain,Europe,Southern Europe,1962.0,74,,,74.0,,,,74.0,,0.0
manuel-mesa,21.41262781609421,0,0,1,Spain,Europe,Southern Europe,1944.0,0,0.0,,,,,,0.0,,0.0
bradley-white,23.77,143,143,1,United States,America,America,1982.0,143,,143.0,,,,143.0,,,0.0
cesare-cipollini,19.19703313725499,37,29,3,Italy,Europe,Southern Europe,1958.0,39,,29.0,,,43.0,22.0,,,19.28730152198591
andre-massard,22.56815868890568,68,76,3,Switzerland,Europe,Western Europe,1957.0,80,,76.0,,,94.0,67.0,,,15.620499351813308
peter-schroen,21.56726347556338,73,73,1,Netherlands,Europe,Western Europe,1960.0,73,,73.0,,,,73.0,,,0.0
jules-dubois,22.369735283132304,74,74,1,Belgium,Europe,Western Europe,1958.0,74,,74.0,,,,74.0,,,0.0
filippo-piersanti,19.23408806555784,77,77,1,Italy,Europe,Southern Europe,1960.0,77,,77.0,,,,77.0,,,0.0
secondo-volpi,22.113253431541377,81,81,1,Italy,Europe,Southern Europe,1956.0,81,,81.0,,,,81.0,,,0.0
andre-corbeau,22.91978846901303,28,28,1,France,Europe,Western Europe,1950.0,28,,28.0,,,,28.0,,,0.0
kyoshi-miura,24.02,50,50,1,Japan,Asia,Asia,1961.0,50,50.0,,,,,,50.0,,0.0
gaetano-juliano,21.62492530083487,1,1,2,Italy,Europe,Southern Europe,1948.0,1,,,1.0,,,1.0,,,0.0
john-trevorrow,23.18,1,1,1,Australia,Oceania,Oceania,1949.0,1,,,1.0,,,1.0,,,0.0
jaroslav-poslusny,20.765496132345547,3,3,1,Czech Republic,Europe,Eastern Europe,1948.0,3,,,3.0,,,3.0,,,0.0
karl-pauwels,20.05830532963037,72,65,3,Belgium,Europe,Western Europe,1971.0,64,,65.0,,,,65.0,,,25.238858928247925
primo-mori,22.122852597524904,36,36,1,Italy,Europe,Southern Europe,1944.0,36,,36.0,,,,36.0,,,0.0
philippe-crepel,23.287775841281317,40,40,1,France,Europe,Western Europe,1945.0,40,,40.0,,,,40.0,,,0.0
jef-peeters,22.280943279853265,116,116,1,Belgium,Europe,Western Europe,1978.0,116,,116.0,,,,116.0,,,0.0
ludo-engelen,20.17855690404068,37,37,1,Belgium,Europe,Western Europe,1957.0,37,,37.0,,,37.0,,,,0.0
ronny-naets,22.44678399760706,38,38,1,Belgium,Europe,Western Europe,1958.0,38,,38.0,,,38.0,,,,0.0
john-mullan,23.480225357711223,39,39,1,New Zealand,Oceania,Oceania,1952.0,39,,39.0,,,39.0,,,,0.0
enrico-pochini,23.581917636528203,8,34,4,Italy,Europe,Southern Europe,1959.0,102,,118.0,7.0,,118.0,7.0,,,55.68063696953667
corrado-pinizzotto,20.26035775220475,123,123,1,Italy,Europe,Southern Europe,1962.0,123,,123.0,,,123.0,,,,0.0
sauro-varocchi,18.84810071359905,131,131,1,Italy,Europe,Southern Europe,1961.0,131,,131.0,,,131.0,,,,0.0
roberto-antonelli,18.57411068186525,138,138,1,Italy,Europe,Southern Europe,1963.0,138,,138.0,,,138.0,,,,0.0
luciano-rossignoli,20.988486706477392,35,35,1,Italy,Europe,Southern Europe,1951.0,35,,35.0,,,,35.0,,,0.0
alain-meunier,22.7533064355572,29,29,1,France,Europe,Western Europe,1952.0,29,,29.0,,,,29.0,,,0.0
lucien-zelck,20.653823848098185,35,35,1,Belgium,Europe,Western Europe,1952.0,35,,35.0,,,,35.0,,,0.0
ben-koken,18.902782344262267,45,45,1,Netherlands,Europe,Western Europe,1950.0,45,,45.0,,,,45.0,,,0.0
juan-pablo-suarez,20.46236304041324,96,96,1,Colombia,America,America,1985.0,96,,96.0,,,96.0,,,,0.0
juan-pablo-forero,22.231293401480325,122,122,1,Colombia,America,America,1983.0,122,,122.0,,,122.0,,,,0.0
alan-banaszek,22.89,166,166,2,Poland,Europe,Eastern Europe,1997.0,167,,166.0,,,166.0,,,,3.5355339059327378
sergey-kolesnikov,22.4891652743544,73,95,3,Russia,Asia,Asia,1986.0,96,,95.0,,,73.0,106.0,,,42.50882261366456
maurizio-bellin,20.65941276747456,105,105,1,Italy,Europe,Southern Europe,1982.0,105,,105.0,,,105.0,,,,0.0
tanguy-turgis,20.86,54,54,2,France,Europe,Western Europe,1998.0,54,,54.0,,,67.0,41.0,,,18.384776310850235
jimmy-duquennoy,23.41,55,55,1,Belgium,Europe,Western Europe,1995.0,55,,55.0,,,,55.0,,,0.0
julien-stassen,19.93,108,108,2,Belgium,Europe,Western Europe,1988.0,113,,108.0,,,126.0,91.0,,,24.748737341529164
jose-casas-garcia,21.574700066911824,20,20,2,Spain,Europe,Southern Europe,1945.0,19,,17.0,24.0,,17.0,,24.0,,4.949747468305833
matus-stocek,22.16,63,63,1,Slovakia,Europe,Eastern Europe,1999.0,63,63.0,,,,,,63.0,,0.0
marek-canecky,20.59,64,64,1,Slovakia,Europe,Eastern Europe,1988.0,64,64.0,,,,,,64.0,,0.0
jaka-primozic,18.73,67,67,1,Slovenia,Europe,Southern Europe,1998.0,67,67.0,,,,,,67.0,,0.0
keegan-swenson,20.83,72,72,1,United States,America,America,1994.0,72,72.0,,,,,,72.0,,0.0
scott-mcgill,20.39863294037305,85,85,1,United States,America,America,1998.0,85,85.0,,,,,,85.0,,0.0
wilson-estiben-pena-molano,17.65356561719926,92,92,1,Colombia,America,America,1998.0,92,92.0,,,,,,92.0,,0.0
manuel-anton,22.049612422245552,7,7,1,Spain,Europe,Southern Europe,1966.0,7,,7.0,,,,7.0,,,0.0
francesco-masi,17.79044459697677,11,11,1,Italy,Europe,Southern Europe,1957.0,11,11.0,,,,,,,11.0,0.0
johann-lienhart,22.05,18,18,1,Austria,Europe,Western Europe,1960.0,18,,18.0,,,18.0,,,,0.0
gianluca-mirenda,20.834604722632207,98,98,1,Italy,Europe,Southern Europe,1983.0,98,98.0,,,,,,,98.0,0.0
yoshiyuki-abe,21.88,109,109,1,Japan,Asia,Asia,1969.0,109,,,109.0,,,,109.0,,0.0
ignacio-rodriguez,19.851890466473304,112,112,1,Spain,Europe,Southern Europe,1971.0,112,,,112.0,,,,112.0,,0.0
raymond-thebes,20.29532504811336,145,145,2,Netherlands,Europe,Western Europe,1969.0,145,170.0,,120.0,,,,145.0,,35.35533905932738
junichi-kikuta,19.60679513371483,143,143,1,Japan,Asia,Asia,1966.0,143,,,143.0,,,,143.0,,0.0
brian-petersen,25.20022254995826,3,3,1,Denmark,Europe,Northern Europe,1963.0,3,,,3.0,,,3.0,,,0.0
bruno-zanoni,23.09255149678836,3,3,1,Italy,Europe,Southern Europe,1952.0,3,,,3.0,,,3.0,,,0.0
willy-govaerts,18.19350820181359,16,16,1,Belgium,Europe,Western Europe,1951.0,16,,16.0,,,,16.0,,,0.0
kamiel-bonneu,19.57,42,59,3,Belgium,Europe,Western Europe,1999.0,58,,59.0,,,,59.0,,,44.60194315647395
cyrus-monk,21.88,57,57,1,Australia,Oceania,Oceania,1996.0,57,,57.0,,,,57.0,,,0.0
elias-maris,20.52,78,78,2,Belgium,Europe,Western Europe,1999.0,80,,78.0,,,96.0,59.0,,,26.16295090390226
franky-van-oyen,21.455881747275797,9,9,1,Belgium,Europe,Western Europe,1962.0,9,,9.0,,,9.0,,,,0.0
rudi-dexters,19.510565496288315,23,23,1,Belgium,Europe,Western Europe,1959.0,23,,23.0,,,23.0,,,,0.0
luigi-botteon,20.39591889511023,5,5,1,Italy,Europe,Southern Europe,1964.0,5,,,5.0,,,5.0,,,0.0
tomaz-nose,21.074260453778056,24,24,1,Slovenia,Europe,Southern Europe,1982.0,24,24.0,,,,,,,24.0,0.0
jose-luis-diaz,22.4549896125838,80,80,1,Spain,Europe,Southern Europe,1965.0,80,,80.0,,,80.0,,,,0.0
franco-balmamion,22.65,16,16,1,Italy,Europe,Southern Europe,1940.0,16,,16.0,,,,16.0,,,0.0
jean-pierre-parenteau,22.72,39,39,1,France,Europe,Western Europe,1944.0,39,,39.0,,,,39.0,,,0.0
andre-doyen,20.92334405006544,41,41,1,Belgium,Europe,Western Europe,1949.0,41,,41.0,,,,41.0,,,0.0
carlo-chiappano,20.26351001366522,42,42,1,Italy,Europe,Southern Europe,1941.0,42,,42.0,,,,42.0,,,0.0
christian-brasseur,18.74128031403213,48,48,1,Belgium,Europe,Western Europe,1949.0,48,,48.0,,,,48.0,,,0.0
robby-meul,21.734332815791777,36,36,1,Belgium,Europe,Western Europe,1981.0,36,,,,36.0,36.0,,,,0.0
ronny-poelvoorde,19.48343983602468,43,43,1,Belgium,Europe,Western Europe,1969.0,43,,,,43.0,43.0,,,,0.0
marc-fournier,21.2,182,182,1,France,Europe,Western Europe,1994.0,182,,,182.0,,,,182.0,,0.0
filipe-cardoso,22.09,57,57,1,Portugal,Europe,Southern Europe,1984.0,57,57.0,,,,,,57.0,,0.0
mart-ojavee,23.89,109,109,1,Estonia,Europe,Northern Europe,1981.0,109,109.0,,,,,,109.0,,0.0
miguel-armando-ubeto,21.26,115,115,1,Venezuela,America,America,1976.0,115,115.0,,,,,,115.0,,0.0
hossein-askari,22.78,125,125,1,Iran,Asia,Asia,1975.0,125,125.0,,,,,,125.0,,0.0
hrvoje-miholjevic,22.813279616104577,75,78,3,Croatia,Europe,Southern Europe,1979.0,94,78.0,,,,,,78.0,,56.55970296951709
ivan-mauricio-casas,20.91119746739933,140,140,1,Colombia,America,America,1980.0,140,140.0,,,,,,140.0,,0.0
anatoliy-pakhtusov,22.3704965810168,146,146,1,Ukraine,Europe,Eastern Europe,1985.0,146,146.0,,,,,,146.0,,0.0
gonzalo-garrido,22.46,147,147,1,Chile,America,America,1973.0,147,147.0,,,,,,147.0,,0.0
gregolry-panizo,21.5,148,148,1,Brazil,America,America,1985.0,148,148.0,,,,,,148.0,,0.0
jannes-slendebroek,20.53210656189663,13,13,1,Netherlands,Europe,Western Europe,1959.0,13,,13.0,,,13.0,,,,0.0
jacek-bodyk,19.231345364139543,72,72,1,Poland,Europe,Eastern Europe,1966.0,72,,72.0,,,72.0,,,,0.0
franco-cavallini,21.723672613343627,99,99,1,Italy,Europe,Southern Europe,1966.0,99,,99.0,,,99.0,,,,0.0
manuel-martinez-1,24.50021865343813,84,84,2,Spain,Europe,Southern Europe,1967.0,93,,84.0,,,84.0,,,,36.76955262170047
victor-hugo-olarte,23.657188171368347,121,121,1,Colombia,America,America,1963.0,121,,121.0,,,121.0,,,,0.0
marco-toffali,19.367339864969832,163,163,1,Italy,Europe,Southern Europe,1965.0,163,,163.0,,,163.0,,,,0.0
juan-carlos-garcia,20.17796081204711,165,165,1,Spain,Europe,Southern Europe,1968.0,165,,165.0,,,165.0,,,,0.0
roman-kreuziger-sr,22.251307013566112,171,171,1,Czech Republic,Europe,Eastern Europe,1965.0,171,,171.0,,,171.0,,,,0.0
eladio-ambite,23.62204373685584,183,183,1,Spain,Europe,Southern Europe,1970.0,183,,183.0,,,183.0,,,,0.0
ad-prinsen,19.875848876071704,8,8,1,Netherlands,Europe,Western Europe,1954.0,8,,8.0,,,,8.0,,,0.0
johnny-de-nul,21.91575862473008,21,21,1,Belgium,Europe,Western Europe,1955.0,21,,21.0,,,,21.0,,,0.0
jan-huisjes,20.396044644622343,25,25,1,Netherlands,Europe,Western Europe,1951.0,25,,25.0,,,,25.0,,,0.0
mario-liboton,21.04669210326369,94,94,1,Belgium,Europe,Western Europe,1969.0,94,,,,94.0,94.0,,,,0.0
wim-vervoort-1,18.42148036020179,95,95,1,Belgium,Europe,Western Europe,1969.0,95,,,,95.0,95.0,,,,0.0
roberto-ballini,18.690535568179182,15,15,1,Italy,Europe,Southern Europe,1944.0,15,,15.0,,,,15.0,,,0.0
valere-van-sweevelt,23.8369245475354,23,23,1,Belgium,Europe,Western Europe,1947.0,23,,23.0,,,,23.0,,,0.0
theo-verschueren,22.68704636758388,30,30,1,Belgium,Europe,Western Europe,1943.0,30,,30.0,,,,30.0,,,0.0
jan-van-nueten,21.728415157824344,33,33,1,Belgium,Europe,Western Europe,1946.0,33,,33.0,,,,33.0,,,0.0
libardo-nino-corredor,22.41576895746512,81,81,1,Colombia,America,America,1968.0,81,,,81.0,,,,81.0,,0.0
kam-po-wong,21.72,81,81,1,Hongkong,Asia,Asia,1973.0,81,81.0,,,,,,,81.0,0.0
artour-babaitsev,20.79419892933728,96,96,1,Russia,Asia,Asia,1971.0,96,96.0,,,,,,,96.0,0.0
martin-bo-johansson,20.25206428411417,103,103,1,Sweden,Europe,Northern Europe,1969.0,103,103.0,,,,,,,103.0,0.0
jean-claude-lebeau,20.751183861155635,147,147,1,Belgium,Europe,Western Europe,1979.0,147,,147.0,,,,147.0,,,0.0
wesley-van-der-linden,23.477155997143864,148,148,1,Belgium,Europe,Western Europe,1982.0,148,,148.0,,,,148.0,,,0.0
sean-sullivan,21.13084691705474,44,44,1,Australia,Oceania,Oceania,1978.0,44,,44.0,,,44.0,,,,0.0
luca-pierfelici,22.27166881628828,53,53,1,Italy,Europe,Southern Europe,1983.0,53,,53.0,,,53.0,,,,0.0
luigi-sestili,18.879084340870303,66,66,1,Italy,Europe,Southern Europe,1983.0,66,,66.0,,,66.0,,,,0.0
adriano-angeloni,22.39225446793669,67,67,1,Italy,Europe,Southern Europe,1983.0,67,,67.0,,,67.0,,,,0.0
fabio-negri,22.25102918384536,69,69,1,Italy,Europe,Southern Europe,1982.0,69,,69.0,,,69.0,,,,0.0
antonio-quadranti,20.95882942959431,47,47,1,Italy,Europe,Southern Europe,1980.0,47,47.0,,,,,,,47.0,0.0
nicolas-vereecken,21.98,29,29,1,Belgium,Europe,Western Europe,1990.0,29,,29.0,,,29.0,,,,0.0
alphonse-vermote,21.16,60,60,1,Belgium,Europe,Western Europe,1990.0,60,,60.0,,,60.0,,,,0.0
nuno-alves,19.95093839118769,63,63,1,Portugal,Europe,Southern Europe,1974.0,63,63.0,,,,,,,63.0,0.0
morten-sonne,20.59130163739871,74,74,1,Denmark,Europe,Northern Europe,1970.0,74,74.0,,,,,,,74.0,0.0
uwe-nepp,21.08224949955845,144,144,2,Germany,Europe,Western Europe,1966.0,144,,144.0,,,,144.0,,,18.384776310850235
christian-delle-stelle,22.49,141,141,1,Italy,Europe,Southern Europe,1989.0,141,,141.0,,,141.0,,,,0.0
xabier-carbayeda,21.36932509312059,131,131,2,Spain,Europe,Southern Europe,1966.0,135,,,131.0,,,,131.0,,39.59797974644666
eddy-vancraeynest,19.713561934031684,114,114,1,Belgium,Europe,Western Europe,1968.0,114,,,114.0,,,,114.0,,0.0
laurent-gervais,22.22,84,84,2,Canada,America,America,1997.0,83,84.0,,,,,,84.0,,16.263455967290593
jordan-cheyne,22.689475490159445,114,114,1,Canada,America,America,1991.0,114,114.0,,,,,,114.0,,0.0
evan-burtnik,19.14745020922243,124,124,1,Canada,America,America,1997.0,124,124.0,,,,,,124.0,,0.0
olivier-pardini,20.99,73,73,1,Belgium,Europe,Western Europe,1985.0,73,,,,73.0,73.0,,,,0.0
chris-wreghitt,22.353279297330857,15,15,1,Great Britain,Europe,Northern Europe,1958.0,15,,15.0,,,,15.0,,,0.0
david-per,21.97,86,86,2,Slovenia,Europe,Southern Europe,1995.0,86,,86.0,,,80.0,92.0,,,8.48528137423857
eric-bonnet,21.6865773190306,11,11,2,France,Europe,Western Europe,1960.0,14,,11.0,,,11.0,,,,11.31370849898476
vincenzo-galati,20.375354456797137,6,6,1,Italy,Europe,Southern Europe,1969.0,6,,,6.0,,,6.0,,,0.0
serge-vandaele,21.42930920087016,4,4,1,Belgium,Europe,Western Europe,1952.0,4,,4.0,,,4.0,,,,0.0
bernard-bourguignon,22.254152680155503,7,7,1,Belgium,Europe,Western Europe,1949.0,7,,7.0,,,7.0,,,,0.0
nidi-den-hertog,20.99047370358767,17,17,2,Netherlands,Europe,Western Europe,1951.0,17,,17.0,,,17.0,,,,1.4142135623730951
christian-de-buysschere,20.377012426755265,19,19,1,Belgium,Europe,Western Europe,1950.0,19,,19.0,,,19.0,,,,0.0
marc-steels,19.816559711596,20,20,1,Belgium,Europe,Western Europe,1953.0,20,,20.0,,,20.0,,,,0.0
jacky-coene,21.34821493764121,25,25,1,Belgium,Europe,Western Europe,1946.0,25,,25.0,,,25.0,,,,0.0
rafaa-chtioui,22.71,53,53,1,Tunisia,Africa,Africa,1986.0,53,,53.0,,,,53.0,,,0.0
dimitri-defauw,23.25,81,81,2,Belgium,Europe,Western Europe,1981.0,80,,,81.0,,,81.0,,,96.16652224137046
john-vos,20.854475997474992,1,1,1,Netherlands,Europe,Western Europe,1963.0,1,,1.0,,,,1.0,,,0.0
peter-besanko,21.51107313850874,29,29,1,Australia,Oceania,Oceania,1955.0,29,29.0,,,,,,29.0,,0.0
dennis-van-niekerk,20.058599314324297,132,132,1,South Africa,Africa,Africa,1984.0,132,,132.0,,,,132.0,,,0.0
maxat-ayazbayev,21.0,129,129,1,Kazakhstan,Asia,Asia,1992.0,129,,129.0,,,,129.0,,,0.0
william-dazzani,21.63428183412248,9,9,1,Italy,Europe,Southern Europe,1966.0,9,,9.0,,,9.0,,,,0.0
stefano-arlotti,18.795755029056068,55,55,1,Italy,Europe,Southern Europe,1965.0,55,,55.0,,,55.0,,,,0.0
silvano-lorenzon,21.260454139223068,59,59,1,Italy,Europe,Southern Europe,1964.0,59,,59.0,,,59.0,,,,0.0
michele-mara,20.087350865645043,90,90,1,Italy,Europe,Southern Europe,1966.0,90,,90.0,,,90.0,,,,0.0
stefano-bianchini,20.79098173583336,91,91,1,Italy,Europe,Southern Europe,1966.0,91,,91.0,,,91.0,,,,0.0
simone-bruscoli,20.79971357341344,106,106,1,Italy,Europe,Southern Europe,1966.0,106,,106.0,,,106.0,,,,0.0
davy-delme,22.18952457545399,75,75,2,Belgium,Europe,Western Europe,1972.0,75,,69.0,,81.0,81.0,69.0,,,8.48528137423857
venancio-teran,21.06281354029673,47,47,1,France,Europe,Western Europe,1961.0,47,,,47.0,,,,47.0,,0.0
antonio-girabent,21.188612248271653,56,56,1,Spain,Europe,Southern Europe,1959.0,56,,,56.0,,,,56.0,,0.0
oleksandr-fedenko,21.3,170,170,1,Ukraine,Europe,Eastern Europe,1970.0,170,,170.0,,,170.0,,,,0.0
antonio-salutini,21.32699593432954,1,1,1,Italy,Europe,Southern Europe,1947.0,1,,,1.0,,,1.0,,,0.0
francisco-perez-rodriguez,20.4580139880491,3,3,1,Spain,Europe,Southern Europe,1945.0,3,,,3.0,,,3.0,,,0.0
stian-remme,23.564498454778843,80,80,1,Norway,Europe,Northern Europe,1982.0,80,80.0,,,,,,80.0,,0.0
franklin-raul-chacon,21.228737133691705,82,82,1,Venezuela,America,America,1979.0,82,82.0,,,,,,82.0,,0.0
juan-carlos-lopez-marin,18.327447573172165,107,107,1,Colombia,America,America,1981.0,107,107.0,,,,,,107.0,,0.0
hakan-larsson,19.681189746018543,18,18,1,Sweden,Europe,Northern Europe,1958.0,18,,18.0,,,18.0,,,,0.0
davide-orrico,20.19713968303869,70,70,1,Italy,Europe,Southern Europe,1990.0,70,70.0,,,,,,,70.0,0.0
alessandro-monaco,23.88265361650411,104,104,1,Italy,Europe,Southern Europe,1998.0,104,104.0,,,,,,,104.0,0.0
jan-brzezny,20.928799131016177,9,9,1,Poland,Europe,Eastern Europe,1951.0,9,,9.0,,,9.0,,,,0.0
roman-klimov,22.631414252280543,66,66,1,Russia,Asia,Asia,1985.0,66,66.0,,,,,,66.0,,0.0
olegs-melehs,21.390080111583504,74,74,1,Latvia,Europe,Northern Europe,1982.0,74,74.0,,,,,,74.0,,0.0
jose-santos,19.90996962494734,125,125,1,Portugal,Europe,Southern Europe,1973.0,125,,125.0,,,125.0,,,,0.0
wladimiro-d-ascenzo,24.256958354166684,143,143,1,Italy,Europe,Southern Europe,1971.0,143,,143.0,,,143.0,,,,0.0
rene-de-bie,22.290693456270755,23,23,1,Belgium,Europe,Western Europe,1945.0,23,,23.0,,,,23.0,,,0.0
ernie-de-blaere,19.78300711526132,28,28,1,Belgium,Europe,Western Europe,1948.0,28,,28.0,,,,28.0,,,0.0
marc-de-block,24.86757680684844,30,30,1,Belgium,Europe,Western Europe,1945.0,30,,30.0,,,,30.0,,,0.0
herman-flabat,20.650833749843105,33,33,1,Belgium,Europe,Western Europe,1945.0,33,,33.0,,,,33.0,,,0.0
guy-leleu,22.96282214821494,17,17,1,France,Europe,Western Europe,1950.0,17,,17.0,,,17.0,,,,0.0
michel-coroller,20.07678087468637,7,7,1,France,Europe,Western Europe,1949.0,7,,7.0,,,7.0,,,,0.0
mario-gonzalez-salas,19.62,60,60,1,Spain,Europe,Southern Europe,1992.0,60,,60.0,,,,60.0,,,0.0
pieter-nassen,22.54593948945028,39,39,2,Belgium,Europe,Western Europe,1944.0,47,,62.0,,16.0,16.0,62.0,,,32.526911934581186
john-brouwer,22.933354247644576,18,18,1,Netherlands,Europe,Western Europe,1947.0,18,,,,18.0,18.0,,,,0.0
ralf-hofeditz,18.70522711772833,6,6,2,Germany,Europe,Western Europe,1962.0,6,,6.0,,,6.0,,,,0.7071067811865476
bart-vanheule,21.97,106,106,2,Belgium,Europe,Western Europe,1983.0,106,,104.0,,108.0,106.0,,,,2.8284271247461903
stefan-rucker,22.86210277294537,115,115,1,Austria,Europe,Western Europe,1980.0,115,,,,115.0,115.0,,,,0.0
matthias-friedemann,22.4,122,122,1,Germany,Europe,Western Europe,1984.0,122,,,,122.0,122.0,,,,0.0
timothy-vangheel,23.273604048473864,130,130,1,Belgium,Europe,Western Europe,1986.0,130,,,,130.0,130.0,,,,0.0
sven-van-den-houte,20.141133922198804,131,131,1,Belgium,Europe,Western Europe,1984.0,131,,,,131.0,131.0,,,,0.0
mathieu-criquielion,22.781855033574644,88,88,2,Belgium,Europe,Western Europe,1981.0,88,,42.0,,133.0,88.0,,,,64.34671708797582
bolat-raimbekov,20.15,143,143,1,Kazakhstan,Asia,Asia,1986.0,143,,,,143.0,143.0,,,,0.0
stijn-ennekens,19.27355920006829,43,43,1,Belgium,Europe,Western Europe,1984.0,43,,43.0,,,43.0,,,,0.0
sven-nevens,20.90582685801926,98,98,1,Belgium,Europe,Western Europe,1983.0,98,,98.0,,,98.0,,,,0.0
harald-starzengruber,20.26175590059697,111,111,1,Austria,Europe,Western Europe,1981.0,111,,111.0,,,111.0,,,,0.0
sjef-de-wilde,20.72,101,101,2,Belgium,Europe,Western Europe,1981.0,103,,101.0,,,120.0,82.0,,,26.87005768508881
fabien-bacquet,21.89872692992735,125,125,1,France,Europe,Western Europe,1986.0,125,,125.0,,,125.0,,,,0.0
lucas-persson,20.836097028079937,136,136,1,Sweden,Europe,Northern Europe,1984.0,136,,136.0,,,136.0,,,,0.0
ole-sigurd-simensen,23.80449052048248,29,29,1,Norway,Europe,Northern Europe,1972.0,29,,29.0,,,29.0,,,,0.0
andrea-di-renzo,19.35,101,101,1,Italy,Europe,Southern Europe,1995.0,101,,101.0,,,101.0,,,,0.0
jack-van-hooydonck,20.31867487902131,60,60,1,Belgium,Europe,Western Europe,1959.0,60,,,60.0,,,60.0,,,0.0
roland-vogeli,21.883348418648943,67,67,1,Switzerland,Europe,Western Europe,1959.0,67,,,67.0,,,67.0,,,0.0
philippe-deleye,22.11413017601309,52,52,1,Belgium,Europe,Western Europe,1962.0,52,,52.0,,,,52.0,,,0.0
peter-van-impe,20.738603162470188,78,78,1,Belgium,Europe,Western Europe,1963.0,78,,78.0,,,,78.0,,,0.0
danny-de-bie,20.58527036256968,79,79,1,Belgium,Europe,Western Europe,1960.0,79,,79.0,,,,79.0,,,0.0
edgar-humberto-ruiz,21.29131682468599,36,36,1,Colombia,America,America,1971.0,36,,,36.0,,,,36.0,,0.0
fernand-hermie,20.75333888281983,39,39,1,Belgium,Europe,Western Europe,1945.0,39,,39.0,,,,39.0,,,0.0
alfons-scheys,21.558792793602183,55,55,1,Belgium,Europe,Western Europe,1947.0,55,,55.0,,,,55.0,,,0.0
enzo-mattioda,21.801897666742853,57,57,1,France,Europe,Western Europe,1946.0,57,,57.0,,,,57.0,,,0.0
roger-kindt,20.807526627233464,60,60,1,Belgium,Europe,Western Europe,1945.0,60,,60.0,,,,60.0,,,0.0
franco-mori,21.436280201006326,66,66,1,Italy,Europe,Southern Europe,1944.0,66,,66.0,,,,66.0,,,0.0
tony-gakens,19.92735245286941,68,68,1,Belgium,Europe,Western Europe,1947.0,68,,68.0,,,,68.0,,,0.0
guerrino-tosello,20.56353665599356,70,70,1,Italy,Europe,Southern Europe,1943.0,70,,70.0,,,,70.0,,,0.0
francois-coquery,20.52489892006376,71,71,1,France,Europe,Western Europe,1948.0,71,,71.0,,,,71.0,,,0.0
mario-anni,18.593717673500297,73,73,1,Italy,Europe,Southern Europe,1943.0,73,,73.0,,,,73.0,,,0.0
andre-peirsman,23.484529867418814,74,74,1,Belgium,Europe,Western Europe,1948.0,74,,74.0,,,,74.0,,,0.0
angelo-bassini,21.02486907788064,77,77,1,Italy,Europe,Southern Europe,1946.0,77,,77.0,,,,77.0,,,0.0
alexandre-chouffe,23.01060565401432,54,54,1,France,Europe,Western Europe,1974.0,54,,54.0,,,,54.0,,,0.0
christian-wegmann,20.268868964140893,49,49,1,Germany,Europe,Western Europe,1976.0,49,,,49.0,,,,49.0,,0.0
angel-jose-rodriguez,20.7852070646853,136,136,1,Spain,Europe,Southern Europe,1981.0,136,,,136.0,,,,136.0,,0.0
didier-garcia,22.331859609012216,15,15,1,France,Europe,Western Europe,1964.0,15,15.0,,,,,,15.0,,0.0
alain-cigana,18.62796811785371,12,12,2,France,Europe,Western Europe,1950.0,17,,12.0,,,12.0,,,,10.606601717798211
guy-dolhats,24.213437236376084,14,14,1,France,Europe,Western Europe,1952.0,14,,14.0,,,14.0,,,,0.0
leon-thomas,20.875007717022537,16,16,1,Belgium,Europe,Western Europe,1949.0,16,,16.0,,,16.0,,,,0.0
guy-maingon,23.306496746114107,24,24,2,France,Europe,Western Europe,1948.0,29,,24.0,,,24.0,,,,10.606601717798211
rodolfo-jimenez,19.724140041467184,91,91,1,Spain,Europe,Southern Europe,1968.0,91,,,91.0,,,,91.0,,0.0
mario-moermans,21.34400018758929,107,107,1,Belgium,Europe,Western Europe,1969.0,107,,107.0,,,,107.0,,,0.0
jerome-chiotti,19.346134086787647,108,108,1,France,Europe,Western Europe,1972.0,108,,108.0,,,,108.0,,,0.0
philip-vereecke,23.20553200724884,45,45,1,Belgium,Europe,Western Europe,1975.0,45,,45.0,,,,45.0,,,0.0
marc-vanacker,21.542807129118,136,136,1,Luxembourg,Europe,Western Europe,1976.0,136,,136.0,,,,136.0,,,0.0
kristoffer-ingeby,20.973034495176453,138,138,1,Sweden,Europe,Northern Europe,1979.0,138,,138.0,,,,138.0,,,0.0
rudolf-wentzel,22.41614560164889,140,140,1,South Africa,Africa,Africa,1976.0,140,,140.0,,,,140.0,,,0.0
christoph-van-kleinsorgen,21.22541102159581,143,143,1,Germany,Europe,Western Europe,1980.0,143,,143.0,,,,143.0,,,0.0
willy-lienhard,22.198571454290235,3,3,1,Switzerland,Europe,Western Europe,1954.0,3,,,3.0,,,3.0,,,0.0
joaquim-leite,20.85384413900577,4,4,1,Portugal,Europe,Southern Europe,1945.0,4,,,4.0,,,4.0,,,0.0
batik-odriozola,21.937001641146196,54,54,1,Spain,Europe,Southern Europe,1970.0,54,,,54.0,,,54.0,,,0.0
jurgen-van-loocke,19.89295394532813,105,105,1,Belgium,Europe,Western Europe,1980.0,105,,105.0,,,,105.0,,,0.0
franck-laurance,21.48656473497661,9,9,1,France,Europe,Western Europe,1970.0,9,,9.0,,,9.0,,,,0.0
aristide-ratti,22.37297927404185,131,131,1,Italy,Europe,Southern Europe,1982.0,131,,131.0,,,131.0,,,,0.0
laurent-beuret,20.393692427734425,137,137,1,Switzerland,Europe,Western Europe,1986.0,137,,137.0,,,137.0,,,,0.0
oleg-rodionov,21.481532118492087,45,45,1,Russia,Asia,Asia,1983.0,45,,,45.0,,,45.0,,,0.0
julen-fernandez,21.78936260234555,107,107,1,Spain,Europe,Southern Europe,1978.0,107,,,107.0,,,107.0,,,0.0
brecht-dhaene,19.8,25,25,1,Belgium,Europe,Western Europe,1988.0,25,,,,25.0,25.0,,,,0.0
stef-van-zummeren,20.65,47,47,1,Belgium,Europe,Western Europe,1991.0,47,,,,47.0,47.0,,,,0.0
kristian-house,18.62323251240636,104,104,1,Great Britain,Europe,Northern Europe,1979.0,104,,,,104.0,104.0,,,,0.0
joeri-calleeuw,21.2,114,114,1,Belgium,Europe,Western Europe,1985.0,114,,,,114.0,114.0,,,,0.0
peter-williams-1,20.52849449191772,118,118,1,Great Britain,Europe,Northern Europe,1986.0,118,,,,118.0,118.0,,,,0.0
yanto-barker,21.96378811452764,136,136,1,Great Britain,Europe,Northern Europe,1980.0,136,,,,136.0,136.0,,,,0.0
eddie-salas,20.8874009473084,90,90,1,Australia,Oceania,Oceania,1965.0,90,,,90.0,,,,90.0,,0.0
marc-vercammen,22.63125008010851,41,41,1,Belgium,Europe,Western Europe,1960.0,41,,41.0,,,,41.0,,,0.0
osvaldo-bettoni,21.55380906510008,8,8,1,Italy,Europe,Southern Europe,1952.0,8,,,8.0,,,8.0,,,0.0
paidi-o-brien,22.391997108574483,101,101,1,Ireland,Europe,Northern Europe,1984.0,101,,,,101.0,101.0,,,,0.0
kim-borry,19.58708917780311,105,105,1,Belgium,Europe,Western Europe,1985.0,105,,,,105.0,105.0,,,,0.0
gino-ligneel,20.432188012088247,23,23,1,Belgium,Europe,Western Europe,1957.0,23,,23.0,,,,23.0,,,0.0
dominique-turcksin,19.366672629950383,47,47,1,Belgium,Europe,Western Europe,1959.0,47,,47.0,,,,47.0,,,0.0
piero-spinelli,22.583190949823457,1,1,1,Italy,Europe,Southern Europe,1948.0,1,,,1.0,,,1.0,,,0.0
inaki-murua-gorostidi,20.99898619733608,71,71,1,Spain,Europe,Southern Europe,1966.0,71,,,71.0,,,,71.0,,0.0
jose-ignacio-cano,20.860586841476355,113,113,1,Spain,Europe,Southern Europe,1965.0,113,,,113.0,,,,113.0,,0.0
manuel-delgado,23.06848408874428,143,143,1,Spain,Europe,Southern Europe,1965.0,143,,,143.0,,,,143.0,,0.0
jose-antonio-davoz,22.79850429653686,160,160,1,Spain,Europe,Southern Europe,1965.0,160,,,160.0,,,,160.0,,0.0
samuel-spokes,19.23,123,123,1,Australia,Oceania,Oceania,1992.0,123,123.0,,,,,,123.0,,0.0
bjorn-backmann,25.607467548760734,70,70,1,Sweden,Europe,Northern Europe,1962.0,70,70.0,,,,,,70.0,,0.0
luca-raggio,20.81832376241826,162,162,1,Italy,Europe,Southern Europe,1995.0,162,,162.0,,,162.0,,,,0.0
alessandro-pessot,20.35,166,166,1,Italy,Europe,Southern Europe,1995.0,166,,166.0,,,166.0,,,,0.0
walter-pedroni,22.925311763102897,121,121,1,Italy,Europe,Southern Europe,1970.0,121,,121.0,,,121.0,,,,0.0
luca-maggioni,21.250598817678817,161,161,1,Italy,Europe,Southern Europe,1973.0,161,,161.0,,,161.0,,,,0.0
ivan-raimondi,19.696782771207857,173,173,1,Italy,Europe,Southern Europe,1969.0,173,,173.0,,,173.0,,,,0.0
jose-vincente-diaz,20.03193091050816,17,17,1,Colombia,America,America,1965.0,17,,17.0,,,17.0,,,,0.0
jon-ander-insausti,25.45,54,54,1,Spain,Europe,Southern Europe,1992.0,54,,,54.0,,,,54.0,,0.0
carlos-melero,20.01163486171536,38,38,1,Spain,Europe,Southern Europe,1948.0,38,,38.0,,,38.0,,,,0.0
roland-smet,23.230438147711567,61,61,1,France,Europe,Western Europe,1952.0,61,,61.0,,,61.0,,,,0.0
