_url,name,points,uci_points,length,climb_total,profile,startlist_quality,average_temperature,is_tarmac,is_cobbled,is_gravel,date,climb/length,median_delta,std_delta
tour-de-france/1978/stage-6,Tour de France,100,,162000,1101.0,1,1241,,1,0,0,1978-07-05,0.006796296296296296,27.0,6.847589931546714
vuelta-a-espana/2016/stage-14,Vuelta a España,80,100,196000,5575.0,5,821,,1,0,0,2016-09-03,0.02844387755102041,1957.0,873.8356698492918
tour-de-france/2019/stage-21,Tour de France,100,120,128000,781.0,1,1699,,1,0,0,2019-07-28,0.0061015625,29.0,44.0795307056556
volta-a-catalunya/1999/prologue,Volta Ciclista a Catalunya,50,,8100,67.18283485508391,,804,,1,0,0,1999-06-17,0.008294177142602952,53.0,27.154497912357733
tour-de-france/2022/stage-9,Tour de France,100,120,192900,3743.0,3,1551,24,1,0,0,2022-07-10,0.01940383618455158,1376.0,675.3542300723467
vuelta-a-espana/2017/stage-20,Vuelta a España,80,100,117500,3817.0,5,899,,1,0,0,2017-09-09,0.032485106382978725,1113.0,490.08617566570666
tour-de-france/1978/stage-14,Tour de France,100,,52000,1351.0,5,1241,,1,0,0,1978-07-14,0.02598076923076923,580.5,231.2733933165256
volta-a-catalunya/2018/stage-7,Volta Ciclista a Catalunya,50,50,154800,2008.0,2,659,,1,0,0,2018-03-25,0.012971576227390182,101.0,187.12934033080495
volta-a-catalunya/1981/stage-2b,Volta Ciclista a Catalunya,50,,30000,468.80170384129224,,388,,1,0,0,1981-09-05,0.015626723461376408,15.0,5.2783625407043715
paris-nice/1994/stage-8b,Paris - Nice,50,,12500,329.14026714314605,,900,,1,0,0,1994-03-13,0.026331221371451684,121.5,44.31261552579402
tirreno-adriatico/1984/stage-1,Tirreno-Adriatico,50,,189000,983.3352728981458,,541,,1,0,0,1984-03-09,0.005202832131736221,20.0,7.483314773547884
dauphine/1991/stage-2,Critérium du Dauphiné Libéré,50,,222000,3383.08327198058,,830,,1,0,0,1991-06-05,0.015239113837750359,0.0,0.0
dauphine/2022/stage-7,Critérium du Dauphiné,50,60,134800,3828.0,5,789,22,1,0,0,2022-06-11,0.028397626112759644,998.0,483.00428291417137
ronde-van-vlaanderen/1980/result,Ronde van Vlaanderen / Tour des Flandres,275,,265000,2862.267321201795,,602,,0,0,0,1980-03-30,0.010801008759252056,375.0,189.26112312694522
volta-a-catalunya/2015/stage-4,Volta Ciclista a Catalunya,50,6,188400,3867.0,3,817,,1,0,0,2015-03-26,0.02052547770700637,1669.0,668.573869320117
milano-sanremo/2004/result,Milano-Sanremo,275,,294000,2785.5604001972197,,1400,,0,0,0,2004-03-20,0.009474695238766054,127.0,253.96151899759914
tour-de-suisse/1997/stage-6,Tour de Suisse,50,,193900,1924.9341069018315,,1161,,1,0,0,1997-06-23,0.009927458003619554,0.0,158.85512576052483
tirreno-adriatico/2005/stage-2,Tirreno-Adriatico,50,,181000,2397.9943922504262,3,1040,,1,0,0,2005-03-10,0.013248587802488544,82.0,181.40339620270467
giro-d-italia/2019/stage-14,Giro d'Italia,80,100,131000,4187.0,4,896,,1,0,0,2019-05-25,0.0319618320610687,1529.0,750.2656622422346
tirreno-adriatico/1984/stage-5,Tirreno-Adriatico,50,,211000,1649.0157408738173,,541,,1,0,0,1984-03-13,0.007815240478074964,6.0,1.9894458366193606
vuelta-a-espana/1994/stage-3,Vuelta a España,80,,239000,1082.0,,791,,1,0,0,1994-04-27,0.0045271966527196655,9.0,19.212188271178643
vuelta-a-espana/1993/stage-21,Vuelta a España,80,,44600,818.0,,819,,1,0,0,1993-05-16,0.018340807174887893,642.0,204.03498578202462
tour-de-suisse/2021/stage-4,Tour de Suisse,50,60,171000,1940.0,2,670,,1,0,0,2021-06-09,0.011345029239766082,316.0,156.57884635377562
gran-camino/2022/stage-2,Gran Camiño,20,14,177600,3006.0,3,225,,1,0,0,2022-02-25,0.016925675675675676,131.5,202.48367885511834
vuelta-a-espana/1980/stage-19,Vuelta a España,80,,84000,1089.2281146383634,,520,,1,0,0,1980-05-11,0.01296700136474242,0.0,0.0
giro-d-italia/1999/stage-8,Giro d'Italia,80,,253000,4211.495939235974,5,1057,,1,0,0,1999-05-22,0.016646229008837842,1030.0,575.5458853414477
tour-de-suisse/1983/stage-5b,Tour de Suisse,50,,19000,150.29057151847564,,809,,1,0,0,1983-06-19,0.00791003007991977,66.5,36.1817940713589
vuelta-a-espana/1988/stage-21,Vuelta a España,80,,202000,2500.0,,828,,1,0,0,1988-05-15,0.012376237623762377,0.0,0.0
volta-a-catalunya/2022/stage-3,Volta Ciclista a Catalunya,50,50,161100,3394.0,5,722,,1,0,0,2022-03-23,0.02106765983860956,356.0,506.10909302045974
vuelta-a-espana/1984/stage-11,Vuelta a España,80,,182000,2622.452023502147,,747,,1,0,0,1984-04-28,0.014409077052209599,826.0,493.0331761206327
tour-de-france/2022/stage-2,Tour de France,100,120,202200,1149.0,1,1551,22,1,0,0,2022-07-02,0.005682492581602374,0.0,107.06087398726136
tour-de-romandie/2009/stage-1,Tour de Romandie,50,,87000,1470.730274376386,,714,,1,0,0,2009-04-29,0.016904945682487196,31.0,133.8173867112462
tirreno-adriatico/2005/stage-6,Tirreno-Adriatico,50,,164000,1480.4741709422156,1,1040,,1,0,0,2005-03-14,0.009027281530135461,0.0,13.557887534735995
paris-nice/1985/stage-6,Paris - Nice,50,,171000,1822.7207158516117,,815,,1,0,0,1985-03-09,0.010659185472816442,50.0,13.89347225961068
volta-a-catalunya/2004/stage-6,Volta a Catalunya,50,,148100,2406.7917757079044,3,376,,1,0,0,2004-06-19,0.016251126102011508,17.0,154.07803303857327
giro-d-italia/2004/stage-18,Giro d'Italia,80,,118000,3813.0,5,621,,1,0,0,2004-05-28,0.0323135593220339,1423.0,594.2286543672815
volta-a-catalunya/2012/stage-2,Volta Ciclista a Catalunya,50,,161000,2453.380818861295,2,760,,1,0,0,2012-03-20,0.015238390179262703,129.0,272.3164755521465
vuelta-a-espana/2019/stage-9,La Vuelta ciclista a España,80,100,94400,3300.0,5,798,,1,0,0,2019-09-01,0.034957627118644065,1702.0,681.0770038828457
giro-d-italia/2016/stage-6,Giro d'Italia,80,100,157000,3749.0,5,933,,1,0,0,2016-05-12,0.023878980891719744,905.0,413.81683048495626
tour-de-france/1997/stage-15,Tour de France,100,,208500,5000.0,4,1994,,1,0,0,1997-07-21,0.023980815347721823,1389.0,771.6551063265885
tour-de-france/2000/stage-8,Tour de France,100,,203500,2570.0,1,1437,,1,0,0,2000-07-08,0.01262899262899263,342.0,88.16524469672281
tour-de-france/1981/stage-2,Tour de France,100,,254000,3500.0,1,1362,,1,0,0,1981-06-27,0.013779527559055118,25.0,269.46517614456974
volta-a-catalunya/1993/prologue,Volta Ciclista a Catalunya,50,,6800,64.13143843604075,,884,,1,0,0,1993-09-09,0.009431093887653052,24.5,8.618218157515294
tirreno-adriatico/1999/stage-4,Tirreno-Adriatico,50,,197000,2814.9538476116013,,1150,,1,0,0,1999-03-13,0.0142891058254396,549.0,431.05907419584724
tour-de-france/1981/stage-15,Tour de France,100,,231000,4000.0,4,1362,,1,0,0,1981-07-11,0.017316017316017316,29.5,512.0310174152299
tour-de-suisse/1998/stage-1,Tour de Suisse,50,,178000,1610.7671164500462,,971,,1,0,0,1998-06-17,0.009049253463202506,41.0,25.43980785166059
giro-d-italia/2017/stage-15,Giro d'Italia,80,100,199000,2255.0,2,881,,1,0,0,2017-05-21,0.011331658291457287,784.0,462.7438791278446
dauphine/1983/stage-6,Critérium du Dauphiné Libéré,50,,190000,1891.1705874144293,,621,,1,0,0,1983-06-05,0.009953529407444364,180.0,122.3915846780325
la-fleche-wallone/2015/result,La Flèche Wallonne,225,,205500,3030.0,3,1112,,0,0,0,2015-04-22,0.014744525547445255,136.0,258.48195939185956
vuelta-a-espana/2014/stage-9,Vuelta a España,80,16,185000,3080.0,5,1175,,1,0,0,2014-08-31,0.016648648648648647,905.0,546.1052364981479
giro-d-italia/2011/stage-13,Giro d'Italia,80,16,167000,4208.0,5,891,,1,0,0,2011-05-20,0.025197604790419163,950.0,434.09998038710546
giro-d-italia/2010/stage-9,Giro d'Italia,80,16,188000,1018.0,3,878,,1,0,0,2010-05-17,0.005414893617021277,91.0,202.11477785014722
e3-harelbeke/2002/result,E3-Prijs Harelbeke,125,,209000,1795.2113515650071,2,400,,0,0,0,2002-03-30,0.008589527997918695,681.0,287.8575955736468
paris-nice/2018/stage-3,Paris - Nice,50,60,210000,2380.0,2,936,,1,0,0,2018-03-06,0.011333333333333334,97.0,291.1354635791653
vuelta-a-espana/2020/stage-7,La Vuelta ciclista a España,80,100,159700,2657.0,2,692,,1,0,0,2020-10-27,0.016637445209768315,676.0,405.79735140683835
tirreno-adriatico/1994/stage-6,Tirreno-Adriatico,50,,137000,1176.8513377179524,,727,,1,0,0,1994-03-14,0.008590155749766076,43.5,13.945927322659072
itzulia-basque-country/2007/stage-3,Vuelta al País Vasco,50,,173000,2881.4472341638325,,1002,,1,0,0,2007-04-11,0.01665576435932851,160.0,486.2012688546999
itzulia-basque-country/2012/stage-1,Vuelta Ciclista al País Vasco,50,6,154000,2703.0,,928,,1,0,0,2012-04-02,0.01755194805194805,0.0,181.30833607639485
tirreno-adriatico/2018/stage-2,Tirreno-Adriatico,50,60,167000,776.0,1,1196,,1,0,0,2018-03-08,0.0046467065868263475,0.0,125.97430608246755
vuelta-a-espana/1988/stage-18,Vuelta a España,80,,212500,3610.0,,828,,1,0,0,1988-05-12,0.016988235294117648,147.0,67.8731660280163
tour-de-france/2002/stage-14,Tour de France,100,,221000,4000.0,5,1489,,1,0,0,2002-07-21,0.01809954751131222,1339.0,525.0680170373435
tirreno-adriatico/2020/stage-2,Tirreno-Adriatico,50,60,201000,1492.0,2,687,,1,0,0,2020-09-08,0.0074228855721393035,0.0,77.99606115552903
vuelta-a-espana/1980/stage-18,Vuelta a España,80,,197000,3074.8777720965127,,520,,1,0,0,1980-05-10,0.015608516609626968,771.0,480.0710558219406
vuelta-a-espana/1994/stage-8,Vuelta a España,80,,39500,403.0000000000002,,791,,1,0,0,1994-05-02,0.010202531645569626,140.5,58.48466085697647
vuelta-a-espana/1993/stage-4,Vuelta a España,80,,233400,1375.0,,819,,1,0,0,1993-04-29,0.005891173950299915,0.0,23.90286176120243
tirreno-adriatico/1996/stage-4,Tirreno-Adriatico,50,,205000,1360.2923780799924,,585,,1,0,0,1996-03-16,0.006635572575999963,31.0,13.66747965061591
tour-de-suisse/1986/stage-2,Tour de Suisse,50,,136500,1211.1292223884877,,835,,1,0,0,1986-06-12,0.008872741555959617,0.0,0.0
tour-de-suisse/1987/stage-4,Tour de Suisse,50,,25000,285.76444426235,,673,,1,0,0,1987-06-20,0.011430577770494001,53.5,24.493990192607566
vuelta-a-espana/1980/stage-8,Vuelta a España,80,,160000,1669.515239139945,,520,,1,0,0,1980-04-30,0.010434470244624655,0.0,0.0
liege-bastogne-liege/1999/result,Liège - Bastogne - Liège,275,,264000,4264.474730179984,,1328,,0,0,0,1999-04-18,0.01615331337189388,482.0,450.01027486592955
giro-d-italia/2021/stage-14,Giro d'Italia,80,100,205000,3580.0,5,885,,1,0,0,2021-05-22,0.017463414634146343,1871.0,824.5497682232697
tour-de-romandie/1989/stage-6,Tour de Romandie,50,,189200,890.1295012944638,,502,,1,0,0,1989-05-14,0.004704701381048963,0.0,0.0
tour-de-france/1997/stage-2,Tour de France,100,,262000,2808.0,1,1994,,1,0,0,1997-07-07,0.010717557251908398,0.0,134.4094142282316
giro-d-italia/2015/stage-21,Giro d'Italia,80,16,185000,142.0,1,861,,1,0,0,2015-05-31,0.0007675675675675675,57.0,79.96777119125161
paris-roubaix/2021/result,Paris-Roubaix,275,500,257700,1360.0,1,982,13,0,0,0,2021-10-03,0.005277454404346139,744.0,495.25025472242964
giro-d-italia/1998/stage-3,Giro d'Italia,80,,196000,1807.693021329521,,923,,1,0,0,1998-05-19,0.00922292357821184,13.0,25.292171597144026
vuelta-a-espana/2018/stage-9,La Vuelta ciclista a España,80,100,200800,4399.0,5,1036,,1,0,0,2018-09-02,0.021907370517928286,1068.0,545.2747242281339
tour-de-france/2013/stage-12,Tour de France,100,20,218000,1425.0,1,1690,,1,0,0,2013-07-11,0.006536697247706422,0.0,107.66545834109671
vuelta-a-espana/1985/stage-9,Vuelta a España,80,,253000,3500.0,,925,,1,0,0,1985-05-02,0.01383399209486166,1181.0,234.860224501413
paris-nice/2004/stage-5,Paris - Nice,50,,215000,2352.8117273064195,,989,,1,0,0,2004-03-11,0.010943310359564742,264.0,200.13851670525025
paris-nice/2016/stage-5,Paris - Nice,50,60,198000,3089.0,4,1109,,1,0,0,2016-03-11,0.015601010101010102,29.0,459.9402220931434
vuelta-a-espana/2002/stage-10,Vuelta a España,80,,36500,355.0,1,1084,,1,0,0,2002-09-16,0.009726027397260273,330.5,130.34017374917033
vuelta-a-espana/1989/stage-21,Vuelta a España,80,,188500,4695.0,,803,,1,0,0,1989-05-14,0.024907161803713527,22.0,8.305955025696257
giro-d-italia/1997/stage-21,Giro d'Italia,80,,238000,1850.7952974423185,,792,,1,0,0,1997-06-07,0.007776450829589574,120.0,129.37317504433688
tour-de-suisse/1988/stage-5,Tour de Suisse,50,,199000,1055.5373577243524,,548,,1,0,0,1988-06-18,0.005304207827760565,34.5,11.554700823089757
volta-a-catalunya/2009/stage-2,Volta Ciclista a Catalunya,50,,163100,2255.763281183447,2,668,,1,0,0,2009-05-19,0.013830553532700471,61.0,265.643770948009
vuelta-a-espana/1993/stage-6,Vuelta a España,80,,24100,814.0,,819,,1,0,0,1993-05-01,0.03377593360995851,441.0,139.69213422830057
tour-de-suisse/1999/stage-8,Tour de Suisse,50,,168600,3170.8839700828476,,900,,1,0,0,1999-06-23,0.018807140985070272,1029.0,468.18006209121086
tour-de-france/2011/stage-1,Tour de France,100,20,191500,1286.0,3,1713,,1,0,0,2011-07-02,0.0067154046997389034,115.0,105.29394186095378
tour-de-france/2008/stage-10,Tour de France,100,,156000,3794.0,5,1520,,1,0,0,2008-07-14,0.02432051282051282,1468.0,652.1106911762079
tour-de-france/1990/stage-1,Tour de France,100,,138500,1232.0,1,1959,,1,0,0,1990-07-01,0.008895306859205776,635.0,89.9650550011833
tour-de-romandie/2015/stage-6,Tour de Romandie,50,6,17300,214.0,2,883,,1,0,0,2015-05-03,0.012369942196531793,125.0,70.91447320423931
volta-a-catalunya/1993/stage-5,Volta Ciclista a Catalunya,50,,201000,5049.0,,884,,1,0,0,1993-09-14,0.02511940298507463,49.0,23.26822997814379
volta-a-catalunya/1998/stage-1a,Volta Ciclista a Catalunya,50,,79200,1349.910157332323,,859,,1,0,0,1998-06-18,0.01704432016833741,0.0,1.9599157740244455
tour-de-france/1992/stage-7,Tour de France,100,,196500,2010.0,1,2047,,1,0,0,1992-07-11,0.010229007633587786,94.0,230.8556768839283
dauphine/2017/stage-7,Critérium du Dauphiné,50,60,167500,4717.0,5,1024,,1,0,0,2017-06-10,0.028161194029850747,957.0,616.2163432595925
vuelta-a-espana/1984/stage-13,Vuelta a España,80,,170000,1653.6178229726813,,747,,1,0,0,1984-04-30,0.009727163664545185,7.0,35.76879026191819
tour-de-suisse/1992/stage-10,Tour de Suisse,50,,188000,983.1918918418417,,533,,1,0,0,1992-06-26,0.0052297441055417105,0.0,0.0
tour-de-suisse/1996/stage-1,Tour de Suisse,50,,190100,1406.9475727177773,,971,,1,0,0,1996-06-12,0.007401091913297093,75.0,24.130720392617103
vuelta-a-espana/1989/stage-13,Vuelta a España,80,,161000,2500.0,,803,,1,0,0,1989-05-06,0.015527950310559006,0.0,0.0
giro-d-italia/2016/stage-9,Giro d'Italia,80,100,40500,560.9999999999998,2,933,,1,0,0,2016-05-15,0.013851851851851846,316.0,120.34664288456086
la-fleche-wallone/2000/result,La Flèche Wallonne,225,,198000,2471.7609888983743,3,819,,0,0,0,2000-04-12,0.012483641358072598,475.5,414.3011922204425
tour-de-france/1983/stage-11,Tour de France,100,,177000,1202.0,1,1269,,1,0,0,1983-07-12,0.006790960451977401,126.0,264.6895463403226
tour-de-suisse/1992/stage-4,Tour de Suisse,50,,32200,348.1379383839251,,533,,1,0,0,1992-06-20,0.010811737216892083,41.0,22.909483722782678
uae-tour/2019/stage-2,UAE Tour,50,40,184000,255.0,1,751,,1,0,0,2019-02-25,0.0013858695652173912,0.0,54.97786589813556
liege-bastogne-liege/2002/result,Liège - Bastogne - Liège,275,,258000,4040.777478215102,,1202,,0,0,0,2002-04-21,0.015661928210136053,301.0,340.05673179905847
volta-a-catalunya/1970/stage-9,Volta Ciclista a Catalunya,50,,124200,1657.7491589725328,,570,,1,0,0,1970-09-18,0.013347416738909282,51.0,25.182193255212248
tour-de-suisse/1986/stage-3,Tour de Suisse,50,,217500,3283.726596631914,,835,,1,0,0,1986-06-13,0.015097593547732938,0.0,0.0
gran-camino/2022/stage-3,Gran Camiño,20,14,148400,2669.0,2,225,,1,0,0,2022-02-26,0.017985175202156336,754.0,451.47549599688693
tour-de-france/2012/stage-17,Tour de France,100,20,143500,4383.0,5,1703,,1,0,0,2012-07-19,0.03054355400696864,966.0,678.6874992644991
world-championship/2002/result,World Championships ME - Road Race,350,,256000,1608.0,,1416,,0,0,0,2002-10-13,0.00628125,119.0,156.42044293708594
tour-de-romandie/1987/stage-4,Tour de Romandie,50,,156000,3120.3152940437917,,251,,1,0,0,1987-05-09,0.02000202111566533,5.0,15.932297236685464
vuelta-a-espana/2001/stage-1,Vuelta a España,80,,12300,95.0,1,971,,1,0,0,2001-09-08,0.007723577235772358,79.0,41.197949260890866
paris-nice/2017/stage-8,Paris - Nice,50,60,115500,2292.0,4,1158,,1,0,0,2017-03-12,0.019844155844155845,205.0,453.35197966974
tour-de-france/1978/stage-16,Tour de France,100,,240500,5492.0,5,1241,,1,0,0,1978-07-16,0.022835758835758835,928.5,469.1148085708598
amstel-gold-race/2018/result,Amstel Gold Race,225,500,263000,3496.0,2,1139,,0,0,0,2018-04-15,0.013292775665399239,206.0,72.91462785563992
tour-de-suisse/1982/prologue,Tour de Suisse,50,,4000,24.546876182093,,657,,1,0,0,1982-06-16,0.006136719045523251,5.0,3.669695718539436
vuelta-a-espana/2020/stage-11,La Vuelta ciclista a España,80,100,170000,5098.0,5,692,,1,0,0,2020-10-31,0.029988235294117645,1687.0,774.3441760341829
tour-de-suisse/2015/stage-4,Tour de Suisse,50,6,193200,2323.0,3,1048,,1,0,0,2015-06-16,0.012023809523809523,248.0,422.04367926678594
tour-de-romandie/1991/stage-6,Tour de Romandie,50,,194500,902.8105620838994,,521,,1,0,0,1991-05-12,0.0046416995479892,96.0,52.58136552049595
giro-d-italia/1996/stage-15,Giro d'Italia,80,,235000,2407.395000231117,,1034,,1,0,0,1996-06-02,0.010244234043536669,174.0,77.98431238914962
paris-nice/2019/stage-3,Paris - Nice,50,60,200000,896.0,1,1099,,1,0,0,2019-03-12,0.00448,0.0,64.78587216919021
paris-nice/2000/prologue,Paris - Nice,50,,7900,62.46623248983906,,880,,1,0,0,2000-03-05,0.007907118036688488,16.0,19.500327005446785
itzulia-basque-country/2009/stage-6,Vuelta Ciclista al País Vasco,50,,24000,300.140156266174,,1029,,1,0,0,2009-04-11,0.012505839844423917,203.0,91.13214018834762
tour-de-suisse/1977/stage-7,Tour de Suisse,50,,151000,1579.8368415091206,,627,,1,0,0,1977-06-22,0.010462495639133249,0.0,0.0
tour-de-france/1981/stage-14,Tour de France,100,,38500,334.0,1,1362,,1,0,0,1981-07-10,0.008675324675324675,287.5,94.05783168261809
vuelta-a-espana/2018/stage-15,La Vuelta ciclista a España,80,100,178200,4586.0,5,1036,,1,0,0,2018-09-09,0.0257351290684624,1739.0,782.3977685995799
dwars-door-vlaanderen/1999/result,Dwars door België / À travers la Belgique,75,,200000,4059.0319203717313,,340,,0,0,0,1999-03-22,0.020295159601858657,244.0,100.9404557635644
tour-de-suisse/1990/stage-4,Tour de Suisse,50,,98000,1726.280296388522,,767,,1,0,0,1990-06-15,0.017615105065189,0.0,0.0
dauphine/2005/stage-5,Critérium du Dauphiné Libéré,50,,219000,3195.7475135440072,,933,,1,0,0,2005-06-10,0.014592454399744326,816.0,303.73223326395856
dauphine/2004/stage-7,Critérium du Dauphiné Libéré,50,,200000,2280.4353634740683,,737,,1,0,0,2004-06-13,0.011402176817370342,558.0,284.6266673232725
vuelta-a-espana/2009/stage-1,Vuelta a España,80,,4800,13.0,1,1220,,1,0,0,2009-08-29,0.0027083333333333334,34.0,10.834442240874841
itzulia-basque-country/2018/stage-6,Itzulia Basque Country,50,50,122200,2853.0,5,824,,1,0,0,2018-04-07,0.02334697217675941,462.0,354.81808678632643
e3-harelbeke/2001/result,E3-Prijs Harelbeke,125,,209000,1710.9429139771241,2,369,,0,0,0,2001-03-31,0.008186329731947963,232.5,170.8444341781586
tour-de-suisse/1987/stage-2,Tour de Suisse,50,,178500,1284.9856474992214,,673,,1,0,0,1987-06-18,0.007198799145653901,14.0,24.963862770902352
tour-de-france/1999/stage-19,Tour de France,70,,57000,543.0,1,1255,,1,0,0,1999-07-24,0.009526315789473685,464.5,154.20430565595953
amstel-gold-race/2006/result,Amstel Gold Race,225,,253100,3458.5653306766335,,1019,,0,0,0,2006-04-16,0.01366481758465679,174.0,282.2339557002747
vuelta-a-espana/2007/stage-8,Vuelta a España,80,,49000,97.0,1,995,,1,0,0,2007-09-08,0.001979591836734694,395.0,129.8487946273283
tirreno-adriatico/2022/stage-5,Tirreno-Adriatico,50,60,155000,2402.0,3,1059,,1,0,0,2022-03-11,0.015496774193548387,443.0,459.38565984192184
vuelta-a-espana/1999/prologue,Vuelta a España,80,,6000,63.0,,1342,,1,0,0,1999-09-04,0.0105,26.0,16.271793031258095
vuelta-a-espana/2022/stage-2,La Vuelta ciclista a España,80,100,175100,518.0,1,968,24,1,0,0,2022-08-20,0.0029583095374071957,0.0,64.22188100639843
tour-de-suisse/2004/stage-9,Tour de Suisse,50,,25600,415.693527594977,,676,,1,0,0,2004-06-20,0.01623802842167879,152.0,72.06954375786148
tour-de-france/1979/stage-15,Tour de France,100,,55500,1900.0,5,1381,,1,0,0,1979-07-12,0.03423423423423423,833.5,327.98840073282173
amstel-gold-race/2022/result,Amstel Gold Race,225,500,254100,3460.0,2,705,10,0,0,0,2022-04-10,0.01361668634395907,445.0,224.23402061239503
tour-de-suisse/2016/stage-9,Tour de Suisse,50,60,57000,2625.0,2,680,,1,0,0,2016-06-19,0.046052631578947366,507.5,245.30149495788126
paris-nice/1997/stage-4,Paris - Nice,50,,197500,2458.050369940477,,779,,1,0,0,1997-03-13,0.012445824657926466,0.0,0.0
vuelta-a-espana/2010/stage-10,Vuelta a España,80,16,173700,2459.0,2,1123,,1,0,0,2010-09-07,0.014156591824985607,637.0,405.43658480967724
itzulia-basque-country/2004/stage-5b,Vuelta al País Vasco,50,,8500,17.338051593936143,,1020,,1,0,0,2004-04-09,0.0020397707757571935,52.0,30.534655205836625
tour-de-france/1984/stage-13,Tour de France,100,,220500,2799.0,2,1632,,1,0,0,1984-07-11,0.012693877551020407,435.0,73.04947752844785
milano-sanremo/1983/result,Milano-Sanremo,275,,294000,2196.413297389725,,1251,,0,0,0,1983-03-19,0.007470793528536479,91.0,54.33465974832392
tour-de-france/1985/stage-10,Tour de France,100,,204500,3000.0,5,1470,,1,0,0,1985-07-08,0.014669926650366748,201.0,435.8740292905025
dauphine/2009/stage-5,Critérium du Dauphiné Libéré,50,,154000,3341.5918828881977,,708,,1,0,0,2009-06-11,0.0216986485901831,1076.0,452.8691081695087
giro-d-italia/2014/stage-11,Giro d'Italia,80,16,249000,3435.0,2,892,,1,0,0,2014-05-21,0.013795180722891567,884.0,446.6390825735045
vuelta-a-espana/1982/stage-1b,Vuelta a España,80,,97000,1582.6007369275912,,523,,1,0,0,1982-04-21,0.016315471514717437,0.0,427.64496931475736
tirreno-adriatico/1990/stage-7,Tirreno-Adriatico,50,,178000,918.4528748275825,,590,,1,0,0,1990-03-13,0.005159847611390913,0.0,0.0
tour-de-suisse/1989/stage-6,Tour de Suisse,50,,203000,1662.4682738561107,,604,,1,0,0,1989-06-19,0.008189498885990694,40.0,15.54348738218036
paris-nice/1995/stage-2,Paris - Nice,50,,187000,2709.9280308056855,,861,,1,0,0,1995-03-06,0.014491593747623986,223.0,328.7352653924487
giro-d-italia/1999/stage-19,Giro d'Italia,80,,166000,3427.3709636301496,5,1057,,1,0,0,1999-06-03,0.020646813033916564,1118.5,479.09863843666903
giro-d-italia/2010/stage-21,Giro d'Italia,80,16,15300,288.0,2,878,,1,0,0,2010-05-30,0.018823529411764704,96.0,42.32388239219811
dauphine/2023/stage-7,Critérium du Dauphiné,50,60,147900,4015.0,5,781,19,1,0,0,2023-06-10,0.027146720757268424,1682.0,713.7799661975544
dauphine/2004/stage-3,Critérium du Dauphiné Libéré,50,,180000,3060.731891187109,,737,,1,0,0,2004-06-09,0.017004066062150606,124.0,135.29912844032978
tour-de-france/1981/stage-12b,Tour de France,100,,133800,969.0,1,1362,,1,0,0,1981-07-08,0.007242152466367713,0.0,75.81034097653307
uae-tour/2022/stage-1,UAE Tour,50,40,184000,1303.0,1,621,,1,0,0,2022-02-20,0.007081521739130435,0.0,17.796527388700703
tour-de-romandie/1996/stage-2,Tour de Romandie,50,,188000,1087.6362487770386,,614,,1,0,0,1996-05-08,0.005785299195622546,0.0,0.0
tour-de-france/1990/stage-9,Tour de France,100,,196000,2381.0,2,1959,,1,0,0,1990-07-09,0.012147959183673469,37.0,316.5355678440931
vuelta-a-espana/1998/stage-7,Vuelta a España,80,,186000,1594.0,,1309,,1,0,0,1998-09-11,0.00856989247311828,0.0,142.12595375964113
tour-de-suisse/2022/stage-8,Tour de Suisse,50,60,25600,131.0,1,767,,1,0,0,2022-06-19,0.0051171875,154.5,76.0453362008134
paris-nice/1975/stage-7a,Paris - Nice,50,,105000,1494.9343657691352,,951,,1,0,0,1975-03-16,0.01423747015018224,80.0,25.298221281347033
vuelta-a-espana/1984/stage-8,Vuelta a España,80,,269000,2326.0052337051243,,747,,1,0,0,1984-04-25,0.008646859604851764,21.0,7.030992757422636
tour-de-france/1987/stage-24,Tour de France,100,,38000,472.0,2,1812,,1,0,0,1987-07-26,0.012421052631578947,367.0,129.13571522386508
paris-nice/1992/stage-6,Paris - Nice,50,,180000,2409.186063443881,,877,,1,0,0,1992-03-14,0.01338436701913267,74.0,26.229027903487093
tour-de-france/2016/stage-13,Tour de France,100,120,37500,752.0,3,1758,,1,0,0,2016-07-15,0.020053333333333333,408.0,136.1317107702936
paris-nice/1997/stage-6,Paris - Nice,50,,160500,2314.3926494542866,,779,,1,0,0,1997-03-15,0.014419891896911443,0.0,219.67032262239167
tour-de-romandie/2012/stage-2,Tour de Romandie,50,6,149100,2459.0,4,727,,1,0,0,2012-04-26,0.016492287055667337,0.0,156.24038248546788
vuelta-a-espana/1986/stage-12,Vuelta a España,80,,258000,4880.0,,843,,1,0,0,1986-05-04,0.01891472868217054,1.0,12.340088240275179
tour-de-suisse/2008/stage-6,Tour de Suisse,50,,188100,2642.1601618312056,,1041,,1,0,0,2008-06-19,0.014046571833233417,592.0,291.2068693033928
tour-de-france/2021/stage-18,Tour de France,100,120,129700,3561.0,5,1646,,1,0,0,2021-07-15,0.02745566692367001,1115.0,579.673629095247
vuelta-a-espana/2003/stage-5,Vuelta a España,80,,166700,835.0,1,935,,1,0,0,2003-09-10,0.005008998200359928,2.0,206.56248763561518
tour-de-suisse/2003/stage-6,Tour de Suisse,50,,135000,3489.2849160080505,,660,,1,0,0,2003-06-22,0.025846554933392968,917.0,521.8291184535216
vuelta-a-espana/1988/stage-7,Vuelta a España,80,,160000,479.0,,828,,1,0,0,1988-05-01,0.00299375,0.0,0.0
la-fleche-wallone/1996/result,La Flèche Wallonne,225,,200500,2968.285067815328,,961,,0,0,0,1996-04-17,0.014804414303318345,211.5,465.6978463562798
world-championship/1996/result,World Championships - Road Race,350,,252000,4981.0,,1238,,0,0,0,1996-10-13,0.019765873015873014,379.0,451.5306300395861
tour-de-france/2001/stage-1,Tour de France,100,,194500,1885.0,1,1496,,1,0,0,2001-07-08,0.009691516709511568,0.0,114.4896742745673
giro-d-italia/2020/stage-21,Giro d'Italia,80,100,15700,3.0,1,765,,1,0,0,2020-10-25,0.0001910828025477707,131.0,49.16422463823544
dauphine/2000/stage-4,Criterium du Dauphiné Libére,50,,159000,2576.254565033475,,494,,1,0,0,2000-06-08,0.016202858899581604,701.5,448.7490930548164
tour-de-france/1991/stage-12,Tour de France,100,,192000,4000.0,4,1933,,1,0,0,1991-07-18,0.020833333333333332,1371.0,571.1880195282002
tour-de-romandie/1989/stage-3,Tour de Romandie,50,,123100,1589.908495515475,,502,,1,0,0,1989-05-12,0.012915584853903126,0.0,0.0
tour-de-romandie/2013/stage-2,Tour de Romandie,50,6,190300,2403.0,2,956,,1,0,0,2013-04-25,0.012627430373095112,0.0,312.57488577526084
tour-de-france/1989/stage-17,Tour de France,100,,165000,5000.0,5,1849,,1,0,0,1989-07-19,0.030303030303030304,1189.0,496.632745314984
tirreno-adriatico/2008/stage-2,Tirreno-Adriatico,50,,203000,2597.570442896953,3,1136,,1,0,0,2008-03-13,0.01279591351180765,503.0,291.2126558696494
vuelta-a-espana/1993/stage-12,Vuelta a España,80,,220700,1003.0,,819,,1,0,0,1993-05-07,0.00454463072043498,0.0,155.09492173617497
tour-de-suisse/1970/stage-3,Tour de Suisse,50,,144000,2092.0423954592025,,393,,1,0,0,1970-06-13,0.014528072190688905,73.5,93.13252206757136
volta-a-catalunya/2006/stage-6,Volta Ciclista a Catalunya,50,,166400,2613.5058033671417,2,882,,1,0,0,2006-05-20,0.015706164683696764,301.0,318.248167794425
tour-de-romandie/2001/stage-5,Tour de Romandie,50,,178000,1893.4812219195926,,597,,1,0,0,2001-05-13,0.010637534954604453,0.0,196.30260451208053
tirreno-adriatico/2018/stage-5,Tirreno-Adriatico,50,60,178000,1946.0,3,1196,,1,0,0,2018-03-11,0.01093258426966292,485.0,480.3984188107034
tirreno-adriatico/1997/stage-2,Tirreno-Adriatico,50,,131000,1069.4828665739499,,692,,1,0,0,1997-03-14,0.008163991347892747,0.0,50.29082089871537
amstel-gold-race/1977/result,Amstel Gold Race,225,,230000,4101.664443767855,,874,,0,0,0,1977-04-09,0.017833323668555893,153.0,94.48605250325078
giro-d-italia/1991/stage-13,Giro d'Italia,80,,192000,1599.3204312986272,,908,,1,0,0,1991-06-08,0.008329793913013684,15.5,15.58489297008128
ronde-van-vlaanderen/1990/result,Ronde van Vlaanderen / Tour des Flandres,275,,265000,2411.0074559717727,,888,,0,0,0,1990-04-01,0.009098141343289708,206.0,353.72435515929726
tour-de-france/1979/stage-11,Tour de France,100,,33400,352.0,1,1381,,1,0,0,1979-07-08,0.010538922155688623,272.5,107.09099649256078
uae-tour/2023/stage-5,UAE Tour,50,40,170000,522.0,1,530,29,1,0,0,2023-02-24,0.0030705882352941175,0.0,80.37718814892487
volta-a-catalunya/2010/stage-6,Volta Ciclista a Catalunya,50,6,161900,2126.7403790692383,,722,,1,0,0,2010-03-27,0.013136135757067562,91.5,145.2485435443593
giro-d-italia/1993/stage-5,Giro d'Italia,80,,212000,2124.13256904043,,1089,,1,0,0,1993-05-27,0.010019493250190708,4.0,1.3165611772087666
e3-harelbeke/1978/result,E3-Prijs Harelbeke,125,,230000,1617.0811095159756,,446,,0,0,0,1978-04-01,0.007030787432678155,150.0,51.89293791401286
giro-d-italia/2018/stage-10,Giro d'Italia,80,100,244000,4133.0,2,838,,1,0,0,2018-05-15,0.016938524590163935,723.0,749.3399433682399
tour-de-france/1987/stage-1,Tour de France,100,,105500,723.0,1,1812,,1,0,0,1987-07-02,0.006853080568720379,23.0,69.58599536294064
vuelta-a-espana/1993/stage-20,Vuelta a España,80,,247000,2363.0,,819,,1,0,0,1993-05-15,0.009566801619433199,0.0,180.56582047978935
omloop-het-nieuwsblad/1995/result,Omloop Het Volk,125,,205000,1702.9334181741733,,373,,0,0,0,1995-02-25,0.008306992283776455,23.0,171.60991528816183
tour-de-france/1997/stage-5,Tour de France,100,,261300,2212.0,1,1994,,1,0,0,1997-07-10,0.008465365480290853,204.0,19.05613092037442
tour-de-france/1992/stage-15,Tour de France,100,,198000,2662.0,2,2047,,1,0,0,1992-07-20,0.013444444444444445,740.0,367.87150219614375
tour-de-suisse/1998/stage-9,Tour de Suisse,50,,180000,2061.5788466919366,,971,,1,0,0,1998-06-25,0.011453215814955203,21.5,133.45672636183426
tour-de-france/1996/stage-15,Tour de France,100,,176000,2629.0,1,1872,,1,0,0,1996-07-15,0.0149375,338.0,59.461799360557016
tirreno-adriatico/1992/stage-5,Tirreno-Adriatico,50,,214000,2883.925698711214,,638,,1,0,0,1992-03-16,0.013476288311734645,15.0,7.092249290598858
giro-d-italia/2019/stage-16,Giro d'Italia,80,100,194000,5207.0,4,896,,1,0,0,2019-05-28,0.02684020618556701,1344.0,756.8687599127085
dauphine/2022/stage-3,Critérium du Dauphiné,50,60,169000,2707.0,5,789,20,1,0,0,2022-06-07,0.01601775147928994,178.0,322.0380307405373
paris-nice/1989/stage-5,Paris - Nice,50,,178000,1491.0416124327783,,794,,1,0,0,1989-03-10,0.008376638272094259,63.0,15.857301882366553
liege-bastogne-liege/1992/result,Liège - Bastogne - Liège,275,,262000,3215.1094675849904,,932,,0,0,0,1992-04-19,0.012271410181622101,301.0,454.01971163826175
tirreno-adriatico/2013/stage-7,Tirreno-Adriatico,50,6,9200,6.0,1,1331,,1,0,0,2013-03-12,0.0006521739130434783,53.0,25.945183183356313
dauphine/2017/stage-8,Critérium du Dauphiné,50,60,115000,4113.0,5,1024,,1,0,0,2017-06-11,0.035765217391304345,1412.0,516.5774869271792
tour-de-suisse/1976/stage-8,Tour de Suisse,50,,188000,4179.078566042279,,377,,1,0,0,1976-06-17,0.022229141308735528,32.0,35.22782990761708
itzulia-basque-country/2023/stage-2,Itzulia Basque Country,50,50,193800,3261.0,2,719,11,1,0,0,2023-04-04,0.016826625386996905,106.0,398.6099861917805
paris-nice/1970/stage-2,Paris - Nice,50,,226000,2390.2343215765845,,1121,,1,0,0,1970-03-10,0.010576258060073384,4.0,1.2649110640673518
vuelta-a-espana/1991/stage-17,Vuelta a España,80,,152000,2561.0,,1042,,1,0,0,1991-05-15,0.016848684210526314,21.0,7.528991584914561
vuelta-a-espana/1997/stage-20,Vuelta a España,80,,190000,2978.0,,1165,,1,0,0,1997-09-26,0.015673684210526315,531.0,615.505027947434
amstel-gold-race/2009/result,Amstel Gold Race,225,,258600,3466.917460997686,3,1105,,0,0,0,2009-04-19,0.013406486701460501,270.0,232.17169183679158
tour-de-france/2005/stage-13,Tour de France,100,,174000,1117.0,1,1535,,1,0,0,2005-07-15,0.006419540229885058,0.0,11.026854579568067
tour-de-france/1982/stage-1,Tour de France,100,,207000,3367.0,2,1492,,1,0,0,1982-07-03,0.016265700483091786,38.0,197.31792941712385
volta-a-catalunya/2011/stage-7,Volta Ciclista a Catalunya,50,6,124500,1517.962939038611,,732,,1,0,0,2011-03-27,0.012192473405932618,0.0,84.80422643472465
giro-d-italia/2000/stage-14,Giro d'Italia,80,,205000,4776.0,4,866,,1,0,0,2000-05-28,0.023297560975609755,1239.0,579.6252154408686
giro-d-italia/2002/prologue,Giro d'Italia,80,,6500,21.0,1,920,,1,0,0,2002-05-11,0.0032307692307692306,33.0,24.940843202307864
tour-de-france/1978/stage-19,Tour de France,100,,182000,2000.0,2,1241,,1,0,0,1978-07-20,0.01098901098901099,31.0,10.593352359811043
tour-de-suisse/2012/stage-4,Tour de Suisse,50,6,192700,2499.0,,917,,1,0,0,2012-06-13,0.012968344577062791,667.0,141.6162804984656
tour-de-france/2023/stage-4,Tour de France,100,210,181800,1427.0,1,1584,25,1,0,0,2023-07-04,0.00784928492849285,0.0,69.95127555257159
e3-harelbeke/1998/result,E3-Prijs Harelbeke,125,,201000,1964.1559207465098,,653,,0,0,0,1998-03-28,0.009771920003713979,278.0,286.65772225727625
san-sebastian/2016/result,Clasica Ciclista San Sebastian,225,400,220200,3851.0,2,906,,0,0,0,2016-07-30,0.017488646684831972,156.0,277.74473012782806
tour-de-france/1997/stage-8,Tour de France,100,,161500,1346.0,1,1994,,1,0,0,1997-07-13,0.008334365325077399,0.0,198.5597474128316
tour-de-romandie/1993/stage-2,Tour de Romandie,50,,203700,1347.2081072996777,,551,,1,0,0,1993-05-06,0.006613687321058801,3.0,1.1595018087284057
paris-roubaix/1973/result,Paris - Roubaix,275,,272500,3178.875460277843,,611,,0,0,0,1973-04-15,0.011665598019368232,140.0,197.24401131593325
volta-a-catalunya/2021/stage-1,Volta Ciclista a Catalunya,50,50,178400,2819.0,4,772,,1,0,0,2021-03-22,0.015801569506726457,136.0,388.8994532968323
vuelta-a-espana/2012/stage-12,Vuelta a España,80,16,184600,2589.0,3,852,,1,0,0,2012-08-30,0.014024918743228603,199.0,285.1466581317472
paris-roubaix/2009/result,Paris - Roubaix,275,,259000,2253.7702494071364,1,607,,0,0,0,2009-04-12,0.008701815634776589,549.0,331.4571521985278
vuelta-a-espana/1994/stage-10,Vuelta a España,80,,205000,3958.0,,791,,1,0,0,1994-05-04,0.01930731707317073,26.0,10.524574417365608
vuelta-a-espana/2010/stage-20,Vuelta a España,80,,168800,4189.0,5,1123,,1,0,0,2010-09-18,0.024816350710900475,907.5,637.479319575171
vuelta-a-espana/2004/stage-6,Vuelta a España,80,,157000,1931.0,2,1177,,1,0,0,2004-09-09,0.01229936305732484,203.0,324.63547598290904
amstel-gold-race/1974/result,Amstel Gold Race,225,,238000,2722.3175339808495,,389,,0,0,0,1974-04-13,0.01143830896630609,201.0,308.952691390189
paris-nice/1975/stage-3,Paris - Nice,50,,234000,2462.2142358934707,,951,,1,0,0,1975-03-12,0.010522283059373807,0.0,0.0
tour-de-france/1983/stage-14,Tour de France,100,,149000,2500.0,4,1269,,1,0,0,1983-07-15,0.016778523489932886,441.0,285.05804212237337
vuelta-a-espana/2010/stage-6,Vuelta a España,80,16,144000,1243.0,2,1123,,1,0,0,2010-09-02,0.008631944444444444,129.0,309.2155270373044
tour-de-suisse/2001/stage-1,Tour de Suisse,50,,178800,3896.2363461639875,,873,,1,0,0,2001-06-20,0.021791031018814248,0.0,1549.5546607154756
tour-de-france/1985/stage-9,Tour de France,100,,173500,2890.0,3,1470,,1,0,0,1985-07-07,0.01665706051873199,135.0,152.62715956591157
volta-a-catalunya/2017/stage-6,Volta Ciclista a Catalunya,50,50,189700,3163.0,4,883,,1,0,0,2017-03-25,0.016673695308381656,1386.0,728.5048750929083
itzulia-basque-country/2002/stage-4,Vuelta al País Vasco,50,,154000,2611.277360570855,,966,,1,0,0,2002-04-11,0.016956346497213344,172.0,245.92239416902225
paris-nice/2008/stage-4,Paris - Nice,30,,176000,2483.984957259504,,775,,1,0,0,2008-03-13,0.014113550893519908,725.0,461.9715329241811
tour-de-france/2011/stage-5,Tour de France,100,20,164500,1652.0,1,1713,,1,0,0,2011-07-06,0.010042553191489362,0.0,108.3211825505197
giro-d-italia/1997/stage-18,Giro d'Italia,80,,40000,410.2207956488601,,792,,1,0,0,1997-06-04,0.010255519891221502,160.0,51.34965279439837
dauphine/2021/stage-2,Critérium du Dauphiné,50,60,172800,3224.0,2,790,,1,0,0,2021-05-31,0.018657407407407407,205.0,293.9520535902215
la-fleche-wallone/1997/result,La Flèche Wallonne,225,,200500,2794.6598763929696,,1090,,0,0,0,1997-04-16,0.013938453248842742,280.0,117.39720544439653
tour-de-suisse/1971/stage-3a,Tour de Suisse,50,,91000,2145.5487476297285,,302,,1,0,0,1971-06-13,0.023577458765161853,13.5,14.230249470757707
tour-de-romandie/1983/stage-1,Tour de Romandie,50,,197000,1902.7955783460438,,478,,1,0,0,1983-05-04,0.009658860803787025,83.0,44.127089185669156
san-sebastian/2006/result,Clasica Ciclista San Sebastian,225,,227000,3950.3400012207203,2,952,,0,0,0,2006-08-12,0.017402378860003172,308.0,274.1833713627983
tirreno-adriatico/2010/stage-1,Tirreno-Adriatico,50,6,148000,1282.0,1,1176,,1,0,0,2010-03-10,0.008662162162162161,0.0,100.52803930897339
tirreno-adriatico/2015/stage-5,Tirreno-Adriatico,50,6,196900,4335.0,5,1017,,1,0,0,2015-03-15,0.02201625190452006,1245.0,584.5991041548183
giro-d-italia/2002/stage-1,Giro d'Italia,80,,215000,452.0,1,920,,1,0,0,2002-05-12,0.002102325581395349,32.0,47.68110985336921
giro-d-italia/2016/stage-13,Giro d'Italia,80,100,170000,3669.0,4,933,,1,0,0,2016-05-20,0.02158235294117647,1521.0,712.1987214864592
vuelta-a-espana/2018/stage-20,La Vuelta ciclista a España,80,100,97300,3429.0,5,1036,,1,0,0,2018-09-15,0.0352415210688592,1278.0,592.396778314458
san-sebastian/2004/result,Clasica Ciclista San Sebastian,225,,227000,3258.612949447442,2,1278,,0,0,0,2004-08-07,0.014355123125319127,573.0,278.0620662628809
itzulia-basque-country/2019/stage-3,Itzulia Basque Country,50,50,191400,2356.0,3,762,,1,0,0,2019-04-10,0.012309299895506791,56.0,159.4257083032444
vuelta-a-espana/1995/stage-14,Vuelta a España,80,,207000,1781.0,,883,,1,0,0,1995-09-16,0.008603864734299516,0.0,0.0
vuelta-a-espana/1987/stage-10,Vuelta a España,80,,213000,3500.0,,838,,1,0,0,1987-05-03,0.01643192488262911,258.0,94.3120706307876
dauphine/1977/stage-2,Critérium du Dauphiné Libéré,50,,204000,2878.432707447826,,809,,1,0,0,1977-06-01,0.014109964252195226,1.0,0.30151134457776363
tour-de-suisse/1992/stage-7,Tour de Suisse,50,,225000,2794.9819867064034,,533,,1,0,0,1992-06-23,0.01242214216313957,55.0,29.04192371957019
tour-de-romandie/2022/stage-1,Tour de Romandie,50,60,178000,2729.0,3,508,15,1,0,0,2022-04-27,0.015331460674157303,107.0,275.2736906317198
tour-de-france/2007/stage-3,Tour de France,100,,236500,1397.0,1,1612,,1,0,0,2007-07-10,0.0059069767441860465,0.0,12.392363840329912
giro-d-italia/2013/stage-12,Giro d'Italia,80,16,134000,1064.0,1,930,,1,0,0,2013-05-16,0.007940298507462687,57.0,94.36878871861666
tour-de-suisse/1980/stage-9,Tour de Suisse,50,,265500,2866.638328213129,,477,,1,0,0,1980-06-19,0.010797131179710468,188.5,106.3766891757776
tour-de-france/2009/stage-17,Tour de France,100,,169500,4781.0,4,1557,,1,0,0,2009-07-22,0.028206489675516224,1783.0,708.4192288128573
tour-de-suisse/2011/stage-9,Tour de Suisse,50,6,32100,327.11656147356825,,972,,1,0,0,2011-06-19,0.010190547086403996,215.0,107.0999560405172
volta-a-catalunya/2013/stage-4,Volta Ciclista a Catalunya,50,6,217700,4777.0,5,811,,1,0,0,2013-03-21,0.021943040881947633,1178.0,727.4645055891363
vuelta-a-espana/1985/stage-12,Vuelta a España,80,,16000,1099.0,,925,,1,0,0,1985-05-05,0.0686875,328.0,119.0778519461076
tour-de-romandie/2001/stage-2,Tour de Romandie,50,,171700,2356.259154363179,,597,,1,0,0,2001-05-10,0.013723116798853692,331.0,254.83980043448162
tour-de-france/1988/stage-4,Tour de France,100,,158000,1567.0,3,1941,,1,0,0,1988-07-06,0.009917721518987342,0.0,136.2055892124306
tour-de-france/1982/stage-17,Tour de France,100,,251000,5000.0,4,1492,,1,0,0,1982-07-21,0.0199203187250996,1368.0,767.9520337352246
vuelta-a-espana/1984/stage-15,Vuelta a España,80,,121000,1293.5779672269446,,747,,1,0,0,1984-05-02,0.010690727001875575,102.0,276.54139817541824
omloop-het-nieuwsblad/2005/result,Omloop Het Volk,125,,201000,1873.9123962802928,2,692,,0,0,0,2005-02-26,0.009322947245175586,14.0,161.53501912857973
giro-d-italia/1995/stage-3,Giro d'Italia,80,,161000,895.1150926808546,,1365,,1,0,0,1995-05-15,0.005559721072551892,0.0,88.62902931562893
tour-de-romandie/2012/stage-1,Tour de Romandie,50,6,184500,2950.0,2,727,,1,0,0,2012-04-25,0.015989159891598916,75.0,217.7660759953789
paris-nice/1985/stage-5,Paris - Nice,50,,211000,2815.0854872022937,,815,,1,0,0,1985-03-08,0.013341637380105657,56.0,16.78180405583444
tour-de-france/2004/prologue,Tour de France,100,,6100,177.0,1,1555,,1,0,0,2004-07-03,0.02901639344262295,33.0,12.003478377978189
strade-bianche/2019/result,Strade Bianche,225,300,184000,2993.0,3,680,,0,0,0,2019-03-09,0.016266304347826086,557.0,345.27827342666603
dauphine/2001/stage-6,Criterium du Dauphiné Libére,50,,193000,4391.499663705382,,442,,1,0,0,2001-06-16,0.022753884267903535,1865.5,902.5024519585191
san-sebastian/1993/result,Clasica Ciclista San Sebastian,225,,238000,3437.0373933469823,,1443,,0,0,0,1993-08-07,0.014441333585491522,405.0,183.28640815361388
tour-de-france/2014/stage-6,Tour de France,100,20,194000,1422.0,1,1612,,1,0,0,2014-07-10,0.0073298969072164944,59.0,141.9477123631882
tour-de-suisse/1993/stage-1,Tour de Suisse,50,,161000,2185.1988152403264,,655,,1,0,0,1993-06-15,0.01357266344869768,0.0,0.0
il-lombardia/1975/result,Giro di Lombardia,275,,266000,3290.0600226943143,,393,,0,0,0,1975-10-11,0.012368646701858324,355.0,271.86537284542317
tour-de-france/2008/stage-2,Tour de France,100,,164500,1888.0,3,1520,,1,0,0,2008-07-06,0.011477203647416414,0.0,74.45615369242215
tour-de-romandie/2001/stage-3,Tour de Romandie,50,,25450,366.0403272369258,,597,,1,0,0,2001-05-11,0.014382724056460738,141.0,65.70509292723044
tour-de-suisse/2003/stage-4,Tour de Suisse,50,,168000,1925.5672299376145,,660,,1,0,0,2003-06-20,0.01146170970200961,0.0,357.6279199136272
vuelta-a-espana/1990/stage-11,Vuelta a España,80,,203000,4500.0,,807,,1,0,0,1990-05-04,0.022167487684729065,50.0,15.46896534642472
paris-nice/2021/stage-7,Paris - Nice,50,60,119200,3127.0,5,1044,,1,0,0,2021-03-13,0.02623322147651007,1051.0,500.4070214310214
tirreno-adriatico/1983/prologue,Tirreno-Adriatico,50,,9500,92.64440614010937,,463,,1,0,0,1983-03-11,0.009752042751590459,8.0,6.913754406977442
tour-de-suisse/1980/stage-7,Tour de Suisse,50,,163000,1209.0415262706463,,477,,1,0,0,1980-06-17,0.0074174326765070325,83.0,50.19960159204453
dwars-door-vlaanderen/1983/result,Dwars door België / À travers la Belgique,75,,222000,3858.715245474208,,200,,0,0,0,1983-03-24,0.017381600204838775,160.0,73.02712878418224
tour-de-suisse/1980/stage-4,Tour de Suisse,50,,110000,1637.8878976086467,,477,,1,0,0,1980-06-14,0.014889889978260424,0.0,0.0
vuelta-a-espana/2017/stage-6,Vuelta a España,80,100,204400,2704.0,2,899,,1,0,0,2017-08-24,0.013228962818003913,751.0,474.1711767603921
giro-d-italia/1993/stage-3,Giro d'Italia,80,,153000,1222.0999463147696,,1089,,1,0,0,1993-05-25,0.007987581348462546,19.0,155.9600384612608
tour-de-france/2010/stage-16,Tour de France,100,20,199500,4721.0,4,1685,,1,0,0,2010-07-20,0.023664160401002506,1422.0,802.0176310693241
paris-nice/1982/prologue,Paris - Nice,50,,5700,42.221672615454736,,721,,1,0,0,1982-03-11,0.007407310985167497,21.5,7.041231949625083
tour-de-france/1978/stage-3,Tour de France,100,,244000,1705.0,3,1241,,1,0,0,1978-07-02,0.006987704918032787,185.0,433.1681534305714
vuelta-a-espana/2005/stage-14,Vuelta a España,80,,172300,3655.0,5,960,,1,0,0,2005-09-10,0.021213000580383053,647.0,348.6543747645374
vuelta-a-espana/2018/stage-7,La Vuelta ciclista a España,80,100,185700,2535.0,2,1036,,1,0,0,2018-08-31,0.013651050080775445,487.0,368.23761809814374
tour-de-suisse/1988/stage-3,Tour de Suisse,50,,217000,2177.9110936011652,,548,,1,0,0,1988-06-16,0.010036456652539933,24.0,30.18167214276461
dauphine/2016/stage-4,Criterium du Dauphiné,50,60,176000,1479.0,3,1182,,1,0,0,2016-06-09,0.008403409090909092,33.0,89.97864823358314
itzulia-basque-country/2008/stage-5,Vuelta Ciclista al País Vasco,50,,162000,3055.4162628489157,,838,,1,0,0,2008-04-11,0.018860594215116763,368.0,682.6660939196745
giro-d-italia/1996/stage-17,Giro d'Italia,80,,236000,2769.0236700770333,,1034,,1,0,0,1996-06-04,0.011733151144394209,986.0,135.84957052683285
vuelta-a-espana/1982/stage-12,Vuelta a España,80,,200000,2106.0025926038047,,523,,1,0,0,1982-05-02,0.010530012963019024,0.0,195.6876108128489
tour-de-suisse/2003/stage-8,Tour de Suisse,50,,32500,472.2529283124777,,660,,1,0,0,2003-06-24,0.014530859332691621,244.0,115.31626213830305
tour-de-france/1999/stage-5,Tour de France,100,,233500,1924.0,1,1255,,1,0,0,1999-07-08,0.00823982869379015,0.0,11.150052832203063
milano-sanremo/2020/result,Milano-Sanremo,275,500,305000,2803.0,2,1005,,0,0,0,2020-08-08,0.00919016393442623,305.0,374.28410449297877
tour-de-france/2011/stage-21,Tour de France,100,20,95000,435.9999999999998,1,1713,,1,0,0,2011-07-24,0.004589473684210524,0.0,11.523048096674604
tour-de-suisse/1990/stage-10,Tour de Suisse,50,,199000,2551.389736016383,,767,,1,0,0,1990-06-21,0.012821053949831069,74.0,38.21343568257985
tour-de-france/1990/stage-18,Tour de France,100,,202000,321.0,1,1959,,1,0,0,1990-07-19,0.001589108910891089,19.0,114.84833639355202
amstel-gold-race/1980/result,Amstel Gold Race,225,,238000,3907.2203811916506,,698,,0,0,0,1980-04-05,0.01641689235794811,212.0,161.39444773461952
tirreno-adriatico/2019/stage-7,Tirreno-Adriatico,50,60,10100,9.0,1,1067,,1,0,0,2019-03-19,0.0008910891089108911,53.0,30.552453505580996
tour-de-romandie/1973/stage-5,Tour de Romandie,50,,189100,4281.343513157148,,352,,1,0,0,1973-05-13,0.0226406320103498,0.0,0.0
tour-de-suisse/2002/stage-5,Tour de Suisse,50,,149000,3795.8633500811993,,673,,1,0,0,2002-06-23,0.025475592953565097,1140.0,548.5509585429636
vuelta-a-espana/2010/stage-17,Vuelta a España,80,,46000,101.0,1,1123,,1,0,0,2010-09-15,0.0021956521739130434,321.0,125.11086894645082
tour-de-france/1989/stage-12,Tour de France,100,,242000,2648.0,2,1849,,1,0,0,1989-07-13,0.010942148760330579,1305.0,236.05364839874903
giro-d-italia/1997/stage-12,Giro d'Italia,80,,214000,2912.4722495628416,,792,,1,0,0,1997-05-29,0.013609683409172157,12.0,20.375136780655225
tour-de-france/1982/stage-7,Tour de France,100,,234000,2596.0,1,1492,,1,0,0,1982-07-10,0.011094017094017094,23.0,6.930195833226219
paris-nice/2002/stage-5,Paris - Nice,50,,188500,3396.7695443306493,,883,,1,0,0,2002-03-15,0.018019997582655965,230.0,684.426297498585
giro-d-italia/1990/stage-2,Giro d'Italia,80,,239000,2231.0653418571437,,1061,,1,0,0,1990-05-19,0.009335001430364618,0.0,0.0
tour-de-france/2013/stage-19,Tour de France,100,20,204500,5567.0,4,1690,,1,0,0,2013-07-19,0.027222493887530563,1639.0,648.6437139099157
volta-a-catalunya/2005/stage-7,Volta Ciclista a Catalunya,50,,113100,1594.191088165138,,850,,1,0,0,2005-05-22,0.014095411920116162,0.0,125.74471319014428
volta-a-catalunya/2005/stage-4,Volta Ciclista a Catalunya,50,,237700,4173.091761055844,5,850,,1,0,0,2005-05-19,0.01755612856986051,994.0,510.43902639192214
tour-de-france/1979/stage-19,Tour de France,100,,162000,1568.0,2,1381,,1,0,0,1979-07-17,0.009679012345679012,0.0,0.0
dauphine/2015/stage-8,Critérium du Dauphiné,50,6,156500,2979.0,5,997,,1,0,0,2015-06-14,0.019035143769968052,668.0,515.9227123885422
tour-de-france/2016/stage-19,Tour de France,100,120,146000,4436.0,5,1758,,1,0,0,2016-07-22,0.030383561643835617,1518.0,665.5260737768633
volta-a-catalunya/1995/stage-1,Volta Ciclista a Catalunya,50,,191000,4475.0,,737,,1,0,0,1995-06-16,0.02342931937172775,43.5,121.88539699242072
tour-de-france/1982/stage-3,Tour de France,100,,134000,1591.0,5,1492,,1,0,0,1982-07-05,0.01187313432835821,29.0,96.60130331026718
paris-nice/1998/stage-4,Paris - Nice,50,,113000,2063.2536574685173,,960,,1,0,0,1998-03-12,0.018258881924500155,234.0,196.86350747072376
giro-d-italia/1997/stage-11,Giro d'Italia,80,,155000,2590.9629633310346,,792,,1,0,0,1997-05-28,0.016715890086006675,60.0,26.832815729997478
tour-de-suisse/1979/stage-7,Tour de Suisse,50,,139000,1139.7009942911695,,538,,1,0,0,1979-06-20,0.00819928772871345,0.0,0.0
vuelta-a-espana/1983/stage-19,Vuelta a España,80,,135000,1018.2801959614453,,705,,1,0,0,1983-05-08,0.007542816266381076,20.0,7.366591251499343
giro-d-italia/2007/stage-2,Giro d'Italia,80,,206000,2247.0,2,844,,1,0,0,2007-05-13,0.010907766990291261,0.0,162.00386205904096
tour-de-romandie/2017/stage-3,Tour de Romandie,50,60,187000,2034.0,2,636,,1,0,0,2017-04-28,0.010877005347593583,0.0,189.19979707764205
vuelta-a-espana/1983/stage-6,Vuelta a España,80,,235000,3942.3217685979575,,705,,1,0,0,1983-04-25,0.016775837313182797,732.0,581.9585245512985
san-sebastian/2007/result,Clasica Ciclista San Sebastian,150,,225000,2405.167352591136,2,869,,0,0,0,2007-08-04,0.010689632678182827,325.0,361.53541592977336
dauphine/2001/prologue,Criterium du Dauphiné Libére,50,,4000,161.62320145678495,,442,,1,0,0,2001-06-10,0.04040580036419624,23.0,10.137810679685584
tour-de-suisse/1985/stage-6a,Tour de Suisse,50,,73000,896.4414683322382,,699,,1,0,0,1985-06-16,0.012280020114140248,52.0,19.031928060874066
giro-d-italia/2005/stage-12,Giro d'Italia,80,,178000,2120.0,4,929,,1,0,0,2005-05-19,0.011910112359550562,0.0,37.32010065765438
vuelta-a-espana/1985/stage-19,Vuelta a España,80,,175000,1616.0,,925,,1,0,0,1985-05-12,0.009234285714285714,0.0,4.2134812990607005
paris-nice/1995/stage-8b,Paris - Nice,50,,12500,186.92080804424086,,861,,1,0,0,1995-03-12,0.014953664643539269,118.5,49.364674136791166
tour-de-suisse/1990/stage-1,Tour de Suisse,50,,158000,1560.62763628295,,767,,1,0,0,1990-06-13,0.009877390103056646,0.0,33.88460810850063
vuelta-a-espana/2014/stage-18,Vuelta a España,80,16,157000,2384.0,3,1175,,1,0,0,2014-09-11,0.015184713375796178,1014.5,460.39908794225875
vuelta-a-espana/2011/stage-5,Vuelta a España,80,16,187000,3510.0,3,1170,,1,0,0,2011-08-24,0.018770053475935827,709.0,600.7197907641355
tour-de-suisse/1993/stage-3,Tour de Suisse,50,,195000,1921.2909657061969,,655,,1,0,0,1993-06-17,0.009852774183108702,30.5,71.0457599016296
paris-nice/1982/stage-7b,Paris - Nice,50,,11000,88.22563326907812,,721,,1,0,0,1982-03-18,0.008020512115370738,64.0,25.289372885707955
tour-de-suisse/1994/stage-9,Tour de Suisse,50,,239000,3118.574316323913,,616,,1,0,0,1994-06-23,0.013048428101773694,0.0,0.0
volta-a-catalunya/1977/stage-1,Volta Ciclista a Catalunya,50,,213600,2455.8420224516403,,490,,1,0,0,1977-09-08,0.011497387745560113,0.0,5.356068236001516
vuelta-a-espana/2009/stage-7,Vuelta a España,80,,30300,40.0,1,1220,,1,0,0,2009-09-05,0.0013201320132013201,194.5,84.5612801972915
vuelta-a-espana/1991/stage-12,Vuelta a España,80,,111000,2646.0,,1042,,1,0,0,1991-05-10,0.023837837837837838,108.0,57.82588808944774
milano-sanremo/1988/result,Milano-Sanremo,275,,294000,2127.7842945193825,,1063,,0,0,0,1988-03-19,0.007237361545984294,18.0,120.908032546032
tour-de-suisse/2014/stage-9,Tour de Suisse,50,6,156500,3834.0,5,944,,1,0,0,2014-06-22,0.024498402555910542,1429.0,742.0575345436514
dauphine/2006/stage-7,Critérium du Dauphiné Libéré,50,,131000,2783.682897092117,,800,,1,0,0,2006-06-11,0.02124948776406196,122.0,438.13290692326706
tour-de-france/1995/stage-2,Tour de France,100,,241000,2723.0,1,1871,,1,0,0,1995-07-03,0.011298755186721991,19.0,79.57064820521279
volta-a-catalunya/2022/stage-1,Volta Ciclista a Catalunya,50,50,171200,1688.0,3,722,,1,0,0,2022-03-21,0.00985981308411215,48.0,417.1207617397004
vuelta-a-espana/1996/stage-14,Vuelta a España,80,,202600,3067.0,,988,,1,0,0,1996-09-21,0.015138203356367227,194.0,275.98367184836894
giro-d-italia/2018/stage-18,Giro d'Italia,80,100,196000,2314.0,5,838,,1,0,0,2018-05-24,0.011806122448979592,1377.0,443.4984963888825
paris-nice/1984/stage-7b,Paris - Nice,50,,10000,127.88774341556564,,778,,1,0,0,1984-03-14,0.012788774341556564,20.5,35.01319300221741
giro-d-italia/1994/stage-21,Giro d'Italia,80,,121000,929.8065848705312,,1292,,1,0,0,1994-06-11,0.00768435194107877,0.0,0.0
paris-nice/2014/stage-6,Paris - Nice,50,6,221500,2789.0,3,971,,1,0,0,2014-03-14,0.012591422121896163,874.0,430.57852961066857
paris-nice/2012/stage-2,Paris - Nice,50,6,185000,826.0,1,1079,,1,0,0,2012-03-05,0.004464864864864864,149.0,273.9658354882563
la-fleche-wallone/1986/result,La Flèche Wallonne,225,,248000,3650.761428318432,,874,,0,0,0,1986-04-16,0.01472081221096142,735.0,414.4349478042826
tour-de-france/2004/stage-9,Tour de France,100,,160500,2000.0,1,1555,,1,0,0,2004-07-13,0.012461059190031152,0.0,58.7924144648587
paris-nice/2011/stage-6,Paris - Nice,50,6,27000,286.0,2,1038,,1,0,0,2011-03-11,0.010592592592592593,220.0,85.22085666043196
tour-de-suisse/2007/prologue,Tour de Suisse,50,,3800,39.539916684655054,,1089,,1,0,0,2007-06-16,0.010405241232803961,22.5,7.173362533109774
e3-harelbeke/1996/result,E3-Prijs Harelbeke,125,,206000,1738.4134450701283,,480,,0,0,0,1996-03-30,0.008438900218787031,337.0,246.1010434833701
vuelta-a-espana/1983/stage-5,Vuelta a España,80,,195000,1962.6500100268636,,705,,1,0,0,1983-04-24,0.010064871846291608,87.0,118.73015508612778
tour-de-suisse/2005/stage-1,Tour de Suisse,50,,170000,1654.1072171155824,,971,,1,0,0,2005-06-11,0.009730042453621073,6.0,60.362112073950186
tirreno-adriatico/2010/stage-5,Tirreno-Adriatico,50,6,216000,3210.0,4,1176,,1,0,0,2010-03-14,0.014861111111111111,673.0,710.9688200506049
tour-de-suisse/2021/stage-2,Tour de Suisse,50,60,178000,2392.0,2,670,,1,0,0,2021-06-07,0.01343820224719101,188.5,264.0994759103105
tour-de-france/2017/stage-21,Tour de France,100,120,105000,518.9999999999998,1,1791,,1,0,0,2017-07-23,0.00494285714285714,0.0,71.66056046055084
dauphine/1975/stage-1b,Critérium du Dauphiné Libéré,50,,93000,1400.6218085977052,,889,,1,0,0,1975-06-03,0.015060449554814035,0.0,0.0
tour-de-france/2009/stage-20,Tour de France,100,,167000,3767.0,5,1557,,1,0,0,2009-07-25,0.02255688622754491,650.5,561.9798430359742
volta-a-catalunya/2022/stage-4,Volta Ciclista a Catalunya,50,50,166700,3538.0,5,722,,1,0,0,2022-03-24,0.02122375524895021,693.0,475.31805035202075
gran-camino/2023/stage-4,O Gran Camiño,20,14,18100,308.0,2,156,11,1,0,0,2023-02-26,0.01701657458563536,187.0,71.51024954140267
gp-quebec/2012/result,Grand Prix Cycliste de Quebec,225,,201600,2798.2077743983746,3,857,,0,0,0,2012-09-07,0.013879998880944319,75.5,150.8479998950711
tour-de-france/2000/stage-18,Tour de France,100,,246500,2137.0,1,1437,,1,0,0,2000-07-20,0.008669371196754564,940.0,174.5026841106205
volta-a-catalunya/2012/stage-4,Volta Ciclista a Catalunya,50,6,199000,2808.196382135019,4,760,,1,0,0,2012-03-22,0.01411153960871869,116.0,422.66937780728256
tirreno-adriatico/1973/stage-5a,Tirreno-Adriatico,50,,107000,1694.5358117131577,,536,,1,0,0,1973-03-17,0.015836783287038858,0.0,0.0
tirreno-adriatico/1991/stage-1,Tirreno-Adriatico,50,,185000,2148.4741787671655,,710,,1,0,0,1991-03-13,0.011613373939281977,31.5,68.98824376499068
tour-de-france/1984/stage-22,Tour de France,100,,51000,744.0,2,1632,,1,0,0,1984-07-21,0.014588235294117647,437.0,169.11494670196012
tour-de-suisse/2012/stage-3,Tour de Suisse,50,6,188800,2778.0,,917,,1,0,0,2012-06-12,0.014713983050847458,364.0,379.0296084956043
vuelta-a-espana/1983/stage-2,Vuelta a España,80,,152000,1470.0276731623826,,705,,1,0,0,1983-04-21,0.00967123469185778,0.0,0.0
tour-de-france/1992/stage-16,Tour de France,100,,212000,3500.0,3,2047,,1,0,0,1992-07-21,0.01650943396226415,564.0,361.79647409428696
ronde-van-vlaanderen/1981/result,Ronde van Vlaanderen / Tour des Flandres,275,,267000,3027.347632735017,,605,,0,0,0,1981-04-05,0.01133838064694763,240.0,75.26724776327738
tour-de-france/2022/stage-3,Tour de France,100,120,182000,1280.0,1,1551,23,1,0,0,2022-07-03,0.007032967032967033,26.0,70.94575184204828
giro-d-italia/2010/stage-16,Giro d'Italia,80,,12900,1084.0,5,878,,1,0,0,2010-05-25,0.08403100775193799,312.0,118.7234129833928
giro-d-italia/2008/stage-7,Giro d'Italia,80,,180000,3936.0,3,1058,,1,0,0,2008-05-16,0.021866666666666666,1469.0,630.8237146765952
il-lombardia/1990/result,Giro di Lombardia,275,,246000,1330.9988453086416,,724,,0,0,0,1990-10-20,0.005410564411823747,812.0,387.0727349840359
paris-nice/2021/stage-4,Paris - Nice,50,60,187600,3540.0,3,1044,,1,0,0,2021-03-10,0.018869936034115138,649.0,489.60201576846595
paris-nice/1984/stage-1,Paris - Nice,50,,172000,1902.4778361981919,,778,,1,0,0,1984-03-08,0.011060917652315068,0.0,0.0
tour-de-france/2017/stage-15,Tour de France,100,120,189500,3164.0,2,1791,,1,0,0,2017-07-16,0.016696569920844326,1080.0,531.2924268370772
tour-de-romandie/1981/stage-5a,Tour de Romandie,50,,142900,1750.570170021148,,439,,1,0,0,1981-05-10,0.01225031609531944,0.0,0.0
paris-roubaix/1982/result,Paris - Roubaix,275,,270000,1918.434985531031,,608,,0,0,0,1982-04-18,0.007105314761226041,380.0,495.3978266449281
gp-montreal/2017/result,Grand Prix Cycliste de Montréal,225,500,205700,3779.0,2,824,,0,0,0,2017-09-10,0.018371414681575108,100.0,187.459043711705
tour-de-france/1990/stage-19,Tour de France,100,,182500,1114.0,1,1959,,1,0,0,1990-07-20,0.006104109589041096,364.0,114.8239296582689
giro-d-italia/1995/stage-5,Giro d'Italia,80,,182000,956.0968047866518,,1365,,1,0,0,1995-05-17,0.005253279147179405,31.0,15.534906930308058
ronde-van-vlaanderen/1997/result,Ronde van Vlaanderen / Tour des Flandres,275,,256000,2358.6879649797534,2,771,,0,0,0,1997-04-06,0.009213624863202161,344.0,157.88848145210227
tour-de-france/2022/stage-16,Tour de France,100,120,178500,3418.0,4,1551,31,1,0,0,2022-07-19,0.0191484593837535,1378.0,610.5204121558951
itzulia-basque-country/2004/stage-3,Vuelta al País Vasco,50,,169000,2366.890784825701,,1020,,1,0,0,2004-04-07,0.014005270916128408,21.0,320.84486612389134
paris-nice/1972/stage-5,Paris - Nice,50,,175000,2069.5876229825435,,1086,,1,0,0,1972-03-14,0.011826214988471678,23.0,11.493476410555687
giro-d-italia/2020/stage-17,Giro d'Italia,80,100,203000,5650.0,5,765,,1,0,0,2020-10-21,0.027832512315270935,1210.0,987.1325665404928
giro-d-italia/2021/stage-20,Giro d'Italia,80,100,164000,3867.0,5,885,,1,0,0,2021-05-29,0.023579268292682927,1629.0,783.2206878134476
paris-nice/1996/stage-8b,Paris - Nice,50,,18000,176.16416318231222,,766,,1,0,0,1996-03-17,0.009786897954572901,70.0,25.16660276511
tour-de-france/1995/stage-7,Tour de France,100,,200000,3572.0,2,1871,,1,0,0,1995-07-08,0.01786,459.5,453.28507828935994
tour-de-romandie/1983/stage-5b,Tour de Romandie,50,,28000,302.72291918358496,,478,,1,0,0,1983-05-08,0.010811532827985177,15.0,9.6850400102426
tour-de-france/1996/stage-17,Tour de France,100,,262000,6000.0,4,1872,,1,0,0,1996-07-17,0.022900763358778626,1995.0,820.3240909664673
giro-d-italia/1991/stage-1,Giro d'Italia,80,,193000,1545.8953281828626,,908,,1,0,0,1991-05-26,0.00800982035327908,0.0,0.0
paris-nice/1999/stage-2,Paris - Nice,50,,214000,2885.902619856367,,792,,1,0,0,1999-03-09,0.013485526261011061,0.0,8.787548486543978
tour-de-france/1990/stage-7,Tour de France,100,,61500,845.0000000000002,1,1959,,1,0,0,1990-07-07,0.013739837398373988,388.0,167.73860040965735
tour-de-suisse/1975/stage-6,Tour de Suisse,50,,152000,712.6564018135405,,549,,1,0,0,1975-06-17,0.0046885289592996085,30.5,16.509593170840603
volta-a-catalunya/1996/stage-7,Volta Ciclista a Catalunya,50,,129000,2521.0,,327,,1,0,0,1996-06-20,0.019542635658914728,2.0,1.0327955589886444
tour-de-france/1985/stage-16,Tour de France,100,,247000,3500.0,2,1470,,1,0,0,1985-07-15,0.01417004048582996,195.0,16.13851239823437
tour-de-suisse/1981/stage-7a,Tour de Suisse,50,,84000,1507.1092112233714,,516,,1,0,0,1981-06-17,0.017941776324087756,0.0,0.0
tour-de-suisse/2005/stage-7,Tour de Suisse,50,,193000,1819.3198223707846,,971,,1,0,0,2005-06-17,0.009426527577050698,23.0,99.88240454379762
giro-d-italia/1996/stage-7,Giro d'Italia,80,,164000,2960.493186095923,,1034,,1,0,0,1996-05-25,0.018051787720097093,666.0,423.3741821386197
vuelta-a-espana/2017/stage-16,Vuelta a España,80,100,40200,410.9999999999998,1,899,,1,0,0,2017-09-05,0.01022388059701492,307.0,112.42341615364187
vuelta-a-espana/1997/stage-6,Vuelta a España,80,,147000,2169.0,,1165,,1,0,0,1997-09-11,0.014755102040816327,737.0,378.7820814549047
san-sebastian/2011/result,Clasica Ciclista San Sebastian,225,,234000,3848.9264524851997,2,806,,0,0,0,2011-07-30,0.016448403643099144,393.0,278.4004038617639
vuelta-a-espana/1992/stage-13,Vuelta a España,80,,178300,1942.0,,1033,,1,0,0,1992-05-09,0.010891755468311833,172.0,54.35694783353621
tour-de-france/2000/stage-10,Tour de France,100,,205000,5202.0,5,1437,,1,0,0,2000-07-10,0.02537560975609756,1666.0,750.2133564021792
volta-a-catalunya/2018/stage-1,Volta Ciclista a Catalunya,50,50,152300,2612.0,2,659,,1,0,0,2018-03-19,0.017150361129349968,0.0,69.41503473101385
tour-de-france/1988/stage-8,Tour de France,100,,219000,1820.0,2,1941,,1,0,0,1988-07-10,0.008310502283105023,23.0,141.32784799343509
giro-d-italia/2012/stage-5,Giro d'Italia,80,16,209000,842.0,1,886,,1,0,0,2012-05-10,0.004028708133971292,5.0,231.60790494404404
giro-d-italia/2000/stage-10,Giro d'Italia,80,,257000,1880.0,2,866,,1,0,0,2000-05-23,0.0073151750972762645,0.0,5.255421728764478
dauphine/2023/stage-6,Critérium du Dauphiné,50,60,170200,3406.0,5,781,21,1,0,0,2023-06-09,0.020011750881316098,466.0,405.4627835199304
vuelta-a-espana/1987/stage-8,Vuelta a España,80,,219000,2000.0,,838,,1,0,0,1987-05-01,0.0091324200913242,1.0,0.31622776601683794
tour-de-suisse/1982/stage-7,Tour de Suisse,50,,197000,2135.0899074955746,,657,,1,0,0,1982-06-23,0.010838019835002917,0.0,0.0
tour-de-romandie/2016/stage-3,Tour de Romandie,50,60,15110,278.0,2,917,,1,0,0,2016-04-29,0.018398411647915287,94.0,53.66467913859912
tour-de-romandie/2008/stage-1,Tour de Romandie,50,,182800,2427.3431086020355,,590,,1,0,0,2008-04-30,0.013278682213359056,78.0,393.8900446380914
tour-de-france/1978/stage-11,Tour de France,100,,161000,4500.0,5,1241,,1,0,0,1978-07-11,0.027950310559006212,763.0,404.78912360734944
giro-d-italia/2021/stage-8,Giro d'Italia,80,100,170000,3085.0,3,885,,1,0,0,2021-05-15,0.018147058823529412,524.0,249.15780609417467
tour-de-france/1999/stage-18,Tour de France,100,,182000,1691.0,1,1255,,1,0,0,1999-07-23,0.009291208791208792,187.0,54.813867514913106
giro-d-italia/2011/stage-16,Giro d'Italia,80,16,12700,708.0,5,891,,1,0,0,2011-05-24,0.05574803149606299,207.0,76.28472697110361
giro-d-italia/2003/stage-18,Giro d'Italia,80,,175000,5211.0,5,734,,1,0,0,2003-05-29,0.029777142857142856,1610.0,643.0136393194759
tirreno-adriatico/2007/stage-2,Tirreno-Adriatico,50,,202000,1715.1920385507783,1,1148,,1,0,0,2007-03-15,0.008491049695795932,54.0,240.26270944724445
vuelta-a-espana/2000/stage-1,Vuelta a España,80,,13300,146.0,,981,,1,0,0,2000-08-26,0.010977443609022556,94.0,39.19497094379796
tour-de-suisse/1995/stage-3,Tour de Suisse,50,,259000,3187.65478201737,,764,,1,0,0,1995-06-16,0.012307547420916486,0.0,0.0
tour-de-france/1989/stage-19,Tour de France,100,,125000,2500.0,4,1849,,1,0,0,1989-07-21,0.02,598.0,355.47503242515995
paris-nice/1975/stage-6b,Paris - Nice,50,,117000,1422.9148003259202,,951,,1,0,0,1975-03-15,0.012161664960050599,22.0,6.327883158146799
paris-nice/1990/stage-2,Paris - Nice,50,,245000,2666.9788497680593,,995,,1,0,0,1990-03-06,0.010885627958236976,4.0,0.8051557998728974
vuelta-a-espana/2007/stage-3,Vuelta a España,80,,153000,2789.0,3,995,,1,0,0,2007-09-03,0.01822875816993464,34.0,172.78818188097588
giro-d-italia/1998/stage-13,Giro d'Italia,80,,166000,996.6931310540999,,923,,1,0,0,1998-05-29,0.00600417548827771,235.0,195.3266049124222
vuelta-a-espana/1987/stage-5,Vuelta a España,80,,165000,2500.0,,838,,1,0,0,1987-04-28,0.015151515151515152,179.0,75.47302682268531
tour-de-france/2019/stage-5,Tour de France,100,120,175500,2325.0,2,1699,,1,0,0,2019-07-10,0.013247863247863248,496.0,451.88719759542795
tour-de-france/2015/stage-15,Tour de France,100,20,183000,1993.0,2,1812,,1,0,0,2015-07-19,0.010890710382513661,105.0,320.13349103332405
tour-de-suisse/1990/stage-6,Tour de Suisse,50,,253500,3180.889928966498,,767,,1,0,0,1990-06-17,0.012547889266140031,88.0,35.92584956081994
paris-nice/1981/stage-7b,Paris - Nice,50,,11000,73.74586790929834,,821,,1,0,0,1981-03-18,0.006704169809936213,22.0,12.34008824027518
tour-de-suisse/1999/prologue,Tour de Suisse,50,,6000,94.80561860859689,,900,,1,0,0,1999-06-15,0.015800936434766148,32.0,13.603339488605165
vuelta-a-espana/1984/stage-12,Vuelta a España,80,,199000,2673.942376572065,,747,,1,0,0,1984-04-29,0.013436896364683744,374.0,320.02215407139903
uae-tour/2022/stage-3,UAE Tour,50,40,9000,9.0,1,621,,1,0,0,2022-02-22,0.001,56.0,23.120866151874647
tour-de-romandie/1981/stage-2,Tour de Romandie,50,,171500,1857.3963805774888,,439,,1,0,0,1981-05-07,0.010830299595204016,2.0,2.309401076758503
volta-a-catalunya/1977/prologue,Volta Ciclista a Catalunya,50,,4200,71.68580214654867,,490,,1,0,0,1977-09-07,0.017068048130130634,28.0,9.135518285331061
giro-d-italia/1991/stage-5,Giro d'Italia,80,,246000,2224.4400053356467,,908,,1,0,0,1991-05-31,0.009042439046079865,50.0,15.811388300841896
dauphine/1998/stage-1,Critérium du Dauphiné Libéré,50,,190000,2249.9417978765114,,721,,1,0,0,1998-06-08,0.011841798936192164,90.0,27.70141550629916
tour-de-suisse/1997/stage-2,Tour de Suisse,50,,202100,2176.498919931101,,1161,,1,0,0,1997-06-19,0.010769415734443845,692.0,119.58375870960978
tour-de-france/2002/stage-20,Tour de France,100,,140000,1423.0,1,1489,,1,0,0,2002-07-28,0.010164285714285714,0.0,0.0
la-fleche-wallone/2013/result,La Flèche Wallonne,225,,205000,2130.0,3,1053,,0,0,0,2013-04-17,0.010390243902439025,136.0,223.25988520331228
tour-de-france/2009/stage-7,Tour de France,100,,224000,4910.0,5,1557,,1,0,0,2009-07-10,0.021919642857142856,738.0,608.968706019382
tirreno-adriatico/1983/stage-1,Tirreno-Adriatico,50,,193000,2329.0585707232076,,463,,1,0,0,1983-03-12,0.012067660988203149,0.0,0.0
tour-de-suisse/1970/stage-8,Tour de Suisse,50,,165000,2480.598081766837,,393,,1,0,0,1970-06-18,0.015033927768283861,4.0,1.632993161855452
tour-de-suisse/2022/stage-1,Tour de Suisse,50,60,177600,2746.0,2,767,29,1,0,0,2022-06-12,0.015461711711711712,382.0,370.5387907747371
vuelta-a-espana/2017/stage-15,Vuelta a España,80,100,129400,3549.0,5,899,,1,0,0,2017-09-03,0.027426584234930447,1457.0,564.6677658030071
tour-de-suisse/1978/stage-6,Tour de Suisse,50,,178000,1954.0454455469298,,691,,1,0,0,1978-06-20,0.010977783401949045,0.0,0.0
tour-de-france/1987/stage-13,Tour de France,100,,219000,4500.0,4,1812,,1,0,0,1987-07-13,0.02054794520547945,1604.0,700.0420586821803
dauphine/2017/stage-6,Critérium du Dauphiné,50,60,145500,2592.0,4,1024,,1,0,0,2017-06-09,0.017814432989690723,895.0,409.8169153026111
tirreno-adriatico/2007/stage-4,Tirreno-Adriatico,50,,161000,1362.54212357998,3,1148,,1,0,0,2007-03-17,0.008462994556397391,123.0,139.29621743387736
giro-d-italia/1997/stage-7,Giro d'Italia,80,,210000,2304.6128513632234,,792,,1,0,0,1997-05-23,0.010974346911253445,0.0,79.7975055366383
paris-nice/1995/stage-6,Paris - Nice,50,,178000,2781.6596590349786,,861,,1,0,0,1995-03-10,0.01562730145525269,11.0,2.9006539096293915
vuelta-a-espana/1981/stage-2,Vuelta a España,80,,159000,2511.8133407527735,,457,,1,0,0,1981-04-23,0.015797568180835053,313.0,423.5996248713426
amstel-gold-race/1994/result,Amstel Gold Race,225,,250000,3839.481154827939,,666,,0,0,0,1994-04-23,0.015357924619311757,139.0,169.9113961318104
omloop-het-nieuwsblad/1992/result,Omloop Het Volk,125,,208000,1955.954864403727,,758,,0,0,0,1992-02-29,0.009403629155787149,20.0,23.992571780522
itzulia-basque-country/2019/stage-5,Itzulia Basque Country,50,50,149800,3231.0,2,762,,1,0,0,2019-04-12,0.021568758344459277,1248.0,449.9240617077307
paris-nice/1983/stage-5,Paris - Nice,50,,183000,1208.6902351003523,,658,,1,0,0,1983-03-14,0.006604864672679521,34.0,14.199932930760456
giro-d-italia/2022/stage-16,Giro d'Italia,80,100,202000,5268.0,4,817,20,1,0,0,2022-05-24,0.026079207920792078,2365.0,918.9272459603342
paris-nice/1988/stage-5,Paris - Nice,50,,167000,1616.3992530605276,,1146,,1,0,0,1988-03-11,0.009679037443476214,15.0,3.994043183589901
san-sebastian/2014/result,Clasica Ciclista San Sebastian,225,,219200,3796.0,2,741,,0,0,0,2014-08-02,0.017317518248175182,329.0,334.180525004485
vuelta-a-espana/1982/stage-6,Vuelta a España,80,,190000,2079.7019893853126,,523,,1,0,0,1982-04-26,0.010945799944133224,2.0,5.977736472389306
vuelta-a-espana/1983/stage-7,Vuelta a España,80,,137000,1486.1475043493997,,705,,1,0,0,1983-04-26,0.010847792002550363,14.0,220.76432784616063
dauphine/2021/stage-1,Critérium du Dauphiné,50,60,181800,2308.0,2,790,,1,0,0,2021-05-30,0.012695269526952695,25.0,264.6692601882885
tour-de-france/2013/stage-8,Tour de France,100,20,195000,3839.0,5,1690,,1,0,0,2013-07-06,0.019687179487179487,1742.0,654.3452774839042
tour-de-suisse/1985/stage-6b,Tour de Suisse,50,,12000,64.20770365052704,,699,,1,0,0,1985-06-16,0.005350641970877253,30.0,18.677377879253942
giro-d-italia/1993/stage-8,Giro d'Italia,80,,140000,998.3400360495009,,1089,,1,0,0,1993-05-30,0.007131000257496435,0.0,0.0
dauphine/2012/stage-3,Critérium du Dauphiné,50,6,167000,2683.0,,1117,,1,0,0,2012-06-06,0.016065868263473053,0.0,68.65638169139416
tour-de-france/2013/stage-3,Tour de France,100,20,145500,2426.0,2,1690,,1,0,0,2013-07-01,0.016673539518900344,220.0,255.5845564885268
giro-d-italia/2005/stage-18,Giro d'Italia,80,,34000,518.0,2,929,,1,0,0,2005-05-27,0.015235294117647059,289.5,105.53433560521766
vuelta-a-espana/1992/stage-20,Vuelta a España,80,,188300,3267.0,,1033,,1,0,0,1992-05-16,0.017349973446627722,39.0,16.443843832875572
vuelta-a-espana/2000/stage-16,Vuelta a España,80,,168000,4005.0,5,981,,1,0,0,2000-09-12,0.023839285714285716,1252.0,444.12378919754633
giro-d-italia/2009/stage-19,Giro d'Italia,80,,164000,3921.0,5,975,,1,0,0,2009-05-29,0.023908536585365854,789.0,359.86874126360954
dauphine/2017/stage-3,Critérium du Dauphiné,50,60,184000,1990.0,2,1024,,1,0,0,2017-06-06,0.010815217391304349,11.0,110.92675162391643
e3-harelbeke/1997/result,E3-Prijs Harelbeke,125,,206000,1401.4129597425663,,518,,0,0,0,1997-03-29,0.006802975532730904,182.0,48.38917295603638
tour-de-france/1993/stage-11,Tour de France,100,,179000,5339.0,5,1804,,1,0,0,1993-07-15,0.0298268156424581,1696.0,611.157405144644
paris-nice/1992/stage-2,Paris - Nice,50,,176000,2745.58490251017,,877,,1,0,0,1992-03-10,0.015599914218807786,0.0,0.0
vuelta-a-espana/2021/stage-15,La Vuelta ciclista a España,80,100,197500,3860.0,4,1023,27,1,0,0,2021-08-29,0.019544303797468354,1348.0,765.6020073236565
tour-de-suisse/1981/stage-9,Tour de Suisse,50,,210000,1729.7426722552539,,516,,1,0,0,1981-06-19,0.008236869867882161,0.0,0.0
itzulia-basque-country/2007/stage-4,Vuelta al País Vasco,50,,176000,3459.004082133609,,1002,,1,0,0,2007-04-12,0.019653432284850048,782.0,336.6696805033234
tour-de-suisse/2018/stage-6,Tour de Suisse,50,60,186000,3436.0,5,956,,1,0,0,2018-06-14,0.01847311827956989,284.0,534.6355544566402
tour-de-france/1986/stage-20,Tour de France,100,,58000,1035.0,2,1872,,1,0,0,1986-07-24,0.017844827586206896,454.0,167.91279980397326
tour-de-suisse/1995/stage-1,Tour de Suisse,50,,201000,2578.5140273235984,,764,,1,0,0,1995-06-14,0.012828427996634818,0.5,0.983192080250175
vuelta-a-espana/1987/stage-15,Vuelta a España,80,,185000,3000.0,,838,,1,0,0,1987-05-08,0.016216216216216217,224.0,70.8350195877717
paris-nice/1993/prologue,Paris - Nice,50,,7700,38.01067401878208,,1182,,1,0,0,1993-03-07,0.0049364511712704,7.5,4.532597979574677
tour-de-suisse/2003/stage-2,Tour de Suisse,50,,175000,1964.536395914703,,660,,1,0,0,2003-06-18,0.011225922262369731,0.0,100.56499240405752
dauphine/1975/stage-7b,Critérium du Dauphiné Libéré,50,,30000,392.1632512819574,,889,,1,0,0,1975-06-09,0.013072108376065247,42.0,22.93914875174198
gran-camino/2022/stage-1,Gran Camiño,20,14,165000,1993.0,2,225,,1,0,0,2022-02-24,0.012078787878787878,0.0,22.507054163750244
tour-de-france/2022/stage-13,Tour de France,100,120,192600,2109.0,2,1551,32,1,0,0,2022-07-15,0.010950155763239875,371.0,310.44892465938267
tour-de-suisse/2013/stage-5,Tour de Suisse,50,6,178400,1759.0,2,960,,1,0,0,2013-06-12,0.009859865470852018,0.0,217.74293743137167
vuelta-a-espana/2005/stage-5,Vuelta a España,80,,176000,1470.0,1,960,,1,0,0,2005-08-31,0.008352272727272727,84.0,194.32544725688194
giro-d-italia/2011/stage-7,Giro d'Italia,80,16,110000,2333.0,5,891,,1,0,0,2011-05-13,0.02120909090909091,508.0,387.93005114197535
san-sebastian/2008/result,Clasica Ciclista San Sebastian,225,,225000,4111.7806322809365,2,847,,0,0,0,2008-08-02,0.018274580587915274,106.0,301.71574106399737
paris-nice/1987/stage-5,Paris - Nice,50,,208000,1616.9265130463436,,1164,,1,0,0,1987-03-13,0.007773685158876652,66.5,61.42370106588807
tour-de-france/1980/stage-18,Tour de France,100,,196000,5000.0,5,1224,,1,0,0,1980-07-16,0.025510204081632654,1033.0,467.89870464793705
giro-d-italia/1996/stage-16,Giro d'Italia,80,,180000,2544.0872081219495,,1034,,1,0,0,1996-06-03,0.014133817822899719,675.0,324.79423827162867
tirreno-adriatico/2015/stage-6,Tirreno-Adriatico,50,6,210000,2326.0,2,1017,,1,0,0,2015-03-16,0.011076190476190476,42.0,303.4044543151152
vuelta-a-espana/1981/stage-1,Vuelta a España,80,,221000,1906.1747924036147,,457,,1,0,0,1981-04-22,0.008625225304993732,0.0,7.586256128768792
volta-a-catalunya/2016/stage-1,Volta Ciclista a Catalunya,50,50,175800,2644.0,2,1045,,1,0,0,2016-03-21,0.015039817974971559,0.0,264.8782727609794
tour-de-romandie/1973/stage-3,Tour de Romandie,50,,175000,4187.992142064537,,352,,1,0,0,1973-05-11,0.02393138366894021,159.0,75.39496004375889
volta-a-catalunya/2002/stage-2,Volta a Catalunya,50,,182900,2411.1114893727386,,431,,1,0,0,2002-06-18,0.013182676267756908,0.0,296.3050037278476
uae-tour/2019/stage-3,UAE Tour,50,40,179000,1436.0,5,751,,1,0,0,2019-02-26,0.008022346368715084,475.0,412.9324751928804
tour-de-suisse/2005/stage-3,Tour de Suisse,50,,154000,2939.1042798606913,,971,,1,0,0,2005-06-13,0.019085092726368127,342.0,259.38509687908464
tour-de-france/1980/stage-9,Tour de France,100,,203500,1845.0,1,1224,,1,0,0,1980-07-06,0.009066339066339066,0.0,50.48410865522955
giro-d-italia/2002/stage-8,Giro d'Italia,80,,237000,2328.0,3,920,,1,0,0,2002-05-20,0.009822784810126581,165.0,105.33752139239448
vuelta-a-espana/2014/stage-19,Vuelta a España,80,16,180500,2319.0,2,1175,,1,0,0,2014-09-12,0.012847645429362882,464.0,325.6456241979413
volta-a-catalunya/1977/stage-4b,Volta Ciclista a Catalunya,50,,92100,1640.539528170013,,490,,1,0,0,1977-09-11,0.017812589882410565,0.0,39.506962177520904
giro-d-italia/2011/stage-15,Giro d'Italia,80,16,229000,6939.0,5,891,,1,0,0,2011-05-22,0.030301310043668123,1711.0,747.7810329532584
tour-de-suisse/1977/stage-6,Tour de Suisse,50,,172500,1117.731111567795,,627,,1,0,0,1977-06-21,0.006479600646769826,0.0,0.0
tour-de-france/1997/stage-14,Tour de France,100,,148000,5000.0,5,1994,,1,0,0,1997-07-20,0.033783783783783786,2216.0,651.3201181277267
tirreno-adriatico/2008/stage-3,Tirreno-Adriatico,50,,195000,2735.2900220799465,3,1136,,1,0,0,2008-03-14,0.0140271283183587,602.0,316.8285057762679
tirreno-adriatico/2021/stage-7,Tirreno-Adriatico,50,60,10100,11.0,1,1108,,1,0,0,2021-03-16,0.0010891089108910892,70.0,29.92082671564779
tour-de-france/2021/stage-1,Tour de France,100,120,197800,2843.0,3,1646,,1,0,0,2021-06-26,0.014373104145601617,321.0,266.17730028541393
vuelta-a-espana/2011/stage-8,Vuelta a España,80,16,183000,3835.0,3,1170,,1,0,0,2011-08-27,0.020956284153005465,383.0,492.9146006019464
vuelta-a-espana/1988/stage-4,Vuelta a España,80,,210000,1126.0,,828,,1,0,0,1988-04-28,0.005361904761904762,0.0,0.0
paris-roubaix/2023/result,Paris-Roubaix,275,800,256600,1380.0,1,775,16,0,0,0,2023-04-09,0.005378020265003897,718.0,421.3794947632896
vuelta-a-espana/1984/stage-10,Vuelta a España,80,,148000,2509.960911570749,,747,,1,0,0,1984-04-27,0.016959195348451007,175.0,18.98141505913242
itzulia-basque-country/2011/stage-5,Vuelta Ciclista al País Vasco,50,6,179000,2966.0,,935,,1,0,0,2011-04-08,0.016569832402234638,80.0,248.70856505229446
tour-de-suisse/1982/stage-3,Tour de Suisse,50,,192000,1606.2246356916303,,657,,1,0,0,1982-06-19,0.008365753310893908,10.0,5.059644256269407
paris-nice/1989/prologue,Paris - Nice,50,,5300,72.61047026957522,,794,,1,0,0,1989-03-05,0.013700088730108532,12.0,4.558811097280699
tirreno-adriatico/1999/stage-8,Tirreno-Adriatico,50,,164000,1562.1002981201614,,1150,,1,0,0,1999-03-17,0.009525001817805861,0.0,22.778932490261575
paris-nice/1981/stage-2a,Paris - Nice,50,,101000,1719.811933192721,,821,,1,0,0,1981-03-13,0.017027840922700207,0.0,0.0
tour-de-romandie/1988/stage-1,Tour de Romandie,50,,162900,1639.5489041251863,,439,,1,0,0,1988-05-11,0.010064756931400775,68.0,32.17452408350433
paris-nice/1997/stage-3,Paris - Nice,50,,165000,2527.8071369946524,,779,,1,0,0,1997-03-12,0.015320043254513045,14.0,209.2922206347709
dauphine/2000/stage-1,Criterium du Dauphiné Libére,50,,189000,862.6993278280379,,494,,1,0,0,2000-06-05,0.004564546708084856,8.5,25.16202044207247
paris-nice/2000/stage-4,Paris - Nice,50,,194200,2830.0878375339653,,880,,1,0,0,2000-03-09,0.01457305786577737,2.0,0.29814239699997197
tour-de-romandie/2001/prologue,Tour de Romandie,50,,6900,48.680157766431876,,597,,1,0,0,2001-05-08,0.007055095328468388,39.0,25.89900483827329
dauphine/1994/stage-3,Critérium du Dauphiné Libéré,50,,38000,502.3900654237009,,362,,1,0,0,1994-06-02,0.01322079119536055,100.0,43.01110967593787
vuelta-a-espana/1981/stage-13,Vuelta a España,80,,187000,2454.968922032182,,457,,1,0,0,1981-05-04,0.013128176053648032,136.0,120.2355582749305
vuelta-a-espana/1981/stage-3,Vuelta a España,80,,195000,2023.1173920693084,,457,,1,0,0,1981-04-24,0.010374960984970812,0.0,5.783947264113492
vuelta-a-espana/2017/stage-21,Vuelta a España,80,100,117600,913.0,1,899,,1,0,0,2017-09-10,0.0077636054421768705,14.0,49.69019113587644
giro-d-italia/2023/stage-17,Giro d'Italia,80,180,197000,523.0,1,835,24,1,0,0,2023-05-24,0.0026548223350253805,0.0,63.438898266547326
tour-de-france/2016/stage-1,Tour de France,100,120,188000,1071.0,2,1758,,1,0,0,2016-07-02,0.0056968085106382975,0.0,60.156148187821664
vuelta-a-espana/2016/stage-6,Vuelta a España,80,100,163200,2824.0,2,821,,1,0,0,2016-08-25,0.01730392156862745,954.0,559.2672348486309
volta-a-catalunya/2004/stage-7,Volta a Catalunya,50,,132800,2027.5272501140075,2,376,,1,0,0,2004-06-20,0.015267524473750056,0.0,5.91804016366579
tour-de-france/1980/stage-8,Tour de France,100,,164000,1574.0,1,1224,,1,0,0,1980-07-04,0.009597560975609756,13.0,15.321944639687501
tour-de-romandie/1987/stage-1,Tour de Romandie,50,,206000,4140.3337161950485,,251,,1,0,0,1987-05-06,0.020098707360170137,9.0,2.32379000772445
volta-a-catalunya/1981/stage-7b,Volta Ciclista a Catalunya,50,,126000,2067.149086004312,,388,,1,0,0,1981-09-10,0.01640594512701835,0.0,15.261817615312959
tirreno-adriatico/1996/stage-1,Tirreno-Adriatico,50,,156000,780.7330356233247,,585,,1,0,0,1996-03-13,0.005004698946303363,2.0,0.8944271909999159
dauphine/2009/stage-2,Critérium du Dauphiné Libéré,50,,228000,4015.4249259801027,,708,,1,0,0,2009-06-08,0.017611512833246065,0.0,55.72917334008583
giro-d-italia/2016/stage-3,Giro d'Italia,80,100,190000,691.0,1,933,,1,0,0,2016-05-08,0.003636842105263158,20.0,179.79958399407084
vuelta-a-espana/2008/stage-4,Vuelta a España,80,,170300,2760.0,1,1101,,1,0,0,2008-09-02,0.016206694069289488,42.0,93.98371649090394
vuelta-a-espana/2020/stage-4,La Vuelta ciclista a España,80,100,191700,1160.0,1,692,,1,0,0,2020-10-23,0.006051121544079291,0.0,39.18131606341408
tour-de-romandie/1996/stage-4,Tour de Romandie,50,,160200,1692.8348296628888,,614,,1,0,0,1996-05-10,0.010567008924237757,75.0,77.73195702448989
giro-d-italia/2003/stage-3,Giro d'Italia,80,,145000,1332.0,3,734,,1,0,0,2003-05-12,0.009186206896551724,129.0,175.13658413017643
giro-d-italia/1991/stage-19,Giro d'Italia,80,,185000,1512.6114583871376,,908,,1,0,0,1991-06-14,0.008176278153443987,0.0,0.0
tour-de-suisse/1980/stage-10a,Tour de Suisse,50,,81000,1657.2628087146422,,477,,1,0,0,1980-06-20,0.02046003467548941,68.5,63.28796620738153
dauphine/2019/stage-4,Critérium du Dauphiné,50,60,26100,341.0,2,973,,1,0,0,2019-06-12,0.013065134099616859,198.5,81.50600528925442
vuelta-a-espana/1993/stage-19,Vuelta a España,80,,153000,2715.0,,819,,1,0,0,1993-05-14,0.017745098039215687,1071.0,429.82895006710464
volta-a-catalunya/1977/stage-6,Volta Ciclista a Catalunya,50,,181400,3032.1988368225175,,490,,1,0,0,1977-09-13,0.016715539343012776,358.0,503.18119523069004
giro-d-italia/2008/stage-18,Giro d'Italia,80,,147000,2241.0,2,1058,,1,0,0,2008-05-29,0.015244897959183674,471.0,155.7040822159321
tour-de-france/2017/stage-10,Tour de France,100,120,178000,1407.0,1,1791,,1,0,0,2017-07-11,0.007904494382022472,0.0,34.982981416169274
giro-d-italia/2000/stage-2,Giro d'Italia,80,,225000,2650.0,4,866,,1,0,0,2000-05-15,0.011777777777777778,80.0,389.40634663045074
tour-de-france/1990/stage-12,Tour de France,100,,33500,970.0000000000002,3,1959,,1,0,0,1990-07-12,0.02895522388059702,311.5,137.67779455352334
vuelta-a-espana/2005/stage-8,Vuelta a España,80,,189000,1671.0,1,960,,1,0,0,2005-09-03,0.00884126984126984,5.0,84.24268853707453
paris-roubaix/1997/result,Paris - Roubaix,275,,267000,1878.644821172652,1,579,,0,0,0,1997-04-13,0.00703612292574027,474.0,483.56932997700545
vuelta-a-espana/1982/stage-19,Vuelta a España,80,,84000,1089.503670586758,,523,,1,0,0,1982-05-09,0.0129702817926995,0.0,0.0
vuelta-a-espana/1992/stage-10,Vuelta a España,80,,196000,2969.0,,1033,,1,0,0,1992-05-06,0.01514795918367347,261.0,82.32192903473532
vuelta-a-espana/1996/stage-16,Vuelta a España,80,,220900,2213.0,,988,,1,0,0,1996-09-23,0.010018107741059303,0.0,121.68314737721693
itzulia-basque-country/2013/stage-5,Vuelta Ciclista al País Vasco,50,6,166100,3715.0,4,927,,1,0,0,2013-04-05,0.022366044551475017,182.0,370.62579077613077
tour-de-suisse/2014/stage-3,Tour de Suisse,50,6,202900,2970.0,5,944,,1,0,0,2014-06-16,0.014637752587481519,193.0,335.1717042340814
vuelta-a-espana/2000/stage-19,Vuelta a España,80,,130000,919.0,1,981,,1,0,0,2000-09-15,0.0070692307692307695,35.0,137.54886188910538
volta-a-catalunya/2017/stage-3,Volta Ciclista a Catalunya,50,50,188300,4151.0,5,883,,1,0,0,2017-03-22,0.022044609665427508,969.0,597.7021936989826
omloop-het-nieuwsblad/1999/result,Omloop Het Volk,125,,202000,2782.308030301747,2,774,,0,0,0,1999-02-27,0.013773802130206668,104.0,77.15079547956044
tour-de-suisse/2000/stage-4,Tour de Suisse,50,,156000,2688.5860905562786,,895,,1,0,0,2000-06-16,0.017234526221514605,510.0,373.53434043176185
vuelta-a-espana/1987/stage-19,Vuelta a España,80,,213000,5281.0,,838,,1,0,0,1987-05-12,0.02479342723004695,128.0,42.54200538552716
tour-de-france/1979/stage-24,Tour de France,100,,180000,1894.0,1,1381,,1,0,0,1979-07-22,0.010522222222222223,138.0,173.00643519720506
tour-de-romandie/2006/stage-1,Tour de Romandie,50,,169000,1595.7357009888055,,772,,1,0,0,2006-04-26,0.009442223082773997,0.0,25.499309634104574
ronde-van-vlaanderen/2018/result,Ronde van Vlaanderen - Tour des Flandres ME,275,500,264700,2166.0,2,920,,0,0,0,2018-04-01,0.008182848507744617,299.5,286.1603085347999
dauphine/1991/stage-5,Critérium du Dauphiné Libéré,50,,155000,1678.8075307887677,,830,,1,0,0,1991-06-08,0.010831016327669469,9.0,42.609858014314014
vuelta-a-espana/1995/stage-2,Vuelta a España,80,,223500,2590.0,,883,,1,0,0,1995-09-04,0.011588366890380314,13.0,10.233144256742909
tour-de-france/1978/prologue,Tour de France,100,,5200,27.0,1,1241,,1,0,0,1978-06-29,0.005192307692307692,49.5,17.1724049833085
tour-de-romandie/1984/stage-2,Tour de Romandie,50,,181500,1672.7749469913304,,491,,1,0,0,1984-05-10,0.009216390892514217,219.0,122.82885111677413
tour-de-suisse/2012/stage-6,Tour de Suisse,50,6,34300,606.9999999999998,,917,,1,0,0,2012-06-15,0.017696793002915445,208.0,104.65108706372011
vuelta-a-espana/2013/stage-18,Vuelta a España,80,16,186500,3879.0,5,1128,,1,0,0,2013-09-12,0.020798927613941018,626.0,460.17167771710274
tour-de-suisse/1971/stage-1,Tour de Suisse,50,,167000,4059.1303075467076,,302,,1,0,0,1971-06-11,0.02430616950626771,126.0,44.09648512069868
paris-nice/1981/stage-3,Paris - Nice,50,,217000,2959.323177472158,,821,,1,0,0,1981-03-14,0.013637433997567549,520.0,249.57021056207813
il-lombardia/2006/result,Giro di Lombardia,275,,245000,4036.0,,926,,0,0,0,2006-10-14,0.016473469387755103,282.0,340.51424434430726
tour-de-suisse/1976/stage-3,Tour de Suisse,50,,179000,3910.1524278998186,,377,,1,0,0,1976-06-12,0.021844426971507368,71.5,37.15964593095965
giro-d-italia/2018/stage-1,Giro d'Italia,80,100,9700,155.0,3,838,,1,0,0,2018-05-04,0.015979381443298968,66.0,25.342834985402394
giro-d-italia/1996/stage-20,Giro d'Italia,80,,220000,4622.097873416809,,1034,,1,0,0,1996-06-07,0.021009535788258225,1383.0,707.2070362349053
paris-nice/2006/stage-5,Paris - Nice,50,,201500,2087.2869437268528,4,795,,1,0,0,2006-03-10,0.010358744137602247,315.0,275.6897627069926
omloop-het-nieuwsblad/1987/result,Omloop Het Volk,125,,237000,1406.5848807808497,,533,,0,0,0,1987-02-28,0.0059349573028727835,7.0,3.1764760348537187
vuelta-a-espana/1994/stage-7,Vuelta a España,80,,256500,842.0,,791,,1,0,0,1994-05-01,0.0032826510721247564,69.0,29.092954473549092
vuelta-a-espana/1992/stage-5,Vuelta a España,80,,213500,896.0,,1033,,1,0,0,1992-05-01,0.00419672131147541,0.0,0.0
giro-d-italia/1993/stage-12,Giro d'Italia,80,,236000,2204.122123721401,,1089,,1,0,0,1993-06-04,0.009339500524243224,0.0,0.0
tour-de-france/2000/stage-20,Tour de France,100,,254500,2404.0,1,1437,,1,0,0,2000-07-22,0.009445972495088408,0.0,97.12015346710392
paris-nice/2000/stage-2,Paris - Nice,50,,203700,2880.7045020655905,,880,,1,0,0,2000-03-07,0.014141897408274868,0.0,0.0
tour-de-france/2018/stage-17,Tour de France,100,120,65000,3274.0,5,1689,,1,0,0,2018-07-25,0.05036923076923077,1177.0,493.22044500961124
amstel-gold-race/2012/result,Amstel Gold Race,225,,256500,3300.0,2,1251,,0,0,0,2012-04-15,0.012865497076023392,141.0,243.96558414076304
volta-a-catalunya/1993/stage-4,Volta Ciclista a Catalunya,50,,164200,4208.0,,884,,1,0,0,1993-09-13,0.025627283800243605,0.0,0.0
giro-d-italia/1995/stage-1,Giro d'Italia,80,,205000,2625.0,,1365,,1,0,0,1995-05-13,0.012804878048780487,0.0,355.67918310257767
tour-de-suisse/1988/stage-2,Tour de Suisse,50,,185000,974.7834351225372,,548,,1,0,0,1988-06-15,0.005269099649311011,65.0,30.119207603565314
tour-de-france/1980/stage-5,Tour de France,100,,236500,1461.0,1,1224,,1,0,0,1980-07-01,0.006177589852008457,348.0,340.84889042865103
giro-d-italia/2007/stage-14,Giro d'Italia,80,,192000,3633.0,4,844,,1,0,0,2007-05-26,0.018921875,1129.0,450.3060069089574
tour-de-france/2005/stage-11,Tour de France,100,,173000,4280.0,4,1535,,1,0,0,2005-07-13,0.024739884393063585,1875.0,842.3090353330879
giro-d-italia/2010/stage-18,Giro d'Italia,80,16,143000,1047.0,2,878,,1,0,0,2010-05-27,0.007321678321678322,0.0,56.75440370540289
tour-de-france/2010/stage-20,Tour de France,100,20,102500,481.0,1,1685,,1,0,0,2010-07-25,0.004692682926829268,0.0,5.727654327592191
vuelta-a-espana/1983/stage-15b,Vuelta a España,80,,22000,513.6422017661068,,705,,1,0,0,1983-05-04,0.02334737280755031,175.0,71.19616190067943
vuelta-a-espana/1986/prologue,Vuelta a España,80,,5700,135.0,,843,,1,0,0,1986-04-22,0.02368421052631579,14.0,4.903274952840997
tour-de-suisse/2014/stage-1,Tour de Suisse,50,6,9400,210.0,4,944,,1,0,0,2014-06-14,0.022340425531914895,71.0,30.17038842412105
dauphine/1977/stage-6,Critérium du Dauphiné Libéré,50,,192000,2534.8569772089095,,809,,1,0,0,1977-06-05,0.013202380089629737,0.0,0.4472135954999579
giro-d-italia/2012/stage-3,Giro d'Italia,80,16,190000,1184.0,1,886,,1,0,0,2012-05-07,0.006231578947368421,0.0,66.89227879597605
milano-sanremo/1991/result,Milano-Sanremo,275,,294000,2802.9616536735157,,1434,,0,0,0,1991-03-23,0.009533883175760257,281.0,250.86165113355872
paris-nice/1999/stage-5,Paris - Nice,50,,211000,2337.8450937215634,,792,,1,0,0,1999-03-12,0.011079834567400774,38.0,202.57658282306946
tour-de-france/2009/stage-16,Tour de France,100,,159000,3895.0,4,1557,,1,0,0,2009-07-21,0.02449685534591195,1000.0,616.7503042363256
tour-de-suisse/1983/stage-3,Tour de Suisse,50,,153000,1422.977490970064,,809,,1,0,0,1983-06-17,0.009300506476928523,0.0,0.0
vuelta-a-espana/2013/stage-9,Vuelta a España,80,16,163700,2677.0,3,1128,,1,0,0,2013-09-01,0.016353084911423336,360.5,412.30275347161034
vuelta-a-espana/2009/stage-11,Vuelta a España,80,,191000,3226.0,2,1220,,1,0,0,2009-09-09,0.01689005235602094,33.0,390.82383022700094
tour-de-france/2016/stage-20,Tour de France,100,120,146500,4127.0,4,1758,,1,0,0,2016-07-23,0.02817064846416382,1616.0,686.537446527428
vuelta-a-espana/2019/stage-7,La Vuelta ciclista a España,80,100,183200,2842.0,5,798,,1,0,0,2019-08-30,0.015513100436681223,1221.0,549.3299642310114
vuelta-a-espana/2003/stage-3,Vuelta a España,80,,154300,1786.0,1,935,,1,0,0,2003-09-08,0.011574854180168502,0.0,115.73413663273405
vuelta-a-espana/2000/stage-20,Vuelta a España,80,,125000,2376.0,5,981,,1,0,0,2000-09-16,0.019008,545.0,394.14255845708504
vuelta-a-espana/1986/stage-20,Vuelta a España,80,,239000,4000.0,,843,,1,0,0,1986-05-12,0.016736401673640166,7.0,3.24037034920393
tour-de-france/1992/stage-1,Tour de France,100,,194500,2500.0,2,2047,,1,0,0,1992-07-05,0.012853470437017995,348.0,246.7814048794213
world-championship/1973/result,World Championships - Road Race,350,,248670,2601.0,,1275,,0,0,0,1973-09-02,0.01045964531306551,309.0,111.77009732424165
la-fleche-wallone/2023/result,La Flèche Wallonne,225,400,194300,3092.0,3,915,14,0,0,0,2023-04-19,0.015913535769428718,123.0,245.3537320387969
tirreno-adriatico/2004/stage-5,Tirreno-Adriatico,50,,215000,2934.5397358229625,2,926,,1,0,0,2004-03-14,0.013649022027083546,292.0,266.7873062632793
tour-de-france/2017/stage-20,Tour de France,100,120,22500,160.0,1,1791,,1,0,0,2017-07-22,0.0071111111111111115,154.5,64.56958712016774
tour-de-france/1990/stage-10,Tour de France,100,,118500,2501.0,5,1959,,1,0,0,1990-07-10,0.02110548523206751,607.0,354.00282181282483
tour-de-france/1982/stage-2,Tour de France,100,,246000,2500.0,3,1492,,1,0,0,1982-07-04,0.01016260162601626,39.5,70.59902640226115
gp-quebec/2016/result,Grand Prix Cycliste de Quebec,225,500,201600,2824.0,3,914,,0,0,0,2016-09-09,0.014007936507936507,62.0,137.04309069179502
giro-d-italia/2022/stage-14,Giro d'Italia,80,100,147000,3167.0,2,817,29,1,0,0,2022-05-21,0.02154421768707483,1899.0,671.7239222957688
giro-d-italia/2019/stage-9,Giro d'Italia,80,100,34800,723.0,3,896,,1,0,0,2019-05-19,0.020775862068965516,353.0,138.96633069353277
tour-de-france/1982/stage-6,Tour de France,100,,233000,1184.0,1,1492,,1,0,0,1982-07-08,0.005081545064377683,195.0,335.8251171022345
ronde-van-vlaanderen/1979/result,Ronde van Vlaanderen / Tour des Flandres,275,,267000,3359.6194546471506,,492,,0,0,0,1979-04-01,0.01258284439942753,90.0,178.67635545868959
paris-nice/1980/stage-6,Paris - Nice,50,,143000,1329.0852278738573,,1128,,1,0,0,1980-03-11,0.009294302292824177,235.0,63.66882895279118
paris-roubaix/2019/result,Paris-Roubaix,275,500,257000,1334.0,1,690,,0,0,0,2019-04-14,0.005190661478599222,711.0,469.8056347516965
vuelta-a-espana/2012/stage-10,Vuelta a España,80,16,166400,2240.0,1,852,,1,0,0,2012-08-28,0.013461538461538462,17.0,111.32600593951798
paris-nice/1981/stage-5,Paris - Nice,50,,175000,2478.1644195529016,,821,,1,0,0,1981-03-16,0.014160939540302295,5.0,1.5886502207249786
volta-a-catalunya/2017/stage-7,Volta Ciclista a Catalunya,50,50,138700,1774.0,2,883,,1,0,0,2017-03-26,0.012790194664744053,192.0,181.42400387597542
itzulia-basque-country/2016/stage-2,Vuelta Ciclista al País Vasco,50,50,174200,3291.0,5,943,,1,0,0,2016-04-05,0.01889207807118255,237.0,283.0402626605899
vuelta-a-espana/2012/stage-14,Vuelta a España,80,16,152000,3951.0,5,852,,1,0,0,2012-09-01,0.02599342105263158,1059.0,556.4018110860277
vuelta-a-espana/1983/stage-1,Vuelta a España,80,,235000,1071.9598331360194,,705,,1,0,0,1983-04-20,0.004561531204834125,42.0,13.664876565143798
vuelta-a-espana/2018/stage-10,La Vuelta ciclista a España,80,100,177000,1306.0,1,1036,,1,0,0,2018-09-04,0.007378531073446328,0.0,85.59332206583491
giro-d-italia/1995/stage-11,Giro d'Italia,80,,175000,892.9107614502366,,1365,,1,0,0,1995-05-24,0.0051023472082870665,43.0,19.240004620004065
vuelta-a-espana/1996/stage-17,Vuelta a España,80,,165700,3535.0,,988,,1,0,0,1996-09-24,0.021333735666867835,712.0,496.0117915764907
san-sebastian/1988/result,Clasica Ciclista San Sebastian,225,,244000,3709.2787509869495,,731,,0,0,0,1988-08-13,0.015201962094208809,346.0,285.4985656158821
tour-de-romandie/2004/prologue,Tour de Romandie,50,,3400,61.07763934853074,,507,,1,0,0,2004-04-27,0.017964011573097276,18.0,11.105593973607686
tour-de-france/1989/stage-21,Tour de France,100,,24500,200.0,1,1849,,1,0,0,1989-07-23,0.00816326530612245,174.5,64.76318414114179
vuelta-a-espana/1992/stage-19,Vuelta a España,80,,37900,294.0,,1033,,1,0,0,1992-05-15,0.007757255936675461,125.0,17.33885389354604
vuelta-a-espana/2017/stage-19,Vuelta a España,80,100,149700,2484.0,2,899,,1,0,0,2017-09-08,0.01659318637274549,1011.0,360.8442009090326
tour-de-france/1983/stage-18,Tour de France,100,,247500,6589.0,4,1269,,1,0,0,1983-07-20,0.02662222222222222,1788.0,943.5263224165781
tour-de-france/1984/stage-5,Tour de France,100,,207000,1843.0,1,1632,,1,0,0,1984-07-03,0.008903381642512077,1062.0,174.2035856623777
volta-a-catalunya/2021/stage-3,Volta Ciclista a Catalunya,50,50,203100,3755.0,5,772,,1,0,0,2021-03-24,0.018488429345150173,611.0,372.9141654727185
tirreno-adriatico/2012/stage-4,Tirreno-Adriatico,50,6,251000,3470.0,3,1188,,1,0,0,2012-03-10,0.013824701195219124,195.0,373.76218744225537
tour-de-france/1979/stage-20,Tour de France,100,,240000,1949.0,2,1381,,1,0,0,1979-07-18,0.008120833333333334,31.0,156.56631498828537
tirreno-adriatico/2008/stage-6,Tirreno-Adriatico,50,,196000,1631.0478150562035,3,1136,,1,0,0,2008-03-17,0.008321672525796957,139.0,261.91740802227224
omloop-het-nieuwsblad/1975/result,Omloop Het Volk,125,,198000,1462.2598259614583,,700,,0,0,0,1975-03-01,0.007385150636168981,140.0,31.66079439680558
vuelta-a-espana/1994/stage-11,Vuelta a España,80,,195300,4112.0,,791,,1,0,0,1994-05-05,0.02105478750640041,25.5,14.702985335562904
vuelta-a-espana/2005/stage-11,Vuelta a España,80,,192600,4757.0,5,960,,1,0,0,2005-09-06,0.024698857736240913,813.0,617.867177982284
tour-de-france/2012/stage-9,Tour de France,100,20,41500,499.0000000000002,1,1703,,1,0,0,2012-07-09,0.012024096385542174,368.5,126.77874143214099
tour-de-france/1987/stage-7,Tour de France,100,,211000,1894.0,1,1812,,1,0,0,1987-07-07,0.008976303317535544,0.0,80.26114013885353
tour-de-france/2009/stage-13,Tour de France,100,,200000,3019.0,4,1557,,1,0,0,2009-07-17,0.015095,1142.0,469.53652780523475
giro-d-italia/1999/stage-22,Giro d'Italia,80,,170000,1646.061067336723,,1057,,1,0,0,1999-06-06,0.009682712160804253,0.0,148.97400712070947
tirreno-adriatico/2023/stage-2,Tirreno-Adriatico,50,60,210000,1592.0,2,1044,14,1,0,0,2023-03-07,0.007580952380952381,0.0,71.3457277312179
dwars-door-vlaanderen/2019/result,Dwars door Vlaanderen - A travers la Flandre ME,225,300,182600,1213.0,2,680,,0,0,0,2019-04-03,0.0066429353778751365,222.0,237.24991069300532
omloop-het-nieuwsblad/1971/result,Omloop Het Volk,125,,198000,1696.2021240371964,,574,,0,0,0,1971-03-25,0.008566677394127255,235.0,179.36008097495662
vuelta-a-espana/1994/stage-13,Vuelta a España,80,,201600,969.0,,791,,1,0,0,1994-05-07,0.004806547619047619,0.0,0.0
vuelta-a-espana/1982/stage-18,Vuelta a España,80,,184000,2840.2243510223157,,523,,1,0,0,1982-05-08,0.015436001907729976,135.0,531.2537615300103
vuelta-a-espana/2017/stage-12,Vuelta a España,80,100,160100,2681.0,2,899,,1,0,0,2017-08-31,0.01674578388507183,923.0,359.0037397138348
giro-d-italia/1997/stage-9,Giro d'Italia,80,,232000,3282.010804660087,,792,,1,0,0,1997-05-25,0.01414659829594865,0.0,466.8317973247638
tour-de-france/2017/stage-7,Tour de France,100,120,213500,1578.0,1,1791,,1,0,0,2017-07-07,0.007391100702576112,0.0,50.919193717405975
san-sebastian/1986/result,Clasica Ciclista San Sebastian,225,,244000,3392.223218900628,,463,,0,0,0,1986-08-13,0.013902554175822247,475.0,177.53485359901657
dauphine/1977/stage-4a,Critérium du Dauphiné Libéré,50,,119000,1714.8763530048636,,809,,1,0,0,1977-06-03,0.014410725655503056,0.0,0.0
tour-de-romandie/1988/stage-4a,Tour de Romandie,50,,89800,1642.7230149629393,,439,,1,0,0,1988-05-14,0.018293129342571705,0.0,0.0
dauphine/1989/stage-1,Critérium du Dauphiné Libéré,50,,186000,1165.1405295205846,,603,,1,0,0,1989-05-30,0.00626419639527196,7.0,3.1098316082352344
tour-de-suisse/1985/stage-10b,Tour de Suisse,50,,123500,1383.5427212941515,,699,,1,0,0,1985-06-20,0.011202775071207705,0.0,0.0
tour-de-suisse/2019/stage-1,Tour de Suisse,50,60,9500,52.0,1,802,,1,0,0,2019-06-15,0.0054736842105263155,46.0,23.48810511540293
tour-de-france/1989/prologue,Tour de France,100,,7800,152.0,1,1849,,1,0,0,1989-07-01,0.019487179487179488,38.0,17.97424550607306
tirreno-adriatico/1993/stage-8,Tirreno-Adriatico,50,,161000,799.3102618907144,,568,,1,0,0,1993-03-17,0.004964660011743568,0.0,0.0
uae-tour/2022/stage-5,UAE Tour,50,40,182000,543.9999999999998,1,621,,1,0,0,2022-02-24,0.002989010989010988,0.0,23.50826896386502
giro-d-italia/2004/stage-8,Giro d'Italia,80,,214000,2474.0,2,621,,1,0,0,2004-05-16,0.011560747663551401,0.0,132.95084063653553
tour-de-suisse/1978/stage-9b,Tour de Suisse,50,,20500,141.59354965789453,,691,,1,0,0,1978-06-23,0.0069070024223363185,0.0,0.0
dauphine/2007/stage-2,Critérium du Dauphiné Libéré,50,,157000,2365.295122433322,,816,,1,0,0,2007-06-12,0.01506557402823772,33.0,352.94942297063915
vuelta-a-espana/1981/prologue,Vuelta a España,80,,6300,65.29159074910376,,457,,1,0,0,1981-04-21,0.010363744563349804,45.0,20.84400570523004
paris-nice/2023/stage-1,Paris - Nice,50,60,169400,1405.0,2,981,,1,0,0,2023-03-05,0.008293978748524203,6.0,187.53866103980354
gp-montreal/2014/result,Grand Prix Cycliste de Montréal,225,,205700,2091.513083936338,2,709,,0,0,0,2014-09-14,0.010167783587439659,92.0,182.34808328974214
tour-de-france/1978/stage-12b,Tour de France,100,,96000,646.0,1,1241,,1,0,0,1978-07-12,0.006729166666666666,0.0,3.6181361349331636
giro-d-italia/2016/stage-2,Giro d'Italia,80,100,190000,731.9999999999998,1,933,,1,0,0,2016-05-07,0.003852631578947367,0.0,25.98958365403932
tour-de-france/1997/stage-19,Tour de France,100,,172000,1776.0,1,1994,,1,0,0,1997-07-25,0.010325581395348837,1051.0,304.8077612990505
paris-nice/1988/stage-1,Paris - Nice,50,,194000,1573.1377571547641,,1146,,1,0,0,1988-03-07,0.008108957511107032,132.0,34.08225344662527
tour-de-suisse/1998/stage-6,Tour de Suisse,50,,164000,2389.307630887061,,971,,1,0,0,1998-06-22,0.014568948968823542,621.0,183.68383274862032
tour-de-romandie/1997/stage-5,Tour de Romandie,50,,69300,1330.6922613717752,,922,,1,0,0,1997-05-11,0.01920190853350325,0.0,0.0
giro-d-italia/2019/stage-18,Giro d'Italia,80,100,222000,1478.0,2,896,,1,0,0,2019-05-30,0.0066576576576576575,9.0,139.7897479905381
tirreno-adriatico/2000/stage-2,Tirreno-Adriatico,50,,189000,1556.213423600037,,1197,,1,0,0,2000-03-09,0.008233933458201254,0.0,0.0
giro-d-italia/2009/stage-4,Giro d'Italia,50,,165000,2685.0,5,975,,1,0,0,2009-05-12,0.016272727272727272,495.0,499.86795594047794
vuelta-a-espana/2003/stage-13,Vuelta a España,80,,53300,155.0,1,935,,1,0,0,2003-09-18,0.002908067542213884,393.0,137.18926427192233
vuelta-a-espana/2003/stage-14,Vuelta a España,80,,167400,910.0,1,935,,1,0,0,2003-09-19,0.0054360812425328555,0.0,19.72145076383671
giro-d-italia/1991/stage-7,Giro d'Italia,80,,179000,1479.2004618095916,,908,,1,0,0,1991-06-02,0.00826368973077984,0.0,0.0
paris-nice/2012/stage-6,Paris - Nice,50,6,176500,2225.0,1,1079,,1,0,0,2012-03-09,0.012606232294617563,14.0,317.1047145008152
giro-d-italia/2016/stage-14,Giro d'Italia,80,100,210000,6001.0,4,933,,1,0,0,2016-05-21,0.028576190476190477,1880.0,860.2714301404419
tour-de-suisse/1972/stage-8a,Tour de Suisse,50,,117000,1723.5883560882946,,433,,1,0,0,1972-06-23,0.014731524411011065,0.0,0.0
tour-de-suisse/1992/stage-2,Tour de Suisse,50,,185000,998.8071900238099,,533,,1,0,0,1992-06-18,0.0053989577839124855,42.0,15.427248620541512
volta-a-catalunya/1988/stage-1,Volta Ciclista a Catalunya,50,,156800,2945.0942069871535,,343,,1,0,0,1988-09-02,0.018782488564969092,0.0,0.0
tour-de-france/1995/stage-5,Tour de France,100,,264000,2194.0,1,1871,,1,0,0,1995-07-06,0.00831060606060606,0.0,119.78776387588273
paris-nice/1981/stage-6,Paris - Nice,50,,175000,2347.5169819563025,,821,,1,0,0,1981-03-17,0.013414382754036015,24.5,15.550696956219547
tour-de-france/2014/stage-10,Tour de France,100,20,161500,3906.0,5,1612,,1,0,0,2014-07-14,0.02418575851393189,1202.0,700.2686066848777
giro-d-italia/2023/stage-21,Giro d'Italia,80,180,126000,692.0,1,835,26,1,0,0,2023-05-28,0.005492063492063492,0.0,68.89903939216705
paris-nice/2008/prologue,Paris - Nice,30,,4600,91.44754532983825,,775,,1,0,0,2008-03-09,0.01987990115866049,27.0,12.45564087469169
vuelta-a-espana/2011/stage-13,Vuelta a España,80,16,150000,3923.0,4,1170,,1,0,0,2011-09-02,0.026153333333333334,1110.0,644.0850316246512
vuelta-a-espana/2012/stage-9,Vuelta a España,80,16,194000,2442.0,3,852,,1,0,0,2012-08-26,0.012587628865979382,140.0,170.34491634331346
vuelta-a-espana/2014/stage-12,Vuelta a España,80,16,166400,1070.0,1,1175,,1,0,0,2014-09-04,0.006430288461538461,0.0,82.0027964082271
volta-a-catalunya/2011/stage-1,Volta Ciclista a Catalunya,50,6,166900,2488.6469950516794,,732,,1,0,0,2011-03-21,0.014911006561124502,194.0,327.5734937854211
tirreno-adriatico/1984/stage-2,Tirreno-Adriatico,50,,180000,990.8334445557052,,541,,1,0,0,1984-03-10,0.005504630247531696,9.0,2.3196879921559237
giro-d-italia/2008/stage-12,Giro d'Italia,80,,169000,325.0,1,1058,,1,0,0,2008-05-22,0.0019230769230769232,0.0,84.19040546916753
tour-de-romandie/1998/stage-4a,Tour de Romandie,50,,100400,1800.4698715399336,,857,,1,0,0,1998-05-09,0.01793296684800731,401.0,144.14969018620206
giro-d-italia/2004/stage-4,Giro d'Italia,80,,184000,1936.0,2,621,,1,0,0,2004-05-12,0.010521739130434783,0.0,82.4001150124352
san-sebastian/2019/result,Clásica Ciclista San Sebastián,225,400,227300,3980.0,2,785,,0,0,0,2019-08-03,0.017509898812142544,359.0,306.6744282431641
tour-de-romandie/1983/stage-3,Tour de Romandie,50,,192500,2067.310292296291,,478,,1,0,0,1983-05-06,0.01073927424569502,5.0,5.167204273105526
tour-de-romandie/1993/stage-1,Tour de Romandie,50,,162900,490.6792423454817,,551,,1,0,0,1993-05-05,0.0030121500450919687,0.0,0.0
tour-de-france/2012/stage-4,Tour de France,100,20,214500,1698.0,1,1703,,1,0,0,2012-07-04,0.007916083916083916,0.0,77.91454999632475
dauphine/2003/prologue,Critérium du Dauphiné Libéré,50,,5100,60.599187568966045,,572,,1,0,0,2003-06-08,0.011882193640973733,59.0,23.754827693953203
tour-de-suisse/1999/stage-5,Tour de Suisse,50,,29500,531.6493895325048,,900,,1,0,0,1999-06-20,0.018022013204491687,204.5,86.59750093757265
dauphine/1993/stage-3,Critérium du Dauphiné Libéré,50,,43000,483.29946482777973,,386,,1,0,0,1993-06-03,0.011239522437855342,103.5,41.36571312357883
tour-de-romandie/1975/stage-1,Tour de Romandie,50,,169000,2011.930585482165,,429,,1,0,0,1975-05-07,0.011904914706995059,1.0,0.408248290463863
world-championship/1977/result,World Championships - Road Race,350,,255000,3915.0,,1212,,0,0,0,1977-09-04,0.015352941176470588,123.0,39.17387909092362
world-championship/2013/result,World Championships ME - Road Race,350,,272200,3923.0,2,1630,,0,0,0,2013-09-29,0.014412196914033799,121.0,268.23195043650685
vuelta-a-espana/2009/stage-16,Vuelta a España,80,,170300,2760.0,2,1220,,1,0,0,2009-09-15,0.016206694069289488,52.0,97.3073900388596
vuelta-a-espana/2012/stage-19,Vuelta a España,80,16,178400,1719.0,3,852,,1,0,0,2012-09-07,0.009635650224215246,245.0,154.5952192604345
tour-de-france/2000/stage-7,Tour de France,100,,205500,1997.0,1,1437,,1,0,0,2000-07-07,0.009717761557177615,71.0,18.82329872281801
vuelta-a-espana/1985/stage-18,Vuelta a España,80,,200000,4268.0,,925,,1,0,0,1985-05-11,0.02134,1014.0,442.44904858532516
volta-a-catalunya/1996/stage-1,Volta Ciclista a Catalunya,50,,190000,5192.0,,327,,1,0,0,1996-06-14,0.027326315789473685,11.0,4.6611496210134336
giro-d-italia/2020/stage-18,Giro d'Italia,80,100,207000,5848.0,4,765,,1,0,0,2020-10-22,0.0282512077294686,2825.0,941.3604048530071
tour-de-france/2017/stage-9,Tour de France,100,120,181500,4696.0,4,1791,,1,0,0,2017-07-09,0.025873278236914602,1630.0,668.5969713646176
tour-de-france/2002/stage-16,Tour de France,100,,179500,5161.0,5,1489,,1,0,0,2002-07-24,0.02875208913649025,1592.0,687.0115784476591
tour-de-suisse/2017/stage-9,Tour de Suisse,50,60,28600,416.0,2,855,,1,0,0,2017-06-18,0.014545454545454545,206.5,96.85286066350872
ronde-van-vlaanderen/1995/result,Ronde van Vlaanderen / Tour des Flandres,275,,261000,1745.1175028068071,2,780,,0,0,0,1995-04-02,0.006686273957114203,717.0,266.98274798064807
tirreno-adriatico/2010/stage-2,Tirreno-Adriatico,50,6,165000,2026.0,2,1176,,1,0,0,2010-03-11,0.012278787878787879,0.0,174.23735812375102
vuelta-a-espana/1982/stage-5,Vuelta a España,80,,230000,1868.2989500495553,,523,,1,0,0,1982-04-25,0.008123038913258936,88.0,200.45725507227496
ronde-van-vlaanderen/1991/result,Ronde van Vlaanderen / Tour des Flandres,275,,261000,2398.6514984256733,,782,,0,0,0,1991-04-07,0.009190235626152005,290.0,217.4543878603662
giro-d-italia/1993/stage-10,Giro d'Italia,80,,28000,522.9988853246778,,1089,,1,0,0,1993-06-02,0.018678531618738493,88.0,30.217780952847708
tour-de-suisse/1975/stage-9b,Tour de Suisse,50,,20400,211.95506385135923,,549,,1,0,0,1975-06-20,0.010389954110360746,27.0,34.50603811895343
tirreno-adriatico/2008/stage-1,Tirreno-Adriatico,50,,160000,1808.7305998116756,1,1136,,1,0,0,2008-03-12,0.011304566248822973,0.0,149.96514372686977
itzulia-basque-country/2001/stage-4,Vuelta al País Vasco,50,,182000,2439.070538783366,,898,,1,0,0,2001-04-12,0.01340148647683168,174.0,194.1011807164433
paris-nice/1996/stage-5,Paris - Nice,50,,162600,1860.6922337067756,,766,,1,0,0,1996-03-14,0.01144337167101338,27.0,4.9295030175464944
tour-de-suisse/1988/stage-10,Tour de Suisse,50,,180500,1140.8449362798842,,548,,1,0,0,1988-06-23,0.006320470561107392,0.0,0.0
vuelta-a-espana/2009/stage-5,Vuelta a España,80,,174000,1802.0,1,1220,,1,0,0,2009-09-03,0.01035632183908046,0.0,80.30058189124496
volta-a-catalunya/1981/stage-7a,Volta Ciclista a Catalunya,50,,36900,498.1679320806695,,388,,1,0,0,1981-09-10,0.013500485964245787,193.0,84.05565049984672
giro-d-italia/2021/stage-21,Giro d'Italia,80,100,30300,24.0,1,885,,1,0,0,2021-05-30,0.0007920792079207921,206.0,81.89325353104087
uae-tour/2020/stage-3,UAE Tour,50,40,184000,1555.0,5,747,,1,0,0,2020-02-25,0.008451086956521739,649.0,404.78751493065124
tirreno-adriatico/2003/stage-7,Tirreno-Adriatico,50,,162000,2719.7978976301365,,882,,1,0,0,2003-03-19,0.01678887591129714,0.0,17.18389039882544
tour-de-suisse/2014/stage-6,Tour de Suisse,50,6,183500,2896.0,4,944,,1,0,0,2014-06-19,0.015782016348773843,107.0,503.5000617513072
san-sebastian/1987/result,Clasica Ciclista San Sebastian,225,,244000,3798.986586404282,,890,,0,0,0,1987-08-12,0.0155696171573946,213.0,202.1580840071732
paris-nice/2010/stage-4,Paris - Nice,30,6,173500,1421.7604339129034,3,1192,,1,0,0,2010-03-11,0.008194584633503766,289.0,240.47416810846383
volta-a-catalunya/2016/stage-2,Volta Ciclista a Catalunya,50,50,178700,2163.0,2,1045,,1,0,0,2016-03-22,0.012104085058757694,0.0,42.15599737509262
tirreno-adriatico/1994/stage-2,Tirreno-Adriatico,50,,186500,1879.6584374096842,,727,,1,0,0,1994-03-10,0.010078597519622971,3.0,4.08248290463863
tirreno-adriatico/2005/stage-7,Tirreno-Adriatico,50,,164000,1650.5400164284733,1,1040,,1,0,0,2005-03-15,0.010064268392856545,0.0,32.66983836006388
giro-d-italia/2000/stage-16,Giro d'Italia,80,,102000,527.0,1,866,,1,0,0,2000-05-30,0.005166666666666667,0.0,51.97733759892774
tour-de-suisse/2012/stage-2,Tour de Suisse,50,6,194700,1899.0,,917,,1,0,0,2012-06-11,0.00975346687211094,3.0,227.54594182858727
dauphine/1994/prologue,Critérium du Dauphiné Libéré,50,,6700,469.1441256557464,,362,,1,0,0,1994-05-30,0.07002151129190244,5.0,2.913569784454954
dauphine/2004/stage-1,Critérium du Dauphiné Libéré,50,,231000,3755.7124592808295,,737,,1,0,0,2004-06-07,0.016258495494722205,0.0,13.20142945470974
itzulia-basque-country/2011/stage-1,Vuelta Ciclista al País Vasco,50,6,149500,2975.0,,935,,1,0,0,2011-04-04,0.019899665551839463,254.0,377.28031759949204
ronde-van-vlaanderen/1988/result,Ronde van Vlaanderen / Tour des Flandres,275,,279000,2164.5391914429642,,940,,0,0,0,1988-04-03,0.0077582049872507676,556.0,173.26518489641464
giro-d-italia/1995/stage-6,Giro d'Italia,80,,165000,928.0784941511247,,1365,,1,0,0,1995-05-18,0.005624718146370453,0.0,0.0
vuelta-a-espana/2002/stage-14,Vuelta a España,80,,190200,2003.0,2,1084,,1,0,0,2002-09-21,0.010531019978969505,159.0,340.1917199855828
vuelta-a-espana/1987/stage-11,Vuelta a España,80,,179000,4500.0,,838,,1,0,0,1987-05-04,0.025139664804469275,99.0,32.61628768303073
giro-d-italia/2021/stage-3,Giro d'Italia,80,100,190000,1870.0,2,885,,1,0,0,2021-05-10,0.009842105263157895,4.0,340.99509274428874
tour-de-suisse/1976/stage-2,Tour de Suisse,50,,155000,2149.177014379493,,377,,1,0,0,1976-06-11,0.013865658157287051,14.0,14.585952145814822
tour-de-france/2022/stage-19,Tour de France,100,120,188300,1316.0,3,1551,30,1,0,0,2022-07-22,0.006988847583643123,146.0,200.05281977330117
tour-de-france/2004/stage-3,Tour de France,100,,210000,1615.0,1,1555,,1,0,0,2004-07-06,0.00769047619047619,134.0,229.43814039859345
tour-de-suisse/1986/stage-11,Tour de Suisse,50,,170000,2227.4661395039657,,835,,1,0,0,1986-06-20,0.01310274199708215,45.0,265.8287878399261
paris-nice/1989/stage-1,Paris - Nice,50,,167000,1976.414358460333,,794,,1,0,0,1989-03-06,0.011834816517726545,0.0,0.0
vuelta-a-espana/1991/stage-5,Vuelta a España,80,,227800,1749.0,,1042,,1,0,0,1991-05-03,0.007677787532923617,0.0,0.0
tour-de-france/2017/stage-14,Tour de France,100,120,181500,1786.0,1,1791,,1,0,0,2017-07-15,0.009840220385674931,126.0,348.96032041146873
tour-de-france/2005/stage-21,Tour de France,100,,144000,851.0,1,1535,,1,0,0,2005-07-24,0.0059097222222222225,20.0,9.074388079405681
tour-de-france/1984/stage-8,Tour de France,100,,192000,1277.0,1,1632,,1,0,0,1984-07-06,0.006651041666666667,44.0,166.63001705625786
dauphine/2015/stage-1,Critérium du Dauphiné,50,6,132000,1519.0,2,997,,1,0,0,2015-06-07,0.011507575757575758,2.0,168.04950243409266
uae-tour/2023/stage-7,UAE Tour,50,40,153000,1378.0,5,530,32,1,0,0,2023-02-26,0.009006535947712418,466.0,365.3047186665726
volta-a-catalunya/2008/prologue,Volta Ciclista a Catalunya,50,,3700,47.378203660522104,1,616,,1,0,0,2008-05-19,0.012804919908249217,20.5,8.74566437759996
il-lombardia/1993/result,Giro di Lombardia,275,,242000,2131.8157327022395,,701,,0,0,0,1993-10-09,0.008809155920257189,604.0,267.7770544820289
tour-de-france/1980/stage-11,Tour de France,100,,51000,721.0,3,1224,,1,0,0,1980-07-08,0.014137254901960784,377.5,165.60109702198798
tour-de-suisse/1972/stage-6b,Tour de Suisse,50,,234000,3063.3744743602556,,433,,1,0,0,1972-06-21,0.01309134390752246,0.0,0.0
dauphine/2013/stage-5,Critérium du Dauphiné,50,6,139000,2447.0,5,985,,1,0,0,2013-06-06,0.01760431654676259,865.0,434.6585406054097
vuelta-a-espana/1986/stage-7,Vuelta a España,80,,180000,3500.0,,843,,1,0,0,1986-04-29,0.019444444444444445,0.0,0.0
giro-d-italia/2008/stage-6,Giro d'Italia,80,,232000,2387.0,3,1058,,1,0,0,2008-05-15,0.010288793103448275,717.0,196.61944087775072
tour-de-suisse/2001/prologue,Tour de Suisse,50,,7900,58.52277166204294,,873,,1,0,0,2001-06-19,0.007407945780005436,30.0,14.694651426343391
tour-de-suisse/1985/stage-9,Tour de Suisse,50,,135500,1214.754837706931,,699,,1,0,0,1985-06-19,0.008964980352080673,28.0,15.532224567009067
vuelta-a-espana/2013/stage-21,Vuelta a España,80,16,109600,741.0,1,1128,,1,0,0,2013-09-15,0.006760948905109489,3.0,27.72197619683641
tour-de-france/1995/stage-14,Tour de France,100,,159000,3500.0,5,1871,,1,0,0,1995-07-16,0.0220125786163522,1685.0,593.5300704473144
dauphine/2022/stage-1,Critérium du Dauphiné,50,60,191800,2473.0,4,789,25,1,0,0,2022-06-05,0.01289363920750782,0.0,184.45294954547757
tour-de-suisse/2019/stage-5,Tour de Suisse,50,60,177000,2705.0,4,802,,1,0,0,2019-06-19,0.015282485875706214,0.0,102.28333365939055
tirreno-adriatico/1987/stage-4,Tirreno-Adriatico,50,,181000,2391.648515355746,,438,,1,0,0,1987-03-16,0.013213527709147768,0.0,0.0
tour-de-france/1996/stage-20,Tour de France,100,,63500,639.9999999999998,1,1872,,1,0,0,1996-07-20,0.010078740157480311,603.0,208.2608531864815
tour-de-france/2018/stage-2,Tour de France,100,120,182500,1395.0,1,1689,,1,0,0,2018-07-08,0.007643835616438356,0.0,90.33962446431397
giro-d-italia/1999/stage-16,Giro d'Italia,80,,232000,2343.710116301937,,1057,,1,0,0,1999-05-31,0.01010219877716352,160.0,229.74476858502132
tour-de-france/2002/stage-5,Tour de France,100,,195000,1503.0,1,1489,,1,0,0,2002-07-11,0.007707692307692308,33.0,129.57084161366993
itzulia-basque-country/2023/stage-3,Itzulia Basque Country,50,50,162800,2799.0,3,719,13,1,0,0,2023-04-05,0.017192874692874692,693.0,464.1462318214466
giro-d-italia/2007/stage-16,Giro d'Italia,80,,189000,3309.0,2,844,,1,0,0,2007-05-29,0.017507936507936507,490.0,125.4368224005401
itzulia-basque-country/2008/stage-3,Vuelta Ciclista al País Vasco,50,,195000,2472.352751083383,,838,,1,0,0,2008-04-09,0.01267873205683786,0.0,222.59352354490895
volta-a-catalunya/1981/stage-3,Volta Ciclista a Catalunya,50,,155500,2200.670023122455,,388,,1,0,0,1981-09-06,0.014152218798215144,64.5,67.20283515322534
vuelta-a-espana/1982/stage-16,Vuelta a España,80,,176000,2621.1823075907296,,523,,1,0,0,1982-05-06,0.014893081293129145,3.0,578.412219129312
volta-a-catalunya/2014/stage-3,Volta Ciclista a Catalunya,50,6,162900,3545.0,5,896,,1,0,0,2014-03-26,0.021761817065684468,273.0,439.649722503814
tirreno-adriatico/2011/stage-2,Tirreno-Adriatico,50,6,202000,1783.0,1,1216,,1,0,0,2011-03-10,0.008826732673267326,0.0,31.80248301396198
vuelta-a-espana/1989/stage-1,Vuelta a España,80,,20100,588.0,,803,,1,0,0,1989-04-24,0.029253731343283584,15.0,12.27017299369717
paris-nice/2008/stage-3,Paris - Nice,30,,164500,2971.8784305432487,,775,,1,0,0,2008-03-12,0.018066130276858654,1026.0,452.7036065540229
vuelta-a-espana/2003/stage-9,Vuelta a España,80,,174800,4201.0,5,935,,1,0,0,2003-09-14,0.024033180778032036,1632.0,598.8200673533039
paris-nice/2016/stage-1,Paris - Nice,50,60,195000,935.0,1,1109,,1,0,0,2016-03-07,0.004794871794871795,88.0,211.75835287762004
paris-roubaix/1994/result,Paris - Roubaix,275,,270000,2785.1162821087783,,391,,0,0,0,1994-04-10,0.010315245489291771,684.0,349.8317158537892
tour-de-france/2000/stage-2,Tour de France,100,,194000,1383.0,1,1437,,1,0,0,2000-07-02,0.007128865979381443,0.0,94.28944642849595
paris-nice/2003/stage-6,Paris - Nice,50,,194500,3454.0089029192527,,831,,1,0,0,2003-03-15,0.01775840052914783,471.0,695.434618570545
volta-a-catalunya/2005/stage-5,Volta Ciclista a Catalunya,50,,17100,421.91266792981173,5,850,,1,0,0,2005-05-20,0.024673255434491913,303.0,127.00881109292416
tour-de-france/2000/stage-15,Tour de France,100,,173500,5231.0,5,1437,,1,0,0,2000-07-16,0.03014985590778098,2156.0,784.7965952146877
tour-de-france/1995/stage-19,Tour de France,100,,46000,1097.0,1,1871,,1,0,0,1995-07-22,0.02384782608695652,428.0,147.07993903595147
dauphine/1990/stage-8,Critérium du Dauphiné Libéré,50,,37800,369.77964761252247,,637,,1,0,0,1990-06-06,0.009782530360119642,81.0,30.69219951569309
tour-de-france/1996/stage-8,Tour de France,100,,30500,1556.0,5,1872,,1,0,0,1996-07-07,0.05101639344262295,486.0,177.4411231835384
tour-de-france/1981/stage-9,Tour de France,100,,196500,1781.0,1,1362,,1,0,0,1981-07-05,0.009063613231552163,156.0,32.51284449984751
tour-de-france/2022/stage-1,Tour de France,100,120,13200,21.0,1,1551,,1,0,0,2022-07-01,0.001590909090909091,66.0,31.01647213198105
tour-de-france/2022/stage-18,Tour de France,100,120,143200,4036.0,5,1551,27,1,0,0,2022-07-21,0.028184357541899442,1943.0,674.3961074846359
volta-a-catalunya/2000/stage-2,Volta a Catalunya,50,,160000,2202.3046987972416,,697,,1,0,0,2000-06-16,0.01376440436748276,0.0,21.97819184934345
tour-de-france/2001/stage-7,Tour de France,100,,162000,3300.0,2,1496,,1,0,0,2001-07-14,0.020370370370370372,650.0,449.482910665711
dauphine/1987/stage-3b,Critérium du Dauphiné Libéré,50,,32000,314.8054105699739,,505,,1,0,0,1987-05-28,0.009837669080311685,59.5,24.999777776790115
dauphine/2006/stage-6,Critérium du Dauphiné Libéré,50,,169000,3914.379992296299,,800,,1,0,0,2006-06-10,0.023162011788735497,1673.0,799.1205140309817
liege-bastogne-liege/1971/result,Liège - Bastogne - Liège,275,,251000,3265.398507157105,,447,,0,0,0,1971-04-25,0.013009555805406792,414.0,356.96375381607237
tour-de-france/1982/stage-18,Tour de France,100,,233000,2500.0,2,1492,,1,0,0,1982-07-22,0.01072961373390558,631.0,132.6370279271698
il-lombardia/2003/result,Giro di Lombardia,275,,249000,4113.0,,1100,,0,0,0,2003-10-18,0.016518072289156627,300.0,283.240220097185
world-championship/2005/result,World Championships ME - Road Race,350,,273000,3404.0,,1110,,0,0,0,2005-09-25,0.01246886446886447,36.0,328.68314235865114
giro-d-italia/2006/stage-14,Giro d'Italia,80,,189000,496.0,1,997,,1,0,0,2006-05-22,0.002624338624338624,0.0,20.37981537629364
tour-de-france/2023/stage-17,Tour de France,100,210,165700,5399.0,4,1584,24,1,0,0,2023-07-19,0.03258298129149065,2193.0,762.608742887728
tour-de-suisse/1989/stage-2,Tour de Suisse,50,,197500,1327.8978952419252,,604,,1,0,0,1989-06-15,0.006723533646794558,7.0,2.2135943621178655
tour-de-france/1985/stage-11,Tour de France,100,,195000,3500.0,5,1470,,1,0,0,1985-07-09,0.017948717948717947,1007.0,550.2117465065506
tour-de-france/2002/stage-10,Tour de France,100,,147000,1183.0,1,1489,,1,0,0,2002-07-17,0.008047619047619048,237.0,44.37229013493066
tour-de-france/2023/stage-14,Tour de France,100,210,151800,4281.0,4,1584,28,1,0,0,2023-07-15,0.028201581027667986,1956.0,634.7252152286476
vuelta-a-espana/1996/stage-21,Vuelta a España,80,,43000,591.0,,988,,1,0,0,1996-09-28,0.013744186046511628,370.0,139.68600071164303
vuelta-a-espana/1998/stage-6,Vuelta a España,80,,202000,1959.0,,1309,,1,0,0,1998-09-10,0.009698019801980198,286.0,382.0594458890745
tour-de-france/2010/stage-6,Tour de France,100,20,227500,2345.0,1,1685,,1,0,0,2010-07-09,0.010307692307692308,3.0,65.89098730754482
tour-de-suisse/1979/stage-1,Tour de Suisse,50,,180000,959.6503990652075,,538,,1,0,0,1979-06-14,0.005331391105917819,0.0,0.0
tour-de-france/1991/stage-22,Tour de France,100,,178000,2412.0,1,1933,,1,0,0,1991-07-28,0.01355056179775281,0.0,0.0
tour-de-romandie/1973/stage-1,Tour de Romandie,50,,192500,4355.714559018465,,352,,1,0,0,1973-05-09,0.022627088618277738,91.0,37.99839177883425
san-sebastian/2023/result,Donostia San Sebastian Klasikoa,225,400,230300,4057.0,2,787,24,0,0,0,2023-07-29,0.01761615284411637,669.5,389.1570497039062
volta-a-catalunya/1984/stage-4b,Volta Ciclista a Catalunya,50,,92000,1839.9180267659235,,319,,1,0,0,1984-09-09,0.019999108986586127,0.0,17.28711787558714
tour-de-suisse/2022/stage-4,Tour de Suisse,50,60,190800,2062.0,2,767,29,1,0,0,2022-06-15,0.01080712788259958,171.0,269.2623917211435
dauphine/1984/stage-7a,Critérium du Dauphiné Libéré,50,,104000,1751.4456832752044,,529,,1,0,0,1984-06-04,0.016840823877646197,0.0,0.0
paris-nice/2005/stage-1,Paris - Nice,50,,186500,1491.0995499191945,1,1091,,1,0,0,2005-03-07,0.007995171849432678,58.0,59.919386135918465
vuelta-a-espana/1996/stage-12,Vuelta a España,80,,191700,1935.0,,988,,1,0,0,1996-09-19,0.010093896713615023,598.0,355.1964310036083
paris-nice/2022/stage-7,Paris - Nice,50,60,155200,3582.0,5,1182,,1,0,0,2022-03-12,0.023079896907216495,1088.0,571.018572454276
itzulia-basque-country/2011/stage-2,Vuelta Ciclista al País Vasco,50,6,167000,2997.0,,935,,1,0,0,2011-04-05,0.017946107784431137,270.0,378.44517080415045
paris-roubaix/1988/result,Paris - Roubaix,275,,266000,3058.6934260838316,,611,,0,0,0,1988-04-10,0.011498847466480569,315.0,244.2592020965798
vuelta-a-espana/2007/stage-1,Vuelta a España,80,,146400,2160.0,2,995,,1,0,0,2007-09-01,0.014754098360655738,0.0,34.980251868952635
tour-de-suisse/1979/stage-4,Tour de Suisse,50,,196000,914.9475474811582,,538,,1,0,0,1979-06-17,0.0046680997320467255,0.0,0.0
liege-bastogne-liege/2018/result,Liège - Bastogne - Liège,275,500,258500,4109.0,3,1168,,0,0,0,2018-04-22,0.015895551257253386,558.0,351.45871519591265
giro-d-italia/2000/stage-11,Giro d'Italia,80,,42000,23.0,1,866,,1,0,0,2000-05-24,0.0005476190476190477,339.0,118.07317502151311
itzulia-basque-country/2021/stage-2,Itzulia Basque Country,50,50,154800,2616.0,3,936,,1,0,0,2021-04-06,0.01689922480620155,267.0,280.03850265842937
tour-de-suisse/1970/prologue,Tour de Suisse,50,,4000,249.97255474727626,,393,,1,0,0,1970-06-10,0.062493138686819064,5.5,3.371448748930742
tour-de-suisse/1982/stage-5,Tour de Suisse,50,,141000,1307.372036349328,,657,,1,0,0,1982-06-21,0.009272142101768284,0.0,0.0
milano-sanremo/1993/result,Milano-Sanremo,275,,297000,3047.601442466798,,1704,,0,0,0,1993-03-20,0.010261284318070026,94.0,139.03558207078146
tour-de-romandie/2012/stage-5,Tour de Romandie,50,6,16500,585.9999999999998,2,727,,1,0,0,2012-04-29,0.0355151515151515,156.0,75.32394071219059
tour-de-france/2003/stage-18,Tour de France,100,,202500,1678.0,1,1688,,1,0,0,2003-07-25,0.00828641975308642,1445.0,444.56636366315456
e3-harelbeke/1972/result,E3-Prijs Harelbeke,125,,226000,1312.6626561139444,,394,,0,0,0,1972-03-25,0.005808241841212144,0.0,40.53146925538229
vuelta-a-espana/1981/stage-16,Vuelta a España,80,,209000,2472.085170854031,,457,,1,0,0,1981-05-07,0.011828158712220243,508.0,73.79202053800918
vuelta-a-espana/2014/stage-14,Vuelta a España,80,16,200800,4198.0,5,1175,,1,0,0,2014-09-06,0.020906374501992033,906.0,517.7072825913574
dauphine/2008/stage-4,Critérium du Dauphiné Libéré,50,,31000,440.45675404239296,,644,,1,0,0,2008-06-11,0.01420828238846429,241.5,91.92020199856692
dauphine/2011/prologue,Critérium du Dauphiné,50,6,5400,58.0,,958,,1,0,0,2011-06-05,0.01074074074074074,29.0,14.445962926424208
omloop-het-nieuwsblad/1972/result,Omloop Het Volk,125,,198000,1365.6128568354789,,502,,0,0,0,1972-03-04,0.006897034630482217,0.0,8.262364471909157
vuelta-a-espana/2014/stage-16,Vuelta a España,80,16,160500,4908.0,5,1175,,1,0,0,2014-09-08,0.03057943925233645,1610.0,684.0735677210288
paris-nice/2012/stage-7,Paris - Nice,50,6,219500,3382.0,2,1079,,1,0,0,2012-03-10,0.015407744874715261,564.0,218.2224213768394
volta-a-catalunya/1996/stage-2,Volta Ciclista a Catalunya,50,,147100,1910.0,,327,,1,0,0,1996-06-15,0.012984364377974168,0.0,0.0
dauphine/1983/stage-2b,Critérium du Dauphiné Libéré,50,,75000,1290.0582417684664,,621,,1,0,0,1983-06-01,0.017200776556912885,95.0,42.485291572496
tour-de-suisse/1977/stage-9a,Tour de Suisse,50,,149000,2143.229489086472,,627,,1,0,0,1977-06-24,0.01438409053078169,164.5,177.4673678924288
vuelta-a-espana/2018/stage-5,La Vuelta ciclista a España,80,100,188700,3178.0,4,1036,,1,0,0,2018-08-29,0.016841547429782725,295.0,363.9385035296426
tour-de-france/1981/stage-16,Tour de France,100,,199500,5000.0,4,1362,,1,0,0,1981-07-12,0.02506265664160401,1665.0,674.6899587458273
il-lombardia/1973/result,Giro di Lombardia,275,,266000,3149.643186181166,,544,,0,0,0,1973-10-13,0.011840763857823932,0.0,0.0
vuelta-a-espana/2017/stage-9,Vuelta a España,80,100,174000,2041.0,3,899,,1,0,0,2017-08-27,0.011729885057471265,581.0,455.68291558464955
tour-de-france/1997/stage-9,Tour de France,100,,182000,5000.0,4,1994,,1,0,0,1997-07-14,0.027472527472527472,1677.0,695.6733252715097
vuelta-a-espana/1982/stage-15a,Vuelta a España,80,,119000,1006.3699737042841,,523,,1,0,0,1982-05-05,0.008456890535330119,0.0,37.45130171302461
tour-de-france/2002/stage-15,Tour de France,100,,226500,4619.0,5,1489,,1,0,0,2002-07-23,0.020392935982339957,1122.0,445.5228042907362
vuelta-a-espana/2022/stage-17,La Vuelta ciclista a España,80,100,162300,2755.0,1,968,27,1,0,0,2022-09-07,0.016974738139248307,870.0,368.36396765479174
tour-de-france/1996/stage-14,Tour de France,100,,186500,3000.0,3,1872,,1,0,0,1996-07-14,0.0160857908847185,299.0,167.25638545580452
vuelta-a-espana/1998/stage-10,Vuelta a España,80,,200000,4219.0,,1309,,1,0,0,1998-09-15,0.021095,1580.0,649.3516860938519
itzulia-basque-country/2013/stage-6,Vuelta Ciclista al País Vasco,50,6,24000,437.0,2,927,,1,0,0,2013-04-06,0.018208333333333333,164.0,91.76496780781969
dwars-door-vlaanderen/2003/result,Dwars door Vlaanderen,75,,200000,2111.0227757352473,2,526,,0,0,0,2003-03-26,0.010555113878676236,47.0,44.714710459876564
dauphine/2007/stage-1,Critérium du Dauphiné Libéré,50,,219000,3424.145745809714,,816,,1,0,0,2007-06-11,0.01563536870232746,0.0,35.62998914670389
dauphine/2006/stage-3,Critérium du Dauphiné Libéré,30,,43000,353.9606079057453,,800,,1,0,0,2006-06-07,0.008231642044319658,311.0,113.81390231692937
tour-de-france/2002/stage-17,Tour de France,100,,142000,4000.0,4,1489,,1,0,0,2002-07-25,0.028169014084507043,852.0,456.23839697967895
tour-de-france/1984/prologue,Tour de France,100,,5400,79.97849797057461,1,1632,,1,0,0,1984-06-29,0.014810832957513816,34.5,14.274916236313842
tour-de-france/1987/stage-6,Tour de France,100,,169000,2646.0,4,1812,,1,0,0,1987-07-06,0.01565680473372781,157.0,213.08319596728956
paris-nice/1996/stage-7,Paris - Nice,50,,193700,2655.1847438170994,,766,,1,0,0,1996-03-16,0.013707716798229734,0.0,0.0
e3-harelbeke/1973/result,E3-Prijs Harelbeke,125,,226000,1305.6824333790382,,480,,0,0,0,1973-03-24,0.005777355899907249,22.0,9.838699100999074
san-sebastian/2009/result,Clasica Ciclista San Sebastian,225,,237000,3940.2146455083157,2,864,,0,0,0,2009-08-01,0.01662537825108994,0.0,0.0
paris-nice/2015/stage-4,Paris - Nice,50,6,204000,3295.0,5,1225,,1,0,0,2015-03-12,0.016151960784313725,843.5,564.0034083440062
vuelta-a-espana/2008/stage-2,Vuelta a España,80,,167300,2224.0,3,1101,,1,0,0,2008-08-31,0.013293484757919905,2.0,158.46613895737144
milano-sanremo/1997/result,Milano-Sanremo,275,,294000,3125.7702502509446,,1530,,0,0,0,1997-03-22,0.010631871599493008,187.0,225.45611797013842
tour-de-suisse/1997/stage-3,Tour de Suisse,50,,183200,2814.0410898027385,,1161,,1,0,0,1997-06-20,0.015360486298049883,417.0,406.3684514091291
itzulia-basque-country/2015/stage-4,Vuelta Ciclista al País Vasco,50,6,162200,3498.0,3,970,,1,0,0,2015-04-09,0.02156596794081381,739.0,520.4412735699347
tour-de-romandie/1983/stage-5a,Tour de Romandie,50,,85100,1670.0298939863205,,478,,1,0,0,1983-05-08,0.01962432307857016,0.0,0.0
giro-d-italia/2021/stage-1,Giro d'Italia,80,100,8600,48.0,1,885,,1,0,0,2021-05-08,0.005581395348837209,52.0,19.557115214772285
tour-de-france/1984/stage-19,Tour de France,100,,186000,5500.0,4,1632,,1,0,0,1984-07-18,0.02956989247311828,718.0,512.6677790914259
giro-d-italia/2020/stage-9,Giro d'Italia,80,100,208000,4544.0,5,765,,1,0,0,2020-10-11,0.021846153846153845,973.0,683.1424660572768
paris-nice/2005/prologue,Paris - Nice,50,,4000,39.901918239898805,1,1091,,1,0,0,2005-03-06,0.009975479559974701,18.0,8.392761445903384
paris-nice/2005/stage-7,Paris - Nice,50,,135000,2209.6649479091625,4,1091,,1,0,0,2005-03-13,0.016367888503030833,115.0,375.8346897563485
vuelta-a-espana/1982/stage-11,Vuelta a España,80,,143000,1355.6804036421722,,523,,1,0,0,1982-05-01,0.009480282542952254,54.0,63.96736652068644
tour-de-france/1989/stage-10,Tour de France,100,,136000,4750.0,5,1849,,1,0,0,1989-07-11,0.034926470588235295,1304.5,520.3044316278177
paris-roubaix/2002/result,Paris - Roubaix,275,,261000,2267.802712301829,1,565,,0,0,0,2002-04-14,0.00868889928084992,551.0,325.7658593559969
tour-de-france/2021/stage-17,Tour de France,100,120,178400,4375.0,5,1646,,1,0,0,2021-07-14,0.024523542600896862,1739.0,618.8399732878039
tour-de-romandie/2018/stage-2,Tour de Romandie,50,60,173900,2195.0,2,566,,1,0,0,2018-04-26,0.012622196664749856,124.0,324.79008429621564
volta-a-catalunya/2023/stage-6,Volta Ciclista a Catalunya,50,50,174100,2534.0,2,704,18,1,0,0,2023-03-25,0.014554853532452613,295.0,318.2908529464069
paris-nice/2017/stage-4,Paris - Nice,50,60,14500,333.0,3,1158,,1,0,0,2017-03-08,0.02296551724137931,152.5,69.6203788573816
paris-roubaix/1974/result,Paris - Roubaix,275,,274000,2426.049500463977,,681,,0,0,0,1974-04-07,0.0088541952571678,266.0,110.5364541330492
volta-a-catalunya/1994/stage-3,Volta Ciclista a Catalunya,50,,217500,2230.0,,379,,1,0,0,1994-09-10,0.010252873563218391,0.0,0.0
giro-d-italia/2020/stage-3,Giro d'Italia,80,100,150000,3516.0,5,765,,1,0,0,2020-10-05,0.02344,973.5,608.7079687903466
vuelta-a-espana/2018/stage-19,La Vuelta ciclista a España,80,100,154400,3183.0,5,1036,,1,0,0,2018-09-14,0.020615284974093265,1081.0,471.2845313070725
vuelta-a-espana/2006/stage-4,Vuelta a España,80,,142000,1005.0,1,1026,,1,0,0,2006-08-29,0.007077464788732394,0.0,44.770025383083954
tour-de-suisse/1994/stage-7,Tour de Suisse,50,,186500,1146.5800782852803,,616,,1,0,0,1994-06-21,0.0061478824572937275,0.0,0.0
il-lombardia/1996/result,Giro di Lombardia,275,,250000,1619.158534602673,,741,,0,0,0,1996-10-19,0.006476634138410692,726.0,239.97277250735314
vuelta-a-espana/2002/stage-18,Vuelta a España,80,,193700,3989.0,5,1084,,1,0,0,2002-09-25,0.02059370160041301,1184.0,561.3202588831231
tirreno-adriatico/2018/stage-6,Tirreno-Adriatico,50,60,153000,1933.0,2,1196,,1,0,0,2018-03-12,0.012633986928104576,0.0,132.67255948302096
tour-de-france/2017/stage-5,Tour de France,100,120,160500,2348.0,5,1791,,1,0,0,2017-07-05,0.014629283489096574,626.0,356.0704012476094
tour-de-suisse/1978/stage-7,Tour de Suisse,50,,191500,2256.5442591317774,,691,,1,0,0,1978-06-21,0.011783520935413981,0.0,0.0
tour-de-suisse/2018/stage-8,Tour de Suisse,50,60,123000,824.0000000000002,3,956,,1,0,0,2018-06-16,0.006699186991869921,23.0,135.67478099237107
tour-de-suisse/1983/stage-6,Tour de Suisse,50,,177500,2085.4360398611802,,809,,1,0,0,1983-06-20,0.011748935435837635,421.0,172.30167342967587
dauphine/2012/stage-5,Critérium du Dauphiné,50,6,186500,3216.0,,1117,,1,0,0,2012-06-08,0.017243967828418232,543.0,437.2557099083605
tour-de-france/2014/stage-20,Tour de France,100,20,54000,610.9999999999998,3,1612,,1,0,0,2014-07-26,0.01131481481481481,435.0,144.10286674386697
omloop-het-nieuwsblad/1973/result,Omloop Het Volk,125,,198000,1404.2332664545265,,473,,0,0,0,1973-03-03,0.00709208720431579,63.0,37.99436048378007
strade-bianche/2014/result,Strade Bianche,75,,197000,3103.0,3,651,,0,0,0,2014-03-08,0.015751269035532995,735.0,359.5160884046528
paris-nice/2002/stage-7,Paris - Nice,50,,157000,2328.9318313283575,,883,,1,0,0,2002-03-17,0.014833960709097819,0.0,2.8659359630995693
tour-de-suisse/2007/stage-5,Tour de Suisse,50,,95000,2248.7382313035073,,1089,,1,0,0,2007-06-21,0.023670928750563234,635.0,466.72436055895656
tour-de-france/2017/stage-6,Tour de France,100,120,216000,1735.0,1,1791,,1,0,0,2017-07-06,0.008032407407407408,0.0,57.43138310427937
volta-a-catalunya/1995/stage-5,Volta Ciclista a Catalunya,50,,163300,2639.0,,737,,1,0,0,1995-06-20,0.01616044090630741,0.0,0.0
tour-de-suisse/2016/stage-8,Tour de Suisse,50,60,16800,260.0,2,680,,1,0,0,2016-06-18,0.015476190476190477,124.0,62.88331213866913
paris-nice/1996/stage-4,Paris - Nice,50,,162600,1722.4459274474661,,766,,1,0,0,1996-03-13,0.01059314838528577,86.5,43.06809630736225
dauphine/2008/stage-6,Critérium du Dauphiné Libéré,50,,125000,2760.1594799704,,644,,1,0,0,2008-06-13,0.022081275839763197,537.0,426.5005974162952
tour-de-france/2000/stage-11,Tour de France,100,,218500,2632.0,1,1437,,1,0,0,2000-07-11,0.012045766590389017,379.0,210.50741749552498
tour-de-france/2002/stage-8,Tour de France,100,,217500,2436.0,1,1489,,1,0,0,2002-07-14,0.0112,115.0,72.56904480004245
itzulia-basque-country/2017/stage-6,Vuelta al País Vasco,50,50,27700,522.0,2,811,,1,0,0,2017-04-08,0.018844765342960288,183.0,82.3293476520639
giro-d-italia/2023/stage-7,Giro d'Italia,80,180,218000,4143.0,5,835,14,1,0,0,2023-05-12,0.0190045871559633,524.0,673.1306935264772
omloop-het-nieuwsblad/2011/result,Omloop Het Nieuwsblad ME,125,,203000,1952.9074362265585,2,599,,0,0,0,2011-02-26,0.0096202336759929,641.0,268.4728059814371
tirreno-adriatico/1970/stage-5b,Tirreno-Adriatico,50,,18000,288.77938404429415,,455,,1,0,0,1970-03-15,0.016043299113571895,35.0,18.947295321496416
paris-nice/1985/stage-4a,Paris - Nice,50,,98000,1555.3553893855656,,815,,1,0,0,1985-03-07,0.0158709733610772,76.0,26.7329384841996
dwars-door-vlaanderen/2023/result,Dwars door Vlaanderen - A travers la Flandre ME,225,300,183700,1459.0,2,866,15,0,0,0,2023-03-29,0.00794229722373435,212.0,162.0274224500643
giro-d-italia/2011/stage-10,Giro d'Italia,80,16,159000,1207.0,3,891,,1,0,0,2011-05-17,0.0075911949685534596,0.0,56.644296050748245
vuelta-a-espana/2003/stage-19,Vuelta a España,80,,164000,2579.0,4,935,,1,0,0,2003-09-24,0.01572560975609756,621.0,485.8795354160041
tour-de-suisse/2006/stage-9,Tour de Suisse,30,,30700,381.60063665914004,,972,,1,0,0,2006-06-18,0.012429988164792835,219.5,93.7755780268398
tour-de-france/2015/stage-6,Tour de France,100,20,191500,1694.0,3,1812,,1,0,0,2015-07-09,0.008845953002610965,2.0,106.30384749831836
giro-d-italia/2015/stage-14,Giro d'Italia,80,16,59400,593.0,3,861,,1,0,0,2015-05-23,0.009983164983164983,383.0,180.19131356603341
giro-d-italia/1992/stage-17,Giro d'Italia,80,,200000,1803.494451075748,,953,,1,0,0,1992-06-10,0.00901747225537874,32.0,25.741757811736463
itzulia-basque-country/2004/stage-2,Vuelta al País Vasco,50,,180000,2342.2350337005187,,1020,,1,0,0,2004-04-06,0.01301241685389177,121.0,325.3564663402321
tour-de-france/2012/stage-14,Tour de France,100,20,191000,3284.0,4,1703,,1,0,0,2012-07-15,0.017193717277486913,1279.0,416.95117366699526
dauphine/2012/stage-6,Critérium du Dauphiné,50,6,167500,4158.0,,1117,,1,0,0,2012-06-09,0.024823880597014927,709.0,364.02572741519
giro-d-italia/1993/stage-18,Giro d'Italia,80,,150000,1280.2420820759937,,1089,,1,0,0,1993-06-10,0.008534947213839959,0.0,0.0
giro-d-italia/2022/stage-9,Giro d'Italia,80,100,191000,5080.0,5,817,22,1,0,0,2022-05-15,0.026596858638743455,1995.0,909.4856344935462
tour-de-romandie/1989/stage-2,Tour de Romandie,50,,157100,1021.4344967174854,,502,,1,0,0,1989-05-11,0.006501810927546057,0.0,0.0
paris-nice/2001/stage-2,Paris - Nice,50,,195400,3742.125307828256,,902,,1,0,0,2001-03-13,0.01915110188243734,553.0,553.1043114130772
vuelta-a-espana/1999/stage-4,Vuelta a España,80,,185000,1607.0,,1342,,1,0,0,1999-09-08,0.008686486486486487,0.0,176.9116852623681
il-lombardia/2022/result,Il Lombardia,275,500,253000,4852.0,2,1019,20,0,0,0,2022-10-08,0.019177865612648223,495.5,460.1254636705724
tour-de-france/1981/stage-19,Tour de France,100,,117500,1996.0,2,1362,,1,0,0,1981-07-16,0.01698723404255319,229.0,168.23691827023492
vuelta-a-espana/1988/stage-9,Vuelta a España,80,,6800,425.0,,828,,1,0,0,1988-05-03,0.0625,33.5,14.960689229518211
tour-de-suisse/2010/stage-7,Tour de Suisse,50,6,172400,2761.078255887023,,1198,,1,0,0,2010-06-19,0.01601553512695489,555.0,389.46940667115604
giro-d-italia/2016/stage-16,Giro d'Italia,80,100,132000,2737.0,4,933,,1,0,0,2016-05-24,0.020734848484848484,1041.0,333.51329746261644
tour-de-france/2007/stage-6,Tour de France,100,,199500,1484.0,1,1612,,1,0,0,2007-07-13,0.00743859649122807,0.0,13.758243245887686
la-fleche-wallone/1984/result,La Flèche Wallonne,225,,246000,3611.854436808617,,811,,0,0,0,1984-04-12,0.014682335108978118,403.0,247.29917843342335
dwars-door-vlaanderen/2011/result,Dwars door Vlaanderen,75,,201000,3100.808174287672,2,556,,0,0,0,2011-03-23,0.015426906339739662,620.0,303.50043905168934
dauphine/2020/stage-1,Critérium du Dauphiné,50,60,218500,3575.0,5,1243,,1,0,0,2020-08-12,0.016361556064073225,170.0,416.18348188370794
giro-d-italia/1997/stage-22,Giro d'Italia,80,,165000,1427.4086580836733,,792,,1,0,0,1997-06-08,0.008650961564143475,0.0,11.048547053496572
tour-de-suisse/2003/stage-1,Tour de Suisse,50,,163000,2261.5052017484045,,660,,1,0,0,2003-06-17,0.013874265041401254,48.0,236.64088103753335
tirreno-adriatico/2010/stage-4,Tirreno-Adriatico,50,6,243000,3603.0,3,1176,,1,0,0,2010-03-13,0.01482716049382716,680.0,719.7672480658736
tirreno-adriatico/2022/stage-3,Tirreno-Adriatico,50,60,170000,2063.0,2,1059,,1,0,0,2022-03-09,0.012135294117647058,0.0,95.30579617880579
vuelta-a-espana/1998/stage-18,Vuelta a España,80,,223000,751.0,,1309,,1,0,0,1998-09-23,0.003367713004484305,0.0,213.916918344837
vuelta-a-espana/1997/stage-8,Vuelta a España,80,,175000,1863.0,,1165,,1,0,0,1997-09-13,0.010645714285714286,28.5,15.503055725956264
giro-d-italia/2007/stage-13,Giro d'Italia,80,,13000,728.0000000000002,5,844,,1,0,0,2007-05-25,0.056000000000000015,227.0,91.09864438250024
giro-d-italia/2009/stage-17,Giro d'Italia,50,,83000,2085.0,5,975,,1,0,0,2009-05-27,0.025120481927710842,713.0,312.7856946419888
tour-de-france/1990/stage-8,Tour de France,100,,181900,805.0,1,1959,,1,0,0,1990-07-08,0.004425508521165475,21.0,50.028691854958545
tirreno-adriatico/2006/stage-4,Tirreno-Adriatico,50,,219000,2247.900310492842,2,1210,,1,0,0,2006-03-11,0.01026438497941937,73.0,190.51241475893713
vuelta-a-espana/2005/stage-15,Vuelta a España,80,,191000,3940.0,5,960,,1,0,0,2005-09-11,0.0206282722513089,1593.0,645.8077859173659
dauphine/2000/stage-6,Criterium du Dauphiné Libére,50,,218000,3391.9955465835046,,494,,1,0,0,2000-06-10,0.015559612599006902,713.0,590.8106343217814
volta-a-catalunya/1996/prologue,Volta Ciclista a Catalunya,50,,8200,564.3914877561613,,327,,1,0,0,1996-06-13,0.06882823021416601,28.0,11.276819882691514
tour-de-france/2009/stage-14,Tour de France,100,,199000,1709.0,2,1557,,1,0,0,2009-07-18,0.008587939698492463,336.0,82.69135398326058
vuelta-a-espana/2017/stage-10,Vuelta a España,80,100,164800,1568.0,2,899,,1,0,0,2017-08-29,0.009514563106796117,879.0,322.8589526601189
giro-d-italia/2020/stage-16,Giro d'Italia,80,100,229000,4056.0,3,765,,1,0,0,2020-10-20,0.0177117903930131,950.0,432.96790178961237
vuelta-a-espana/2021/stage-6,La Vuelta ciclista a España,80,100,158300,902.0,3,1023,,1,0,0,2021-08-19,0.005698041692987998,389.0,290.102149036716
vuelta-a-espana/1997/stage-5,Vuelta a España,80,,229000,2771.0,,1165,,1,0,0,1997-09-10,0.012100436681222708,0.0,267.4511040214955
vuelta-a-espana/1983/stage-14,Vuelta a España,80,,185000,3248.271754459235,,705,,1,0,0,1983-05-03,0.017558225699779648,518.0,371.61823512316556
vuelta-a-espana/2011/stage-7,Vuelta a España,80,,185000,2128.0,2,1170,,1,0,0,2011-08-26,0.011502702702702703,0.0,111.66338140315979
gran-camino/2023/stage-2,O Gran Camiño,20,14,184300,2456.0,3,156,,1,0,0,2023-02-24,0.013326098752034726,237.0,266.1197350082882
tour-de-suisse/2021/stage-7,Tour de Suisse,50,60,23200,654.0,4,670,,1,0,0,2021-06-12,0.028189655172413793,254.0,101.6166562434802
tirreno-adriatico/2003/stage-5,Tirreno-Adriatico,50,,181000,2407.550140905932,,882,,1,0,0,2003-03-17,0.013301381993955426,20.0,359.5605326344265
giro-d-italia/2004/stage-3,Giro d'Italia,80,,191000,3526.0,5,621,,1,0,0,2004-05-11,0.018460732984293193,604.0,442.9693570591785
tirreno-adriatico/1994/stage-8,Tirreno-Adriatico,50,,155000,1377.6903587019256,,727,,1,0,0,1994-03-16,0.008888324894851132,0.0,0.0
amstel-gold-race/2017/result,Amstel Gold Race,225,500,261000,3328.0,2,949,,0,0,0,2017-04-16,0.01275095785440613,425.0,282.1496773787707
dauphine/1983/stage-5,Critérium du Dauphiné Libéré,50,,243000,3121.0979168741146,,621,,1,0,0,1983-06-04,0.012844024349276192,0.0,0.0
tour-de-suisse/2016/stage-5,Tour de Suisse,50,60,126400,3550.0,5,680,,1,0,0,2016-06-15,0.028085443037974684,1252.0,567.023872626202
vuelta-a-espana/2016/stage-18,Vuelta a España,80,100,200600,2550.0,2,821,,1,0,0,2016-09-08,0.012711864406779662,15.0,113.46276648699336
giro-d-italia/2015/stage-17,Giro d'Italia,80,16,134000,1857.0,2,861,,1,0,0,2015-05-27,0.013858208955223881,62.0,172.79880116277158
volta-a-catalunya/2013/stage-1,Volta Ciclista a Catalunya,50,6,159300,2101.0,4,811,,1,0,0,2013-03-18,0.013188951663527935,28.0,135.30140490067035
vuelta-a-espana/1991/stage-21,Vuelta a España,80,,169600,888.0,,1042,,1,0,0,1991-05-19,0.005235849056603774,0.0,0.0
dauphine/2014/stage-7,Critérium du Dauphiné,50,6,160000,4130.0,5,941,,1,0,0,2014-06-14,0.0258125,1146.0,736.3138106547311
giro-d-italia/1995/stage-16,Giro d'Italia,80,,234000,1350.6575952090204,,1365,,1,0,0,1995-05-29,0.005772041005166754,0.0,0.0
vuelta-a-espana/1996/stage-9,Vuelta a España,80,,203500,1408.0,,988,,1,0,0,1996-09-15,0.006918918918918919,0.0,16.481617095450662
vuelta-a-espana/1980/stage-14,Vuelta a España,80,,156000,1367.1358099369886,,520,,1,0,0,1980-05-06,0.00876369108933967,0.0,43.13085810636182
itzulia-basque-country/2021/stage-5,Itzulia Basque Country,50,50,160200,2258.0,2,936,,1,0,0,2021-04-09,0.014094881398252185,28.0,182.15669606615728
vuelta-a-espana/2000/stage-8,Vuelta a España,80,,170000,1269.0,,981,,1,0,0,2000-09-02,0.007464705882352941,0.0,78.71540324521098
volta-a-catalunya/2004/stage-3,Volta a Catalunya,50,,200700,3082.486587473224,5,376,,1,0,0,2004-06-16,0.01535867756588552,668.0,553.9122630850075
giro-d-italia/2009/stage-10,Giro d'Italia,35,,250000,4215.0,4,975,,1,0,0,2009-05-19,0.01686,1014.0,808.4178295890697
itzulia-basque-country/2014/stage-2,Vuelta Ciclista al País Vasco,50,6,155800,2738.0,2,912,,1,0,0,2014-04-08,0.017573812580231066,207.0,286.4827460874324
giro-d-italia/2004/stage-17,Giro d'Italia,80,,153000,2279.0,2,621,,1,0,0,2004-05-27,0.014895424836601306,833.0,299.37256339260506
tour-de-suisse/1988/stage-4,Tour de Suisse,50,,210000,1639.2061825959863,,548,,1,0,0,1988-06-17,0.007805743726647554,0.0,0.0
tour-de-france/1983/stage-1,Tour de France,100,,163000,1287.0,1,1269,,1,0,0,1983-07-02,0.007895705521472392,0.0,55.22347572659472
tour-de-suisse/1974/stage-3b,Tour de Suisse,50,,8400,55.87171783180838,,541,,1,0,0,1974-06-15,0.0066513949799771885,8.5,9.32559202767667
tour-de-suisse/1976/stage-6,Tour de Suisse,50,,172500,4010.804209704109,,377,,1,0,0,1976-06-15,0.023251038896835413,57.0,31.27727381251213
giro-d-italia/2014/stage-14,Giro d'Italia,80,16,164000,3691.0,5,892,,1,0,0,2014-05-24,0.02250609756097561,33140.0,16427.08203283862
ronde-van-vlaanderen/1986/result,Ronde van Vlaanderen / Tour des Flandres,275,,275000,3122.261934068795,,601,,0,0,0,1986-04-06,0.011353679760250165,60.0,82.54553399298011
itzulia-basque-country/2003/stage-5a,Vuelta al País Vasco,50,,91000,2339.41789542734,,910,,1,0,0,2003-04-11,0.025707888960740003,361.0,355.38063247649546
tirreno-adriatico/2001/stage-8,Tirreno-Adriatico,50,,161000,1592.8652031162205,,1092,,1,0,0,2001-03-21,0.00989357269016286,0.0,31.061561035328456
giro-d-italia/2012/stage-12,Giro d'Italia,80,16,155000,2665.0,2,886,,1,0,0,2012-05-17,0.017193548387096774,488.0,398.76429723411746
tour-de-suisse/2011/stage-7,Tour de Suisse,50,6,222800,3030.1327225645914,,972,,1,0,0,2011-06-17,0.013600236636286317,708.0,495.81614406482726
vuelta-a-espana/2013/stage-20,Vuelta a España,80,16,142200,3728.0,5,1128,,1,0,0,2013-09-14,0.026216596343178623,1025.5,511.2011188050369
dwars-door-vlaanderen/1970/result,Dwars door België / À travers la Belgique,75,,195000,4294.132171767659,,171,,0,0,0,1970-03-22,0.022021190624449533,250.0,105.60790833564646
tour-de-romandie/2016/stage-2,Tour de Romandie,50,60,173900,3196.0,5,917,,1,0,0,2016-04-28,0.018378378378378378,689.0,479.35922325462946
dauphine/2011/stage-4,Critérium du Dauphiné,50,6,173500,1647.0,,958,,1,0,0,2011-06-09,0.009492795389048991,0.0,33.194110519770625
tirreno-adriatico/2012/stage-7,Tirreno-Adriatico,50,6,9300,6.0,1,1188,,1,0,0,2012-03-13,0.0006451612903225806,56.0,23.60418291705755
vuelta-a-espana/1985/stage-5,Vuelta a España,80,,238000,3500.0,,925,,1,0,0,1985-04-28,0.014705882352941176,1.0,0.22941573387056174
paris-nice/1980/stage-5,Paris - Nice,50,,185000,1739.7138014128502,,1128,,1,0,0,1980-03-10,0.009403858386015406,0.0,0.0
paris-nice/1998/stage-6,Paris - Nice,50,,223000,2969.9975741437847,,960,,1,0,0,1998-03-14,0.013318374771945222,158.0,389.4480568929909
tour-de-romandie/1997/stage-3,Tour de Romandie,50,,171700,2506.522683428118,,922,,1,0,0,1997-05-09,0.014598268395038543,0.0,0.0
giro-d-italia/2022/stage-18,Giro d'Italia,80,100,156000,1219.0,2,817,25,1,0,0,2022-05-26,0.007814102564102565,177.0,170.94420488375482
giro-d-italia/2000/stage-9,Giro d'Italia,80,,140000,3508.0,5,866,,1,0,0,2000-05-22,0.025057142857142858,1044.0,372.1793231899972
paris-nice/1986/stage-1,Paris - Nice,50,,148000,1146.2456574721994,,746,,1,0,0,1986-03-03,0.007744903091028374,0.0,0.0
giro-d-italia/1994/stage-15,Giro d'Italia,80,,195000,861.9390527563924,4,1292,,1,0,0,1994-06-05,0.0044202002705456015,0.0,0.0
paris-nice/2014/stage-7,Paris - Nice,50,6,195500,3928.0,3,971,,1,0,0,2014-03-15,0.020092071611253197,593.0,496.7394655236964
tour-de-france/1990/stage-13,Tour de France,100,,149000,1734.0,2,1959,,1,0,0,1990-07-14,0.01163758389261745,612.0,354.53391729159364
il-lombardia/1978/result,Giro di Lombardia,275,,266000,3016.7114851538854,,512,,0,0,0,1978-10-07,0.011341020620879268,304.0,366.438994848819
tour-de-france/1988/stage-20,Tour de France,100,,223500,2365.0,2,1941,,1,0,0,1988-07-22,0.01058165548098434,2.0,172.00853884225114
giro-d-italia/2023/stage-3,Giro d'Italia,80,180,213000,1777.0,2,835,20,1,0,0,2023-05-08,0.008342723004694836,280.0,388.4103070643543
gran-camino/2022/stage-4,Gran Camiño,20,14,15800,208.0,1,225,,1,0,0,2022-02-27,0.013164556962025316,93.0,52.29067451988496
tour-de-france/2011/stage-15,Tour de France,100,20,192500,1464.0,1,1713,,1,0,0,2011-07-17,0.007605194805194805,0.0,91.50936445674192
strade-bianche/2018/result,Strade Bianche,225,300,184000,2990.0,3,902,,0,0,0,2018-03-03,0.01625,586.0,411.41088618485514
dauphine/2002/stage-3,Critérium du Dauphiné Libéré,50,,41000,397.8001358123886,,602,,1,0,0,2002-06-12,0.009702442336887527,314.0,96.29282592529844
vuelta-a-espana/1980/stage-17,Vuelta a España,80,,138000,1232.4569362664265,,520,,1,0,0,1980-05-09,0.008930847364249468,0.0,0.0
tour-de-france/2023/stage-21,Tour de France,100,210,115100,577.0,1,1584,23,1,0,0,2023-07-23,0.005013032145960035,0.0,10.70368854862011
giro-d-italia/2022/stage-11,Giro d'Italia,80,100,203000,368.9999999999998,1,817,26,1,0,0,2022-05-18,0.001817733990147782,0.0,73.09182937281226
vuelta-a-espana/1992/stage-8,Vuelta a España,80,,240500,4120.0,,1033,,1,0,0,1992-05-04,0.01713097713097713,11.0,3.8705235280194823
vuelta-a-espana/1996/stage-1,Vuelta a España,80,,162000,862.0,,988,,1,0,0,1996-09-07,0.005320987654320987,0.0,9.565125201048435
vuelta-a-espana/2022/stage-6,La Vuelta ciclista a España,80,100,181200,4120.0,5,968,21,1,0,0,2022-08-25,0.022737306843267108,1600.0,668.4995788256621
giro-d-italia/2020/stage-1,Giro d'Italia,80,100,15100,74.0,1,765,,1,0,0,2020-10-03,0.00490066225165563,98.0,39.60596687255852
giro-d-italia/2002/stage-3,Giro d'Italia,80,,206000,2516.0,2,920,,1,0,0,2002-05-14,0.01221359223300971,0.0,157.10902168719784
volta-a-catalunya/1992/stage-7,Volta Ciclista a Catalunya,50,,172000,1903.0,,758,,1,0,0,1992-09-15,0.011063953488372092,0.0,0.0
tour-de-suisse/2000/stage-5,Tour de Suisse,50,,30000,515.2811758982261,,895,,1,0,0,2000-06-17,0.017176039196607536,181.5,77.38642776841361
il-lombardia/1995/result,Giro di Lombardia,275,,252000,2482.9706178486304,,646,,0,0,0,1995-10-21,0.009853058007335835,402.0,391.2211650716254
paris-nice/1989/stage-7a,Paris - Nice,50,,101000,1738.4788140553328,,794,,1,0,0,1989-03-12,0.017212661525300325,0.0,0.0
milano-sanremo/2023/result,Milano-Sanremo,275,800,294000,2154.0,2,1047,14,0,0,0,2023-03-18,0.007326530612244898,292.0,287.2654417800235
itzulia-basque-country/2016/stage-5,Vuelta Ciclista al País Vasco,50,50,159000,3586.0,5,943,,1,0,0,2016-04-08,0.022553459119496855,854.0,437.09724564120137
tour-de-suisse/1995/stage-4,Tour de Suisse,50,,192700,2713.769325099771,,764,,1,0,0,1995-06-17,0.014082871432795905,0.0,0.0
e3-harelbeke/1976/result,E3-Prijs Harelbeke,125,,228000,1315.0195964830857,,302,,0,0,0,1976-03-20,0.005767629809136341,45.0,40.80912416831088
tour-de-france/2003/stage-3,Tour de France,100,,167500,1605.0,1,1688,,1,0,0,2003-07-08,0.009582089552238805,0.0,44.72770503708779
tour-de-suisse/2005/stage-8,Tour de Suisse,50,,162000,3000.374791612373,,971,,1,0,0,2005-06-18,0.018520832046989958,561.0,364.6883199106536
tour-de-france/1996/stage-21,Tour de France,100,,147500,1740.0,1,1872,,1,0,0,1996-07-21,0.011796610169491526,0.0,4.8633581923375475
paris-nice/2011/stage-2,Paris - Nice,50,6,199000,885.9999999999998,1,1038,,1,0,0,2011-03-07,0.004452261306532662,0.0,31.925429803456915
omloop-het-nieuwsblad/1997/result,Omloop Het Volk,125,,200000,1728.8445462146833,,540,,0,0,0,1997-03-01,0.008644222731073417,27.0,200.30346802796325
vuelta-a-espana/1990/stage-17,Vuelta a España,80,,151000,2500.0,,807,,1,0,0,1990-05-10,0.016556291390728478,223.0,120.85567937873353
vuelta-a-espana/1980/stage-11,Vuelta a España,80,,219000,3780.5392400913925,,520,,1,0,0,1980-05-03,0.01726273625612508,1029.0,471.68834183739153
tour-de-romandie/2017/stage-4,Tour de Romandie,50,60,163500,3145.0,5,636,,1,0,0,2017-04-29,0.019235474006116207,360.5,534.7200870930437
tour-de-france/1985/stage-7,Tour de France,100,,217000,2341.0,2,1470,,1,0,0,1985-07-05,0.010788018433179723,9.0,120.40792276370959
giro-d-italia/2015/stage-8,Giro d'Italia,80,16,186000,3842.0,5,861,,1,0,0,2015-05-16,0.020655913978494624,1039.0,539.2716824943116
tirreno-adriatico/2020/stage-5,Tirreno-Adriatico,50,60,202000,4429.0,5,687,,1,0,0,2020-09-11,0.021925742574257424,1170.0,596.3564643589206
vuelta-a-espana/1990/stage-5,Vuelta a España,80,,198000,5000.0,,807,,1,0,0,1990-04-28,0.025252525252525252,206.0,66.50513764614982
dwars-door-vlaanderen/2001/result,Dwars door Vlaanderen,75,,201000,4327.75288757034,2,269,,0,0,0,2001-03-28,0.021531108893384776,284.0,138.88677365910655
paris-nice/1970/stage-7a,Paris - Nice,50,,73000,714.2759251004486,,1121,,1,0,0,1970-03-15,0.009784601713704776,0.0,0.0
vuelta-a-espana/1983/stage-13,Vuelta a España,80,,188000,3271.194940668822,,705,,1,0,0,1983-05-02,0.017399973088663947,551.0,349.9722916721717
volta-a-catalunya/2002/stage-5,Volta a Catalunya,50,,141300,2094.6690776083574,,431,,1,0,0,2002-06-21,0.014824268065168842,528.0,361.45469273915927
giro-d-italia/2014/stage-12,Giro d'Italia,80,16,42200,654.0,1,892,,1,0,0,2014-05-22,0.015497630331753555,410.0,144.30970265271708
vuelta-a-espana/2008/stage-17,Vuelta a España,80,,148200,914.9999999999998,1,1101,,1,0,0,2008-09-17,0.006174089068825909,0.0,81.45815860482483
tour-de-romandie/2012/stage-3,Tour de Romandie,50,6,157600,2352.0,4,727,,1,0,0,2012-04-27,0.014923857868020305,75.0,159.8492772422778
paris-nice/1981/stage-7a,Paris - Nice,50,,57500,518.4573503417018,,821,,1,0,0,1981-03-18,0.009016649571160032,46.0,20.089798406156294
paris-nice/1985/stage-2,Paris - Nice,50,,181000,2372.5875137089542,,815,,1,0,0,1985-03-05,0.013108218307784277,8.0,2.930780388260186
tour-de-suisse/2005/stage-2,Tour de Suisse,30,,36000,411.510530697434,,971,,1,0,0,2005-06-12,0.011430848074928722,222.0,88.41732456767475
vuelta-a-espana/2001/stage-8,Vuelta a España,80,,195000,2472.0,5,971,,1,0,0,2001-09-15,0.012676923076923077,685.0,321.2332961898894
tirreno-adriatico/2000/stage-5,Tirreno-Adriatico,50,,26500,198.59954331850713,,1197,,1,0,0,2000-03-12,0.007494322389377628,79.0,34.49623167825727
paris-nice/2010/stage-3,Paris - Nice,30,6,155000,1466.8373673677875,2,1192,,1,0,0,2010-03-10,0.00946346688624379,47.0,164.68401686482466
strade-bianche/2016/result,Strade Bianche,125,200,176000,2907.0,3,666,,0,0,0,2016-03-05,0.016517045454545454,778.0,593.9104712826334
vuelta-a-espana/2009/stage-9,Vuelta a España,80,,188800,3873.0,4,1220,,1,0,0,2009-09-07,0.02051377118644068,487.0,216.20801098758008
dauphine/2001/stage-1,Criterium du Dauphiné Libére,50,,227000,3116.7242118268196,,442,,1,0,0,2001-06-11,0.013730062607166606,0.0,6.184500685912868
volta-a-catalunya/2015/stage-1,Volta Ciclista a Catalunya,50,6,185200,2557.0,2,817,,1,0,0,2015-03-23,0.013806695464362851,160.0,423.84580545838736
tirreno-adriatico/2015/stage-7,Tirreno-Adriatico,50,6,10000,8.0,1,1017,,1,0,0,2015-03-17,0.0008,62.5,31.616369772914908
tirreno-adriatico/1983/stage-5,Tirreno-Adriatico,50,,18300,164.75669306945656,,463,,1,0,0,1983-03-16,0.009003097981937517,5.0,5.06951674225463
tour-de-france/1991/stage-10,Tour de France,100,,207500,2047.0,1,1933,,1,0,0,1991-07-15,0.009865060240963855,6.0,5.317478967843212
tour-de-suisse/1990/stage-8,Tour de Suisse,50,,214500,3195.005552499747,,767,,1,0,0,1990-06-19,0.014895130780884601,132.5,73.87128445253045
tour-de-suisse/1986/stage-1,Tour de Suisse,50,,177600,2639.378813075308,,835,,1,0,0,1986-06-11,0.014861367190739347,0.0,0.0
vuelta-a-espana/2021/stage-7,La Vuelta ciclista a España,80,100,152000,3744.0,5,1023,,1,0,0,2021-08-20,0.02463157894736842,1589.0,606.8796914299652
giro-d-italia/1996/stage-6,Giro d'Italia,80,,179000,2093.695254376695,,1034,,1,0,0,1996-05-24,0.011696621532830699,84.0,344.8364441949736
world-championship/1979/result,World Championships - Road Race,350,,274800,2584.0,,1377,,0,0,0,1979-08-26,0.009403202328966522,310.0,206.72006686945423
paris-roubaix/1977/result,Paris - Roubaix,275,,250500,2244.8964839123496,,762,,0,0,0,1977-04-17,0.008961662610428541,99.0,486.30329226059337
e3-harelbeke/2015/result,E3 Harelbeke,225,,215300,1866.0,2,717,,0,0,0,2015-03-27,0.00866697631212262,201.0,283.7184358781481
giro-d-italia/1997/stage-2,Giro d'Italia,80,,211000,2214.270163375716,,792,,1,0,0,1997-05-18,0.010494171390406237,14.0,119.35483357528591
tour-de-suisse/1977/stage-2,Tour de Suisse,50,,216000,2933.855605058174,,627,,1,0,0,1977-06-17,0.013582664838232289,0.0,0.0
paris-nice/2001/stage-3,Paris - Nice,50,,217900,2596.170246025621,,902,,1,0,0,2001-03-14,0.011914503194243328,0.0,36.512024735839546
tour-de-romandie/1993/stage-4a,Tour de Romandie,50,,71400,1031.1455544478429,,551,,1,0,0,1993-05-08,0.014441814488065027,0.0,0.0
tirreno-adriatico/1994/stage-3,Tirreno-Adriatico,50,,198700,3008.166099640601,,727,,1,0,0,1994-03-11,0.01513923552914243,0.0,0.0
itzulia-basque-country/2002/stage-3,Vuelta al País Vasco,50,,170000,3447.6796589570904,,966,,1,0,0,2002-04-10,0.02028046858210053,225.0,476.839088439227
tour-de-romandie/2017/prologue,Tour de Romandie,50,60,4800,55.0,1,636,,1,0,0,2017-04-25,0.011458333333333333,28.0,12.620496256411787
tour-de-suisse/1987/stage-10,Tour de Suisse,50,,170000,2089.589678014709,,673,,1,0,0,1987-06-25,0.012291703988321818,0.0,0.0
vuelta-a-espana/2008/stage-18,Vuelta a España,80,,167400,1448.0,2,1101,,1,0,0,2008-09-18,0.008649940262843488,449.0,144.9753041244272
tour-de-france/1994/stage-15,Tour de France,100,,231000,3876.0,4,1731,,1,0,0,1994-07-18,0.01677922077922078,1380.0,441.1972257843436
tour-de-france/1995/stage-13,Tour de France,100,,223000,3500.0,2,1871,,1,0,0,1995-07-15,0.01569506726457399,1154.0,204.8925176731683
volta-a-catalunya/1970/stage-1a,Volta Ciclista a Catalunya,50,,180400,1364.1174050453806,,570,,1,0,0,1970-09-10,0.007561626413777054,0.0,0.0
vuelta-a-espana/2018/stage-18,La Vuelta ciclista a España,80,100,186100,1040.0,1,1036,,1,0,0,2018-09-13,0.0055883933369156365,123.5,104.85201442626311
tour-de-romandie/2006/stage-3,Tour de Romandie,50,,164600,2437.894989827802,,772,,1,0,0,2006-04-28,0.014811026669670728,371.0,296.37761468182674
tour-de-suisse/1996/stage-3,Tour de Suisse,50,,198400,3666.347964328218,,971,,1,0,0,1996-06-14,0.018479576433105938,1585.0,652.0995538015
tour-de-suisse/1988/stage-7,Tour de Suisse,50,,207000,2668.9425660455213,,548,,1,0,0,1988-06-20,0.012893442348045996,363.0,165.48393678340304
ronde-van-vlaanderen/2009/result,Ronde van Vlaanderen / Tour des Flandres ME,275,,260000,2386.764141274872,2,754,,0,0,0,2009-04-05,0.009179862081826431,405.0,308.6738258010106
giro-d-italia/2017/stage-9,Giro d'Italia,80,100,152000,2921.0,5,881,,1,0,0,2017-05-14,0.019217105263157896,1263.0,562.8874723885631
vuelta-a-espana/2017/stage-18,Vuelta a España,80,100,169000,3476.0,3,899,,1,0,0,2017-09-07,0.020568047337278107,1487.0,488.5532528490189
la-fleche-wallone/2016/result,La Flèche Wallonne,225,400,196000,3042.0,3,909,,0,0,0,2016-04-20,0.015520408163265307,210.0,210.81201407771593
giro-d-italia/2017/stage-14,Giro d'Italia,80,100,131000,1106.0,5,881,,1,0,0,2017-05-20,0.008442748091603053,551.0,314.78605082085346
giro-d-italia/1992/stage-21,Giro d'Italia,80,,66000,337.161088035396,,953,,1,0,0,1992-06-14,0.0051085013338696365,216.0,62.591038457898215
tirreno-adriatico/2021/stage-3,Tirreno-Adriatico,50,60,219000,3001.0,3,1108,,1,0,0,2021-03-12,0.013703196347031963,97.0,165.26813188862712
tour-de-suisse/1988/stage-8,Tour de Suisse,50,,247000,2680.385581875082,,548,,1,0,0,1988-06-21,0.010851763489372803,11.5,9.238205693988657
giro-d-italia/1998/stage-2,Giro d'Italia,80,,160000,1408.2716730879868,,923,,1,0,0,1998-05-18,0.008801697956799918,0.0,294.7209362761714
tour-de-france/1991/stage-21,Tour de France,100,,57000,864.0,1,1933,,1,0,0,1991-07-27,0.015157894736842105,433.0,171.88908286693643
vuelta-a-espana/2019/stage-15,La Vuelta ciclista a España,80,100,154400,4114.0,5,798,,1,0,0,2019-09-08,0.026645077720207255,999.0,497.17877270425066
vuelta-a-espana/2005/stage-20,Vuelta a España,80,,38900,201.0,1,960,,1,0,0,2005-09-17,0.005167095115681234,247.0,102.78834718712193
vuelta-a-espana/1989/stage-16,Vuelta a España,80,,193500,2500.0,,803,,1,0,0,1989-05-09,0.012919896640826873,2.0,1.0327955589886444
paris-roubaix/1979/result,Paris - Roubaix,275,,264000,2853.0988224840635,,560,,0,0,0,1979-04-08,0.010807192509409331,417.0,315.069669747616
tirreno-adriatico/2021/stage-2,Tirreno-Adriatico,50,60,202000,2372.0,3,1108,,1,0,0,2021-03-11,0.011742574257425743,548.0,381.8152628034767
itzulia-basque-country/2011/stage-4,Vuelta Ciclista al País Vasco,50,6,177000,3112.0,,935,,1,0,0,2011-04-07,0.0175819209039548,478.5,450.5118023177303
tour-de-romandie/2015/stage-3,Tour de Romandie,50,6,173200,2337.0,4,883,,1,0,0,2015-04-30,0.013493071593533487,0.0,352.91791783891824
tour-de-france/2010/prologue,Tour de France,100,20,8900,43.0,1,1685,,1,0,0,2010-07-03,0.004831460674157303,62.0,17.707597007956778
liege-bastogne-liege/1982/result,Liège - Bastogne - Liège,275,,244700,2868.092655289916,,491,,0,0,0,1982-04-11,0.011720852698365002,315.0,511.4852655972378
tour-de-france/1999/stage-3,Tour de France,100,,194500,1506.0,1,1255,,1,0,0,1999-07-06,0.0077429305912596405,0.0,32.4643815808737
tour-de-france/1996/stage-9,Tour de France,100,,46000,4750.0,5,1872,,1,0,0,1996-07-08,0.10326086956521739,475.0,292.311542789493
san-sebastian/2015/result,Clasica Ciclista San Sebastian,225,,219000,3796.0,2,929,,0,0,0,2015-08-01,0.017333333333333333,149.0,216.65706490195475
paris-nice/2010/stage-1,Paris - Nice,30,,201500,1706.788838085071,1,1192,,1,0,0,2010-03-08,0.008470416069901097,17.0,187.06052999193858
paris-nice/2000/stage-6,Paris - Nice,50,,10000,314.0796628969392,,880,,1,0,0,2000-03-11,0.031407966289693924,147.0,59.6008698056668
il-lombardia/1984/result,Giro di Lombardia,275,,251000,2825.1809760166457,,692,,0,0,0,1984-10-13,0.011255701099667911,184.0,221.6851978550935
vuelta-a-espana/1995/stage-6,Vuelta a España,80,,264000,3390.0,,883,,1,0,0,1995-09-08,0.01284090909090909,0.0,0.0
volta-a-catalunya/2000/stage-4,Volta a Catalunya,50,,158000,4274.350062290532,,697,,1,0,0,2000-06-18,0.027052848495509697,1690.0,791.336643492094
tour-de-france/1992/stage-5,Tour de France,100,,196000,1538.0,1,2047,,1,0,0,1992-07-09,0.007846938775510204,213.0,91.59797286741497
tour-de-france/1987/stage-4,Tour de France,100,,79000,1017.0,2,1812,,1,0,0,1987-07-05,0.012873417721518987,88.0,7.17174624067826
tirreno-adriatico/2023/stage-4,Tirreno-Adriatico,50,60,218000,2503.0,3,1044,17,1,0,0,2023-03-09,0.01148165137614679,598.0,425.9878125355467
tour-de-france/1995/stage-4,Tour de France,100,,154000,1845.0,1,1871,,1,0,0,1995-07-05,0.01198051948051948,0.0,161.85489012418967
tour-de-france/2019/stage-20,Tour de France,100,120,59500,2228.0,5,1699,,1,0,0,2019-07-27,0.037445378151260506,682.0,403.6089832933065
tour-de-france/1989/stage-15,Tour de France,100,,39000,1453.0,5,1849,,1,0,0,1989-07-16,0.03725641025641026,418.5,179.78734256298827
tour-de-romandie/1973/stage-4a,Tour de Romandie,50,,90600,1826.1739569558708,,352,,1,0,0,1973-05-12,0.020156445441014026,16.0,10.113896830149548
tirreno-adriatico/2016/stage-4,Tirreno-Adriatico,50,60,222000,2716.0,2,1133,,1,0,0,2016-03-12,0.012234234234234235,375.0,341.0975626341395
tour-de-romandie/2007/stage-5,Tour de Romandie,50,,20400,371.9358071172751,,674,,1,0,0,2007-05-06,0.018232147407709565,139.0,59.4129974834838
giro-d-italia/2011/stage-2,Giro d'Italia,80,16,244000,944.0,1,891,,1,0,0,2011-05-08,0.0038688524590163934,0.0,59.345738237328035
volta-a-catalunya/1970/stage-3,Volta Ciclista a Catalunya,50,,139200,1329.034152788446,,570,,1,0,0,1970-09-12,0.009547659143595157,0.0,0.0
giro-d-italia/2013/stage-6,Giro d'Italia,80,16,169000,550.0,1,930,,1,0,0,2013-05-09,0.003254437869822485,0.0,113.3535689752581
paris-nice/2014/stage-4,Paris - Nice,50,6,201500,2070.0,2,971,,1,0,0,2014-03-12,0.010272952853598015,223.0,218.87688246269556
tirreno-adriatico/2001/stage-1,Tirreno-Adriatico,50,,132000,1741.243100313483,,1092,,1,0,0,2001-03-14,0.013191235608435476,49.0,261.7711740441431
la-fleche-wallone/2012/result,La Flèche Wallonne,225,,194000,2320.0,3,975,,0,0,0,2012-04-18,0.011958762886597939,117.0,234.50166025314059
tour-de-france/1983/stage-9,Tour de France,100,,207000,1461.0,2,1269,,1,0,0,1983-07-10,0.007057971014492754,169.0,230.3207021454187
tour-de-france/1987/stage-14,Tour de France,100,,166000,5000.0,5,1812,,1,0,0,1987-07-14,0.030120481927710843,895.0,572.42174789753
giro-d-italia/2002/stage-10,Giro d'Italia,80,,118000,1570.0,3,920,,1,0,0,2002-05-22,0.013305084745762712,23.0,132.92139592220963
tour-de-romandie/1996/stage-6,Tour de Romandie,50,,29800,320.38590241306883,,614,,1,0,0,1996-05-11,0.010751204778962041,86.0,35.795095877632306
milano-sanremo/1989/result,Milano-Sanremo,275,,294000,2205.6752898330487,,1242,,0,0,0,1989-03-18,0.007502296904194044,182.0,168.127196039118
dauphine/1984/stage-5,Critérium du Dauphiné Libéré,50,,154000,2366.719905983431,,529,,1,0,0,1984-06-02,0.015368311077814488,706.0,360.36941572430044
e3-harelbeke/2012/result,E3 Prijs Vlaanderen,225,,203000,1876.0,2,845,,0,0,0,2012-03-23,0.009241379310344827,338.0,243.43054270341491
tour-de-france/2014/stage-18,Tour de France,100,20,145500,3748.0,5,1612,,1,0,0,2014-07-24,0.025759450171821307,1450.5,616.6800185259285
tour-de-france/2019/stage-11,Tour de France,100,120,167000,1827.0,2,1699,,1,0,0,2019-07-17,0.010940119760479042,46.0,149.5774710194476
ronde-van-vlaanderen/2021/result,Ronde van Vlaanderen - Tour des Flandres ME,275,500,254300,2198.0,2,872,,0,0,0,2021-04-04,0.008643334644121117,540.0,268.2854213703165
tour-de-suisse/2002/stage-3,Tour de Suisse,50,,158000,3069.8477937613093,,673,,1,0,0,2002-06-21,0.019429416416210817,687.0,427.48038021239995
omloop-het-nieuwsblad/2012/result,Omloop Het Nieuwsblad ME,125,,199600,1577.0,2,557,,0,0,0,2012-02-25,0.007900801603206413,330.0,216.51458765327263
tour-de-france/1991/stage-18,Tour de France,100,,255000,5000.0,3,1933,,1,0,0,1991-07-24,0.0196078431372549,1118.0,650.9839550320111
tirreno-adriatico/1973/stage-1,Tirreno-Adriatico,50,,169000,502.746484616762,,536,,1,0,0,1973-03-13,0.0029748312699216686,0.0,0.0
vuelta-a-espana/2014/stage-15,Vuelta a España,80,16,152200,2976.0,5,1175,,1,0,0,2014-09-07,0.019553219448094614,1798.0,644.3856274395398
vuelta-a-espana/2008/stage-9,Vuelta a España,80,,200800,3319.0,2,1101,,1,0,0,2008-09-08,0.016528884462151394,402.0,175.63640963184366
e3-harelbeke/2022/result,E3 Saxo Bank Classic,225,400,203900,2010.0,2,640,16,0,0,0,2022-03-25,0.009857773418342325,365.0,232.70545051508066
tour-de-suisse/2002/stage-6,Tour de Suisse,50,,177000,2298.3550644852658,,673,,1,0,0,2002-06-24,0.012985056861498676,636.0,333.8994724685295
paris-roubaix/1984/result,Paris - Roubaix,275,,265000,2251.127181923275,,473,,0,0,0,1984-04-08,0.008494819554427454,654.0,553.5789740297267
vuelta-a-espana/2006/stage-2,Vuelta a España,80,,167000,2099.0,1,1026,,1,0,0,2006-08-27,0.012568862275449101,0.0,44.005854767924674
vuelta-a-espana/1987/stage-12,Vuelta a España,80,,142000,2500.0,,838,,1,0,0,1987-05-05,0.017605633802816902,20.0,6.740425308044984
la-fleche-wallone/1980/result,La Flèche Wallonne,225,,248000,3645.227169769717,,749,,0,0,0,1980-04-17,0.014698496652297246,254.0,358.61597713491415
tour-de-france/2005/stage-17,Tour de France,100,,240000,2830.0,2,1535,,1,0,0,2005-07-20,0.011791666666666667,1460.0,426.79348457860374
paris-nice/2014/stage-2,Paris - Nice,50,6,205000,1515.0,1,971,,1,0,0,2014-03-10,0.007390243902439024,18.0,140.97647574102007
tour-de-france/2011/stage-18,Tour de France,100,20,189000,5268.0,5,1713,,1,0,0,2011-07-21,0.027873015873015872,2140.0,728.55709909183
vuelta-a-espana/2003/stage-15,Vuelta a España,80,,172100,2505.0,5,935,,1,0,0,2003-09-20,0.014555490993608367,695.0,530.1766160104552
vuelta-a-espana/2004/stage-14,Vuelta a España,80,,167000,2835.0,4,1177,,1,0,0,2004-09-18,0.01697604790419162,836.0,415.94242322625786
volta-a-catalunya/2015/stage-5,Volta Ciclista a Catalunya,50,6,195400,2020.0,2,817,,1,0,0,2015-03-27,0.010337768679631525,386.0,324.93091861315224
giro-d-italia/1999/stage-1,Giro d'Italia,80,,175000,2176.0,,1057,,1,0,0,1999-05-15,0.012434285714285714,0.0,154.2100165966446
tour-de-suisse/1977/stage-1,Tour de Suisse,50,,159000,1773.9214726886485,,627,,1,0,0,1977-06-16,0.011156738821941185,0.0,0.0
vuelta-a-espana/1997/stage-1,Vuelta a España,80,,160000,1959.0,,1165,,1,0,0,1997-09-06,0.01224375,76.0,244.9374026789144
dauphine/2017/stage-2,Critérium du Dauphiné,50,60,171000,2544.0,2,1024,,1,0,0,2017-06-05,0.01487719298245614,0.0,151.81867953288344
tour-de-france/2019/stage-10,Tour de France,100,120,217500,3031.0,2,1699,,1,0,0,2019-07-15,0.013935632183908047,581.0,274.8969238602899
tirreno-adriatico/2015/stage-4,Tirreno-Adriatico,50,6,226000,3212.0,2,1017,,1,0,0,2015-03-14,0.014212389380530974,667.0,403.58308949804285
vuelta-a-espana/2000/stage-21,Vuelta a España,80,,38000,334.0,,981,,1,0,0,2000-09-17,0.008789473684210526,297.0,112.8840235815648
itzulia-basque-country/2012/stage-2,Vuelta Ciclista al País Vasco,50,6,165700,2631.0,,928,,1,0,0,2012-04-03,0.01587809293904647,0.0,108.30875108980204
tour-de-suisse/2008/stage-7,Tour de Suisse,50,,170600,2078.1236200862654,,1041,,1,0,0,2008-06-20,0.012181263892651029,2.0,153.25845057336315
tirreno-adriatico/2005/stage-5,Tirreno-Adriatico,50,,170400,1777.1937348684992,2,1040,,1,0,0,2005-03-13,0.01042954069758509,93.0,186.01500949113654
vuelta-a-espana/2019/stage-14,La Vuelta ciclista a España,80,100,188000,2432.0,3,798,,1,0,0,2019-09-07,0.012936170212765958,126.0,213.30238659457342
la-fleche-wallone/2021/result,La Flèche Wallonne,225,400,193600,2981.0,3,1071,,0,0,0,2021-04-21,0.015397727272727273,159.0,289.3990215268939
la-fleche-wallone/1992/result,La Flèche Wallonne,225,,207000,1892.79615411213,,615,,0,0,0,1992-04-15,0.00914394277348855,195.0,152.89399890761177
omloop-het-nieuwsblad/1981/result,Omloop Het Volk,125,,224000,1671.4108862078415,,428,,0,0,0,1981-02-28,0.007461655741999292,275.0,102.88034124838727
giro-d-italia/2015/stage-5,Giro d'Italia,80,16,152000,3066.0,5,861,,1,0,0,2015-05-13,0.020171052631578947,782.0,419.30770289562093
world-championship/1983/result,World Championships - Road Race,350,,269890,4248.0,,1485,,0,0,0,1983-09-04,0.015739745822372076,96.0,156.59127541543265
tour-de-france/1986/stage-16,Tour de France,100,,246500,2500.0,2,1872,,1,0,0,1986-07-19,0.010141987829614604,496.0,105.57986922643904
vuelta-a-espana/1980/prologue,Vuelta a España,80,,10000,118.14763793695693,,520,,1,0,0,1980-04-22,0.011814763793695693,64.5,30.867632869492994
tour-de-suisse/1997/prologue,Tour de Suisse,50,,7200,80.95372502876307,,1161,,1,0,0,1997-06-17,0.011243572920661539,40.0,17.28993632062622
paris-nice/2019/stage-1,Paris - Nice,50,60,138500,1107.0,1,1099,,1,0,0,2019-03-10,0.007992779783393501,60.0,125.80806069777239
tirreno-adriatico/1999/stage-5,Tirreno-Adriatico,50,,198000,3067.7262660495758,,1150,,1,0,0,1999-03-14,0.015493567000250383,1170.0,418.00212017227636
tour-de-suisse/2016/stage-1,Tour de Suisse,50,60,6400,46.0,3,680,,1,0,0,2016-06-11,0.0071875,37.0,17.153378940923243
tour-de-france/1986/stage-5,Tour de France,100,,124500,1140.0,2,1872,,1,0,0,1986-07-08,0.009156626506024097,75.0,39.62848577452582
giro-d-italia/2014/stage-21,Giro d'Italia,80,16,172000,1092.0,1,892,,1,0,0,2014-06-01,0.006348837209302326,9.0,51.16684583291861
itzulia-basque-country/2009/stage-3,Vuelta Ciclista al País Vasco,50,,172500,3629.962808273317,,1029,,1,0,0,2009-04-08,0.02104326265665691,622.0,433.6461457052566
volta-a-catalunya/1993/stage-2,Volta Ciclista a Catalunya,50,,180000,2325.0,,884,,1,0,0,1993-09-11,0.012916666666666667,0.0,0.0
tirreno-adriatico/1988/stage-3,Tirreno-Adriatico,50,,182000,1463.5761754532884,,724,,1,0,0,1988-03-13,0.00804162733765543,12.0,3.3879582154396792
giro-d-italia/2016/stage-7,Giro d'Italia,80,100,211000,2301.0,2,933,,1,0,0,2016-05-13,0.01090521327014218,74.0,111.46892420178838
vuelta-a-espana/2002/stage-3,Vuelta a España,80,,134200,721.0,1,1084,,1,0,0,2002-09-09,0.0053725782414307,6.0,35.22195931390598
vuelta-a-espana/1981/stage-18,Vuelta a España,80,,175000,3928.0295270082006,,457,,1,0,0,1981-05-09,0.02244588301147543,1001.0,776.2894050571864
liege-bastogne-liege/2012/result,Liège - Bastogne - Liège,275,,257500,4325.0,3,1189,,0,0,0,2012-04-22,0.01679611650485437,339.0,268.59222620168987
tirreno-adriatico/2012/stage-5,Tirreno-Adriatico,50,6,196000,4406.0,5,1188,,1,0,0,2012-03-11,0.022479591836734696,1326.0,567.0890907661925
tour-de-france/2016/stage-4,Tour de France,100,120,237500,1934.0,2,1758,,1,0,0,2016-07-05,0.008143157894736842,0.0,143.99164287009242
dauphine/1991/stage-7,Critérium du Dauphiné Libéré,50,,33000,279.83308250812115,,830,,1,0,0,1991-06-10,0.008479790379033974,96.0,38.83369098547749
dauphine/2015/stage-5,Critérium du Dauphiné,50,6,161000,4225.0,5,997,,1,0,0,2015-06-11,0.026242236024844722,657.0,429.7696361305109
tour-de-france/2010/stage-1,Tour de France,100,20,223500,420.0000000000002,1,1685,,1,0,0,2010-07-04,0.0018791946308724843,0.0,66.17218244400013
la-fleche-wallone/1974/result,La Flèche Wallonne,225,,225000,3123.311005084149,,792,,0,0,0,1974-04-11,0.013881382244818441,0.0,0.0
giro-d-italia/2021/stage-7,Giro d'Italia,80,100,181000,1725.0,3,885,,1,0,0,2021-05-14,0.009530386740331492,54.0,56.25146862204241
paris-nice/2018/stage-1,Paris - Nice,50,60,135000,1224.0,3,936,,1,0,0,2018-03-04,0.009066666666666667,93.0,96.75732936572892
strade-bianche/2007/result,Monte Paschi Eroica,75,,180000,3182.0697829051287,3,323,,0,0,0,2007-10-09,0.01767816546058405,406.0,326.97811215803074
la-fleche-wallone/1977/result,La Flèche Wallonne,225,,223000,2977.040908177504,,762,,0,0,0,1977-04-07,0.013349959229495535,4.0,1.4166752066422923
world-championship/2020/result,World Championships ME - Road Race,350,600,258200,4662.0,2,1008,,0,0,0,2020-09-27,0.018055770720371806,632.0,544.7989400296877
milano-sanremo/1982/result,Milano-Sanremo,275,,294000,2168.323455657366,,837,,0,0,0,1982-03-20,0.0073752498491747144,270.0,146.78371373327508
itzulia-basque-country/2004/stage-5a,Vuelta al País Vasco,50,,88000,2391.260230637573,,1020,,1,0,0,2004-04-09,0.0271734117117906,737.0,305.8161950428748
tour-de-romandie/1995/prologue,Tour de Romandie,50,,6100,71.80284332331985,,798,,1,0,0,1995-05-02,0.011770957921855714,18.5,9.311283477587825
itzulia-basque-country/2000/stage-5a,Vuelta al País Vasco,50,,105000,2345.6848068445443,,992,,1,0,0,2000-04-07,0.022339855303281374,163.0,323.44801058257906
tour-de-france/1983/stage-8,Tour de France,100,,222000,1617.0,1,1269,,1,0,0,1983-07-09,0.007283783783783784,77.0,70.85821360789235
tour-de-romandie/2011/prologue,Tour de Romandie,50,6,3500,14.0,,660,,1,0,0,2011-04-26,0.004,13.0,8.499882943574086
paris-nice/1993/stage-3,Paris - Nice,50,,153000,1317.2323784063738,,1182,,1,0,0,1993-03-10,0.008609361950368455,0.0,0.0
tour-de-romandie/1997/stage-6,Tour de Romandie,50,,21700,288.77327463363645,,922,,1,0,0,1997-05-11,0.013307524176665274,57.0,19.412088158327187
vuelta-a-espana/2022/stage-21,La Vuelta ciclista a España,80,100,96700,773.0,1,968,34,1,0,0,2022-09-11,0.00799379524301965,28.0,66.24100466837714
tour-de-suisse/1997/stage-7,Tour de Suisse,50,,174300,1422.7618871051209,,1161,,1,0,0,1997-06-24,0.00816271880152106,117.0,21.718507754749453
vuelta-a-espana/1990/stage-2a,Vuelta a España,80,,108000,704.0,,807,,1,0,0,1990-04-25,0.006518518518518518,486.0,234.7603032882689
tour-de-france/1983/stage-15,Tour de France,100,,15000,1101.0,5,1269,,1,0,0,1983-07-16,0.0734,300.0,132.08311895963928
volta-a-catalunya/1977/stage-5,Volta Ciclista a Catalunya,50,,165600,2381.446049639024,,490,,1,0,0,1977-09-12,0.014380712860139033,157.5,250.1483625107062
itzulia-basque-country/2000/stage-2,Vuelta al País Vasco,50,,190000,2464.4513337100866,,992,,1,0,0,2000-04-04,0.012970796493210982,250.0,307.1151764508256
paris-nice/1970/stage-3,Paris - Nice,50,,208000,1346.1222509352588,,1121,,1,0,0,1970-03-11,0.006471741591034898,55.0,17.312808360671394
giro-d-italia/2013/stage-4,Giro d'Italia,80,16,246000,3519.0,2,930,,1,0,0,2013-05-07,0.014304878048780488,625.0,485.09062027748377
tour-de-france/1980/stage-14,Tour de France,100,,189500,3130.0,2,1224,,1,0,0,1980-07-11,0.016517150395778363,94.0,69.05767914030714
tour-de-france/2023/stage-8,Tour de France,100,210,200700,1996.0,2,1584,31,1,0,0,2023-07-08,0.0099451918285999,113.0,218.91106171497242
tour-de-france/1994/stage-1,Tour de France,100,,234000,1782.0,1,1731,,1,0,0,1994-07-03,0.007615384615384615,0.0,7.640113039367021
tour-de-suisse/1997/stage-5,Tour de Suisse,50,,147500,3837.7378229554824,,1161,,1,0,0,1997-06-22,0.026018561511562593,1293.0,549.9324421450606
liege-bastogne-liege/1983/result,Liège - Bastogne - Liège,275,,244700,2797.756784822604,,807,,0,0,0,1983-04-17,0.011433415548927683,28.0,5.509441258792035
milano-sanremo/1984/result,Milano-Sanremo,275,,294000,2216.250399448383,,949,,0,0,0,1984-03-17,0.007538266664790419,20.0,174.39337180948243
vuelta-a-espana/2000/stage-13,Vuelta a España,80,,143300,1447.0,,981,,1,0,0,2000-09-09,0.010097697138869505,140.0,225.35300867920535
paris-roubaix/1986/result,Paris - Roubaix,275,,268000,1879.4082044377303,,605,,0,0,0,1986-04-13,0.0070127171807378,384.0,518.2960092907847
volta-a-catalunya/1995/prologue,Volta Ciclista a Catalunya,50,,3100,57.15943169474713,,737,,1,0,0,1995-06-15,0.018438526353144233,5.0,2.1980852911951394
tirreno-adriatico/2001/stage-4,Tirreno-Adriatico,50,,170000,3750.573223630752,,1092,,1,0,0,2001-03-17,0.022062195433122073,628.0,404.97345728451444
tour-de-france/2004/stage-1,Tour de France,100,,202500,2864.0,2,1555,,1,0,0,2004-07-04,0.01414320987654321,0.0,12.144873140373663
paris-nice/1976/stage-1,Paris - Nice,50,,228500,3643.657429726597,,779,,1,0,0,1976-03-08,0.015945984375171102,0.0,0.0
tour-de-france/1987/stage-21,Tour de France,100,,185500,6000.0,5,1812,,1,0,0,1987-07-22,0.03234501347708895,117.0,130.56900361832572
tour-de-suisse/2013/stage-9,Tour de Suisse,50,6,26800,976.0,3,960,,1,0,0,2013-06-16,0.036417910447761194,331.0,196.26360397598341
vuelta-a-espana/2021/stage-5,La Vuelta ciclista a España,80,100,184400,639.9999999999998,1,1023,,1,0,0,2021-08-18,0.003470715835140997,0.0,199.6268527406433
paris-roubaix/2003/result,Paris - Roubaix,275,,261000,3640.068278855024,1,641,,0,0,0,2003-04-13,0.013946621758065226,273.0,304.35840559649256
giro-d-italia/2006/stage-16,Giro d'Italia,80,,121000,2243.0,5,997,,1,0,0,2006-05-24,0.01853719008264463,328.0,247.58008170154946
vuelta-a-espana/1995/stage-16,Vuelta a España,80,,197300,3736.0,,883,,1,0,0,1995-09-18,0.018935631018753167,214.0,66.52518320155157
tour-de-france/2023/stage-18,Tour de France,100,210,184900,1216.0,1,1584,28,1,0,0,2023-07-20,0.006576527852893456,0.0,125.264012932615
giro-d-italia/1993/stage-7,Giro d'Italia,80,,242000,2312.662796988828,,1089,,1,0,0,1993-05-29,0.00955645783879681,81.0,41.06580085667392
vuelta-a-espana/2005/stage-10,Vuelta a España,80,,206300,4570.0,5,960,,1,0,0,2005-09-05,0.022152205525933107,1205.0,674.4268671894617
tirreno-adriatico/1992/stage-3,Tirreno-Adriatico,50,,191000,1117.634044921671,,638,,1,0,0,1992-03-14,0.005851487146186759,0.0,0.0
vuelta-a-espana/1983/stage-4,Vuelta a España,80,,192000,1747.8029559960619,,705,,1,0,0,1983-04-23,0.009103140395812823,20.0,3.496934159580282
vuelta-a-espana/2018/stage-8,La Vuelta ciclista a España,80,100,195100,2112.0,3,1036,,1,0,0,2018-09-01,0.010825217837006663,86.5,126.02121878825837
vuelta-a-espana/2019/stage-5,La Vuelta ciclista a España,80,100,170700,3764.0,5,798,,1,0,0,2019-08-28,0.02205038078500293,707.0,384.98830603543485
tirreno-adriatico/2019/stage-5,Tirreno-Adriatico,50,60,180000,2902.0,3,1067,,1,0,0,2019-03-17,0.016122222222222222,807.0,530.0356353233655
vuelta-a-espana/1997/stage-3,Vuelta a España,80,,173000,748.0,,1165,,1,0,0,1997-09-08,0.004323699421965318,0.0,202.921199386976
tirreno-adriatico/2023/stage-1,Tirreno-Adriatico,50,60,11500,3.0,1,1044,13,1,0,0,2023-03-06,0.0002608695652173913,94.0,31.824633530776048
tour-de-france/1980/stage-7b,Tour de France,100,,92000,1081.0,1,1224,,1,0,0,1980-07-03,0.01175,0.0,114.25803577726339
dauphine/2003/stage-4,Critérium du Dauphiné Libéré,50,,237000,3560.9264173484307,,572,,1,0,0,2003-06-12,0.015025005980373126,650.0,507.772763307678
tour-de-suisse/2010/prologue,Tour de Suisse,50,6,7600,61.88713481620789,,1198,,1,0,0,2010-06-12,0.008143044054764195,41.0,21.0079930587794
tour-de-france/2004/stage-17,Tour de France,70,,204500,6000.0,4,1555,,1,0,0,2004-07-22,0.029339853300733496,1648.0,736.0912428606194
tour-de-romandie/2002/stage-3,Tour de Romandie,50,,180300,918.8131842473208,,535,,1,0,0,2002-05-03,0.005096024316402223,5.0,15.46328948006717
world-championship/1970/result,World Championships - Road Race,350,,271960,1222.0,,1230,,0,0,0,1970-08-16,0.004493307839388145,18.0,4.2031226973771725
vuelta-a-espana/1985/stage-2,Vuelta a España,80,,262000,3726.0,,925,,1,0,0,1985-04-25,0.014221374045801526,0.0,537.7040826758857
il-lombardia/1979/result,Giro di Lombardia,275,,249000,2349.871723796703,,740,,0,0,0,1979-10-13,0.009437235838540977,275.0,131.61851138682027
vuelta-a-espana/2004/stage-12,Vuelta a España,80,,145000,4254.0,5,1177,,1,0,0,2004-09-16,0.029337931034482758,1911.0,689.4874921059634
dauphine/2016/stage-1,Criterium du Dauphiné,50,60,186000,1878.0,2,1182,,1,0,0,2016-06-06,0.010096774193548387,0.0,41.14111564000053
tour-de-suisse/2008/stage-8,Tour de Suisse,50,,25000,433.32400291944896,,1041,,1,0,0,2008-06-21,0.017332960116777957,505.0,197.31280254751027
tour-de-france/1985/stage-22,Tour de France,100,,217000,1998.0,1,1470,,1,0,0,1985-07-21,0.009207373271889401,0.0,0.0
volta-a-catalunya/2010/stage-1,Volta Ciclista a Catalunya,50,6,3600,24.729753913573404,,722,,1,0,0,2010-03-22,0.0068693760871037235,20.0,9.486840318424703
tour-de-france/1996/stage-7,Tour de France,100,,199000,5000.0,5,1872,,1,0,0,1996-07-06,0.02512562814070352,2244.0,782.54998296461
tour-de-france/1987/stage-11,Tour de France,100,,255000,3532.0,3,1812,,1,0,0,1987-07-11,0.013850980392156863,662.0,267.807817361297
tour-de-france/2005/stage-5,Tour de France,100,,183000,1018.0,1,1535,,1,0,0,2005-07-06,0.005562841530054645,0.0,0.0
giro-d-italia/2017/stage-17,Giro d'Italia,80,100,219000,4576.0,4,881,,1,0,0,2017-05-24,0.020894977168949773,474.0,322.75895286969086
dauphine/2018/prologue,Critérium du Dauphiné,50,60,6600,30.0,1,762,,1,0,0,2018-06-03,0.004545454545454545,29.0,13.0832322265258
itzulia-basque-country/2009/stage-2,Vuelta Ciclista al País Vasco,50,,160000,1389.9607760709896,,1029,,1,0,0,2009-04-07,0.008687254850443684,70.0,110.95077366839878
volta-a-catalunya/2021/stage-5,Volta Ciclista a Catalunya,50,50,201100,2952.0,4,772,,1,0,0,2021-03-26,0.014679264047737443,176.0,425.79740415037736
tour-de-suisse/1997/stage-9,Tour de Suisse,50,,191300,2457.574668315067,,1161,,1,0,0,1997-06-26,0.012846705009488065,8.0,354.1750628658869
vuelta-a-espana/1998/stage-15,Vuelta a España,80,,178800,1284.0,,1309,,1,0,0,1998-09-20,0.007181208053691275,69.0,121.92350709482653
tour-de-romandie/2004/stage-5,Tour de Romandie,50,,20400,349.37085235839163,,507,,1,0,0,2004-05-02,0.017126022174430964,136.5,55.60728160449727
vuelta-a-espana/2013/stage-14,Vuelta a España,80,16,155700,3340.0,5,1128,,1,0,0,2013-09-07,0.02145150931278099,1411.5,535.2360954104167
itzulia-basque-country/2008/stage-6,Vuelta Ciclista al País Vasco,50,,20000,270.1245136464745,,838,,1,0,0,2008-04-12,0.013506225682323725,180.0,75.94168253711344
milano-sanremo/2022/result,Milano-Sanremo,275,500,293000,2096.0,2,938,,0,0,0,2022-03-19,0.007153583617747441,361.0,280.52293763882733
paris-nice/2006/stage-1,Paris - Nice,50,,193000,2879.3300756425147,1,795,,1,0,0,2006-03-06,0.014918808682085569,0.0,86.15276906537714
giro-d-italia/2001/stage-5,Giro d'Italia,80,,229000,1095.0,2,920,,1,0,0,2001-05-24,0.0047816593886462885,0.0,102.34094136376106
strade-bianche/2023/result,Strade Bianche,225,400,184000,3107.0,3,688,13,0,0,0,2023-03-04,0.01688586956521739,549.0,367.24443748722746
dauphine/2016/stage-6,Criterium du Dauphiné,50,60,141000,4528.0,5,1182,,1,0,0,2016-06-11,0.032113475177304965,1677.0,678.2630064866814
tour-de-france/1983/stage-19,Tour de France,100,,15000,1069.0,5,1269,,1,0,0,1983-07-21,0.07126666666666667,248.0,114.08800900969263
tour-de-romandie/2010/prologue,Tour de Romandie,50,6,4300,30.77643136379811,,678,,1,0,0,2010-04-27,0.007157309619487933,17.0,10.056802713544531
paris-nice/2001/stage-7,Paris - Nice,50,,157100,2362.76284876935,,902,,1,0,0,2001-03-18,0.015039865364540739,0.0,22.581557583997387
tour-de-france/1980/stage-22,Tour de France,100,,186000,1917.0,1,1224,,1,0,0,1980-07-20,0.010306451612903226,0.0,63.367104367853095
vuelta-a-espana/1994/stage-20,Vuelta a España,80,,53000,401.0,,791,,1,0,0,1994-05-14,0.0075660377358490565,131.0,50.23721506789342
vuelta-a-espana/1980/stage-2,Vuelta a España,80,,170000,1831.009238739789,,520,,1,0,0,1980-04-24,0.010770642580822288,0.0,15.546527888624428
tour-de-france/1984/stage-11,Tour de France,100,,226500,4500.0,5,1632,,1,0,0,1984-07-09,0.019867549668874173,972.0,773.3831628627253
giro-d-italia/2014/stage-18,Giro d'Italia,80,16,171000,4295.0,5,892,,1,0,0,2014-05-29,0.025116959064327486,1473.0,653.8482974765756
tour-de-france/1996/stage-18,Tour de France,100,,154500,3000.0,2,1872,,1,0,0,1996-07-18,0.019417475728155338,1016.0,298.1074954638748
giro-d-italia/2009/stage-8,Giro d'Italia,80,,208000,3042.0,4,975,,1,0,0,2009-05-16,0.014625,732.0,439.8468879463234
itzulia-basque-country/2013/stage-4,Vuelta Ciclista al País Vasco,50,6,151600,2775.0,3,927,,1,0,0,2013-04-04,0.018304749340369394,539.0,397.40525454427575
vuelta-a-espana/2015/stage-4,Vuelta a España,80,16,209600,2141.0,3,1115,,1,0,0,2015-08-25,0.01021469465648855,231.0,150.92876301932694
tour-de-suisse/2019/stage-2,Tour de Suisse,50,60,159600,2598.0,2,802,,1,0,0,2019-06-16,0.016278195488721805,321.0,310.96195098707136
vuelta-a-espana/2022/stage-15,La Vuelta ciclista a España,80,100,152600,4033.0,5,968,28,1,0,0,2022-09-04,0.02642857142857143,1442.0,676.1341972375652
itzulia-basque-country/2015/stage-1,Vuelta Ciclista al País Vasco,50,6,162700,2638.0,2,970,,1,0,0,2015-04-06,0.016213890596189304,189.0,238.39869558264186
tour-de-suisse/1984/stage-7,Tour de Suisse,50,,273500,3035.953966017043,,646,,1,0,0,1984-06-20,0.011100380131689371,0.0,264.8138969163061
paris-roubaix/2016/result,Paris - Roubaix,275,500,257500,1296.0,1,676,,0,0,0,2016-04-10,0.005033009708737864,863.0,378.24616222319554
tour-de-suisse/2008/stage-9,Tour de Suisse,50,,168400,2095.0627985451015,,1041,,1,0,0,2008-06-22,0.012440990490172811,8.0,91.86243636691417
vuelta-a-espana/2003/stage-17,Vuelta a España,80,,188400,1857.0,2,935,,1,0,0,2003-09-22,0.009856687898089172,271.5,344.40570926925164
paris-nice/2013/stage-5,Paris - Nice,50,6,176000,3482.0,5,917,,1,0,0,2013-03-08,0.019784090909090907,886.0,543.2374479765126
omloop-het-nieuwsblad/2021/result,Omloop Het Nieuwsblad ME,225,300,200500,1654.0,2,643,,0,0,0,2021-02-27,0.00824937655860349,187.0,161.54778390648892
tour-de-suisse/2023/stage-2,Tour de Suisse,50,60,173700,1893.0,2,855,25,1,0,0,2023-06-12,0.010898100172711572,0.0,206.25785138476945
vuelta-a-espana/1991/stage-16,Vuelta a España,80,,186600,2939.0,,1042,,1,0,0,1991-05-14,0.0157502679528403,137.0,72.2016389472335
volta-a-catalunya/1996/stage-3,Volta Ciclista a Catalunya,50,,13500,901.0,,327,,1,0,0,1996-06-16,0.06674074074074074,114.0,46.90842141876019
tour-de-france/2021/stage-3,Tour de France,100,120,182900,1534.0,2,1646,,1,0,0,2021-06-28,0.008387096774193548,78.0,118.57580733304026
tour-de-france/2021/stage-16,Tour de France,100,120,169000,3260.0,4,1646,,1,0,0,2021-07-13,0.019289940828402366,1002.0,307.68075987945673
tirreno-adriatico/2013/stage-5,Tirreno-Adriatico,50,6,230000,4084.0,5,1331,,1,0,0,2013-03-10,0.017756521739130435,845.0,509.5922577720806
dauphine/2003/stage-5,Critérium du Dauphiné Libéré,50,,192000,2332.3699712558587,,572,,1,0,0,2003-06-13,0.012147760266957597,238.5,290.3634324618912
tour-de-romandie/2017/stage-2,Tour de Romandie,50,60,136000,2161.0,5,636,,1,0,0,2017-04-27,0.01588970588235294,20.0,183.50646132912448
vuelta-a-espana/1995/stage-21,Vuelta a España,80,,171200,1664.0,,883,,1,0,0,1995-09-24,0.0097196261682243,0.0,0.0
volta-a-catalunya/2013/stage-2,Volta Ciclista a Catalunya,50,6,160700,1473.0,2,811,,1,0,0,2013-03-19,0.009166148102053516,0.0,66.56969385393687
dauphine/2007/prologue,Critérium du Dauphiné Libéré,50,,4200,61.80254842414888,,816,,1,0,0,2007-06-10,0.01471489248194021,19.0,9.139996876290677
giro-d-italia/2001/stage-12,Giro d'Italia,80,,139000,345.0000000000002,1,920,,1,0,0,2001-05-31,0.0024820143884892103,37.0,45.85254411984415
vuelta-a-espana/2013/stage-3,Vuelta a España,80,16,184800,1878.0,3,1128,,1,0,0,2013-08-26,0.010162337662337663,250.0,264.66632898536056
tour-de-france/2019/stage-15,Tour de France,100,120,185000,4345.0,5,1699,,1,0,0,2019-07-21,0.023486486486486487,1608.0,621.0736448725143
vuelta-a-espana/1981/stage-6,Vuelta a España,80,,199000,2113.583044126126,,457,,1,0,0,1981-04-27,0.01062102032224184,0.0,0.0
giro-d-italia/2015/stage-7,Giro d'Italia,80,16,264000,2873.0,3,861,,1,0,0,2015-05-15,0.010882575757575758,58.0,447.23315468858897
milano-sanremo/1986/result,Milano-Sanremo,275,,293000,2126.9934126727794,,1085,,0,0,0,1986-03-15,0.007259363183183548,51.0,97.5520519077012
paris-nice/1987/stage-7a,Paris - Nice,50,,104000,814.8193282832233,,1164,,1,0,0,1987-03-15,0.007834801233492531,70.0,30.65144549790615
vuelta-a-espana/1999/stage-8,Vuelta a España,80,,175600,4200.0,,1342,,1,0,0,1999-09-12,0.023917995444191344,1490.5,626.2532875132899
dauphine/1983/stage-7a,Critérium du Dauphiné Libéré,50,,93000,1309.9265132302692,,621,,1,0,0,1983-06-06,0.014085231325056657,0.0,0.0
vuelta-a-espana/2003/stage-18,Vuelta a España,80,,143800,1818.0,1,935,,1,0,0,2003-09-23,0.012642559109874826,231.0,92.38195255152762
tour-de-romandie/2012/stage-4,Tour de Romandie,50,6,184000,2875.0,4,727,,1,0,0,2012-04-28,0.015625,405.0,475.63437108687793
paris-nice/2023/stage-8,Paris - Nice,50,60,117200,2465.0,2,981,17,1,0,0,2023-03-12,0.021032423208191126,752.0,409.3316274441221
tour-de-france/2019/stage-7,Tour de France,100,120,230000,2367.0,2,1699,,1,0,0,2019-07-12,0.010291304347826087,25.0,89.80720700258976
omloop-het-nieuwsblad/1982/result,Omloop Het Volk,125,,217000,1551.3731626592144,,700,,0,0,0,1982-03-06,0.007149185081378868,37.0,4.592112803492527
giro-d-italia/1992/stage-4,Giro d'Italia,80,,198000,1616.736662503581,,953,,1,0,0,1992-05-28,0.008165336679311016,0.0,0.0
tour-de-france/2015/stage-10,Tour de France,100,20,167000,2655.0,5,1812,,1,0,0,2015-07-14,0.01589820359281437,1000.0,433.49551856851707
tour-de-romandie/1983/stage-4,Tour de Romandie,50,,174500,1066.9197900638578,,478,,1,0,0,1983-05-07,0.006114153524721248,8.0,3.5777087639996634
tirreno-adriatico/1973/stage-4a,Tirreno-Adriatico,50,,95000,1726.7105178528018,,536,,1,0,0,1973-03-16,0.01817590018792423,2.0,24.51938009004306
vuelta-a-espana/2011/stage-17,Vuelta a España,80,16,212500,3207.0,5,1170,,1,0,0,2011-09-07,0.015091764705882353,915.0,537.9764406207394
volta-a-catalunya/2014/stage-6,Volta Ciclista a Catalunya,50,6,163900,1869.0,2,896,,1,0,0,2014-03-29,0.011403294691885295,55.0,162.42572576954115
giro-d-italia/1991/stage-20,Giro d'Italia,80,,68000,841.1565987975061,,908,,1,0,0,1991-06-15,0.012369949982316266,163.5,82.99103030515472
vuelta-a-espana/1980/stage-4,Vuelta a España,80,,214000,1799.809878177397,,520,,1,0,0,1980-04-26,0.008410326533539238,0.0,0.0
uae-tour/2021/stage-1,UAE Tour,50,40,176000,435.9999999999998,1,755,,1,0,0,2021-02-21,0.002477272727272726,509.0,187.90193537117702
milano-sanremo/1981/result,Milano-Sanremo,275,,288000,2153.943628736287,,883,,0,0,0,1981-03-21,0.007478970933112107,11.0,18.030734521571425
giro-d-italia/1990/stage-12,Giro d'Italia,80,,193000,1816.2945264400141,,1061,,1,0,0,1990-05-29,0.00941085246860111,33.0,10.435516278555651
tour-de-france/2021/stage-13,Tour de France,100,120,219900,2023.0,2,1646,,1,0,0,2021-07-09,0.009199636198271941,28.0,183.90956506832458
vuelta-a-espana/1993/stage-17,Vuelta a España,80,,179500,3304.0,,819,,1,0,0,1993-05-12,0.0184066852367688,642.0,303.30704431314064
tour-de-suisse/2000/stage-10,Tour de Suisse,50,,175000,2276.193071560604,,895,,1,0,0,2000-06-22,0.01300681755177488,451.0,110.62746451032697
giro-d-italia/2002/stage-5,Giro d'Italia,50,,150000,1825.0,5,920,,1,0,0,2002-05-16,0.012166666666666666,647.0,366.8692993407385
paris-roubaix/1981/result,Paris - Roubaix,275,,263000,2282.855748269335,,633,,0,0,0,1981-04-12,0.008680059879351084,449.0,232.88568635234202
itzulia-basque-country/2019/stage-6,Itzulia Basque Country,50,50,118200,2850.0,2,762,,1,0,0,2019-04-13,0.024111675126903553,751.0,370.1436936479782
tour-de-france/1985/stage-21,Tour de France,100,,45700,1004.0,2,1470,,1,0,0,1985-07-20,0.021969365426695843,371.0,161.13023355624384
tour-de-suisse/2005/stage-5,Tour de Suisse,50,,172000,1631.0284623183236,,971,,1,0,0,2005-06-15,0.009482723618129789,38.0,25.66820229769515
paris-nice/1990/stage-7b,Paris - Nice,50,,12000,61.93968778796534,,995,,1,0,0,1990-03-11,0.005161640648997112,66.0,25.075622466955092
paris-nice/1985/prologue,Paris - Nice,50,,6400,62.9000938669069,,815,,1,0,0,1985-03-03,0.009828139666704204,22.0,8.850612031567836
giro-d-italia/2005/stage-6,Giro d'Italia,80,,153000,1549.0,2,929,,1,0,0,2005-05-13,0.010124183006535947,0.0,131.96910358421988
giro-d-italia/1994/stage-11,Giro d'Italia,80,,165000,975.7516101142776,,1292,,1,0,0,1994-06-01,0.005913646121904713,0.0,0.0
amstel-gold-race/1971/result,Amstel Gold Race,225,,233000,2754.8354173424177,,523,,0,0,0,1971-03-28,0.011823327971426685,157.0,60.07177329117208
tour-de-france/1997/stage-3,Tour de France,100,,224000,2568.0,3,1994,,1,0,0,1997-07-08,0.011464285714285715,131.0,199.7260273884931
vuelta-a-espana/2015/stage-6,Vuelta a España,80,16,200300,2908.0,3,1115,,1,0,0,2015-08-27,0.014518222666000998,301.5,259.60864649390106
paris-nice/1990/stage-4,Paris - Nice,50,,179000,1878.0950603843526,,995,,1,0,0,1990-03-08,0.010492151175331579,0.0,0.0
tour-de-france/2016/stage-17,Tour de France,100,120,184500,3891.0,5,1758,,1,0,0,2016-07-20,0.021089430894308942,1826.0,696.5895126656259
itzulia-basque-country/2021/stage-4,Itzulia Basque Country,50,50,189200,2646.0,2,936,,1,0,0,2021-04-08,0.013985200845665962,834.0,430.11972760514783
vuelta-a-espana/1997/stage-2,Vuelta a España,80,,224000,1648.0,,1165,,1,0,0,1997-09-07,0.007357142857142857,0.0,73.35543313828421
tour-de-suisse/1983/stage-4,Tour de Suisse,50,,232000,3210.494166163815,,809,,1,0,0,1983-06-18,0.013838336923119893,0.0,0.0
giro-d-italia/2015/stage-16,Giro d'Italia,80,16,177000,4951.0,5,861,,1,0,0,2015-05-26,0.02797175141242938,1897.0,657.2087704132608
paris-nice/2016/stage-2,Paris - Nice,50,60,214000,1792.0,1,1109,,1,0,0,2016-03-08,0.008373831775700934,12.0,59.11441854267036
vuelta-a-espana/1988/stage-13,Vuelta a España,80,,178200,4000.0,,828,,1,0,0,1988-05-07,0.02244668911335578,42.0,47.223934609475315
tour-de-suisse/1997/stage-8,Tour de Suisse,50,,195900,2546.8982099973196,,1161,,1,0,0,1997-06-25,0.013001011791716793,594.0,507.56725803441213
tour-de-suisse/2007/stage-7,Tour de Suisse,50,,152500,1972.5741376918347,,1089,,1,0,0,2007-06-23,0.012934912378307113,222.0,347.59772315888426
tour-de-france/2018/stage-13,Tour de France,100,120,169500,1302.0,1,1689,,1,0,0,2018-07-20,0.00768141592920354,67.0,55.96414020569307
tour-de-france/1992/stage-11,Tour de France,100,,249500,4500.0,2,2047,,1,0,0,1992-07-15,0.018036072144288578,726.0,557.2632646400003
tour-de-france/1981/stage-12a,Tour de France,100,,105500,1052.0,1,1362,,1,0,0,1981-07-08,0.009971563981042654,5.0,20.025460803383865
volta-a-catalunya/1994/stage-4,Volta Ciclista a Catalunya,50,,166700,4475.0,5,379,,1,0,0,1994-09-11,0.026844631073785243,77.5,50.22681886535653
liege-bastogne-liege/1990/result,Liège - Bastogne - Liège,275,,256000,3744.0788312179866,,1232,,0,0,0,1990-04-15,0.01462530793444526,551.0,276.20056995770517
tour-de-france/2001/stage-16,Tour de France,100,,227500,3500.0,3,1496,,1,0,0,2001-07-25,0.015384615384615385,1568.0,306.2939651763455
world-championship/2016/result,World Championships ME - Road Race,350,600,257300,401.0,1,998,,0,0,0,2016-10-16,0.001558492032646716,326.0,155.87910028034227
tour-de-romandie/1997/prologue,Tour de Romandie,50,,8100,111.95213140459009,,922,,1,0,0,1997-05-06,0.013821250790690135,24.0,21.844071542147578
vuelta-a-espana/2000/stage-18,Vuelta a España,80,,160000,2713.0,2,981,,1,0,0,2000-09-14,0.01695625,505.0,385.8193897433591
dauphine/2019/stage-8,Critérium du Dauphiné,50,60,113500,2993.0,4,973,,1,0,0,2019-06-16,0.026370044052863435,429.0,325.63645511286444
tour-de-france/2012/stage-20,Tour de France,100,20,120000,699.0000000000002,1,1703,,1,0,0,2012-07-22,0.005825000000000002,9.0,21.663385827404348
tour-de-france/1997/stage-18,Tour de France,100,,175500,3500.0,2,1994,,1,0,0,1997-07-24,0.019943019943019943,329.0,523.6833997126843
tirreno-adriatico/1991/stage-4,Tirreno-Adriatico,50,,220000,3172.5940053106515,,710,,1,0,0,1991-03-16,0.014420881842321143,0.0,0.0
itzulia-basque-country/2008/stage-1,Vuelta Ciclista al País Vasco,50,,137000,2114.3874394415957,,838,,1,0,0,2008-04-07,0.015433484959427706,119.0,262.7523044385596
dauphine/1989/stage-6b,Critérium du Dauphiné Libéré,50,,30000,385.3908157585015,,603,,1,0,0,1989-06-04,0.012846360525283384,180.5,72.89608682010447
paris-nice/2013/stage-2,Paris - Nice,50,6,200500,1810.0,1,917,,1,0,0,2013-03-05,0.009027431421446384,0.0,21.682307707724924
vuelta-a-espana/1990/stage-12,Vuelta a España,80,,156000,3000.0,,807,,1,0,0,1990-05-05,0.019230769230769232,111.0,38.67471180672628
paris-nice/2015/stage-1,Paris - Nice,50,,192000,748.0,1,1225,,1,0,0,2015-03-09,0.003895833333333333,0.0,18.741842806217274
tour-de-suisse/1998/stage-8,Tour de Suisse,50,,30000,333.295485210313,,971,,1,0,0,1998-06-24,0.011109849507010433,187.0,91.45984094758062
giro-d-italia/2019/stage-5,Giro d'Italia,80,100,140000,2056.0,2,896,,1,0,0,2019-05-15,0.014685714285714286,0.0,19.084011444528045
tour-de-suisse/2004/stage-6,Tour de Suisse,50,,185400,3761.066707472596,,676,,1,0,0,2004-06-17,0.02028622819564507,889.0,559.1665811510828
giro-d-italia/2014/stage-3,Giro d'Italia,80,16,187000,1243.0,1,892,,1,0,0,2014-05-11,0.006647058823529412,11.0,131.0020236241254
dauphine/1975/stage-2,Critérium du Dauphiné Libéré,50,,113000,1630.7676461937035,,889,,1,0,0,1975-06-04,0.014431572090209765,0.0,0.0
vuelta-a-espana/2016/stage-20,Vuelta a España,80,100,193200,5036.0,5,821,,1,0,0,2016-09-10,0.02606625258799172,1671.0,583.7254282001309
paris-nice/2014/stage-5,Paris - Nice,50,6,152500,2389.0,2,971,,1,0,0,2014-03-13,0.015665573770491804,240.0,351.0989841883812
tour-de-romandie/2000/prologue,Tour de Romandie,50,,6500,48.7011618718052,,764,,1,0,0,2000-05-02,0.007492486441816184,30.0,10.81630139895361
vuelta-a-espana/1995/stage-12,Vuelta a España,80,,238000,4251.0,,883,,1,0,0,1995-09-14,0.017861344537815127,2.0,294.0846573935568
paris-nice/2021/stage-3,Paris - Nice,50,60,14400,102.0,1,1044,,1,0,0,2021-03-09,0.007083333333333333,69.0,35.46839446340417
tour-de-romandie/1991/stage-1,Tour de Romandie,50,,174000,502.6984713228767,,521,,1,0,0,1991-05-08,0.0028890716742694064,2.0,3.286335345030997
tirreno-adriatico/1991/stage-6,Tirreno-Adriatico,50,,176000,1844.1688501140914,,710,,1,0,0,1991-03-18,0.010478232102920974,115.0,37.99013029722325
giro-d-italia/1999/stage-2,Giro d'Italia,80,,133000,816.1332600872222,,1057,,1,0,0,1999-05-16,0.006136340301407686,0.0,58.582903284517926
vuelta-a-espana/1994/stage-5,Vuelta a España,80,,166900,1547.0,,791,,1,0,0,1994-04-29,0.0092690233672858,0.0,52.43372404846465
vuelta-a-espana/1997/stage-18,Vuelta a España,80,,185000,830.0,,1165,,1,0,0,1997-09-24,0.004486486486486486,265.0,79.21792506221546
tirreno-adriatico/2023/stage-7,Tirreno-Adriatico,50,60,154000,1660.0,1,1044,12,1,0,0,2023-03-12,0.010779220779220779,0.0,72.78234908459808
vuelta-a-espana/1988/stage-19,Vuelta a España,80,,150000,3207.0,,828,,1,0,0,1988-05-13,0.02138,0.0,0.0
tour-de-france/2007/stage-1,Tour de France,100,,203000,1709.0,1,1612,,1,0,0,2007-07-08,0.00841871921182266,0.0,22.070677203284145
tour-de-france/2014/stage-7,Tour de France,100,20,234500,2076.0,2,1612,,1,0,0,2014-07-11,0.008852878464818763,221.0,297.7531305232807
giro-d-italia/1997/stage-8,Giro d'Italia,80,,212000,3575.1513002880247,,792,,1,0,0,1997-05-24,0.0168639212277737,1573.0,482.5587380975351
dauphine/2016/stage-7,Criterium du Dauphiné,50,60,151000,3794.0,3,1182,,1,0,0,2016-06-12,0.025125827814569537,1093.0,632.0711390502993
tour-de-france/2003/stage-9,Tour de France,100,,184500,4500.0,4,1688,,1,0,0,2003-07-14,0.024390243902439025,1158.0,744.7006149802529
ronde-van-vlaanderen/1977/result,Ronde van Vlaanderen / Tour des Flandres,275,,264000,3361.9756337316876,,595,,0,0,0,1977-04-03,0.012734756188377605,120.0,325.1705055928503
dauphine/1977/stage-4b,Critérium du Dauphiné Libéré,50,,129000,1374.7007703457639,,809,,1,0,0,1977-06-03,0.01065659511895941,0.0,0.0
giro-d-italia/1998/stage-19,Giro d'Italia,80,,243000,3809.480895090983,,923,,1,0,0,1998-06-04,0.015676876111485525,1520.0,589.4805495615639
vuelta-a-espana/1999/stage-15,Vuelta a España,80,,193400,931.0,,1342,,1,0,0,1999-09-20,0.004813857290589452,766.0,270.80258808638763
dauphine/2000/prologue,Criterium du Dauphiné Libére,50,,3600,81.90860008090567,,494,,1,0,0,2000-06-04,0.022752388911362685,79.0,36.87574069010826
tour-de-france/2015/stage-14,Tour de France,100,20,178500,2772.0,5,1812,,1,0,0,2015-07-18,0.015529411764705882,759.0,340.6966708205818
giro-d-italia/1998/stage-9,Giro d'Italia,80,,169000,1253.719760914159,,923,,1,0,0,1998-05-25,0.00741846012375242,0.0,40.39621161090568
ronde-van-vlaanderen/1992/result,Ronde van Vlaanderen / Tour des Flandres,275,,260000,3819.037698171981,,988,,0,0,0,1992-04-05,0.014688606531430696,610.0,228.288566908758
tour-de-france/2016/stage-15,Tour de France,100,120,159000,4386.0,4,1758,,1,0,0,2016-07-17,0.027584905660377357,1313.0,575.1566436329031
paris-nice/2009/stage-3,Paris - Nice,30,,178000,2576.8524247535474,2,796,,1,0,0,2009-03-10,0.014476699015469368,170.0,280.4206380207313
tour-de-suisse/2013/stage-8,Tour de Suisse,50,6,180500,1759.0,2,960,,1,0,0,2013-06-15,0.009745152354570637,215.0,134.85360847021965
giro-d-italia/2018/stage-12,Giro d'Italia,80,100,214000,874.0000000000002,2,838,,1,0,0,2018-05-17,0.004084112149532712,184.0,274.18301010913564
giro-d-italia/1991/stage-15,Giro d'Italia,80,,132000,1232.471177507479,,908,,1,0,0,1991-06-10,0.009336902859905145,47.0,17.1386502774674
vuelta-a-espana/2010/stage-19,Vuelta a España,80,16,200000,2554.0,1,1123,,1,0,0,2010-09-17,0.01277,36.0,91.52049345092456
tour-de-france/1979/stage-12,Tour de France,100,,193000,2696.0,1,1381,,1,0,0,1979-07-09,0.013968911917098446,389.0,226.9908455226641
vuelta-a-espana/1999/stage-20,Vuelta a España,80,,46000,971.0,,1342,,1,0,0,1999-09-25,0.021108695652173912,557.0,199.55579121201856
tour-de-france/2004/stage-18,Tour de France,100,,166500,2500.0,2,1555,,1,0,0,2004-07-23,0.015015015015015015,689.0,136.23946934593812
ronde-van-vlaanderen/2013/result,Ronde van Vlaanderen / Tour des Flandres ME,275,,256200,2066.0,2,868,,0,0,0,2013-03-31,0.008064012490241999,356.0,302.3807945745501
tirreno-adriatico/1996/stage-5b,Tirreno-Adriatico,50,,28200,278.4857509305916,,585,,1,0,0,1996-03-17,0.009875381238673462,11.0,15.725775020646836
tour-de-romandie/2021/stage-5,Tour de Romandie,50,60,16190,338.0,3,560,,1,0,0,2021-05-02,0.020877084620135888,123.0,61.79950810225491
tour-de-suisse/1992/stage-1,Tour de Suisse,50,,150000,699.6055519536535,,533,,1,0,0,1992-06-17,0.004664037013024357,0.0,0.0
vuelta-a-espana/1992/stage-2a,Vuelta a España,80,,135500,872.0,,1033,,1,0,0,1992-04-28,0.006435424354243543,0.0,0.0
giro-d-italia/1996/stage-5,Giro d'Italia,80,,196000,1673.0383932717646,,1034,,1,0,0,1996-05-23,0.008535910169753901,0.0,9.638631946829985
tour-de-romandie/2010/stage-2,Tour de Romandie,50,6,171800,2235.199015076276,1,678,,1,0,0,2010-04-29,0.013010471566218136,0.0,276.804432949415
tour-de-suisse/2002/stage-9,Tour de Suisse,50,,34900,399.279482914965,,673,,1,0,0,2002-06-27,0.01144067286289298,217.0,126.85775346174465
tour-de-france/1980/prologue,Tour de France,100,,7600,151.73236152552727,1,1224,,1,0,0,1980-06-26,0.019964784411253586,54.5,19.408356891637037
giro-d-italia/2012/stage-2,Giro d'Italia,80,16,206000,671.0,1,886,,1,0,0,2012-05-06,0.003257281553398058,0.0,55.95738434046327
vuelta-a-espana/1986/stage-15,Vuelta a España,80,,207000,1176.0,,843,,1,0,0,1986-05-07,0.005681159420289855,26.0,9.192388155425117
paris-nice/2007/stage-6,Paris - Nice,50,,200000,2581.7222189835884,2,823,,1,0,0,2007-03-17,0.012908611094917942,338.0,399.9165278778076
tour-de-france/1992/stage-19,Tour de France,100,,64000,624.0000000000002,2,2047,,1,0,0,1992-07-24,0.009750000000000003,481.5,173.13225458882619
giro-d-italia/1994/stage-3,Giro d'Italia,80,,185000,906.0172530702257,,1292,,1,0,0,1994-05-24,0.004897390557136355,2.0,0.6324555320336759
vuelta-a-espana/2001/stage-15,Vuelta a España,80,,207200,3575.0,5,971,,1,0,0,2001-09-23,0.017253861003861004,1282.0,608.9228809691955
vuelta-a-espana/1983/stage-18,Vuelta a España,80,,204000,3140.4083246936684,,705,,1,0,0,1983-05-07,0.015394158454380727,522.0,271.12052482807496
vuelta-a-espana/2012/stage-21,Vuelta a España,80,16,111900,751.0,1,852,,1,0,0,2012-09-09,0.006711349419124218,0.0,38.25329289194821
uae-tour/2023/stage-1,UAE Tour,50,40,151000,518.0,1,530,21,1,0,0,2023-02-20,0.0034304635761589404,51.0,148.70508191538534
vuelta-a-espana/1998/stage-13,Vuelta a España,80,,208500,1942.0,,1309,,1,0,0,1998-09-18,0.009314148681055156,219.0,442.50241729619637
tour-de-france/2018/stage-18,Tour de France,100,120,171000,1312.0,1,1689,,1,0,0,2018-07-26,0.007672514619883041,0.0,74.68375022648983
volta-a-catalunya/2014/stage-5,Volta Ciclista a Catalunya,50,6,222200,2863.0,2,896,,1,0,0,2014-03-28,0.012884788478847884,15.0,158.42528778394416
tirreno-adriatico/2014/stage-2,Tirreno-Adriatico,50,6,166000,1353.0,2,1269,,1,0,0,2014-03-13,0.008150602409638554,0.0,133.86653740820495
giro-d-italia/2012/stage-20,Giro d'Italia,80,16,219000,6068.0,5,886,,1,0,0,2012-05-26,0.027707762557077624,2370.0,863.8250592890273
tour-de-france/2013/stage-9,Tour de France,100,20,168500,4411.0,4,1690,,1,0,0,2013-07-07,0.026178041543026706,1363.0,558.599730854127
vuelta-a-espana/1999/stage-16,Vuelta a España,80,,200400,2692.0,,1342,,1,0,0,1999-09-21,0.01343313373253493,759.0,230.03707522399273
amstel-gold-race/1998/result,Amstel Gold Race,225,,257300,3437.7117458306075,,1476,,0,0,0,1998-04-25,0.01336071413070582,554.0,241.6210268099041
vuelta-a-espana/2012/stage-15,Vuelta a España,80,16,186700,3549.0,5,852,,1,0,0,2012-09-02,0.019009105516871988,1290.0,431.6093807358477
tour-de-suisse/1984/stage-8a,Tour de Suisse,50,,19500,194.8442493994803,,646,,1,0,0,1984-06-21,0.00999201278971694,37.0,20.658331652548
tour-de-france/1999/stage-1,Tour de France,100,,208000,1829.0,1,1255,,1,0,0,1999-07-04,0.008793269230769231,0.0,0.0
dauphine/2009/stage-3,Critérium du Dauphiné Libéré,50,,182000,3062.7938838632194,,708,,1,0,0,2009-06-09,0.01682853782342428,92.0,172.218705083761
paris-nice/1996/stage-8a,Paris - Nice,50,,71700,938.2866012866045,,766,,1,0,0,1996-03-17,0.013086284536772727,0.0,0.0
tirreno-adriatico/2000/stage-3,Tirreno-Adriatico,50,,160000,1225.7640583234347,,1197,,1,0,0,2000-03-10,0.007661025364521467,10.0,4.630731924968184
vuelta-a-espana/2012/stage-8,Vuelta a España,80,16,175000,3565.0,5,852,,1,0,0,2012-08-25,0.02037142857142857,889.0,422.2807607069043
tour-de-france/2012/stage-18,Tour de France,100,20,222500,2146.0,1,1703,,1,0,0,2012-07-20,0.00964494382022472,16.0,175.34296056086131
giro-d-italia/1997/stage-14,Giro d'Italia,80,,240000,1819.6563922070845,,792,,1,0,0,1997-05-31,0.007581901634196185,195.0,91.20024238194937
tour-de-france/1999/stage-13,Tour de France,100,,237000,4000.0,2,1255,,1,0,0,1999-07-17,0.016877637130801686,1352.0,358.3125503368953
gp-quebec/2017/result,Grand Prix Cycliste de Québec,225,500,201600,2824.0,3,824,,0,0,0,2017-09-08,0.014007936507936507,48.0,202.26373536141014
tour-de-france/2003/stage-14,Tour de France,100,,191500,5000.0,4,1688,,1,0,0,2003-07-20,0.02610966057441253,1589.0,692.8532584688461
volta-a-catalunya/2008/stage-6,Volta Ciclista a Catalunya,50,,106400,1753.1509363088217,2,616,,1,0,0,2008-05-25,0.016476982484105465,23.0,195.33620859022508
strade-bianche/2008/result,Monte Paschi Eroica,75,80,181000,3246.3606033899405,3,426,,0,0,0,2008-03-08,0.017935693941380886,110.0,180.24600586933525
giro-d-italia/1990/stage-14,Giro d'Italia,80,,164000,1513.364728407535,,1061,,1,0,0,1990-05-31,0.009227833709802043,13.0,5.481281277625192
tour-de-suisse/2008/stage-5,Tour de Suisse,50,,189700,3238.005024243919,,1041,,1,0,0,2008-06-18,0.017069082890057558,668.0,384.47072109937426
il-lombardia/2014/result,Il Lombardia,275,,254000,4066.0,2,1166,,0,0,0,2014-10-05,0.016007874015748033,157.0,316.18362809312583
tour-de-france/1984/stage-12,Tour de France,100,,111000,1050.0,1,1632,,1,0,0,1984-07-10,0.00945945945945946,70.0,101.63828177625959
volta-a-catalunya/2006/stage-7,Volta Ciclista a Catalunya,50,,121600,1672.1783741785734,2,882,,1,0,0,2006-05-21,0.0137514668929159,0.0,194.65584905840763
tour-de-suisse/2002/stage-7,Tour de Suisse,50,,170900,1989.792307698307,,673,,1,0,0,2002-06-25,0.011643021109995945,326.0,122.54549666917215
dauphine/2006/stage-1,Critérium du Dauphiné Libéré,50,,207000,2747.2923394087707,,800,,1,0,0,2006-06-05,0.013271943668641404,13.0,1.9565148378070127
itzulia-basque-country/2016/stage-1,Vuelta Ciclista al País Vasco,50,50,144000,3271.0,2,943,,1,0,0,2016-04-04,0.02271527777777778,155.0,304.730044669162
tirreno-adriatico/1995/stage-5,Tirreno-Adriatico,50,,175000,1713.1331875602764,,749,,1,0,0,1995-03-12,0.009789332500344437,112.5,37.79902996991679
dauphine/2005/stage-4,Critérium du Dauphiné Libéré,50,,182000,3032.5363518396903,,933,,1,0,0,2005-06-09,0.016662287647470825,710.0,417.67170576501076
itzulia-basque-country/2001/stage-2,Vuelta al País Vasco,50,,175000,2424.1034218611167,,898,,1,0,0,2001-04-10,0.013852019553492096,33.0,290.55819475452256
vuelta-a-espana/2017/stage-8,Vuelta a España,80,100,199500,2593.0,2,899,,1,0,0,2017-08-26,0.01299749373433584,712.0,404.98774317691726
paris-nice/1988/stage-2,Paris - Nice,50,,200000,1457.6162749813823,,1146,,1,0,0,1988-03-08,0.007288081374906911,72.0,16.92584445533858
vuelta-a-espana/2008/stage-13,Vuelta a España,80,,209500,4413.0,5,1101,,1,0,0,2008-09-13,0.021064439140811457,993.0,386.5125428542579
tour-de-suisse/2000/stage-3,Tour de Suisse,50,,182000,2493.93796989426,,895,,1,0,0,2000-06-15,0.01370295587853989,274.5,280.755477929984
tour-de-france/2018/stage-7,Tour de France,100,120,231000,2255.0,1,1689,,1,0,0,2018-07-13,0.009761904761904762,0.0,56.41493195741649
amstel-gold-race/1976/result,Amstel Gold Race,225,,230000,2758.348451173043,,443,,0,0,0,1976-03-27,0.011992819352926273,407.0,85.52481421291627
giro-d-italia/2002/stage-4,Giro d'Italia,80,,232000,1668.0,2,920,,1,0,0,2002-05-15,0.007189655172413793,0.0,124.8030505244852
dwars-door-vlaanderen/2021/result,Dwars door Vlaanderen - A travers la Flandre ME,225,300,184100,1446.0,2,819,,0,0,0,2021-03-31,0.007854426941879414,268.0,226.7969034161923
giro-d-italia/2013/stage-14,Giro d'Italia,80,16,181000,2952.0,5,930,,1,0,0,2013-05-18,0.01630939226519337,862.0,480.05913905982277
paris-nice/2007/stage-4,Paris - Nice,50,,169500,2803.849804861798,3,823,,1,0,0,2007-03-15,0.016541886754346893,307.0,224.90412263692497
tour-de-suisse/1978/prologue,Tour de Suisse,50,,4000,28.964856010469703,,691,,1,0,0,1978-06-14,0.0072412140026174255,1.0,0.6324555320336759
paris-nice/1984/prologue,Paris - Nice,50,,4900,76.0172849025812,,778,,1,0,0,1984-03-07,0.015513731612771673,13.0,4.293337692054015
itzulia-basque-country/2017/stage-1,Vuelta al País Vasco,50,50,153300,1822.0,2,811,,1,0,0,2017-04-03,0.011885192433137638,0.0,40.97242871827725
tour-de-france/1985/stage-17,Tour de France,100,,209500,5000.0,5,1470,,1,0,0,1985-07-16,0.02386634844868735,1036.0,587.256938551938
vuelta-a-espana/2003/stage-7,Vuelta a España,80,,190000,4432.0,5,935,,1,0,0,2003-09-12,0.023326315789473685,1647.0,702.1587555237754
omloop-het-nieuwsblad/1974/result,Omloop Het Volk,125,,193000,1610.9712406062133,,615,,0,0,0,1974-03-02,0.008347001246664317,82.0,30.99308678675663
paris-nice/1976/stage-3,Paris - Nice,50,,129000,1410.2759544237779,,779,,1,0,0,1976-03-10,0.010932371739719208,0.0,0.0
tour-de-suisse/1991/stage-5,Tour de Suisse,50,,22400,192.46949906759664,,796,,1,0,0,1991-06-23,0.008592388351231993,107.0,52.813718756483055
giro-d-italia/2000/stage-3,Giro d'Italia,80,,177000,2507.0,2,866,,1,0,0,2000-05-16,0.014163841807909604,0.0,261.61035636791235
dauphine/2003/stage-7,Critérium du Dauphiné Libéré,50,,174000,2753.9240547191957,,572,,1,0,0,2003-06-15,0.015827149739765494,501.0,425.95382332083165
tour-de-france/2003/stage-19,Tour de France,100,,49000,395.0000000000002,1,1688,,1,0,0,2003-07-26,0.008061224489795923,234.0,107.04726982019439
tour-de-suisse/1990/stage-3,Tour de Suisse,50,,162000,1863.4894372963472,,767,,1,0,0,1990-06-15,0.011503021217878686,0.0,1.889822365046136
giro-d-italia/2022/stage-6,Giro d'Italia,80,100,192000,1498.0,2,817,21,1,0,0,2022-05-12,0.007802083333333334,0.0,27.754109527693995
giro-d-italia/1993/stage-4,Giro d'Italia,80,,179000,1570.3131030264983,,1089,,1,0,0,1993-05-26,0.008772698899589376,0.0,0.0
vuelta-a-espana/1996/stage-8,Vuelta a España,80,,220000,1842.0,,988,,1,0,0,1996-09-14,0.008372727272727273,0.0,58.24901491488832
omloop-het-nieuwsblad/1988/result,Omloop Het Volk,125,,246000,1293.6244021925402,,649,,0,0,0,1988-03-05,0.005258635781270489,121.0,46.935968435948396
tour-de-france/2021/stage-5,Tour de France,100,120,27200,356.0,1,1646,,1,0,0,2021-06-30,0.013088235294117647,224.0,87.12010200047513
tour-de-suisse/1979/stage-9b,Tour de Suisse,50,,20000,196.37729661262892,,538,,1,0,0,1979-06-22,0.009818864830631446,37.0,16.133815419794537
dwars-door-vlaanderen/2018/result,Dwars door Vlaanderen - A travers la Flandre ME,225,300,180000,1313.0,2,853,,0,0,0,2018-03-28,0.0072944444444444445,407.0,230.93129267696128
e3-harelbeke/2013/result,E3 Prijs Vlaanderen - Harelbeke,225,,211000,1899.0,2,775,,0,0,0,2013-03-22,0.009,311.0,239.5791090319356
e3-harelbeke/1975/result,E3-Prijs Harelbeke,125,,226000,1692.3077614312729,,261,,0,0,0,1975-03-22,0.007488087439961384,387.0,218.4270986757308
giro-d-italia/2002/stage-6,Giro d'Italia,80,,190000,2357.0,2,920,,1,0,0,2002-05-17,0.012405263157894737,391.0,359.39007175693166
vuelta-a-espana/2022/stage-14,La Vuelta ciclista a España,80,100,160300,3312.0,5,968,30,1,0,0,2022-09-03,0.02066126013724267,1053.5,516.706007224706
world-championship/1988/result,World Championships - Road Race,350,,274000,3689.0,,1677,,0,0,0,1988-08-28,0.013463503649635037,108.0,71.92441667284699
tour-de-france/1995/stage-10,Tour de France,100,,159000,5500.0,5,1871,,1,0,0,1995-07-12,0.03459119496855346,1520.0,617.9345478981276
giro-d-italia/2017/stage-20,Giro d'Italia,80,100,190000,3721.0,4,881,,1,0,0,2017-05-27,0.01958421052631579,1553.0,799.9075117392387
tour-de-suisse/2001/stage-9,Tour de Suisse,50,,175900,2416.306297445852,,873,,1,0,0,2001-06-28,0.013736818063933212,176.0,38.36830375027369
amstel-gold-race/2001/result,Amstel Gold Race,225,,257000,3476.393923648112,,1115,,0,0,0,2001-04-28,0.013526824605634676,161.0,187.575176463723
giro-d-italia/1990/stage-8,Giro d'Italia,80,,188000,1773.0174214059703,,1061,,1,0,0,1990-05-25,0.00943094373088282,0.0,0.0
giro-d-italia/2021/stage-16,Giro d'Italia,80,100,153000,3942.0,4,885,,1,0,0,2021-05-24,0.02576470588235294,1697.0,826.2423044854974
volta-a-catalunya/2007/stage-2,Volta Ciclista a Catalunya,50,,170000,2165.0589411323062,2,816,,1,0,0,2007-05-22,0.012735640830190036,0.0,105.81191199012558
tour-de-france/2005/stage-1,Tour de France,50,,19000,27.0,1,1535,,1,0,0,2005-07-02,0.0014210526315789475,150.0,40.67293566870534
giro-d-italia/2000/stage-18,Giro d'Italia,80,,176000,3725.0,5,866,,1,0,0,2000-06-01,0.021164772727272727,1001.0,453.19549125873283
tour-de-france/2000/stage-6,Tour de France,100,,198500,1522.0,1,1437,,1,0,0,2000-07-06,0.007667506297229219,469.0,233.90752358462296
tour-de-romandie/1990/stage-4,Tour de Romandie,50,,191000,2225.6569142666285,,684,,1,0,0,1990-05-11,0.011652654001395962,0.0,1.5491933384829668
vuelta-a-espana/2005/stage-1,Vuelta a España,80,,7000,162.0,1,960,,1,0,0,2005-08-27,0.023142857142857142,50.0,20.83399512562409
omloop-het-nieuwsblad/2015/result,Omloop Het Nieuwsblad ME,125,,200200,1770.8789646831942,2,590,,0,0,0,2015-02-28,0.008845549274141828,619.0,188.1872664468753
il-lombardia/1986/result,Giro di Lombardia,275,,262000,2870.935939102069,,427,,0,0,0,1986-10-18,0.01095777075993156,485.0,341.46994389059364
vuelta-a-espana/2012/stage-7,Vuelta a España,80,16,160000,1300.0,2,852,,1,0,0,2012-08-24,0.008125,98.0,152.54690668407596
volta-a-catalunya/2014/stage-7,Volta Ciclista a Catalunya,50,6,120700,1838.0,2,896,,1,0,0,2014-03-30,0.015227837613918807,182.0,176.07199753746102
giro-d-italia/2009/stage-5,Giro d'Italia,80,,125000,2851.0,5,975,,1,0,0,2009-05-13,0.022808,828.0,375.24164516847674
giro-d-italia/2004/stage-9,Giro d'Italia,80,,142000,867.0,2,621,,1,0,0,2004-05-17,0.0061056338028169016,0.0,166.97494826968864
vuelta-a-espana/2013/stage-6,Vuelta a España,80,16,175000,1620.0,1,1128,,1,0,0,2013-08-29,0.009257142857142858,0.0,58.75676551727757
giro-d-italia/2019/stage-3,Giro d'Italia,80,100,220000,1790.0,2,896,,1,0,0,2019-05-13,0.008136363636363636,46.0,85.60485537846446
milano-sanremo/2021/result,Milano-Sanremo,275,500,299000,2020.0,2,1088,,0,0,0,2021-03-20,0.0067558528428093645,193.0,309.28252897234415
tour-de-romandie/2014/stage-1,Tour de Romandie,50,6,88600,1012.0,4,847,,1,0,0,2014-04-30,0.011422121896162528,57.0,239.88981475143228
vuelta-a-espana/1995/stage-13,Vuelta a España,80,,181000,1311.0,,883,,1,0,0,1995-09-15,0.007243093922651934,585.5,302.04359508742004
tour-de-france/1978/stage-1a,Tour de France,100,,135000,438.0,1,1241,,1,0,0,1978-06-30,0.0032444444444444443,1.0,23.044351452731238
tour-de-suisse/1974/stage-8,Tour de Suisse,50,,197000,909.8157145865448,,541,,1,0,0,1974-06-20,0.004618353881149974,0.0,0.0
dauphine/1983/stage-1,Critérium du Dauphiné Libéré,50,,186000,1130.436090568543,,621,,1,0,0,1983-05-31,0.006077613390153457,17.0,7.602631123499285
tirreno-adriatico/1992/stage-7,Tirreno-Adriatico,50,,18300,179.58351148482052,,638,,1,0,0,1992-03-18,0.009813306638514782,23.0,13.352902306240393
tour-de-france/2004/stage-10,Tour de France,100,,237000,4500.0,3,1555,,1,0,0,2004-07-14,0.0189873417721519,1464.0,562.1456938485552
volta-a-catalunya/1998/stage-5,Volta Ciclista a Catalunya,50,,18000,249.5155367227635,,859,,1,0,0,1998-06-22,0.01386197426237575,132.5,55.747254732914094
tour-de-suisse/1990/stage-11,Tour de Suisse,50,,173500,1781.9455206849748,,767,,1,0,0,1990-06-22,0.010270579369942218,0.0,0.0
tour-de-suisse/1979/stage-5,Tour de Suisse,50,,160000,502.67546470780803,,538,,1,0,0,1979-06-18,0.0031417216544238004,0.0,0.0
tour-de-france/2013/stage-5,Tour de France,100,20,228500,2775.0,2,1690,,1,0,0,2013-07-03,0.012144420131291028,0.0,240.88953872093816
paris-nice/2015/stage-5,Paris - Nice,50,6,192000,1789.0,3,1225,,1,0,0,2015-03-13,0.009317708333333334,0.0,122.10558928327609
itzulia-basque-country/2022/stage-2,Itzulia Basque Country,50,50,207920,2625.0,2,741,11,1,0,0,2022-04-05,0.012625048095421317,0.0,86.1238273788625
liege-bastogne-liege/2021/result,Liège-Bastogne-Liège,275,500,259100,4352.0,2,1147,,0,0,0,2021-04-25,0.01679660362794288,186.0,242.29967937343335
tour-de-france/1984/stage-7,Tour de France,100,,67000,606.0,1,1632,,1,0,0,1984-07-05,0.009044776119402985,391.0,194.58942943972647
vuelta-a-espana/1988/stage-12,Vuelta a España,80,,197500,3353.0,,828,,1,0,0,1988-05-06,0.01697721518987342,3.0,0.9660917830792958
vuelta-a-espana/2014/stage-4,Vuelta a España,80,16,164700,1474.0,1,1175,,1,0,0,2014-08-26,0.008949605343047966,579.0,411.69751788028225
paris-nice/2006/stage-3,Paris - Nice,50,,168500,3108.359838247865,4,795,,1,0,0,2006-03-08,0.01844723939612976,822.0,493.3842812160202
paris-roubaix/2015/result,Paris - Roubaix,275,,253500,1033.0,1,815,,0,0,0,2015-04-12,0.004074950690335305,470.0,458.25974943193415
tour-de-suisse/1992/stage-8,Tour de Suisse,50,,237000,2505.8423962509914,,533,,1,0,0,1992-06-24,0.010573174667725702,13.0,5.307227776030219
volta-a-catalunya/2000/stage-5,Volta a Catalunya,50,,159000,2986.6244715718913,,697,,1,0,0,2000-06-19,0.018783801707999315,1006.0,222.81415828120737
giro-d-italia/2019/stage-13,Giro d'Italia,80,100,196000,5187.0,5,896,,1,0,0,2019-05-24,0.026464285714285714,1838.0,859.9736700112294
tirreno-adriatico/1996/stage-7,Tirreno-Adriatico,50,,174000,818.6927961280023,,585,,1,0,0,1996-03-19,0.004705131012229898,0.0,7.12039324756716
tour-de-suisse/1989/stage-1,Tour de Suisse,50,,148000,1196.3666505516421,,604,,1,0,0,1989-06-14,0.008083558449673258,0.0,0.0
tour-de-france/1992/stage-21,Tour de France,100,,141000,1808.0,2,2047,,1,0,0,1992-07-26,0.012822695035460992,0.0,5.019342431993697
tour-de-france/1990/stage-21,Tour de France,100,,182500,1285.0,1,1959,,1,0,0,1990-07-22,0.007041095890410959,0.0,6.6336579426873525
tour-de-france/1994/stage-13,Tour de France,100,,223000,1848.0,1,1731,,1,0,0,1994-07-16,0.008286995515695067,9.0,256.57911119056286
tour-de-suisse/2021/stage-6,Tour de Suisse,50,60,130100,2719.0,4,670,,1,0,0,2021-06-11,0.020899308224442737,773.0,521.5345251399908
vuelta-a-espana/2007/stage-7,Vuelta a España,80,,176300,1792.0,1,995,,1,0,0,2007-09-07,0.010164492342597845,0.0,0.0
tour-de-france/1978/stage-22,Tour de France,100,,162000,1774.0,1,1241,,1,0,0,1978-07-23,0.010950617283950618,63.0,16.937309729483633
tour-de-france/2013/stage-16,Tour de France,100,20,168000,3073.0,4,1690,,1,0,0,2013-07-16,0.018291666666666668,1156.0,418.196879957427
vuelta-a-espana/2012/stage-17,Vuelta a España,80,16,187300,3834.0,5,852,,1,0,0,2012-09-05,0.0204698344901228,1251.0,459.03148772468967
tirreno-adriatico/2019/stage-4,Tirreno-Adriatico,50,60,221000,3350.0,2,1067,,1,0,0,2019-03-16,0.015158371040723982,810.0,732.720128134835
vuelta-a-espana/2007/stage-19,Vuelta a España,80,,133000,3294.0,5,995,,1,0,0,2007-09-21,0.024766917293233083,1145.0,485.8943231763662
tour-de-france/2011/stage-16,Tour de France,100,20,162500,2372.0,4,1713,,1,0,0,2011-07-19,0.014596923076923077,635.0,280.59798220417605
tour-de-france/2018/stage-9,Tour de France,100,120,156500,618.0,1,1689,,1,0,0,2018-07-15,0.00394888178913738,347.0,415.8371193401361
vuelta-a-espana/2014/stage-7,Vuelta a España,80,16,169000,2744.0,3,1175,,1,0,0,2014-08-29,0.016236686390532544,464.0,444.11355692058726
paris-nice/2003/stage-1,Paris - Nice,50,,191000,2575.762220445291,,831,,1,0,0,2003-03-10,0.013485666075629796,6.0,93.04609772972496
vuelta-a-espana/1985/stage-17,Vuelta a España,80,,43000,531.0,,925,,1,0,0,1985-05-10,0.012348837209302325,335.0,153.3422649606351
volta-a-catalunya/2003/stage-3,Volta a Catalunya,50,,216600,3601.091015207813,,515,,1,0,0,2003-06-18,0.016625535619611324,973.0,379.85321525460745
giro-d-italia/1996/stage-1,Giro d'Italia,80,,170000,1355.0,,1034,,1,0,0,1996-05-18,0.007970588235294118,0.0,237.12000045289278
giro-d-italia/2001/stage-10,Giro d'Italia,80,,212000,1400.0,2,920,,1,0,0,2001-05-29,0.006603773584905661,606.0,143.45279699220407
tour-de-france/1996/stage-1,Tour de France,100,,209000,1139.0,1,1872,,1,0,0,1996-06-30,0.005449760765550239,34.0,74.67065683181154
e3-harelbeke/2010/result,E3 Prijs Vlaanderen,125,,203000,1808.4643233310103,2,699,,0,0,0,2010-03-27,0.008908691247936012,196.0,178.96967343368138
amstel-gold-race/2000/result,Amstel Gold Race,225,,257000,3426.655586739279,,1352,,0,0,0,2000-04-22,0.013333290220775404,204.0,226.16625218271096
giro-d-italia/1995/stage-8,Giro d'Italia,80,,209000,1180.071414759305,,1365,,1,0,0,1995-05-20,0.00564627471176701,108.0,28.144878939627993
tour-de-suisse/2015/stage-2,Tour de Suisse,50,6,161100,2023.0,2,1048,,1,0,0,2015-06-14,0.01255741775294848,438.0,328.0799038511227
giro-d-italia/2009/stage-16,Giro d'Italia,80,,237000,5699.0,5,975,,1,0,0,2009-05-25,0.024046413502109704,2120.0,1011.7415488963672
vuelta-a-espana/1993/stage-7,Vuelta a España,80,,184000,1705.0,,819,,1,0,0,1993-05-02,0.009266304347826087,72.0,139.69390698290906
vuelta-a-espana/2003/stage-21,Vuelta a España,80,,145800,898.0,1,935,,1,0,0,2003-09-26,0.006159122085048011,0.0,7.8153424442929795
paris-nice/1984/stage-4a,Paris - Nice,50,,64000,608.9875989754257,,778,,1,0,0,1984-03-11,0.009515431233991027,104.0,76.34422818046292
giro-d-italia/2006/stage-20,Giro d'Italia,80,,140000,430.0,1,997,,1,0,0,2006-05-28,0.0030714285714285713,0.0,24.943142503338155
tour-de-suisse/1978/stage-1,Tour de Suisse,50,,197500,2509.131390472511,,691,,1,0,0,1978-06-15,0.012704462736569676,0.0,0.0
itzulia-basque-country/2013/stage-1,Vuelta Ciclista al País Vasco,50,6,156500,2729.0,4,927,,1,0,0,2013-04-01,0.017437699680511183,61.0,228.58497067802986
volta-a-catalunya/1977/stage-3b,Volta Ciclista a Catalunya,50,,78800,1635.987049395927,,490,,1,0,0,1977-09-10,0.020761256972029532,0.0,37.306508411297315
volta-a-catalunya/2002/stage-6,Volta a Catalunya,50,,180100,1976.6424756852446,,431,,1,0,0,2002-06-22,0.010975249726181259,0.0,111.98498683920147
tour-de-suisse/1995/prologue,Tour de Suisse,50,,7100,67.77964658546352,,764,,1,0,0,1995-06-13,0.009546429096544158,9.0,7.082843120291926
tour-de-france/1997/stage-21,Tour de France,100,,149500,1630.0,1,1994,,1,0,0,1997-07-27,0.010903010033444816,0.0,16.641550254414124
vuelta-a-espana/1993/stage-3,Vuelta a España,80,,171400,2178.0,,819,,1,0,0,1993-04-28,0.012707117852975496,2.0,154.3082486692034
volta-a-catalunya/1992/stage-2,Volta Ciclista a Catalunya,50,,202300,2475.7266107882047,,758,,1,0,0,1992-09-10,0.012237897235730127,0.0,0.0
vuelta-a-espana/2018/stage-16,La Vuelta ciclista a España,80,100,32000,501.0,1,1036,,1,0,0,2018-09-11,0.01565625,281.0,111.21227181084997
paris-nice/1983/stage-6,Paris - Nice,50,,173000,1295.5878511850049,,658,,1,0,0,1983-03-15,0.0074889471166763285,129.0,49.534070931092835
volta-a-catalunya/1983/stage-7b,Volta Ciclista a Catalunya,50,,33000,367.8107819813781,,583,,1,0,0,1983-09-14,0.011145781272162973,65.0,34.25476446990825
vuelta-a-espana/1985/prologue,Vuelta a España,80,,5600,99.0,,925,,1,0,0,1985-04-23,0.01767857142857143,22.0,6.055390582121092
itzulia-basque-country/2015/stage-5,Vuelta Ciclista al País Vasco,50,6,155500,3377.0,3,970,,1,0,0,2015-04-10,0.021717041800643086,297.0,277.1304336244873
tour-de-suisse/2006/stage-8,Tour de Suisse,50,,166300,3344.8528185330056,,972,,1,0,0,2006-06-17,0.020113366317095645,679.0,619.6783720152407
amstel-gold-race/2008/result,Amstel Gold Race,225,,257400,3456.7854598341464,,1045,,0,0,0,2008-04-20,0.0134296249410806,325.0,301.87892789062477
giro-d-italia/2018/stage-19,Giro d'Italia,80,100,184000,5216.0,5,838,,1,0,0,2018-05-25,0.02834782608695652,2274.5,704.4867560752709
giro-d-italia/1991/stage-2a,Giro d'Italia,80,,127000,937.0169551946692,,908,,1,0,0,1991-05-27,0.007378086261375348,0.0,0.0
dauphine/2000/stage-3,Criterium du Dauphiné Libére,50,,35700,505.81717523830434,,494,,1,0,0,2000-06-07,0.014168548326002922,300.0,123.29029601091979
giro-d-italia/2001/stage-9,Giro d'Italia,80,,142000,153.0,1,920,,1,0,0,2001-05-28,0.0010774647887323943,0.0,34.68060983983958
giro-d-italia/2005/stage-8,Giro d'Italia,50,,45000,579.0,2,929,,1,0,0,2005-05-15,0.012866666666666667,332.0,124.97184142094363
tour-de-france/1980/stage-15,Tour de France,100,,160000,1057.0,3,1224,,1,0,0,1980-07-12,0.00660625,9.0,38.89659193137033
giro-d-italia/2015/stage-10,Giro d'Italia,80,16,200000,841.0000000000002,1,861,,1,0,0,2015-05-19,0.004205000000000001,42.0,106.80651393313903
giro-d-italia/2019/stage-6,Giro d'Italia,80,100,238000,2881.0,2,896,,1,0,0,2019-05-16,0.012105042016806723,439.0,469.81194955645356
tour-de-romandie/2019/stage-5,Tour de Romandie,50,60,16850,162.0,1,570,,1,0,0,2019-05-05,0.009614243323442136,105.5,43.62687583779975
giro-d-italia/1990/stage-18,Giro d'Italia,80,,180000,1121.0656769703414,,1061,,1,0,0,1990-06-04,0.00622814264983523,0.0,0.0
itzulia-basque-country/2003/stage-1,Vuelta al País Vasco,50,,129000,1555.9253658223336,,910,,1,0,0,2003-04-07,0.012061436944359174,41.0,120.07572884198666
giro-d-italia/2018/stage-8,Giro d'Italia,80,100,209000,3248.0,5,838,,1,0,0,2018-05-12,0.01554066985645933,879.5,452.5647722639563
tour-de-france/1994/stage-14,Tour de France,100,,202000,2500.0,2,1731,,1,0,0,1994-07-17,0.012376237623762377,356.0,156.28229498064528
dauphine/1977/prologue,Critérium du Dauphiné Libéré,50,,5000,46.756543953542405,,809,,1,0,0,1977-05-30,0.00935130879070848,10.5,5.546770832355224
dauphine/2014/stage-6,Critérium du Dauphiné,50,6,178500,1967.0,2,941,,1,0,0,2014-06-13,0.011019607843137255,305.0,201.13629379127346
paris-nice/1982/stage-6,Paris - Nice,50,,185000,2274.896853039048,,721,,1,0,0,1982-03-17,0.012296739746157016,260.0,66.19775568055806
paris-nice/2020/stage-2,Paris - Nice,50,60,166500,1173.0,1,1082,,1,0,0,2020-03-09,0.007045045045045045,141.0,155.25239228020405
giro-d-italia/2007/stage-19,Giro d'Italia,80,,178000,2710.0,4,844,,1,0,0,2007-06-01,0.015224719101123595,1388.0,597.3714114664429
vuelta-a-espana/2012/stage-3,Vuelta a España,80,16,153000,2470.0,4,852,,1,0,0,2012-08-20,0.0161437908496732,336.0,273.27453818597957
tour-de-suisse/2022/stage-3,Tour de Suisse,50,60,176900,3125.0,2,767,26,1,0,0,2022-06-14,0.017665347654041832,67.0,194.43785586680335
tour-de-france/2008/stage-11,Tour de France,100,,167500,2863.0,4,1520,,1,0,0,2008-07-16,0.017092537313432837,891.0,343.70568477761185
itzulia-basque-country/2014/stage-4,Vuelta Ciclista al País Vasco,50,6,151000,2821.0,2,912,,1,0,0,2014-04-10,0.01868211920529801,602.0,516.6395978572241
tour-de-france/1983/stage-7,Tour de France,100,,216000,881.0,1,1269,,1,0,0,1983-07-08,0.004078703703703703,0.0,19.864565727635135
tour-de-france/1983/stage-12,Tour de France,100,,254000,2500.0,3,1269,,1,0,0,1983-07-13,0.00984251968503937,118.0,425.820414043394
paris-nice/1998/stage-3,Paris - Nice,50,,194500,2261.6998961868126,,960,,1,0,0,1998-03-11,0.011628277101217546,0.0,209.4503710234357
tirreno-adriatico/2007/stage-5,Tirreno-Adriatico,50,,20500,251.14012083127773,2,1148,,1,0,0,2007-03-18,0.012250737601525744,171.0,76.57224905599963
giro-d-italia/2006/stage-6,Giro d'Italia,80,,236000,4513.0,5,997,,1,0,0,2006-05-13,0.0191228813559322,827.0,503.8758647690662
tirreno-adriatico/1995/stage-4,Tirreno-Adriatico,50,,200000,2850.5402138654695,,749,,1,0,0,1995-03-11,0.014252701069327347,10.0,4.067486256208427
dauphine/1993/stage-1,Critérium du Dauphiné Libéré,50,,188000,4064.261840697048,,386,,1,0,0,1993-06-01,0.021618414046260893,0.0,0.0
la-fleche-wallone/2008/result,La Flèche Wallonne,225,,200000,2765.3999160818507,3,1070,,0,0,0,2008-04-23,0.013826999580409253,190.0,186.52905791309797
vuelta-a-espana/2022/stage-11,La Vuelta ciclista a España,80,100,191200,1592.0,1,968,30,1,0,0,2022-08-31,0.008326359832635983,0.0,43.03203494141294
tour-de-france/2004/stage-11,Tour de France,100,,164000,3248.0,2,1555,,1,0,0,2004-07-15,0.019804878048780488,379.0,126.91370947468133
tour-de-france/1981/stage-22,Tour de France,100,,186800,2180.0,1,1362,,1,0,0,1981-07-19,0.011670235546038544,0.0,0.0
tour-de-suisse/2006/stage-4,Tour de Suisse,50,,161300,3005.456808806728,,972,,1,0,0,2006-06-13,0.018632714251746608,475.5,439.3174714948477
giro-d-italia/2006/stage-15,Giro d'Italia,80,,173000,3405.0,5,997,,1,0,0,2006-05-23,0.019682080924855492,802.0,438.52785127396385
vuelta-a-espana/1981/stage-5,Vuelta a España,80,,152000,1733.6889624845103,,457,,1,0,0,1981-04-26,0.011405848437398093,160.0,222.41575746915737
tirreno-adriatico/2008/stage-7,Tirreno-Adriatico,50,,176000,1803.5556381851443,1,1136,,1,0,0,2008-03-18,0.010247475216961047,94.0,108.8628966947336
tirreno-adriatico/2009/stage-4,Tirreno-Adriatico,50,,171000,2307.0,3,1206,,1,0,0,2009-03-14,0.01349122807017544,668.0,337.9634144453301
dauphine/2008/stage-3,Critérium du Dauphiné Libéré,50,,184000,1259.9654100397654,,644,,1,0,0,2008-06-10,0.006847638098042203,15.0,62.05065944233831
itzulia-basque-country/2017/stage-2,Vuelta al País Vasco,50,50,173400,2496.0,4,811,,1,0,0,2017-04-04,0.01439446366782007,0.0,54.02478245267892
vuelta-a-espana/2021/stage-16,La Vuelta ciclista a España,80,100,180000,2279.0,2,1023,24,1,0,0,2021-08-31,0.01266111111111111,0.0,139.94418267398933
tour-de-romandie/1994/stage-4,Tour de Romandie,50,,101100,1756.6968785030094,,780,,1,0,0,1994-05-08,0.017375834604381895,0.0,0.0
giro-d-italia/2020/stage-5,Giro d'Italia,80,100,225000,4705.0,4,765,,1,0,0,2020-10-07,0.02091111111111111,994.0,644.3745414082213
tour-de-suisse/1986/stage-9,Tour de Suisse,50,,195000,3037.193887451974,,835,,1,0,0,1986-06-19,0.015575353268984482,62.0,29.467307685335324
vuelta-a-espana/1996/stage-15,Vuelta a España,80,,220000,4265.0,,988,,1,0,0,1996-09-22,0.019386363636363636,978.0,507.44946608497025
vuelta-a-espana/2005/stage-19,Vuelta a España,80,,142900,2287.0,2,960,,1,0,0,2005-09-16,0.016004198740377888,925.0,308.7151498461518
itzulia-basque-country/2022/stage-6,Itzulia Basque Country,50,50,135700,3636.0,3,741,13,1,0,0,2022-04-09,0.02679439941046426,391.5,307.8518366346985
tirreno-adriatico/1978/prologue,Tirreno-Adriatico,50,,8000,55.19663942666011,,512,,1,0,0,1978-03-11,0.0068995799283325145,5.0,5.192943930629973
tour-de-france/2007/stage-16,Tour de France,100,,218500,6031.0,5,1612,,1,0,0,2007-07-25,0.02760183066361556,1797.5,890.4471835067969
vuelta-a-espana/1991/stage-7,Vuelta a España,80,,188000,1964.0,,1042,,1,0,0,1991-05-05,0.010446808510638297,0.0,0.0
volta-a-catalunya/2016/stage-5,Volta Ciclista a Catalunya,50,50,187200,2280.0,2,1045,,1,0,0,2016-03-25,0.01217948717948718,88.0,214.01911922127806
tour-de-romandie/2008/prologue,Tour de Romandie,50,,1900,55.88807530478289,1,590,,1,0,0,2008-04-29,0.02941477647620152,7.0,3.5752317238459703
dauphine/2004/stage-5,Critérium du Dauphiné Libéré,50,,149000,2230.329916712318,,737,,1,0,0,2004-06-11,0.014968657159143075,372.0,111.63739671245139
giro-d-italia/1992/stage-14,Giro d'Italia,80,,171000,1190.7553552738711,,953,,1,0,0,1992-06-07,0.00696348160978872,13.5,84.05315778323461
paris-nice/1970/stage-6,Paris - Nice,50,,126000,1306.5638318566391,,1121,,1,0,0,1970-03-14,0.010369554221084437,57.0,26.91158362737751
vuelta-a-espana/1989/stage-10,Vuelta a España,80,,202000,2000.0,,803,,1,0,0,1989-05-03,0.009900990099009901,14.0,4.427188724235731
tour-de-france/2004/stage-13,Tour de France,70,,205500,5500.0,5,1555,,1,0,0,2004-07-17,0.0267639902676399,1874.0,804.5187867984804
vuelta-a-espana/1996/stage-2,Vuelta a España,80,,210000,2390.0,,988,,1,0,0,1996-09-08,0.01138095238095238,6.0,4.091766313718438
tour-de-suisse/1977/stage-4,Tour de Suisse,50,,227000,2817.5128097206475,,627,,1,0,0,1977-06-19,0.012411950703615187,0.0,0.0
giro-d-italia/2007/stage-8,Giro d'Italia,80,,197000,2906.0,2,844,,1,0,0,2007-05-20,0.014751269035532994,259.0,333.08144225649573
paris-nice/2012/stage-8,Paris - Nice,50,6,9600,510.9999999999998,,1079,,1,0,0,2012-03-11,0.05322916666666664,167.0,74.58427962914558
tour-de-suisse/2000/stage-2,Tour de Suisse,50,,197000,2095.8729422133883,,895,,1,0,0,2000-06-14,0.010638948945245625,7.0,161.16584008506368
vuelta-a-espana/2003/stage-6,Vuelta a España,80,,43800,305.0,1,935,,1,0,0,2003-09-11,0.0069634703196347035,389.0,124.82508790421488
vuelta-a-espana/2005/stage-7,Vuelta a España,80,,212500,2754.0,1,960,,1,0,0,2005-09-02,0.01296,0.0,118.65426727476995
tour-de-suisse/1981/stage-3b,Tour de Suisse,50,,12000,90.31169527654765,,516,,1,0,0,1981-06-13,0.007525974606378971,14.0,14.628738838327793
giro-d-italia/2001/stage-1,Giro d'Italia,80,,202000,2822.0,2,920,,1,0,0,2001-05-20,0.01397029702970297,115.0,145.8688585620655
gp-quebec/2018/result,Grand Prix Cycliste de Québec,225,500,201600,2508.0,3,742,,0,0,0,2018-09-07,0.012440476190476191,75.0,153.6545028654644
tour-de-suisse/1994/stage-4,Tour de Suisse,50,,207500,2306.158233821538,,616,,1,0,0,1994-06-18,0.011114015584682111,0.0,0.0
amstel-gold-race/1973/result,Amstel Gold Race,225,,238000,3141.7709815053104,,441,,0,0,0,1973-04-07,0.013200718409686178,586.5,191.35780497228097
paris-nice/2013/stage-6,Paris - Nice,50,6,220000,3210.0,4,917,,1,0,0,2013-03-09,0.01459090909090909,520.0,569.1844175338174
vuelta-a-espana/1991/stage-9,Vuelta a España,80,,140000,1435.0,,1042,,1,0,0,1991-05-07,0.01025,0.0,0.0
volta-a-catalunya/1997/stage-7,Volta Ciclista a Catalunya,50,,234000,3252.7079340124646,,419,,1,0,0,1997-06-25,0.013900461256463523,58.5,314.545442130124
tirreno-adriatico/1993/stage-5,Tirreno-Adriatico,50,,163000,522.5069094598789,,568,,1,0,0,1993-03-14,0.0032055638617170487,0.0,0.0
ronde-van-vlaanderen/2002/result,Ronde van Vlaanderen / Tour des Flandres,275,,264000,2303.112876173845,2,748,,0,0,0,2002-04-08,0.008723912409749414,157.0,388.64573955148205
vuelta-a-espana/2012/stage-16,Vuelta a España,80,16,185000,5159.0,5,852,,1,0,0,2012-09-03,0.027886486486486485,1619.0,609.3993005826677
dauphine/1987/stage-1,Critérium du Dauphiné Libéré,50,,202000,1178.7369789949648,,505,,1,0,0,1987-05-26,0.005835331579182994,0.0,0.0
tour-de-france/1989/stage-18,Tour de France,100,,91500,2560.0,5,1849,,1,0,0,1989-07-20,0.027978142076502732,587.0,209.28228984525555
giro-d-italia/2006/stage-10,Giro d'Italia,50,,50000,69.0,1,997,,1,0,0,2006-05-18,0.00138,376.0,130.35267074898212
vuelta-a-espana/2000/stage-3,Vuelta a España,80,,198000,1495.0,,981,,1,0,0,2000-08-28,0.0075505050505050506,0.0,304.80325248099456
giro-d-italia/2003/stage-2,Giro d'Italia,80,,177000,1057.0,2,734,,1,0,0,2003-05-11,0.005971751412429379,153.0,231.13400257363384
paris-roubaix/1991/result,Paris - Roubaix,275,,266000,2521.8424136021617,,861,,0,0,0,1991-04-14,0.009480610577451736,323.0,362.74259335662214
paris-nice/1970/stage-8b,Paris - Nice,50,,9500,48.94098077418039,,1121,,1,0,0,1970-03-16,0.005151682186755831,91.5,37.840160911097854
vuelta-a-espana/2009/stage-18,Vuelta a España,80,,165000,3363.0,4,1220,,1,0,0,2009-09-17,0.02038181818181818,655.0,286.3474093630338
e3-harelbeke/2007/result,E3 Prijs Vlaanderen,125,,203000,2330.431106275047,2,821,,0,0,0,2007-03-31,0.01147995618854703,402.0,270.91451612517653
dauphine/1992/stage-1,Critérium du Dauphiné Libéré,50,,147800,1170.6157152933542,,492,,1,0,0,1992-06-01,0.007920268709697932,0.0,0.0
giro-d-italia/2006/prologue,Giro d'Italia,80,,6200,171.0,1,997,,1,0,0,2006-05-06,0.027580645161290322,55.0,20.112738243836827
la-fleche-wallone/1975/result,La Flèche Wallonne,225,,225000,3617.292824009282,,763,,0,0,0,1975-04-17,0.01607685699559681,422.0,211.31874860153908
tour-de-suisse/2011/stage-8,Tour de Suisse,50,6,167300,2078.4483019924587,,972,,1,0,0,2011-06-18,0.012423480585728982,103.0,203.15531184220103
vuelta-a-espana/2020/stage-18,La Vuelta ciclista a España,80,100,139600,1492.0,2,692,,1,0,0,2020-11-08,0.010687679083094556,0.0,34.656492469416015
tour-de-france/1984/stage-18,Tour de France,100,,185000,6000.0,5,1632,,1,0,0,1984-07-17,0.032432432432432434,1685.0,693.2377353954145
liege-bastogne-liege/1994/result,Liège - Bastogne - Liège,275,,268500,3317.036420293091,,997,,0,0,0,1994-04-17,0.01235395314820518,668.0,298.389476293221
volta-a-catalunya/1996/stage-5,Volta Ciclista a Catalunya,50,,188000,3742.0,,327,,1,0,0,1996-06-18,0.019904255319148936,0.0,0.0
tour-de-romandie/2021/prologue,Tour de Romandie,50,60,4050,82.0,1,560,,1,0,0,2021-04-27,0.020246913580246915,31.0,12.585761298445929
paris-nice/1976/stage-7a,Paris - Nice,50,,78000,1273.0937172460215,,779,,1,0,0,1976-03-14,0.01632171432366694,13.0,3.8508372295412663
volta-a-catalunya/2008/stage-2,Volta Ciclista a Catalunya,50,,191900,3207.6992937728946,4,616,,1,0,0,2008-05-21,0.016715473130656043,692.0,660.7163969717211
e3-harelbeke/2016/result,E3 Harelbeke,225,400,206000,1779.0,2,697,,0,0,0,2016-03-25,0.008635922330097088,414.0,229.6298231451125
giro-d-italia/2017/stage-11,Giro d'Italia,80,100,161000,3912.0,4,881,,1,0,0,2017-05-17,0.024298136645962733,978.0,632.4183370958107
e3-harelbeke/1995/result,E3-Prijs Harelbeke,125,,206000,1711.3514921865938,,341,,0,0,0,1995-03-25,0.008307531515468902,95.0,156.70954774021007
giro-d-italia/2003/stage-4,Giro d'Italia,80,,170000,1810.0,2,734,,1,0,0,2003-05-13,0.010647058823529412,0.0,361.30139024997965
la-fleche-wallone/2001/result,La Flèche Wallonne,225,,198000,2907.7031193962453,3,896,,0,0,0,2001-04-18,0.014685369289880026,156.0,194.84906669319406
tour-de-france/2013/stage-13,Tour de France,100,20,173000,1036.0,1,1690,,1,0,0,2013-07-12,0.005988439306358381,594.0,291.29664642515024
tour-de-france/1996/stage-5,Tour de France,100,,242000,2518.0,1,1872,,1,0,0,1996-07-04,0.01040495867768595,0.0,157.2441111857997
tirreno-adriatico/2017/stage-7,Tirreno-Adriatico,50,60,10050,13.0,1,1036,,1,0,0,2017-03-14,0.0012935323383084577,59.0,32.29939798479444
giro-d-italia/2017/stage-18,Giro d'Italia,80,100,137000,3961.0,5,881,,1,0,0,2017-05-25,0.028912408759124087,1977.0,775.2137960356049
tour-de-suisse/1993/stage-7,Tour de Suisse,50,,185000,1238.598154658352,,655,,1,0,0,1993-06-21,0.006695125160315417,52.0,30.576679566842
giro-d-italia/2018/stage-4,Giro d'Italia,80,100,202000,3428.0,3,838,,1,0,0,2018-05-08,0.01697029702970297,198.0,277.567885460689
tour-de-romandie/1998/stage-3,Tour de Romandie,50,,151100,2827.7741498326295,,857,,1,0,0,1998-05-08,0.018714587358256977,1054.0,495.826714135623
tour-de-suisse/1971/stage-3b,Tour de Suisse,50,,7000,567.2952473140003,,302,,1,0,0,1971-06-13,0.08104217818771434,40.0,24.719762674157426
volta-a-catalunya/1999/stage-2,Volta Ciclista a Catalunya,50,,172500,2125.8927540810637,,804,,1,0,0,1999-06-19,0.012324015965687326,19.0,43.69999268247057
tour-de-france/2005/stage-2,Tour de France,100,,182000,432.0000000000002,1,1535,,1,0,0,2005-07-03,0.002373626373626375,0.0,0.0
tour-de-france/1992/stage-20,Tour de France,100,,222000,1489.0,2,2047,,1,0,0,1992-07-25,0.006707207207207207,451.0,111.32461518609766
giro-d-italia/2012/stage-13,Giro d'Italia,80,16,121000,1740.0,1,886,,1,0,0,2012-05-18,0.0143801652892562,0.0,99.37582435046717
tour-de-france/1982/stage-14,Tour de France,100,,32000,551.0,3,1492,,1,0,0,1982-07-18,0.01721875,235.5,87.81088649100799
giro-d-italia/2008/stage-15,Giro d'Italia,80,,153000,4864.0,5,1058,,1,0,0,2008-05-25,0.031790849673202615,1553.0,690.6981691871191
giro-d-italia/1990/stage-4a,Giro d'Italia,80,,31000,440.50988465137516,,1061,,1,0,0,1990-05-21,0.014209996279076618,0.0,0.0
tour-de-france/1978/stage-18,Tour de France,100,,137000,2500.0,3,1241,,1,0,0,1978-07-19,0.01824817518248175,268.0,330.1417278072562
volta-a-catalunya/1998/stage-3,Volta Ciclista a Catalunya,50,,151300,1981.8597714037867,,859,,1,0,0,1998-06-20,0.013098874893613924,0.0,14.247864780157439
paris-nice/2020/stage-4,Paris - Nice,50,60,15100,225.0,2,1082,,1,0,0,2020-03-11,0.014900662251655629,86.0,47.89754021841163
liege-bastogne-liege/1979/result,Liège - Bastogne - Liège,275,,241700,3063.178513151782,,602,,0,0,0,1979-04-22,0.012673473368439315,86.5,38.77604944526983
giro-d-italia/2007/stage-5,Giro d'Italia,80,,173000,1720.0,2,844,,1,0,0,2007-05-17,0.009942196531791908,0.0,85.73027375374818
dauphine/2014/stage-4,Critérium du Dauphiné,50,6,169500,2290.0,2,941,,1,0,0,2014-06-11,0.013510324483775812,422.0,350.2619607426302
tour-de-france/1984/stage-2,Tour de France,100,,250000,2397.0,1,1632,,1,0,0,1984-07-01,0.009588,7.0,19.759923509394238
tour-de-france/2012/stage-13,Tour de France,100,20,217000,1795.0,1,1703,,1,0,0,2012-07-14,0.00827188940092166,516.0,350.7442254165907
tour-de-france/1994/stage-5,Tour de France,100,,187000,2223.0,1,1731,,1,0,0,1994-07-07,0.011887700534759358,0.0,106.19308202699017
paris-nice/2007/stage-5,Paris - Nice,50,,178000,2736.818389472748,2,823,,1,0,0,2007-03-16,0.015375384210521056,76.0,402.6813783514734
tour-de-suisse/1993/stage-9,Tour de Suisse,50,,178700,1118.9471515474963,,655,,1,0,0,1993-06-23,0.006261595699762151,4.0,5.657836257007718
gp-montreal/2015/result,Grand Prix Cycliste de Montréal,225,,205600,2914.5159834200726,2,888,,0,0,0,2015-09-13,0.014175661397957551,78.0,176.94998620810236
vuelta-a-espana/2007/stage-13,Vuelta a España,80,,176400,1240.0,1,995,,1,0,0,2007-09-14,0.007029478458049887,286.0,60.09177939801346
tour-de-france/1987/stage-17,Tour de France,100,,229000,2500.0,2,1812,,1,0,0,1987-07-17,0.010917030567685589,0.0,73.11709977710039
vuelta-a-espana/2001/stage-3,Vuelta a España,80,,140500,567.0,1,971,,1,0,0,2001-09-10,0.004035587188612099,22.0,63.322328349107494
paris-nice/1970/stage-8a,Paris - Nice,50,,108000,770.3585351075424,,1121,,1,0,0,1970-03-16,0.007132949399143911,26.0,21.97978869577938
vuelta-a-espana/1994/stage-1,Vuelta a España,80,,9000,65.0,,791,,1,0,0,1994-04-25,0.007222222222222222,83.5,26.773109666185658
giro-d-italia/2007/stage-15,Giro d'Italia,80,,184000,5159.0,5,844,,1,0,0,2007-05-27,0.02803804347826087,2072.0,741.1031962606434
vuelta-a-espana/2005/stage-18,Vuelta a España,80,,197500,3625.0,4,960,,1,0,0,2005-09-15,0.018354430379746836,1227.0,513.9444995063518
giro-d-italia/1991/stage-12,Giro d'Italia,80,,182000,1105.3275544156563,,908,,1,0,0,1991-06-07,0.006073228320965145,28.0,41.72342800447303
vuelta-a-espana/2002/stage-20,Vuelta a España,80,,141200,1059.0,1,1084,,1,0,0,2002-09-27,0.0075,0.0,0.0
volta-a-catalunya/2006/stage-5,Volta Ciclista a Catalunya,50,,161500,3084.970887747898,2,882,,1,0,0,2006-05-19,0.019101986921039614,91.0,412.61257079932295
volta-a-catalunya/2002/stage-3,Volta a Catalunya,50,,10800,464.12112304565903,,431,,1,0,0,2002-06-19,0.04297417805978324,183.0,82.08996544648257
giro-d-italia/2015/stage-11,Giro d'Italia,80,16,153000,2949.0,2,861,,1,0,0,2015-05-20,0.019274509803921567,1145.0,495.5404645068447
giro-d-italia/2014/stage-16,Giro d'Italia,80,16,139000,4545.0,5,892,,1,0,0,2014-05-27,0.03269784172661871,2373.0,756.2216036302913
liege-bastogne-liege/1988/result,Liège - Bastogne - Liège,275,,260000,2739.4388818341836,,808,,0,0,0,1988-04-17,0.010536303391669936,45.0,220.02325379727128
liege-bastogne-liege/1970/result,Liège - Bastogne - Liège,275,,235000,2813.6345918250613,,451,,0,0,0,1970-04-17,0.011972913156702389,619.0,332.28705219654785
vuelta-a-espana/2001/stage-2,Vuelta a España,80,,147200,673.0,1,971,,1,0,0,2001-09-09,0.004572010869565217,3.0,28.053183140419783
vuelta-a-espana/2009/stage-12,Vuelta a España,80,,179300,5234.0,5,1220,,1,0,0,2009-09-11,0.029191299498047964,980.0,477.5001712745262
tour-de-france/2019/stage-12,Tour de France,100,120,209500,3088.0,4,1699,,1,0,0,2019-07-18,0.014739856801909307,575.0,459.00151236506156
amstel-gold-race/2010/result,Amstel Gold Race,225,,257000,3463.0287831413343,,1012,,0,0,0,2010-04-18,0.013474820167865114,218.0,279.65619141662705
itzulia-basque-country/2014/stage-1,Vuelta Ciclista al País Vasco,50,6,153400,2994.0,2,912,,1,0,0,2014-04-07,0.01951760104302477,605.0,406.8445960044366
amstel-gold-race/1970/result,Amstel Gold Race,225,,240000,2361.0266191401024,,372,,0,0,0,1970-04-25,0.00983761091308376,52.0,96.75986334139871
tour-de-france/1987/stage-19,Tour de France,100,,185000,4842.0,4,1812,,1,0,0,1987-07-20,0.026172972972972972,916.0,578.0067268022503
itzulia-basque-country/2014/stage-6,Vuelta Ciclista al País Vasco,50,6,25900,664.0,2,912,,1,0,0,2014-04-12,0.025637065637065637,215.0,113.71351989614121
vuelta-a-espana/1995/stage-9,Vuelta a España,80,,122500,2247.0,,883,,1,0,0,1995-09-11,0.018342857142857143,70.0,21.105794120443456
vuelta-a-espana/1990/stage-10,Vuelta a España,80,,230000,1174.0,,807,,1,0,0,1990-05-03,0.005104347826086956,0.0,0.0
giro-d-italia/2003/stage-15,Giro d'Italia,80,,42500,304.0,2,734,,1,0,0,2003-05-25,0.0071529411764705885,316.0,106.60647459265857
san-sebastian/1981/result,Clásica San Sebastián,225,,230000,2351.6088167753,,250,,0,0,0,1981-08-11,0.01022438615989261,304.0,80.28813771330896
giro-d-italia/2005/stage-1,Giro d'Italia,80,,208000,1785.0,3,929,,1,0,0,2005-05-08,0.008581730769230769,34.0,30.653096360628155
gp-montreal/2022/result,Grand Prix Cycliste de Montréal,225,500,221400,4124.0,2,864,22,0,0,0,2022-09-11,0.01862691960252936,130.5,295.1060398176257
volta-a-catalunya/2006/stage-2,Volta Ciclista a Catalunya,50,,156800,2139.714293303611,2,882,,1,0,0,2006-05-16,0.013646137074640378,12.0,148.1059980487998
tour-de-france/1989/stage-16,Tour de France,100,,175000,4000.0,5,1849,,1,0,0,1989-07-18,0.022857142857142857,1005.0,458.5561216839011
tirreno-adriatico/1991/stage-2,Tirreno-Adriatico,50,,206000,2400.256684817296,,710,,1,0,0,1991-03-14,0.011651731479695612,8.0,3.3730961708462712
volta-a-catalunya/2017/stage-1,Volta Ciclista a Catalunya,50,50,178900,2923.0,4,883,,1,0,0,2017-03-20,0.016338736724427053,0.0,227.1737953795926
e3-harelbeke/2008/result,E3 Prijs Vlaanderen,125,,203000,2009.9557301414293,2,708,,0,0,0,2008-03-29,0.009901259754391278,255.0,180.9459206509069
vuelta-a-espana/1987/stage-13,Vuelta a España,80,,223000,3500.0,,838,,1,0,0,1987-05-06,0.01569506726457399,237.0,106.50946749780822
giro-d-italia/2019/stage-8,Giro d'Italia,80,100,239000,1998.0,2,896,,1,0,0,2019-05-18,0.008359832635983264,107.0,249.0274084455666
tour-de-romandie/1998/stage-2,Tour de Romandie,50,,183300,2742.842870831869,,857,,1,0,0,1998-05-07,0.014963681783043475,302.0,339.5330633615498
liege-bastogne-liege/2020/result,Liège-Bastogne-Liège,275,500,257000,4353.0,2,867,,0,0,0,2020-10-04,0.016937743190661478,359.0,294.3172251708317
vuelta-a-espana/1989/stage-7,Vuelta a España,80,,157000,2186.0,,803,,1,0,0,1989-04-30,0.013923566878980892,5.0,2.4244128727957572
tour-de-france/2016/stage-2,Tour de France,100,120,183000,1985.0,3,1758,,1,0,0,2016-07-03,0.010846994535519126,172.0,199.45057776122582
tour-de-suisse/1992/stage-6,Tour de Suisse,50,,235500,2497.515537911242,,533,,1,0,0,1992-06-22,0.01060516151979296,0.0,0.0
tour-de-romandie/1990/stage-6,Tour de Romandie,50,,198500,2455.1049853344566,,684,,1,0,0,1990-05-13,0.012368287079770562,0.0,0.0
tour-de-romandie/1975/stage-5b,Tour de Romandie,50,,25200,464.951161524662,,429,,1,0,0,1975-05-11,0.01845044291764532,53.0,29.47767516839368
paris-nice/2003/stage-4,Paris - Nice,50,,16500,151.7456416433174,,831,,1,0,0,2003-03-13,0.00919670555414045,100.0,48.01517331020423
vuelta-a-espana/1992/stage-1,Vuelta a España,80,,9200,90.0,,1033,,1,0,0,1992-04-27,0.009782608695652175,55.0,27.50576597389081
dwars-door-vlaanderen/2008/result,Dwars door Vlaanderen,75,,200000,2188.1469827401324,2,460,,0,0,0,2008-03-26,0.010940734913700663,44.0,24.04808225031511
vuelta-a-espana/1999/stage-7,Vuelta a España,80,,217000,564.0,,1342,,1,0,0,1999-09-11,0.0025990783410138247,0.0,73.02187212095795
tour-de-suisse/1995/stage-6,Tour de Suisse,50,,169200,1816.0020656142403,,764,,1,0,0,1995-06-19,0.01073287272821655,0.0,0.0
tour-de-france/2000/stage-17,Tour de France,100,,155000,2455.0,2,1437,,1,0,0,2000-07-19,0.015838709677419356,66.0,326.34695405878944
tour-de-france/2017/stage-2,Tour de France,100,120,203500,1278.0,1,1791,,1,0,0,2017-07-02,0.00628009828009828,0.0,159.2711706691257
giro-d-italia/2022/stage-2,Giro d'Italia,80,100,9200,81.0,1,817,,1,0,0,2022-05-07,0.008804347826086956,54.0,21.884080334466553
paris-nice/2015/prologue,Paris - Nice,50,6,6700,61.0,1,1225,,1,0,0,2015-03-08,0.009104477611940298,33.0,21.78199591203592
ronde-van-vlaanderen/1971/result,Ronde van Vlaanderen / Tour des Flandres,275,,268000,3211.3228235394704,,1026,,0,0,0,1971-04-04,0.011982547849027875,44.0,22.482352810486994
giro-d-italia/2013/stage-3,Giro d'Italia,80,16,222000,3908.0,2,930,,1,0,0,2013-05-06,0.017603603603603604,507.0,349.47736034620044
tour-de-france/2016/stage-8,Tour de France,100,120,184000,4597.0,4,1758,,1,0,0,2016-07-09,0.024983695652173912,2083.0,818.5932706563789
vuelta-a-espana/1987/stage-4,Vuelta a España,80,,169000,2500.0,,838,,1,0,0,1987-04-27,0.014792899408284023,0.0,0.0
vuelta-a-espana/1980/stage-7,Vuelta a España,80,,216000,3102.6223869386126,,520,,1,0,0,1980-04-29,0.014363992532123207,137.0,610.2716288721681
volta-a-catalunya/2007/stage-5,Volta Ciclista a Catalunya,50,,17100,326.3532212998707,5,816,,1,0,0,2007-05-25,0.019084983701746824,265.5,134.1695981123012
giro-d-italia/2007/stage-18,Giro d'Italia,80,,208000,360.0,1,844,,1,0,0,2007-05-31,0.0017307692307692308,0.0,43.87259888810213
giro-d-italia/2006/stage-9,Giro d'Italia,80,,187000,2652.0,3,997,,1,0,0,2006-05-16,0.014181818181818183,257.0,411.89485555196416
giro-d-italia/2010/stage-5,Giro d'Italia,80,16,168000,1067.0,2,878,,1,0,0,2010-05-13,0.006351190476190476,4.0,115.11920473106001
vuelta-a-espana/1992/stage-15,Vuelta a España,80,,163000,1997.0,,1033,,1,0,0,1992-05-11,0.012251533742331289,17.0,8.582928793055821
tour-de-suisse/1985/stage-4,Tour de Suisse,50,,208000,2372.2259305257735,,699,,1,0,0,1985-06-14,0.011404932358296987,8.0,3.265986323710904
tour-de-france/1999/stage-11,Tour de France,100,,199000,2500.0,2,1255,,1,0,0,1999-07-15,0.01256281407035176,1342.0,257.56919596862616
tour-de-suisse/1984/stage-3,Tour de Suisse,50,,183000,2213.526989621617,,646,,1,0,0,1984-06-16,0.012095775899571677,20.0,129.39070892284172
paris-nice/1987/stage-2,Paris - Nice,50,,203000,1480.237071050682,,1164,,1,0,0,1987-03-10,0.007291808231776759,0.0,0.0
volta-a-catalunya/2005/stage-3,Volta Ciclista a Catalunya,50,,157800,2031.9455456658231,,850,,1,0,0,2005-05-18,0.012876714484574291,0.0,36.248165799244575
tour-de-france/2003/stage-16,Tour de France,100,,197500,4000.0,4,1688,,1,0,0,2003-07-23,0.020253164556962026,121.0,777.2310422466459
vuelta-a-espana/1986/stage-19,Vuelta a España,80,,234000,2000.0,,843,,1,0,0,1986-05-11,0.008547008547008548,0.0,2.6457513110645907
giro-d-italia/2013/stage-13,Giro d'Italia,80,16,254000,1897.0,1,930,,1,0,0,2013-05-17,0.007468503937007874,24.0,445.16195160973393
tour-de-suisse/1971/stage-8b,Tour de Suisse,50,,24600,569.7393073714086,,302,,1,0,0,1971-06-18,0.023160134445992218,45.0,28.233718443429606
tour-de-suisse/1978/stage-8,Tour de Suisse,50,,218500,3066.0477285958286,,691,,1,0,0,1978-06-22,0.014032255050781824,0.0,0.0
tour-de-france/1981/stage-5,Tour de France,100,,117500,3500.0,5,1362,,1,0,0,1981-06-30,0.029787234042553193,620.0,326.87065318261693
paris-nice/2014/stage-3,Paris - Nice,50,6,180000,2011.0,1,971,,1,0,0,2014-03-11,0.011172222222222222,0.0,53.43494403526659
tour-de-suisse/2015/stage-8,Tour de Suisse,50,6,152500,2138.0,3,1048,,1,0,0,2015-06-20,0.014019672131147541,224.0,277.080632781341
tirreno-adriatico/2001/stage-3,Tirreno-Adriatico,50,,156000,1768.7057838956205,,1092,,1,0,0,2001-03-16,0.01133785758907449,104.0,182.371678602309
itzulia-basque-country/2017/stage-3,Vuelta al País Vasco,50,50,160500,2540.0,4,811,,1,0,0,2017-04-05,0.015825545171339564,578.5,427.5148966827511
vuelta-a-espana/2002/stage-8,Vuelta a España,80,,173500,3155.0,4,1084,,1,0,0,2002-09-14,0.01818443804034582,1408.0,614.9365077842288
vuelta-a-espana/2021/stage-14,La Vuelta ciclista a España,80,100,165700,3448.0,5,1023,28,1,0,0,2021-08-28,0.0208086904043452,1447.0,581.4099358494093
san-sebastian/1999/result,Clasica Ciclista San Sebastian,225,,232000,3075.7667710886644,2,1068,,0,0,0,1999-08-07,0.013257615392623554,191.0,301.74417972845805
giro-d-italia/1997/stage-6,Giro d'Italia,80,,210000,2129.9855965497095,,792,,1,0,0,1997-05-22,0.010142788554998616,16.0,327.7965398185708
tour-de-france/2008/stage-16,Tour de France,100,,157000,4174.0,4,1520,,1,0,0,2008-07-22,0.026585987261146495,1313.0,727.1496921242484
paris-nice/1988/stage-3,Paris - Nice,50,,179000,1864.6969267538345,,1146,,1,0,0,1988-03-09,0.010417301266781198,79.0,31.727250448985195
uae-tour/2021/stage-2,UAE Tour,50,40,13000,94.0,1,755,,1,0,0,2021-02-22,0.007230769230769231,80.5,33.37543518574121
vuelta-a-espana/2002/stage-4,Vuelta a España,80,,149500,1254.0,1,1084,,1,0,0,2002-09-10,0.008387959866220736,0.0,100.53099111036917
e3-harelbeke/1983/result,E3-Prijs Harelbeke,125,,236000,1671.7401863297246,,194,,0,0,0,1983-03-26,0.007083644857329341,117.0,44.27217869556018
giro-d-italia/2013/stage-8,Giro d'Italia,80,16,54800,887.0,3,930,,1,0,0,2013-05-11,0.016186131386861313,398.0,184.27876048228526
tour-de-suisse/1987/stage-1,Tour de Suisse,50,,170000,2085.073201407715,,673,,1,0,0,1987-06-17,0.012265136478868911,11.0,12.89810494263057
dauphine/1993/stage-7,Critérium du Dauphiné Libéré,50,,140000,1945.15819456822,,386,,1,0,0,1993-06-07,0.013893987104058715,0.0,0.0
paris-nice/2015/stage-2,Paris - Nice,50,6,172000,1074.0,1,1225,,1,0,0,2015-03-10,0.0062441860465116275,0.0,38.388299434853316
tirreno-adriatico/2013/stage-4,Tirreno-Adriatico,50,6,173000,3293.0,5,1331,,1,0,0,2013-03-09,0.019034682080924854,917.0,396.5471508624706
tour-de-suisse/2013/stage-3,Tour de Suisse,50,6,204900,2833.0,2,960,,1,0,0,2013-06-10,0.013826256710590531,1028.0,459.17480828527454
giro-d-italia/1991/stage-21,Giro d'Italia,80,,153000,1557.5430149075046,,908,,1,0,0,1991-06-16,0.010180019705277809,0.0,0.0
volta-a-catalunya/2013/stage-3,Volta Ciclista a Catalunya,50,6,180100,3486.0,5,811,,1,0,0,2013-03-20,0.01935591338145475,365.0,362.37075323776696
tirreno-adriatico/2010/stage-7,Tirreno-Adriatico,50,6,164000,1301.0,1,1176,,1,0,0,2010-03-16,0.007932926829268293,0.0,67.48524973417165
tour-de-romandie/1990/stage-5,Tour de Romandie,50,,168700,2107.1660345218615,,684,,1,0,0,1990-05-12,0.01249061075590908,77.5,104.11035811419855
paris-nice/1994/stage-1,Paris - Nice,50,,185500,2343.720801878596,,900,,1,0,0,1994-03-06,0.01263461348721615,0.0,0.0
tirreno-adriatico/1988/stage-5,Tirreno-Adriatico,50,,207000,2364.9910771293307,,724,,1,0,0,1988-03-15,0.011425077667291453,0.0,0.0
paris-nice/2006/stage-4,Paris - Nice,50,,193000,2152.1973926419205,1,795,,1,0,0,2006-03-09,0.011151281827160209,0.0,52.659451867806894
vuelta-a-espana/2001/stage-13,Vuelta a España,80,,206000,2050.0,2,971,,1,0,0,2001-09-21,0.009951456310679611,35.0,156.2976324045442
tour-de-france/2000/stage-14,Tour de France,100,,249000,6425.0,5,1437,,1,0,0,2000-07-15,0.025803212851405622,1435.0,804.6397576358906
volta-a-catalunya/2008/stage-3,Volta Ciclista a Catalunya,50,,217200,3018.4862819468894,2,616,,1,0,0,2008-05-22,0.013897266491468184,433.0,385.99192326546915
paris-nice/2007/stage-7,Paris - Nice,50,,129500,2389.381874578798,4,823,,1,0,0,2007-03-18,0.018450825286322765,171.0,364.2804161699312
tour-de-suisse/2001/stage-5,Tour de Suisse,50,,174500,1986.8672994324602,,873,,1,0,0,2001-06-24,0.011386059022535588,54.0,107.18323553620077
tour-de-romandie/2018/prologue,Tour de Romandie,50,60,4020,102.0,3,566,,1,0,0,2018-04-24,0.025373134328358207,27.0,12.029431211215048
tour-de-france/2018/stage-10,Tour de France,100,120,158500,4254.0,4,1689,,1,0,0,2018-07-17,0.0268391167192429,1288.0,595.6812053932673
giro-d-italia/2006/stage-2,Giro d'Italia,80,,202000,1873.0,3,997,,1,0,0,2006-05-08,0.009272277227722772,55.0,123.42100141282111
tour-de-france/1978/stage-21,Tour de France,100,,207000,1942.0,1,1241,,1,0,0,1978-07-22,0.009381642512077295,14.0,9.21613058376795
tour-de-france/1997/stage-20,Tour de France,100,,63000,541.0,1,1994,,1,0,0,1997-07-26,0.008587301587301588,489.0,156.20999489954696
tirreno-adriatico/2015/stage-2,Tirreno-Adriatico,50,6,153000,738.0,1,1017,,1,0,0,2015-03-12,0.004823529411764706,0.0,126.02560114558229
tour-de-france/2008/stage-21,Tour de France,100,,143000,806.9999999999998,1,1520,,1,0,0,2008-07-27,0.005643356643356642,14.0,12.57184130057902
vuelta-a-espana/2002/stage-12,Vuelta a España,80,,210500,1204.0,1,1084,,1,0,0,2002-09-19,0.005719714964370546,0.0,122.40024974734071
vuelta-a-espana/2000/stage-7,Vuelta a España,80,,175000,1530.0,,981,,1,0,0,2000-09-01,0.008742857142857142,255.0,357.8760764248865
giro-d-italia/2023/stage-8,Giro d'Italia,80,180,207000,2790.0,2,835,16,1,0,0,2023-05-13,0.013478260869565217,1236.0,512.3235499455661
tour-de-france/2005/stage-8,Tour de France,100,,231000,2493.0,4,1535,,1,0,0,2005-07-09,0.010792207792207792,334.0,411.19656589793976
tour-de-france/1993/stage-2,Tour de France,100,,227500,1349.0,1,1804,,1,0,0,1993-07-05,0.00592967032967033,6.0,29.916505536975965
tour-de-suisse/1988/stage-1,Tour de Suisse,50,,127500,1654.7687023979465,,548,,1,0,0,1988-06-14,0.01297857805802311,0.0,0.0
tour-de-france/2008/stage-7,Tour de France,100,,159000,2431.0,4,1520,,1,0,0,2008-07-11,0.015289308176100629,276.0,568.673251491844
tour-de-france/1978/stage-9,Tour de France,100,,233000,1453.0,1,1241,,1,0,0,1978-07-08,0.006236051502145922,0.0,75.1645789339982
vuelta-a-espana/2014/stage-10,Vuelta a España,80,16,36700,443.9999999999998,1,1175,,1,0,0,2014-09-02,0.012098092643051764,268.0,111.38139956477498
san-sebastian/1990/result,Clásica Ciclista San Sebastián,225,,248000,3433.498658539733,,1359,,0,0,0,1990-08-11,0.013844752655402148,446.0,300.8049608398386
dauphine/2020/stage-5,Critérium du Dauphiné,50,60,142500,4391.0,5,1243,,1,0,0,2020-08-16,0.030814035087719297,1217.0,715.0589809738345
tour-de-france/2019/stage-17,Tour de France,100,120,200000,2472.0,2,1699,,1,0,0,2019-07-24,0.01236,1210.0,527.7753001375658
paris-nice/1995/stage-7,Paris - Nice,50,,200000,2817.0259328374786,,861,,1,0,0,1995-03-11,0.014085129664187393,88.0,80.04900797736921
uae-tour/2022/stage-7,UAE Tour,50,40,148000,1364.0,5,621,,1,0,0,2022-02-26,0.009216216216216216,493.0,372.2746694966522
dauphine/2020/stage-4,Critérium du Dauphiné,50,60,148500,4669.0,5,1243,,1,0,0,2020-08-15,0.03144107744107744,1107.0,572.0197332494528
dwars-door-vlaanderen/2009/result,Dwars door Vlaanderen,75,,200000,2049.500381826756,2,557,,0,0,0,2009-03-25,0.01024750190913378,111.0,42.08828130754953
dauphine/1991/stage-3,Critérium du Dauphiné Libéré,50,,184000,2619.418540921246,,830,,1,0,0,1991-06-03,0.014235970331093728,0.0,24.596070146807328
giro-d-italia/2023/stage-5,Giro d'Italia,80,180,171000,2529.0,2,835,15,1,0,0,2023-05-10,0.014789473684210526,71.0,97.87241471999911
tour-de-suisse/2015/stage-7,Tour de Suisse,50,6,164600,1604.0,2,1048,,1,0,0,2015-06-19,0.00974483596597813,37.0,417.9407560012787
giro-d-italia/1991/stage-2b,Giro d'Italia,80,,7000,34.23717093805362,,908,,1,0,0,1991-05-27,0.004891024419721946,9.0,4.900113377373131
volta-a-catalunya/1997/stage-1b,Volta Ciclista a Catalunya,50,,7800,368.69058941265666,,419,,1,0,0,1997-06-19,0.04726802428367393,32.5,12.436952109652017
dauphine/1975/stage-7a,Critérium du Dauphiné Libéré,50,,153000,3067.5036357654863,,889,,1,0,0,1975-06-08,0.02004904337101625,388.5,425.5804271815141
itzulia-basque-country/2016/stage-4,Vuelta Ciclista al País Vasco,50,50,165000,3017.0,2,943,,1,0,0,2016-04-07,0.018284848484848484,446.0,404.14834427264657
tour-de-france/1978/stage-8,Tour de France,100,,59300,814.9999999999998,1,1241,,1,0,0,1978-07-07,0.013743676222596962,419.5,184.15369864861765
tour-de-france/2011/stage-12,Tour de France,100,20,211000,4563.0,5,1713,,1,0,0,2011-07-14,0.02162559241706161,1150.0,758.6938842528787
tour-de-france/2004/stage-2,Tour de France,100,,197000,1852.0,1,1555,,1,0,0,2004-07-05,0.009401015228426396,0.0,20.933670235692237
omloop-het-nieuwsblad/2022/result,Omloop Het Nieuwsblad ME,225,300,204200,1666.0,2,749,,0,0,0,2022-02-26,0.008158667972575907,90.0,204.98636454943357
volta-a-catalunya/1995/stage-3,Volta Ciclista a Catalunya,50,,169500,2651.0,,737,,1,0,0,1995-06-18,0.015640117994100294,0.0,0.0
tour-de-france/2001/prologue,Tour de France,100,,8200,66.0,1,1496,,1,0,0,2001-07-07,0.008048780487804878,39.0,15.91540241821035
vuelta-a-espana/1992/stage-18,Vuelta a España,80,,218900,3604.0,,1033,,1,0,0,1992-05-14,0.01646413887619918,12.0,5.6656861896861175
vuelta-a-espana/2021/stage-10,La Vuelta ciclista a España,80,100,189000,2390.0,2,1023,,1,0,0,2021-08-24,0.012645502645502646,1259.0,470.3536757106911
vuelta-a-espana/2007/stage-14,Vuelta a España,80,,207000,3664.0,2,995,,1,0,0,2007-09-15,0.017700483091787438,605.0,147.63954720005037
giro-d-italia/2003/stage-17,Giro d'Italia,80,,117000,489.0,1,734,,1,0,0,2003-05-28,0.004179487179487179,0.0,17.802709159380267
tour-de-suisse/1979/stage-9a,Tour de Suisse,50,,134000,1300.8717280503615,,538,,1,0,0,1979-06-22,0.009707997970525087,0.0,0.0
omloop-het-nieuwsblad/2013/result,Omloop Het Nieuwsblad ME,125,,198600,1577.0,2,594,,0,0,0,2013-02-23,0.007940584088620342,387.0,223.84536046632456
itzulia-basque-country/2009/stage-5,Vuelta Ciclista al País Vasco,50,,169000,1883.694125931746,,1029,,1,0,0,2009-04-10,0.011146119088353525,137.0,199.32573807700794
tour-de-france/2003/stage-6,Tour de France,100,,230000,2000.0,2,1688,,1,0,0,2003-07-11,0.008695652173913044,0.0,151.83883790138913
tirreno-adriatico/1993/stage-6,Tirreno-Adriatico,50,,170000,598.3583045067323,,568,,1,0,0,1993-03-15,0.0035197547323925433,0.0,0.0
liege-bastogne-liege/1986/result,Liège - Bastogne - Liège,275,,252000,2979.237738216251,,674,,0,0,0,1986-04-20,0.011822371977048614,73.0,417.94578212902326
liege-bastogne-liege/2019/result,Liège-Bastogne-Liège,275,500,256000,4075.0,2,1087,,0,0,0,2019-04-28,0.01591796875,416.0,417.85753790041645
il-lombardia/1992/result,Giro di Lombardia,275,,241000,1768.4239358451932,,746,,0,0,0,1992-10-17,0.007337858654959308,1714.0,621.28999143413
dauphine/1984/stage-1b,Critérium du Dauphiné Libéré,50,,83000,1494.4755098917656,,529,,1,0,0,1984-05-29,0.01800572903484055,0.0,0.0
tirreno-adriatico/1988/stage-2,Tirreno-Adriatico,50,,202000,2642.7272593015223,,724,,1,0,0,1988-03-12,0.013082808214363972,0.0,0.0
tour-de-france/2002/stage-9,Tour de France,100,,52000,616.0,1,1489,,1,0,0,2002-07-15,0.011846153846153847,338.5,128.9503403855024
tour-de-france/1982/prologue,Tour de France,100,,7000,112.0,1,1492,,1,0,0,1982-07-02,0.016,53.0,13.422725312102992
tour-de-suisse/2021/stage-5,Tour de Suisse,50,60,175200,2501.0,5,670,,1,0,0,2021-06-10,0.014275114155251142,1149.0,465.29916422617885
vuelta-a-espana/1999/stage-6,Vuelta a España,80,,46400,193.0,,1342,,1,0,0,1999-09-10,0.00415948275862069,391.0,118.8139184213979
tour-de-france/1993/stage-20,Tour de France,100,,196500,2395.0,1,1804,,1,0,0,1993-07-25,0.012188295165394401,0.0,48.40859533591647
vuelta-a-espana/2015/stage-15,Vuelta a España,80,16,175800,3740.0,5,1115,,1,0,0,2015-09-06,0.021274175199089876,1053.0,461.47515615874096
tour-de-suisse/2012/stage-5,Tour de Suisse,50,6,198500,1951.0,,917,,1,0,0,2012-06-14,0.009828715365239295,33.0,214.58566504175604
giro-d-italia/1998/stage-14,Giro d'Italia,80,,165000,2549.396668466757,,923,,1,0,0,1998-05-30,0.015450888899798529,576.5,353.13618173677276
e3-harelbeke/2011/result,E3 Prijs Vlaanderen,125,,200000,1716.166746076034,2,431,,0,0,0,2011-03-26,0.00858083373038017,264.0,188.34840193858966
giro-d-italia/1994/stage-22,Giro d'Italia,80,,198000,886.9753540148724,,1292,,1,0,0,1994-06-12,0.004479673505125618,0.0,0.0
giro-d-italia/2000/stage-4,Giro d'Italia,80,,233000,2808.0,2,866,,1,0,0,2000-05-17,0.012051502145922747,0.0,268.6586237396674
itzulia-basque-country/2014/stage-5,Vuelta Ciclista al País Vasco,50,6,160200,2892.0,2,912,,1,0,0,2014-04-11,0.018052434456928838,768.0,443.3023170001518
dauphine/2006/stage-5,Critérium du Dauphiné Libéré,50,,155000,2994.2350694027964,,800,,1,0,0,2006-06-09,0.019317645609050298,725.0,504.0639609708316
tirreno-adriatico/2021/stage-5,Tirreno-Adriatico,50,60,205000,2639.0,3,1108,,1,0,0,2021-03-14,0.012873170731707318,1173.0,489.78830410120173
dauphine/2023/stage-2,Critérium du Dauphiné,50,60,167300,2865.0,3,781,20,1,0,0,2023-06-05,0.0171249252839211,15.0,193.63851101557321
tour-de-france/2005/stage-16,Tour de France,100,,181000,3560.0,4,1535,,1,0,0,2005-07-19,0.01966850828729282,605.0,502.660978443173
world-championship/2012/result,World Championships ME - Road Race,350,,267400,2436.0,2,1458,,0,0,0,2012-09-23,0.009109947643979058,141.0,204.55171038616547
tour-de-suisse/1996/stage-9,Tour de Suisse,50,,180500,2090.6239058543715,,971,,1,0,0,1996-06-20,0.011582403910550534,371.0,110.7865084700243
vuelta-a-espana/2009/stage-19,Vuelta a España,80,,179800,3363.0,4,1220,,1,0,0,2009-09-18,0.01870411568409344,711.0,433.94130455902774
tour-de-france/1986/stage-1,Tour de France,100,,85000,935.9999999999998,3,1872,,1,0,0,1986-07-05,0.011011764705882351,11.0,6.73336875031573
vuelta-a-espana/2007/stage-21,Vuelta a España,80,,104200,952.0,1,995,,1,0,0,2007-09-23,0.009136276391554702,0.0,14.298977636906825
vuelta-a-espana/2006/stage-20,Vuelta a España,80,,27500,356.0,1,1026,,1,0,0,2006-09-16,0.012945454545454545,207.5,80.11668525749855
volta-a-catalunya/1997/stage-5,Volta Ciclista a Catalunya,50,,22100,452.98550041138014,,419,,1,0,0,1997-06-23,0.020497081466578287,69.5,25.2947073954656
giro-d-italia/1995/stage-12,Giro d'Italia,80,,196000,1199.7141132543895,,1365,,1,0,0,1995-05-25,0.006120990373746886,0.0,0.0
tour-de-france/1980/stage-19,Tour de France,100,,136500,2439.0,4,1224,,1,0,0,1980-07-17,0.017868131868131867,20.0,283.2961394004148
la-fleche-wallone/2020/result,La Flèche Wallonne,225,400,202000,3124.0,3,601,,0,0,0,2020-09-30,0.015465346534653465,114.0,237.71796376476073
san-sebastian/2010/result,Clasica Ciclista San Sebastian,225,,234000,3655.30809764089,2,971,,0,0,0,2010-07-31,0.01562097477624312,448.0,291.83929987554217
paris-nice/2004/stage-8,Paris - Nice,50,,144000,2619.9830146672375,,989,,1,0,0,2004-03-14,0.018194326490744706,130.0,349.27323825048944
tour-de-romandie/2019/prologue,Tour de Romandie,50,60,3870,38.0,1,570,,1,0,0,2019-04-30,0.009819121447028423,16.0,8.938972180691088
vuelta-a-espana/2014/stage-21,Vuelta a España,80,16,9700,121.0,1,1175,,1,0,0,2014-09-14,0.012474226804123712,89.0,37.721866030422355
giro-d-italia/2007/stage-6,Giro d'Italia,80,,179000,3660.0,4,844,,1,0,0,2007-05-18,0.020446927374301677,429.0,269.1643205802152
la-fleche-wallone/1999/result,La Flèche Wallonne,225,,201000,2230.6494146507084,,559,,0,0,0,1999-04-14,0.01109775828184432,377.0,286.46550924502753
amstel-gold-race/2016/result,Amstel Gold Race,225,500,248700,3320.0,2,1120,,0,0,0,2016-04-17,0.013349416968234822,265.0,215.89399761754123
giro-d-italia/2023/stage-4,Giro d'Italia,80,180,175000,3667.0,4,835,16,1,0,0,2023-05-09,0.020954285714285713,790.0,542.3453801420009
san-sebastian/1982/result,Clásica San Sebastián,225,,229000,2345.614422973723,,304,,0,0,0,1982-08-12,0.010242857742243332,9.0,98.54246233536527
tour-de-france/2017/stage-12,Tour de France,100,120,214500,4903.0,5,1791,,1,0,0,2017-07-13,0.02285780885780886,1445.0,635.5314496148097
tour-de-suisse/1994/stage-3,Tour de Suisse,50,,176500,984.4780200683806,,616,,1,0,0,1994-06-17,0.005577779150529069,32.0,16.52472894381831
volta-a-catalunya/1970/stage-5,Volta Ciclista a Catalunya,50,,165000,512.7153518583943,,570,,1,0,0,1970-09-14,0.0031073657688387535,13.0,60.412717440712996
world-championship/1993/result,World Championships - Road Race,350,,257600,3237.0,,1594,,0,0,0,1993-08-29,0.012565993788819875,107.0,373.7130931485757
vuelta-a-espana/1991/stage-3,Vuelta a España,80,,233200,1685.0,,1042,,1,0,0,1991-05-01,0.007225557461406518,0.0,0.0
tour-de-france/2014/stage-3,Tour de France,100,20,155000,834.0,1,1612,,1,0,0,2014-07-07,0.005380645161290323,47.5,74.21006926223562
giro-d-italia/2006/stage-13,Giro d'Italia,80,,223000,3455.0,4,997,,1,0,0,2006-05-21,0.015493273542600897,464.0,418.40114259449365
giro-d-italia/2017/stage-4,Giro d'Italia,80,100,181000,4170.0,5,881,,1,0,0,2017-05-09,0.023038674033149173,156.0,233.32924122118328
volta-a-catalunya/1993/stage-3,Volta Ciclista a Catalunya,50,,148000,1806.0,,884,,1,0,0,1993-09-12,0.012202702702702703,0.0,0.0
tour-de-france/1991/stage-6,Tour de France,100,,259000,2593.0,1,1933,,1,0,0,1991-07-11,0.010011583011583012,114.0,65.8113786725431
tour-de-france/2023/stage-3,Tour de France,100,210,193500,2667.0,2,1584,23,1,0,0,2023-07-03,0.013782945736434108,0.0,50.228132799887675
tour-de-france/2002/prologue,Tour de France,70,,7000,207.0,1,1489,,1,0,0,2002-07-06,0.02957142857142857,37.0,18.324252198079623
itzulia-basque-country/2016/stage-6,Vuelta Ciclista al País Vasco,50,50,16500,628.0000000000002,2,943,,1,0,0,2016-04-09,0.03806060606060607,190.5,81.91456757853848
giro-d-italia/2019/stage-10,Giro d'Italia,80,100,145000,160.0,1,896,,1,0,0,2019-05-21,0.001103448275862069,0.0,82.83863068412676
dauphine/1989/stage-5,Critérium du Dauphiné Libéré,50,,230000,3370.290658494021,,603,,1,0,0,1989-06-03,0.01465343764562618,237.0,149.02456239507745
tour-de-suisse/2002/prologue,Tour de Suisse,50,,5700,34.3249461497021,,673,,1,0,0,2002-06-18,0.00602192037714072,32.0,15.560275284938324
paris-nice/1980/prologue,Paris - Nice,50,,4300,31.837713832916506,,1128,,1,0,0,1980-03-05,0.007404119496027094,24.0,11.598681466645505
vuelta-a-espana/2020/stage-5,La Vuelta ciclista a España,80,100,184400,3407.0,3,692,,1,0,0,2020-10-24,0.018476138828633405,581.0,396.4617633322636
tour-de-france/2005/stage-10,Tour de France,100,,181000,4197.0,5,1535,,1,0,0,2005-07-12,0.023187845303867402,1291.0,804.7651123681821
tirreno-adriatico/2013/stage-6,Tirreno-Adriatico,50,6,209000,3832.0,2,1331,,1,0,0,2013-03-11,0.018334928229665072,597.0,459.9870033681024
vuelta-a-espana/2008/stage-21,Vuelta a España,80,,102200,609.0,1,1101,,1,0,0,2008-09-21,0.005958904109589041,0.0,0.0
strade-bianche/2012/result,Montepaschi Strade Bianche - Eroica Toscana,75,,190000,2933.0,3,588,,0,0,0,2012-03-03,0.015436842105263159,470.0,166.08169735427933
paris-nice/1984/stage-7a,Paris - Nice,50,,94000,1517.816721509007,,778,,1,0,0,1984-03-14,0.01614698639903199,16.0,3.9916579679793873
tour-de-france/1996/stage-11,Tour de France,100,,202000,3000.0,2,1872,,1,0,0,1996-07-11,0.01485148514851485,171.0,294.19036162159347
paris-roubaix/2007/result,Paris - Roubaix,275,,259500,1218.1842139376527,1,733,,0,0,0,2007-04-15,0.004694351498796349,579.0,490.0169165536756
paris-nice/2001/stage-4,Paris - Nice,50,,195600,3142.9447755867577,,902,,1,0,0,2001-03-15,0.016068224824063178,227.0,512.2598016247298
paris-nice/1998/stage-5,Paris - Nice,50,,189000,2690.126554073571,,960,,1,0,0,1998-03-13,0.014233473831077094,294.0,343.1424274001885
tour-de-france/1986/stage-22,Tour de France,100,,196000,1312.0,1,1872,,1,0,0,1986-07-26,0.006693877551020408,0.0,31.943249867870552
giro-d-italia/2003/stage-21,Giro d'Italia,80,,33000,40.0,1,734,,1,0,0,2003-06-01,0.0012121212121212121,216.5,91.79605302450203
tour-de-romandie/2009/stage-4,Tour de Romandie,50,,157500,3236.1370929424943,,714,,1,0,0,2009-05-02,0.020546902177412663,569.0,555.5545801045075
vuelta-a-espana/1996/stage-3,Vuelta a España,80,,167000,872.0,,988,,1,0,0,1996-09-09,0.005221556886227545,443.0,367.35784948817127
tour-de-suisse/1986/stage-8,Tour de Suisse,50,,226500,3099.391975217649,,835,,1,0,0,1986-06-18,0.01368384978021037,428.5,149.34185243557442
volta-a-catalunya/2023/stage-2,Volta Ciclista a Catalunya,50,50,165400,3291.0,5,704,16,1,0,0,2023-03-21,0.019897218863361547,608.0,394.85288858204103
volta-a-catalunya/2009/stage-1,Volta Ciclista a Catalunya,50,,3600,25.907111047049057,1,668,,1,0,0,2009-05-18,0.007196419735291405,14.0,9.30788085241388
vuelta-a-espana/1986/stage-4,Vuelta a España,80,,192000,1810.0,,843,,1,0,0,1986-04-26,0.009427083333333334,0.0,0.0
vuelta-a-espana/1989/stage-8,Vuelta a España,80,,235500,1324.0,,803,,1,0,0,1989-05-01,0.00562208067940552,0.0,0.0
san-sebastian/2022/result,Donostia San Sebastian Klasikoa,225,400,224800,4147.0,2,724,23,0,0,0,2022-07-30,0.018447508896797152,294.0,201.83341217743515
paris-nice/2005/stage-4,Paris - Nice,50,,104500,2372.8481706675607,2,1091,,1,0,0,2005-03-10,0.02270668105901972,32.0,306.5144721485976
milano-sanremo/2009/result,Milano-Sanremo,275,,298000,2207.6159404099158,,1122,,0,0,0,2009-03-21,0.00740810718258361,499.0,266.53945880203077
paris-nice/1989/stage-2,Paris - Nice,50,,207000,2435.604560242727,,794,,1,0,0,1989-03-07,0.01176620560503733,0.0,0.0
vuelta-a-espana/1998/stage-3,Vuelta a España,80,,193000,1084.0,,1309,,1,0,0,1998-09-07,0.005616580310880829,0.0,314.1556529220544
itzulia-basque-country/2007/stage-6,Vuelta al País Vasco,50,,14000,183.55945331757766,,1002,,1,0,0,2007-04-14,0.01311138952268412,153.0,69.15282221654313
tour-de-romandie/2010/stage-1,Tour de Romandie,50,6,175600,2253.5688161994754,,678,,1,0,0,2010-04-28,0.012833535399769221,0.0,301.10698779342704
giro-d-italia/2001/stage-16,Giro d'Italia,80,,142000,259.0,1,920,,1,0,0,2001-06-04,0.001823943661971831,0.0,38.4185911193973
paris-nice/1980/stage-7a,Paris - Nice,50,,57000,354.8221767427219,,1128,,1,0,0,1980-03-12,0.00622495046917056,0.0,0.0
dauphine/2010/stage-3,Critérium du Dauphiné,50,6,177000,1985.2033954838535,,673,,1,0,0,2010-06-08,0.011215838392564143,0.0,80.44683253305541
il-lombardia/1989/result,Giro di Lombardia,275,,260000,4544.0,,652,,0,0,0,1989-10-14,0.017476923076923077,278.0,334.090579415579
tour-de-france/2014/stage-15,Tour de France,100,20,222000,1675.0,1,1612,,1,0,0,2014-07-20,0.007545045045045045,18.0,220.0977393356895
tirreno-adriatico/2011/stage-6,Tirreno-Adriatico,50,6,178000,2695.0,3,1216,,1,0,0,2011-03-14,0.015140449438202247,539.0,473.36740352986953
tour-de-france/2008/stage-4,Tour de France,100,,29500,338.0,1,1520,,1,0,0,2008-07-08,0.011457627118644068,187.5,69.98637453786064
giro-d-italia/2003/stage-5,Giro d'Italia,80,,176000,2094.0,2,734,,1,0,0,2003-05-14,0.011897727272727273,19.0,40.136259792459285
giro-d-italia/2013/stage-1,Giro d'Italia,80,16,130000,1114.0,1,930,,1,0,0,2013-05-04,0.00856923076923077,0.0,54.13077757452383
tour-de-france/2015/stage-21,Tour de France,100,,109500,562.0,1,1812,,1,0,0,2015-07-26,0.005132420091324201,23.0,8.238428133643426
ronde-van-vlaanderen/1973/result,Ronde van Vlaanderen / Tour des Flandres,275,,260000,3005.8778352960076,,532,,0,0,0,1973-04-01,0.011561068597292336,265.0,420.257239256086
paris-nice/1987/prologue,Paris - Nice,50,,5500,68.09003211836625,,1164,,1,0,0,1987-03-08,0.012380005839702954,17.0,6.295501039101918
uae-tour/2023/stage-3,UAE Tour,50,40,185000,2741.0,5,530,24,1,0,0,2023-02-22,0.014816216216216217,641.5,539.6565414652341
giro-d-italia/2023/stage-16,Giro d'Italia,80,180,203000,5852.0,5,835,23,1,0,0,2023-05-23,0.02882758620689655,1754.0,972.7891234949902
uae-tour/2021/stage-4,UAE Tour,50,40,204000,695.0000000000002,1,755,,1,0,0,2021-02-24,0.00340686274509804,0.0,37.6860750204532
tirreno-adriatico/2014/stage-6,Tirreno-Adriatico,50,6,189000,1346.0,1,1269,,1,0,0,2014-03-17,0.007121693121693122,6.0,167.1615850945385
paris-nice/2011/stage-5,Paris - Nice,50,6,194000,3449.0,3,1038,,1,0,0,2011-03-10,0.017778350515463916,981.0,591.1071845179026
tour-de-romandie/2016/stage-1,Tour de Romandie,50,60,100500,2212.0,2,917,,1,0,0,2016-04-27,0.022009950248756217,0.0,153.9410824023812
tour-de-suisse/2023/stage-8,Tour de Suisse,50,60,25700,363.0,1,855,27,1,0,0,2023-06-18,0.014124513618677044,122.0,71.13359255648251
tour-de-france/1988/stage-16,Tour de France,100,,38000,203.0,1,1941,,1,0,0,1988-07-19,0.0053421052631578946,10.0,8.043304536552379
vuelta-a-espana/1980/stage-16b,Vuelta a España,80,,22800,486.5711418977512,,520,,1,0,0,1980-05-08,0.021340839556918914,207.0,95.54543917054107
dauphine/2016/stage-2,Criterium du Dauphiné,50,60,168000,2890.0,3,1182,,1,0,0,2016-06-07,0.01720238095238095,434.0,444.8532532710228
tour-de-france/1980/stage-17,Tour de France,100,,242000,5500.0,4,1224,,1,0,0,1980-07-14,0.022727272727272728,701.0,422.5629562735617
tour-de-france/2021/stage-19,Tour de France,100,120,207000,1181.0,2,1646,,1,0,0,2021-07-16,0.005705314009661836,1250.0,393.00200758296313
itzulia-basque-country/2012/stage-4,Vuelta Ciclista al País Vasco,50,6,151000,3043.0,,928,,1,0,0,2012-04-05,0.0201523178807947,404.0,341.75293582078484
volta-a-catalunya/2003/stage-4,Volta a Catalunya,50,,157400,2324.8545552447054,,515,,1,0,0,2003-06-19,0.014770359309051495,356.0,307.70022562352347
dauphine/2010/stage-5,Critérium du Dauphiné,50,6,210500,3075.4878721992113,5,673,,1,0,0,2010-06-10,0.014610393692157773,367.0,374.38807102782397
paris-nice/2001/prologue,Paris - Nice,50,,6200,97.60906669817132,,902,,1,0,0,2001-03-11,0.01574339785454376,40.0,15.616735997534734
volta-a-catalunya/2019/stage-5,Volta Ciclista a Catalunya,50,50,188100,2705.0,4,918,,1,0,0,2019-03-29,0.014380648591174907,160.0,220.40923405176906
tour-de-france/2021/stage-11,Tour de France,100,120,198900,4671.0,4,1646,,1,0,0,2021-07-07,0.023484162895927602,1623.0,698.518008285463
giro-d-italia/2009/stage-13,Giro d'Italia,80,,176000,745.0000000000002,1,975,,1,0,0,2009-05-22,0.004232954545454547,0.0,13.486549843881347
giro-d-italia/2016/stage-1,Giro d'Italia,80,100,9800,37.0,1,933,,1,0,0,2016-05-06,0.003775510204081633,47.0,21.60367543001334
giro-d-italia/1994/stage-20,Giro d'Italia,80,,201000,801.3980072956301,,1292,,1,0,0,1994-06-10,0.0039870547626648266,0.0,0.0
tour-de-suisse/1975/stage-3,Tour de Suisse,50,,179000,1009.7857638374553,,549,,1,0,0,1975-06-14,0.005641261250488577,0.0,0.0
giro-d-italia/1996/stage-3,Giro d'Italia,80,,199000,1713.1624623431987,,1034,,1,0,0,1996-05-20,0.008608856594689442,0.0,193.49071145070656
vuelta-a-espana/2000/stage-2,Vuelta a España,80,,167500,1495.0,,981,,1,0,0,2000-08-27,0.008925373134328358,0.0,51.82019390537519
tour-de-france/2009/stage-18,Tour de France,100,,40500,343.9999999999998,2,1557,,1,0,0,2009-07-23,0.008493827160493822,249.5,100.26668200645707
tour-de-suisse/1999/stage-6,Tour de Suisse,50,,162000,3120.8248521979012,,900,,1,0,0,1999-06-21,0.01926435093949322,182.0,353.5747162764912
vuelta-a-espana/1994/stage-18,Vuelta a España,80,,189000,3357.0,,791,,1,0,0,1994-05-12,0.017761904761904763,123.0,50.996296161802015
vuelta-a-espana/1989/stage-6,Vuelta a España,80,,197500,4759.0,,803,,1,0,0,1989-04-29,0.02409620253164557,52.0,25.11838636006169
itzulia-basque-country/2022/stage-4,Itzulia Basque Country,50,50,185600,2703.0,2,741,19,1,0,0,2022-04-07,0.014563577586206897,394.0,333.66225086762614
tour-de-romandie/2016/stage-5,Tour de Romandie,50,60,177400,2154.0,2,917,,1,0,0,2016-05-01,0.01214205186020293,0.0,241.13564255771698
vuelta-a-espana/1981/stage-4,Vuelta a España,80,,206000,2992.444388468304,,457,,1,0,0,1981-04-25,0.014526429070234487,0.0,486.4760641994229
il-lombardia/2002/result,Giro di Lombardia,275,,251000,4089.0,,1084,,0,0,0,2002-10-19,0.016290836653386456,80.0,257.47468270712227
vuelta-a-espana/2001/stage-7,Vuelta a España,80,,44200,516.0,2,971,,1,0,0,2001-09-14,0.01167420814479638,395.0,136.61107081695567
tour-de-suisse/1982/stage-9,Tour de Suisse,50,,199000,2037.5900658283786,,657,,1,0,0,1982-06-25,0.010239146059439088,12.0,4.898979485566356
tour-de-france/2000/stage-21,Tour de France,100,,138000,402.0,1,1437,,1,0,0,2000-07-23,0.0029130434782608694,0.0,6.564667329184103
dauphine/1994/stage-1,Critérium du Dauphiné Libéré,50,,224000,3025.9153847320968,,362,,1,0,0,1994-05-31,0.01350855082469686,0.0,0.0
il-lombardia/2011/result,Il Lombardia,275,,241000,4524.0,2,947,,0,0,0,2011-10-15,0.018771784232365144,75.0,347.50406953158665
giro-d-italia/2009/stage-18,Giro d'Italia,80,,181000,2106.0,2,975,,1,0,0,2009-05-28,0.0116353591160221,237.0,76.44795350264522
giro-d-italia/1998/stage-21,Giro d'Italia,80,,34000,274.75240038512766,,923,,1,0,0,1998-06-06,0.008080952952503755,235.0,89.28706989852354
tour-de-france/2002/stage-7,Tour de France,100,,176000,2234.0,3,1489,,1,0,0,2002-07-13,0.012693181818181819,27.0,91.66958074121749
tour-de-france/1987/stage-25,Tour de France,100,,186000,1937.0,1,1812,,1,0,0,1987-07-26,0.010413978494623655,17.0,4.169541296937311
tour-de-suisse/1989/stage-5b,Tour de Suisse,50,,7500,46.95361743900412,,604,,1,0,0,1989-06-18,0.006260482325200549,19.0,9.395034149308168
tour-de-romandie/1977/stage-1,Tour de Romandie,50,,168800,953.8325448165931,,489,,1,0,0,1977-05-11,0.005650666734695457,0.0,0.0
vuelta-a-espana/1981/stage-19,Vuelta a España,80,,84000,1300.3485439514775,,457,,1,0,0,1981-05-10,0.015480339808946161,69.0,91.8688312480471
gp-montreal/2016/result,Grand Prix Cycliste de Montréal,225,500,205700,3779.0,3,914,,0,0,0,2016-09-11,0.018371414681575108,216.0,178.03004751814973
dauphine/2018/stage-4,Critérium du Dauphiné,50,60,181000,3227.0,5,762,,1,0,0,2018-06-07,0.017828729281767954,875.0,509.0476231552163
tour-de-france/2002/stage-1,Tour de France,100,,192500,3000.0,3,1489,,1,0,0,2002-07-07,0.015584415584415584,0.0,177.53574084937765
world-championship/1987/result,World Championships - Road Race,350,,276000,4620.0,,1526,,0,0,0,1987-09-06,0.016739130434782607,40.0,24.05509270215887
tour-de-france/2004/stage-6,Tour de France,100,,196000,1398.0,1,1555,,1,0,0,2004-07-09,0.00713265306122449,0.0,35.52580317628272
paris-nice/2013/stage-1,Paris - Nice,50,6,195000,1248.0,1,917,,1,0,0,2013-03-04,0.0064,0.0,109.48779498261523
vuelta-a-espana/1985/stage-16,Vuelta a España,80,,252000,1975.0,,925,,1,0,0,1985-05-09,0.007837301587301587,43.0,4.719863179556687
tour-de-france/2008/stage-3,Tour de France,100,,208000,1507.0,1,1520,,1,0,0,2008-07-07,0.0072451923076923075,123.0,78.61762789294039
ronde-van-vlaanderen/1989/result,Ronde van Vlaanderen / Tour des Flandres,275,,264000,2943.832283595192,,684,,0,0,0,1989-04-02,0.011150879862103,260.0,270.4583537644646
volta-a-catalunya/1999/stage-7,Volta Ciclista a Catalunya,50,,14200,328.7010487022517,,804,,1,0,0,1999-06-24,0.02314796117621491,324.0,167.38630039192944
ronde-van-vlaanderen/2014/result,Ronde van Vlaanderen / Tour des Flandres ME,275,,259100,2095.0,2,816,,0,0,0,2014-04-06,0.008085681204168275,252.0,233.05658762275368
giro-d-italia/1991/stage-17,Giro d'Italia,80,,169000,747.5446486840221,,908,,1,0,0,1991-06-12,0.0044233411164735035,110.0,81.03531466109219
giro-d-italia/2002/stage-15,Giro d'Italia,80,,156000,539.9999999999998,2,920,,1,0,0,2002-05-28,0.00346153846153846,0.0,0.0
tour-de-suisse/2011/stage-5,Tour de Suisse,50,6,204200,1756.5192715506405,,972,,1,0,0,2011-06-15,0.008601955296526154,17.0,66.00119880191832
tour-de-suisse/1995/stage-7,Tour de Suisse,50,,191900,2653.034744260318,,764,,1,0,0,1995-06-20,0.013825089860658248,292.0,121.75407818859932
vuelta-a-espana/2022/stage-20,La Vuelta ciclista a España,80,100,181000,3977.0,4,968,26,1,0,0,2022-09-10,0.021972375690607737,1395.0,728.0264713238658
vuelta-a-espana/2009/stage-13,Vuelta a España,80,,172400,4763.0,5,1220,,1,0,0,2009-09-12,0.027627610208816704,1694.0,777.7617329180096
giro-d-italia/1991/stage-4,Giro d'Italia,80,,170000,1519.0895323952846,,908,,1,0,0,1991-05-30,0.008935820778795792,23.0,7.273238618387273
paris-nice/1989/stage-6,Paris - Nice,50,,190000,2314.839198120822,,794,,1,0,0,1989-03-11,0.012183364200635906,0.0,0.0
omloop-het-nieuwsblad/2001/result,Omloop Het Volk,125,,200000,2104.8649559640453,2,783,,0,0,0,2001-03-03,0.010524324779820227,662.0,226.27445066715535
gp-montreal/2011/result,Grand Prix Cycliste de Montréal,225,,205700,2094.072598424921,2,735,,0,0,0,2011-09-11,0.0101802265358528,38.0,197.54170440574055
paris-nice/2023/stage-7,Paris - Nice,50,60,142900,3554.0,5,981,17,1,0,0,2023-03-11,0.024870538838348496,1463.0,609.4608816849625
giro-d-italia/2000/stage-5,Giro d'Italia,80,,232000,1999.0,3,866,,1,0,0,2000-05-18,0.008616379310344828,238.0,539.5616122447303
vuelta-a-espana/1987/stage-22,Vuelta a España,80,,173000,2000.0,,838,,1,0,0,1987-05-15,0.011560693641618497,0.0,0.0
liege-bastogne-liege/2003/result,Liège - Bastogne - Liège,275,,258000,3843.1734962359315,,1201,,0,0,0,2003-04-27,0.014896021303240045,367.0,263.81978693535353
vuelta-a-espana/1984/stage-7,Vuelta a España,80,,184000,3352.4462281096357,,747,,1,0,0,1984-04-24,0.018219816457117587,535.0,360.41767632630155
giro-d-italia/1993/stage-1b,Giro d'Italia,80,,9000,92.15174053416649,,1089,,1,0,0,1993-05-23,0.010239082281574054,18.0,8.680740933693087
giro-d-italia/2000/stage-21,Giro d'Italia,80,,198000,267.0,1,866,,1,0,0,2000-06-04,0.0013484848484848484,14.0,10.042342551392581
paris-nice/2010/stage-5,Paris - Nice,30,,157000,2304.1417059976725,2,1192,,1,0,0,2010-03-12,0.014676061821641226,156.0,451.70164137474114
tour-de-suisse/1978/stage-5,Tour de Suisse,50,,188500,2106.294699244179,,691,,1,0,0,1978-06-19,0.01117397718431925,0.0,0.0
tour-de-france/2018/stage-15,Tour de France,100,120,181000,2917.0,4,1689,,1,0,0,2018-07-22,0.016116022099447513,940.0,437.77285031682226
paris-nice/1990/stage-7a,Paris - Nice,50,,102000,1167.1288445857192,,995,,1,0,0,1990-03-11,0.01144243965280117,0.0,0.0
vuelta-a-espana/2000/stage-10,Vuelta a España,80,,165800,3321.0,,981,,1,0,0,2000-09-04,0.02003015681544029,1172.0,489.84181506829924
tour-de-france/1980/stage-16,Tour de France,100,,207500,3500.0,5,1224,,1,0,0,1980-07-13,0.016867469879518072,263.0,136.595997646948
giro-d-italia/2006/stage-7,Giro d'Italia,80,,171000,2227.0,5,997,,1,0,0,2006-05-14,0.013023391812865498,964.0,446.49722593712033
giro-d-italia/2007/stage-7,Giro d'Italia,80,,254000,2047.0,2,844,,1,0,0,2007-05-19,0.008059055118110236,0.0,144.8432125712734
vuelta-a-espana/2000/stage-4,Vuelta a España,80,,159000,596.0,,981,,1,0,0,2000-08-29,0.0037484276729559747,213.0,229.37802507661553
tour-de-suisse/1993/stage-2,Tour de Suisse,50,,181000,1151.4138208333593,,655,,1,0,0,1993-06-16,0.006361402325046184,4.0,1.632993161855452
vuelta-a-espana/1986/stage-14,Vuelta a España,80,,165000,2411.0,,843,,1,0,0,1986-05-06,0.014612121212121212,12.0,3.794733192202055
tour-de-france/2023/stage-11,Tour de France,100,210,179300,1873.0,2,1584,23,1,0,0,2023-07-12,0.010446179587283881,35.0,46.49326809964554
vuelta-a-espana/2022/stage-5,La Vuelta ciclista a España,80,100,187200,2978.0,2,968,29,1,0,0,2022-08-24,0.015908119658119658,547.0,314.4607289534863
dauphine/1995/prologue,Critérium du Dauphiné Libéré,50,,6700,81.83814806953842,,479,,1,0,0,1995-06-04,0.012214648965602749,31.0,12.06081083073343
ronde-van-vlaanderen/1982/result,Ronde van Vlaanderen / Tour des Flandres,275,,267000,3113.513554664597,,586,,0,0,0,1982-04-04,0.011661099455672648,155.0,93.35166184678249
volta-a-catalunya/1984/stage-3,Volta Ciclista a Catalunya,50,,186000,4965.835152716345,,319,,1,0,0,1984-09-08,0.02669803845546422,169.0,76.13201253962313
tour-de-france/2021/stage-4,Tour de France,100,120,150400,1404.0,1,1646,,1,0,0,2021-06-29,0.009335106382978723,0.0,56.031346700268685
vuelta-a-espana/1989/stage-17,Vuelta a España,80,,228000,4000.0,,803,,1,0,0,1989-05-10,0.017543859649122806,91.5,36.50038051552036
tour-de-france/2009/stage-15,Tour de France,100,,207500,3659.0,5,1557,,1,0,0,2009-07-19,0.017633734939759036,510.5,358.64549576295667
tirreno-adriatico/1998/stage-6,Tirreno-Adriatico,50,,167000,1968.0480851862699,,769,,1,0,0,1998-03-16,0.011784719072971676,842.0,267.29615335670434
amstel-gold-race/1992/result,Amstel Gold Race,225,,247500,3773.633884497197,,959,,0,0,0,1992-04-25,0.01524700559392807,0.0,207.11469670471726
tour-de-france/2011/stage-19,Tour de France,100,20,109500,3571.0,5,1713,,1,0,0,2011-07-22,0.03261187214611872,1106.0,550.6131946921407
vuelta-a-espana/2008/stage-12,Vuelta a España,80,,186400,2900.0,2,1101,,1,0,0,2008-09-11,0.01555793991416309,227.0,423.37186117233506
itzulia-basque-country/1991/stage-5b,Vuelta Ciclista al País Vasco,50,,7200,57.299989502612334,,546,,1,0,0,1991-04-12,0.007958331875362825,17.5,8.52186729667989
dauphine/1977/stage-5,Critérium du Dauphiné Libéré,50,,214000,3161.1819257244224,,809,,1,0,0,1977-06-04,0.014771878157590759,158.0,140.3648307600081
volta-a-catalunya/2007/stage-6,Volta Ciclista a Catalunya,50,,177100,2449.967441107643,2,816,,1,0,0,2007-05-26,0.013833808250184319,0.0,105.96600774629505
world-championship/1992/result,World Championships - Road Race,350,,261600,3904.5561306255,,1603,,0,0,0,1992-09-06,0.014925673282207568,444.0,337.2910137626611
paris-nice/2004/stage-1,Paris - Nice,50,,13200,110.79227070076968,,989,,1,0,0,2004-03-07,0.008393353840967399,59.0,25.771878359846617
giro-d-italia/2004/stage-11,Giro d'Italia,80,,228000,2401.0,2,621,,1,0,0,2004-05-20,0.010530701754385965,448.0,409.96217589643203
volta-a-catalunya/2008/stage-4,Volta Ciclista a Catalunya,50,,163500,1341.6475406039915,2,616,,1,0,0,2008-05-23,0.008205795355376095,157.0,17.221887254918318
paris-nice/2021/stage-6,Paris - Nice,50,60,202400,3181.0,3,1044,,1,0,0,2021-03-12,0.015716403162055335,162.0,351.5329532789705
tour-de-suisse/1980/stage-5,Tour de Suisse,50,,23500,321.11348042138115,,477,,1,0,0,1980-06-15,0.013664403422186432,81.0,37.0980682336246
vuelta-a-espana/1994/stage-21,Vuelta a España,80,,165700,1455.0,,791,,1,0,0,1994-05-15,0.008780929390464695,0.0,0.0
tour-de-france/1987/stage-9,Tour de France,100,,260000,1675.0,1,1812,,1,0,0,1987-07-09,0.0064423076923076925,92.0,23.6796940103172
volta-a-catalunya/1997/stage-1a,Volta Ciclista a Catalunya,50,,72000,937.9160617994542,,419,,1,0,0,1997-06-19,0.013026611969436863,0.0,0.0
dauphine/2018/stage-7,Critérium du Dauphiné,50,60,136000,4222.0,5,762,,1,0,0,2018-06-10,0.031044117647058823,1108.0,519.6906460266218
vuelta-a-espana/1987/stage-14,Vuelta a España,80,,152000,2463.0,,838,,1,0,0,1987-05-07,0.016203947368421054,384.5,159.80769693603622
tour-de-romandie/1984/stage-5b,Tour de Romandie,50,,26100,486.07682350782625,,491,,1,0,0,1984-05-13,0.018623633084591043,206.0,102.33489912511455
volta-a-catalunya/2005/stage-6,Volta Ciclista a Catalunya,50,,198700,2911.6088342000653,,850,,1,0,0,2005-05-21,0.014653290559637972,25.0,49.345654724386186
tour-de-romandie/1987/stage-2,Tour de Romandie,50,,185400,4290.650589044493,,251,,1,0,0,1987-05-07,0.023142667686324128,0.0,0.0
tour-de-france/2004/stage-20,Tour de France,100,,163000,1453.0,1,1555,,1,0,0,2004-07-25,0.008914110429447853,0.0,13.52718279352733
giro-d-italia/2006/stage-1,Giro d'Italia,80,,197000,1364.0,1,997,,1,0,0,2006-05-07,0.006923857868020304,0.0,22.43569099105139
world-championship/1998/result,World Championships - Road Race,350,,258000,2355.0,,1133,,0,0,0,1998-10-11,0.009127906976744185,886.0,304.60551806330653
dauphine/1993/stage-5,Critérium du Dauphiné Libéré,50,,192000,4124.581190619627,,386,,1,0,0,1993-06-05,0.02148219370114389,41.0,33.80746137237229
tour-de-france/2014/stage-12,Tour de France,100,20,185500,2530.0,2,1612,,1,0,0,2014-07-17,0.013638814016172507,94.0,226.9219102495608
giro-d-italia/2009/stage-9,Giro d'Italia,80,,155000,195.0,1,975,,1,0,0,2009-05-17,0.0012580645161290322,0.0,0.0
vuelta-a-espana/2001/stage-10,Vuelta a España,80,,168400,3669.0,5,971,,1,0,0,2001-09-18,0.021787410926365797,1245.0,493.1821512933467
vuelta-a-espana/1988/stage-14,Vuelta a España,80,,190300,4500.0,,828,,1,0,0,1988-05-08,0.023646873357856018,0.0,0.0
giro-d-italia/1998/stage-15,Giro d'Italia,80,,40000,461.4232458090387,,923,,1,0,0,1998-05-31,0.011535581145225968,323.5,98.46591516720409
il-lombardia/1997/result,Giro di Lombardia,275,,250000,3117.672975668528,,636,,0,0,0,1997-10-18,0.012470691902674113,199.0,188.36327157363263
tour-de-france/2023/stage-15,Tour de France,100,210,179000,4483.0,5,1584,25,1,0,0,2023-07-16,0.025044692737430166,1740.0,661.551571095071
tour-de-france/2004/stage-19,Tour de France,70,,55000,1042.0,3,1555,,1,0,0,2004-07-24,0.018945454545454547,532.0,179.02622616581186
tour-de-suisse/1995/stage-5,Tour de Suisse,50,,21600,220.38593996417785,,764,,1,0,0,1995-06-18,0.010203052776119345,111.5,49.3400896274464
strade-bianche/2011/result,Montepaschi Strade Bianche - Eroica Toscana,75,,190000,2933.0,3,590,,0,0,0,2011-03-05,0.015436842105263159,200.0,94.38178891037231
paris-nice/1993/stage-7b,Paris - Nice,50,,12500,44.858608769469356,,1182,,1,0,0,1993-03-14,0.0035886887015575486,40.0,20.59732992404598
giro-d-italia/2008/stage-9,Giro d'Italia,80,,218000,1146.0,2,1058,,1,0,0,2008-05-18,0.0052568807339449545,4.0,196.17944637618325
vuelta-a-espana/1986/stage-2,Vuelta a España,80,,182000,2500.0,,843,,1,0,0,1986-04-24,0.013736263736263736,0.0,0.0
tour-de-france/2007/stage-11,Tour de France,100,,182500,854.0,1,1612,,1,0,0,2007-07-19,0.00467945205479452,200.0,173.62082163229047
giro-d-italia/2001/stage-8,Giro d'Italia,80,,185000,4026.0,4,920,,1,0,0,2001-05-27,0.021762162162162164,815.0,529.8088596395567
paris-nice/2015/stage-3,Paris - Nice,50,6,179000,2085.0,1,1225,,1,0,0,2015-03-11,0.01164804469273743,0.0,81.04495005517832
vuelta-a-espana/1989/stage-4,Vuelta a España,80,,160500,3000.0,,803,,1,0,0,1989-04-27,0.018691588785046728,387.5,163.1286131996605
giro-d-italia/2003/stage-6,Giro d'Italia,80,,218000,2289.0,2,734,,1,0,0,2003-05-15,0.0105,18.0,64.23995114225445
tour-de-france/1995/stage-20,Tour de France,100,,150000,1878.0,1,1871,,1,0,0,1995-07-23,0.01252,0.0,0.0
volta-a-catalunya/2009/stage-6,Volta Ciclista a Catalunya,50,,150500,2401.2671303105562,1,668,,1,0,0,2009-05-23,0.015955263324322632,0.0,141.29207744748211
tirreno-adriatico/2017/stage-2,Tirreno-Adriatico,50,60,229000,2370.0,3,1036,,1,0,0,2017-03-09,0.010349344978165939,429.0,283.8561736671268
il-lombardia/1981/result,Giro di Lombardia,275,,259000,3209.195229752612,,388,,0,0,0,1981-10-17,0.012390715172790006,110.0,299.01689344266583
tour-de-romandie/1991/stage-5b,Tour de Romandie,50,,19400,190.0116195589526,,521,,1,0,0,1991-05-11,0.009794413379327453,34.0,17.093858546273278
amstel-gold-race/1988/result,Amstel Gold Race,225,,242000,4063.8715988167933,,829,,0,0,0,1988-04-23,0.016792857846350387,61.0,195.86499034907806
paris-nice/2008/stage-1,Paris - Nice,30,,93500,1428.425274756768,,775,,1,0,0,2008-03-10,0.015277275665847787,203.0,175.80015875716083
amstel-gold-race/1982/result,Amstel Gold Race,225,,237000,2990.5651289880852,,513,,0,0,0,1982-04-24,0.012618418265772511,656.0,309.9974641952521
giro-d-italia/2013/stage-21,Giro d'Italia,80,16,197000,671.0,1,930,,1,0,0,2013-05-26,0.0034060913705583756,44.0,51.97205855553504
tour-de-france/1993/stage-7,Tour de France,100,,199000,2203.0,1,1804,,1,0,0,1993-07-10,0.01107035175879397,149.0,114.70718920837503
vuelta-a-espana/2015/stage-2,Vuelta a España,80,16,158700,2597.0,3,1115,,1,0,0,2015-08-23,0.016364209199747952,549.0,423.7513045689895
giro-d-italia/2003/stage-8,Giro d'Italia,80,,214000,1765.0,2,734,,1,0,0,2003-05-18,0.00824766355140187,10.0,15.799510511266817
paris-nice/2018/stage-5,Paris - Nice,50,60,163500,2611.0,4,936,,1,0,0,2018-03-08,0.015969418960244647,4.0,274.39274495450485
tirreno-adriatico/2006/stage-5,Tirreno-Adriatico,50,,20000,265.4563954588575,1,1210,,1,0,0,2006-03-12,0.013272819772942876,138.0,55.48289338815427
liege-bastogne-liege/2008/result,Liège - Bastogne - Liège,275,,261000,4153.725299588421,,1158,,0,0,0,2008-04-27,0.01591465632026215,491.0,340.80601375600753
e3-harelbeke/1992/result,E3-Prijs Harelbeke,125,,205000,1724.311799843414,,376,,0,0,0,1992-03-28,0.008411277072406898,0.0,237.5906826518944
tour-de-suisse/1983/stage-9,Tour de Suisse,50,,181000,1986.8783544717382,,809,,1,0,0,1983-06-23,0.01097722847774441,159.0,72.10177991330495
tirreno-adriatico/2006/stage-7,Tirreno-Adriatico,50,,166000,1207.69106664306,1,1210,,1,0,0,2006-03-14,0.007275247389416023,0.0,29.09672799675033
volta-a-catalunya/2014/stage-2,Volta Ciclista a Catalunya,50,6,171200,1583.0,2,896,,1,0,0,2014-03-25,0.009246495327102804,3.0,69.46655108745676
tour-de-suisse/1980/stage-2,Tour de Suisse,50,,191000,2045.2527136801034,,477,,1,0,0,1980-06-12,0.010708129390995306,0.0,0.0
tour-de-romandie/2007/stage-2,Tour de Romandie,50,,166900,2331.96145068137,,674,,1,0,0,2007-05-03,0.013972207613429419,0.0,162.84349731403694
paris-nice/2005/stage-6,Paris - Nice,50,,184000,1893.130207881191,2,1091,,1,0,0,2005-03-12,0.010288751129789081,366.0,265.32539505685475
giro-d-italia/2014/stage-6,Giro d'Italia,80,16,257000,1997.0,3,892,,1,0,0,2014-05-15,0.007770428015564202,463.0,403.24240049393677
tirreno-adriatico/2022/stage-6,Tirreno-Adriatico,50,60,215000,3817.0,5,1059,,1,0,0,2022-03-12,0.017753488372093024,1590.0,661.9586246518373
tirreno-adriatico/2002/stage-3,Tirreno-Adriatico,50,,180000,3172.1527945292532,,1056,,1,0,0,2002-03-16,0.017623071080718075,489.0,381.7748885287813
il-lombardia/2008/result,Giro di Lombardia,275,,242000,3789.0,2,693,,0,0,0,2008-10-18,0.01565702479338843,352.0,256.17064615847227
vuelta-a-espana/2014/stage-20,Vuelta a España,80,16,185700,4447.0,5,1175,,1,0,0,2014-09-13,0.023947226709746902,1580.0,587.6966639688031
tour-de-france/2009/stage-9,Tour de France,100,,160500,2915.0,4,1557,,1,0,0,2009-07-12,0.018161993769470405,915.0,651.5375115793579
tirreno-adriatico/2011/stage-7,Tirreno-Adriatico,50,6,9300,8.0,1,1216,,1,0,0,2011-03-15,0.0008602150537634409,66.0,28.047426209630608
tour-de-suisse/1979/stage-6,Tour de Suisse,50,,254000,2746.482957812174,,538,,1,0,0,1979-06-19,0.010812925030756591,0.0,0.0
vuelta-a-espana/1992/stage-21,Vuelta a España,80,,175000,1663.0,,1033,,1,0,0,1992-05-17,0.009502857142857143,0.0,0.0
tour-de-suisse/2019/stage-6,Tour de Suisse,50,60,120200,1901.0,5,802,,1,0,0,2019-06-20,0.0158153078202995,520.0,336.6083551983096
vuelta-a-espana/2003/stage-20,Vuelta a España,80,,11200,617.0,5,935,,1,0,0,2003-09-25,0.055089285714285716,199.5,83.25470148694744
tour-de-france/2017/stage-3,Tour de France,100,120,212500,2706.0,1,1791,,1,0,0,2017-07-03,0.012734117647058823,109.0,161.8211606357018
liege-bastogne-liege/2015/result,Liège - Bastogne - Liège,275,,253000,4106.0,3,1163,,0,0,0,2015-04-26,0.016229249011857707,365.0,290.7371085063382
paris-nice/2017/stage-6,Paris - Nice,50,60,193500,3263.0,4,1158,,1,0,0,2017-03-10,0.016863049095607235,949.0,509.63511659419703
paris-nice/1993/stage-5,Paris - Nice,50,,192000,1589.1169557119865,,1182,,1,0,0,1993-03-12,0.00827665081099993,0.0,0.0
tour-de-france/2008/stage-5,Tour de France,100,,232000,1299.0,1,1520,,1,0,0,2008-07-09,0.005599137931034483,0.0,0.0
giro-d-italia/2023/stage-10,Giro d'Italia,80,180,196000,3020.0,2,835,11,1,0,0,2023-05-16,0.015408163265306122,679.0,497.9806972212942
paris-nice/2007/stage-1,Paris - Nice,50,,186000,2697.4340729431424,1,823,,1,0,0,2007-03-12,0.014502333725500766,0.0,8.816113659821605
tour-de-suisse/1984/stage-9,Tour de Suisse,50,,208500,3985.2118793537147,,646,,1,0,0,1984-06-22,0.019113726040065778,1165.0,469.74478886589753
vuelta-a-espana/1980/stage-5,Vuelta a España,80,,200000,3101.0138333251552,,520,,1,0,0,1980-04-27,0.015505069166625775,617.0,629.2206026053811
tour-de-romandie/1992/stage-6,Tour de Romandie,50,,171000,3914.9910831992247,,343,,1,0,0,1992-05-10,0.02289468469707149,0.0,0.0
gp-quebec/2014/result,Grand Prix Cycliste de Québec,225,80,199100,2222.693880312401,3,719,,0,0,0,2014-09-12,0.01116370607891713,41.0,158.67808744102447
vuelta-a-espana/2016/stage-2,Vuelta a España,80,100,160800,2168.0,2,821,,1,0,0,2016-08-21,0.013482587064676617,0.0,78.29373972778389
itzulia-basque-country/2004/stage-4,Vuelta al País Vasco,50,,182000,2134.6801175659043,,1020,,1,0,0,2004-04-08,0.011729011634977497,215.0,262.39367261534994
vuelta-a-espana/2016/stage-12,Vuelta a España,80,100,193200,2996.0,2,821,,1,0,0,2016-09-01,0.015507246376811595,730.0,491.2820605520782
vuelta-a-espana/1997/stage-22,Vuelta a España,80,,154000,1159.0,,1165,,1,0,0,1997-09-28,0.007525974025974026,0.0,0.0
tour-de-romandie/2002/stage-4,Tour de Romandie,50,,86000,1704.5202683151456,,535,,1,0,0,2002-05-04,0.019820003119943554,249.0,275.43397251356015
vuelta-a-espana/2001/stage-4,Vuelta a España,80,,175000,1942.0,2,971,,1,0,0,2001-09-11,0.011097142857142858,21.0,117.15346120083585
tirreno-adriatico/1998/stage-2,Tirreno-Adriatico,50,,164000,2626.059809167495,,769,,1,0,0,1998-03-12,0.01601255981199692,0.0,726.896721094032
dauphine/1984/stage-6,Critérium du Dauphiné Libéré,50,,178500,2404.549637287365,,529,,1,0,0,1984-06-03,0.013470866315335377,431.0,145.06523201119398
milano-sanremo/2001/result,Milano-Sanremo,275,,287000,2790.346786058217,,1331,,0,0,0,2001-03-24,0.009722462669192394,103.0,244.08040280312406
giro-d-italia/1998/stage-18,Giro d'Italia,80,,115000,2858.9668108831775,,923,,1,0,0,1998-06-03,0.02486058096420154,899.0,326.62452674178996
vuelta-a-espana/1995/stage-3,Vuelta a España,80,,206000,2722.0,,883,,1,0,0,1995-09-05,0.013213592233009708,35.0,11.953021067649724
tour-de-france/2014/stage-9,Tour de France,100,20,170000,3373.0,4,1612,,1,0,0,2014-07-13,0.019841176470588234,466.0,405.7395731414359
paris-nice/1998/stage-7,Paris - Nice,50,,161400,1572.9756647549975,,960,,1,0,0,1998-03-15,0.009745821962546452,0.0,0.0
vuelta-a-espana/2021/stage-4,La Vuelta ciclista a España,80,100,163900,1534.0,3,1023,,1,0,0,2021-08-17,0.009359365466748017,0.0,42.153852025701035
giro-d-italia/2017/stage-1,Giro d'Italia,80,100,206000,2176.0,2,881,,1,0,0,2017-05-05,0.010563106796116505,18.0,78.20892973604298
tour-de-romandie/2006/stage-2,Tour de Romandie,50,,171200,2468.055299782546,,772,,1,0,0,2006-04-27,0.014416210863215807,371.0,249.1332973220842
giro-d-italia/2013/stage-10,Giro d'Italia,80,16,167000,3678.0,5,930,,1,0,0,2013-05-14,0.022023952095808385,1253.0,565.3730510032925
vuelta-a-espana/1993/stage-8,Vuelta a España,80,,225100,543.9999999999998,,819,,1,0,0,1993-05-03,0.00241670368725011,0.0,163.88419876182326
dauphine/1979/prologue,Critérium du Dauphiné Libéré,50,,3600,37.63329499838119,,634,,1,0,0,1979-05-21,0.010453693055105885,9.5,4.351245032554858
giro-d-italia/1997/stage-20,Giro d'Italia,80,,176000,2492.5661699083303,,792,,1,0,0,1997-06-06,0.014162307783570059,610.0,220.80000476735307
vuelta-a-espana/2004/stage-21,Vuelta a España,80,,28200,318.0,1,1177,,1,0,0,2004-09-26,0.01127659574468085,187.0,82.9299060689785
vuelta-a-espana/1997/stage-13,Vuelta a España,80,,196000,3887.0,,1165,,1,0,0,1997-09-19,0.019831632653061225,1230.0,498.8578486547295
e3-harelbeke/2009/result,E3 Prijs Vlaanderen,125,,203000,1692.2478251623259,2,556,,0,0,0,2009-03-28,0.008336196183065645,266.0,233.48443982112306
tour-de-france/1985/stage-4,Tour de France,100,,239500,3047.0,1,1470,,1,0,0,1985-07-02,0.012722338204592901,46.0,23.335177501600427
amstel-gold-race/2021/result,Amstel Gold Race,225,500,218600,2893.0,2,1089,,0,0,0,2021-04-18,0.013234217749313815,132.0,224.74585733022263
paris-nice/1992/stage-7a,Paris - Nice,50,,105000,1808.3828611191961,,877,,1,0,0,1992-03-15,0.017222693915420917,0.0,344.6955178124601
dauphine/2020/stage-3,Critérium du Dauphiné,50,60,157000,3472.0,5,1243,,1,0,0,2020-08-14,0.022114649681528663,1082.0,605.6863126368905
giro-d-italia/1990/stage-6,Giro d'Italia,80,,200000,1292.6499855351972,,1061,,1,0,0,1990-05-23,0.006463249927675986,7.0,3.32665998663324
tour-de-france/1996/prologue,Tour de France,100,,9400,84.0,1,1872,,1,0,0,1996-06-29,0.008936170212765958,53.0,20.77820150855644
giro-d-italia/2005/stage-9,Giro d'Italia,80,,139000,1354.0,2,929,,1,0,0,2005-05-16,0.009741007194244604,0.0,43.96821504436312
tour-de-france/1978/stage-7,Tour de France,100,,242000,1980.0,1,1241,,1,0,0,1978-07-06,0.008181818181818182,0.0,109.7954059922322
vuelta-a-espana/1986/stage-17,Vuelta a España,80,,172000,4979.0,,843,,1,0,0,1986-05-09,0.02894767441860465,156.0,87.17144665032875
giro-d-italia/1994/stage-1a,Giro d'Italia,80,,86000,212.0,,1292,,1,0,0,1994-05-22,0.0024651162790697676,0.0,0.0
san-sebastian/2012/result,Clasica Ciclista San Sebastian,225,,234000,3514.0,2,854,,0,0,0,2012-08-14,0.015017094017094017,222.0,360.10334433972037
vuelta-a-espana/2006/stage-6,Vuelta a España,80,,177000,731.9999999999998,1,1026,,1,0,0,2006-08-31,0.004135593220338981,5.0,34.47689875658798
tour-de-romandie/2022/stage-3,Tour de Romandie,50,60,165100,2441.0,2,508,19,1,0,0,2022-04-29,0.014784978800726833,109.0,255.4585321650098
vuelta-a-espana/1998/stage-14,Vuelta a España,80,,145500,731.0,,1309,,1,0,0,1998-09-19,0.00502405498281787,0.0,23.763247445032807
tirreno-adriatico/1994/stage-5,Tirreno-Adriatico,50,,191000,2291.5031885826843,,727,,1,0,0,1994-03-13,0.01199739889310306,0.0,0.0
tour-de-france/1988/stage-10,Tour de France,100,,149500,2322.0,2,1941,,1,0,0,1988-07-12,0.015531772575250836,0.0,172.12438439600504
tour-de-romandie/2005/stage-5,Tour de Romandie,50,,20400,193.8874107331908,,799,,1,0,0,2005-05-01,0.009504284839862294,138.0,63.35423312690629
dauphine/2019/stage-2,Critérium du Dauphiné,50,60,180000,3127.0,2,973,,1,0,0,2019-06-10,0.017372222222222223,684.0,481.33617126714563
tour-de-france/2022/stage-7,Tour de France,100,120,176300,2526.0,5,1551,22,1,0,0,2022-07-08,0.014327850255246738,612.0,369.6249936263952
tour-de-france/2013/stage-15,Tour de France,100,20,242500,4146.0,5,1690,,1,0,0,2013-07-14,0.017096907216494844,1489.0,631.5447800497627
paris-nice/2010/stage-6,Paris - Nice,30,6,220000,3349.561639672814,2,1192,,1,0,0,2010-03-13,0.015225280180330973,551.0,496.52856101292497
paris-nice/2020/stage-3,Paris - Nice,50,60,212500,1787.0,1,1082,,1,0,0,2020-03-10,0.008409411764705882,113.0,189.3039597512138
tour-de-france/1992/stage-17,Tour de France,100,,189000,2500.0,2,2047,,1,0,0,1992-07-22,0.013227513227513227,975.0,138.180074883509
paris-nice/1984/stage-5,Paris - Nice,50,,174500,1816.8432541816917,,778,,1,0,0,1984-03-12,0.01041170919301829,0.0,45.55343883258084
giro-d-italia/2023/stage-9,Giro d'Italia,80,180,35000,84.0,1,835,14,1,0,0,2023-05-14,0.0024,259.5,104.64565218892693
tirreno-adriatico/1994/stage-7,Tirreno-Adriatico,50,,167000,2010.3885600469973,,727,,1,0,0,1994-03-15,0.012038254850580823,6.0,4.575295983139597
giro-d-italia/2004/stage-16,Giro d'Italia,80,,217000,4914.0,2,621,,1,0,0,2004-05-25,0.02264516129032258,1310.0,545.7114385503791
vuelta-a-espana/1999/stage-21,Vuelta a España,80,,163000,944.0,,1342,,1,0,0,1999-09-26,0.0057914110429447855,0.0,7.330208751162662
giro-d-italia/2014/stage-9,Giro d'Italia,80,16,172000,2409.0,5,892,,1,0,0,2014-05-18,0.014005813953488372,4751.0,2150.9041349858753
paris-nice/1991/stage-6,Paris - Nice,50,,178000,2624.6852699936044,,832,,1,0,0,1991-03-16,0.014745422865132609,13.0,12.446094293307228
vuelta-a-espana/1993/stage-13,Vuelta a España,80,,37100,103.0,,819,,1,0,0,1993-05-08,0.0027762803234501346,284.0,120.32043000418973
tour-de-suisse/1986/stage-4,Tour de Suisse,50,,256000,2392.726651961555,,835,,1,0,0,1986-06-14,0.009346588484224825,15.0,4.909175083453431
giro-d-italia/2017/stage-12,Giro d'Italia,80,100,229000,2407.0,2,881,,1,0,0,2017-05-18,0.010510917030567685,28.0,83.70920660225885
tour-de-france/2019/stage-18,Tour de France,100,120,208000,5215.0,4,1699,,1,0,0,2019-07-25,0.025072115384615384,1764.0,617.3088785782584
paris-nice/2020/stage-7,Paris - Nice,50,60,166500,3969.0,5,1082,,1,0,0,2020-03-14,0.023837837837837838,559.0,408.1207551934503
tour-de-romandie/2002/stage-5,Tour de Romandie,50,,18300,383.02189824123684,,535,,1,0,0,2002-05-05,0.02093015837383808,118.5,64.40330401142283
tour-de-france/2002/stage-3,Tour de France,100,,174500,1351.0,1,1489,,1,0,0,2002-07-09,0.007742120343839542,0.0,0.0
vuelta-a-espana/1987/stage-17,Vuelta a España,80,,221000,2059.0,,838,,1,0,0,1987-05-10,0.009316742081447964,624.0,291.5597899421508
giro-d-italia/1992/stage-2,Giro d'Italia,80,,174000,1186.4552078615254,,953,,1,0,0,1992-05-26,0.006818708091158192,0.0,0.0
giro-d-italia/1998/stage-12,Giro d'Italia,80,,202000,2149.015411416336,,923,,1,0,0,1998-05-28,0.010638690155526416,142.0,67.13764960285351
vuelta-a-espana/2018/stage-1,La Vuelta ciclista a España,80,100,8000,66.0,1,1036,,1,0,0,2018-08-25,0.00825,48.0,18.151708790626408
volta-a-catalunya/1970/stage-7a,Volta Ciclista a Catalunya,50,,159100,661.399870170636,,570,,1,0,0,1970-09-16,0.004157133062040452,0.0,0.5345224838248488
paris-nice/1975/stage-1,Paris - Nice,50,,238000,2470.0976713394507,,951,,1,0,0,1975-03-10,0.010378561644283406,0.0,0.0
vuelta-a-espana/1998/stage-22,Vuelta a España,80,,163000,944.0,,1309,,1,0,0,1998-09-27,0.0057914110429447855,0.0,9.31735392223294
tour-de-france/2021/stage-7,Tour de France,100,120,249100,3120.0,2,1646,,1,0,0,2021-07-02,0.012525090325170614,932.0,430.5202247351559
world-championship/2014/result,World Championships ME - Road Race,350,,254800,4520.0,2,1535,,0,0,0,2014-09-28,0.017739403453689167,65.0,300.4519317126732
tirreno-adriatico/1992/stage-2,Tirreno-Adriatico,50,,191000,1118.7919508136772,,638,,1,0,0,1992-03-13,0.005857549480699881,7.0,3.1304951684997055
tour-de-france/2022/stage-14,Tour de France,100,120,192500,3441.0,2,1551,27,1,0,0,2022-07-16,0.017875324675324676,1406.0,494.9132376277242
itzulia-basque-country/2011/stage-6,Vuelta Ciclista al País Vasco,50,6,24000,560.9999999999998,,935,,1,0,0,2011-04-09,0.02337499999999999,181.5,82.08992843599096
vuelta-a-espana/1980/stage-3,Vuelta a España,80,,207000,1872.72431231411,,520,,1,0,0,1980-04-25,0.009046977354174444,0.0,0.0
vuelta-a-espana/1996/stage-5,Vuelta a España,80,,208000,1247.0,,988,,1,0,0,1996-09-11,0.005995192307692307,0.0,5.963089933787815
tour-de-romandie/2014/stage-5,Tour de Romandie,50,6,18500,231.0,2,847,,1,0,0,2014-05-04,0.012486486486486486,130.0,67.2112459219208
dauphine/2021/stage-7,Critérium du Dauphiné,50,60,171100,4163.0,5,790,,1,0,0,2021-06-05,0.024330800701344243,1107.0,659.8689569011833
vuelta-a-espana/2000/stage-5,Vuelta a España,80,,152000,1113.0,,981,,1,0,0,2000-08-30,0.007322368421052631,274.0,465.027479223512
giro-d-italia/2007/stage-12,Giro d'Italia,80,,163000,3864.0,4,844,,1,0,0,2007-05-24,0.02370552147239264,1352.0,658.0454236675246
tour-de-france/1988/stage-17,Tour de France,100,,210000,1155.0,1,1941,,1,0,0,1988-07-19,0.0055,0.0,64.15622853187666
volta-a-catalunya/1970/stage-2,Volta Ciclista a Catalunya,50,,173700,674.3349809876102,,570,,1,0,0,1970-09-11,0.0038821818134001738,42.0,12.699004129550984
vuelta-a-espana/2016/stage-3,Vuelta a España,80,100,176400,2983.0,3,821,,1,0,0,2016-08-22,0.016910430839002268,430.0,367.1680554863765
giro-d-italia/1991/stage-16,Giro d'Italia,80,,220000,1251.1973242323822,,908,,1,0,0,1991-06-11,0.005687260564692646,13.5,18.44059531456497
paris-roubaix/1989/result,Paris - Roubaix,275,,265000,1805.2854075788005,,454,,0,0,0,1989-04-09,0.006812397764448304,770.0,527.9118823381269
tour-de-france/2018/stage-19,Tour de France,100,120,200500,5046.0,4,1689,,1,0,0,2018-07-27,0.02516708229426434,1925.0,741.3021287935479
tour-de-france/1985/stage-5,Tour de France,100,,224000,1898.0,1,1470,,1,0,0,1985-07-03,0.008473214285714285,134.0,416.9441430251913
tirreno-adriatico/1984/stage-6,Tirreno-Adriatico,50,,12500,66.39725846252486,,541,,1,0,0,1984-03-14,0.005311780677001989,21.0,10.31346920579218
dwars-door-vlaanderen/2005/result,Dwars door Vlaanderen,75,,202000,3934.6971530266073,2,335,,0,0,0,2005-03-23,0.019478698777359443,64.0,26.650762801367186
amstel-gold-race/1991/result,Amstel Gold Race,225,,244000,3438.15977623119,,1254,,0,0,0,1991-04-27,0.01409081875504586,16.0,205.57276052516374
giro-d-italia/1995/stage-20,Giro d'Italia,80,,208000,1272.0544350942596,,1365,,1,0,0,1995-06-02,0.006115646322568556,26.0,119.69807411720717
vuelta-a-espana/1986/stage-1,Vuelta a España,80,,190000,2407.0,,843,,1,0,0,1986-04-23,0.012668421052631579,153.0,15.534796326544372
giro-d-italia/1993/stage-15,Giro d'Italia,80,,263000,2175.0664496225418,,1089,,1,0,0,1993-06-07,0.008270214637348068,48.0,16.740171245639434
giro-d-italia/1997/stage-10,Giro d'Italia,80,,189000,3605.0142511361983,,792,,1,0,0,1997-05-26,0.019074149476911103,0.0,45.83562344879154
tour-de-france/2011/stage-4,Tour de France,100,20,172500,2250.0,3,1713,,1,0,0,2011-07-05,0.013043478260869565,115.0,159.04324397544036
tirreno-adriatico/1991/stage-8,Tirreno-Adriatico,50,,18300,169.8974313148301,,710,,1,0,0,1991-03-20,0.009284012640154651,21.0,12.606876430477666
tour-de-france/2023/stage-1,Tour de France,100,210,182000,3221.0,3,1584,23,1,0,0,2023-07-01,0.017697802197802197,582.0,393.8011731909494
giro-d-italia/2000/prologue,Giro d'Italia,80,,4600,26.0,1,866,,1,0,0,2000-05-13,0.005652173913043478,22.0,9.692659554391458
dauphine/2008/stage-2,Critérium du Dauphiné Libéré,50,,194000,1544.90042728124,,644,,1,0,0,2008-06-09,0.007963404264336288,6.0,53.85022533429726
vuelta-a-espana/2021/stage-12,La Vuelta ciclista a España,80,100,175000,2018.0,2,1023,35,1,0,0,2021-08-26,0.011531428571428571,552.0,428.98239772080274
giro-d-italia/2011/stage-14,Giro d'Italia,80,16,172000,4170.0,5,891,,1,0,0,2011-05-21,0.02424418604651163,934.0,371.14258006254414
amstel-gold-race/1989/result,Amstel Gold Race,225,,242000,3387.299600042163,,1061,,0,0,0,1989-04-22,0.013997105785298194,114.0,265.58811269334933
tour-de-suisse/2014/stage-2,Tour de Suisse,50,,181800,4008.0,4,944,,1,0,0,2014-06-15,0.022046204620462046,172.5,503.86264243684406
tour-de-france/2012/stage-10,Tour de France,100,20,194500,3350.0,4,1703,,1,0,0,2012-07-11,0.017223650385604115,2191.0,2106.587172916579
tour-de-france/1992/stage-9,Tour de France,100,,65000,880.0,2,2047,,1,0,0,1992-07-13,0.01353846153846154,610.0,196.31090520422646
tour-de-suisse/2006/stage-3,Tour de Suisse,50,,189500,2695.8420589158954,,972,,1,0,0,2006-06-12,0.014226079466574646,298.0,350.24892000246183
vuelta-a-espana/1990/stage-18,Vuelta a España,80,,178000,4000.0,,807,,1,0,0,1990-05-11,0.02247191011235955,60.0,41.59641135853545
tour-de-romandie/2021/stage-1,Tour de Romandie,50,60,168100,1981.0,2,560,,1,0,0,2021-04-28,0.011784651992861392,0.0,262.49501874515676
tour-de-france/1978/stage-1b,Tour de France,100,,100000,398.0,1,1241,,1,0,0,1978-06-30,0.00398,0.0,0.0
e3-harelbeke/1974/result,E3-Prijs Harelbeke,125,,226000,1306.1152250265175,,433,,0,0,0,1974-03-23,0.00577927090719698,8.0,4.131182235954578
vuelta-a-espana/2004/stage-9,Vuelta a España,80,,162000,3954.0,5,1177,,1,0,0,2004-09-12,0.02440740740740741,836.0,616.7883509105401
paris-nice/2022/stage-2,Paris - Nice,50,60,159200,706.9999999999998,1,1182,,1,0,0,2022-03-07,0.004440954773869345,89.0,220.5322636749632
giro-d-italia/2018/stage-5,Giro d'Italia,80,100,153000,2237.0,3,838,,1,0,0,2018-05-09,0.014620915032679739,184.0,220.08655084143857
tirreno-adriatico/1998/stage-3,Tirreno-Adriatico,50,,167000,1765.6235532069186,,769,,1,0,0,1998-03-13,0.010572596126987537,0.0,10.593201516413579
vuelta-a-espana/2006/stage-13,Vuelta a España,80,,180000,2541.0,2,1026,,1,0,0,2006-09-08,0.014116666666666666,111.0,199.55727231622026
e3-harelbeke/1982/result,E3-Prijs Harelbeke,125,,223000,1309.1650688108687,,328,,0,0,0,1982-03-27,0.0058706953758334915,0.0,0.0
dauphine/1984/stage-4,Critérium du Dauphiné Libéré,50,,192000,1098.683320669272,,529,,1,0,0,1984-06-01,0.005722308961819125,189.0,89.63992296668758
tirreno-adriatico/2017/stage-6,Tirreno-Adriatico,50,60,168000,2063.0,2,1036,,1,0,0,2017-03-13,0.012279761904761904,17.0,149.0255581740704
tour-de-france/1991/stage-11,Tour de France,100,,246000,2402.0,1,1933,,1,0,0,1991-07-16,0.009764227642276423,12.0,203.42060646200366
tour-de-suisse/2011/stage-4,Tour de Suisse,50,6,198400,2012.1932109043105,,972,,1,0,0,2011-06-14,0.010142102877541888,8.0,154.90085668281347
giro-d-italia/1990/stage-1,Giro d'Italia,80,,13000,92.02087758633797,,1061,,1,0,0,1990-05-18,0.0070785290451029215,21.5,10.03826014141229
paris-nice/1992/stage-1,Paris - Nice,50,,180000,2711.312542759773,,877,,1,0,0,1992-03-09,0.015062847459776516,0.0,0.0
giro-d-italia/1992/prologue,Giro d'Italia,80,,8000,70.0,,953,,1,0,0,1992-05-24,0.00875,14.0,5.656854249492381
volta-a-catalunya/2010/stage-3,Volta Ciclista a Catalunya,50,6,185900,3428.756903238699,,722,,1,0,0,2010-03-24,0.018444093078207095,953.0,629.0808113552044
tirreno-adriatico/2006/stage-6,Tirreno-Adriatico,30,,182000,2018.51040088712,2,1210,,1,0,0,2006-03-13,0.01109071648839077,116.0,283.25899449573757
e3-harelbeke/1979/result,E3-Prijs Harelbeke,125,,226000,1554.1341375905154,,434,,0,0,0,1979-03-24,0.006876699723851838,332.0,121.50503703951546
giro-d-italia/1993/stage-6,Giro d'Italia,80,,130000,825.177730447177,,1089,,1,0,0,1993-05-28,0.006347521003439823,0.0,0.0
tour-de-france/1981/stage-3,Tour de France,100,,232000,1568.0,1,1362,,1,0,0,1981-06-28,0.006758620689655172,0.0,43.60090148194886
giro-d-italia/2005/stage-14,Giro d'Italia,80,,210000,5889.0,4,929,,1,0,0,2005-05-22,0.028042857142857144,2500.0,898.2746877754357
tour-de-romandie/1983/prologue,Tour de Romandie,50,,6900,82.24782616243192,,478,,1,0,0,1983-05-03,0.011919974806149553,4.0,2.8284271247461903
giro-d-italia/2018/stage-9,Giro d'Italia,80,100,225000,4034.0,5,838,,1,0,0,2018-05-13,0.01792888888888889,1338.0,677.4293614315085
giro-d-italia/2009/stage-2,Giro d'Italia,80,,156000,646.0,1,975,,1,0,0,2009-05-10,0.004141025641025641,13.0,50.84183047593067
milano-sanremo/1998/result,Milano-Sanremo,275,,294000,3145.5989146824204,,1608,,0,0,0,1998-03-21,0.010699316036334764,391.0,294.89902536719023
e3-harelbeke/1994/result,E3-Prijs Harelbeke,125,,206000,1813.2706432441644,,505,,0,0,0,1994-03-26,0.008802284675942545,10.0,359.04133671880027
vuelta-a-espana/2022/stage-4,La Vuelta ciclista a España,80,100,152500,2319.0,3,968,28,1,0,0,2022-08-23,0.01520655737704918,358.0,446.9215864111131
tour-de-suisse/1989/stage-8,Tour de Suisse,50,,200000,1510.6901972823098,,604,,1,0,0,1989-06-21,0.0075534509864115485,50.0,79.60988213364804
giro-d-italia/1999/stage-11,Giro d'Italia,80,,125000,759.8523309355278,,1057,,1,0,0,1999-05-25,0.006078818647484222,0.0,38.05680309009033
tour-de-france/1993/stage-18,Tour de France,100,,199500,1215.0,1,1804,,1,0,0,1993-07-23,0.006090225563909774,292.0,105.44912969886647
tour-de-france/2022/stage-17,Tour de France,100,120,129700,3364.0,5,1551,23,1,0,0,2022-07-20,0.025936777178103314,1508.0,565.3688548759384
vuelta-a-espana/1998/stage-19,Vuelta a España,80,,170400,2417.0,,1309,,1,0,0,1998-09-24,0.014184272300469484,545.0,503.07945106775026
vuelta-a-espana/1997/stage-12,Vuelta a España,80,,147000,2454.0,,1165,,1,0,0,1997-09-18,0.01669387755102041,844.5,472.7719325308415
paris-nice/2011/stage-1,Paris - Nice,50,6,154500,1212.0,1,1038,,1,0,0,2011-03-06,0.007844660194174758,0.0,116.8916885997931
giro-d-italia/1999/stage-18,Giro d'Italia,80,,45000,391.24429215320833,,1057,,1,0,0,1999-06-02,0.00869431760340463,332.0,126.55288042721342
tour-de-france/1995/stage-6,Tour de France,100,,191000,1310.0,1,1871,,1,0,0,1995-07-07,0.006858638743455497,6.0,66.93004076486824
giro-d-italia/1998/stage-20,Giro d'Italia,80,,143000,2540.107535430028,,923,,1,0,0,1998-06-05,0.017762989758251944,440.0,179.22941506260685
giro-d-italia/1997/stage-15,Giro d'Italia,80,,173000,3006.0560810993,,792,,1,0,0,1997-06-01,0.01737604671155665,50.0,56.681380958551294
tour-de-france/2008/stage-17,Tour de France,100,,210500,5405.0,5,1520,,1,0,0,2008-07-23,0.025676959619952495,1685.0,780.2934044554158
world-championship/2004/result,World Championships ME - Road Race,350,,265500,4005.0,,1247,,0,0,0,2004-10-03,0.015084745762711864,266.0,180.3219422827331
tour-de-france/2023/stage-10,Tour de France,100,210,167200,3151.0,2,1584,30,1,0,0,2023-07-11,0.018845693779904304,656.0,565.6566141967749
tour-de-france/2016/stage-18,Tour de France,100,120,17000,676.0,5,1758,,1,0,0,2016-07-21,0.03976470588235294,224.0,88.48420433643436
dwars-door-vlaanderen/1979/result,Dwars door België / À travers la Belgique,75,,198000,4261.61841065059,,228,,0,0,0,1979-03-25,0.02152332530631611,104.0,65.85843403341241
tour-de-romandie/1997/stage-4,Tour de Romandie,50,,149400,2201.4663310636706,,922,,1,0,0,1997-05-10,0.014735383742059375,92.5,151.01103712422258
paris-nice/1982/stage-2,Paris - Nice,50,,214500,2878.814165245595,,721,,1,0,0,1982-03-13,0.013421045059420024,23.0,10.42504575277099
tirreno-adriatico/1999/stage-7,Tirreno-Adriatico,50,,160000,1404.303751580055,,1150,,1,0,0,1999-03-16,0.008776898447375343,0.0,84.91738452874638
vuelta-a-espana/1984/stage-3,Vuelta a España,80,,204000,1683.483350798644,,747,,1,0,0,1984-04-20,0.00825236936666002,0.0,0.0
tour-de-romandie/1993/stage-4b,Tour de Romandie,50,,14500,178.40385902388834,,551,,1,0,0,1993-05-08,0.012303714415440575,34.0,20.40043572519415
tour-de-france/2014/stage-2,Tour de France,100,20,201000,3347.0,2,1612,,1,0,0,2014-07-06,0.01665174129353234,631.0,442.5597028729705
tour-de-france/2015/stage-7,Tour de France,100,20,190500,1694.0,1,1812,,1,0,0,2015-07-10,0.00889238845144357,0.0,37.54590215939032
vuelta-a-espana/2004/stage-4,Vuelta a España,80,,167000,797.0,1,1177,,1,0,0,2004-09-07,0.00477245508982036,0.0,0.0
tour-de-suisse/2022/stage-5,Tour de Suisse,50,60,190100,2610.0,3,767,31,1,0,0,2022-06-16,0.013729615991583377,966.0,660.6436413011809
vuelta-a-espana/2015/stage-9,Vuelta a España,80,16,168300,2044.0,3,1115,,1,0,0,2015-08-30,0.012144979203802734,610.0,408.79794351846147
vuelta-a-espana/2015/stage-8,Vuelta a España,80,16,182500,1386.0,2,1115,,1,0,0,2015-08-29,0.007594520547945205,593.0,352.0933358553074
itzulia-basque-country/2021/stage-3,Itzulia Basque Country,50,50,167700,2591.0,3,936,,1,0,0,2021-04-07,0.015450208706022659,380.0,275.5720832359588
tour-de-france/2016/stage-11,Tour de France,100,120,162500,1381.0,2,1758,,1,0,0,2016-07-13,0.008498461538461538,95.0,144.35398372303516
world-championship/1981/result,World Championships - Road Race,350,,281400,3251.5033438980145,,1485,,0,0,0,1981-08-30,0.011554738251236726,618.0,402.10343524306165
paris-nice/1997/prologue,Paris - Nice,50,,7100,77.6440415597458,,779,,1,0,0,1997-03-09,0.010935780501372647,18.0,6.75134395222835
tour-de-suisse/2004/stage-2,Tour de Suisse,50,,169900,2059.3914579895572,,676,,1,0,0,2004-06-13,0.012121197516124527,0.0,128.43325344065573
paris-nice/1994/stage-6,Paris - Nice,50,,195000,2592.631930848548,,900,,1,0,0,1994-03-11,0.013295548363325888,0.0,0.0
tirreno-adriatico/2006/stage-3,Tirreno-Adriatico,50,,183000,2387.15708850633,3,1210,,1,0,0,2006-03-10,0.013044574254132952,127.0,338.6035563074137
volta-a-catalunya/2018/stage-5,Volta Ciclista a Catalunya,50,50,212900,3681.0,4,659,,1,0,0,2018-03-23,0.017289807421324566,14.0,289.1953783238038
tour-de-france/2011/stage-20,Tour de France,100,20,42500,709.0,2,1713,,1,0,0,2011-07-23,0.01668235294117647,346.5,122.89135694892771
tour-de-france/1986/stage-21,Tour de France,100,,190000,4219.0,5,1872,,1,0,0,1986-07-25,0.02220526315789474,499.0,146.4554242844435
itzulia-basque-country/2017/stage-5,Vuelta al País Vasco,50,50,139800,2769.0,5,811,,1,0,0,2017-04-07,0.0198068669527897,539.0,330.5079114343515
tour-de-france/2005/stage-9,Tour de France,100,,171000,2805.0,4,1535,,1,0,0,2005-07-10,0.016403508771929826,364.0,377.08071895052706
giro-d-italia/1995/stage-14,Giro d'Italia,80,,233000,1118.4008105743612,,1365,,1,0,0,1995-05-27,0.004800003478859919,122.0,39.801730838969526
milano-sanremo/2016/result,Milano-Sanremo,275,500,293000,2233.0,2,1080,,0,0,0,2016-03-19,0.007621160409556314,163.0,371.7362476279582
tirreno-adriatico/1999/stage-2,Tirreno-Adriatico,50,,178000,1873.8987731498482,,1150,,1,0,0,1999-03-11,0.010527521197471058,0.0,41.51896388291734
giro-d-italia/1998/stage-7,Giro d'Italia,80,,235000,2966.000254035463,,923,,1,0,0,1998-05-23,0.012621277676746652,0.0,250.84907888385402
vuelta-a-espana/2021/stage-1,La Vuelta ciclista a España,80,100,7100,87.0,2,1023,,1,0,0,2021-08-14,0.012253521126760564,40.5,20.73615205144603
vuelta-a-espana/1998/stage-20,Vuelta a España,80,,209000,3963.0,,1309,,1,0,0,1998-09-25,0.018961722488038277,1815.0,663.7545912969782
vuelta-a-espana/2007/stage-6,Vuelta a España,80,,184300,1570.0,1,995,,1,0,0,2007-09-06,0.008518719479110147,0.0,175.87302354719603
giro-d-italia/2016/stage-20,Giro d'Italia,80,100,134000,4500.0,5,933,,1,0,0,2016-05-28,0.033582089552238806,2657.0,870.7248194982857
vuelta-a-espana/2002/stage-9,Vuelta a España,80,,130200,1330.0,2,1084,,1,0,0,2002-09-15,0.01021505376344086,761.0,444.6661829038998
dauphine/1992/stage-6,Critérium du Dauphiné Libéré,50,,204000,1917.3162581427252,,492,,1,0,0,1992-06-06,0.00939860910854277,6.0,12.51110617722421
e3-harelbeke/1988/result,E3-Prijs Harelbeke,125,,231000,1307.6013835862,,262,,0,0,0,1988-03-26,0.00566061205015671,20.0,6.342646661029343
giro-d-italia/2009/stage-15,Giro d'Italia,80,,159000,3104.0,2,975,,1,0,0,2009-05-24,0.01952201257861635,1368.0,475.058673716964
tour-de-suisse/1992/stage-5,Tour de Suisse,50,,237000,2502.5994776994735,,533,,1,0,0,1992-06-21,0.010559491467086386,0.0,0.0
vuelta-a-espana/2014/stage-2,Vuelta a España,80,16,174400,1308.0,1,1175,,1,0,0,2014-08-24,0.0075,0.0,37.21311290301475
giro-d-italia/1995/stage-7,Giro d'Italia,80,,216000,1104.0448993473487,,1365,,1,0,0,1995-05-19,0.005111318978459948,5.0,2.3944379994757297
giro-d-italia/1998/stage-11,Giro d'Italia,80,,214000,2969.2403941362572,,923,,1,0,0,1998-05-27,0.013874955112786249,293.0,362.5510118632832
tour-de-france/2017/stage-16,Tour de France,100,120,165000,2033.0,1,1791,,1,0,0,2017-07-18,0.012321212121212122,171.0,408.74230225392967
milano-sanremo/2003/result,Milano-Sanremo,275,,297000,2196.5385124788986,,1216,,0,0,0,2003-03-22,0.007395752567269019,108.0,293.6559401881677
tour-de-france/2003/stage-8,Tour de France,100,,219000,5500.0,5,1688,,1,0,0,2003-07-13,0.02511415525114155,1901.0,874.1762314259855
tour-de-france/1997/stage-11,Tour de France,100,,192000,3000.0,2,1994,,1,0,0,1997-07-16,0.015625,18.0,307.31026057741326
ronde-van-vlaanderen/1993/result,Ronde van Vlaanderen / Tour des Flandres,275,,263000,2318.9245767066436,,918,,0,0,0,1993-04-04,0.008817203713713475,298.0,285.2308524252903
tour-de-france/1985/stage-15,Tour de France,100,,237500,4000.0,4,1470,,1,0,0,1985-07-14,0.016842105263157894,1081.0,376.77670857368605
dauphine/2008/stage-7,Critérium du Dauphiné Libéré,50,,233000,4200.555712502872,,644,,1,0,0,2008-06-14,0.01802813610516254,1235.0,838.7461370122314
volta-a-catalunya/1997/stage-8,Volta Ciclista a Catalunya,50,,186600,3760.7509137620773,,419,,1,0,0,1997-06-26,0.02015407778007544,3.0,1.2649110640673518
tour-de-suisse/1985/stage-1,Tour de Suisse,50,,6500,35.6876202383869,,699,,1,0,0,1985-06-11,0.005490403113597985,4.0,3.366501646120693
giro-d-italia/2005/stage-15,Giro d'Italia,80,,154000,950.0,1,929,,1,0,0,2005-05-23,0.006168831168831169,0.0,26.225304910926706
tirreno-adriatico/2012/stage-6,Tirreno-Adriatico,50,6,181000,3273.0,3,1188,,1,0,0,2012-03-12,0.018082872928176796,159.0,386.9159084487584
vuelta-a-espana/2010/stage-14,Vuelta a España,80,16,178800,3248.0,5,1123,,1,0,0,2010-09-11,0.018165548098434004,768.0,475.2259397311507
dauphine/1975/stage-5,Critérium du Dauphiné Libéré,50,,216000,3180.8739703900424,,889,,1,0,0,1975-06-07,0.01472626838143538,396.0,443.0326144155726
dwars-door-vlaanderen/1995/result,Dwars door België / À travers la Belgique,75,,210000,3792.7409889755927,,339,,0,0,0,1995-03-22,0.018060671376074252,0.0,0.0
tour-de-france/2017/stage-4,Tour de France,100,120,207500,1404.0,1,1791,,1,0,0,2017-07-04,0.006766265060240964,0.0,88.41831034139331
giro-d-italia/2020/stage-10,Giro d'Italia,80,100,177000,2057.0,2,765,,1,0,0,2020-10-13,0.011621468926553672,951.0,464.5392337517591
vuelta-a-espana/1990/stage-14,Vuelta a España,80,,207000,3000.0,,807,,1,0,0,1990-05-07,0.014492753623188406,0.0,0.0
volta-a-catalunya/2013/stage-5,Volta Ciclista a Catalunya,50,6,156500,1344.0,4,811,,1,0,0,2013-03-22,0.008587859424920128,9.0,7.468756315806638
vuelta-a-espana/2015/stage-3,Vuelta a España,80,16,158400,2613.0,2,1115,,1,0,0,2015-08-24,0.01649621212121212,0.0,291.3466766461558
tour-de-france/1982/stage-16,Tour de France,100,,123000,3000.0,5,1492,,1,0,0,1982-07-20,0.024390243902439025,574.0,333.0832204417075
volta-a-catalunya/2000/stage-6,Volta a Catalunya,50,,164000,1925.6221997379955,,697,,1,0,0,2000-06-20,0.011741598778890217,137.0,409.23805437485265
milano-sanremo/2011/result,Milano-Sanremo,275,,298000,2380.0,2,1235,,0,0,0,2011-03-19,0.007986577181208054,323.0,333.62395635123016
vuelta-a-espana/2013/stage-10,Vuelta a España,80,16,178000,3755.0,5,1128,,1,0,0,2013-09-02,0.021095505617977527,1227.0,574.473160078804
vuelta-a-espana/2000/stage-6,Vuelta a España,80,,155500,794.0,,981,,1,0,0,2000-08-31,0.005106109324758842,44.0,60.83168320823038
tour-de-romandie/1997/stage-2,Tour de Romandie,50,,172700,2500.0310991809856,,922,,1,0,0,1997-05-08,0.014476149966305649,0.0,0.0
tour-de-suisse/1987/stage-8,Tour de Suisse,50,,253500,2606.7398220971104,,673,,1,0,0,1987-06-23,0.010282997325826866,48.0,35.14459925995539
itzulia-basque-country/1984/stage-3,Vuelta Ciclista al País Vasco,50,,197000,1879.9361729331147,,484,,1,0,0,1984-04-04,0.00954282321285845,54.0,28.637097152702705
giro-d-italia/2009/stage-3,Giro d'Italia,80,,198000,1155.0,3,975,,1,0,0,2009-05-11,0.005833333333333334,85.0,187.86936661933885
dwars-door-vlaanderen/2012/result,Dwars door Vlaanderen,75,,199500,2334.326249977252,2,504,,0,0,0,2012-03-21,0.01170088345853259,186.0,44.40741902507808
dwars-door-vlaanderen/2014/result,Dwars door Vlaanderen / A travers la Flandre,125,,201000,1760.3764864464727,2,451,,0,0,0,2014-03-26,0.008758091972370511,272.0,289.0870828315494
vuelta-a-espana/2007/stage-4,Vuelta a España,80,,185100,3119.0,5,995,,1,0,0,2007-09-04,0.016850351161534306,814.0,415.8079291692824
vuelta-a-espana/2006/stage-10,Vuelta a España,80,,199300,2355.0,3,1026,,1,0,0,2006-09-05,0.011816357250376316,234.0,147.41844052487608
tour-de-suisse/1998/stage-7,Tour de Suisse,50,,180000,2101.3595529215886,,971,,1,0,0,1998-06-23,0.01167421973845327,16.0,155.8868169403187
tour-de-romandie/2004/stage-2,Tour de Romandie,50,,156200,2556.420181791548,,507,,1,0,0,2004-04-29,0.01636632638791004,128.0,404.12197113779513
giro-d-italia/1997/stage-4,Giro d'Italia,80,,156000,1981.9874242066235,,792,,1,0,0,1997-05-20,0.0127050475910681,0.0,0.0
tour-de-suisse/1992/stage-9,Tour de Suisse,50,,155000,639.0869158450391,,533,,1,0,0,1992-06-25,0.00412314139254864,74.0,34.03331700946393
vuelta-a-espana/2016/stage-5,Vuelta a España,80,100,171300,2467.0,2,821,,1,0,0,2016-08-24,0.014401634559252773,0.0,135.50220269194742
vuelta-a-espana/1998/stage-1,Vuelta a España,80,,162000,1117.0,,1309,,1,0,0,1998-09-05,0.006895061728395061,497.0,404.9489105676116
paris-roubaix/1992/result,Paris - Roubaix,275,,267500,2324.8861893324865,,695,,0,0,0,1992-04-12,0.008691163324607426,224.0,402.65425448112404
tour-de-france/2018/stage-11,Tour de France,100,120,108500,4093.0,5,1689,,1,0,0,2018-07-18,0.03772350230414746,1478.0,566.0089485964903
tour-de-france/1990/stage-11,Tour de France,100,,182500,4877.0,5,1959,,1,0,0,1990-07-11,0.026723287671232877,1498.0,672.7549848384945
giro-d-italia/1996/stage-2,Giro d'Italia,80,,235000,2601.2097738856814,,1034,,1,0,0,1996-05-19,0.011068977761215666,0.0,255.41714638473263
tour-de-romandie/2000/stage-4,Tour de Romandie,50,,160000,2887.5946022605817,,764,,1,0,0,2000-05-06,0.018047466264128637,808.0,481.72705790814746
vuelta-a-espana/2004/stage-19,Vuelta a España,80,,142000,2608.0,2,1177,,1,0,0,2004-09-24,0.018366197183098593,385.0,243.43952319371746
world-championship/2006/result,World Championships ME - Road Race,350,,265800,2925.0,,1259,,0,0,0,2006-09-24,0.01100451467268623,113.0,181.19324917994902
volta-a-catalunya/1998/stage-6,Volta Ciclista a Catalunya,50,,180400,2778.2822898156132,,859,,1,0,0,1998-06-23,0.01540067788146127,622.0,453.58709894204145
tour-de-romandie/1988/stage-3,Tour de Romandie,50,,197200,3347.5847145412267,,439,,1,0,0,1988-05-13,0.0169755817167405,0.0,0.0
e3-harelbeke/2000/result,E3-Prijs Harelbeke,125,,209000,3149.314787870706,2,824,,0,0,0,2000-03-25,0.015068491807993809,1202.0,466.4561545211388
vuelta-a-espana/2015/stage-10,Vuelta a España,80,16,146600,1520.0,2,1115,,1,0,0,2015-08-31,0.010368349249658937,458.0,304.518025711414
itzulia-basque-country/2001/stage-1,Vuelta al País Vasco,50,,118000,1680.977455077791,,898,,1,0,0,2001-04-09,0.01424557165320162,40.0,138.13592781998793
tirreno-adriatico/2023/stage-5,Tirreno-Adriatico,50,60,165600,3682.0,5,1044,16,1,0,0,2023-03-10,0.022234299516908213,1109.0,563.7814236702728
liege-bastogne-liege/1996/result,Liège - Bastogne - Liège,275,,263000,2186.5170622722376,,771,,0,0,0,1996-04-21,0.008313753088487596,442.0,344.4808782381079
tour-de-france/2012/stage-2,Tour de France,100,20,207500,1509.0,1,1703,,1,0,0,2012-07-02,0.007272289156626506,0.0,52.40025665077858
dauphine/1989/stage-2,Critérium du Dauphiné Libéré,50,,186000,1163.7197288542384,,603,,1,0,0,1989-05-31,0.006256557682012034,17.0,3.9000674757995495
giro-d-italia/2020/stage-8,Giro d'Italia,80,100,200000,2197.0,2,765,,1,0,0,2020-10-10,0.010985,836.0,153.907373884505
tour-de-france/2014/stage-4,Tour de France,100,20,163500,1118.0,1,1612,,1,0,0,2014-07-08,0.006837920489296636,0.0,115.1321395909789
vuelta-a-espana/1990/stage-21,Vuelta a España,80,,188000,4695.0,,807,,1,0,0,1990-05-14,0.02497340425531915,4.0,31.175269620284535
dauphine/1994/stage-6,Critérium du Dauphiné Libéré,50,,203000,4033.677535282419,,362,,1,0,0,1994-06-05,0.01987033268612029,0.0,0.0
liege-bastogne-liege/1985/result,Liège - Bastogne - Liège,275,,244700,3887.0244022378392,,978,,0,0,0,1985-04-21,0.015884856568197138,179.0,399.0665813498785
tour-de-romandie/2004/stage-1,Tour de Romandie,50,,175200,1226.1831122883304,,507,,1,0,0,2004-04-28,0.006998762056440243,0.0,126.41923945245678
vuelta-a-espana/1987/stage-3,Vuelta a España,80,,34800,314.0,,838,,1,0,0,1987-04-26,0.009022988505747126,36.0,23.003381393950665
tour-de-france/1981/stage-11,Tour de France,100,,246000,1790.0,1,1362,,1,0,0,1981-07-07,0.007276422764227642,305.0,549.7343456318591
tirreno-adriatico/1996/stage-8,Tirreno-Adriatico,50,,159000,908.2899617721421,,585,,1,0,0,1996-03-20,0.0057125154828436605,0.0,0.0
itzulia-basque-country/2017/stage-4,Vuelta al País Vasco,50,50,174100,2668.0,4,811,,1,0,0,2017-04-06,0.015324526134405514,260.0,277.3830495260725
tour-de-romandie/2022/stage-5,Tour de Romandie,50,60,15840,884.0,5,508,,1,0,0,2022-05-01,0.05580808080808081,223.5,113.78553006236872
tirreno-adriatico/1988/stage-4,Tirreno-Adriatico,50,,228000,3580.770962283587,,724,,1,0,0,1988-03-14,0.015705135799489418,0.0,0.0
tour-de-france/2023/stage-20,Tour de France,100,210,133500,3471.0,4,1584,22,1,0,0,2023-07-22,0.026,1239.0,622.7972476120215
dauphine/1984/stage-1a,Critérium du Dauphiné Libéré,50,,102000,1747.187921658433,,529,,1,0,0,1984-05-29,0.01712929334959248,49.0,10.446835101424911
paris-nice/1983/stage-4,Paris - Nice,50,,186000,2530.871689888586,,658,,1,0,0,1983-03-13,0.013606837042411753,0.0,159.3090637025332
tour-de-suisse/1975/stage-7,Tour de Suisse,50,,168000,607.0150032366698,,549,,1,0,0,1975-06-18,0.0036131845430754156,201.0,81.63250986381998
giro-d-italia/1997/stage-19,Giro d'Italia,80,,222000,3486.1982508219853,,792,,1,0,0,1997-06-05,0.01570359572442336,243.0,98.07809723834745
vuelta-a-espana/1982/stage-15b,Vuelta a España,80,,35000,471.26292831855494,,523,,1,0,0,1982-05-05,0.013464655094815856,219.5,98.2302037276653
tour-de-france/2017/stage-18,Tour de France,100,120,179500,4059.0,5,1791,,1,0,0,2017-07-20,0.022612813370473536,1182.0,622.2960134399974
tour-de-france/1979/stage-6,Tour de France,100,,239000,1974.0,2,1381,,1,0,0,1979-07-03,0.008259414225941423,1.0,142.64333321032004
dauphine/2013/stage-4,Critérium du Dauphiné,50,6,32500,152.0,1,985,,1,0,0,2013-06-05,0.004676923076923077,245.5,85.42407770538459
tour-de-suisse/1991/prologue,Tour de Suisse,50,,1700,40.27047359021935,,796,,1,0,0,1991-06-18,0.02368851387659962,3.0,2.3664319132398464
paris-nice/2007/prologue,Paris - Nice,50,,4700,57.6524372855215,1,823,,1,0,0,2007-03-11,0.012266476018196065,18.0,8.991695592191803
tour-de-france/2014/stage-11,Tour de France,100,20,187500,2711.0,2,1612,,1,0,0,2014-07-16,0.014458666666666667,582.0,521.7343123416931
tour-de-romandie/1977/stage-2,Tour de Romandie,50,,181100,1133.9090025176192,,489,,1,0,0,1977-05-12,0.006261231377789173,158.0,86.54016408581624
vuelta-a-espana/2005/stage-21,Vuelta a España,80,,136500,1349.0,1,960,,1,0,0,2005-09-18,0.009882783882783883,4.0,54.81845361867532
milano-sanremo/1985/result,Milano-Sanremo,275,,294000,2192.661539141331,2,1233,,0,0,0,1985-03-16,0.007458032446058949,11.0,139.84093754699745
world-championship/2003/result,World Championships ME - Road Race,350,,260400,4566.0,,1249,,0,0,0,2003-10-12,0.017534562211981568,26.0,238.67886306164542
tour-de-france/1993/stage-17,Tour de France,100,,189500,4000.0,4,1804,,1,0,0,1993-07-22,0.021108179419525065,1133.0,563.625232366253
amstel-gold-race/2019/result,Amstel Gold Race,225,500,265700,3536.0,2,1020,,0,0,0,2019-04-21,0.013308242378622506,259.0,269.293209363688
tour-de-suisse/1994/stage-8,Tour de Suisse,50,,193500,1299.7423272847755,,616,,1,0,0,1994-06-22,0.006717014611290829,49.5,29.26905836848493
tour-de-france/1979/stage-22,Tour de France,100,,189000,2360.0,2,1381,,1,0,0,1979-07-20,0.012486772486772487,49.0,107.54068474956115
vuelta-a-espana/2022/stage-13,La Vuelta ciclista a España,80,100,168400,1766.0,1,968,31,1,0,0,2022-09-02,0.010486935866983373,42.0,99.26151747064273
tour-de-suisse/2015/prologue,Tour de Suisse,50,6,5100,24.0,1,1048,,1,0,0,2015-06-13,0.004705882352941176,22.0,10.186880711549861
giro-d-italia/2004/prologue,Giro d'Italia,80,,6900,112.0,1,621,,1,0,0,2004-05-08,0.016231884057971015,53.0,16.36776926858907
tour-de-france/1989/stage-5,Tour de France,100,,73000,785.0,3,1849,,1,0,0,1989-07-06,0.010753424657534247,520.0,191.368047344569
paris-nice/2022/stage-1,Paris - Nice,50,60,159800,1723.0,1,1182,,1,0,0,2022-03-06,0.010782227784730914,124.0,151.21216872011408
tour-de-romandie/2021/stage-2,Tour de Romandie,50,60,165700,3305.0,4,560,,1,0,0,2021-04-29,0.019945684972842485,229.0,394.40698465324
tour-de-france/2023/stage-7,Tour de France,100,210,169900,808.0,1,1584,32,1,0,0,2023-07-07,0.004755738669805768,0.0,83.81057874931491
vuelta-a-espana/2000/stage-17,Vuelta a España,80,,155500,631.9999999999998,1,981,,1,0,0,2000-09-13,0.004064308681672024,57.0,95.57049148755243
liege-bastogne-liege/2006/result,Liège - Bastogne - Liège,275,,262000,4275.059021516313,,1229,,0,0,0,2006-04-23,0.016317019166092798,660.0,365.83030758396075
vuelta-a-espana/2021/stage-8,La Vuelta ciclista a España,80,100,173700,923.0,1,1023,,1,0,0,2021-08-21,0.0053137593552101325,0.0,85.8010307638047
vuelta-a-espana/1999/stage-14,Vuelta a España,80,,94400,1786.0,,1342,,1,0,0,1999-09-19,0.01891949152542373,112.0,79.53037195301236
paris-nice/2019/stage-5,Paris - Nice,50,60,25500,157.0,1,1099,,1,0,0,2019-03-14,0.00615686274509804,144.0,67.30641481243431
vuelta-a-espana/2000/stage-14,Vuelta a España,80,,146500,2412.0,5,981,,1,0,0,2000-09-10,0.016464163822525597,612.5,305.5243433051736
tour-de-france/1994/prologue,Tour de France,100,,7200,78.0,1,1731,,1,0,0,1994-07-02,0.010833333333333334,60.0,15.818634639128101
giro-d-italia/1993/stage-21,Giro d'Italia,80,,166000,1693.864664032053,,1089,,1,0,0,1993-06-13,0.010204004000193091,0.0,0.0
tour-de-france/2021/stage-15,Tour de France,100,120,191300,4572.0,4,1646,,1,0,0,2021-07-11,0.023899634082592786,1387.0,604.0885944241418
dauphine/1984/stage-3,Critérium du Dauphiné Libéré,50,,216000,2008.7756421728561,,529,,1,0,0,1984-05-31,0.00929988723228174,36.0,47.55927050035897
tour-de-france/2001/stage-10,Tour de France,70,,209000,5864.0,5,1496,,1,0,0,2001-07-17,0.028057416267942583,1925.0,806.5447998658769
tirreno-adriatico/2002/stage-1,Tirreno-Adriatico,50,,124000,1484.2927064338917,,1056,,1,0,0,2002-03-14,0.011970102471241062,62.0,170.03610973941565
tour-de-france/2013/stage-10,Tour de France,100,20,197000,1762.0,1,1690,,1,0,0,2013-07-09,0.008944162436548223,0.0,100.67385445666336
tour-de-france/1999/prologue,Tour de France,70,,6800,110.0,1,1255,,1,0,0,1999-07-03,0.016176470588235296,47.0,16.183470396656816
giro-d-italia/1995/stage-22,Giro d'Italia,80,,148000,820.329347741269,,1365,,1,0,0,1995-06-04,0.005542765863116682,0.0,0.0
la-fleche-wallone/1979/result,La Flèche Wallonne,225,,248000,3962.4962225983772,,785,,0,0,0,1979-04-10,0.015977807349187006,110.0,46.60114447807766
giro-d-italia/2002/stage-13,Giro d'Italia,80,,190000,3486.0,5,920,,1,0,0,2002-05-25,0.018347368421052633,1193.0,526.1971749462588
tour-de-france/2013/stage-7,Tour de France,100,20,205500,2675.0,2,1690,,1,0,0,2013-07-05,0.013017031630170317,9.5,442.1995856471131
vuelta-a-espana/2010/stage-15,Vuelta a España,80,16,170000,2673.0,5,1123,,1,0,0,2010-09-12,0.015723529411764706,1046.0,462.85997375729494
tour-de-romandie/1988/stage-6,Tour de Romandie,50,,188300,2787.4585797590057,,439,,1,0,0,1988-05-15,0.014803285075724938,0.0,0.0
vuelta-a-espana/2013/stage-15,Vuelta a España,80,16,224900,5278.0,5,1128,,1,0,0,2013-09-08,0.023468208092485548,1545.0,696.3878848240782
tour-de-france/1992/stage-2,Tour de France,100,,255000,4000.0,2,2047,,1,0,0,1992-07-06,0.01568627450980392,754.0,462.7871577413759
paris-nice/1994/stage-8a,Paris - Nice,50,,100000,1527.8617765212102,,900,,1,0,0,1994-03-13,0.015278617765212102,0.0,0.0
vuelta-a-espana/1989/stage-14,Vuelta a España,80,,165000,1540.0,,803,,1,0,0,1989-05-07,0.009333333333333334,0.0,0.0
la-fleche-wallone/1993/result,La Flèche Wallonne,225,,206000,2851.866314469024,,842,,0,0,0,1993-04-14,0.013844011235286524,188.0,192.0099566252319
dauphine/2007/stage-6,Critérium du Dauphiné Libéré,50,,198000,3901.5927123008983,,816,,1,0,0,2007-06-16,0.019705013698489385,1015.0,663.2904978920153
giro-d-italia/2005/stage-7,Giro d'Italia,80,,211000,2323.0,2,929,,1,0,0,2005-05-14,0.011009478672985781,677.0,502.22710736801895
giro-d-italia/2021/stage-17,Giro d'Italia,80,100,193000,3703.0,5,885,,1,0,0,2021-05-26,0.019186528497409327,1636.0,721.9903476831605
paris-roubaix/2005/result,Paris - Roubaix,275,,259000,2790.0549544386586,1,682,,0,0,0,2005-04-10,0.010772412951500613,292.0,224.49253747801313
giro-d-italia/2023/stage-19,Giro d'Italia,80,180,183000,5423.0,5,835,18,1,0,0,2023-05-26,0.029633879781420767,1723.5,881.9146051466926
vuelta-a-espana/1990/stage-4,Vuelta a España,80,,233200,1453.0,,807,,1,0,0,1990-04-27,0.006230703259005146,8.0,3.3730961708462712
tour-de-suisse/2007/stage-8,Tour de Suisse,50,,34200,285.6340547788832,,1089,,1,0,0,2007-06-24,0.00835187294675097,266.0,96.50258734505343
vuelta-a-espana/1991/stage-6,Vuelta a España,80,,236500,970.0000000000002,,1042,,1,0,0,1991-05-04,0.004101479915433405,0.0,0.0
tour-de-france/2008/stage-15,Tour de France,100,,183000,3739.0,5,1520,,1,0,0,2008-07-20,0.020431693989071038,1246.0,486.6050027281771
giro-d-italia/2010/stage-12,Giro d'Italia,80,16,206000,1651.0,2,878,,1,0,0,2010-05-20,0.008014563106796116,30.0,177.69210017230407
giro-d-italia/2003/stage-16,Giro d'Italia,80,,207000,791.0,1,734,,1,0,0,2003-05-26,0.003821256038647343,0.0,24.84023661497653
tour-de-suisse/1983/stage-5a,Tour de Suisse,50,,64000,639.8753304992283,,809,,1,0,0,1983-06-19,0.009998052039050442,5.0,2.0412414523193148
tour-de-france/2007/stage-19,Tour de France,100,,55500,480.0,1,1612,,1,0,0,2007-07-28,0.008648648648648649,426.0,142.36221298928572
vuelta-a-espana/2010/stage-2,Vuelta a España,80,16,173000,2506.0,1,1123,,1,0,0,2010-08-29,0.014485549132947978,0.0,36.05088471674591
giro-d-italia/2019/stage-12,Giro d'Italia,80,100,158000,1918.0,4,896,,1,0,0,2019-05-23,0.012139240506329113,1079.0,383.72338424727695
liege-bastogne-liege/1975/result,Liège - Bastogne - Liège,275,,246700,2975.500986820716,,668,,0,0,0,1975-04-20,0.012061211944956287,255.0,251.16321654362093
tour-de-france/1996/stage-2,Tour de France,100,,247500,1382.0,1,1872,,1,0,0,1996-07-01,0.005583838383838384,0.0,107.18749729697412
paris-nice/1991/stage-5,Paris - Nice,50,,164000,1765.0561104901342,,832,,1,0,0,1991-03-15,0.010762537259086184,79.0,50.80683500040739
giro-d-italia/1992/stage-10,Giro d'Italia,80,,233000,2034.177770319283,,953,,1,0,0,1992-06-03,0.008730376696649283,135.0,67.45665274826494
vuelta-a-espana/2007/stage-2,Vuelta a España,80,,148700,2334.0,2,995,,1,0,0,2007-09-02,0.015696032279757903,0.0,0.0
dauphine/2021/stage-6,Critérium du Dauphiné,50,60,167200,2706.0,3,790,,1,0,0,2021-06-04,0.01618421052631579,507.5,436.07370350786755
tour-de-romandie/2005/stage-2,Tour de Romandie,50,,171900,2615.2032911937945,,799,,1,0,0,2005-04-28,0.015213515364710847,0.0,226.6670339340192
vuelta-a-espana/1986/stage-5,Vuelta a España,80,,202000,2500.0,,843,,1,0,0,1986-04-27,0.012376237623762377,0.0,0.0
dauphine/1989/stage-3,Critérium du Dauphiné Libéré,50,,183500,1150.0854883460458,,603,,1,0,0,1989-06-01,0.006267495849297253,104.0,82.42059115387275
tour-de-romandie/1977/prologue,Tour de Romandie,50,,2550,75.16609791889096,,489,,1,0,0,1977-05-10,0.029476901144663118,3.0,1.9235384061671346
vuelta-a-espana/2006/stage-21,Vuelta a España,80,,142200,1173.0,1,1026,,1,0,0,2006-09-17,0.008248945147679324,3.0,22.842628092566077
tour-de-suisse/2023/stage-5,Tour de Suisse,50,60,211000,4654.0,4,855,18,1,0,0,2023-06-15,0.02205687203791469,1036.0,556.9515050842937
tour-de-romandie/1993/prologue,Tour de Romandie,50,,7300,446.36749342578446,,551,,1,0,0,1993-05-04,0.061146231976134856,14.0,252.6853335232929
dwars-door-vlaanderen/2002/result,Dwars door Vlaanderen,75,,201000,3813.681324424712,2,416,,0,0,0,2002-03-27,0.018973538927486128,36.0,10.972808740043252
vuelta-a-espana/2007/stage-20,Vuelta a España,80,,20000,199.0,1,995,,1,0,0,2007-09-22,0.00995,129.0,52.16955613585942
amstel-gold-race/1985/result,Amstel Gold Race,225,,242000,3125.4399806953647,,281,,0,0,0,1985-04-27,0.01291504124254283,334.0,246.45346416717294
tour-de-suisse/2022/stage-6,Tour de Suisse,50,60,177500,4155.0,5,767,25,1,0,0,2022-06-17,0.023408450704225352,820.0,582.4157695111347
paris-nice/1972/stage-1,Paris - Nice,50,,184000,1726.4046430938424,,1086,,1,0,0,1972-03-10,0.00938263392985784,0.0,0.0
ronde-van-vlaanderen/2023/result,Ronde van Vlaanderen - Tour des Flandres ME,275,800,273400,2185.0,2,918,,0,0,0,2023-04-02,0.007991953182150695,463.5,260.2384413986122
paris-nice/1987/stage-4,Paris - Nice,50,,193000,1489.5319724112792,,1164,,1,0,0,1987-03-12,0.007717782240472949,190.0,44.94003411955387
paris-nice/1986/stage-7b,Paris - Nice,50,,10000,202.58939056644522,,746,,1,0,0,1986-03-09,0.020258939056644523,117.0,44.16089964517553
san-sebastian/2002/result,Clasica Ciclista San Sebastian,225,,227000,3375.2702876620606,2,1024,,0,0,0,2002-08-10,0.014869032104238152,500.0,366.12418852549683
dauphine/2012/prologue,Critérium du Dauphiné,50,6,5700,11.0,,1117,,1,0,0,2012-06-03,0.0019298245614035089,26.0,11.867465559628974
tirreno-adriatico/2000/stage-6,Tirreno-Adriatico,50,,149000,1316.0172564077502,,1197,,1,0,0,2000-03-13,0.008832330579917787,0.0,21.41627107287043
paris-nice/1988/stage-4,Paris - Nice,50,,175000,1828.553595983736,,1146,,1,0,0,1988-03-10,0.010448877691335633,39.5,40.52614490736359
dauphine/2013/stage-7,Critérium du Dauphiné,50,6,184000,4693.0,5,985,,1,0,0,2013-06-08,0.025505434782608697,966.0,528.1676035435629
vuelta-a-espana/2022/stage-18,La Vuelta ciclista a España,80,100,192000,3680.0,5,968,26,1,0,0,2022-09-08,0.019166666666666665,1472.0,761.0098595062119
vuelta-a-espana/1994/stage-2,Vuelta a España,80,,178400,767.0,,791,,1,0,0,1994-04-26,0.0042993273542600895,0.0,6.877888744270089
paris-nice/2018/stage-4,Paris - Nice,50,60,18400,383.0,2,936,,1,0,0,2018-03-07,0.020815217391304347,148.0,74.29875019669483
tour-de-suisse/2007/stage-4,Tour de Suisse,50,,194100,2020.50857024367,,1089,,1,0,0,2007-06-20,0.01040962684308949,0.0,188.9024147508717
tour-de-suisse/1994/stage-5,Tour de Suisse,50,,30000,320.50543919959,,616,,1,0,0,1994-06-19,0.010683514639986333,73.5,35.431310697993915
tour-de-romandie/2008/stage-5,Tour de Romandie,50,,159400,1875.6955059209197,,590,,1,0,0,2008-05-04,0.011767224002013297,0.0,162.66068639370616
tour-de-suisse/2012/stage-7,Tour de Suisse,50,6,148200,2505.0,,917,,1,0,0,2012-06-16,0.016902834008097167,1185.0,567.5430428487896
tour-de-suisse/1991/stage-2,Tour de Suisse,50,,172000,2814.074454724132,,796,,1,0,0,1991-06-20,0.01636089799258216,385.5,270.0428772538827
tour-de-romandie/2007/stage-4,Tour de Romandie,50,,155900,3317.82564871868,,674,,1,0,0,2007-05-05,0.021281755283634893,575.0,563.6774705956792
omloop-het-nieuwsblad/2002/result,Omloop Het Volk,125,,202000,1933.3465808004867,2,625,,0,0,0,2002-03-02,0.009571022677230132,574.0,233.95722511738322
vuelta-a-espana/1988/stage-15,Vuelta a España,80,,166000,1831.0,,828,,1,0,0,1988-05-09,0.01103012048192771,0.0,0.0
paris-roubaix/2012/result,Paris - Roubaix,275,,257500,1428.0,1,630,,0,0,0,2012-04-08,0.005545631067961165,466.0,235.09614101087942
dauphine/1989/prologue,Critérium du Dauphiné Libéré,50,,5000,50.753950104458454,,603,,1,0,0,1989-05-29,0.010150790020891691,12.0,4.787549991450212
vuelta-a-espana/2010/stage-21,Vuelta a España,80,16,85000,750.0,1,1123,,1,0,0,2010-09-19,0.008823529411764706,20.0,34.790617742479604
giro-d-italia/2000/stage-20,Giro d'Italia,80,,34000,1304.0,5,866,,1,0,0,2000-06-03,0.03835294117647059,416.0,137.90653618813576
tour-de-france/1986/stage-17,Tour de France,100,,190000,5000.0,5,1872,,1,0,0,1986-07-20,0.02631578947368421,1256.5,439.52566613203743
volta-a-catalunya/1981/stage-5,Volta Ciclista a Catalunya,50,,179500,3553.5530750043645,,388,,1,0,0,1981-09-08,0.019796953064091165,1032.0,434.39870319020673
il-lombardia/1994/result,Giro di Lombardia,275,,244000,2461.513068279816,,740,,0,0,0,1994-10-08,0.010088168312622195,465.0,241.6178529936186
il-lombardia/1976/result,Giro di Lombardia,275,,253000,3113.701135904604,,584,,0,0,0,1976-10-09,0.012307119114247447,94.0,44.30956219132955
vuelta-a-espana/2006/stage-3,Vuelta a España,80,,220000,2570.0,1,1026,,1,0,0,2006-08-28,0.011681818181818182,0.0,115.03290965121947
san-sebastian/1994/result,Clasica Ciclista San Sebastian,225,,238000,3344.3609990524988,,1140,,0,0,0,1994-08-06,0.014051936970808818,445.0,217.7544578684181
world-championship/1984/result,World Championships - Road Race,350,,255550,3268.0424883089954,,1486,,0,0,0,1984-09-02,0.012788270351434143,148.0,94.24363302415394
vuelta-a-espana/1988/stage-5,Vuelta a España,80,,234000,1744.0,,828,,1,0,0,1988-04-29,0.007452991452991453,287.0,88.94998594716023
tour-de-france/1981/stage-17,Tour de France,100,,230500,5245.0,5,1362,,1,0,0,1981-07-14,0.022754880694143168,1339.0,612.4496095664235
giro-d-italia/2009/stage-14,Giro d'Italia,80,,174000,2675.0,3,975,,1,0,0,2009-05-23,0.015373563218390805,264.0,383.31812622758264
vuelta-a-espana/2012/stage-11,Vuelta a España,80,16,39400,738.0,2,852,,1,0,0,2012-08-29,0.018730964467005076,319.0,149.09555695468242
tour-de-france/1995/stage-11,Tour de France,100,,198000,2500.0,2,1871,,1,0,0,1995-07-13,0.012626262626262626,662.0,391.6636036440619
tour-de-france/2010/stage-11,Tour de France,100,20,184500,1264.0,2,1685,,1,0,0,2010-07-15,0.006850948509485095,0.0,185.8463688080818
paris-nice/2004/stage-3,Paris - Nice,50,,227500,2525.554091594011,,989,,1,0,0,2004-03-09,0.011101336666347302,25.0,265.3184873731906
paris-nice/2003/stage-2,Paris - Nice,50,,182500,2735.615334227187,,831,,1,0,0,2003-03-11,0.014989673064258559,455.0,406.1722165906985
giro-d-italia/1998/prologue,Giro d'Italia,80,,7000,11.0,,923,,1,0,0,1998-05-16,0.0015714285714285715,39.5,15.002334761935526
paris-nice/2010/stage-2,Paris - Nice,30,6,201500,1639.3544847193273,1,1192,,1,0,0,2010-03-09,0.008135754266597158,0.0,92.64937753134458
tour-de-suisse/2021/stage-3,Tour de Suisse,50,60,182100,2492.0,3,670,,1,0,0,2021-06-08,0.013684788577704558,92.0,305.01566094187905
paris-nice/2002/stage-6,Paris - Nice,50,,175000,3617.2447716654933,,883,,1,0,0,2002-03-16,0.020669970123802818,685.0,604.5665863413011
paris-nice/1991/stage-3,Paris - Nice,50,,167000,2249.9199608628096,,832,,1,0,0,1991-03-13,0.013472574615944968,22.0,4.884411045803558
vuelta-a-espana/1985/stage-8,Vuelta a España,80,,224000,2282.0,,925,,1,0,0,1985-05-01,0.0101875,419.0,67.96161218582894
tour-de-romandie/2000/stage-3a,Tour de Romandie,50,,66600,750.545660239454,,764,,1,0,0,2000-05-05,0.01126945435794976,3.0,27.89309827053059
tour-de-suisse/2018/stage-5,Tour de Suisse,50,60,155000,2668.0,5,956,,1,0,0,2018-06-13,0.01721290322580645,1116.0,595.1573864830333
paris-nice/1970/stage-5,Paris - Nice,50,,220000,2302.567683776891,,1121,,1,0,0,1970-03-13,0.010466216744440414,0.0,0.0
tour-de-france/1979/stage-3,Tour de France,100,,180000,3500.0,4,1381,,1,0,0,1979-06-30,0.019444444444444445,728.0,614.6931828675216
tirreno-adriatico/1973/stage-3,Tirreno-Adriatico,50,,125000,1649.9748982243618,,536,,1,0,0,1973-03-15,0.013199799185794895,0.0,0.0
vuelta-a-espana/1994/stage-15,Vuelta a España,80,,209300,2095.0,,791,,1,0,0,1994-05-09,0.010009555661729575,0.0,0.0
tirreno-adriatico/1988/stage-6a,Tirreno-Adriatico,50,,82000,1349.058177952735,,724,,1,0,0,1988-03-16,0.016451928999423597,0.0,0.0
paris-nice/2008/stage-5,Paris - Nice,18,,172500,2486.960923743807,,775,,1,0,0,2008-03-14,0.014417164775326419,135.0,361.05166738004357
giro-d-italia/1994/stage-14,Giro d'Italia,80,,235000,1300.6604061195264,,1292,,1,0,0,1994-06-04,0.0055347251324235165,0.0,0.0
tour-de-france/1982/stage-20,Tour de France,100,,161000,1417.0,1,1492,,1,0,0,1982-07-24,0.008801242236024845,43.0,17.888543819998315
tour-de-suisse/1980/prologue,Tour de Suisse,50,,3500,79.99365878651906,,477,,1,0,0,1980-06-10,0.02285533108186259,2.5,2.756809750418044
tour-de-france/1984/stage-23,Tour de France,100,,196500,1951.0,1,1632,,1,0,0,1984-07-22,0.009928753180661578,0.0,3.2885531308166573
tour-de-france/1992/stage-13,Tour de France,100,,254500,6974.0,5,2047,,1,0,0,1992-07-18,0.027402750491159134,2419.0,817.0694015755487
world-championship/1976/result,World Championships - Road Race,350,,288000,2944.0,,1290,,0,0,0,1976-09-05,0.010222222222222223,27.0,48.071064955143505
vuelta-a-espana/1998/stage-17,Vuelta a España,80,,188500,627.0,,1309,,1,0,0,1998-09-22,0.0033262599469496023,0.0,0.0
e3-harelbeke/1985/result,E3-Prijs Harelbeke,125,,215000,1525.9232101685939,,282,,0,0,0,1985-03-30,0.007097317256598111,35.0,65.50048742424634
tour-de-france/2014/stage-19,Tour de France,100,20,208500,1659.0,1,1612,,1,0,0,2014-07-25,0.0079568345323741,190.0,171.7167835370691
vuelta-a-espana/2009/stage-6,Vuelta a España,80,,185700,2308.0,1,1220,,1,0,0,2009-09-04,0.012428648357565967,9.0,195.82797280208433
omloop-het-nieuwsblad/1984/result,Omloop Het Volk,125,,226000,1685.6835966544877,,303,,0,0,0,1984-03-03,0.007458776976347291,430.0,169.2980984944785
tirreno-adriatico/2019/stage-3,Tirreno-Adriatico,50,60,226000,2873.0,2,1067,,1,0,0,2019-03-15,0.012712389380530974,0.0,51.67127757647805
paris-nice/1982/stage-1,Paris - Nice,50,,194500,2151.131276602734,,721,,1,0,0,1982-03-12,0.011059800907983208,371.0,95.79178809619678
tour-de-france/2010/stage-17,Tour de France,100,20,174000,4681.0,5,1685,,1,0,0,2010-07-22,0.026902298850574713,1399.0,641.4612062987175
tour-de-suisse/1981/stage-5,Tour de Suisse,50,,231000,2456.156855162086,,516,,1,0,0,1981-06-15,0.010632713658710328,0.0,0.0
liege-bastogne-liege/2007/result,Liège - Bastogne - Liège,275,,262000,4135.208492356994,,1253,,0,0,0,2007-04-29,0.01578323852044654,96.0,348.7881040335129
paris-nice/2011/stage-8,Paris - Nice,50,6,124000,2227.0,2,1038,,1,0,0,2011-03-13,0.01795967741935484,317.5,332.1510142062561
giro-d-italia/2012/stage-15,Giro d'Italia,80,16,169000,4075.0,5,886,,1,0,0,2012-05-20,0.024112426035502958,1609.0,783.1164434949949
tour-de-france/1986/stage-3,Tour de France,100,,214000,1861.0,1,1872,,1,0,0,1986-07-06,0.00869626168224299,5.0,137.6237606388729
tour-de-romandie/2013/stage-1,Tour de Romandie,50,6,176400,2297.0,4,956,,1,0,0,2013-04-24,0.013021541950113378,0.0,161.58196540567036
il-lombardia/1987/result,Giro di Lombardia,275,,256000,3285.7745044972144,,282,,0,0,0,1987-10-17,0.012835056658192243,332.0,217.38790214729065
vuelta-a-espana/2016/stage-9,Vuelta a España,80,100,164500,2780.0,3,821,,1,0,0,2016-08-28,0.01689969604863222,494.0,358.4375706827952
paris-nice/1989/stage-7b,Paris - Nice,50,,10000,135.90518337855747,,794,,1,0,0,1989-03-12,0.013590518337855746,93.5,29.355533863669596
vuelta-a-espana/2018/stage-11,La Vuelta ciclista a España,80,100,207800,3755.0,2,1036,,1,0,0,2018-09-05,0.018070259865255053,412.0,717.4094724535133
dauphine/2004/stage-4,Critérium du Dauphiné Libéré,50,,21600,405.6974384097796,,737,,1,0,0,2004-06-10,0.018782288815267573,487.0,204.33453833547458
liege-bastogne-liege/1981/result,Liège - Bastogne - Liège,275,,244000,3369.6748664442603,,424,,0,0,0,1981-04-19,0.013810142895263361,174.0,327.2641948959121
tirreno-adriatico/1983/stage-3,Tirreno-Adriatico,50,,210000,3434.619530429951,,463,,1,0,0,1983-03-14,0.01635533109728548,0.0,0.0
giro-d-italia/1997/stage-3,Giro d'Italia,80,,18000,521.322037669928,,792,,1,0,0,1997-05-19,0.028962335426107114,243.5,93.93662427296756
volta-a-catalunya/2013/stage-7,Volta Ciclista a Catalunya,50,6,122200,1708.0,2,811,,1,0,0,2013-03-24,0.01397708674304419,21.0,194.39479433468827
volta-a-catalunya/1993/stage-6,Volta Ciclista a Catalunya,50,,18900,499.0000000000002,,884,,1,0,0,1993-09-15,0.026402116402116413,139.5,70.6174832981778
giro-d-italia/1992/stage-12,Giro d'Italia,80,,204000,1951.3115624421223,,953,,1,0,0,1992-06-05,0.009565252757069227,12.0,16.802446911751343
giro-d-italia/2018/stage-7,Giro d'Italia,80,100,159000,1023.0,1,838,,1,0,0,2018-05-11,0.006433962264150943,27.0,83.902568301749
dauphine/1983/stage-3,Critérium du Dauphiné Libéré,50,,228000,2808.5590179323794,,621,,1,0,0,1983-06-02,0.012318241306720962,0.0,0.0
giro-d-italia/2023/stage-18,Giro d'Italia,80,180,161000,4153.0,5,835,21,1,0,0,2023-05-25,0.02579503105590062,1375.0,775.6713360363311
dauphine/2013/stage-1,Critérium du Dauphiné,50,6,121000,2582.0,2,985,,1,0,0,2013-06-02,0.02133884297520661,162.0,343.5919441795606
tirreno-adriatico/1995/stage-1,Tirreno-Adriatico,50,,174000,1771.7802977165225,,749,,1,0,0,1995-03-08,0.010182645389175416,0.0,0.0
tour-de-romandie/1993/stage-3,Tour de Romandie,50,,123500,1652.831960637227,,551,,1,0,0,1993-05-07,0.013383254742001837,58.0,35.79106033634656
tour-de-suisse/1974/stage-2,Tour de Suisse,50,,193000,940.0006402913666,,541,,1,0,0,1974-06-14,0.004870469638815371,0.0,0.0
vuelta-a-espana/2015/stage-5,Vuelta a España,80,16,167300,816.0000000000002,1,1115,,1,0,0,2015-08-26,0.004877465630603707,58.0,83.95439894822005
paris-nice/1992/stage-5,Paris - Nice,50,,187000,2655.3587232396876,,877,,1,0,0,1992-03-13,0.01419977926866143,56.0,22.509892005410375
tour-de-france/1980/stage-6,Tour de France,100,,219500,1541.0,1,1224,,1,0,0,1980-07-02,0.007020501138952164,39.0,112.18285275039932
giro-d-italia/2010/stage-8,Giro d'Italia,80,16,189000,3424.0,5,878,,1,0,0,2010-05-16,0.018116402116402117,743.0,477.07109950293165
vuelta-a-espana/1997/stage-4,Vuelta a España,80,,193000,1003.0,,1165,,1,0,0,1997-09-09,0.0051968911917098445,0.0,184.63205916937588
vuelta-a-espana/2009/stage-14,Vuelta a España,80,,157000,3197.0,5,1220,,1,0,0,2009-09-13,0.020363057324840766,1335.0,453.46867259571457
giro-d-italia/2002/stage-19,Giro d'Italia,80,,44300,364.0,1,920,,1,0,0,2002-06-01,0.008216704288939052,387.5,123.03511205153346
tour-de-france/2008/stage-1,Tour de France,100,,197500,2324.0,3,1520,,1,0,0,2008-07-05,0.011767088607594936,58.0,52.158047281503165
dwars-door-vlaanderen/1998/result,Dwars door België / À travers la Belgique,75,,203000,2637.344492245517,,489,,0,0,0,1998-03-23,0.012991844789386782,0.0,259.4579765282972
giro-d-italia/2000/stage-6,Giro d'Italia,80,,170000,1059.0,3,866,,1,0,0,2000-05-19,0.006229411764705883,0.0,57.851431250187915
tour-de-romandie/1987/stage-5b,Tour de Romandie,50,,22000,543.5591373831412,,251,,1,0,0,1987-05-10,0.02470723351741551,119.0,48.32745448648063
giro-d-italia/2003/stage-14,Giro d'Italia,80,,162000,4275.0,5,734,,1,0,0,2003-05-24,0.02638888888888889,893.0,479.3294421874197
amstel-gold-race/2004/result,Amstel Gold Race,225,,251100,3435.3555907471928,,1208,,0,0,0,2004-04-18,0.0136812249731071,235.0,248.05902910233266
vuelta-a-espana/2005/stage-9,Vuelta a España,80,,48000,606.0,1,960,,1,0,0,2005-09-04,0.012625,361.0,139.23810357222368
paris-nice/2023/stage-2,Paris - Nice,50,60,163700,814.9999999999998,1,981,,1,0,0,2023-03-06,0.004978619425778863,0.0,0.0
tour-de-france/2008/stage-19,Tour de France,100,,165500,1814.0,1,1520,,1,0,0,2008-07-25,0.0109607250755287,73.0,164.69187122110506
omloop-het-nieuwsblad/2000/result,Omloop Het Volk,125,,204000,2676.278146002306,2,806,,0,0,0,2000-02-26,0.013119010519619148,194.0,54.311418574161834
giro-d-italia/1990/stage-11,Giro d'Italia,80,,241000,2371.6274428396064,,1061,,1,0,0,1990-05-28,0.009840777771118699,0.0,0.0
tour-de-romandie/2023/stage-2,Tour de Romandie,50,60,162700,2653.0,2,539,15,1,0,0,2023-04-27,0.016306084818684695,188.0,375.1148774443754
tour-de-romandie/2019/stage-3,Tour de Romandie,50,60,160000,2527.0,3,570,,1,0,0,2019-05-03,0.01579375,327.0,254.46254287573282
tour-de-france/2018/stage-12,Tour de France,100,120,175500,5362.0,5,1689,,1,0,0,2018-07-19,0.030552706552706553,1734.0,628.4825949949383
tour-de-suisse/1972/stage-2,Tour de Suisse,50,,97000,1855.3565223662576,,433,,1,0,0,1972-06-17,0.01912738682851812,0.0,0.0
vuelta-a-espana/2018/stage-21,La Vuelta ciclista a España,80,100,112300,603.0000000000002,1,1036,,1,0,0,2018-09-16,0.005369545859305434,0.0,38.43367879721229
tour-de-france/2023/stage-9,Tour de France,100,210,182400,3441.0,5,1584,30,1,0,0,2023-07-09,0.01886513157894737,1572.0,518.9444912878822
paris-nice/1988/stage-6b,Paris - Nice,50,,10000,40.60430774538145,,1146,,1,0,0,1988-03-12,0.004060430774538145,62.5,34.252314558750314
tour-de-france/2007/stage-18,Tour de France,100,,211000,1938.0,2,1612,,1,0,0,2007-07-27,0.009184834123222749,517.0,97.07917156134698
itzulia-basque-country/2022/stage-3,Itzulia Basque Country,50,50,181700,3278.0,2,741,13,1,0,0,2022-04-06,0.018040726472206933,655.0,457.52612082114285
tour-de-suisse/1999/stage-1,Tour de Suisse,50,,200000,2409.021137906629,,900,,1,0,0,1999-06-16,0.012045105689533145,88.0,307.47882200373294
tour-de-france/2009/stage-5,Tour de France,100,,196500,1014.0,1,1557,,1,0,0,2009-07-08,0.005160305343511451,7.0,13.318711669159706
tour-de-suisse/2013/stage-6,Tour de Suisse,50,6,187900,2189.0,2,960,,1,0,0,2013-06-13,0.011649813730707823,643.0,120.22262407796924
tour-de-romandie/2017/stage-5,Tour de Romandie,50,60,18300,364.0,2,636,,1,0,0,2017-04-30,0.019890710382513662,138.0,68.73271351563642
giro-d-italia/1998/stage-16,Giro d'Italia,80,,236000,2323.957483187146,,923,,1,0,0,1998-06-01,0.009847277471131975,706.0,267.5373068903741
vuelta-a-espana/1990/stage-20,Vuelta a España,80,,39000,545.0000000000002,,807,,1,0,0,1990-05-13,0.01397435897435898,87.5,40.803637608738555
tour-de-france/2016/stage-10,Tour de France,100,120,197000,2432.0,4,1758,,1,0,0,2016-07-12,0.01234517766497462,579.0,131.69368568318677
vuelta-a-espana/2010/stage-8,Vuelta a España,80,16,188800,3870.0,4,1123,,1,0,0,2010-09-04,0.020497881355932203,543.0,440.86467660098896
la-fleche-wallone/1973/result,La Flèche Wallonne,225,,249000,4038.922296239243,,845,,0,0,0,1973-04-19,0.016220571470840335,70.0,21.105794120443456
giro-d-italia/2019/stage-2,Giro d'Italia,80,100,205000,2242.0,2,896,,1,0,0,2019-05-12,0.010936585365853659,5.0,319.67632819958044
liege-bastogne-liege/1974/result,Liège - Bastogne - Liège,275,,246000,2973.226907701164,,590,,0,0,0,1974-04-21,0.012086288242687657,353.0,136.23606406350396
itzulia-basque-country/2005/stage-5a,Vuelta al País Vasco,50,,93000,2249.374684672293,,1217,,1,0,0,2005-04-08,0.024186824566368743,300.0,292.58768270335105
vuelta-a-espana/2011/stage-2,Vuelta a España,80,,171500,1305.0,1,1170,,1,0,0,2011-08-21,0.00760932944606414,20.0,73.35326838358009
tour-de-romandie/1996/prologue,Tour de Romandie,50,,4300,47.70564897992972,,614,,1,0,0,1996-05-06,0.01109433697207668,9.0,5.493217508572842
vuelta-a-espana/2003/stage-8,Vuelta a España,80,,166000,4060.0,5,935,,1,0,0,2003-09-13,0.024457831325301205,1878.0,702.257388927286
tour-de-suisse/1978/stage-4a,Tour de Suisse,50,,123000,1364.2156668488178,,691,,1,0,0,1978-06-18,0.011091184283323723,0.0,0.0
tour-de-france/1980/stage-10,Tour de France,100,,162000,1161.0,1,1224,,1,0,0,1980-07-07,0.007166666666666667,2.0,6.524962335974717
giro-d-italia/1990/stage-17,Giro d'Italia,80,,223000,2521.5555911759443,,1061,,1,0,0,1990-06-03,0.011307424175676881,130.0,45.42343986191368
tour-de-france/1979/stage-14,Tour de France,100,,248000,3500.0,2,1381,,1,0,0,1979-07-11,0.014112903225806451,0.0,33.46653688252029
paris-nice/1984/stage-6,Paris - Nice,50,,182000,1497.6467291040344,,778,,1,0,0,1984-03-13,0.008228828181890298,44.0,15.176351255387463
la-fleche-wallone/1981/result,La Flèche Wallonne,225,,240000,3443.812327020234,,1294,,0,0,0,1981-04-15,0.014349218029250975,25.0,11.151294743126659
dauphine/1992/stage-2,Critérium du Dauphiné Libéré,50,,206000,1936.1099644972371,,492,,1,0,0,1992-06-02,0.0093985920606662,10.0,3.972125095937662
vuelta-a-espana/2000/stage-9,Vuelta a España,80,,38000,167.0,,981,,1,0,0,2000-09-03,0.004394736842105263,301.0,110.25104933738278
tour-de-suisse/1995/stage-8,Tour de Suisse,50,,174100,1689.7599583781655,,764,,1,0,0,1995-06-21,0.009705686148065282,78.0,43.30627360248551
tirreno-adriatico/1992/prologue,Tirreno-Adriatico,50,,8000,31.305325692939277,,638,,1,0,0,1992-03-11,0.00391316571161741,6.0,3.492849839314596
vuelta-a-espana/1990/stage-8,Vuelta a España,80,,199600,2595.0,,807,,1,0,0,1990-05-01,0.013001002004008015,0.0,0.0
giro-d-italia/2008/stage-13,Giro d'Italia,80,,177000,202.0,1,1058,,1,0,0,2008-05-23,0.0011412429378531075,13.0,9.906634339628656
e3-harelbeke/2006/result,E3 Prijs Vlaanderen,125,,198000,1689.2248855435696,2,578,,0,0,0,2006-03-25,0.008531438815876613,426.0,180.09278368824013
il-lombardia/2017/result,Il Lombardia,275,500,247000,4115.0,2,1134,,0,0,0,2017-10-07,0.016659919028340082,665.0,369.24699174006946
tour-de-france/2010/stage-3,Tour de France,100,20,213000,1168.0,1,1685,,1,0,0,2010-07-06,0.005483568075117371,238.0,275.6547901583615
ronde-van-vlaanderen/1985/result,Ronde van Vlaanderen / Tour des Flandres,275,,271000,3012.1890723918696,,399,,0,0,0,1985-04-07,0.011115088828014279,242.5,347.46178759768634
volta-a-catalunya/2021/stage-2,Volta Ciclista a Catalunya,50,50,18500,198.0,1,772,,1,0,0,2021-03-23,0.010702702702702703,121.0,52.21639802762754
volta-a-catalunya/2006/stage-4,Volta Ciclista a Catalunya,50,,225000,4202.161006980602,5,882,,1,0,0,2006-05-18,0.01867627114213601,1115.0,579.8653972254532
tour-de-suisse/1985/stage-3,Tour de Suisse,50,,186000,2012.898508737706,,699,,1,0,0,1985-06-13,0.010822034993213473,4.0,1.632993161855452
tour-de-france/1983/stage-5,Tour de France,100,,257000,2658.0,2,1269,,1,0,0,1983-07-06,0.010342412451361869,9.0,189.15167444393833
tour-de-france/1993/stage-8,Tour de France,100,,184500,1843.0,1,1804,,1,0,0,1993-07-11,0.009989159891598915,14.0,133.43226721689368
san-sebastian/2001/result,Clasica Ciclista San Sebastian,225,,227000,3075.5011868508404,2,1048,,0,0,0,2001-08-11,0.013548463378197534,409.0,328.63468650523333
paris-nice/1992/prologue,Paris - Nice,50,,5700,58.907830782356996,,877,,1,0,0,1992-03-08,0.010334707154799472,12.0,4.793845260430544
giro-d-italia/2004/stage-1,Giro d'Italia,80,,143000,1779.0,2,621,,1,0,0,2004-05-09,0.01244055944055944,8.0,15.352867588802933
giro-d-italia/1997/stage-17,Giro d'Italia,80,,200000,2658.441556878469,,792,,1,0,0,1997-06-03,0.013292207784392345,213.5,161.05327657249586
volta-a-catalunya/2021/stage-6,Volta Ciclista a Catalunya,50,50,193800,2671.0,3,772,,1,0,0,2021-03-27,0.013782249742002064,0.0,125.84990120220253
tour-de-romandie/2019/stage-4,Tour de Romandie,50,60,107600,1839.0,4,570,,1,0,0,2019-05-04,0.017091078066914497,284.0,373.41170329724673
vuelta-a-espana/1982/stage-2,Vuelta a España,80,,240000,1477.1521535531379,,523,,1,0,0,1982-04-22,0.006154800639804741,0.0,0.0
tour-de-france/2009/stage-8,Tour de France,100,,176500,3582.0,4,1557,,1,0,0,2009-07-11,0.020294617563739376,854.0,532.7026632406901
dauphine/2016/stage-5,Criterium du Dauphiné,50,60,140000,3369.0,5,1182,,1,0,0,2016-06-10,0.024064285714285715,537.0,453.69694888047627
vuelta-a-espana/1980/stage-6,Vuelta a España,80,,131000,2734.1571200333633,,520,,1,0,0,1980-04-28,0.020871428397201245,528.0,564.4940414399465
tirreno-adriatico/1992/stage-4,Tirreno-Adriatico,50,,168000,1174.6172828375827,,638,,1,0,0,1992-03-15,0.006991769540699897,4.0,1.9493588689617927
paris-nice/2023/stage-4,Paris - Nice,50,60,164700,2470.0,5,981,13,1,0,0,2023-03-08,0.014996964177292045,855.0,520.3504299776497
tirreno-adriatico/2020/stage-1,Tirreno-Adriatico,50,60,133000,948.0,2,687,,1,0,0,2020-09-07,0.007127819548872181,0.0,50.939054010064844
dauphine/1994/stage-5,Critérium du Dauphiné Libéré,50,,173000,4103.288239268793,,362,,1,0,0,1994-06-04,0.02371842912872135,91.5,54.80967067954341
tirreno-adriatico/1984/prologue,Tirreno-Adriatico,50,,4850,51.487916435467014,,541,,1,0,0,1984-03-08,0.010616065244426189,5.5,2.818640956579121
vuelta-a-espana/2014/stage-5,Vuelta a España,80,16,180000,2149.0,1,1175,,1,0,0,2014-08-27,0.01193888888888889,230.0,374.18476526048363
tour-de-france/2001/stage-2,Tour de France,100,,220500,1044.0,1,1496,,1,0,0,2001-07-09,0.0047346938775510205,93.0,100.49817439760186
paris-nice/2009/stage-1,Paris - Nice,30,,9300,141.89409670575424,1,796,,1,0,0,2009-03-08,0.015257429753306908,50.0,17.664366150314613
paris-nice/1994/stage-7,Paris - Nice,50,,199000,2785.941006408838,,900,,1,0,0,1994-03-12,0.013999703549793156,74.5,42.04585408995572
vuelta-a-espana/1998/stage-4,Vuelta a España,80,,174000,2300.0,,1309,,1,0,0,1998-09-08,0.013218390804597701,0.0,226.60971106318786
vuelta-a-espana/1992/stage-14,Vuelta a España,80,,213400,3293.0,,1033,,1,0,0,1992-05-10,0.015431115276476101,116.0,53.89734510645037
dauphine/2007/stage-3,Critérium du Dauphiné Libéré,50,,40700,352.7713700758761,,816,,1,0,0,2007-06-13,0.008667601230365507,289.0,118.32623814748857
tour-de-france/2015/stage-5,Tour de France,100,20,189500,1606.0,1,1812,,1,0,0,2015-07-08,0.008474934036939314,78.0,403.7427814738673
vuelta-a-espana/2010/stage-12,Vuelta a España,80,16,196000,2133.0,1,1123,,1,0,0,2010-09-09,0.01088265306122449,17.0,22.449407435227474
dauphine/2002/stage-1,Critérium du Dauphiné Libéré,50,,173000,1085.508135852029,,602,,1,0,0,2002-06-10,0.0062746135020348495,34.0,52.021563983275776
paris-nice/1994/stage-3,Paris - Nice,50,,202000,2643.8435451291475,,900,,1,0,0,1994-03-08,0.013088334381827462,0.0,0.0
tour-de-france/2009/stage-1,Tour de France,100,,15500,316.0,1,1557,,1,0,0,2009-07-04,0.02038709677419355,108.0,35.05591035259751
paris-nice/1990/stage-6,Paris - Nice,50,,178000,1874.725642748643,,995,,1,0,0,1990-03-10,0.010532166532295746,25.0,9.30734476994737
tour-de-france/1990/stage-15,Tour de France,100,,170000,1731.0,2,1959,,1,0,0,1990-07-16,0.01018235294117647,291.0,144.77364190327296
milano-sanremo/1999/result,Milano-Sanremo,275,,294000,3138.295078628761,2,1585,,0,0,0,1999-03-20,0.010674473056560411,183.0,323.487597155222
tour-de-france/2010/stage-15,Tour de France,100,20,187500,3542.0,4,1685,,1,0,0,2010-07-19,0.018890666666666667,1104.0,596.7039125113934
paris-nice/2012/stage-3,Paris - Nice,50,6,194000,2105.0,3,1079,,1,0,0,2012-03-06,0.010850515463917526,48.0,179.97158229519607
tour-de-france/2005/stage-14,Tour de France,100,,174000,4188.0,5,1535,,1,0,0,2005-07-16,0.02406896551724138,1748.0,716.7348219719975
amstel-gold-race/1993/result,Amstel Gold Race,225,,249000,3587.3651679249406,,917,,0,0,0,1993-04-24,0.014407089027811007,685.0,242.13986469768963
tour-de-suisse/1989/stage-9,Tour de Suisse,50,,277500,2970.438929958227,,604,,1,0,0,1989-06-22,0.0107042844322819,61.0,27.55701161027605
volta-a-catalunya/2011/stage-3,Volta Ciclista a Catalunya,50,6,183900,2430.3742953421747,,732,,1,0,0,2011-03-23,0.013215738419478927,719.0,417.90119518678995
giro-d-italia/1996/stage-11,Giro d'Italia,80,,130000,746.3520334281836,,1034,,1,0,0,1996-05-29,0.005741169487909105,0.0,93.32024754714836
tour-de-suisse/1974/prologue,Tour de Suisse,50,,9600,58.77641672991331,,541,,1,0,0,1974-06-13,0.006122543409365969,15.0,8.018728078691781
vuelta-a-espana/2021/stage-9,La Vuelta ciclista a España,80,100,188000,4725.0,5,1023,,1,0,0,2021-08-22,0.025132978723404257,1716.0,698.0074098979507
vuelta-a-espana/2004/stage-7,Vuelta a España,80,,165000,1513.0,1,1177,,1,0,0,2004-09-10,0.00916969696969697,0.0,120.38906437167871
giro-d-italia/2013/stage-11,Giro d'Italia,80,16,182000,2824.0,3,930,,1,0,0,2013-05-15,0.015516483516483517,632.0,236.16089814662894
milano-sanremo/2017/result,Milano-Sanremo,275,500,291000,2166.0,2,1054,,0,0,0,2017-03-18,0.007443298969072165,235.0,290.4212740409064
e3-harelbeke/2017/result,Record Bank E3 Harelbeke,225,400,206100,1863.0,2,727,,0,0,0,2017-03-24,0.009039301310043667,136.0,215.4282763750032
tour-de-france/2004/stage-8,Tour de France,100,,168000,2306.0,3,1555,,1,0,0,2004-07-11,0.013726190476190477,0.0,74.26678717545032
tour-de-suisse/1999/stage-3,Tour de Suisse,50,,167500,2934.890770850828,,900,,1,0,0,1999-06-18,0.017521735945378078,740.0,375.630069938258
paris-nice/2009/stage-5,Paris - Nice,30,,204000,2347.9768413606716,2,796,,1,0,0,2009-03-12,0.011509690398826822,153.0,169.27975711639644
amstel-gold-race/1999/result,Amstel Gold Race,225,,253000,3436.18753152303,,1404,,0,0,0,1999-04-24,0.013581768899300514,560.0,236.19214008947924
tirreno-adriatico/2000/stage-1,Tirreno-Adriatico,50,,131000,1279.6396242387216,,1197,,1,0,0,2000-03-08,0.009768241406402456,0.0,267.8012066028234
paris-roubaix/1972/result,Paris - Roubaix,275,,272000,2177.9342441711224,,777,,0,0,0,1972-04-16,0.008007111191805596,155.0,54.5787439001145
dauphine/2013/stage-6,Critérium du Dauphiné,50,6,143000,2207.0,4,985,,1,0,0,2013-06-07,0.015433566433566434,334.0,383.32614185508834
liege-bastogne-liege/2011/result,Liège - Bastogne - Liège,275,,255500,4123.901306737584,,1201,,0,0,0,2011-04-24,0.016140513920695043,243.0,220.5694107296115
tour-de-france/2022/stage-8,Tour de France,100,120,186300,2556.0,3,1551,23,1,0,0,2022-07-09,0.013719806763285025,257.0,226.5575464164705
itzulia-basque-country/2005/stage-4,Vuelta al País Vasco,50,,167000,1329.5898821735047,,1217,,1,0,0,2005-04-07,0.00796161606091919,15.0,175.19800486126985
tour-de-romandie/1995/stage-1,Tour de Romandie,50,,203300,2431.875903498271,,798,,1,0,0,1995-05-03,0.011962006411698332,4.5,22.812277396174192
vuelta-a-espana/2016/stage-11,Vuelta a España,80,100,168600,2351.0,5,821,,1,0,0,2016-08-31,0.013944246737841044,452.0,266.96767311631
tour-de-suisse/1983/prologue,Tour de Suisse,50,,9000,65.04104596204888,,809,,1,0,0,1983-06-14,0.007226782884672098,40.5,15.483447382838966
tour-de-france/1981/stage-21,Tour de France,100,,207000,1803.0,1,1362,,1,0,0,1981-07-18,0.008710144927536231,277.0,115.15512235179446
dauphine/1990/stage-6,Critérium du Dauphiné Libéré,50,,209000,2074.6378054399156,,637,,1,0,0,1990-06-04,0.009926496676746008,238.0,135.4458071210278
vuelta-a-espana/2008/stage-15,Vuelta a España,80,,202000,3130.0,2,1101,,1,0,0,2008-09-15,0.015495049504950495,980.0,343.3045107931508
vuelta-a-espana/1982/stage-9,Vuelta a España,80,,182000,2549.733144501492,,523,,1,0,0,1982-04-29,0.01400952277198622,184.0,294.4803601934814
tour-de-suisse/1991/stage-10,Tour de Suisse,50,,215000,3354.356794635365,,796,,1,0,0,1991-06-28,0.01560165950993193,140.0,67.23986912539316
tour-de-france/1983/stage-6,Tour de France,100,,58000,506.0,1,1269,,1,0,0,1983-07-07,0.008724137931034482,420.5,199.71135601882435
tirreno-adriatico/1995/stage-3,Tirreno-Adriatico,50,,167000,1965.882826086803,,749,,1,0,0,1995-03-10,0.011771753449621575,0.0,0.0
la-fleche-wallone/2004/result,La Flèche Wallonne,225,,199500,2880.997338630482,3,1159,,0,0,0,2004-04-21,0.014441089416694145,119.0,228.44709874077395
tour-de-france/2023/stage-19,Tour de France,100,210,172800,1934.0,2,1584,21,1,0,0,2023-07-21,0.01119212962962963,823.0,327.2873847699916
tour-de-france/1982/stage-11,Tour de France,100,,57000,588.0,2,1492,,1,0,0,1982-07-14,0.01031578947368421,481.5,164.34333013155765
dauphine/2003/stage-3,Critérium du Dauphiné Libéré,50,,33400,572.580690669942,,572,,1,0,0,2003-06-11,0.017143134451195866,355.0,120.13980938468576
giro-d-italia/2021/stage-13,Giro d'Italia,80,100,198000,199.0,1,885,,1,0,0,2021-05-21,0.001005050505050505,0.0,37.34542735311436
tour-de-suisse/1977/stage-5,Tour de Suisse,50,,226500,3172.2991337637804,,627,,1,0,0,1977-06-20,0.014005735689906316,0.0,0.0
vuelta-a-espana/2009/stage-3,Vuelta a España,80,,189700,601.0,1,1220,,1,0,0,2009-08-31,0.003168160253031102,0.0,3.5
vuelta-a-espana/1993/stage-14,Vuelta a España,80,,197200,2376.0,,819,,1,0,0,1993-05-09,0.01204868154158215,85.0,49.49295284131247
dwars-door-vlaanderen/2015/result,Dwars door Vlaanderen / A travers la Flandre,125,,200200,1712.619255277137,2,479,,0,0,0,2015-03-25,0.008554541734651033,410.0,132.05255844561546
tour-de-france/1996/stage-12,Tour de France,100,,143500,3000.0,2,1872,,1,0,0,1996-07-12,0.020905923344947737,914.0,243.70260281886542
tour-de-france/1995/stage-15,Tour de France,100,,207000,6000.0,5,1871,,1,0,0,1995-07-18,0.028985507246376812,1974.0,714.6591179663668
giro-d-italia/2005/stage-19,Giro d'Italia,80,,190000,4674.0,5,929,,1,0,0,2005-05-28,0.0246,1751.0,808.1550014158579
tirreno-adriatico/1998/stage-5,Tirreno-Adriatico,50,,208000,3031.6605052750283,,769,,1,0,0,1998-03-15,0.014575290890745328,45.0,385.08540478651196
itzulia-basque-country/2011/stage-3,Vuelta Ciclista al País Vasco,50,6,177000,2560.0,,935,,1,0,0,2011-04-06,0.014463276836158192,237.0,339.7710943859906
tour-de-france/2019/stage-14,Tour de France,100,120,111000,3376.0,5,1699,,1,0,0,2019-07-20,0.030414414414414413,1219.0,484.83445484095677
tour-de-romandie/2010/stage-5,Tour de Romandie,50,6,121800,2739.875411570787,,678,,1,0,0,2010-05-02,0.022494872016180518,401.0,397.90421620299713
giro-d-italia/2017/stage-21,Giro d'Italia,80,100,29300,25.0,1,881,,1,0,0,2017-05-28,0.0008532423208191126,195.0,84.21952238234643
giro-d-italia/2014/stage-4,Giro d'Italia,80,16,112000,309.0,1,892,,1,0,0,2014-05-13,0.0027589285714285715,0.0,16.136999384671658
giro-d-italia/1997/stage-13,Giro d'Italia,80,,150000,2749.039381497518,,792,,1,0,0,1997-05-30,0.018326929209983453,1.0,54.6462648125584
tour-de-france/2012/stage-11,Tour de France,100,,148000,4987.0,5,1703,,1,0,0,2012-07-12,0.033695945945945945,1772.0,661.8309229458046
tour-de-suisse/1993/stage-5,Tour de Suisse,50,,219500,3052.6612858300214,,655,,1,0,0,1993-06-19,0.01390734070993176,0.0,0.0
giro-d-italia/1992/stage-19,Giro d'Italia,80,,201000,4011.814966357568,,953,,1,0,0,1992-06-12,0.019959278439589893,966.0,491.01759456880507
giro-d-italia/1999/stage-20,Giro d'Italia,80,,175000,2711.639775145997,,1057,,1,0,0,1999-06-04,0.015495084429405698,708.0,374.25623274172966
volta-a-catalunya/2007/stage-4,Volta Ciclista a Catalunya,50,,203100,4012.620350870052,5,816,,1,0,0,2007-05-24,0.019756870265239056,757.0,516.2424806799611
tour-de-france/2022/stage-4,Tour de France,100,120,171500,1785.0,1,1551,20,1,0,0,2022-07-05,0.010408163265306122,8.0,127.18714938546785
giro-d-italia/2020/stage-4,Giro d'Italia,80,100,140000,1791.0,4,765,,1,0,0,2020-10-06,0.012792857142857142,30.0,164.41614895696742
tirreno-adriatico/2013/stage-3,Tirreno-Adriatico,50,6,190000,2018.0,2,1331,,1,0,0,2013-03-08,0.010621052631578948,0.0,194.96727931650472
giro-d-italia/1990/stage-10,Giro d'Italia,80,,68000,502.23409658675155,,1061,,1,0,0,1990-05-27,0.007385795538040464,107.5,67.63209297367634
giro-d-italia/2021/stage-2,Giro d'Italia,80,100,179000,706.9999999999998,1,885,,1,0,0,2021-05-09,0.00394972067039106,0.0,12.776548710880746
giro-d-italia/1994/stage-7,Giro d'Italia,80,,119000,1050.383343252332,,1292,,1,0,0,1994-05-28,0.008826750783633042,1.0,4.743416490252569
dauphine/2009/stage-1,Critérium du Dauphiné Libéré,50,,12100,77.87528274360739,,708,,1,0,0,2009-06-07,0.006435973780463421,72.0,24.278675450539986
vuelta-a-espana/2002/stage-21,Vuelta a España,80,,41200,373.0,1,1084,,1,0,0,2002-09-28,0.009053398058252428,373.0,113.9037776057353
vuelta-a-espana/2016/stage-13,Vuelta a España,80,100,213400,3716.0,2,821,,1,0,0,2016-09-02,0.017413308341143394,2034.0,505.6742291589545
giro-d-italia/2017/stage-19,Giro d'Italia,80,100,191000,3551.0,5,881,,1,0,0,2017-05-26,0.018591623036649213,1460.0,500.6988551597476
tirreno-adriatico/2020/stage-8,Tirreno-Adriatico,50,60,10100,12.0,1,687,,1,0,0,2020-09-14,0.001188118811881188,91.0,32.40886355746049
tour-de-suisse/1975/stage-2,Tour de Suisse,50,,199000,1058.7484417302223,,549,,1,0,0,1975-06-13,0.005320343928292575,0.0,0.0
tour-de-romandie/2021/stage-3,Tour de Romandie,50,60,168700,1974.0,2,560,,1,0,0,2021-04-30,0.011701244813278009,241.0,421.1105432146963
giro-d-italia/2022/stage-8,Giro d'Italia,80,100,153000,2243.0,2,817,22,1,0,0,2022-05-14,0.014660130718954249,213.0,262.1463804200485
giro-d-italia/2004/stage-12,Giro d'Italia,80,,210000,171.0,1,621,,1,0,0,2004-05-21,0.0008142857142857143,0.0,22.417895327284345
tour-de-suisse/1983/stage-2,Tour de Suisse,50,,209000,2822.3794624689117,,809,,1,0,0,1983-06-16,0.013504207954396706,0.0,0.0
paris-nice/1982/stage-5,Paris - Nice,50,,158000,1750.6903592606468,,721,,1,0,0,1982-03-16,0.011080318729497765,19.0,7.603257447273753
vuelta-a-espana/2018/stage-3,La Vuelta ciclista a España,80,100,178200,3160.0,4,1036,,1,0,0,2018-08-27,0.017732884399551067,0.0,207.00949551053714
giro-d-italia/1994/stage-17,Giro d'Italia,80,,200000,886.1391046748765,,1292,,1,0,0,1994-06-07,0.004430695523374383,29.0,28.677517326295874
dauphine/2012/stage-2,Critérium du Dauphiné,50,6,160000,3002.0,,1117,,1,0,0,2012-06-05,0.0187625,75.0,246.07192931356806
tour-de-france/1979/stage-13,Tour de France,100,,202000,2993.0,5,1381,,1,0,0,1979-07-10,0.014816831683168316,432.0,187.5281694713829
tour-de-suisse/2019/stage-8,Tour de Suisse,50,60,19200,95.0,1,802,,1,0,0,2019-06-22,0.0049479166666666664,103.0,48.93094150981604
il-lombardia/2007/result,Giro di Lombardia,275,,242000,3798.0,2,996,,0,0,0,2007-10-20,0.015694214876033057,500.0,284.4269028233544
dwars-door-vlaanderen/2004/result,Dwars door Vlaanderen,75,,204000,2547.1855767823427,2,539,,0,0,0,2004-03-24,0.012486203807756582,377.0,148.73324596390202
ronde-van-vlaanderen/2020/result,Ronde van Vlaanderen - Tour des Flandres ME,275,500,243300,2014.0,1,804,,0,0,0,2020-10-18,0.00827784628031237,299.0,232.33537495122536
vuelta-a-espana/2000/stage-12,Vuelta a España,80,,132000,392.0,1,981,,1,0,0,2000-09-07,0.00296969696969697,34.0,102.54004557977923
vuelta-a-espana/1983/stage-12,Vuelta a España,80,,147000,2213.7610928878153,,705,,1,0,0,1983-05-01,0.015059599271345682,2.0,515.6764979235774
amstel-gold-race/1986/result,Amstel Gold Race,225,,242000,3113.1356098534916,,471,,0,0,0,1986-04-26,0.012864196734931783,236.0,185.76504063944398
tirreno-adriatico/2021/stage-1,Tirreno-Adriatico,50,60,156000,1032.0,1,1108,,1,0,0,2021-03-10,0.006615384615384615,0.0,39.7603436366988
omloop-het-nieuwsblad/1985/result,Omloop Het Volk,125,,223000,1336.24154706942,,410,,0,0,0,1985-03-02,0.005992114560849417,184.0,51.61563462143748
volta-a-catalunya/1970/stage-7b,Volta Ciclista a Catalunya,50,,32200,284.99478052720315,,570,,1,0,0,1970-09-16,0.00885076958159016,48.0,41.82436822927249
world-championship/2007/result,World Championships ME - Road Race,350,,267000,4576.0,,1275,,0,0,0,2007-09-30,0.017138576779026218,49.0,257.80183926803136
giro-d-italia/2011/stage-19,Giro d'Italia,80,16,209000,3018.0,5,891,,1,0,0,2011-05-27,0.014440191387559809,1171.0,569.1890786445631
vuelta-a-espana/2005/stage-17,Vuelta a España,80,,165600,2973.0,4,960,,1,0,0,2005-09-14,0.017952898550724638,1030.0,496.9995430934743
tour-de-france/1995/prologue,Tour de France,100,,7300,280.0,1,1871,,1,0,0,1995-07-01,0.038356164383561646,46.0,21.984057463742236
vuelta-a-espana/1987/stage-18,Vuelta a España,80,,24000,146.0,,838,,1,0,0,1987-05-11,0.006083333333333333,40.5,22.70119918516298
vuelta-a-espana/1995/stage-11,Vuelta a España,80,,187000,2465.0,,883,,1,0,0,1995-09-13,0.013181818181818182,0.0,0.0
world-championship/1971/result,World Championships - Road Race,350,,268800,3440.0,,1386,,0,0,0,1971-09-05,0.012797619047619047,451.0,164.0974536998577
tirreno-adriatico/1992/stage-6,Tirreno-Adriatico,50,,184500,1112.9881406950021,,638,,1,0,0,1992-03-17,0.006032456047127383,3.0,2.04939015319192
giro-d-italia/2014/stage-8,Giro d'Italia,80,16,179000,3515.0,5,892,,1,0,0,2014-05-17,0.019636871508379887,1312.0,762.8181192648291
tour-de-france/1986/stage-18,Tour de France,100,,162500,5000.0,5,1872,,1,0,0,1986-07-20,0.03076923076923077,1165.0,400.2934878258686
tirreno-adriatico/2009/stage-6,Tirreno-Adriatico,50,,235000,5262.0,5,1206,,1,0,0,2009-03-16,0.022391489361702127,1520.5,698.422701356413
tour-de-france/1995/stage-18,Tour de France,100,,154000,2476.0,1,1871,,1,0,0,1995-07-21,0.016077922077922076,474.0,126.99035882412652
dauphine/2021/stage-4,Critérium du Dauphiné,50,60,16400,317.0,3,790,,1,0,0,2021-06-02,0.019329268292682927,108.0,58.368951059803024
tour-de-romandie/2011/stage-3,Tour de Romandie,50,6,166500,1569.0,,660,,1,0,0,2011-04-29,0.009423423423423423,0.0,340.2540841848048
tour-de-france/2001/stage-13,Tour de France,70,,194000,5500.0,5,1496,,1,0,0,2001-07-21,0.028350515463917526,1727.0,674.18040475152
paris-nice/1995/stage-3,Paris - Nice,50,,168000,2655.274444158504,,861,,1,0,0,1995-03-07,0.015805205024753,0.0,0.0
tour-de-france/1980/stage-13,Tour de France,100,,200000,5500.0,4,1224,,1,0,0,1980-07-10,0.0275,1610.0,597.9825432069051
tour-de-suisse/1990/stage-9,Tour de Suisse,50,,194000,3195.4229207692415,,767,,1,0,0,1990-06-20,0.016471252168913614,122.5,58.93018468210215
giro-d-italia/2001/stage-4,Giro d'Italia,80,,169000,2828.0,5,920,,1,0,0,2001-05-23,0.016733727810650887,669.0,406.8944124181884
giro-d-italia/2012/stage-1,Giro d'Italia,80,16,8700,77.0,1,886,,1,0,0,2012-05-05,0.008850574712643678,57.0,19.336213312324197
tirreno-adriatico/1979/prologue,Tirreno-Adriatico,50,,8000,93.94572561736322,,446,,1,0,0,1979-03-09,0.011743215702170403,1.0,0.4472135954999579
tour-de-france/1993/stage-3,Tour de France,100,,189500,2317.0,1,1804,,1,0,0,1993-07-06,0.012226912928759895,0.0,27.742056310080702
paris-nice/2012/stage-5,Paris - Nice,50,6,178000,3037.0,3,1079,,1,0,0,2012-03-08,0.01706179775280899,316.0,484.4576957954246
vuelta-a-espana/2004/stage-16,Vuelta a España,80,,190000,731.9999999999998,1,1177,,1,0,0,2004-09-21,0.003852631578947367,713.0,190.53890321491892
tour-de-suisse/1970/stage-1,Tour de Suisse,50,,185000,3817.8846346100777,,393,,1,0,0,1970-06-11,0.020637214241135553,0.0,4.381780460041329
vuelta-a-espana/1989/stage-3b,Vuelta a España,80,,101000,2255.0,,803,,1,0,0,1989-04-26,0.022326732673267326,0.0,0.0
vuelta-a-espana/2002/stage-17,Vuelta a España,80,,145600,833.0,1,1084,,1,0,0,2002-09-24,0.005721153846153846,0.0,11.68101116217449
tour-de-france/1979/stage-9,Tour de France,100,,203000,1137.0,1,1381,,1,0,0,1979-07-06,0.0056009852216748765,906.0,585.5782422413931
paris-nice/1994/stage-5,Paris - Nice,50,,199300,2878.736866811941,,900,,1,0,0,1994-03-10,0.014444239171158762,32.0,14.08116546239056
tour-de-romandie/1987/stage-3,Tour de Romandie,50,,163400,3794.8518901977236,,251,,1,0,0,1987-05-08,0.02322430777354788,0.0,0.0
omloop-het-nieuwsblad/1989/result,Omloop Het Volk,125,,244000,1862.3795524942354,,872,,0,0,0,1989-03-04,0.007632703083992768,5.0,146.36770058173664
dauphine/2023/stage-4,Critérium du Dauphiné,50,60,31100,408.0,2,781,27,1,0,0,2023-06-07,0.013118971061093247,225.0,107.86352705160361
tirreno-adriatico/2001/stage-5,Tirreno-Adriatico,50,,14200,70.0595795609579,,1092,,1,0,0,2001-03-18,0.004933773208518162,15.0,47.82921687554695
tour-de-suisse/2023/stage-1,Tour de Suisse,50,60,12700,76.0,1,855,23,1,0,0,2023-06-11,0.005984251968503937,61.0,26.33768702380631
tour-de-france/1990/stage-17,Tour de France,100,,150000,2586.0,4,1959,,1,0,0,1990-07-18,0.01724,863.0,356.10916532520383
dauphine/1970/stage-5b,Critérium du Dauphiné Libéré,50,,34000,237.45326388124658,,766,,1,0,0,1970-05-24,0.006983919525919017,65.0,37.46598457267606
tour-de-romandie/2014/stage-2,Tour de Romandie,50,6,166500,1834.0,4,847,,1,0,0,2014-05-01,0.011015015015015015,8.0,248.60697742369237
gp-montreal/2013/result,Grand Prix Cycliste de Montréal,225,,205700,2859.1884787385843,1,912,,0,0,0,2013-09-15,0.013899798146517182,26.0,226.82644942311012
tour-de-france/2007/stage-10,Tour de France,100,,229500,1917.0,2,1612,,1,0,0,2007-07-18,0.008352941176470589,636.0,147.045582569002
tour-de-suisse/2005/stage-9,Tour de Suisse,50,,100000,3357.6824749534712,,971,,1,0,0,2005-06-19,0.03357682474953471,1228.0,505.4217773639241
liege-bastogne-liege/2017/result,Liège - Bastogne - Liège,275,500,258000,4187.0,3,998,,0,0,0,2017-04-23,0.016228682170542637,331.0,280.41232641257574
la-fleche-wallone/2007/result,La Flèche Wallonne,225,,202000,2886.3332765393234,3,1143,,0,0,0,2007-04-25,0.014288778596729324,92.0,244.13900724394037
dauphine/1975/stage-4,Critérium du Dauphiné Libéré,50,,149000,1908.6495330448372,,889,,1,0,0,1975-06-06,0.012809728409696894,0.0,0.0
omloop-het-nieuwsblad/2007/result,Omloop Het Volk ME,125,,200000,1717.553281680372,2,605,,0,0,0,2007-03-03,0.00858776640840186,266.0,128.31180619040143
uae-tour/2020/stage-4,UAE Tour,50,40,173000,541.0,1,747,,1,0,0,2020-02-26,0.0031271676300578034,0.0,22.737193507074743
vuelta-a-espana/1993/stage-5,Vuelta a España,80,,219800,3595.0,,819,,1,0,0,1993-04-30,0.016355777979981802,1093.0,749.7098734016602
vuelta-a-espana/1985/stage-13,Vuelta a España,80,,193000,2500.0,,925,,1,0,0,1985-05-06,0.012953367875647668,209.5,95.58657672912894
vuelta-a-espana/2016/stage-7,Vuelta a España,80,100,158500,2616.0,2,821,,1,0,0,2016-08-26,0.01650473186119874,72.0,376.00337221864214
paris-roubaix/2022/result,Paris-Roubaix,275,500,257200,1362.0,1,747,17,0,0,0,2022-04-17,0.005295489891135303,916.0,452.86042627399485
la-fleche-wallone/2011/result,La Flèche Wallonne,225,,201000,2757.221282438644,3,1109,,0,0,0,2011-04-20,0.013717518818102705,84.0,170.55316626807732
tour-de-romandie/2013/stage-5,Tour de Romandie,50,6,18600,34.0,1,956,,1,0,0,2013-04-28,0.0018279569892473118,117.0,44.998613420454866
tour-de-france/2000/stage-12,Tour de France,100,,149000,3830.0,5,1437,,1,0,0,2000-07-13,0.02570469798657718,1025.0,455.65985984582875
tour-de-france/2016/stage-6,Tour de France,100,120,190500,2025.0,2,1758,,1,0,0,2016-07-07,0.01062992125984252,5.0,58.5234553090429
paris-nice/1988/stage-6a,Paris - Nice,50,,100000,757.6148287549361,,1146,,1,0,0,1988-03-12,0.007576148287549361,0.0,0.0
volta-a-catalunya/1981/stage-4,Volta Ciclista a Catalunya,50,,180500,4072.142016131222,,388,,1,0,0,1981-09-07,0.02256034357967436,205.0,196.21386891079126
dauphine/1994/stage-2,Critérium du Dauphiné Libéré,50,,208000,3718.801219993832,,362,,1,0,0,1994-06-01,0.017878852019201117,0.0,0.0
ronde-van-vlaanderen/1974/result,Ronde van Vlaanderen / Tour des Flandres,275,,256000,2775.6304378543773,,816,,0,0,0,1974-03-31,0.010842306397868661,19.0,334.53029755900593
tirreno-adriatico/2018/stage-7,Tirreno-Adriatico,50,60,10050,9.0,1,1196,,1,0,0,2018-03-13,0.0008955223880597015,60.0,30.773469948949717
tour-de-france/1988/stage-11,Tour de France,100,,232000,4000.0,3,1941,,1,0,0,1988-07-13,0.017241379310344827,662.0,598.1760455939016
vuelta-a-espana/2013/stage-11,Vuelta a España,80,16,38800,687.0,2,1128,,1,0,0,2013-09-04,0.01770618556701031,344.0,131.20146732936036
tour-de-france/1999/stage-8,Tour de France,70,,56500,708.0,1,1255,,1,0,0,1999-07-11,0.012530973451327433,504.5,157.63400311568725
tour-de-france/2013/stage-1,Tour de France,100,20,213000,1529.0,1,1690,,1,0,0,2013-06-29,0.007178403755868545,0.0,0.0
vuelta-a-espana/2006/stage-14,Vuelta a España,80,,33000,429.0,1,1026,,1,0,0,2006-09-09,0.013,245.0,94.75180600278036
vuelta-a-espana/2016/stage-15,Vuelta a España,80,100,118500,3877.0,5,821,,1,0,0,2016-09-04,0.03271729957805907,3234.0,1342.250531607449
vuelta-a-espana/2022/stage-19,La Vuelta ciclista a España,80,100,138300,2278.0,4,968,29,1,0,0,2022-09-09,0.016471438900939987,69.0,342.7694924084569
volta-a-catalunya/2019/stage-7,Volta Ciclista a Catalunya,50,50,143100,2225.0,2,918,,1,0,0,2019-03-31,0.015548567435359888,398.0,245.30893653398428
giro-d-italia/1992/stage-8,Giro d'Italia,80,,165000,1486.3513468727863,,953,,1,0,0,1992-06-01,0.00900818998104719,0.0,0.0
tour-de-romandie/2002/prologue,Tour de Romandie,50,,3200,50.624487355087695,,535,,1,0,0,2002-04-30,0.015820152298464906,13.5,7.6794803603272
volta-a-catalunya/2006/stage-1,Volta Ciclista a Catalunya,50,,12600,122.4135810660905,1,882,,1,0,0,2006-05-15,0.009715363576673849,54.0,24.72560446128304
tour-de-suisse/2010/stage-5,Tour de Suisse,50,6,213300,3060.3456787601285,,1198,,1,0,0,2010-06-17,0.014347612183591789,1017.0,567.7416926601388
giro-d-italia/1999/stage-13,Giro d'Italia,80,,243000,4926.155389207774,,1057,,1,0,0,1999-05-27,0.020272244400031992,1101.0,716.2588690943988
paris-nice/1994/stage-2,Paris - Nice,50,,161000,2522.3358620607687,,900,,1,0,0,1994-03-07,0.015666682373048253,0.0,0.0
paris-roubaix/1999/result,Paris - Roubaix,275,,273000,2457.6865150991457,1,783,,0,0,0,1999-04-11,0.009002514707322879,300.0,291.99902488900625
tour-de-romandie/2005/stage-4,Tour de Romandie,50,,150200,2147.4520470600287,,799,,1,0,0,2005-04-30,0.01429728393515332,279.5,392.3635491277138
paris-nice/1980/stage-1b,Paris - Nice,50,,116000,1215.475794541036,,1128,,1,0,0,1980-03-06,0.01047823960811238,0.0,15.141438435457077
vuelta-a-espana/1997/stage-16,Vuelta a España,80,,169000,2070.0,,1165,,1,0,0,1997-09-22,0.012248520710059172,0.0,48.077501328497675
volta-a-catalunya/2019/stage-4,Volta Ciclista a Catalunya,50,50,150300,3500.0,4,918,,1,0,0,2019-03-28,0.023286759813705923,740.0,518.3676358525186
tour-de-france/2018/stage-1,Tour de France,100,120,201000,454.0,1,1689,,1,0,0,2018-07-07,0.0022587064676616916,51.0,85.69325406998762
giro-d-italia/2012/stage-9,Giro d'Italia,80,16,166000,1298.0,1,886,,1,0,0,2012-05-14,0.007819277108433735,0.0,125.51946139446758
tour-de-romandie/1991/stage-3,Tour de Romandie,50,,179000,793.1633509052979,,521,,1,0,0,1991-05-10,0.004431080172655295,0.0,0.0
paris-nice/1985/stage-1,Paris - Nice,50,,179500,2370.2559402991355,,815,,1,0,0,1985-03-04,0.013204768469633067,0.0,0.0
tour-de-france/1996/stage-13,Tour de France,100,,177000,3000.0,3,1872,,1,0,0,1996-07-13,0.01694915254237288,664.0,353.6925896119676
itzulia-basque-country/2005/stage-2,Vuelta al País Vasco,50,,166000,2702.4667784998014,,1217,,1,0,0,2005-04-05,0.016279920352408443,333.0,438.0822285487173
paris-nice/1992/stage-7b,Paris - Nice,50,,12000,290.52265827784413,,877,,1,0,0,1992-03-15,0.024210221523153677,127.0,42.759431304885716
tour-de-suisse/1970/stage-2,Tour de Suisse,50,,160000,2341.931728773159,,393,,1,0,0,1970-06-12,0.014637073304832245,0.0,8.215838362577491
tour-de-france/1984/stage-4,Tour de France,100,,83000,428.0000000000002,1,1632,,1,0,0,1984-07-02,0.0051566265060240995,62.0,24.177486688251804
tirreno-adriatico/1993/stage-1,Tirreno-Adriatico,50,,189000,1009.6874931997302,,568,,1,0,0,1993-03-10,0.005342261868781641,2.0,0.6666666666666666
tour-de-suisse/1984/stage-5,Tour de Suisse,50,,174500,1123.831253757548,,646,,1,0,0,1984-06-18,0.006440293717808298,32.0,13.063945294843617
san-sebastian/2018/result,Clasica Ciclista San Sebastian,225,400,228700,4130.0,2,790,,0,0,0,2018-08-04,0.01805859204197639,142.0,225.303407228213
itzulia-basque-country/2019/stage-4,Itzulia Basque Country,50,50,163600,2223.0,2,762,,1,0,0,2019-04-11,0.0135880195599022,276.0,317.40440582781105
uae-tour/2020/stage-1,UAE Tour,50,40,148000,1556.0,1,747,,1,0,0,2020-02-23,0.010513513513513513,0.0,28.653384511915288
paris-nice/2000/stage-5,Paris - Nice,50,,196200,3745.683330466533,,880,,1,0,0,2000-03-10,0.019091148473325856,654.5,538.4082757584887
vuelta-a-espana/2008/stage-14,Vuelta a España,80,,158400,3589.0,5,1101,,1,0,0,2008-09-14,0.022657828282828283,929.0,406.83763212543187
amstel-gold-race/2002/result,Amstel Gold Race,225,,254400,3434.454643570949,,977,,0,0,0,2002-04-28,0.013500214793910963,311.0,275.76065216999933
paris-nice/2017/stage-5,Paris - Nice,50,60,199500,2272.0,2,1158,,1,0,0,2017-03-09,0.011388471177944863,0.0,164.35900048810365
giro-d-italia/2021/stage-15,Giro d'Italia,80,100,147000,1682.0,2,885,,1,0,0,2021-05-23,0.0114421768707483,1041.0,311.0860734829119
tour-de-france/1979/stage-16,Tour de France,100,,201000,5000.0,5,1381,,1,0,0,1979-07-13,0.024875621890547265,1205.0,572.5661437684723
tour-de-france/2008/stage-20,Tour de France,100,,53000,408.0,1,1520,,1,0,0,2008-07-26,0.00769811320754717,390.0,114.28722882396148
paris-nice/2000/stage-1,Paris - Nice,50,,201000,2939.2261121243164,,880,,1,0,0,2000-03-06,0.014623015483205553,0.0,0.0
itzulia-basque-country/2000/stage-4,Vuelta al País Vasco,50,,199000,2891.8946335401756,,992,,1,0,0,2000-04-06,0.014532133836885305,372.0,392.8143727367565
vuelta-a-espana/2018/stage-6,La Vuelta ciclista a España,80,100,155700,1399.0,2,1036,,1,0,0,2018-08-30,0.008985228002569044,104.0,135.4226596577119
omloop-het-nieuwsblad/1983/result,Omloop Het Volk,125,,220000,2012.837912982741,,756,,0,0,0,1983-03-05,0.009149263240830641,245.0,69.86200631211038
dauphine/2015/stage-7,Critérium du Dauphiné,50,6,155000,4282.0,5,997,,1,0,0,2015-06-13,0.027625806451612903,1372.0,608.5567836200913
dauphine/2000/stage-7,Criterium du Dauphiné Libére,50,,147000,1320.858231461438,,494,,1,0,0,2000-06-11,0.008985430145996176,208.0,139.28527236134548
tour-de-france/2018/stage-21,Tour de France,100,120,116000,731.9999999999998,1,1689,,1,0,0,2018-07-29,0.006310344827586205,24.0,65.2103460259699
la-fleche-wallone/2010/result,La Flèche Wallonne,225,,198000,2881.6005385467115,3,1178,,0,0,0,2010-04-21,0.01455353807346824,74.0,250.2966597695094
paris-roubaix/2011/result,Paris - Roubaix,275,,258000,2207.6987020599004,1,836,,0,0,0,2011-04-10,0.008556971713410466,610.0,328.3867824035316
tour-de-romandie/2004/stage-4,Tour de Romandie,50,,127700,3655.0173561307283,,507,,1,0,0,2004-05-01,0.0286219056862234,927.0,640.3867870893743
itzulia-basque-country/2009/stage-1,Vuelta Ciclista al País Vasco,50,,142500,2209.6641295206236,,1029,,1,0,0,2009-04-06,0.015506414944004376,237.0,224.17152848434282
la-fleche-wallone/1998/result,La Flèche Wallonne,225,,201000,2261.385366138593,,860,,0,0,0,1998-04-15,0.011250673463376083,450.0,213.09825417883167
tour-de-france/2002/stage-18,Tour de France,100,,176500,3814.0,2,1489,,1,0,0,2002-07-26,0.021609065155807364,702.0,162.11535396491598
vuelta-a-espana/2003/stage-12,Vuelta a España,80,,168800,743.0,1,935,,1,0,0,2003-09-17,0.0044016587677725115,510.0,292.0021718736093
itzulia-basque-country/2000/stage-3,Vuelta al País Vasco,50,,190000,2607.903410315669,,992,,1,0,0,2000-04-05,0.013725807422714047,0.0,352.87860255583996
vuelta-a-espana/1995/stage-17,Vuelta a España,80,,179200,3845.0,,883,,1,0,0,1995-09-20,0.021456473214285714,52.0,96.56378256139361
tour-de-suisse/2006/stage-5,Tour de Suisse,50,,229500,3068.460691553319,,972,,1,0,0,2006-06-14,0.013370199091735596,459.0,441.96481223879204
giro-d-italia/2004/stage-19,Giro d'Italia,80,,122000,3428.0,4,621,,1,0,0,2004-05-29,0.028098360655737706,1412.0,756.3380825877788
itzulia-basque-country/2008/stage-4,Vuelta Ciclista al País Vasco,50,,171000,2102.502702934453,,838,,1,0,0,2008-04-10,0.012295337444061128,0.0,112.60152615560732
giro-d-italia/2015/stage-12,Giro d'Italia,80,16,190000,1288.0,3,861,,1,0,0,2015-05-21,0.006778947368421053,816.0,411.5178684053326
tirreno-adriatico/2014/stage-5,Tirreno-Adriatico,50,6,192000,3111.0,5,1269,,1,0,0,2014-03-16,0.016203125,1048.5,579.9837251472666
tour-de-suisse/2002/stage-8,Tour de Suisse,50,,228900,3727.4043648036923,,673,,1,0,0,2002-06-26,0.0162839858663333,6.0,119.55990839447392
tour-de-france/2011/stage-17,Tour de France,100,20,179000,3193.0,4,1713,,1,0,0,2011-07-20,0.017837988826815643,855.0,274.82328677865564
tour-de-france/2022/stage-11,Tour de France,100,120,151700,4070.0,5,1551,25,1,0,0,2022-07-13,0.026829268292682926,1811.0,614.8776604247104
tour-de-suisse/1996/prologue,Tour de Suisse,50,,5400,111.68572851547833,,971,,1,0,0,1996-06-11,0.02068254231768117,25.0,8.76790441418868
vuelta-a-espana/2011/stage-19,Vuelta a España,80,16,157900,2708.0,2,1170,,1,0,0,2011-09-09,0.01715009499683344,697.0,390.1959580281337
tour-de-france/2022/stage-12,Tour de France,100,120,165100,4660.0,5,1551,26,1,0,0,2022-07-14,0.028225317989097515,1658.0,649.0951244069735
vuelta-a-espana/1981/stage-8b,Vuelta a España,80,,30500,983.3846594854197,,457,,1,0,0,1981-04-29,0.032242119983128516,568.5,385.5061699146377
vuelta-a-espana/1980/stage-16a,Vuelta a España,80,,131000,1402.3508256476257,,520,,1,0,0,1980-05-08,0.0107049681347147,260.0,121.60881639647724
tour-de-suisse/2004/stage-5,Tour de Suisse,50,,161700,2464.419199237105,,676,,1,0,0,2004-06-16,0.015240687688541157,401.0,300.2644204611693
giro-d-italia/2017/stage-8,Giro d'Italia,80,100,189000,2127.0,2,881,,1,0,0,2017-05-13,0.011253968253968254,419.0,289.8702278031628
vuelta-a-espana/1988/stage-17,Vuelta a España,80,,244400,1721.0,,828,,1,0,0,1988-05-11,0.007041734860883797,0.0,0.0
tirreno-adriatico/1991/stage-5,Tirreno-Adriatico,50,,154500,1378.7029824106976,,710,,1,0,0,1991-03-17,0.008923643899098365,27.0,11.74734012447073
milano-sanremo/2018/result,Milano-Sanremo,275,500,294000,2143.0,2,1096,,0,0,0,2018-03-17,0.007289115646258504,159.5,333.1012962332882
paris-nice/1972/prologue,Paris - Nice,50,,1700,37.87413561002313,,1086,,1,0,0,1972-03-09,0.022278903300013607,10.0,4.087922591134904
tour-de-france/2015/stage-2,Tour de France,100,20,166000,241.0,1,1812,,1,0,0,2015-07-05,0.0014518072289156627,304.0,147.60892350502752
vuelta-a-espana/2022/stage-8,La Vuelta ciclista a España,80,100,153400,3741.0,5,968,20,1,0,0,2022-08-27,0.02438722294654498,821.0,591.8220917898233
tour-de-france/2016/stage-16,Tour de France,100,120,209000,1967.0,2,1758,,1,0,0,2016-07-18,0.009411483253588517,80.0,188.20876202037732
vuelta-a-espana/2018/stage-12,La Vuelta ciclista a España,80,100,181100,3021.0,2,1036,,1,0,0,2018-09-06,0.016681391496410822,699.0,495.5520740824248
tour-de-france/1988/stage-18,Tour de France,100,,93500,1489.0,3,1941,,1,0,0,1988-07-20,0.015925133689839572,46.0,154.15865093619198
tour-de-suisse/1995/stage-9,Tour de Suisse,50,,195600,2395.4730308422386,,764,,1,0,0,1995-06-22,0.012246794636207764,31.0,192.7658337638355
tour-de-suisse/1977/prologue,Tour de Suisse,50,,4000,43.314214763233394,,627,,1,0,0,1977-06-15,0.01082855369080835,13.0,7.00713921654194
volta-a-catalunya/2018/stage-4,Volta Ciclista a Catalunya,50,50,170800,4173.0,5,659,,1,0,0,2018-03-22,0.02443208430913349,1018.0,570.3577932890823
tour-de-france/2014/stage-14,Tour de France,100,20,177000,4838.0,5,1612,,1,0,0,2014-07-19,0.027333333333333334,1314.0,556.1350272099861
paris-nice/1976/stage-6a,Paris - Nice,50,,96000,1526.8392300777527,,779,,1,0,0,1976-03-13,0.015904575313309924,9.0,68.04494313109745
tour-de-france/1978/stage-17,Tour de France,100,,225000,6500.0,4,1241,,1,0,0,1978-07-18,0.028888888888888888,1420.0,553.0092536006075
tour-de-suisse/2019/stage-9,Tour de Suisse,50,60,101500,3071.0,4,802,,1,0,0,2019-06-23,0.03025615763546798,926.0,469.6671484769879
dauphine/2010/stage-7,Critérium du Dauphiné,50,6,151500,3908.7586135359857,5,673,,1,0,0,2010-06-12,0.025800386888026307,1479.0,673.4043840425077
tirreno-adriatico/1996/stage-6,Tirreno-Adriatico,50,,192000,1143.7010261371606,,585,,1,0,0,1996-03-18,0.005956776177797712,34.0,31.515075757484702
paris-nice/2022/stage-5,Paris - Nice,50,60,188800,3408.0,4,1182,,1,0,0,2022-03-10,0.01805084745762712,728.0,446.60300053027487
la-fleche-wallone/1994/result,La Flèche Wallonne,225,,205000,1909.6437660743022,,636,,0,0,0,1994-04-20,0.00931533544426489,139.0,101.3921205962922
la-fleche-wallone/2017/result,La Flèche Wallonne,225,400,200500,2596.0,3,865,,0,0,0,2017-04-19,0.012947630922693267,133.0,233.86561774488834
vuelta-a-espana/2004/stage-5,Vuelta a España,80,,186500,2240.0,3,1177,,1,0,0,2004-09-08,0.012010723860589812,360.0,405.94593901415885
ronde-van-vlaanderen/1983/result,Ronde van Vlaanderen / Tour des Flandres,275,,272000,2823.7246949802216,,433,,0,0,0,1983-04-03,0.010381340790368461,505.0,307.43985732662554
vuelta-a-espana/2020/stage-9,La Vuelta ciclista a España,80,100,157700,1163.0,1,692,,1,0,0,2020-10-29,0.007374762206721623,0.0,45.94415550910739
tirreno-adriatico/2004/stage-3,Tirreno-Adriatico,50,,168000,2611.710622310483,3,926,,1,0,0,2004-03-12,0.015545896561371921,292.0,289.8007433088928
tour-de-suisse/1977/stage-9b,Tour de Suisse,50,,19400,217.23933223877157,,627,,1,0,0,1977-06-24,0.011197903723648019,51.5,25.46697207495753
itzulia-basque-country/2009/stage-4,Vuelta Ciclista al País Vasco,50,,161000,1325.942459767638,,1029,,1,0,0,2009-04-09,0.008235667451972907,85.0,18.99242018980154
tour-de-romandie/2008/stage-3,Tour de Romandie,50,,18800,272.69224098850464,,590,,1,0,0,2008-05-02,0.014504906435558757,125.0,58.23489624641568
giro-d-italia/2008/stage-17,Giro d'Italia,80,,146000,1417.0,2,1058,,1,0,0,2008-05-28,0.009705479452054794,4.0,43.93839516498147
giro-d-italia/2002/stage-14,Giro d'Italia,80,,30300,471.0,1,920,,1,0,0,2002-05-26,0.015544554455445544,270.0,106.54329124717279
tour-de-romandie/1996/stage-3,Tour de Romandie,50,,177000,1049.4989551439455,,614,,1,0,0,1996-05-09,0.005929372627931895,0.0,0.0
vuelta-a-espana/2018/stage-14,La Vuelta ciclista a España,80,100,171000,3314.0,4,1036,,1,0,0,2018-09-08,0.019380116959064327,1283.0,626.141202465781
paris-nice/2002/prologue,Paris - Nice,50,,5200,62.49143853124815,,883,,1,0,0,2002-03-10,0.012017584332932336,24.0,11.506854072369682
tour-de-france/1999/stage-9,Tour de France,70,,215000,5500.0,5,1255,,1,0,0,1999-07-13,0.02558139534883721,1718.5,831.5917415021036
vuelta-a-espana/2019/stage-20,La Vuelta ciclista a España,80,100,190400,4559.0,5,798,,1,0,0,2019-09-14,0.023944327731092438,2080.0,837.2160047113836
tour-de-france/1997/stage-4,Tour de France,100,,223000,1809.0,1,1994,,1,0,0,1997-07-09,0.008112107623318385,31.0,110.38085954418591
dauphine/2017/stage-4,Critérium du Dauphiné,50,60,23500,321.0,1,1024,,1,0,0,2017-06-07,0.013659574468085106,161.0,69.77913315400224
vuelta-a-espana/1998/stage-5,Vuelta a España,80,,166000,662.0,,1309,,1,0,0,1998-09-09,0.003987951807228916,0.0,41.92945653173361
liege-bastogne-liege/2005/result,Liège - Bastogne - Liège,275,,260000,3331.052421940477,,1112,,0,0,0,2005-04-24,0.01281174008438645,966.0,385.49030098560485
volta-a-catalunya/2011/stage-5,Volta Ciclista a Catalunya,50,6,213500,2797.6252047881017,,732,,1,0,0,2011-03-25,0.013103630935775651,0.0,69.38442375388654
la-fleche-wallone/1983/result,La Flèche Wallonne,225,,248000,3535.5599257075874,,685,,0,0,0,1983-04-14,0.014256290023014465,174.0,56.15615953731172
itzulia-basque-country/2022/stage-1,Itzulia Basque Country,50,50,7510,100.0,2,741,,1,0,0,2022-04-04,0.013315579227696404,50.0,23.60483572903487
tour-de-suisse/1979/stage-3a,Tour de Suisse,50,,20000,194.04507715078034,,538,,1,0,0,1979-06-16,0.009702253857539016,30.0,15.449919093639293
tour-de-france/2019/stage-8,Tour de France,100,120,200000,3844.0,2,1699,,1,0,0,2019-07-13,0.01922,1183.0,617.9819895644894
tour-de-suisse/1994/stage-2,Tour de Suisse,50,,192000,1125.8040367334952,,616,,1,0,0,1994-06-16,0.005863562691320288,0.0,5.0
paris-nice/1972/stage-4a,Paris - Nice,50,,88000,1080.5186654136278,,1086,,1,0,0,1972-03-13,0.012278621197882134,0.0,2.5298221281347035
paris-nice/1980/stage-4,Paris - Nice,50,,131000,1645.6348494751937,,1128,,1,0,0,1980-03-09,0.0125620980875969,286.0,140.49760468804058
giro-d-italia/2008/stage-16,Giro d'Italia,80,,12900,1084.0,5,1058,,1,0,0,2008-05-26,0.08403100775193799,339.0,139.8752384573152
e3-harelbeke/1989/result,E3-Prijs Harelbeke,125,,211000,1515.9954834387995,,330,,0,0,0,1989-03-25,0.007184812717719429,70.0,67.10569724825608
tour-de-france/1997/stage-13,Tour de France,100,,203500,3500.0,5,1994,,1,0,0,1997-07-19,0.0171990171990172,656.0,310.6592933746352
volta-a-catalunya/1977/stage-2,Volta Ciclista a Catalunya,50,,150900,2025.2078887592133,,490,,1,0,0,1977-09-09,0.013420860760498431,200.0,232.8411405257058
giro-d-italia/2013/stage-17,Giro d'Italia,80,16,214000,887.0,2,930,,1,0,0,2013-05-22,0.004144859813084112,97.0,227.00303645325445
tirreno-adriatico/1981/prologue,Tirreno-Adriatico,50,,4300,60.65795689613333,,554,,1,0,0,1981-03-14,0.014106501603751936,7.5,3.6560452221856705
giro-d-italia/2008/stage-14,Giro d'Italia,80,,195000,5091.0,5,1058,,1,0,0,2008-05-24,0.026107692307692307,1783.0,730.8959855875277
volta-a-catalunya/2001/stage-7,Volta a Catalunya,50,,176100,2839.9840417059404,5,617,,1,0,0,2001-06-27,0.016127109833650996,517.0,456.0863099676947
amstel-gold-race/1972/result,Amstel Gold Race,225,,237000,2374.0548922968915,,339,,0,0,0,1972-03-26,0.010017109250197853,14.0,228.06519679720486
vuelta-a-espana/1993/stage-18,Vuelta a España,80,,170000,2247.0,,819,,1,0,0,1993-05-13,0.01321764705882353,535.0,126.781292630614
tirreno-adriatico/1995/stage-7,Tirreno-Adriatico,50,,180000,1391.974091336193,,749,,1,0,0,1995-03-14,0.007733189396312183,0.0,0.0
vuelta-a-espana/1989/stage-22,Vuelta a España,80,,177000,2500.0,,803,,1,0,0,1989-05-15,0.014124293785310734,0.0,0.0
tour-de-romandie/1984/stage-5a,Tour de Romandie,50,,103800,1605.6348278151154,,491,,1,0,0,1984-05-13,0.015468543620569512,0.0,45.95940237499468
tour-de-france/2015/stage-20,Tour de France,100,20,110500,3164.0,5,1812,,1,0,0,2015-07-25,0.028633484162895927,1166.0,467.4234709752531
il-lombardia/1971/result,Giro di Lombardia,275,,266000,3078.425417847812,,575,,0,0,0,1971-10-09,0.011573027886645909,229.0,54.881958891467285
tour-de-suisse/1984/stage-4,Tour de Suisse,50,,22500,352.8195173678537,,646,,1,0,0,1984-06-17,0.015680867438571274,137.5,61.41163480065393
giro-d-italia/2023/stage-13,Giro d'Italia,80,180,74600,2456.0,5,835,12,1,0,0,2023-05-19,0.03292225201072386,1256.0,511.0263768192012
gran-camino/2023/stage-3,O Gran Camiño,20,14,123400,2280.0,5,156,,1,0,0,2023-02-25,0.018476499189627228,254.0,486.8594097453301
tour-de-france/2009/stage-12,Tour de France,100,,211500,2340.0,2,1557,,1,0,0,2009-07-16,0.011063829787234043,358.0,63.52684619200152
vuelta-a-espana/2020/stage-2,La Vuelta ciclista a España,80,100,151600,2435.0,4,692,,1,0,0,2020-10-21,0.016062005277044857,926.0,399.84080036268796
vuelta-a-espana/2013/stage-2,Vuelta a España,80,16,177700,2317.0,5,1128,,1,0,0,2013-08-25,0.013038829487900958,467.0,262.1490037306758
vuelta-a-espana/2015/stage-11,Vuelta a España,80,16,138000,5421.0,5,1115,,1,0,0,2015-09-02,0.03928260869565217,1481.5,611.8004956861558
dauphine/2005/prologue,Critérium du Dauphiné Libéré,30,,7900,109.5469498618163,,933,,1,0,0,2005-06-05,0.013866702514153962,41.0,18.652181829038256
vuelta-a-espana/1985/stage-3,Vuelta a España,80,,197000,3500.0,,925,,1,0,0,1985-04-26,0.017766497461928935,28.0,12.137104958357508
tour-de-suisse/1970/stage-9,Tour de Suisse,50,,182000,3753.290970519496,,393,,1,0,0,1970-06-19,0.02062247785999723,0.0,0.0
tour-de-france/1978/stage-20,Tour de France,100,,72000,719.0,2,1241,,1,0,0,1978-07-21,0.00998611111111111,500.5,208.9510870432523
volta-a-catalunya/1984/stage-6,Volta Ciclista a Catalunya,50,,179000,4188.853628654423,,319,,1,0,0,1984-09-11,0.023401416919857112,65.0,20.494614896749876
tour-de-romandie/1998/prologue,Tour de Romandie,50,,4800,38.6302404836747,,857,,1,0,0,1998-05-05,0.008047966767432229,11.5,11.423284491398634
vuelta-a-espana/1986/stage-8,Vuelta a España,80,,9700,493.9999999999998,,843,,1,0,0,1986-04-30,0.05092783505154637,16.0,11.442610424782158
giro-d-italia/2015/stage-20,Giro d'Italia,80,16,196000,3355.0,5,861,,1,0,0,2015-05-30,0.01711734693877551,1875.0,901.4195361685486
tour-de-france/2010/stage-12,Tour de France,100,20,210500,3485.0,3,1685,,1,0,0,2010-07-16,0.016555819477434678,325.0,223.8983174308097
itzulia-basque-country/2019/stage-1,Itzulia Basque Country,50,50,11300,269.0,2,762,,1,0,0,2019-04-08,0.023805309734513273,92.0,47.72990618154805
tour-de-france/2010/stage-18,Tour de France,100,20,198000,1056.0,1,1685,,1,0,0,2010-07-23,0.005333333333333333,0.0,30.447664565176925
tour-de-suisse/1979/stage-3b,Tour de Suisse,50,,151000,698.1254029789891,,538,,1,0,0,1979-06-16,0.004623347039595954,0.0,0.0
giro-d-italia/1998/stage-17,Giro d'Italia,80,,215000,4160.291897838986,,923,,1,0,0,1998-06-02,0.019350194873669704,1300.0,661.6674621158961
giro-d-italia/2003/stage-19,Giro d'Italia,80,,239000,2652.0,5,734,,1,0,0,2003-05-30,0.011096234309623431,431.0,309.4889631495823
dauphine/2021/stage-3,Critérium du Dauphiné,50,60,172200,2096.0,3,790,,1,0,0,2021-06-01,0.012171893147502904,43.5,73.77309220815306
itzulia-basque-country/2023/stage-6,Itzulia Basque Country,50,50,137800,3472.0,4,719,20,1,0,0,2023-04-08,0.025195936139332367,660.0,317.416018576201
tirreno-adriatico/1999/stage-1,Tirreno-Adriatico,50,,131000,2371.7345970451165,,1150,,1,0,0,1999-03-10,0.018104844252252797,767.0,352.01506195450276
tour-de-suisse/2011/prologue,Tour de Suisse,50,6,7300,126.5570513097341,,972,,1,0,0,2011-06-11,0.017336582371196452,49.5,18.267250828468658
tour-de-suisse/1974/stage-7,Tour de Suisse,50,,177000,706.6667243817803,,541,,1,0,0,1974-06-19,0.00399246736938859,0.0,0.0
dwars-door-vlaanderen/2022/result,Dwars door Vlaanderen - A travers la Flandre ME,225,300,183700,1649.0,2,648,28,0,0,0,2022-03-30,0.008976592270005444,252.0,152.98604486635074
giro-d-italia/2002/stage-9,Giro d'Italia,80,,201000,1546.0,2,920,,1,0,0,2002-05-21,0.007691542288557214,0.0,31.86320454520494
liege-bastogne-liege/2022/result,Liège-Bastogne-Liège,275,500,257200,4342.0,2,1101,14,0,0,0,2022-04-24,0.01688180404354588,478.0,433.37041476222697
volta-a-catalunya/2022/stage-6,Volta Ciclista a Catalunya,50,50,168600,2706.0,2,722,36,1,0,0,2022-03-26,0.01604982206405694,547.0,665.0994222085443
giro-d-italia/2016/stage-11,Giro d'Italia,80,100,227000,777.0,2,933,,1,0,0,2016-05-18,0.003422907488986784,716.0,381.5717354818099
liege-bastogne-liege/1991/result,Liège - Bastogne - Liège,275,,267000,4105.964590018281,,1263,,0,0,0,1991-04-21,0.015378144531903675,388.0,446.43357375965417
vuelta-a-espana/2006/stage-12,Vuelta a España,80,,169300,1866.0,1,1026,,1,0,0,2006-09-07,0.011021854695806261,534.0,145.7998539253906
vuelta-a-espana/1982/stage-10,Vuelta a España,80,,181000,2952.4706889199942,,523,,1,0,0,1982-04-30,0.016311992756464055,312.0,315.0896655787006
vuelta-a-espana/2020/stage-12,La Vuelta ciclista a España,80,100,109400,3125.0,5,692,,1,0,0,2020-11-01,0.02856489945155393,1644.0,700.7404842202034
vuelta-a-espana/2022/stage-3,La Vuelta ciclista a España,80,100,193200,255.0,1,968,23,1,0,0,2022-08-21,0.0013198757763975156,0.0,50.0731471728346
uae-tour/2023/stage-4,UAE Tour,50,40,174000,304.0,1,530,29,1,0,0,2023-02-23,0.0017471264367816092,0.0,15.315379950603377
tirreno-adriatico/2023/stage-3,Tirreno-Adriatico,50,60,216000,2601.0,2,1044,15,1,0,0,2023-03-08,0.012041666666666668,0.0,115.113609948026
dauphine/2009/stage-7,Critérium du Dauphiné Libéré,50,,157000,4169.313859931586,,708,,1,0,0,2009-06-13,0.026556139235233034,1172.0,838.4014175740191
tour-de-france/1984/stage-6,Tour de France,100,,202000,1822.0,2,1632,,1,0,0,1984-07-04,0.00901980198019802,0.0,58.59506072470438
paris-nice/1970/stage-1,Paris - Nice,50,,141000,1343.718864442126,,1121,,1,0,0,1970-03-09,0.009529921024412242,0.0,0.0
tirreno-adriatico/1990/stage-6,Tirreno-Adriatico,50,,192000,1149.1656614081294,,590,,1,0,0,1990-03-12,0.005985237819834007,8.0,6.160808027812224
giro-d-italia/2020/stage-7,Giro d'Italia,80,100,143000,450.0,1,765,,1,0,0,2020-10-09,0.003146853146853147,28.0,133.9251489848919
paris-nice/2022/stage-6,Paris - Nice,50,60,213600,2878.0,2,1182,,1,0,0,2022-03-11,0.01347378277153558,0.0,363.9877304112163
giro-d-italia/2020/stage-6,Giro d'Italia,80,100,188000,2821.0,2,765,,1,0,0,2020-10-08,0.01500531914893617,92.0,214.75173368496556
tour-de-france/2016/stage-3,Tour de France,100,120,223500,1975.0,2,1758,,1,0,0,2016-07-04,0.00883668903803132,0.0,62.863121423228165
tour-de-suisse/1999/stage-9,Tour de Suisse,50,,225200,2777.443328555629,,900,,1,0,0,1999-06-24,0.012333229700513449,104.0,59.407417991076926
giro-d-italia/1993/stage-16,Giro d'Italia,80,,181000,1431.0936740180955,,1089,,1,0,0,1993-06-08,0.007906594884077876,0.0,0.0
giro-d-italia/2023/stage-15,Giro d'Italia,80,180,195000,4040.0,4,835,20,1,0,0,2023-05-21,0.020717948717948718,883.0,549.8529645983803
giro-d-italia/2020/stage-19,Giro d'Italia,80,100,124000,406.0,1,765,,1,0,0,2020-10-23,0.003274193548387097,703.0,191.82876925663044
paris-nice/2009/stage-7,Paris - Nice,30,,191000,2904.362552747834,3,796,,1,0,0,2009-03-14,0.015206086663601225,673.0,483.2809590713667
dauphine/2002/stage-5,Critérium du Dauphiné Libéré,50,,204000,2215.2517877934724,,602,,1,0,0,2002-06-14,0.010859077391144473,553.0,176.50409562129698
omloop-het-nieuwsblad/2019/result,Omloop Het Nieuwsblad ME,225,300,200000,1653.0,2,747,,0,0,0,2019-03-02,0.008265,377.0,168.76609279828295
tirreno-adriatico/2015/stage-1,Tirreno-Adriatico,50,6,5400,2.0,1,1017,,1,0,0,2015-03-11,0.00037037037037037035,22.0,11.233137700322965
vuelta-a-espana/1999/stage-18,Vuelta a España,80,,166300,2976.0,,1342,,1,0,0,1999-09-23,0.017895369813589898,745.0,570.5110005942921
giro-d-italia/2023/stage-2,Giro d'Italia,80,180,202000,1831.0,2,835,23,1,0,0,2023-05-07,0.009064356435643564,19.0,44.71408384306298
volta-a-catalunya/2016/stage-4,Volta Ciclista a Catalunya,50,50,172200,4644.0,5,1045,,1,0,0,2016-03-24,0.026968641114982577,1187.0,671.9748374099609
giro-d-italia/2008/stage-21,Giro d'Italia,80,,28000,12.0,1,1058,,1,0,0,2008-06-01,0.00042857142857142855,155.0,77.48510593228471
paris-nice/2015/stage-6,Paris - Nice,50,6,181500,3591.0,4,1225,,1,0,0,2015-03-14,0.01978512396694215,1287.0,618.668941962038
vuelta-a-espana/1987/stage-7,Vuelta a España,80,,186000,4500.0,,838,,1,0,0,1987-04-30,0.024193548387096774,42.0,17.35767521556066
tour-de-france/1984/stage-20,Tour de France,100,,140500,3484.0,5,1632,,1,0,0,1984-07-19,0.02479715302491103,366.0,273.46396165231835
tirreno-adriatico/2006/stage-2,Tirreno-Adriatico,50,,171000,1529.345599432836,1,1210,,1,0,0,2006-03-09,0.008943541517151089,209.0,244.2740061939143
tour-de-france/2019/stage-1,Tour de France,100,120,194500,1582.0,3,1699,,1,0,0,2019-07-06,0.008133676092544987,0.0,66.98460377472679
san-sebastian/1997/result,Clasica Ciclista San Sebastian,225,,234000,3266.3661425602654,2,1116,,0,0,0,1997-08-09,0.013958829669060964,553.0,329.2352260935594
tour-de-suisse/1998/stage-4,Tour de Suisse,50,,230000,4254.542606381441,,971,,1,0,0,1998-06-20,0.018498011332093223,1543.0,607.3942510359302
volta-a-catalunya/2008/stage-5,Volta Ciclista a Catalunya,50,,163900,1472.319859720827,2,616,,1,0,0,2008-05-24,0.008983037582189305,0.0,86.63813793767098
paris-nice/2017/stage-7,Paris - Nice,50,60,177000,4487.0,5,1158,,1,0,0,2017-03-11,0.025350282485875706,1470.0,728.2996061315638
vuelta-a-espana/2001/stage-14,Vuelta a España,80,,170500,1376.0,1,971,,1,0,0,2001-09-22,0.008070381231671555,584.0,162.1864944387423
tour-de-suisse/1974/stage-3a,Tour de Suisse,50,,110500,1683.2703953093837,,541,,1,0,0,1974-06-15,0.015233216247143744,3.0,1.224744871391589
tirreno-adriatico/2002/stage-2,Tirreno-Adriatico,50,,212000,1814.740736663302,,1056,,1,0,0,2002-03-15,0.008560097814449538,19.0,50.73902359318163
tirreno-adriatico/1997/stage-3,Tirreno-Adriatico,50,,213000,2824.288736557065,,692,,1,0,0,1997-03-15,0.01325957153313176,0.0,2.160246899469287
tour-de-romandie/2010/stage-4,Tour de Romandie,50,6,157900,3279.7549017397505,,678,,1,0,0,2010-05-01,0.020771088674729262,542.0,488.0346626030818
giro-d-italia/1995/stage-15,Giro d'Italia,80,,185000,1103.7936590956892,,1365,,1,0,0,1995-05-28,0.00596645221132805,126.0,55.10081669086222
tour-de-france/1983/stage-13,Tour de France,100,,210000,3500.0,2,1269,,1,0,0,1983-07-14,0.016666666666666666,764.0,284.37008946916444
world-championship/1997/result,World Championships - Road Race,350,,265500,2893.0,,1398,,0,0,0,1997-10-12,0.010896421845574388,58.0,222.34289811254433
volta-a-catalunya/1995/stage-4,Volta Ciclista a Catalunya,50,,226800,6687.0,,737,,1,0,0,1995-06-19,0.029484126984126984,51.5,84.19743401515774
itzulia-basque-country/2013/stage-2,Vuelta Ciclista al País Vasco,50,6,170200,2080.0,2,927,,1,0,0,2013-04-02,0.012220916568742655,0.0,152.37602916205557
tour-de-france/2017/stage-1,Tour de France,100,120,14000,61.0,1,1791,,1,0,0,2017-07-01,0.004357142857142857,64.0,30.50126035798935
tour-de-france/2012/stage-16,Tour de France,100,20,197000,5291.0,4,1703,,1,0,0,2012-07-18,0.026857868020304567,1335.0,572.0390356847356
tour-de-suisse/2006/stage-7,Tour de Suisse,50,,233700,2563.4006630498798,,972,,1,0,0,2006-06-16,0.010968766209028155,30.0,112.17869443761745
giro-d-italia/1998/stage-6,Giro d'Italia,80,,160000,2301.467323078638,,923,,1,0,0,1998-05-22,0.014384170769241486,460.0,467.77925662470534
tour-de-romandie/1989/stage-4,Tour de Romandie,50,,16800,164.4107058778377,,502,,1,0,0,1989-05-12,0.009786351540347482,9.0,7.3484692283495345
giro-d-italia/2003/stage-10,Giro d'Italia,80,,211000,3431.0,2,734,,1,0,0,2003-05-20,0.016260663507109006,869.0,518.4269057104051
vuelta-a-espana/2006/stage-17,Vuelta a España,80,,167000,3598.0,4,1026,,1,0,0,2006-09-13,0.02154491017964072,812.5,526.893832178966
paris-nice/2014/stage-1,Paris - Nice,50,6,162500,1235.0,1,971,,1,0,0,2014-03-09,0.0076,0.0,110.51672157216797
giro-d-italia/2004/stage-7,Giro d'Italia,80,,214000,2599.0,5,621,,1,0,0,2004-05-15,0.012144859813084111,669.0,450.8172644603738
giro-d-italia/2022/stage-5,Giro d'Italia,80,100,174000,1968.0,2,817,20,1,0,0,2022-05-11,0.011310344827586206,0.0,230.08549157939646
tirreno-adriatico/2022/stage-1,Tirreno-Adriatico,50,60,13900,4.0,1,1059,,1,0,0,2022-03-07,0.00028776978417266187,82.0,32.80901770456744
uae-tour/2020/stage-5,UAE Tour,50,40,162000,1408.0,5,747,,1,0,0,2020-02-27,0.008691358024691358,300.0,379.4409341829196
liege-bastogne-liege/1987/result,Liège - Bastogne - Liège,275,,260000,1199.2868932269344,,862,,0,0,0,1987-04-19,0.004612641897026671,450.0,541.7429134291191
vuelta-a-espana/1985/stage-1,Vuelta a España,80,,177000,789.0,,925,,1,0,0,1985-04-24,0.004457627118644068,0.0,0.0
giro-d-italia/1992/stage-18,Giro d'Italia,80,,260000,2536.6478411897974,,953,,1,0,0,1992-06-11,0.00975633785072999,138.0,80.30625902191709
gp-montreal/2010/result,Grand Prix Cycliste de Montréal,225,,193600,2583.210697545649,2,815,,0,0,0,2010-09-12,0.013343030462529179,163.0,265.1108603093586
tirreno-adriatico/1994/stage-4,Tirreno-Adriatico,50,,180000,1424.7999073544615,,727,,1,0,0,1994-03-12,0.00791555504085812,0.0,0.0
tour-de-france/1986/stage-14,Tour de France,100,,154000,1171.0,1,1872,,1,0,0,1986-07-18,0.007603896103896104,482.0,71.37494969890435
e3-harelbeke/2003/result,E3 Prijs Vlaanderen,125,,209000,2054.2595392624426,2,684,,0,0,0,2003-03-29,0.009828993010825083,26.0,290.57463621954207
dauphine/2000/stage-5,Criterium du Dauphiné Libére,50,,201000,2418.32572908423,,494,,1,0,0,2000-06-09,0.012031471288976268,396.0,363.2059839399118
vuelta-a-espana/1994/stage-19,Vuelta a España,80,,171000,3433.0,,791,,1,0,0,1994-05-13,0.020076023391812865,452.0,147.76197075025763
giro-d-italia/2007/stage-17,Giro d'Italia,80,,142000,3432.0,5,844,,1,0,0,2007-05-30,0.024169014084507043,729.0,325.01577251104663
tour-de-france/2017/stage-13,Tour de France,100,120,101000,2856.0,4,1791,,1,0,0,2017-07-14,0.028277227722772278,941.0,335.08163765880073
vuelta-a-espana/1992/stage-4,Vuelta a España,80,,229000,1700.0,,1033,,1,0,0,1992-04-30,0.007423580786026201,0.0,0.0
vuelta-a-espana/1985/stage-7,Vuelta a España,80,,190000,4500.0,,925,,1,0,0,1985-04-30,0.02368421052631579,889.0,541.4887156159706
itzulia-basque-country/2003/stage-3,Vuelta al País Vasco,50,,191000,2299.634550700581,,910,,1,0,0,2003-04-09,0.012039971469636548,0.0,263.0446573227287
tour-de-france/2008/stage-6,Tour de France,100,,195500,3280.0,5,1520,,1,0,0,2008-07-10,0.016777493606138106,362.0,432.3014264244494
giro-d-italia/1996/stage-21,Giro d'Italia,80,,250000,5043.0762596562645,,1034,,1,0,0,1996-06-08,0.02017230503862506,2210.0,855.7793878181153
tour-de-suisse/2016/stage-4,Tour de Suisse,50,60,193000,2305.0,3,680,,1,0,0,2016-06-14,0.01194300518134715,31.0,94.9624875101252
tour-de-suisse/2019/stage-4,Tour de Suisse,50,60,163900,1953.0,2,802,,1,0,0,2019-06-18,0.011915802318486882,0.0,295.75252634408
paris-nice/2002/stage-3,Paris - Nice,50,,147500,2992.9928910777703,,883,,1,0,0,2002-03-13,0.0202914772276459,228.0,390.5990493700798
il-lombardia/1972/result,Giro di Lombardia,275,,266000,3157.6552404771173,,530,,0,0,0,1972-10-07,0.01187088436269593,0.0,0.0
vuelta-a-espana/1984/stage-9,Vuelta a España,80,,159000,2650.1863218016592,,747,,1,0,0,1984-04-26,0.01666783850189723,277.0,43.77622272511868
giro-d-italia/2002/stage-2,Giro d'Italia,50,,209000,2677.0,3,920,,1,0,0,2002-05-13,0.012808612440191387,139.0,213.90384251535193
tour-de-france/1989/stage-6,Tour de France,100,,259000,1854.0,1,1849,,1,0,0,1989-07-07,0.007158301158301158,96.0,106.90287683583848
vuelta-a-espana/1984/stage-14,Vuelta a España,80,,12000,376.6411647894779,,747,,1,0,0,1984-05-01,0.03138676373245649,229.0,83.26766161868946
dauphine/1983/prologue,Critérium du Dauphiné Libéré,50,,4500,42.64272620745396,,621,,1,0,0,1983-05-30,0.009476161379434214,3.0,2.3874672772626644
tour-de-france/2002/stage-19,Tour de France,70,,50000,856.9999999999998,1,1489,,1,0,0,2002-07-27,0.017139999999999996,403.0,131.9057600577922
giro-d-italia/1999/stage-5,Giro d'Italia,80,,147000,2779.7164006522066,,1057,,1,0,0,1999-05-19,0.01890963537858644,615.0,440.9266460561799
giro-d-italia/2011/stage-6,Giro d'Italia,80,16,216000,3121.0,3,891,,1,0,0,2011-05-12,0.014449074074074074,43.0,323.86926563009257
e3-harelbeke/1984/result,E3-Prijs Harelbeke,125,,225000,1711.2258643166788,,216,,0,0,0,1984-03-24,0.007605448285851905,332.0,382.88954824315346
giro-d-italia/1991/stage-10,Giro d'Italia,80,,43000,223.33784945257685,,908,,1,0,0,1991-06-05,0.005193903475641322,73.0,34.02072197660602
dauphine/1977/stage-7b,Critérium du Dauphiné Libéré,50,,36500,320.5803652042455,,809,,1,0,0,1977-06-06,0.008783023704225904,66.0,34.70289482292377
la-fleche-wallone/2018/result,La Flèche Wallonne,225,400,198500,3257.0,3,1053,,0,0,0,2018-04-18,0.016408060453400503,252.0,273.1899740963175
tour-de-suisse/1982/stage-4a,Tour de Suisse,50,,114000,1468.7662656195262,,657,,1,0,0,1982-06-20,0.012883914610697598,12.0,5.848076606885378
amstel-gold-race/2005/result,Amstel Gold Race,225,,251100,3459.432097379595,,1178,,0,0,0,2005-04-17,0.013777109109436856,156.0,231.23200197088877
tour-de-france/2017/stage-19,Tour de France,100,120,222500,2613.0,1,1791,,1,0,0,2017-07-21,0.011743820224719101,747.0,224.96760612209957
tour-de-suisse/1991/stage-6,Tour de Suisse,50,,252000,2923.6830954307325,,796,,1,0,0,1991-06-24,0.011601917045360049,202.0,84.38404272530836
dauphine/1983/stage-2a,Critérium du Dauphiné Libéré,50,,54000,489.0142244044023,,621,,1,0,0,1983-06-01,0.009055818970451894,0.0,0.0
tour-de-suisse/1971/stage-2,Tour de Suisse,50,,150000,2675.065866102348,,302,,1,0,0,1971-06-12,0.01783377244068232,4.0,1.3333333333333333
tour-de-suisse/2011/stage-6,Tour de Suisse,50,6,157700,3095.5867910309653,,972,,1,0,0,2011-06-16,0.019629592841033387,1130.0,459.633693273608
tour-de-suisse/1990/stage-2,Tour de Suisse,50,,200500,2601.6628044695353,,767,,1,0,0,1990-06-14,0.012975874336506411,0.0,0.0
itzulia-basque-country/2013/stage-3,Vuelta Ciclista al País Vasco,50,6,164700,2308.0,3,927,,1,0,0,2013-04-03,0.014013357619914997,445.0,321.06742736062665
dauphine/1994/stage-4,Critérium du Dauphiné Libéré,50,,196000,4140.572658292542,,362,,1,0,0,1994-06-03,0.021125370705574194,0.0,0.0
tirreno-adriatico/2022/stage-2,Tirreno-Adriatico,50,60,219000,2144.0,2,1059,,1,0,0,2022-03-08,0.009789954337899543,0.0,92.17331980315201
giro-d-italia/2009/stage-6,Giro d'Italia,80,,242000,3252.0,4,975,,1,0,0,2009-05-14,0.013438016528925619,75.0,364.9824257727961
vuelta-a-espana/1989/stage-19,Vuelta a España,80,,159000,851.0,,803,,1,0,0,1989-05-12,0.005352201257861635,0.0,0.0
tour-de-france/2016/stage-14,Tour de France,100,120,208500,1958.0,2,1758,,1,0,0,2016-07-16,0.009390887290167866,0.0,66.93183125578325
tour-de-romandie/1996/stage-7,Tour de Romandie,50,,174400,1071.2401623535795,,614,,1,0,0,1996-05-12,0.006142432123587039,0.0,0.0
vuelta-a-espana/2013/stage-7,Vuelta a España,80,16,205900,1779.0,1,1128,,1,0,0,2013-08-30,0.00864011656143759,1.0,137.03967272511994
tour-de-suisse/1970/stage-6,Tour de Suisse,50,,195000,3980.4337032142676,,393,,1,0,0,1970-06-16,0.020412480529303938,0.0,0.0
world-championship/2010/result,World Championships ME - Road Race,350,,262700,2492.0,,1307,,0,0,0,2010-10-03,0.009486105824133994,442.0,383.7552900679321
world-championship/1982/result,World Championships - Road Race,350,,275130,2665.0,,1614,,0,0,0,1982-09-05,0.009686330098498891,40.0,220.43923859525987
tour-de-france/1988/stage-22,Tour de France,100,,172500,1859.0,1,1941,,1,0,0,1988-07-24,0.0107768115942029,0.0,14.938924962282178
tirreno-adriatico/1997/stage-7,Tirreno-Adriatico,50,,159000,2093.679528632871,,692,,1,0,0,1997-03-19,0.013167795777565227,0.0,0.0
tour-de-france/2007/stage-2,Tour de France,100,,168500,337.0,1,1612,,1,0,0,2007-07-09,0.002,0.0,0.0
tour-de-france/2021/stage-21,Tour de France,100,120,108400,699.0000000000002,1,1646,,1,0,0,2021-07-18,0.006448339483394836,0.0,90.27477642375341
tour-de-france/2015/stage-16,Tour de France,100,20,201000,2322.0,4,1812,,1,0,0,2015-07-20,0.01155223880597015,1498.0,558.6796799458938
world-championship/1972/result,World Championships - Road Race,350,,272570,3869.0,,1305,,0,0,0,1972-08-06,0.01419451883919727,601.0,266.31167718983994
tour-de-france/2008/stage-9,Tour de France,100,,224000,3778.0,4,1520,,1,0,0,2008-07-13,0.016866071428571428,544.0,648.9160795853495
e3-harelbeke/1993/result,E3-Prijs Harelbeke,125,,208000,2014.2719936415447,,718,,0,0,0,1993-03-27,0.009683999969430503,0.0,261.9244952840807
tour-de-france/2012/stage-7,Tour de France,100,20,199000,2736.0,5,1703,,1,0,0,2012-07-07,0.013748743718592965,480.0,347.21147146856066
tour-de-france/2007/stage-14,Tour de France,100,,197000,4370.0,5,1612,,1,0,0,2007-07-22,0.02218274111675127,1730.0,763.2173313832059
paris-nice/1986/stage-3,Paris - Nice,50,,206000,2349.775982212324,,746,,1,0,0,1986-03-05,0.011406679525302544,0.0,0.0
vuelta-a-espana/1993/stage-16,Vuelta a España,80,,160000,3757.0,,819,,1,0,0,1993-05-11,0.02348125,1267.0,484.94054746226647
omloop-het-nieuwsblad/1990/result,Omloop Het Volk,125,,198000,2174.618303828172,,234,,0,0,0,1990-03-03,0.010982920726404909,27.5,38.23905431264318
tour-de-france/1992/stage-6,Tour de France,100,,167000,2168.0,1,2047,,1,0,0,1992-07-10,0.012982035928143712,240.0,163.3533200009197
tour-de-france/2022/stage-5,Tour de France,100,120,157000,601.0,1,1551,24,1,0,0,2022-07-06,0.0038280254777070064,252.0,315.3381304414099
tour-de-romandie/2022/prologue,Tour de Romandie,50,60,5120,39.0,1,508,,1,0,0,2022-04-26,0.0076171875,30.0,10.272056038163967
paris-roubaix/2004/result,Paris - Roubaix,275,,261000,1267.7204456239792,1,597,,0,0,0,2004-04-11,0.004857166458329423,799.0,643.6230223540492
volta-a-catalunya/1984/stage-5,Volta Ciclista a Catalunya,50,,142000,2387.7236077428283,,319,,1,0,0,1984-09-10,0.016814954984104426,180.0,97.445949930691
tour-de-france/2010/stage-10,Tour de France,100,20,179000,3187.0,2,1685,,1,0,0,2010-07-14,0.017804469273743018,859.0,153.461986011155
tour-de-france/1996/stage-16,Tour de France,100,,199000,3541.0,5,1872,,1,0,0,1996-07-16,0.017793969849246232,859.5,394.9297953575268
tour-de-suisse/1976/stage-4b,Tour de Suisse,50,,25000,486.0378515239745,,377,,1,0,0,1976-06-13,0.01944151406095898,7.0,2.5727509827123995
giro-d-italia/2012/stage-14,Giro d'Italia,80,16,206000,3452.0,5,886,,1,0,0,2012-05-19,0.01675728155339806,1222.0,783.63535227304
tour-de-france/2014/stage-13,Tour de France,100,20,197500,3865.0,5,1612,,1,0,0,2014-07-18,0.019569620253164558,1942.0,793.2102396414705
giro-d-italia/2022/stage-4,Giro d'Italia,80,100,172000,3626.0,5,817,18,1,0,0,2022-05-10,0.02108139534883721,1157.0,617.5749106503765
giro-d-italia/2007/stage-21,Giro d'Italia,80,,185000,1192.0,2,844,,1,0,0,2007-06-03,0.006443243243243244,0.0,18.261664393852772
tour-de-france/1991/stage-1,Tour de France,100,,114500,1653.0,1,1933,,1,0,0,1991-07-07,0.014436681222707424,104.0,133.91277109376452
giro-d-italia/1990/stage-20,Giro d'Italia,80,,90000,943.9381951661148,,1061,,1,0,0,1990-06-06,0.010488202168512387,0.0,0.0
tour-de-france/1985/prologue,Tour de France,100,,6800,128.0,1,1470,,1,0,0,1985-06-28,0.018823529411764704,58.0,21.75057187322909
tirreno-adriatico/1983/stage-4,Tirreno-Adriatico,50,,206000,2702.578439673702,,463,,1,0,0,1983-03-15,0.01311931281395001,7.0,3.1304951684997055
vuelta-a-espana/2008/stage-8,Vuelta a España,80,,151000,3571.0,4,1101,,1,0,0,2008-09-07,0.023649006622516556,1140.0,515.1351024321327
giro-d-italia/2014/stage-15,Giro d'Italia,80,16,225000,2344.0,5,892,,1,0,0,2014-05-25,0.010417777777777778,1157.0,599.4842286718562
milano-sanremo/2008/result,Milano-Sanremo,275,,298000,2224.557171086465,,1294,,0,0,0,2008-03-22,0.007464956949954581,124.0,311.52245467394783
vuelta-a-espana/2021/stage-3,La Vuelta ciclista a España,80,100,202800,2787.0,5,1023,,1,0,0,2021-08-16,0.013742603550295858,592.0,405.1093103173638
tour-de-france/2023/stage-12,Tour de France,100,210,168800,3120.0,2,1584,25,1,0,0,2023-07-13,0.01848341232227488,1098.0,612.8356378427843
vuelta-a-espana/2001/stage-11,Vuelta a España,80,,154200,3728.0,5,971,,1,0,0,2001-09-19,0.024176394293125812,1195.0,520.7868983272546
vuelta-a-espana/1990/stage-16,Vuelta a España,80,,165000,1540.0,,807,,1,0,0,1990-05-09,0.009333333333333334,0.0,0.0
tour-de-france/2018/stage-4,Tour de France,100,120,195000,1155.0,1,1689,,1,0,0,2018-07-10,0.005923076923076923,0.0,94.73804277916028
tour-de-suisse/2008/stage-1,Tour de Suisse,50,,156500,2113.8326064476287,,1041,,1,0,0,2008-06-14,0.01350691761308389,95.0,343.56378661276005
tour-de-suisse/1979/prologue,Tour de Suisse,50,,4000,51.192516199420425,,538,,1,0,0,1979-06-13,0.012798129049855106,7.0,4.273952113286562
tour-de-france/1980/stage-20,Tour de France,100,,34500,580.0,3,1224,,1,0,0,1980-07-18,0.01681159420289855,252.0,92.62160301213655
vuelta-a-espana/2010/stage-5,Vuelta a España,80,16,194000,1763.0,1,1123,,1,0,0,2010-09-01,0.00908762886597938,0.0,61.61073893669235
tour-de-france/2017/stage-17,Tour de France,100,120,183000,5064.0,4,1791,,1,0,0,2017-07-19,0.027672131147540982,2021.0,667.3044803244451
giro-d-italia/2008/stage-19,Giro d'Italia,80,,228000,3480.0,5,1058,,1,0,0,2008-05-30,0.015263157894736841,46380.0,20498.924514780792
paris-nice/1972/stage-3,Paris - Nice,50,,209000,1377.893472210871,,1086,,1,0,0,1972-03-12,0.006592791733066369,0.0,0.0
paris-nice/1985/stage-3,Paris - Nice,50,,176000,2035.0818307144452,,815,,1,0,0,1985-03-06,0.011562964947241166,0.0,0.0
tour-de-suisse/2017/stage-8,Tour de Suisse,50,60,100000,1250.0,2,855,,1,0,0,2017-06-17,0.0125,0.0,60.77508906656535
dauphine/2006/stage-2,Critérium du Dauphiné Libéré,50,,203000,2276.763686510347,,800,,1,0,0,2006-06-06,0.011215584662612545,323.0,127.45184671978082
dauphine/1987/prologue,Critérium du Dauphiné Libéré,50,,3000,66.49461120627711,,505,,1,0,0,1987-05-25,0.02216487040209237,2.0,1.855921454276674
tour-de-suisse/1974/stage-1,Tour de Suisse,50,,157000,614.5138807209282,,541,,1,0,0,1974-06-13,0.003914101151088715,0.0,0.0
vuelta-a-espana/1987/stage-16,Vuelta a España,80,,237000,4000.0,,838,,1,0,0,1987-05-09,0.016877637130801686,539.0,243.61784736664012
tirreno-adriatico/2003/stage-2,Tirreno-Adriatico,50,,213000,2602.3576219834767,,882,,1,0,0,2003-03-14,0.012217641417762801,0.0,44.547882854052474
tour-de-france/2000/stage-19,Tour de France,70,,58500,235.0,1,1437,,1,0,0,2000-07-21,0.004017094017094017,507.0,143.38167980032242
tour-de-suisse/1982/stage-2,Tour de Suisse,50,,189000,1052.886703872096,,657,,1,0,0,1982-06-18,0.00557082912101638,0.0,0.0
itzulia-basque-country/2015/stage-3,Vuelta Ciclista al País Vasco,50,6,170700,2937.0,2,970,,1,0,0,2015-04-08,0.017205623901581722,599.0,304.92655753528675
tour-de-suisse/1994/prologue,Tour de Suisse,50,,6800,44.79990986060557,,616,,1,0,0,1994-06-14,0.006588222038324348,8.5,4.020779360604939
tour-de-france/1983/stage-3,Tour de France,100,,152000,800.0,1,1269,,1,0,0,1983-07-04,0.005263157894736842,263.0,530.9215845686889
dauphine/2011/stage-7,Critérium du Dauphiné,50,,117500,3217.0,5,958,,1,0,0,2011-06-12,0.02737872340425532,905.0,511.8664207436737
tour-de-romandie/1987/prologue,Tour de Romandie,50,,4900,481.591868533146,,251,,1,0,0,1987-05-05,0.09828405480268286,10.0,3.6015869518072963
dauphine/2021/stage-8,Critérium du Dauphiné,50,60,147000,4190.0,4,790,,1,0,0,2021-06-06,0.028503401360544217,852.0,624.3487953831519
tirreno-adriatico/1997/stage-4,Tirreno-Adriatico,50,,117000,1508.1294477288088,,692,,1,0,0,1997-03-16,0.01288999527973341,0.0,0.0
tour-de-france/1988/stage-3,Tour de France,100,,213500,1484.0,1,1941,,1,0,0,1988-07-05,0.006950819672131147,0.0,0.0
giro-d-italia/2003/stage-1,Giro d'Italia,80,,201000,1259.0,1,734,,1,0,0,2003-05-10,0.006263681592039801,7.0,23.99392135619632
e3-harelbeke/1986/result,E3-Prijs Harelbeke,125,,225000,1798.1697809843638,,136,,0,0,0,1986-03-22,0.00799186569326384,206.0,63.05342562270999
giro-d-italia/1990/stage-5,Giro d'Italia,80,,247000,2433.0825355429497,,1061,,1,0,0,1990-05-22,0.009850536581145545,4.0,1.2649110640673518
volta-a-catalunya/2014/stage-4,Volta Ciclista a Catalunya,50,6,166400,3748.0,5,896,,1,0,0,2014-03-27,0.02252403846153846,1053.0,578.9319306447331
tour-de-france/1985/stage-18b,Tour de France,100,,83500,2000.0,4,1470,,1,0,0,1985-07-17,0.023952095808383235,305.0,210.61828908553505
gp-quebec/2011/result,Grand Prix Cycliste de Quebec,225,,201600,3867.0499947592007,3,735,,0,0,0,2011-09-09,0.019181795608924607,25223.0,6843.982584223743
tour-de-romandie/2006/prologue,Tour de Romandie,50,,3400,75.72790205260571,,772,,1,0,0,2006-04-25,0.022272912368413444,23.0,11.601842172737305
vuelta-a-espana/2001/stage-5,Vuelta a España,80,,160800,2946.0,5,971,,1,0,0,2001-09-12,0.01832089552238806,718.0,374.1475302378443
giro-d-italia/1993/stage-14,Giro d'Italia,80,,245000,2120.8934397209423,4,1089,,1,0,0,1993-06-06,0.008656707917228336,190.0,152.18200497221292
vuelta-a-espana/2018/stage-2,La Vuelta ciclista a España,80,100,163500,2826.0,2,1036,,1,0,0,2018-08-26,0.01728440366972477,244.0,338.81632090314775
tour-de-france/1989/stage-8,Tour de France,100,,157000,1838.0,2,1849,,1,0,0,1989-07-09,0.011707006369426752,20.0,10.112919181547486
dauphine/1970/stage-5a,Critérium du Dauphiné Libéré,50,,146000,1002.562292611691,,766,,1,0,0,1970-05-24,0.006866865017888294,12.0,5.366563145999495
tour-de-suisse/2019/stage-3,Tour de Suisse,50,60,162300,1733.0,2,802,,1,0,0,2019-06-17,0.010677757239679606,0.0,38.039810659718
paris-nice/1983/stage-7b,Paris - Nice,50,,11000,98.36069987290557,,658,,1,0,0,1983-03-16,0.008941881806627779,95.5,41.89997487752042
tirreno-adriatico/2007/stage-1,Tirreno-Adriatico,50,,175000,1644.9595916346757,1,1148,,1,0,0,2007-03-14,0.009399769095055289,0.0,107.96975394738037
tour-de-france/2003/stage-7,Tour de France,100,,230500,4500.0,4,1688,,1,0,0,2003-07-12,0.019522776572668113,872.0,545.0142941128328
san-sebastian/1998/result,Clasica Ciclista San Sebastian,225,,232000,3699.502068999366,2,1428,,0,0,0,1998-08-08,0.015946129607755887,654.0,301.5137053333013
tour-de-france/2015/stage-18,Tour de France,100,20,186500,4424.0,4,1812,,1,0,0,2015-07-23,0.02372117962466488,1648.0,734.6997332645536
giro-d-italia/2005/stage-16,Giro d'Italia,80,,210000,1267.0,2,929,,1,0,0,2005-05-25,0.006033333333333333,1336.0,391.4765636355905
tour-de-france/1991/stage-3,Tour de France,100,,210500,1532.0,1,1933,,1,0,0,1991-07-08,0.00727790973871734,0.0,67.13478728910259
tour-de-france/2005/stage-12,Tour de France,100,,187000,3021.0,4,1535,,1,0,0,2005-07-14,0.016155080213903744,633.0,163.70297733548517
tour-de-france/2018/stage-20,Tour de France,100,120,31000,543.0,3,1689,,1,0,0,2018-07-28,0.017516129032258066,253.5,119.52095503591075
tour-de-france/1989/stage-20,Tour de France,100,,130000,1286.0,1,1849,,1,0,0,1989-07-22,0.009892307692307692,0.0,4.086031347641994
giro-d-italia/2001/stage-2,Giro d'Italia,80,,167000,1018.0,3,920,,1,0,0,2001-05-21,0.006095808383233533,0.0,75.04075305656063
vuelta-a-espana/2020/stage-3,La Vuelta ciclista a España,80,100,166100,2779.0,5,692,,1,0,0,2020-10-22,0.016730885009030704,507.0,303.48441697997606
giro-d-italia/1991/stage-6,Giro d'Italia,80,,205000,1894.9111129911441,,908,,1,0,0,1991-06-01,0.009243468843859239,5.0,2.41522945769824
il-lombardia/2019/result,Il Lombardia,275,500,243000,4087.0,4,1039,,0,0,0,2019-10-12,0.016818930041152265,362.0,406.4751790526266
paris-nice/2006/stage-2,Paris - Nice,50,,200000,2676.9005746938824,1,795,,1,0,0,2006-03-07,0.013384502873469413,0.0,135.96788389289054
tour-de-france/1984/stage-16,Tour de France,100,,22000,1036.0,5,1632,,1,0,0,1984-07-15,0.04709090909090909,266.5,117.49282543533019
vuelta-a-espana/1986/stage-11,Vuelta a España,80,,29100,234.0,,843,,1,0,0,1986-05-03,0.008041237113402062,26.5,15.202704437771002
vuelta-a-espana/1989/stage-15,Vuelta a España,80,,24000,1523.0,,803,,1,0,0,1989-05-08,0.06345833333333334,53.5,34.148206395065614
tour-de-france/1991/stage-16,Tour de France,100,,215000,2500.0,1,1933,,1,0,0,1991-07-22,0.011627906976744186,489.0,384.7050264584038
paris-nice/1987/stage-3,Paris - Nice,50,,244000,2673.765098849443,,1164,,1,0,0,1987-03-11,0.010958053683809192,77.5,61.52151291803654
dauphine/1975/stage-3,Critérium du Dauphiné Libéré,50,,207000,2633.3323711436187,,889,,1,0,0,1975-06-05,0.012721412420983666,0.0,0.0
tour-de-romandie/1994/stage-3,Tour de Romandie,50,,160100,1452.3399538682893,,780,,1,0,0,1994-05-07,0.00907145505226914,116.5,66.18358306005098
vuelta-a-espana/2011/stage-3,Vuelta a España,80,16,164000,1956.0,2,1170,,1,0,0,2011-08-22,0.011926829268292683,186.0,260.6959828101383
paris-roubaix/2013/result,Paris - Roubaix,275,,254500,997.0,1,759,,0,0,0,2013-04-07,0.003917485265225933,627.0,515.5568411331861
tour-de-suisse/2021/stage-1,Tour de Suisse,50,60,10900,36.0,1,670,,1,0,0,2021-06-06,0.0033027522935779817,60.0,21.9278942712202
tour-de-france/1991/stage-15,Tour de France,100,,235000,3000.0,1,1933,,1,0,0,1991-07-21,0.01276595744680851,113.0,50.16255378811548
vuelta-a-espana/1997/stage-17,Vuelta a España,80,,195000,2083.0,,1165,,1,0,0,1997-09-23,0.010682051282051281,49.5,75.83578789922973
e3-harelbeke/1970/result,E3-Prijs Harelbeke,125,,210000,1434.6821263973627,,439,,0,0,0,1970-03-21,0.006831819649511251,12.0,74.48647725673196
dauphine/1975/stage-1a,Critérium du Dauphiné Libéré,50,,213000,2683.702302276997,,889,,1,0,0,1975-06-03,0.012599541325244119,0.0,0.0
vuelta-a-espana/1990/stage-15,Vuelta a España,80,,24000,1523.0,,807,,1,0,0,1990-05-08,0.06345833333333334,184.0,68.96569195380168
paris-nice/1998/stage-2,Paris - Nice,50,,195800,1405.0909287713694,,960,,1,0,0,1998-03-10,0.00717615387523682,0.0,35.117454158669716
tour-de-suisse/1999/stage-7,Tour de Suisse,50,,47500,497.26952113089055,,900,,1,0,0,1999-06-22,0.010468832023808222,50.0,94.03786128383987
tour-de-france/1979/stage-21,Tour de France,100,,49000,817.0,2,1381,,1,0,0,1979-07-19,0.016673469387755102,473.5,164.2035991461036
vuelta-a-espana/2001/stage-17,Vuelta a España,80,,159500,1387.0,1,971,,1,0,0,2001-09-26,0.008695924764890282,77.0,102.89164128705158
dauphine/2001/stage-5,Criterium du Dauphiné Libére,50,,151000,3134.145892602025,,442,,1,0,0,2001-06-15,0.02075593306358957,895.0,491.3309958661587
dauphine/2010/prologue,Critérium du Dauphiné,50,6,6800,34.98940391959286,2,673,,1,0,0,2010-06-06,0.005145500576410715,36.0,14.380058259049637
tirreno-adriatico/2001/stage-2,Tirreno-Adriatico,50,,163000,1777.8505960521684,,1092,,1,0,0,2001-03-15,0.010907058871485695,0.0,64.36812913622866
volta-a-catalunya/1998/stage-1b,Volta Ciclista a Catalunya,50,,7800,51.968753414883395,,859,,1,0,0,1998-06-18,0.00666266069421582,49.0,18.005078648616266
tour-de-romandie/1995/stage-5b,Tour de Romandie,50,,26300,221.77650871562355,,798,,1,0,0,1995-05-06,0.008432566871316485,113.0,49.54358350651138
vuelta-a-espana/1999/stage-12,Vuelta a España,80,,147000,4730.0,,1342,,1,0,0,1999-09-17,0.03217687074829932,1751.0,634.3714135474162
paris-nice/1980/stage-3,Paris - Nice,50,,187000,1542.795351957493,,1128,,1,0,0,1980-03-08,0.00825024252383686,14.0,7.797435475847171
tour-de-france/1979/prologue,Tour de France,100,,5000,116.0,1,1381,,1,0,0,1979-06-27,0.0232,35.0,14.108751468820635
giro-d-italia/1992/stage-20,Giro d'Italia,80,,92000,1078.2063743285648,,953,,1,0,0,1992-06-13,0.011719634503571356,0.0,0.0
dauphine/2023/stage-5,Critérium du Dauphiné,50,60,191100,2018.0,2,781,26,1,0,0,2023-06-08,0.010559916274201988,386.0,277.1436017309297
tirreno-adriatico/1995/stage-2,Tirreno-Adriatico,50,,182000,1441.7226061423928,,749,,1,0,0,1995-03-09,0.007921552781002159,4.0,1.6329931618554518
giro-d-italia/1996/stage-22,Giro d'Italia,80,,176000,1309.5264700374714,,1034,,1,0,0,1996-06-09,0.007440491307031088,17.0,74.26429962095257
volta-a-catalunya/2001/stage-4,Volta a Catalunya,50,,115800,2260.343434920387,,617,,1,0,0,2001-06-24,0.019519373358552566,395.0,359.08221121046375
vuelta-a-espana/2020/stage-16,La Vuelta ciclista a España,80,100,162000,2762.0,2,692,,1,0,0,2020-11-06,0.01704938271604938,624.0,442.3173836527503
paris-nice/1985/stage-7b,Paris - Nice,50,,11000,140.3319079213934,,815,,1,0,0,1985-03-10,0.012757446174672126,95.0,47.747581917280044
vuelta-a-espana/2004/stage-17,Vuelta a España,80,,170000,4216.0,5,1177,,1,0,0,2004-09-22,0.0248,1460.0,677.2116604986286
giro-d-italia/1994/stage-6,Giro d'Italia,80,,215000,993.0676115448821,,1292,,1,0,0,1994-05-27,0.0046189191234645675,90.5,95.39537608174611
giro-d-italia/2022/stage-13,Giro d'Italia,80,100,150000,1817.0,2,817,24,1,0,0,2022-05-20,0.012113333333333334,46.0,197.61948200584175
vuelta-a-espana/1995/stage-7,Vuelta a España,80,,41000,207.0,,883,,1,0,0,1995-09-09,0.005048780487804878,134.0,56.31459254343703
vuelta-a-espana/2009/stage-15,Vuelta a España,80,,167700,2048.0,2,1220,,1,0,0,2009-09-14,0.012212283840190817,1501.0,383.2673651004147
omloop-het-nieuwsblad/2014/result,Omloop Het Nieuwsblad ME,125,,198400,1717.0,2,498,,0,0,0,2014-03-01,0.008654233870967741,581.0,269.11923634323006
world-championship/1980/result,World Championships - Road Race,350,,268000,3910.4367813983395,,1480,,0,0,0,1980-08-31,0.014591182020143059,265.0,366.0960061435876
vuelta-a-espana/2007/stage-9,Vuelta a España,80,,167600,3893.0,5,995,,1,0,0,2007-09-09,0.023227923627684964,713.0,329.458382715569
tour-de-romandie/1988/prologue,Tour de Romandie,50,,7900,218.01786427648767,,439,,1,0,0,1988-05-10,0.027597198009681984,4.0,5.70087712549569
vuelta-a-espana/1993/stage-10,Vuelta a España,80,,206000,1288.0,,819,,1,0,0,1993-05-05,0.006252427184466019,0.0,248.8189316895197
tour-de-france/2001/stage-19,Tour de France,100,,149500,1022.0,1,1496,,1,0,0,2001-07-28,0.006836120401337792,0.0,23.573091297289622
giro-d-italia/2014/stage-7,Giro d'Italia,80,16,211000,2645.0,2,892,,1,0,0,2014-05-16,0.012535545023696682,0.0,176.24238720236605
tour-de-suisse/1996/stage-4,Tour de Suisse,50,,218500,3484.138474910981,,971,,1,0,0,1996-06-15,0.015945713843986183,1635.0,488.65856324080875
ronde-van-vlaanderen/2016/result,Ronde van Vlaanderen / Tour des Flandres ME,275,500,255000,2220.0,2,791,,0,0,0,2016-04-03,0.008705882352941176,439.0,242.05215519623894
giro-d-italia/2007/stage-10,Giro d'Italia,80,,249000,4494.0,5,844,,1,0,0,2007-05-22,0.018048192771084336,902.0,624.7711239130228
itzulia-basque-country/2018/stage-3,Itzulia Basque Country,50,50,184800,2988.0,4,824,,1,0,0,2018-04-04,0.01616883116883117,0.0,280.60741880772304
vuelta-a-espana/2017/stage-7,Vuelta a España,80,100,207000,3034.0,2,899,,1,0,0,2017-08-25,0.014657004830917874,939.0,263.84062931947636
dauphine/2003/stage-6,Critérium du Dauphiné Libéré,50,,153000,2498.629627921873,,572,,1,0,0,2003-06-14,0.016330912600796558,544.0,454.3824723536127
vuelta-a-espana/2019/stage-12,La Vuelta ciclista a España,80,100,171400,2072.0,2,798,,1,0,0,2019-09-05,0.012088681446907818,863.0,401.0615653126474
giro-d-italia/2006/stage-19,Giro d'Italia,80,,211000,5411.0,4,997,,1,0,0,2006-05-27,0.025644549763033174,2399.0,835.7429065903677
tour-de-france/2022/stage-6,Tour de France,100,120,219900,2477.0,3,1551,19,1,0,0,2022-07-07,0.011264211005002274,337.0,257.24301486386446
giro-d-italia/2021/stage-18,Giro d'Italia,80,100,231000,1398.0,2,885,,1,0,0,2021-05-27,0.006051948051948052,1410.0,462.417859583115
tour-de-france/1990/prologue,Tour de France,100,,6300,184.0,1,1959,,1,0,0,1990-06-30,0.029206349206349208,39.0,16.162790906133868
tour-de-suisse/1994/stage-1,Tour de Suisse,50,,161500,1188.6939225331882,,616,,1,0,0,1994-06-15,0.007360333885654416,6.0,3.0983866769659336
giro-d-italia/1994/stage-4,Giro d'Italia,80,,204000,828.6818014034736,,1292,,1,0,0,1994-05-25,0.004062165693154283,47.0,20.494985836649033
vuelta-a-espana/1997/stage-14,Vuelta a España,80,,160000,2677.0,,1165,,1,0,0,1997-09-20,0.01673125,821.0,223.7136403306431
tour-de-france/1993/stage-6,Tour de France,100,,158000,1533.0,1,1804,,1,0,0,1993-07-09,0.00970253164556962,13.0,129.93301300253046
volta-a-catalunya/2015/stage-3,Volta Ciclista a Catalunya,50,6,156600,2219.0,2,817,,1,0,0,2015-03-25,0.0141698595146871,520.0,368.57548051562446
amstel-gold-race/1997/result,Amstel Gold Race,225,,258000,3461.36792025486,,1154,,0,0,0,1997-04-26,0.013416154729670001,68.0,98.53038791039116
giro-d-italia/1999/stage-6,Giro d'Italia,80,,257000,2265.9128951916746,,1057,,1,0,0,1999-05-20,0.008816781693352819,159.0,134.52235018027247
dauphine/2019/stage-6,Critérium du Dauphiné,50,60,229000,3715.0,4,973,,1,0,0,2019-06-14,0.016222707423580784,906.0,367.0969167773385
tour-de-suisse/2002/stage-4,Tour de Suisse,50,,160000,2249.947294822623,,673,,1,0,0,2002-06-22,0.014062170592641393,12.0,252.28118656033044
dauphine/2018/stage-1,Critérium du Dauphiné,50,60,179000,2841.0,4,762,,1,0,0,2018-06-04,0.01587150837988827,79.0,156.51475632842372
tour-de-suisse/1991/stage-4,Tour de Suisse,50,,176500,2721.40219926695,,796,,1,0,0,1991-06-22,0.015418709344288668,168.0,156.15492663092994
tour-de-romandie/2023/stage-5,Tour de Romandie,50,60,170800,2287.0,2,539,15,1,0,0,2023-04-30,0.013389929742388758,0.0,224.0705371344841
giro-d-italia/2000/stage-19,Giro d'Italia,80,,177000,3955.0,5,866,,1,0,0,2000-06-02,0.022344632768361582,1361.0,449.074539338699
tour-de-france/2014/stage-21,Tour de France,100,20,137500,805.0,1,1612,,1,0,0,2014-07-27,0.005854545454545454,24.0,57.5922709164189
tour-de-suisse/1981/stage-1,Tour de Suisse,50,,205000,1184.1396284959771,,516,,1,0,0,1981-06-11,0.005776290870712084,0.0,0.0
volta-a-catalunya/1984/stage-7a,Volta Ciclista a Catalunya,50,,18000,670.2911161573891,,319,,1,0,0,1984-09-12,0.03723839534207717,124.0,56.707725063445665
paris-nice/2021/stage-1,Paris - Nice,50,60,165800,1525.0,2,1044,,1,0,0,2021-03-07,0.0091978287092883,0.0,140.79714599648216
dauphine/1983/stage-4,Critérium du Dauphiné Libéré,50,,155000,1820.7632230586387,,621,,1,0,0,1983-06-03,0.01174685950360412,19.0,8.264381404557755
vuelta-a-espana/1999/stage-5,Vuelta a España,80,,160000,2728.0,,1342,,1,0,0,1999-09-09,0.01705,1358.0,564.2132894327968
la-fleche-wallone/1991/result,La Flèche Wallonne,225,,203000,2702.6065292352955,,865,,0,0,0,1991-04-17,0.013313332656331505,313.0,79.86523359028908
tour-de-suisse/1970/stage-5,Tour de Suisse,50,,197000,3960.259739668146,,393,,1,0,0,1970-06-15,0.020102841318112415,8.5,9.814954576223638
tour-de-france/2007/stage-17,Tour de France,100,,188500,1734.0,2,1612,,1,0,0,2007-07-26,0.00919893899204244,579.0,116.34777126630411
itzulia-basque-country/2002/stage-5a,Vuelta al País Vasco,50,,94000,2366.188656340513,,966,,1,0,0,2002-04-12,0.025172219748303328,311.0,431.97943950907916
vuelta-a-espana/2001/stage-12,Vuelta a España,80,,17100,943.0,5,971,,1,0,0,2001-09-20,0.05514619883040936,256.0,125.83725967918603
volta-a-catalunya/2010/stage-7,Volta Ciclista a Catalunya,50,6,117800,1649.2715908509265,,722,,1,0,0,2010-03-28,0.01400060773218104,0.0,7.846223131401092
tour-de-romandie/1990/prologue,Tour de Romandie,50,,4600,29.992350281123436,,684,,1,0,0,1990-05-08,0.006520076148070312,3.0,1.2110601416389966
giro-d-italia/2008/stage-11,Giro d'Italia,80,,199000,4320.0,4,1058,,1,0,0,2008-05-21,0.021708542713567838,1111.0,530.6751302155093
volta-a-catalunya/2011/stage-6,Volta Ciclista a Catalunya,50,6,189500,2303.295188111515,,732,,1,0,0,2011-03-26,0.012154592021696648,0.0,14.073697780059376
vuelta-a-espana/1984/stage-4,Vuelta a España,80,,197000,1991.0595081865256,,747,,1,0,0,1984-04-21,0.010106901056784395,0.0,0.0
vuelta-a-espana/2008/stage-7,Vuelta a España,80,,223200,4842.0,5,1101,,1,0,0,2008-09-06,0.021693548387096775,1118.0,629.8797109850093
tour-de-romandie/1981/prologue,Tour de Romandie,50,,2000,162.99083663949386,,439,,1,0,0,1981-05-05,0.08149541831974694,2.0,1.1547005383792517
tirreno-adriatico/2009/stage-3,Tirreno-Adriatico,50,,166000,1297.0,1,1206,,1,0,0,2009-03-13,0.007813253012048193,0.0,76.56295525379487
volta-a-catalunya/1995/stage-6,Volta Ciclista a Catalunya,50,,17000,239.9494996501694,,737,,1,0,0,1995-06-21,0.014114676450009965,56.0,26.16325265470034
vuelta-a-espana/2001/stage-18,Vuelta a España,80,,154200,1197.0,1,971,,1,0,0,2001-09-27,0.0077626459143968875,70.0,152.3915945406294
tour-de-france/1993/stage-16,Tour de France,100,,230000,5500.0,5,1804,,1,0,0,1993-07-21,0.02391304347826087,1297.0,557.7785088282001
vuelta-a-espana/2004/stage-8,Vuelta a España,50,,40100,72.0,1,1177,,1,0,0,2004-09-11,0.0017955112219451373,268.0,106.59762808960497
volta-a-catalunya/1994/stage-1,Volta Ciclista a Catalunya,50,,5900,436.30667385786796,,379,,1,0,0,1994-09-08,0.07395028370472338,11.5,5.735852159879995
dauphine/2014/stage-1,Critérium du Dauphiné,50,6,10400,84.0,1,941,,1,0,0,2014-06-08,0.008076923076923077,45.0,25.488922295791156
volta-a-catalunya/2021/stage-4,Volta Ciclista a Catalunya,50,50,166500,3980.0,5,772,,1,0,0,2021-03-25,0.023903903903903904,1194.0,685.8120750121043
tour-de-romandie/2019/stage-1,Tour de Romandie,50,60,168400,3094.0,4,570,,1,0,0,2019-05-01,0.0183729216152019,394.5,501.15216102234143
tirreno-adriatico/2011/stage-3,Tirreno-Adriatico,50,6,189000,1438.0,1,1216,,1,0,0,2011-03-11,0.007608465608465609,0.0,168.40848206694528
tirreno-adriatico/1993/stage-2,Tirreno-Adriatico,50,,179000,1165.944282604667,,568,,1,0,0,1993-03-11,0.006513655210081939,0.0,0.0
ronde-van-vlaanderen/2006/result,Ronde van Vlaanderen / Tour des Flandres ME,275,,259000,1553.8044622318948,2,845,,0,0,0,2006-04-02,0.005999245027922374,747.0,341.88814713077556
tour-de-france/1994/stage-2,Tour de France,100,,203500,1948.0,1,1731,,1,0,0,1994-07-04,0.009572481572481573,0.0,61.51263482368992
dauphine/2004/stage-6,Critérium du Dauphiné Libéré,50,,144000,3508.9982477708136,,737,,1,0,0,2004-06-12,0.024368043387297318,969.0,412.64152454373504
vuelta-a-espana/2019/stage-3,La Vuelta ciclista a España,80,100,188000,1730.0,2,798,,1,0,0,2019-08-26,0.009202127659574469,0.0,119.31761608721891
tour-de-romandie/2014/stage-3,Tour de Romandie,50,6,180200,3768.0,4,847,,1,0,0,2014-05-02,0.02091009988901221,1372.0,919.5511685989709
tour-de-suisse/1976/stage-1,Tour de Suisse,50,,181000,3864.6398635537676,,377,,1,0,0,1976-06-10,0.021351601456098164,0.0,0.0
tour-de-france/1991/stage-17,Tour de France,100,,125000,2309.790596459945,5,1933,,1,0,0,1991-07-23,0.018478324771679558,550.0,300.01863725838626
tour-de-france/2018/stage-6,Tour de France,100,120,181000,2027.0,3,1689,,1,0,0,2018-07-12,0.01119889502762431,198.0,318.6485024552146
vuelta-a-espana/1999/stage-11,Vuelta a España,80,,201000,3245.0,,1342,,1,0,0,1999-09-16,0.016144278606965174,1229.0,587.2409406490912
vuelta-a-espana/1997/stage-19,Vuelta a España,80,,184000,2538.0,,1165,,1,0,0,1997-09-25,0.013793478260869565,806.0,444.8172546331581
tirreno-adriatico/2009/stage-7,Tirreno-Adriatico,50,,169000,1413.0,1,1206,,1,0,0,2009-03-17,0.00836094674556213,0.0,71.46683709967475
vuelta-a-espana/2008/stage-19,Vuelta a España,80,,145500,2446.0,2,1101,,1,0,0,2008-09-19,0.016810996563573884,162.0,575.4320031528448
vuelta-a-espana/2017/stage-3,Vuelta a España,80,100,158500,3623.0,4,899,,1,0,0,2017-08-21,0.022858044164037854,888.0,466.43680603098994
vuelta-a-espana/1982/prologue,Vuelta a España,80,,6700,70.07856056755008,,523,,1,0,0,1982-04-20,0.010459486651873146,27.0,9.687472735258755
world-championship/2015/result,World Championships ME - Road Race,350,600,261400,2089.0,3,1353,,0,0,0,2015-09-27,0.00799158377964805,55.0,194.379922562095
vuelta-a-espana/2012/stage-5,Vuelta a España,80,16,172000,1079.0,1,852,,1,0,0,2012-08-22,0.006273255813953488,0.0,47.554876175190245
itzulia-basque-country/2005/stage-5b,Vuelta al País Vasco,50,,9300,125.63766397417157,,1217,,1,0,0,2005-04-08,0.01350942623378189,96.0,43.97013212493191
liege-bastogne-liege/1977/result,Liège - Bastogne - Liège,275,,243500,2217.8479880134273,,623,,0,0,0,1977-04-24,0.009108205289582864,427.0,453.4852231540159
tirreno-adriatico/1997/stage-1,Tirreno-Adriatico,50,,192000,2278.6179881365942,,692,,1,0,0,1997-03-13,0.011867802021544761,0.0,0.0
la-fleche-wallone/1982/result,La Flèche Wallonne,225,,251000,3771.4273133862625,,763,,0,0,0,1982-04-15,0.01502560682624009,80.5,145.94196386982676
tirreno-adriatico/2012/stage-3,Tirreno-Adriatico,50,6,178000,1550.0,1,1188,,1,0,0,2012-03-09,0.008707865168539325,3.0,115.15435607149892
vuelta-a-espana/1991/stage-19,Vuelta a España,80,,53200,103.0,,1042,,1,0,0,1991-05-17,0.0019360902255639097,165.5,59.362933676974244
paris-nice/2010/prologue,Paris - Nice,30,6,8000,101.12580731931848,1,1192,,1,0,0,2010-03-07,0.01264072591491481,49.0,21.53476417377017
vuelta-a-espana/2007/stage-15,Vuelta a España,80,,201400,3301.0,4,995,,1,0,0,2007-09-16,0.016390268123138034,881.0,524.5229364688723
giro-d-italia/2015/stage-9,Giro d'Italia,80,16,224000,4264.0,4,861,,1,0,0,2015-05-17,0.019035714285714284,792.0,477.06878001112597
vuelta-a-espana/1993/stage-9,Vuelta a España,80,,224000,602.0,,819,,1,0,0,1993-05-04,0.0026875,0.0,2.7221786146864813
vuelta-a-espana/1989/stage-5,Vuelta a España,80,,247000,2345.0,,803,,1,0,0,1989-04-28,0.009493927125506074,0.0,0.0
paris-nice/2016/prologue,Paris - Nice,50,60,6100,73.0,1,1109,,1,0,0,2016-03-06,0.011967213114754098,32.0,15.00509838524047
giro-d-italia/2023/stage-20,Giro d'Italia,80,180,18600,1070.0,5,835,18,1,0,0,2023-05-27,0.057526881720430106,440.0,193.74089642157776
giro-d-italia/2016/stage-12,Giro d'Italia,80,100,182000,122.0,1,933,,1,0,0,2016-05-19,0.0006703296703296704,0.0,56.170419946541486
giro-d-italia/1994/stage-5,Giro d'Italia,80,,158000,929.73847993003,,1292,,1,0,0,1994-05-26,0.0058844207590508235,0.0,0.0
paris-nice/1986/prologue,Paris - Nice,50,,5900,75.52533065494117,,746,,1,0,0,1986-03-02,0.012800903500837487,30.0,11.139089296025396
paris-nice/1981/stage-1,Paris - Nice,50,,177000,2244.217272217517,,821,,1,0,0,1981-03-12,0.012679193628347553,163.0,44.469497769640455
paris-nice/2008/stage-6,Paris - Nice,30,,203500,2897.203649291573,,775,,1,0,0,2008-03-15,0.01423687296949176,307.0,440.3927764174399
paris-nice/2002/stage-4,Paris - Nice,50,,175000,3614.221184277974,,883,,1,0,0,2002-03-14,0.020652692481588422,703.5,617.7320325390556
vuelta-a-espana/1991/stage-1,Vuelta a España,80,,8800,66.0,,1042,,1,0,0,1991-04-29,0.0075,10.0,6.045200116161949
tour-de-suisse/1977/stage-8,Tour de Suisse,50,,166000,1360.1241954245847,,627,,1,0,0,1977-06-23,0.008193519249545691,0.0,0.0
paris-nice/1989/stage-4,Paris - Nice,50,,203000,2452.971664934437,,794,,1,0,0,1989-03-09,0.012083604260760772,52.0,24.818629450799495
vuelta-a-espana/1981/stage-12,Vuelta a España,80,,217000,2388.0294453788806,,457,,1,0,0,1981-05-03,0.011004743987921109,15.0,268.1711375338725
tour-de-france/1981/prologue,Tour de France,100,,5850,63.0,1,1362,,1,0,0,1981-06-25,0.010769230769230769,35.0,10.714561794674646
vuelta-a-espana/2012/stage-2,Vuelta a España,80,16,180000,1915.0,2,852,,1,0,0,2012-08-19,0.010638888888888889,0.0,71.82056002011991
amstel-gold-race/1987/result,Amstel Gold Race,225,,242000,3152.4997615697544,,488,,0,0,0,1987-04-25,0.013026858518883282,211.0,261.12837341783853
giro-d-italia/1995/stage-13,Giro d'Italia,80,,218000,956.2959912135877,,1365,,1,0,0,1995-05-26,0.004386678858777925,65.0,37.847794593021604
tirreno-adriatico/1993/stage-7,Tirreno-Adriatico,50,,160000,816.4725614428901,,568,,1,0,0,1993-03-16,0.005102953509018063,2.0,0.6324555320336759
vuelta-a-espana/1983/stage-10,Vuelta a España,80,,134000,1120.8690992081047,,705,,1,0,0,1983-04-29,0.008364694770209737,159.0,57.5296589085607
giro-d-italia/1990/stage-16,Giro d'Italia,80,,171000,1779.6691804750187,,1061,,1,0,0,1990-06-02,0.010407422108041044,232.0,117.11418929119277
volta-a-catalunya/2016/stage-3,Volta Ciclista a Catalunya,50,50,172100,3947.0,5,1045,,1,0,0,2016-03-23,0.022934340499709473,777.0,509.19709530801515
liege-bastogne-liege/2001/result,Liège - Bastogne - Liège,275,,258000,4143.486852407406,,1186,,0,0,0,2001-04-22,0.01606002655971863,97.0,407.37277710345296
dwars-door-vlaanderen/2000/result,Dwars door Vlaanderen,75,,206000,3931.37828402181,2,320,,0,0,0,2000-03-22,0.01908436060204762,7.5,137.1935337918144
vuelta-a-espana/2011/stage-4,Vuelta a España,80,16,170200,3687.0,5,1170,,1,0,0,2011-08-23,0.021662749706227967,1107.0,550.4440299624063
dwars-door-vlaanderen/2010/result,Dwars door Vlaanderen,75,,204000,2516.4312584273002,2,527,,0,0,0,2010-03-24,0.012335447345231863,262.0,183.05205217765683
tour-de-france/1993/stage-9,Tour de France,100,,59000,649.0000000000002,1,1804,,1,0,0,1993-07-12,0.011000000000000005,516.0,183.94096751991844
tirreno-adriatico/2019/stage-6,Tirreno-Adriatico,50,60,195000,2257.0,2,1067,,1,0,0,2019-03-18,0.011574358974358974,35.0,155.51637783295132
tour-de-france/1988/stage-19,Tour de France,100,,188000,4079.0,5,1941,,1,0,0,1988-07-21,0.021696808510638297,644.0,214.19862530742657
tour-de-suisse/1971/stage-7,Tour de Suisse,50,,209000,3942.1802597410033,,302,,1,0,0,1971-06-17,0.018862106505937816,0.0,0.0
paris-roubaix/1978/result,Paris - Roubaix,275,,263000,2838.399028853655,,558,,0,0,0,1978-04-16,0.010792391744690703,439.0,352.34923058744783
tour-de-romandie/2012/prologue,Tour de Romandie,50,6,3340,11.0,1,727,,1,0,0,2012-04-24,0.0032934131736526945,20.0,6.980155236157562
tour-de-france/2003/stage-2,Tour de France,100,,204500,2461.0,2,1688,,1,0,0,2003-07-07,0.012034229828850856,0.0,162.7924384751275
vuelta-a-espana/1988/stage-10,Vuelta a España,80,,197300,2000.0,,828,,1,0,0,1988-05-04,0.01013684744044602,0.0,0.0
giro-d-italia/2018/stage-14,Giro d'Italia,80,100,186000,4477.0,5,838,,1,0,0,2018-05-19,0.02406989247311828,1293.0,604.8649908915284
tirreno-adriatico/2011/stage-5,Tirreno-Adriatico,50,6,240000,3941.0,2,1216,,1,0,0,2011-03-13,0.016420833333333332,907.0,753.0405865189556
tour-de-france/1979/stage-18,Tour de France,100,,119000,3500.0,5,1381,,1,0,0,1979-07-16,0.029411764705882353,478.0,191.57398619225987
dauphine/2013/stage-3,Critérium du Dauphiné,50,6,167000,1525.0,2,985,,1,0,0,2013-06-04,0.009131736526946108,0.0,128.0939188782339
tour-de-france/1981/stage-18,Tour de France,100,,131000,4000.0,5,1362,,1,0,0,1981-07-15,0.030534351145038167,1087.0,460.9756386238522
tour-de-suisse/1976/stage-4a,Tour de Suisse,50,,108000,2194.7910381506736,,377,,1,0,0,1976-06-13,0.020322139242135866,50.0,18.89822365046136
tour-de-france/2015/stage-11,Tour de France,100,20,188000,4099.0,5,1812,,1,0,0,2015-07-15,0.021803191489361703,1304.0,585.5530994432453
giro-d-italia/2016/stage-8,Giro d'Italia,80,100,186000,1985.0,3,933,,1,0,0,2016-05-14,0.010672043010752688,834.0,398.2955563258253
uae-tour/2021/stage-5,UAE Tour,50,40,170000,2633.0,5,755,,1,0,0,2021-02-25,0.015488235294117646,500.5,517.7539487066341
ronde-van-vlaanderen/2005/result,Ronde van Vlaanderen / Tour des Flandres ME,275,,256000,2500.643418779652,2,809,,0,0,0,2005-04-03,0.009768138354608016,385.0,283.70226705251844
volta-a-catalunya/2003/stage-7,Volta a Catalunya,50,,128000,2287.353379266719,,515,,1,0,0,2003-06-22,0.01786994827552124,14.0,468.2878926340045
tour-de-france/2007/stage-4,Tour de France,100,,193000,1652.0,1,1612,,1,0,0,2007-07-11,0.008559585492227979,0.0,35.09010522463127
volta-a-catalunya/2004/stage-5,Volta a Catalunya,50,,180600,3867.6188109522122,2,376,,1,0,0,2004-06-18,0.02141538655012299,0.0,4.767312946227962
vuelta-a-espana/2019/stage-6,La Vuelta ciclista a España,80,100,198900,3294.0,3,798,,1,0,0,2019-08-29,0.016561085972850678,735.0,376.23634000460754
tour-de-france/1985/stage-14,Tour de France,100,,179000,3000.0,4,1470,,1,0,0,1985-07-13,0.01675977653631285,551.0,366.2808538406694
tour-de-suisse/1984/stage-8b,Tour de Suisse,50,,148000,4634.171160484182,,646,,1,0,0,1984-06-21,0.031311967300568795,3018.0,1371.6248434288113
tour-de-france/2021/stage-20,Tour de France,100,120,30800,246.0,1,1646,,1,0,0,2021-07-17,0.007987012987012987,261.0,88.76020864046177
volta-a-catalunya/1999/stage-6,Volta Ciclista a Catalunya,50,,196800,2099.5988513520083,,804,,1,0,0,1999-06-23,0.010668693350365896,283.0,296.7337047344365
vuelta-a-espana/2013/stage-16,Vuelta a España,80,16,146800,3220.0,5,1128,,1,0,0,2013-09-09,0.021934604904632154,679.0,422.52323071302243
tour-de-france/2012/stage-15,Tour de France,100,20,158500,2173.0,1,1703,,1,0,0,2012-07-16,0.013709779179810725,710.0,135.5254179059077
amstel-gold-race/1995/result,Amstel Gold Race,225,,256000,3761.39939091592,,758,,0,0,0,1995-04-22,0.014692966370765313,29.0,203.49738458906836
giro-d-italia/1994/stage-2,Giro d'Italia,80,,232000,1300.9888268126895,,1292,,1,0,0,1994-05-23,0.005607710460399523,12.0,4.049691346263318
paris-nice/1972/stage-7a,Paris - Nice,50,,153000,1378.0834693070597,,1086,,1,0,0,1972-03-16,0.009007081498738951,0.0,0.0
paris-nice/1996/stage-6,Paris - Nice,50,,199500,2524.405424843215,,766,,1,0,0,1996-03-15,0.012653661277409599,0.0,21.371078318740658
giro-d-italia/2010/stage-14,Giro d'Italia,80,16,205000,2214.0,4,878,,1,0,0,2010-05-22,0.0108,1130.0,526.0398019262743
tour-de-france/2009/stage-3,Tour de France,100,,196500,987.0,1,1557,,1,0,0,2009-07-06,0.005022900763358778,41.0,37.48225896706628
vuelta-a-espana/1984/prologue,Vuelta a España,80,,6600,56.2723247041954,,747,,1,0,0,1984-04-17,0.00852610980366597,45.0,13.308147793994392
il-lombardia/1988/result,Giro di Lombardia,275,,260000,3182.646701384161,,403,,0,0,0,1988-10-15,0.012240948851477543,587.5,277.3098811100865
vuelta-a-espana/2006/stage-8,Vuelta a España,80,,181600,2290.0,3,1026,,1,0,0,2006-09-02,0.012610132158590309,49.0,112.6796778973928
giro-d-italia/2022/stage-15,Giro d'Italia,80,100,177000,4019.0,5,817,26,1,0,0,2022-05-22,0.022706214689265536,1653.0,731.8240728723065
paris-nice/1999/prologue,Paris - Nice,50,,9000,105.50251502401397,,792,,1,0,0,1999-03-07,0.011722501669334886,44.0,21.886137156315343
vuelta-a-espana/2011/stage-6,Vuelta a España,80,16,193400,2181.0,2,1170,,1,0,0,2011-08-25,0.011277145811789038,413.0,455.63089544654986
paris-nice/2001/stage-6,Paris - Nice,50,,10000,437.34144472088747,,902,,1,0,0,2001-03-17,0.043734144472088746,185.0,65.52808936978022
tour-de-france/2016/stage-12,Tour de France,100,120,178000,2416.0,5,1758,,1,0,0,2016-07-14,0.01357303370786517,1417.0,514.9206593871131
tour-de-romandie/2016/stage-4,Tour de Romandie,50,60,172700,3346.0,5,917,,1,0,0,2016-04-30,0.01937463810075275,1182.0,639.2735192859807
uae-tour/2021/stage-7,UAE Tour,50,40,147000,183.0,1,755,,1,0,0,2021-02-27,0.0012448979591836735,0.0,46.73614612736816
tour-de-france/1994/stage-6,Tour de France,100,,270500,2769.0,1,1731,,1,0,0,1994-07-08,0.0102365988909427,46.0,201.8983780629669
tour-de-suisse/1975/stage-9a,Tour de Suisse,50,,105000,1684.7224661979965,,549,,1,0,0,1975-06-20,0.016044975868552348,0.0,0.0
liege-bastogne-liege/1973/result,Liège - Bastogne - Liège,275,,236000,3043.358263627778,,742,,0,0,0,1973-04-22,0.012895585862829568,0.0,0.0
tour-de-france/1986/stage-7,Tour de France,100,,201000,2459.0,1,1872,,1,0,0,1986-07-10,0.012233830845771143,123.0,68.98029918311946
paris-roubaix/1985/result,Paris - Roubaix,275,,265000,1755.447141221285,,483,,0,0,0,1985-04-14,0.006624328834797301,474.0,870.7931929419003
omloop-het-nieuwsblad/1996/result,Omloop Het Volk,125,,209000,1412.5574152231338,,445,,0,0,0,1996-03-02,0.006758647919727913,45.0,12.538780930252225
itzulia-basque-country/2001/stage-5b,Vuelta al País Vasco,50,,10000,3786.687731705574,,898,,1,0,0,2001-04-14,0.3786687731705574,75.5,5565.17270775173
giro-d-italia/2008/stage-8,Giro d'Italia,80,,208000,2357.0,3,1058,,1,0,0,2008-05-17,0.01133173076923077,121.0,220.80226717793153
volta-a-catalunya/2009/stage-3,Volta Ciclista a Catalunya,50,,182900,2496.82780148801,4,668,,1,0,0,2009-05-20,0.013651327509502516,627.0,409.3376182638865
tirreno-adriatico/1993/stage-4,Tirreno-Adriatico,50,,225000,2868.693759703499,,568,,1,0,0,1993-03-13,0.012749750043126663,0.0,2.41522945769824
dauphine/2011/stage-3,Critérium du Dauphiné,50,6,42500,731.9999999999998,,958,,1,0,0,2011-06-08,0.0172235294117647,285.0,109.48204566208635
liege-bastogne-liege/1995/result,Liège - Bastogne - Liège,275,,261500,1856.594217815004,,898,,0,0,0,1995-04-16,0.007099786683804987,722.0,601.0844146806982
volta-a-catalunya/1970/stage-8,Volta Ciclista a Catalunya,50,,170000,574.1482722123578,,570,,1,0,0,1970-09-17,0.003377342777719752,115.0,38.29309482284125
vuelta-a-espana/1984/stage-18b,Vuelta a España,80,,33000,463.5525906158239,,747,,1,0,0,1984-05-05,0.014047048200479511,166.0,69.87258889349012
paris-nice/1997/stage-2,Paris - Nice,50,,173000,1898.8585922978245,,779,,1,0,0,1997-03-11,0.010976061227155056,0.0,0.0
tour-de-france/2007/stage-5,Tour de France,100,,182500,2703.0,2,1612,,1,0,0,2007-07-12,0.014810958904109588,80.0,281.3475064822872
tour-de-suisse/1987/stage-7,Tour de Suisse,50,,211500,2606.356078324895,,673,,1,0,0,1987-06-22,0.012323196587824563,124.0,58.5833688952002
volta-a-catalunya/2023/stage-3,Volta Ciclista a Catalunya,50,50,180600,3998.0,5,704,18,1,0,0,2023-03-22,0.022137320044296787,1141.0,543.861676127284
paris-nice/2011/stage-4,Paris - Nice,50,6,191000,3109.0,2,1038,,1,0,0,2011-03-09,0.016277486910994763,13.0,363.4081163895325
tour-de-france/1987/stage-23,Tour de France,100,,212000,3130.0,2,1812,,1,0,0,1987-07-24,0.014764150943396226,176.0,40.94564054087846
tour-de-suisse/1978/stage-4b,Tour de Suisse,50,,12000,61.36768089068755,,691,,1,0,0,1978-06-18,0.005113973407557296,41.0,21.69792616818483
uae-tour/2022/stage-2,UAE Tour,50,40,176000,337.0,1,621,,1,0,0,2022-02-21,0.0019147727272727272,0.0,37.95638753673365
vuelta-a-espana/1985/stage-4,Vuelta a España,80,,162000,2724.0,,925,,1,0,0,1985-04-27,0.016814814814814814,0.0,3.6467384467084143
vuelta-a-espana/1998/stage-9,Vuelta a España,80,,40000,119.0,,1309,,1,0,0,1998-09-13,0.002975,329.0,123.63060164441404
giro-d-italia/1992/stage-9,Giro d'Italia,80,,204000,1801.5001786882722,,953,,1,0,0,1992-06-02,0.00883088322886408,2.0,15.356865999719258
itzulia-basque-country/2000/stage-5b,Vuelta al País Vasco,50,,8500,188.94086981356259,,992,,1,0,0,2000-04-07,0.02222833762512501,119.0,81.5687534443278
tour-de-suisse/1977/stage-3b,Tour de Suisse,50,,9800,29.908180023141995,,627,,1,0,0,1977-06-18,0.0030518551044022442,15.0,10.400320507881796
volta-a-catalunya/2000/stage-3,Volta a Catalunya,50,,154000,2437.0948616625446,,697,,1,0,0,2000-06-17,0.015825291309497044,0.0,144.61212489506772
tour-de-suisse/2000/stage-8,Tour de Suisse,50,,170000,3761.2962780214966,,895,,1,0,0,2000-06-20,0.022125272223655863,838.0,740.8263466576103
vuelta-a-espana/1999/stage-1,Vuelta a España,80,,179000,908.0,,1342,,1,0,0,1999-09-05,0.005072625698324023,0.0,37.39358550151965
giro-d-italia/1992/stage-16,Giro d'Italia,80,,203000,1985.0135095282096,,953,,1,0,0,1992-06-09,0.009778391672552757,0.0,0.0
la-fleche-wallone/1972/result,La Flèche Wallonne,225,,249500,3523.7100656169414,,683,,0,0,0,1972-04-23,0.014123086435338442,0.0,0.0
tour-de-france/2021/stage-2,Tour de France,100,120,183500,2210.0,3,1646,,1,0,0,2021-06-27,0.01204359673024523,266.0,294.40559353914864
dwars-door-vlaanderen/1986/result,Dwars door België / À travers la Belgique,75,,204000,4261.701553228399,,226,,0,0,0,1986-03-20,0.020890693888374504,245.0,292.7140899607302
paris-nice/2007/stage-3,Paris - Nice,50,,215500,2612.4430288951035,2,823,,1,0,0,2007-03-14,0.012122705470510921,12.0,190.10693341906241
vuelta-a-espana/1983/stage-16,Vuelta a España,80,,162000,1354.7384750834995,,705,,1,0,0,1983-05-05,0.008362583179527774,21.0,6.847138073589048
paris-nice/1995/stage-5,Paris - Nice,50,,176000,2449.339623398153,,861,,1,0,0,1995-03-09,0.013916702405671324,104.0,28.78635133163815
paris-roubaix/1993/result,Paris - Roubaix,275,,267500,2474.8682661954977,,563,,0,0,0,1993-04-11,0.009251843985777561,459.0,366.2607106399868
san-sebastian/2021/result,Donostia San Sebastian Klasikoa,225,400,223500,4113.0,2,645,,0,0,0,2021-07-31,0.01840268456375839,330.5,281.1994243639668
tour-de-romandie/2008/stage-2,Tour de Romandie,50,,172100,2154.524230049144,,590,,1,0,0,2008-05-01,0.012519025160076375,0.0,241.3379634167721
vuelta-a-espana/1986/stage-13,Vuelta a España,80,,148000,3181.0,,843,,1,0,0,1986-05-05,0.021493243243243244,0.0,0.0
ronde-van-vlaanderen/1994/result,Ronde van Vlaanderen / Tour des Flandres,275,,268000,1338.9644758690129,,707,,0,0,0,1994-04-03,0.004996136103988854,628.0,321.1086692872195
vuelta-a-espana/2012/stage-4,Vuelta a España,80,16,155400,2870.0,5,852,,1,0,0,2012-08-21,0.018468468468468467,568.0,381.3151725013004
tour-de-france/1990/stage-3,Tour de France,100,,233000,1874.0,1,1959,,1,0,0,1990-07-02,0.008042918454935622,149.0,49.36124153793095
tour-de-romandie/1975/stage-2,Tour de Romandie,50,,187000,2882.2937935639575,,429,,1,0,0,1975-05-08,0.015413335794459665,0.0,0.0
tour-de-france/1994/stage-12,Tour de France,100,,204500,5500.0,5,1731,,1,0,0,1994-07-15,0.02689486552567237,2199.0,696.8774451813491
volta-a-catalunya/2007/stage-3,Volta Ciclista a Catalunya,50,,182100,2554.552354423686,2,816,,1,0,0,2007-05-23,0.014028294093485372,0.0,155.68537066032
tour-de-france/2023/stage-2,Tour de France,100,210,208900,2949.0,2,1584,21,1,0,0,2023-07-02,0.01411680229775012,702.0,406.20270522451256
vuelta-a-espana/2019/stage-10,La Vuelta ciclista a España,80,100,36200,525.0,2,798,,1,0,0,2019-09-03,0.014502762430939226,341.0,122.6541641215204
tour-de-france/1994/stage-21,Tour de France,100,,175000,1965.0,1,1731,,1,0,0,1994-07-24,0.011228571428571428,29.0,44.98169388924664
liege-bastogne-liege/1978/result,Liège - Bastogne - Liège,275,,241700,2814.609661965348,,637,,0,0,0,1978-04-23,0.011645054455793745,577.0,225.74752069733952
giro-d-italia/2017/stage-5,Giro d'Italia,80,100,159000,1780.0,2,881,,1,0,0,2017-05-10,0.01119496855345912,0.0,108.85764529214548
tour-de-france/1989/stage-14,Tour de France,100,,240000,3500.0,2,1849,,1,0,0,1989-07-15,0.014583333333333334,2.0,101.59535691938659
tour-de-france/1984/stage-15,Tour de France,100,,241500,3500.0,4,1632,,1,0,0,1984-07-13,0.014492753623188406,447.0,660.2077443688186
vuelta-a-espana/2004/stage-10,Vuelta a España,80,,174500,2573.0,4,1177,,1,0,0,2004-09-13,0.014744985673352435,510.0,566.5867017549831
giro-d-italia/2017/stage-6,Giro d'Italia,80,100,217000,2247.0,2,881,,1,0,0,2017-05-11,0.01035483870967742,162.0,301.5103615112585
il-lombardia/1982/result,Giro di Lombardia,275,,248000,1745.0179036106842,,631,,0,0,0,1982-10-16,0.00703636251455921,653.0,384.7496289219815
tour-de-romandie/1999/stage-3a,Tour de Romandie,50,,66600,1065.394553297352,,893,,1,0,0,1999-05-07,0.015996915214674955,5.0,4.735302127669371
milano-sanremo/2006/result,Milano-Sanremo,275,,294000,2479.572589986836,,1313,,0,0,0,2006-03-18,0.008433920374104885,33.5,210.9115949967854
tour-de-suisse/1979/stage-8,Tour de Suisse,50,,186000,1029.6650587760073,,538,,1,0,0,1979-06-21,0.005535833649333372,0.0,0.0
giro-d-italia/1990/stage-7,Giro d'Italia,80,,197000,1542.3867496796383,,1061,,1,0,0,1990-05-24,0.007829374363856032,3.0,15.063200191194433
giro-d-italia/1990/stage-9,Giro d'Italia,80,,176000,1501.9603829823388,,1061,,1,0,0,1990-05-26,0.008533865812399653,146.0,46.79280571483898
volta-a-catalunya/2017/stage-5,Volta Ciclista a Catalunya,50,50,182000,2277.0,5,883,,1,0,0,2017-03-24,0.01251098901098901,650.0,387.7994109021061
vuelta-a-espana/2014/stage-8,Vuelta a España,80,16,207000,1663.0,1,1175,,1,0,0,2014-08-30,0.008033816425120773,53.0,133.40523272901214
giro-d-italia/2003/stage-12,Giro d'Italia,80,,185000,3321.0,5,734,,1,0,0,2003-05-22,0.01795135135135135,1271.5,586.9088301466829
tour-de-france/2003/stage-10,Tour de France,100,,219500,2000.0,2,1688,,1,0,0,2003-07-15,0.009111617312072893,1283.0,265.12890318809053
paris-nice/2022/stage-3,Paris - Nice,50,60,190800,1929.0,1,1182,,1,0,0,2022-03-08,0.01011006289308176,0.0,310.55348831920594
vuelta-a-espana/2005/stage-4,Vuelta a España,80,,232300,1119.0,1,960,,1,0,0,2005-08-30,0.004817046922083513,0.0,5.229112815017971
vuelta-a-espana/2003/stage-11,Vuelta a España,80,,162000,1468.0,1,935,,1,0,0,2003-09-16,0.009061728395061728,62.0,267.2268604302912
tour-de-suisse/2005/stage-6,Tour de Suisse,50,,158000,3748.049389779674,,971,,1,0,0,2005-06-16,0.023721831580884013,1015.0,645.795782378707
tirreno-adriatico/2001/stage-7,Tirreno-Adriatico,50,,223000,2823.0641443451896,,1092,,1,0,0,2001-03-20,0.012659480467915648,619.0,432.6775241186547
tour-de-france/2000/stage-16,Tour de France,100,,196000,4992.0,4,1437,,1,0,0,2000-07-18,0.02546938775510204,1713.0,673.8243900397492
tour-de-france/2016/stage-7,Tour de France,100,120,162500,2578.0,4,1758,,1,0,0,2016-07-08,0.015864615384615383,801.0,378.0302798428723
tour-de-france/1993/stage-13,Tour de France,100,,181500,1289.0,1,1804,,1,0,0,1993-07-17,0.007101928374655647,14.0,129.22970208269902
tour-de-suisse/1979/stage-2,Tour de Suisse,50,,178000,745.5723203318908,,538,,1,0,0,1979-06-15,0.004188608541190397,0.0,0.0
giro-d-italia/2001/stage-11,Giro d'Italia,80,,187000,2648.0,2,920,,1,0,0,2001-05-30,0.014160427807486631,314.0,183.66772635806697
tour-de-romandie/2008/stage-4,Tour de Romandie,50,,112400,3672.3686198508267,,590,,1,0,0,2008-05-03,0.03267231868194686,997.0,673.5526717791776
paris-nice/1984/stage-4b,Paris - Nice,50,,96000,1695.3865965664786,,778,,1,0,0,1984-03-11,0.017660277047567487,0.0,0.0
tour-de-romandie/2019/stage-2,Tour de Romandie,50,60,174400,1936.0,4,570,,1,0,0,2019-05-02,0.01110091743119266,59.0,179.23703670250597
giro-d-italia/2016/stage-15,Giro d'Italia,80,100,10800,785.0,5,933,,1,0,0,2016-05-22,0.07268518518518519,261.0,100.04780691754772
giro-d-italia/2011/stage-12,Giro d'Italia,80,16,184000,488.0,1,891,,1,0,0,2011-05-19,0.0026521739130434784,0.0,42.06283210731734
tirreno-adriatico/1990/stage-4,Tirreno-Adriatico,50,,205000,1661.614914571087,,590,,1,0,0,1990-03-10,0.008105438607663839,8.0,4.131182235954578
vuelta-a-espana/1983/stage-3,Vuelta a España,80,,241000,1435.0449811826861,,705,,1,0,0,1983-04-22,0.005954543490384589,0.0,0.0
volta-a-catalunya/1997/stage-4,Volta Ciclista a Catalunya,50,,130000,1867.959032675827,,419,,1,0,0,1997-06-22,0.014368915635967901,0.0,0.0
e3-harelbeke/2019/result,E3 BinckBank Classic,225,400,204000,2619.0,2,795,,0,0,0,2019-03-29,0.012838235294117647,169.0,201.99373805226577
dauphine/1991/prologue,Critérium du Dauphiné Libéré,50,,10000,74.85037683872133,,830,,1,0,0,1991-06-03,0.007485037683872133,34.0,11.942454614618478
vuelta-a-espana/1984/stage-18a,Vuelta a España,80,,145000,2654.0900464205547,,747,,1,0,0,1984-05-05,0.018304069285659,996.0,227.88184072745537
paris-nice/2017/stage-1,Paris - Nice,50,60,148500,1311.0,1,1158,,1,0,0,2017-03-05,0.008828282828282828,970.0,403.68611127482257
tour-de-france/2003/stage-20,Tour de France,100,,152000,756.9999999999998,1,1688,,1,0,0,2003-07-27,0.004980263157894735,0.0,16.461869598709967
strade-bianche/2015/result,Strade Bianche,125,,200000,3103.0,3,684,,0,0,0,2015-03-07,0.015515,455.0,476.2087598827842
paris-roubaix/2008/result,Paris - Roubaix,275,,259500,1328.4697647314092,1,719,,0,0,0,2008-04-13,0.005119343987404275,1008.0,321.13411937940003
itzulia-basque-country/2006/stage-1,Vuelta al País Vasco,50,,130000,1907.1975590075137,,842,,1,0,0,2006-04-03,0.014670750453903952,159.0,278.1389954273887
tour-de-romandie/1973/stage-2,Tour de Romandie,50,,210400,3680.6477979000706,,352,,1,0,0,1973-05-10,0.0174935731839357,54.0,17.07629936490925
vuelta-a-espana/2000/stage-11,Vuelta a España,80,,136500,3628.0,5,981,,1,0,0,2000-09-05,0.02657875457875458,1408.0,503.219426956737
paris-nice/2004/stage-2,Paris - Nice,50,,166500,2606.2696302888944,,989,,1,0,0,2004-03-08,0.015653271052786154,315.0,214.1287161439632
giro-d-italia/2011/stage-17,Giro d'Italia,80,16,230000,3852.0,2,891,,1,0,0,2011-05-25,0.016747826086956522,256.0,545.3893946968772
tour-de-france/2019/stage-3,Tour de France,100,120,215000,2299.0,3,1699,,1,0,0,2019-07-08,0.010693023255813953,515.0,352.35384517242346
dauphine/2001/stage-3,Criterium du Dauphiné Libére,50,,184000,3349.6158584011855,,442,,1,0,0,2001-06-13,0.01820443401304992,821.0,520.8030535682952
paris-nice/1983/prologue,Paris - Nice,50,,5500,28.513893786567223,,658,,1,0,0,1983-03-09,0.005184344324830404,8.0,3.457680661303984
giro-d-italia/2008/stage-20,Giro d'Italia,80,,232000,4900.0,4,1058,,1,0,0,2008-05-31,0.021120689655172414,2120.0,790.2560764478283
tour-de-france/2019/stage-16,Tour de France,100,120,177000,1626.0,2,1699,,1,0,0,2019-07-23,0.009186440677966102,75.0,170.63865295162196
giro-d-italia/1994/stage-19,Giro d'Italia,80,,212000,1036.511089087726,,1292,,1,0,0,1994-06-09,0.0048892032504138025,137.0,70.74649579072215
il-lombardia/2010/result,Giro di Lombardia,275,,260000,4394.0,2,1106,,0,0,0,2010-10-16,0.0169,370.0,293.0778997178571
giro-d-italia/2012/stage-21,Giro d'Italia,80,16,28200,33.0,1,886,,1,0,0,2012-05-27,0.001170212765957447,203.0,79.72421433375852
dauphine/1990/stage-4,Critérium du Dauphiné Libéré,50,,183000,1091.2870901473761,,637,,1,0,0,1990-06-02,0.005963317432499323,0.0,0.0
vuelta-a-espana/2021/stage-19,La Vuelta ciclista a España,80,100,191200,3540.0,2,1023,,1,0,0,2021-09-03,0.018514644351464434,18.0,567.3669040677448
dauphine/2010/stage-6,Critérium du Dauphiné,50,6,143500,2384.875814088003,,673,,1,0,0,2010-06-11,0.016619343652181207,398.0,400.29949042705965
vuelta-a-espana/1988/stage-16,Vuelta a España,80,,192000,2722.0,,828,,1,0,0,1988-05-10,0.014177083333333333,1.0,48.37308709970406
vuelta-a-espana/1994/stage-14,Vuelta a España,80,,174000,2417.0,,791,,1,0,0,1994-05-08,0.013890804597701149,53.5,24.4367664709461
liege-bastogne-liege/2010/result,Liège - Bastogne - Liège,275,,258000,4266.670768882951,,1328,,0,0,0,2010-04-25,0.016537483600321517,574.0,305.0075314585816
giro-d-italia/2002/stage-16,Giro d'Italia,80,,163000,4671.0,4,920,,1,0,0,2002-05-29,0.02865644171779141,991.0,511.4599463941317
tour-de-suisse/1996/stage-5,Tour de Suisse,50,,169000,2878.559343238344,,971,,1,0,0,1996-06-16,0.017032895522120377,582.0,312.98276526587705
vuelta-a-espana/1980/stage-15,Vuelta a España,80,,164000,2922.429013622504,,520,,1,0,0,1980-05-07,0.01781968910745429,430.0,431.64114680668297
dauphine/1992/stage-5,Critérium du Dauphiné Libéré,50,,190000,864.7855802195609,,492,,1,0,0,1992-06-05,0.004551503053787162,48.0,16.0
giro-d-italia/1999/stage-9,Giro d'Italia,80,,32000,503.17749515051196,,1057,,1,0,0,1999-05-23,0.015724296723453497,274.0,111.77519524673538
dwars-door-vlaanderen/2016/result,Dwars door Vlaanderen / A travers la Flandre,125,200,199700,1318.0,2,460,,0,0,0,2016-03-23,0.006599899849774662,38.0,20.796715074822703
tour-de-france/2011/stage-8,Tour de France,100,20,190000,3019.0,5,1713,,1,0,0,2011-07-09,0.015889473684210526,336.0,505.2425319845494
vuelta-a-espana/2017/stage-11,Vuelta a España,80,100,187500,3878.0,5,899,,1,0,0,2017-08-30,0.020682666666666665,1588.0,646.8257886858644
dauphine/2023/stage-1,Critérium du Dauphiné,50,60,158000,2753.0,2,781,20,1,0,0,2023-06-04,0.017424050632911393,39.0,282.93271794310556
giro-d-italia/2015/stage-18,Giro d'Italia,80,16,170000,2195.0,4,861,,1,0,0,2015-05-28,0.012911764705882353,1317.0,399.8199259300761
vuelta-a-espana/1984/stage-1,Vuelta a España,80,,272000,2510.1429328789654,,747,,1,0,0,1984-04-18,0.009228466664996196,0.0,0.0
dauphine/2023/stage-8,Critérium du Dauphiné,50,60,152800,4160.0,5,781,22,1,0,0,2023-06-11,0.027225130890052355,1335.0,667.5692557663048
tour-de-france/1989/stage-4,Tour de France,100,,255000,2076.0,1,1849,,1,0,0,1989-07-04,0.008141176470588235,5.0,215.52923054703186
giro-d-italia/2010/stage-11,Giro d'Italia,80,16,262000,4024.0,3,878,,1,0,0,2010-05-19,0.015358778625954198,2368.5,1089.255850124744
omloop-het-nieuwsblad/1979/result,Omloop Het Volk,125,,215000,1639.7257923873258,,484,,0,0,0,1979-03-03,0.0076266315924991895,132.5,101.01414490686128
tour-de-france/1988/stage-9,Tour de France,100,,160500,2271.0,4,1941,,1,0,0,1988-07-11,0.014149532710280374,341.0,372.15518360407634
liege-bastogne-liege/1997/result,Liège - Bastogne - Liège,275,,262000,4222.9005583720445,,1251,,0,0,0,1997-04-20,0.01611794106248872,429.0,360.9498702034277
tour-de-france/1999/stage-16,Tour de France,100,,192000,4500.0,4,1255,,1,0,0,1999-07-21,0.0234375,1479.0,694.399430222267
tour-de-france/1986/prologue,Tour de France,100,,4600,63.0,1,1872,,1,0,0,1986-07-04,0.013695652173913043,25.0,11.783736103032444
tour-de-romandie/2021/stage-4,Tour de Romandie,50,60,161300,4269.0,5,560,,1,0,0,2021-05-01,0.026466212027278363,1136.0,688.2974484841741
paris-nice/1972/stage-2,Paris - Nice,50,,214000,1965.2505352320486,,1086,,1,0,0,1972-03-11,0.00918341371603761,7.0,2.4244128727957572
dwars-door-vlaanderen/2006/result,Dwars door Vlaanderen,75,,204000,2074.158092854108,2,515,,0,0,0,2006-03-22,0.010167441631637785,2.0,99.919796408348
vuelta-a-espana/1990/stage-19,Vuelta a España,80,,223000,2000.0,,807,,1,0,0,1990-05-12,0.008968609865470852,0.0,0.0
paris-nice/2013/stage-4,Paris - Nice,50,6,199500,3176.0,2,917,,1,0,0,2013-03-07,0.01591979949874687,506.0,303.7671152139678
volta-a-catalunya/1999/stage-4,Volta Ciclista a Catalunya,50,,182400,2570.762161612595,,804,,1,0,0,1999-06-21,0.014094090798314664,0.0,279.80580057310107
tour-de-france/1985/stage-19,Tour de France,100,,200000,1637.0,1,1470,,1,0,0,1985-07-18,0.008185,18.0,7.108976571400439
giro-d-italia/1999/stage-14,Giro d'Italia,80,,187000,3213.5393638223413,4,1057,,1,0,0,1999-05-29,0.017184702480333377,1472.0,531.8129866064871
paris-nice/2005/stage-3,Paris - Nice,50,,117500,2174.611939936285,2,1091,,1,0,0,2005-03-09,0.018507335659032214,0.0,313.27914489411376
uae-tour/2021/stage-3,UAE Tour,50,40,166000,1430.0,3,755,,1,0,0,2021-02-23,0.008614457831325301,696.0,387.936310461847
giro-d-italia/2016/stage-18,Giro d'Italia,80,100,244000,1637.0,2,933,,1,0,0,2016-05-26,0.006709016393442623,1402.0,420.64781160399815
tour-de-france/1992/stage-18,Tour de France,100,,212000,1610.0,2,2047,,1,0,0,1992-07-23,0.00759433962264151,0.0,67.0651766930188
giro-d-italia/1994/stage-8,Giro d'Italia,80,,44000,324.91686655224885,,1292,,1,0,0,1994-05-29,0.007384474239823837,199.0,67.84834094081484
ronde-van-vlaanderen/2022/result,Ronde van Vlaanderen - Tour des Flandres ME,275,500,272500,2289.0,2,759,,0,0,0,2022-04-03,0.0084,313.0,239.7285197529553
giro-d-italia/2010/stage-3,Giro d'Italia,80,16,224000,322.0,1,878,,1,0,0,2010-05-10,0.0014375,479.0,235.7760550530942
tour-de-france/1981/stage-20,Tour de France,100,,46500,508.0,2,1362,,1,0,0,1981-07-17,0.010924731182795699,412.0,152.4283948846359
tour-de-france/2007/stage-7,Tour de France,100,,197500,3250.0,4,1612,,1,0,0,2007-07-14,0.016455696202531647,802.0,475.9476702954929
tour-de-france/2004/stage-12,Tour de France,100,,197500,3867.0,5,1555,,1,0,0,2004-07-16,0.01957974683544304,1113.0,607.6418086006586
dauphine/2002/prologue,Critérium du Dauphiné Libéré,50,,3600,52.10705023945138,,602,,1,0,0,2002-06-09,0.014474180622069828,13.0,6.057488772953246
vuelta-a-espana/1989/stage-2,Vuelta a España,80,,209000,3500.0,,803,,1,0,0,1989-04-25,0.01674641148325359,0.0,0.0
liege-bastogne-liege/1993/result,Liège - Bastogne - Liège,275,,261000,4250.80568865612,,1243,,0,0,0,1993-04-18,0.016286611833931493,483.0,489.4656095975726
tour-de-suisse/1993/stage-8,Tour de Suisse,50,,197000,2290.976884003036,,655,,1,0,0,1993-06-22,0.01162932428427937,107.0,55.08992648388632
paris-nice/2003/stage-7,Paris - Nice,50,,160000,2598.7167273293658,,831,,1,0,0,2003-03-16,0.016241979545808537,477.0,392.83097521908206
tour-de-france/2001/stage-9,Tour de France,100,,185000,2500.0,2,1496,,1,0,0,2001-07-16,0.013513513513513514,24.0,250.13023365624892
giro-d-italia/2021/stage-10,Giro d'Italia,80,100,139000,1460.0,2,885,,1,0,0,2021-05-17,0.010503597122302158,0.0,228.51554158782727
tour-de-suisse/2004/stage-4,Tour de Suisse,50,,211600,2006.4916290328865,,676,,1,0,0,2004-06-15,0.009482474617357687,0.0,86.3858303631867
tirreno-adriatico/1997/stage-6,Tirreno-Adriatico,50,,160000,2096.5669136662514,,692,,1,0,0,1997-03-18,0.01310354321041407,12.0,3.794733192202055
volta-a-catalunya/2010/stage-2,Volta Ciclista a Catalunya,50,6,182600,1398.4560702821307,1,722,,1,0,0,2010-03-23,0.007658576507569171,0.0,36.948775778883196
tirreno-adriatico/1996/stage-5a,Tirreno-Adriatico,50,,85000,1279.0103884786397,,585,,1,0,0,1996-03-17,0.015047181040925173,0.0,0.0
vuelta-a-espana/2005/stage-12,Vuelta a España,80,,133000,1680.0,1,960,,1,0,0,2005-09-08,0.01263157894736842,0.0,649.1065543386917
giro-d-italia/2004/stage-13,Giro d'Italia,80,,52000,753.0000000000002,2,621,,1,0,0,2004-05-22,0.014480769230769235,326.0,127.07783538934166
giro-d-italia/2019/stage-19,Giro d'Italia,80,100,151000,3169.0,5,896,,1,0,0,2019-05-31,0.020986754966887417,897.0,445.43315266110244
tour-de-france/1980/stage-4,Tour de France,100,,33400,667.0,2,1224,,1,0,0,1980-06-30,0.019970059880239522,304.5,119.24283775463557
giro-d-italia/2009/stage-21,Giro d'Italia,80,,15300,128.0,1,975,,1,0,0,2009-05-31,0.008366013071895426,102.0,50.02645863133732
paris-roubaix/1995/result,Paris - Roubaix,275,,266000,2436.6562985259707,1,527,,0,0,0,1995-04-09,0.009160362024533724,449.0,443.7504992859274
vuelta-a-espana/2004/stage-15,Vuelta a España,80,,29600,1487.0,5,1177,,1,0,0,2004-09-19,0.05023648648648649,573.0,191.93097913415502
paris-nice/1987/stage-6,Paris - Nice,50,,155000,1372.227649857872,,1164,,1,0,0,1987-03-14,0.008853081611986271,126.0,36.81532861530142
giro-d-italia/2004/stage-14,Giro d'Italia,80,,175000,1918.0,2,621,,1,0,0,2004-05-23,0.01096,0.0,65.73157975295003
tour-de-romandie/2014/stage-4,Tour de Romandie,50,6,174000,2500.0,2,847,,1,0,0,2014-05-03,0.014367816091954023,9.0,267.28697557246187
vuelta-a-espana/1987/stage-9,Vuelta a España,80,,180000,1965.0,,838,,1,0,0,1987-05-02,0.010916666666666667,0.0,0.0
paris-nice/2016/stage-4,Paris - Nice,50,60,193500,2461.0,2,1109,,1,0,0,2016-03-10,0.012718346253229974,0.0,148.43988677189137
la-fleche-wallone/1995/result,La Flèche Wallonne,225,,205500,2917.545606215387,,977,,0,0,0,1995-04-12,0.014197302220026214,300.0,110.92881844799656
tour-de-france/1986/stage-15,Tour de France,100,,225500,2022.0,1,1872,,1,0,0,1986-07-18,0.008966740576496674,57.0,220.16966866153504
vuelta-a-espana/1986/stage-9,Vuelta a España,80,,180000,4000.0,,843,,1,0,0,1986-05-01,0.022222222222222223,20.0,6.640783086353597
vuelta-a-espana/1990/stage-9,Vuelta a España,80,,192700,3052.0,,807,,1,0,0,1990-05-02,0.015838090295796574,8.0,4.131182235954578
il-lombardia/1999/result,Giro di Lombardia,275,,262000,4284.0,,536,,0,0,0,1999-10-16,0.01635114503816794,0.0,279.34503115067474
milano-sanremo/1994/result,Milano-Sanremo,275,,294000,3152.07157140192,,1626,,0,0,0,1994-03-19,0.010721331875516736,313.0,265.9622610019688
san-sebastian/1985/result,Clasica Ciclista San Sebastian,225,,244000,3479.0616553084546,,602,,0,0,0,1985-08-16,0.014258449407001864,279.0,211.449555673675
paris-nice/2006/stage-6,Paris - Nice,50,,179000,2766.762794988027,2,795,,1,0,0,2006-03-11,0.015456775390994564,409.0,419.95245647868205
dauphine/2007/stage-4,Critérium du Dauphiné Libéré,50,,197000,2821.0528286328495,,816,,1,0,0,2007-06-14,0.014320065119963702,727.0,434.91758755515
vuelta-a-espana/1995/stage-5,Vuelta a España,80,,179800,3101.0,,883,,1,0,0,1995-09-07,0.01724694104560623,2.0,0.7580980435789034
giro-d-italia/1991/stage-3,Giro d'Italia,80,,231000,2279.3862576645483,,908,,1,0,0,1991-05-28,0.009867472976902807,0.0,0.0
tour-de-france/1991/stage-4,Tour de France,100,,286000,2950.0,1,1933,,1,0,0,1991-07-09,0.010314685314685315,0.0,153.80861778321153
tour-de-suisse/1999/stage-4,Tour de Suisse,50,,171400,3555.845486973395,,900,,1,0,0,1999-06-19,0.02074588965562074,1433.0,737.5753067351775
vuelta-a-espana/1985/stage-11,Vuelta a España,80,,124000,3500.0,,925,,1,0,0,1985-05-04,0.028225806451612902,407.0,323.7362886701532
giro-d-italia/1994/stage-13,Giro d'Italia,80,,234000,1027.365092085528,,1292,,1,0,0,1994-06-03,0.0043904491114766155,207.5,155.8480741691158
vuelta-a-espana/2019/stage-4,La Vuelta ciclista a España,80,100,175500,1233.0,2,798,,1,0,0,2019-08-27,0.007025641025641026,0.0,127.43896055693368
vuelta-a-espana/2021/stage-20,La Vuelta ciclista a España,80,100,202200,4214.0,3,1023,,1,0,0,2021-09-04,0.020840751730959447,1346.5,828.2303175115425
vuelta-a-espana/2013/stage-19,Vuelta a España,80,16,181000,3052.0,5,1128,,1,0,0,2013-09-13,0.016861878453038673,571.0,437.46891169658204
amstel-gold-race/1990/result,Amstel Gold Race,225,,249000,3440.548798817168,,1030,,0,0,0,1990-04-21,0.013817465055490636,392.0,241.0231225713315
giro-d-italia/1992/stage-7,Giro d'Italia,80,,184000,996.5263157597224,,953,,1,0,0,1992-05-31,0.005415903889998491,0.0,0.0
giro-d-italia/2001/prologue,Giro d'Italia,80,,7600,6.0,1,920,,1,0,0,2001-05-19,0.0007894736842105263,40.0,13.744881107993395
tour-de-france/2010/stage-14,Tour de France,100,20,184500,3796.0,5,1685,,1,0,0,2010-07-18,0.020574525745257453,1243.0,809.2356797710519
tirreno-adriatico/2016/stage-2,Tirreno-Adriatico,50,60,207000,1953.0,2,1133,,1,0,0,2016-03-10,0.009434782608695652,232.0,247.83697915178007
tour-de-france/1978/stage-5,Tour de France,100,,244000,2323.0,1,1241,,1,0,0,1978-07-04,0.009520491803278689,0.0,152.83560570746482
giro-d-italia/2015/stage-13,Giro d'Italia,80,16,147000,131.0,1,861,,1,0,0,2015-05-22,0.000891156462585034,96.0,92.054608041676
tour-de-france/1987/stage-22,Tour de France,100,,186000,5500.0,4,1812,,1,0,0,1987-07-23,0.02956989247311828,947.0,492.90940933335844
paris-nice/1991/prologue,Paris - Nice,50,,6500,52.2318028144864,,832,,1,0,0,1991-03-10,0.008035661971459445,17.5,6.962406339823634
vuelta-a-espana/2015/stage-14,Vuelta a España,80,16,215000,3941.0,5,1115,,1,0,0,2015-09-05,0.018330232558139536,1039.0,419.74050333794054
volta-a-catalunya/1970/stage-6,Volta Ciclista a Catalunya,50,,185900,1081.237316140811,,570,,1,0,0,1970-09-15,0.0058162308560560025,221.0,83.53014853503922
vuelta-a-espana/2010/stage-18,Vuelta a España,80,16,148900,964.0,1,1123,,1,0,0,2010-09-16,0.006474143720617865,9.0,64.05245569243692
tour-de-france/2015/stage-8,Tour de France,100,20,181500,2057.0,3,1812,,1,0,0,2015-07-11,0.011333333333333334,188.0,207.35357596183343
paris-roubaix/2014/result,Paris - Roubaix,275,,257000,1318.0,1,727,,0,0,0,2014-04-13,0.0051284046692607,426.0,492.6271511523168
dauphine/1990/stage-3,Critérium du Dauphiné Libéré,50,,171000,1127.9923398868088,,637,,1,0,0,1990-06-01,0.0065964464320866015,13.5,10.383747985300019
volta-a-catalunya/1977/stage-3a,Volta Ciclista a Catalunya,50,,114600,1617.8498192736647,,490,,1,0,0,1977-09-10,0.014117363169927266,0.0,8.531943963517937
tour-de-france/2000/stage-5,Tour de France,100,,202000,2014.0,1,1437,,1,0,0,2000-07-05,0.00997029702970297,10.0,39.52964858031395
dauphine/2011/stage-6,Critérium du Dauphiné,50,6,192500,4407.0,5,958,,1,0,0,2011-06-11,0.022893506493506494,786.0,509.76769526388966
giro-d-italia/1990/stage-15,Giro d'Italia,80,,226000,2014.5836291716014,,1061,,1,0,0,1990-06-01,0.008914086854741599,0.0,26.094699334028228
vuelta-a-espana/2011/stage-16,Vuelta a España,80,16,180000,1044.0,1,1170,,1,0,0,2011-09-06,0.0058,49.0,102.96742645566572
giro-d-italia/2014/stage-13,Giro d'Italia,80,16,157000,780.0,1,892,,1,0,0,2014-05-23,0.004968152866242038,11.0,111.13400062661319
tour-de-france/2011/stage-14,Tour de France,100,,168500,5420.0,5,1713,,1,0,0,2011-07-16,0.032166172106824924,1377.0,555.5449111726667
tour-de-romandie/1999/stage-5,Tour de Romandie,50,,180200,2168.794387247538,,893,,1,0,0,1999-05-09,0.012035484945879788,0.0,154.20412584118864
tour-de-france/1982/stage-15,Tour de France,100,,208000,4500.0,5,1492,,1,0,0,1982-07-19,0.021634615384615384,979.0,556.222833848858
tour-de-suisse/2003/prologue,Tour de Suisse,50,,6500,31.011270668351244,,660,,1,0,0,2003-06-16,0.004770964718207884,34.0,15.371130140332713
vuelta-a-espana/2013/stage-5,Vuelta a España,80,16,174300,3200.0,2,1128,,1,0,0,2013-08-28,0.01835915088927137,25.0,187.21783710498042
tour-de-france/1994/stage-10,Tour de France,100,,160500,2000.0,1,1731,,1,0,0,1994-07-12,0.012461059190031152,115.0,86.12977873472838
tour-de-france/2014/stage-17,Tour de France,100,20,124500,3810.0,5,1612,,1,0,0,2014-07-23,0.030602409638554217,1372.0,546.1015080895138
tour-de-france/1983/stage-16,Tour de France,100,,144500,3028.0,2,1269,,1,0,0,1983-07-17,0.020955017301038062,393.0,150.87994768643506
giro-d-italia/1991/stage-9,Giro d'Italia,80,,229000,1681.5597090751735,,908,,1,0,0,1991-06-04,0.007343055498144862,44.0,46.38007234913623
giro-d-italia/2013/stage-15,Giro d'Italia,80,16,149000,4069.0,5,930,,1,0,0,2013-05-19,0.027308724832214765,1226.0,655.8548758195124
giro-d-italia/2011/stage-11,Giro d'Italia,80,16,144000,2612.0,3,891,,1,0,0,2011-05-18,0.01813888888888889,224.0,366.139168669937
tirreno-adriatico/2002/stage-5,Tirreno-Adriatico,50,,150000,1780.8711085166542,,1056,,1,0,0,2002-03-18,0.011872474056777695,183.0,201.0126053574698
vuelta-a-espana/1997/stage-15,Vuelta a España,80,,159000,2995.0,,1165,,1,0,0,1997-09-21,0.018836477987421385,807.0,512.6690825184015
itzulia-basque-country/2008/stage-2,Vuelta Ciclista al País Vasco,50,,153000,1683.3216614808657,,838,,1,0,0,2008-04-08,0.011002102362620038,0.0,70.944121313617
dauphine/2001/stage-2,Criterium du Dauphiné Libére,50,,170000,2382.102225254309,,442,,1,0,0,2001-06-12,0.0140123660309077,108.0,280.1874077012445
vuelta-a-espana/2010/stage-4,Vuelta a España,80,16,177000,3442.0,3,1123,,1,0,0,2010-08-31,0.01944632768361582,591.0,396.18652813966935
tour-de-france/2007/stage-9,Tour de France,100,,159500,3458.0,4,1612,,1,0,0,2007-07-17,0.02168025078369906,1370.0,654.8705145941115
vuelta-a-espana/1986/stage-10,Vuelta a España,80,,193000,1025.0,,843,,1,0,0,1986-05-02,0.005310880829015544,0.0,0.0
giro-d-italia/2023/stage-12,Giro d'Italia,80,180,185000,2348.0,2,835,15,1,0,0,2023-05-18,0.012691891891891892,794.0,418.96129923873883
tour-de-romandie/2001/stage-1,Tour de Romandie,50,,165700,2117.282110372673,,597,,1,0,0,2001-05-09,0.012777803925001044,0.0,329.3906183570126
vuelta-a-espana/1999/stage-17,Vuelta a España,80,,225000,2309.0,,1342,,1,0,0,1999-09-22,0.010262222222222223,994.0,297.3599972843255
giro-d-italia/2013/stage-16,Giro d'Italia,80,16,238000,2803.0,2,930,,1,0,0,2013-05-21,0.011777310924369748,586.0,349.3135426570109
tour-de-france/2003/prologue,Tour de France,100,,6500,184.0,1,1688,,1,0,0,2003-07-05,0.028307692307692308,31.0,11.873536193987606
vuelta-a-espana/1996/stage-6,Vuelta a España,80,,196500,2027.0,,988,,1,0,0,1996-09-12,0.010315521628498728,0.0,50.66083169026806
giro-d-italia/2010/stage-19,Giro d'Italia,80,16,195000,4641.0,5,878,,1,0,0,2010-05-28,0.0238,1646.0,644.8765575484383
tour-de-france/2008/stage-12,Tour de France,100,,168500,1197.0,1,1520,,1,0,0,2008-07-17,0.007103857566765579,0.0,28.685111287072576
tour-de-romandie/2005/stage-1,Tour de Romandie,50,,166900,2425.6812299710705,,799,,1,0,0,2005-04-27,0.014533740143625348,0.0,352.90849028114945
tour-de-suisse/1974/stage-5,Tour de Suisse,50,,165000,496.51504432280785,,541,,1,0,0,1974-06-17,0.003009182086804896,82.0,37.35460703402816
tirreno-adriatico/2014/stage-7,Tirreno-Adriatico,50,6,9100,8.0,1,1269,,1,0,0,2014-03-18,0.0008791208791208791,56.0,23.27830329870503
tour-de-suisse/1980/stage-6,Tour de Suisse,50,,233000,3265.8768523736558,,477,,1,0,0,1980-06-16,0.01401663885138908,782.5,483.93305322120744
la-fleche-wallone/1985/result,La Flèche Wallonne,225,,246000,3629.968208097179,,850,,0,0,0,1985-04-17,0.014755968325598287,279.0,356.18837280344286
paris-roubaix/1976/result,Paris - Roubaix,275,,270500,3246.5475234696823,,605,,0,0,0,1976-04-11,0.012002024116338937,105.0,208.13253955830285
liege-bastogne-liege/2004/result,Liège - Bastogne - Liège,275,,258500,4134.622083130701,,1277,,0,0,0,2004-04-25,0.015994669567236754,160.0,295.75897647707075
tour-de-suisse/2023/stage-7,Tour de Suisse,50,60,183500,2453.0,2,855,25,1,0,0,2023-06-17,0.013367847411444141,0.0,0.0
vuelta-a-espana/1996/stage-18,Vuelta a España,80,,219500,1791.0,,988,,1,0,0,1996-09-25,0.008159453302961276,307.0,56.55608690836516
volta-a-catalunya/2013/stage-6,Volta Ciclista a Catalunya,50,6,178700,2312.0,4,811,,1,0,0,2013-03-23,0.01293788472299944,88.0,189.49974669002856
vuelta-a-espana/1998/stage-12,Vuelta a España,80,,166000,2221.0,,1309,,1,0,0,1998-09-17,0.013379518072289157,544.0,122.25302627044874
tour-de-france/1988/stage-12,Tour de France,100,,227000,6000.0,5,1941,,1,0,0,1988-07-14,0.02643171806167401,1426.0,665.1319331392657
tirreno-adriatico/2004/stage-1,Tirreno-Adriatico,50,,172000,2111.2604226054427,1,926,,1,0,0,2004-03-10,0.012274769898868852,0.0,23.08566133845774
tour-de-france/2022/stage-20,Tour de France,100,120,40700,434.0,3,1551,,1,0,0,2022-07-23,0.010663390663390664,342.0,128.65771213327895
giro-d-italia/2021/stage-5,Giro d'Italia,80,100,177000,363.0,1,885,,1,0,0,2021-05-12,0.0020508474576271187,0.0,120.24195751396985
dauphine/1990/stage-5,Critérium du Dauphiné Libéré,50,,196000,1490.3708669617552,,637,,1,0,0,1990-06-03,0.007603932994702832,102.0,32.22162834701768
paris-nice/1993/stage-7a,Paris - Nice,50,,104300,761.1075746869485,,1182,,1,0,0,1993-03-14,0.007297292183000465,0.0,0.0
tour-de-france/1999/stage-6,Tour de France,100,,171500,1542.0,1,1255,,1,0,0,1999-07-09,0.008991253644314868,0.0,56.946875252161306
tour-de-france/1983/stage-21,Tour de France,100,,50000,817.0,2,1269,,1,0,0,1983-07-22,0.01634,346.0,188.30749457486192
tour-de-suisse/1988/stage-9,Tour de Suisse,50,,201500,1055.2956095756583,,548,,1,0,0,1988-06-22,0.005237199054966046,0.0,0.0
world-championship/1990/result,World Championships - Road Race,350,,261000,3899.4022526400236,,1436,,0,0,0,1990-09-02,0.01494023851586216,45.0,347.1143809808364
tour-de-suisse/1974/stage-4,Tour de Suisse,50,,179000,933.4546944531007,,541,,1,0,0,1974-06-16,0.0052148306952687195,0.0,0.0
tour-de-france/2015/stage-4,Tour de France,100,20,223500,1552.0,1,1812,,1,0,0,2015-07-07,0.00694407158836689,229.0,376.4348626812209
tour-de-romandie/2018/stage-4,Tour de Romandie,50,60,149200,3684.0,4,566,,1,0,0,2018-04-28,0.024691689008042896,756.0,603.1530037840558
tour-de-suisse/2016/stage-7,Tour de Suisse,50,60,224300,5041.0,5,680,,1,0,0,2016-06-17,0.022474364690147124,955.5,493.46812031343336
tour-de-romandie/1991/stage-4a,Tour de Romandie,50,,73600,1037.0563806458424,,521,,1,0,0,1991-05-11,0.014090439954427207,10.0,4.604345773288535
vuelta-a-espana/2020/stage-14,La Vuelta ciclista a España,80,100,204700,3057.0,3,692,,1,0,0,2020-11-04,0.014934049829018076,314.0,239.77177012034713
tour-de-france/1981/stage-10,Tour de France,100,,258500,2060.0,1,1362,,1,0,0,1981-07-06,0.007969052224371373,43.0,155.09895957270763
tirreno-adriatico/2014/stage-4,Tirreno-Adriatico,50,6,244000,3796.0,5,1269,,1,0,0,2014-03-15,0.015557377049180327,1096.0,718.4763750200048
tour-de-france/2011/stage-6,Tour de France,100,20,226500,2373.0,3,1713,,1,0,0,2011-07-07,0.01047682119205298,65.0,207.74261216178402
uae-tour/2023/stage-6,UAE Tour,50,40,166000,146.0,1,530,32,1,0,0,2023-02-25,0.0008795180722891567,0.0,34.13716033686925
tour-de-suisse/1981/stage-2,Tour de Suisse,50,,205000,1184.1396284959771,,516,,1,0,0,1981-06-12,0.005776290870712084,0.0,0.0
vuelta-a-espana/2001/stage-19,Vuelta a España,80,,168000,1874.0,1,971,,1,0,0,2001-09-28,0.011154761904761905,927.0,240.9214965828759
dauphine/2019/stage-1,Critérium du Dauphiné,50,60,142000,2500.0,4,973,,1,0,0,2019-06-09,0.017605633802816902,230.0,321.5282772482038
volta-a-catalunya/1996/stage-6,Volta Ciclista a Catalunya,50,,20400,615.015636849389,,327,,1,0,0,1996-06-19,0.030147825335754365,95.0,37.9801953404039
tour-de-suisse/2010/stage-2,Tour de Suisse,50,6,196600,2548.5245831830557,,1198,,1,0,0,2010-06-14,0.01296299381069713,158.5,349.7625106474751
vuelta-a-espana/2020/stage-6,La Vuelta ciclista a España,80,100,146400,3020.0,5,692,,1,0,0,2020-10-25,0.02062841530054645,728.0,445.68324202619465
tirreno-adriatico/2020/stage-7,Tirreno-Adriatico,50,60,181000,2736.0,3,687,,1,0,0,2020-09-13,0.015116022099447514,513.0,436.6850425561784
vuelta-a-espana/2012/stage-18,Vuelta a España,80,16,186400,1082.0,1,852,,1,0,0,2012-09-06,0.005804721030042918,10.0,171.94023401794186
paris-nice/2021/stage-5,Paris - Nice,50,60,200200,926.0,1,1044,,1,0,0,2021-03-11,0.004625374625374625,0.0,66.23386221043778
liege-bastogne-liege/1998/result,Liège - Bastogne - Liège,275,,265500,2548.5580088555903,,962,,0,0,0,1998-04-19,0.009599088545595444,288.0,256.8111158675936
giro-d-italia/2015/stage-15,Giro d'Italia,80,16,165000,4634.0,5,861,,1,0,0,2015-05-24,0.028084848484848483,1624.0,651.195295695032
tour-de-france/1986/stage-12,Tour de France,100,,217500,4500.0,4,1872,,1,0,0,1986-07-15,0.020689655172413793,2037.0,694.813668368657
vuelta-a-espana/2016/stage-4,Vuelta a España,80,100,163500,3196.0,3,821,,1,0,0,2016-08-23,0.019547400611620795,894.0,391.25009109610716
liege-bastogne-liege/1972/result,Liège - Bastogne - Liège,275,,239000,3020.2475494499886,,597,,0,0,0,1972-04-20,0.012637019035355601,326.0,127.55216019898907
vuelta-a-espana/2010/stage-16,Vuelta a España,80,16,181400,4431.0,5,1123,,1,0,0,2010-09-13,0.02442668136714443,1830.0,757.0349545816247
vuelta-a-espana/2019/stage-19,La Vuelta ciclista a España,80,100,165200,1771.0,3,798,,1,0,0,2019-09-13,0.010720338983050847,274.5,360.4708497390412
tour-de-suisse/2010/stage-8,Tour de Suisse,50,6,26900,353.2234270888305,,1198,,1,0,0,2010-06-20,0.013130982419659126,171.0,71.87639186801603
world-championship/2018/result,World Championships ME - Road Race,350,600,258000,5020.0,4,1374,,0,0,0,2018-09-30,0.019457364341085272,270.0,354.01427342619064
paris-roubaix/1971/result,Paris - Roubaix,275,,265200,1775.9297877619242,,819,,0,0,0,1971-04-18,0.006696567827156577,569.0,345.84193485238166
tour-de-france/1986/stage-13,Tour de France,100,,186000,5500.0,5,1872,,1,0,0,1986-07-16,0.02956989247311828,1637.0,568.3499835823844
volta-a-catalunya/1995/stage-2,Volta Ciclista a Catalunya,50,,172400,2158.0,,737,,1,0,0,1995-06-17,0.012517401392111369,8.0,3.966637181078677
tour-de-france/2012/stage-1,Tour de France,100,20,198000,2680.0,3,1703,,1,0,0,2012-07-01,0.013535353535353536,85.0,90.1906534004089
volta-a-catalunya/2003/stage-5,Volta a Catalunya,50,,166300,1955.808472946525,,515,,1,0,0,2003-06-20,0.011760724431428293,0.0,154.64116368208855
volta-a-catalunya/1992/stage-5a,Volta Ciclista a Catalunya,50,,74000,881.0,,758,,1,0,0,1992-09-13,0.011905405405405405,0.0,0.0
paris-nice/1972/stage-7b,Paris - Nice,50,,9500,64.1719380627037,,1086,,1,0,0,1972-03-16,0.006754940848705653,59.5,25.387879872971755
giro-d-italia/2005/stage-13,Giro d'Italia,80,,218000,5994.0,5,929,,1,0,0,2005-05-21,0.0274954128440367,1883.0,878.2167465268844
paris-nice/2022/stage-8,Paris - Nice,50,60,115600,2436.0,4,1182,,1,0,0,2022-03-13,0.021072664359861593,561.0,373.0339766694904
tirreno-adriatico/2006/stage-1,Tirreno-Adriatico,50,,167000,1187.59136756947,3,1210,,1,0,0,2006-03-08,0.007111325554308204,29.0,107.60077273116747
il-lombardia/1974/result,Giro di Lombardia,275,,266000,3139.9446395096593,,559,,0,0,0,1974-10-12,0.011804303156051351,0.0,0.0
ronde-van-vlaanderen/1984/result,Ronde van Vlaanderen / Tour des Flandres,275,,268000,3173.056967173815,,563,,0,0,0,1984-04-01,0.011839764802887369,49.0,69.8135344147696
tour-de-suisse/2002/stage-1,Tour de Suisse,50,,171900,2281.018894352316,,673,,1,0,0,2002-06-19,0.013269452555859894,68.0,234.9323772717317
tour-de-suisse/2019/stage-7,Tour de Suisse,50,60,216600,4336.0,5,802,,1,0,0,2019-06-21,0.020018467220683286,925.0,517.0310560567062
giro-d-italia/2019/stage-1,Giro d'Italia,80,100,8000,291.0,3,896,,1,0,0,2019-05-11,0.036375,99.0,37.96290039288013
volta-a-catalunya/2011/stage-4,Volta Ciclista a Catalunya,50,6,195000,2657.403044028028,,732,,1,0,0,2011-03-24,0.013627707918092452,0.0,0.0
tirreno-adriatico/2021/stage-4,Tirreno-Adriatico,50,60,148000,3023.0,5,1108,,1,0,0,2021-03-13,0.020425675675675676,946.0,480.6018607853322
dauphine/1992/stage-7,Critérium du Dauphiné Libéré,50,,177000,1308.701905504765,,492,,1,0,0,1992-06-07,0.007393796076298107,136.0,60.03156577075838
il-lombardia/2015/result,Il Lombardia,275,,245000,3946.0,2,1138,,0,0,0,2015-10-04,0.01610612244897959,575.0,391.3063633075186
tour-de-romandie/2011/stage-5,Tour de Romandie,50,6,164600,2168.0,,660,,1,0,0,2011-05-01,0.013171324422843257,0.0,469.5246796623476
volta-a-catalunya/2011/stage-2,Volta Ciclista a Catalunya,50,6,169300,1625.1684603141057,,732,,1,0,0,2011-03-22,0.009599341171376879,0.0,48.39379142181994
vuelta-a-espana/1996/stage-11,Vuelta a España,80,,188000,2018.0,,988,,1,0,0,1996-09-18,0.01073404255319149,286.0,88.91201040075356
giro-d-italia/1994/stage-16,Giro d'Italia,80,,220000,1020.9983476349305,,1292,,1,0,0,1994-06-06,0.004640901580158775,0.0,0.0
la-fleche-wallone/2005/result,La Flèche Wallonne,225,,201500,2919.3574462780407,3,1094,,0,0,0,2005-04-20,0.014488126284258267,92.0,351.48588867191216
tour-de-france/2001/stage-3,Tour de France,100,,198500,2098.0,3,1496,,1,0,0,2001-07-10,0.010569269521410579,0.0,279.9310062722964
omloop-het-nieuwsblad/1980/result,Omloop Het Volk,125,,216000,1403.9384418322725,,580,,0,0,0,1980-03-01,0.006499715008482743,6.0,0.9370425713316364
tour-de-romandie/1994/prologue,Tour de Romandie,50,,5800,77.14604941527705,,780,,1,0,0,1994-05-04,0.013301043002633973,4.0,3.082207001484488
giro-d-italia/1994/stage-1b,Giro d'Italia,80,,7000,104.7230355344318,,1292,,1,0,0,1994-05-22,0.014960433647775972,15.5,8.875058685251984
dauphine/2010/stage-8,Critérium du Dauphiné,50,6,148000,2332.001776806854,,673,,1,0,0,2010-06-13,0.015756768762208474,186.0,194.42537924421703
liege-bastogne-liege/1976/result,Liège - Bastogne - Liège,275,,246700,3166.8929562594813,,611,,0,0,0,1976-04-18,0.012837020495579575,300.0,283.9269144579696
tour-de-suisse/2004/stage-1,Tour de Suisse,50,,176000,3176.61439025071,,676,,1,0,0,2004-06-12,0.01804894539915176,1111.0,481.53734498621134
vuelta-a-espana/1995/stage-8,Vuelta a España,80,,219800,3790.0,,883,,1,0,0,1995-09-10,0.01724294813466788,280.0,73.82140610961024
giro-d-italia/1992/stage-11,Giro d'Italia,80,,214000,1339.9905841407658,,953,,1,0,0,1992-06-04,0.006261638243648438,0.0,0.0
tour-de-romandie/2017/stage-1,Tour de Romandie,50,60,173300,2302.0,5,636,,1,0,0,2017-04-26,0.013283323716099249,91.0,342.7711774985412
paris-nice/2006/stage-7,Paris - Nice,50,,135000,1954.791235155967,4,795,,1,0,0,2006-03-12,0.014479935075229385,127.0,220.2009917133103
tour-de-france/1993/stage-15,Tour de France,100,,231500,6000.0,5,1804,,1,0,0,1993-07-19,0.02591792656587473,850.0,682.7490634187701
milano-sanremo/1987/result,Milano-Sanremo,275,,294000,3167.0082678363237,,1352,,0,0,0,1987-03-21,0.010772136965429672,57.0,24.661965893598666
paris-nice/1993/stage-6,Paris - Nice,50,,196500,1477.8037547764736,,1182,,1,0,0,1993-03-13,0.00752062979530012,44.0,16.3707055437449
tour-de-france/1990/stage-14,Tour de France,100,,205000,2812.0,5,1959,,1,0,0,1990-07-15,0.013717073170731708,353.0,395.01530985166613
tour-de-france/1993/stage-14,Tour de France,100,,223000,1500.0,1,1804,,1,0,0,1993-07-18,0.006726457399103139,979.0,179.03201673403947
tour-de-romandie/2013/prologue,Tour de Romandie,50,6,7450,291.0,5,956,,1,0,0,2013-04-23,0.03906040268456376,74.0,39.432226022655584
giro-d-italia/2016/stage-21,Giro d'Italia,80,100,163000,879.0,1,933,,1,0,0,2016-05-29,0.0053926380368098156,0.0,0.0
la-fleche-wallone/1978/result,La Flèche Wallonne,225,,223000,3331.9510576492644,,700,,0,0,0,1978-04-20,0.014941484563449616,527.0,225.57285443886644
vuelta-a-espana/2002/stage-2,Vuelta a España,80,,144700,1892.0,2,1084,,1,0,0,2002-09-08,0.013075328265376641,0.0,351.77524459357835
tour-de-romandie/2007/stage-3,Tour de Romandie,50,,162600,2276.8133772821197,,674,,1,0,0,2007-05-04,0.014002542295707994,231.0,170.23337872706907
itzulia-basque-country/2018/stage-5,Itzulia Basque Country,50,50,164700,2269.0,4,824,,1,0,0,2018-04-06,0.013776563448694596,1145.0,464.6387289143558
tour-de-france/1996/stage-10,Tour de France,100,,208500,3000.0,2,1872,,1,0,0,1996-07-09,0.014388489208633094,161.0,355.84887446351945
vuelta-a-espana/1982/stage-17,Vuelta a España,80,,178000,2268.6185893146844,,523,,1,0,0,1982-05-07,0.012745048254576879,143.0,150.95841836513966
paris-nice/2019/stage-6,Paris - Nice,50,60,176500,2029.0,4,1099,,1,0,0,2019-03-15,0.011495750708215298,341.0,235.87350258106179
tour-de-france/1984/stage-10,Tour de France,100,,198000,1808.0,1,1632,,1,0,0,1984-07-08,0.00913131313131313,151.0,196.82381060578936
tour-de-france/1986/stage-9,Tour de France,100,,61500,466.0,1,1872,,1,0,0,1986-07-12,0.007577235772357724,376.0,162.99536802389332
volta-a-catalunya/2004/stage-2,Volta a Catalunya,50,,145400,2414.0603076524876,3,376,,1,0,0,2004-06-15,0.016602890699123022,47.0,293.72379887044104
vuelta-a-espana/1999/stage-10,Vuelta a España,80,,183200,584.0,,1342,,1,0,0,1999-09-15,0.003187772925764192,0.0,383.97087917042825
giro-d-italia/2013/stage-20,Giro d'Italia,80,16,210000,3663.0,5,930,,1,0,0,2013-05-25,0.017442857142857142,726.0,435.6684237705841
tour-de-france/2003/stage-12,Tour de France,100,,47000,712.0,2,1688,,1,0,0,2003-07-18,0.015148936170212766,530.0,135.14353695721917
ronde-van-vlaanderen/2012/result,Ronde van Vlaanderen / Tour des Flandres ME,275,,256000,1900.0,2,887,,0,0,0,2012-04-01,0.007421875,206.0,315.40739507707406
volta-a-catalunya/2009/stage-7,Volta Ciclista a Catalunya,50,,110800,1687.3652326583442,1,668,,1,0,0,2009-05-24,0.015228928092584334,0.0,138.98409667538493
tour-de-france/2007/stage-13,Tour de France,100,,54000,533.0,2,1612,,1,0,0,2007-07-21,0.00987037037037037,471.0,159.83896169482503
tour-de-france/1979/stage-5,Tour de France,100,,145000,810.9999999999998,1,1381,,1,0,0,1979-07-02,0.00559310344827586,0.0,14.466221347591754
tirreno-adriatico/2001/stage-6,Tirreno-Adriatico,50,,136000,2083.868065841329,,1092,,1,0,0,2001-03-19,0.015322559307656832,144.0,298.40784719322824
tour-de-france/1993/stage-19,Tour de France,100,,48000,608.0,1,1804,,1,0,0,1993-07-24,0.012666666666666666,464.0,132.27914116505232
paris-nice/1991/stage-2,Paris - Nice,50,,157000,1871.3564504311892,,832,,1,0,0,1991-03-12,0.011919467837141332,0.0,0.0
volta-a-catalunya/2001/stage-8,Volta a Catalunya,50,,13100,588.2817922772049,5,617,,1,0,0,2001-06-28,0.04490700704406144,295.0,180.17404321447734
paris-nice/1993/stage-4,Paris - Nice,50,,210000,1518.7849834849098,,1182,,1,0,0,1993-03-11,0.007232309445166237,0.0,0.0
giro-d-italia/1994/stage-10,Giro d'Italia,80,,115000,872.2109280196307,,1292,,1,0,0,1994-05-31,0.007584442852344615,0.0,0.0
tour-de-france/1981/stage-1a,Tour de France,100,,97000,2000.0,2,1362,,1,0,0,1981-06-26,0.020618556701030927,328.0,253.49943639100917
vuelta-a-espana/2008/stage-11,Vuelta a España,80,,178000,2019.0,2,1101,,1,0,0,2008-09-10,0.011342696629213483,0.0,52.99889989891164
tour-de-suisse/2005/stage-4,Tour de Suisse,50,,208000,1820.7412731788481,,971,,1,0,0,2005-06-14,0.008753563813359847,0.0,107.13013796518315
tour-de-france/2005/stage-3,Tour de France,100,,212000,1465.0,1,1535,,1,0,0,2005-07-04,0.006910377358490566,0.0,0.0
vuelta-a-espana/1991/stage-10,Vuelta a España,80,,229000,3428.0,,1042,,1,0,0,1991-05-08,0.01496943231441048,13.0,3.9436507137905807
giro-d-italia/2003/stage-7,Giro d'Italia,80,,146000,2681.0,5,734,,1,0,0,2003-05-17,0.018363013698630137,973.5,419.92757475344007
tour-de-france/1995/stage-1,Tour de France,100,,228000,2500.0,1,1871,,1,0,0,1995-07-02,0.010964912280701754,37.0,86.47443714571241
giro-d-italia/2004/stage-6,Giro d'Italia,80,,164000,2044.0,2,621,,1,0,0,2004-05-14,0.012463414634146342,33.0,142.19079600119952
giro-d-italia/2013/stage-9,Giro d'Italia,80,16,170000,3032.0,2,930,,1,0,0,2013-05-12,0.01783529411764706,1043.0,426.3350902741276
tour-de-france/2017/stage-11,Tour de France,100,120,203500,1163.0,1,1791,,1,0,0,2017-07-12,0.005714987714987715,0.0,50.135014815309745
vuelta-a-espana/1995/stage-20,Vuelta a España,80,,41600,376.0,,883,,1,0,0,1995-09-23,0.009038461538461539,147.5,57.47796679308226
tour-de-suisse/1971/stage-4,Tour de Suisse,50,,175000,4198.750186487481,,302,,1,0,0,1971-06-14,0.023992858208499893,37.0,18.5
tour-de-france/1989/stage-11,Tour de France,100,,158500,1911.0,2,1849,,1,0,0,1989-07-12,0.012056782334384859,0.0,17.931987382072453
dauphine/1991/stage-4,Critérium du Dauphiné Libéré,50,,186500,2696.551275463691,,830,,1,0,0,1991-06-07,0.014458719975676628,2.0,0.8944271909999159
tour-de-suisse/2015/stage-9,Tour de Suisse,50,6,38400,529.0,2,1048,,1,0,0,2015-06-21,0.013776041666666667,234.0,102.51315533186254
tirreno-adriatico/1973/stage-5b,Tirreno-Adriatico,50,,18000,178.6730650518316,,536,,1,0,0,1973-03-17,0.009926281391768422,16.0,7.395944834840239
paris-nice/2019/stage-7,Paris - Nice,50,60,181500,4332.0,5,1099,,1,0,0,2019-03-16,0.023867768595041323,1220.0,650.8113178513742
itzulia-basque-country/2012/stage-5,Vuelta Ciclista al País Vasco,50,6,183000,2997.0,,928,,1,0,0,2012-04-06,0.01637704918032787,395.0,405.67808758152285
tour-de-france/1992/stage-14,Tour de France,100,,186500,6000.0,5,2047,,1,0,0,1992-07-19,0.032171581769437,1712.0,689.0600474701811
giro-d-italia/2009/stage-12,Giro d'Italia,80,,60600,1497.0,2,975,,1,0,0,2009-05-21,0.024702970297029704,572.5,203.31478194823717
dauphine/2007/stage-7,Critérium du Dauphiné Libéré,50,,129000,2762.0241881883358,,816,,1,0,0,2007-06-17,0.02141104021851423,368.0,376.27972036969607
ronde-van-vlaanderen/1975/result,Ronde van Vlaanderen / Tour des Flandres,275,,255000,2305.574004644419,,666,,0,0,0,1975-04-06,0.009041466684880074,308.0,58.63582406639798
tour-de-france/1988/stage-15,Tour de France,100,,187500,6000.0,5,1941,,1,0,0,1988-07-18,0.032,1703.0,555.1073355535676
tirreno-adriatico/2020/stage-3,Tirreno-Adriatico,50,60,217000,3108.0,3,687,,1,0,0,2020-09-09,0.01432258064516129,568.0,586.5391902267286
giro-d-italia/2001/stage-20,Giro d'Italia,80,,181000,3331.0,4,920,,1,0,0,2001-06-09,0.018403314917127073,1248.0,477.3890713409031
tour-de-romandie/2011/stage-1,Tour de Romandie,50,6,171500,2365.0,,660,,1,0,0,2011-04-27,0.013790087463556852,286.0,306.8132494958866
milano-sanremo/2012/result,Milano-Sanremo,275,,298000,2380.0,2,1079,,0,0,0,2012-03-17,0.007986577181208054,183.5,519.3953481507898
dauphine/2015/stage-4,Critérium du Dauphiné,50,6,228000,2369.0,2,997,,1,0,0,2015-06-10,0.010390350877192983,0.0,168.8824601042972
volta-a-catalunya/2019/stage-6,Volta Ciclista a Catalunya,50,50,169100,2025.0,2,918,,1,0,0,2019-03-30,0.011975162625665286,92.0,130.7834032406956
tirreno-adriatico/1992/stage-1,Tirreno-Adriatico,50,,192000,1281.3977710765707,,638,,1,0,0,1992-03-12,0.006673946724357139,4.0,1.7888543819998317
il-lombardia/2020/result,Il Lombardia,275,500,231000,3975.0,2,589,,0,0,0,2020-08-15,0.017207792207792207,877.5,374.8118521165039
tour-de-france/2002/stage-13,Tour de France,100,,171000,2180.0,2,1489,,1,0,0,2002-07-20,0.012748538011695907,596.0,155.4582675410346
volta-a-catalunya/2019/stage-2,Volta Ciclista a Catalunya,50,50,166700,1725.0,3,918,,1,0,0,2019-03-26,0.010347930413917216,29.0,256.24625979804324
tour-de-france/1980/stage-3,Tour de France,100,,282000,3500.0,2,1224,,1,0,0,1980-06-29,0.012411347517730497,187.0,269.1360431597358
il-lombardia/2013/result,Il Lombardia,275,,242000,4112.0,2,1256,,0,0,0,2013-10-06,0.01699173553719008,119.0,296.74798845184733
volta-a-catalunya/2023/stage-7,Volta Ciclista a Catalunya,50,50,135800,1842.0,2,704,20,1,0,0,2023-03-26,0.013564064801178203,377.0,207.36906337168367
milano-sanremo/2007/result,Milano-Sanremo,275,,294000,2216.962842469907,,1303,,0,0,0,2007-03-24,0.007540689940373834,74.0,322.2755605839287
paris-nice/2016/stage-7,Paris - Nice,50,60,141000,2728.0,4,1109,,1,0,0,2016-03-13,0.019347517730496453,704.0,431.88452869260203
tour-de-suisse/1995/stage-2,Tour de Suisse,50,,207100,2300.2004555232074,,764,,1,0,0,1995-06-15,0.011106713932994724,0.0,0.0
tour-de-romandie/2006/stage-4,Tour de Romandie,50,,127700,3881.0449405393874,,772,,1,0,0,2006-04-28,0.030391894600934905,1099.0,517.5347885339033
dauphine/2012/stage-1,Critérium du Dauphiné,50,6,187000,2048.0,,1117,,1,0,0,2012-06-04,0.010951871657754011,4.0,168.90210724230545
itzulia-basque-country/2023/stage-5,Itzulia Basque Country,50,50,164500,3187.0,2,719,22,1,0,0,2023-04-07,0.01937386018237082,460.0,424.8749161823993
tour-de-romandie/1989/stage-5,Tour de Romandie,50,,168200,829.6276595285947,,502,,1,0,0,1989-05-13,0.004932387987684867,45.0,38.22695384149775
dauphine/2019/stage-3,Critérium du Dauphiné,50,60,177000,1424.0,2,973,,1,0,0,2019-06-11,0.008045197740112994,0.0,74.64843039967177
tour-de-suisse/1997/stage-4,Tour de Suisse,50,,31500,306.58351664388283,,1161,,1,0,0,1997-06-21,0.009732810052186756,228.0,90.96690547936882
volta-a-catalunya/1984/stage-2,Volta Ciclista a Catalunya,50,,192000,4493.836091652616,,319,,1,0,0,1984-09-07,0.02340539631069071,2.0,0.7262730392025629
dauphine/2012/stage-7,Critérium du Dauphiné,50,6,124500,2375.0,,1117,,1,0,0,2012-06-10,0.019076305220883535,371.0,297.288057138367
giro-d-italia/2015/stage-2,Giro d'Italia,80,16,177000,1868.0,2,861,,1,0,0,2015-05-10,0.010553672316384181,58.0,201.7794388703484
giro-d-italia/1998/stage-22,Giro d'Italia,80,,101000,614.8451717876753,,923,,1,0,0,1998-06-07,0.006087575958293815,0.0,0.0
paris-nice/2018/stage-6,Paris - Nice,50,60,198000,3189.0,4,936,,1,0,0,2018-03-09,0.016106060606060606,576.0,374.6893720712653
giro-d-italia/1996/stage-13,Giro d'Italia,80,,115000,2585.722674742459,,1034,,1,0,0,1996-05-31,0.022484544997760512,808.0,411.710128262939
amstel-gold-race/2015/result,Amstel Gold Race,225,,258000,3558.0,3,1175,,0,0,0,2015-04-19,0.013790697674418605,80.0,218.79008132243453
paris-roubaix/2018/result,Paris-Roubaix,275,500,257000,1309.0,1,811,,0,0,0,2018-04-08,0.005093385214007782,774.0,374.5675013523022
tirreno-adriatico/2007/stage-3,Tirreno-Adriatico,50,,213000,2134.850896603023,3,1148,,1,0,0,2007-03-16,0.010022774162455507,130.0,253.68867478855393
giro-d-italia/1995/stage-17,Giro d'Italia,80,,43000,1230.0,,1365,,1,0,0,1995-05-30,0.0286046511627907,284.5,93.247491852822
paris-nice/2013/prologue,Paris - Nice,50,6,2900,51.0,1,917,,1,0,0,2013-03-03,0.017586206896551725,13.0,6.057204586248691
giro-d-italia/2022/stage-7,Giro d'Italia,80,100,196000,4730.0,4,817,19,1,0,0,2022-05-13,0.02413265306122449,1591.0,1011.2536866073381
tour-de-france/2018/stage-14,Tour de France,100,120,188000,3365.0,2,1689,,1,0,0,2018-07-21,0.017898936170212765,1333.0,493.7521366419378
vuelta-a-espana/1992/stage-17,Vuelta a España,80,,200600,616.0,,1033,,1,0,0,1992-05-13,0.003070787637088734,0.0,2.0
vuelta-a-espana/2020/stage-13,La Vuelta ciclista a España,80,100,33700,535.9999999999998,3,692,,1,0,0,2020-11-03,0.01590504451038575,330.0,144.33658205154475
dauphine/1977/stage-1,Critérium du Dauphiné Libéré,50,,228000,3667.316995913743,,809,,1,0,0,1977-05-31,0.016084723666288346,0.0,9.276014469827246
giro-d-italia/2017/stage-16,Giro d'Italia,80,100,222000,5845.0,4,881,,1,0,0,2017-05-23,0.02632882882882883,2426.0,999.352066471742
il-lombardia/1985/result,Giro di Lombardia,275,,255000,3212.907345604651,,439,,0,0,0,1985-10-12,0.012599636649430004,193.0,107.71584482241437
vuelta-a-espana/1990/stage-7,Vuelta a España,80,,187300,1380.0,,807,,1,0,0,1990-04-30,0.007367859049652963,0.0,0.0
omloop-het-nieuwsblad/1976/result,Omloop Het Volk,125,,202000,1633.8374309586716,,449,,0,0,0,1976-03-06,0.00808830411365679,64.0,168.26701837759
vuelta-a-espana/2008/stage-16,Vuelta a España,80,,186400,1481.0,1,1101,,1,0,0,2008-09-16,0.007945278969957082,16.0,40.49755785955683
il-lombardia/1983/result,Giro di Lombardia,275,,253000,2825.1169491925693,,828,,0,0,0,1983-10-15,0.011166470154911342,111.0,231.3571386490262
giro-d-italia/2019/stage-20,Giro d'Italia,80,100,194000,5754.0,5,896,,1,0,0,2019-06-01,0.02965979381443299,2109.5,924.6831841824419
tour-de-romandie/2015/stage-4,Tour de Romandie,50,6,169800,2216.0,4,883,,1,0,0,2015-05-01,0.013050647820965842,211.0,254.25666178435023
world-championship/1995/result,World Championships - Road Race,350,,265500,5319.0,,869,,0,0,0,1995-10-08,0.020033898305084747,150.5,676.5811792425674
world-championship/1975/result,World Championships - Road Race,350,,266000,4234.0,,1211,,0,0,0,1975-08-31,0.01591729323308271,246.0,210.62297052858625
tour-de-france/1989/stage-1,Tour de France,100,,135500,2028.0,2,1849,,1,0,0,1989-07-02,0.014966789667896678,280.0,37.82104230910996
tour-de-suisse/2018/stage-3,Tour de Suisse,50,60,182000,2260.0,2,956,,1,0,0,2018-06-11,0.012417582417582418,93.0,149.32180014987765
amstel-gold-race/1981/result,Amstel Gold Race,225,,237000,3826.1069073077015,,807,,0,0,0,1981-04-02,0.01614391100129832,0.0,0.0
vuelta-a-espana/1987/stage-2,Vuelta a España,80,,217000,2000.0,,838,,1,0,0,1987-04-25,0.009216589861751152,0.0,0.0
vuelta-a-espana/2006/stage-15,Vuelta a España,80,,182000,1571.0,1,1026,,1,0,0,2006-09-10,0.008631868131868132,33.0,38.134258492886886
tirreno-adriatico/1990/stage-3,Tirreno-Adriatico,50,,6800,52.8783530376204,,590,,1,0,0,1990-03-09,0.007776228387885353,27.5,15.085312945599327
volta-a-catalunya/1970/stage-4,Volta Ciclista a Catalunya,50,,225000,2873.3414560671936,,570,,1,0,0,1970-09-13,0.01277040647140975,0.0,0.0
paris-nice/1991/stage-4,Paris - Nice,50,,179000,2625.8336131554042,,832,,1,0,0,1991-03-14,0.014669461526007845,31.0,14.736614811141466
vuelta-a-espana/2011/stage-21,Vuelta a España,80,,94000,828.0000000000002,1,1170,,1,0,0,2011-09-11,0.008808510638297875,21.0,33.96591156672758
dauphine/2011/stage-1,Critérium du Dauphiné,50,6,144000,2189.0,,958,,1,0,0,2011-06-06,0.01520138888888889,156.0,203.3459219829477
tour-de-suisse/2003/stage-9,Tour de Suisse,50,,152000,2496.3483568043303,,660,,1,0,0,2003-06-25,0.01642334445266007,2.0,98.92846788585052
tour-de-france/2001/stage-12,Tour de France,100,,166000,4000.0,5,1496,,1,0,0,2001-07-20,0.024096385542168676,492.0,433.92146156435496
giro-d-italia/2018/stage-15,Giro d'Italia,80,100,176000,4112.0,4,838,,1,0,0,2018-05-20,0.023363636363636364,1574.0,712.3646860365479
giro-d-italia/1993/stage-2,Giro d'Italia,80,,224000,2219.3037925593985,,1089,,1,0,0,1993-05-24,0.009907606216783028,0.0,0.0
giro-d-italia/1999/stage-10,Giro d'Italia,80,,189000,2086.2023013429543,,1057,,1,0,0,1999-05-24,0.011038107414512987,0.0,122.01077199564035
giro-d-italia/2012/stage-10,Giro d'Italia,80,16,186000,2424.0,3,886,,1,0,0,2012-05-15,0.013032258064516128,229.0,171.25158787353286
vuelta-a-espana/2009/stage-4,Vuelta a España,80,,225500,1888.0,1,1220,,1,0,0,2009-09-01,0.008372505543237251,130.0,177.70514119902285
dauphine/2014/stage-8,Critérium du Dauphiné,50,6,130500,3029.0,5,941,,1,0,0,2014-06-15,0.023210727969348657,1631.0,623.3062423002458
tirreno-adriatico/2003/stage-3,Tirreno-Adriatico,50,,175000,2713.0999979403764,,882,,1,0,0,2003-03-15,0.015503428559659294,0.0,9.486614247961427
volta-a-catalunya/2018/stage-6,Volta Ciclista a Catalunya,50,50,117000,1469.0,4,659,,1,0,0,2018-03-24,0.012555555555555556,18.0,88.29072548284967
tour-de-romandie/2004/stage-3,Tour de Romandie,50,,145700,2081.729780721349,,507,,1,0,0,2004-04-30,0.014287781610990728,477.5,385.8353305515638
paris-nice/2005/stage-2,Paris - Nice,50,,46500,302.3011876016203,1,1091,,1,0,0,2005-03-08,0.006501100808636996,21.0,114.54620594093524
tour-de-suisse/1991/stage-7,Tour de Suisse,50,,256000,3201.6519971374596,,796,,1,0,0,1991-06-25,0.012506453113818202,0.0,0.0
giro-d-italia/1992/stage-1,Giro d'Italia,80,,194000,1412.015277960385,,953,,1,0,0,1992-05-25,0.007278429267837036,0.0,0.0
tirreno-adriatico/1990/stage-5,Tirreno-Adriatico,50,,249500,2649.8017412490467,,590,,1,0,0,1990-03-11,0.010620447860717622,0.0,0.0
tour-de-france/1999/stage-15,Tour de France,100,,174000,5500.0,5,1255,,1,0,0,1999-07-20,0.031609195402298854,2208.0,730.2706519519919
volta-a-catalunya/1986/stage-4,Volta Ciclista a Catalunya,50,,171000,553.6467381831615,5,561,,1,0,0,1986-09-13,0.0032377002232933418,36.5,40.27283842928774
ronde-van-vlaanderen/2004/result,Ronde van Vlaanderen / Tour des Flandres ME,275,,257000,4293.621793763237,2,1018,,0,0,0,2004-04-04,0.016706699586627384,458.0,346.1481362914793
itzulia-basque-country/2004/stage-1,Vuelta al País Vasco,50,,139000,2187.5948872528775,,1020,,1,0,0,2004-04-05,0.015738092714049478,101.0,231.34571371936417
tour-de-suisse/2000/stage-6,Tour de Suisse,50,,103000,2819.4417750949397,,895,,1,0,0,2000-06-18,0.0273732211174266,972.0,531.9410025968583
giro-d-italia/2015/stage-4,Giro d'Italia,80,16,150000,3050.0,2,861,,1,0,0,2015-05-12,0.02033333333333333,1200.0,454.5874465289896
vuelta-a-espana/1981/stage-9,Vuelta a España,80,,204000,2279.9502833771535,,457,,1,0,0,1981-04-30,0.011176226879299773,105.0,100.57656322634283
giro-d-italia/2000/stage-12,Giro d'Italia,80,,184000,1700.0,2,866,,1,0,0,2000-05-26,0.00923913043478261,294.0,295.1801526852519
tirreno-adriatico/2004/stage-6,Tirreno-Adriatico,50,,185000,2368.5554673668134,1,926,,1,0,0,2004-03-15,0.0128030025263071,0.0,268.7502028360246
tour-de-france/1991/stage-9,Tour de France,100,,161000,1679.0,1,1933,,1,0,0,1991-07-14,0.01042857142857143,53.0,11.193773785040731
giro-d-italia/1999/stage-3,Giro d'Italia,80,,176000,1120.307581226406,,1057,,1,0,0,1999-05-17,0.006365383984240944,0.0,43.539123969385955
volta-a-catalunya/2023/stage-1,Volta Ciclista a Catalunya,50,50,164600,2091.0,3,704,14,1,0,0,2023-03-20,0.012703523693803159,47.0,220.27038289717333
tour-de-france/2021/stage-10,Tour de France,100,120,190700,1488.0,2,1646,,1,0,0,2021-07-06,0.007802831672784478,47.0,139.5993212190239
paris-roubaix/1998/result,Paris - Roubaix,275,,266000,1586.291488726069,1,828,,0,0,0,1998-04-12,0.005963501837316049,782.0,308.24658413785073
tour-de-france/2012/stage-5,Tour de France,100,20,196500,1250.0,1,1703,,1,0,0,2012-07-05,0.006361323155216285,0.0,22.62310977901838
vuelta-a-espana/1994/stage-17,Vuelta a España,80,,150400,2228.0,,791,,1,0,0,1994-05-11,0.014813829787234042,40.5,13.742068419435425
tour-de-france/2022/stage-15,Tour de France,100,120,202500,2416.0,2,1551,36,1,0,0,2022-07-17,0.011930864197530864,52.0,493.061226580161
volta-a-catalunya/1998/stage-8,Volta Ciclista a Catalunya,50,,189800,3188.470564603231,,859,,1,0,0,1998-06-25,0.016799107295064442,660.0,467.89833439848627
vuelta-a-espana/2012/stage-13,Vuelta a España,80,16,172700,2443.0,1,852,,1,0,0,2012-08-31,0.014145917776491025,40.0,277.78431409358876
dauphine/2014/stage-3,Critérium du Dauphiné,50,6,194000,2668.0,2,941,,1,0,0,2014-06-10,0.01375257731958763,0.0,165.72090670745933
vuelta-a-espana/1991/stage-2a,Vuelta a España,80,,134500,667.0,,1042,,1,0,0,1991-04-30,0.00495910780669145,0.0,0.0
paris-nice/1986/stage-4a,Paris - Nice,50,,118000,1855.906365116091,,746,,1,0,0,1986-03-06,0.015728020043356702,137.0,56.19356428156757
itzulia-basque-country/2012/stage-3,Vuelta Ciclista al País Vasco,50,6,152000,3049.0,,928,,1,0,0,2012-04-04,0.02005921052631579,353.5,487.6514240548621
world-championship/2022/result,World Championships ME - Road Race,350,600,266900,4167.0,2,1052,,0,0,0,2022-09-25,0.015612588984638442,188.0,218.62445340730147
vuelta-a-espana/1991/stage-15,Vuelta a España,80,,219500,1978.0,,1042,,1,0,0,1991-05-13,0.00901138952164009,8.0,14.771916727680393
tour-de-france/1997/stage-6,Tour de France,100,,217500,1443.0,1,1994,,1,0,0,1997-07-11,0.006634482758620689,0.0,55.712362763994726
tour-de-france/2005/stage-18,Tour de France,100,,189000,2947.0,2,1535,,1,0,0,2005-07-21,0.015592592592592592,1202.0,327.6040128901734
tour-de-suisse/2018/stage-2,Tour de Suisse,50,60,155000,1817.0,2,956,,1,0,0,2018-06-10,0.01172258064516129,122.0,196.56445611240463
tour-de-suisse/2016/stage-6,Tour de Suisse,50,10,162800,3763.0,5,680,,1,0,0,2016-06-16,0.023114250614250615,1141.0,394.52670734375045
giro-d-italia/2019/stage-4,Giro d'Italia,80,100,235000,2995.0,3,896,,1,0,0,2019-05-14,0.01274468085106383,190.0,251.88805720647636
tour-de-france/2000/stage-3,Tour de France,100,,161500,1331.0,1,1437,,1,0,0,2000-07-03,0.008241486068111455,9.0,16.336239691946467
dauphine/2022/stage-5,Critérium du Dauphiné,50,60,162300,1991.0,2,789,18,1,0,0,2022-06-09,0.012267406038200862,0.0,219.38220646035887
volta-a-catalunya/2008/stage-1,Volta Ciclista a Catalunya,50,,167800,1344.3693244671158,1,616,,1,0,0,2008-05-20,0.008011736141043599,0.0,95.57439500347442
san-sebastian/2000/result,Clasica Ciclista San Sebastian,225,,232000,3351.5129102508135,2,1269,,0,0,0,2000-08-12,0.014446176337287989,242.0,317.55135610431154
giro-d-italia/2011/stage-3,Giro d'Italia,80,16,173000,2009.0,2,891,,1,0,0,2011-05-09,0.01161271676300578,21.0,156.95813668443273
paris-nice/2004/stage-7,Paris - Nice,50,,185500,3503.3348772856907,,989,,1,0,0,2004-03-13,0.018885902303426905,391.0,588.4468994747109
tirreno-adriatico/1999/stage-6,Tirreno-Adriatico,50,,170000,1498.3589270375203,,1150,,1,0,0,1999-03-15,0.008813876041397177,109.0,165.1731902616216
vuelta-a-espana/2007/stage-5,Vuelta a España,80,,157400,3374.0,4,995,,1,0,0,2007-09-05,0.021435832274459974,9.0,460.9366387445917
il-lombardia/1980/result,Giro di Lombardia,275,,255000,3323.7909781469943,,241,,0,0,0,1980-10-18,0.01303447442410586,152.0,298.85554989975066
e3-harelbeke/1991/result,E3-Prijs Harelbeke,125,,203000,1495.9913374164908,,352,,0,0,0,1991-03-30,0.007369415455253649,1.0,0.21554026870452117
paris-nice/2020/stage-6,Paris - Nice,50,60,161500,2895.0,4,1082,,1,0,0,2020-03-13,0.017925696594427245,736.0,541.3375879970035
tirreno-adriatico/2021/stage-6,Tirreno-Adriatico,50,60,169000,1628.0,1,1108,,1,0,0,2021-03-15,0.009633136094674557,69.0,206.16902393363344
vuelta-a-espana/1982/stage-13,Vuelta a España,80,,195000,3090.136959755265,,523,,1,0,0,1982-05-03,0.015846856203873154,801.0,247.23591972041604
tour-de-france/2019/stage-9,Tour de France,100,120,170500,2717.0,2,1699,,1,0,0,2019-07-14,0.015935483870967743,1143.0,302.27290890039797
tour-de-france/1990/stage-20,Tour de France,100,,45500,1097.0,1,1959,,1,0,0,1990-07-21,0.02410989010989011,402.0,137.07567898813377
tour-de-france/2004/stage-15,Tour de France,70,,180500,4818.0,3,1555,,1,0,0,2004-07-20,0.026692520775623268,1429.0,723.667597465357
vuelta-a-espana/2011/stage-10,Vuelta a España,80,16,47000,414.0,1,1170,,1,0,0,2011-08-29,0.008808510638297873,358.0,133.67504499522963
giro-d-italia/2012/stage-17,Giro d'Italia,80,16,186000,5317.0,4,886,,1,0,0,2012-05-23,0.028586021505376345,2045.0,773.6683320914394
tour-de-france/2022/stage-21,Tour de France,100,120,115600,748.0,1,1551,32,1,0,0,2022-07-24,0.006470588235294118,34.0,75.12230890373789
vuelta-a-espana/2015/stage-18,Vuelta a España,80,16,204000,3218.0,2,1115,,1,0,0,2015-09-10,0.015774509803921567,954.0,493.8628965198805
tirreno-adriatico/2019/stage-2,Tirreno-Adriatico,50,60,195000,2168.0,3,1067,,1,0,0,2019-03-14,0.011117948717948719,204.0,235.70416548356468
tour-de-suisse/1980/stage-3,Tour de Suisse,50,,245000,2578.467416313832,,477,,1,0,0,1980-06-13,0.010524356801280946,0.0,0.0
paris-nice/2020/stage-5,Paris - Nice,50,60,227000,2681.0,4,1082,,1,0,0,2020-03-12,0.01181057268722467,0.0,205.96019901124373
tour-de-france/1988/stage-6,Tour de France,100,,52000,266.0,1,1941,,1,0,0,1988-07-08,0.005115384615384615,235.0,122.70998357543948
tour-de-suisse/1991/stage-8,Tour de Suisse,50,,202000,2280.7212013560134,,796,,1,0,0,1991-06-26,0.011290699016613927,68.0,78.35077819935451
volta-a-catalunya/2015/stage-7,Volta Ciclista a Catalunya,50,6,126600,1629.0,2,817,,1,0,0,2015-03-29,0.012867298578199052,108.0,181.19853551335194
giro-d-italia/1994/stage-18,Giro d'Italia,80,,35000,284.1827153166096,,1292,,1,0,0,1994-06-08,0.008119506151903131,215.0,84.03475158340275
tour-de-suisse/1980/stage-8a,Tour de Suisse,50,,66000,564.6024843062721,,477,,1,0,0,1980-06-18,0.008554583095549578,0.0,8.801515021101007
il-lombardia/2000/result,Giro di Lombardia,275,,258000,4103.0,,1123,,0,0,0,2000-10-21,0.015903100775193798,242.0,302.0037245418594
volta-a-catalunya/2002/stage-7,Volta a Catalunya,50,,115900,1664.3398622749357,,431,,1,0,0,2002-06-23,0.014360136861733699,190.0,257.4438041305779
giro-d-italia/1996/stage-14,Giro d'Italia,80,,202000,3790.1878119133007,,1034,,1,0,0,1996-06-01,0.018763305999570795,1252.0,551.3846501805797
tour-de-romandie/1999/prologue,Tour de Romandie,50,,4900,68.32497616921091,,893,,1,0,0,1999-05-04,0.013943872687594065,21.5,11.82141835797061
giro-d-italia/2000/stage-17,Giro d'Italia,80,,224000,949.0000000000002,2,866,,1,0,0,2000-05-31,0.0042366071428571435,24.0,70.4954523222221
il-lombardia/2009/result,Giro di Lombardia,275,,242000,3789.0,2,865,,0,0,0,2009-10-17,0.01565702479338843,173.0,290.72610784250963
giro-d-italia/1997/stage-16,Giro d'Italia,80,,158000,1776.0940737027609,,792,,1,0,0,1997-06-02,0.011241101732295955,0.0,0.0
tour-de-suisse/1975/prologue,Tour de Suisse,50,,3700,59.55376179674886,,549,,1,0,0,1975-06-12,0.01609561129641861,18.0,8.499299691038976
san-sebastian/1996/result,Clasica Ciclista San Sebastian,225,,234000,3354.4578734970373,2,1309,,0,0,0,1996-08-10,0.014335290057679646,208.0,253.9996850391749
paris-nice/1975/stage-2,Paris - Nice,50,,209000,2223.858033770748,,951,,1,0,0,1975-03-11,0.010640469061104057,0.0,0.0
giro-d-italia/2006/stage-17,Giro d'Italia,80,,210000,3033.0,4,997,,1,0,0,2006-05-25,0.014442857142857143,163.0,199.8508322427501
dauphine/2005/stage-7,Critérium du Dauphiné Libéré,30,,128000,2720.698425431025,,933,,1,0,0,2005-06-12,0.021255456448679884,338.0,332.4760301595149
tour-de-france/2011/stage-9,Tour de France,100,20,208000,3975.0,2,1713,,1,0,0,2011-07-10,0.019110576923076925,482.0,406.34214998833545
tour-de-suisse/2022/stage-2,Tour de Suisse,50,60,198000,2746.0,2,767,23,1,0,0,2022-06-13,0.013868686868686869,48.0,222.25546993266286
tour-de-romandie/1999/stage-4,Tour de Romandie,50,,156800,3156.5052141825017,,893,,1,0,0,1999-05-08,0.020130773049633302,894.0,469.75955544848756
giro-d-italia/1991/stage-14,Giro d'Italia,80,,231000,1688.895976424565,,908,,1,0,0,1991-06-09,0.007311237993179936,115.0,57.45181555974633
tour-de-france/1985/stage-13,Tour de France,100,,31800,746.0,2,1470,,1,0,0,1985-07-11,0.023459119496855346,252.0,82.51188055643728
tour-de-suisse/1974/stage-9a,Tour de Suisse,50,,137000,1289.897959552289,,541,,1,0,0,1974-06-21,0.009415313573374372,3.0,1.224744871391589
vuelta-a-espana/2003/stage-16,Vuelta a España,80,,162000,3368.0,5,935,,1,0,0,2003-09-21,0.020790123456790124,1254.0,571.8559313287254
vuelta-a-espana/2006/stage-16,Vuelta a España,80,,145000,4567.0,5,1026,,1,0,0,2006-09-12,0.03149655172413793,905.0,453.32793914290323
tour-de-suisse/1989/stage-5a,Tour de Suisse,50,,78000,1454.2473918600067,,604,,1,0,0,1989-06-18,0.018644197331538548,0.0,0.0
paris-roubaix/1980/result,Paris - Roubaix,275,,264000,1674.2697576090468,,472,,0,0,0,1980-04-13,0.006341930900034268,638.0,758.1458508643279
vuelta-a-espana/2002/stage-19,Vuelta a España,80,,177800,3005.0,2,1084,,1,0,0,2002-09-26,0.016901012373453317,797.5,536.1743678624688
vuelta-a-espana/1986/stage-6,Vuelta a España,80,,191000,4000.0,,843,,1,0,0,1986-04-28,0.020942408376963352,35.5,29.733071747728246
tour-de-suisse/2003/stage-3,Tour de Suisse,50,,205000,2800.938478585599,,660,,1,0,0,2003-06-19,0.01366311452968585,617.0,361.2040358965564
tour-de-france/2011/stage-11,Tour de France,100,20,168500,1695.0,2,1713,,1,0,0,2011-07-13,0.010059347181008902,0.0,129.75111484633516
vuelta-a-espana/2015/stage-16,Vuelta a España,80,16,185000,5207.0,5,1115,,1,0,0,2015-09-07,0.028145945945945945,1745.0,512.6460875681594
liege-bastogne-liege/2009/result,Liège - Bastogne - Liège,275,,261000,4084.073062149677,,1179,,0,0,0,2009-04-26,0.01564778951015202,200.0,292.90446831131555
tour-de-france/2011/stage-10,Tour de France,100,20,161000,1933.0,2,1713,,1,0,0,2011-07-12,0.012006211180124224,333.0,182.64261278948064
amstel-gold-race/2023/result,Amstel Gold Race,225,500,253600,3290.0,2,770,,0,0,0,2023-04-16,0.012973186119873817,377.0,208.90082417356916
giro-d-italia/1995/stage-2,Giro d'Italia,80,,19000,258.0,,1365,,1,0,0,1995-05-14,0.013578947368421053,82.0,28.985295727679794
tour-de-france/1993/stage-1,Tour de France,100,,215000,1859.0,1,1804,,1,0,0,1993-07-04,0.008646511627906977,0.0,0.0
paris-nice/2002/stage-2,Paris - Nice,50,,170000,2077.4430687328377,,883,,1,0,0,2002-03-12,0.01222025334548728,0.0,178.9254310102488
dauphine/2022/stage-8,Critérium du Dauphiné,50,60,138800,3782.0,5,789,26,1,0,0,2022-06-12,0.027247838616714697,900.0,467.81098788623666
paris-nice/1999/stage-1,Paris - Nice,50,,184700,2742.0489765520497,,792,,1,0,0,1999-03-08,0.014845960890915267,112.0,429.5954432989551
tour-de-france/1986/stage-6,Tour de France,100,,200000,1857.0,3,1872,,1,0,0,1986-07-09,0.009285,56.0,8.416965114339927
vuelta-a-espana/1994/stage-4,Vuelta a España,80,,235600,894.0,,791,,1,0,0,1994-04-28,0.003794567062818336,0.0,130.90558650971724
paris-nice/2014/stage-8,Paris - Nice,50,6,128000,2406.0,2,971,,1,0,0,2014-03-16,0.018796875,452.0,337.5869376424746
itzulia-basque-country/2007/stage-1,Vuelta al País Vasco,50,,139000,2623.111424050317,,1002,,1,0,0,2007-04-09,0.018871305208995087,432.0,344.3149741276673
vuelta-a-espana/1980/stage-13,Vuelta a España,80,,195000,2736.7082510923433,,520,,1,0,0,1980-05-05,0.014034401287653042,278.5,219.11376028695673
vuelta-a-espana/2016/stage-21,Vuelta a España,80,100,104100,847.0,1,821,,1,0,0,2016-09-11,0.00813640730067243,25.0,53.744746078778405
tour-de-suisse/1982/stage-1,Tour de Suisse,50,,184000,1197.8124903649348,,657,,1,0,0,1982-06-17,0.006509850491113776,0.0,0.0
paris-nice/1998/stage-1,Paris - Nice,50,,170200,2008.2000247061353,,960,,1,0,0,1998-03-09,0.011799060074654144,45.0,190.32413973445856
e3-harelbeke/1987/result,E3-Prijs Harelbeke,125,,225000,1691.3057622601848,,232,,0,0,0,1987-03-28,0.007516914498934155,150.0,44.76552670250156
paris-nice/1976/stage-5,Paris - Nice,50,,188000,2239.333414063781,,779,,1,0,0,1976-03-12,0.011911347947147773,22.0,4.919349550499537
giro-d-italia/2017/stage-10,Giro d'Italia,80,100,39800,505.0,2,881,,1,0,0,2017-05-16,0.012688442211055277,394.0,146.87236255149895
giro-d-italia/2013/stage-7,Giro d'Italia,80,16,177000,3115.0,2,930,,1,0,0,2013-05-10,0.017598870056497174,667.0,474.75634431536776
paris-nice/1997/stage-5,Paris - Nice,50,,182000,2464.2929390530703,,779,,1,0,0,1997-03-14,0.013540071093698189,78.0,326.1697118478603
itzulia-basque-country/2006/stage-5,Vuelta al País Vasco,50,,178000,2620.311954803691,,842,,1,0,0,2006-04-07,0.014720853678672423,216.0,295.53043518928325
amstel-gold-race/2014/result,Amstel Gold Race,225,,251400,3495.0,2,1140,,0,0,0,2014-04-20,0.013902147971360381,136.0,301.3921612109339
tour-de-suisse/1980/stage-1,Tour de Suisse,50,,202500,2451.0285768123404,,477,,1,0,0,1980-06-11,0.012103844823764644,0.0,0.0
giro-d-italia/1991/stage-8,Giro d'Italia,80,,163000,2069.546527607116,,908,,1,0,0,1991-06-03,0.012696604463847337,2.0,0.8432740427115678
tour-de-suisse/1985/stage-2,Tour de Suisse,50,,146500,1304.3933142032256,,699,,1,0,0,1985-06-12,0.008903708629373553,59.0,19.32873508535931
dwars-door-vlaanderen/1997/result,Dwars door België / À travers la Belgique,75,,203000,4223.236313652027,,191,,0,0,0,1997-03-24,0.02080411977168486,125.0,91.48998123656308
dauphine/2017/stage-1,Critérium du Dauphiné,50,60,170000,3011.0,2,1024,,1,0,0,2017-06-04,0.017711764705882354,347.0,335.55881990074687
giro-d-italia/1995/stage-18,Giro d'Italia,80,,221000,1054.937817949017,,1365,,1,0,0,1995-05-31,0.004773474289362068,71.0,29.936228516260655
tour-de-france/2012/stage-19,Tour de France,100,20,53500,249.0,1,1703,,1,0,0,2012-07-21,0.004654205607476636,391.0,131.73303499356578
tour-de-france/2010/stage-4,Tour de France,100,20,153500,1107.0,1,1685,,1,0,0,2010-07-07,0.007211726384364821,0.0,30.82289731392738
dauphine/1991/stage-1,Critérium du Dauphiné Libéré,50,,153000,1862.505400460639,,830,,1,0,0,1991-06-04,0.012173237911507444,1.0,0.5477225575051661
e3-harelbeke/1977/result,E3-Prijs Harelbeke,125,,233000,1313.2016754317497,,492,,0,0,0,1977-03-26,0.0056360586928401275,128.0,25.102865297687554
giro-d-italia/1990/stage-4b,Giro d'Italia,80,,164000,1501.64311021453,,1061,,1,0,0,1990-05-21,0.009156360428137379,1.0,0.4216370213557839
dauphine/2009/stage-6,Critérium du Dauphiné Libéré,50,,106000,2573.804951020424,,708,,1,0,0,2009-06-12,0.024281178783211548,436.0,372.84530570441086
tour-de-france/2001/stage-14,Tour de France,100,,141500,5174.0,5,1496,,1,0,0,2001-07-22,0.036565371024734984,1302.0,589.8874486876335
giro-d-italia/2018/stage-20,Giro d'Italia,80,100,214000,4254.0,5,838,,1,0,0,2018-05-26,0.019878504672897195,2732.0,925.1443660001582
giro-d-italia/2020/stage-15,Giro d'Italia,80,100,185000,4515.0,5,765,,1,0,0,2020-10-18,0.024405405405405405,1567.0,912.6631673288407
itzulia-basque-country/2015/stage-2,Vuelta Ciclista al País Vasco,50,6,175400,3064.0,2,970,,1,0,0,2015-04-07,0.017468643101482325,0.0,188.75644799533342
tour-de-france/1999/stage-7,Tour de France,100,,227000,2347.0,1,1255,,1,0,0,1999-07-10,0.01033920704845815,0.0,4.811234799463284
tour-de-suisse/2011/stage-3,Tour de Suisse,50,6,107600,2709.0602403238063,,972,,1,0,0,2011-06-13,0.025177139779961024,855.0,445.3288394336308
tour-de-suisse/1982/stage-4b,Tour de Suisse,50,,7000,30.794500849360247,,657,,1,0,0,1982-06-20,0.004399214407051464,18.0,10.856385729657505
tour-de-france/1999/stage-14,Tour de France,100,,189000,2514.0,1,1255,,1,0,0,1999-07-18,0.013301587301587302,807.0,159.53166279732244
tirreno-adriatico/2008/stage-5,Tirreno-Adriatico,50,,26000,264.2588690409566,1,1136,,1,0,0,2008-03-16,0.010163802655421408,234.0,88.19442847634697
tour-de-suisse/2012/stage-8,Tour de Suisse,50,6,215800,4434.0,,917,,1,0,0,2012-06-17,0.020546802594995365,1028.0,545.630005861759
dauphine/2003/stage-2,Critérium du Dauphiné Libéré,50,,195000,1401.8400793989726,,572,,1,0,0,2003-06-10,0.007188923484097296,0.0,83.39736586632705
itzulia-basque-country/2001/stage-5a,Vuelta al País Vasco,50,,105000,1613.9243171045055,,898,,1,0,0,2001-04-13,0.01537070778194767,0.0,0.0
tour-de-suisse/1991/stage-1,Tour de Suisse,50,,190000,2306.233150416083,,796,,1,0,0,1991-06-19,0.012138069212716226,3.0,1.224744871391589
tour-de-suisse/2001/stage-8,Tour de Suisse,50,402,166800,2789.6726297808004,,873,,1,0,0,2001-06-27,0.01672465605384173,0.0,13.184780247440324
tour-de-france/2013/stage-20,Tour de France,100,20,125000,3909.0,5,1690,,1,0,0,2013-07-20,0.031272,1106.0,475.8201459713717
tour-de-suisse/2017/stage-3,Tour de Suisse,50,60,159300,1618.0,3,855,,1,0,0,2017-06-12,0.010156936597614564,74.0,127.50369763567662
tour-de-romandie/1997/stage-1,Tour de Romandie,50,,167800,2119.9703945945057,,922,,1,0,0,1997-05-07,0.01263391176754771,8.0,2.8081514000698546
il-lombardia/2004/result,Giro di Lombardia,275,,246000,4417.0,,872,,0,0,0,2004-10-16,0.017955284552845528,100.0,243.39436729880765
paris-nice/2009/stage-2,Paris - Nice,30,,195500,2828.023909224659,1,796,,1,0,0,2009-03-09,0.014465595443604392,0.0,104.90654248215886
vuelta-a-espana/1995/stage-1,Vuelta a España,80,,186600,1251.0,,883,,1,0,0,1995-09-03,0.006704180064308681,0.0,0.0
dauphine/1993/stage-2,Critérium du Dauphiné Libéré,50,,162000,2498.8799848571302,,386,,1,0,0,1993-06-02,0.01542518509171068,8.0,8.508818954473059
tirreno-adriatico/1991/stage-3,Tirreno-Adriatico,50,,169200,1912.4642312702176,,710,,1,0,0,1991-03-15,0.011302980090249513,0.0,0.0
tour-de-romandie/1999/stage-3b,Tour de Romandie,50,,18500,343.61784821013134,,893,,1,0,0,1999-05-07,0.01857393774108818,145.0,60.1384333941583
tour-de-france/2007/stage-8,Tour de France,100,,165000,4933.0,5,1612,,1,0,0,2007-07-15,0.029896969696969696,1751.0,809.292081792004
giro-d-italia/1992/stage-5,Giro d'Italia,80,,223000,893.1035271525775,,953,,1,0,0,1992-05-29,0.004004948552253711,8.0,3.3730961708462712
dauphine/2017/stage-5,Critérium du Dauphiné,50,60,175000,2319.0,2,1024,,1,0,0,2017-06-08,0.013251428571428572,0.0,74.95660567671578
paris-nice/1991/stage-7,Paris - Nice,50,,12000,235.41927617878173,,832,,1,0,0,1991-03-17,0.019618273014898477,224.0,118.32700059482383
dauphine/1984/prologue,Critérium du Dauphiné Libéré,50,,3300,58.12756965091103,,529,,1,0,0,1984-05-28,0.017614415045730615,9.0,3.2949456242351958
tirreno-adriatico/2014/stage-3,Tirreno-Adriatico,50,6,210000,1950.0,3,1269,,1,0,0,2014-03-14,0.009285714285714286,39.0,119.0460728552618
vuelta-a-espana/2016/stage-8,Vuelta a España,80,100,181500,1279.0,5,821,,1,0,0,2016-08-27,0.007046831955922865,735.0,285.81388913269535
tour-de-france/1994/stage-17,Tour de France,100,,149000,5500.0,5,1731,,1,0,0,1994-07-20,0.03691275167785235,1554.0,538.1054299245508
vuelta-a-espana/1990/stage-6,Vuelta a España,80,,195200,3500.0,,807,,1,0,0,1990-04-29,0.017930327868852458,65.0,20.362274485484726
tirreno-adriatico/2009/stage-2,Tirreno-Adriatico,50,,177000,1619.0,1,1206,,1,0,0,2009-03-12,0.009146892655367231,128.0,227.10048187086565
volta-a-catalunya/2019/stage-3,Volta Ciclista a Catalunya,50,50,179000,3899.0,5,918,,1,0,0,2019-03-27,0.021782122905027932,663.0,570.831308693237
dauphine/1975/stage-6,Critérium du Dauphiné Libéré,50,,185000,2593.155791511662,,889,,1,0,0,1975-06-08,0.01401705833249547,119.0,178.74147574504119
tour-de-suisse/1984/stage-1,Tour de Suisse,50,,186500,1182.110077441273,,646,,1,0,0,1984-06-14,0.006338391836146236,0.0,7.601900347208511
dauphine/1994/stage-7,Critérium du Dauphiné Libéré,50,,157000,2689.0595694033764,,362,,1,0,0,1994-06-06,0.01712776795798329,118.0,37.31487638998687
la-fleche-wallone/1971/result,La Flèche Wallonne,225,,225000,3194.863049150969,,661,,0,0,0,1971-04-22,0.014199391329559862,1385.0,460.32456047922545
dauphine/2018/stage-5,Critérium du Dauphiné,50,60,130000,2635.0,5,762,,1,0,0,2018-06-08,0.02026923076923077,708.0,369.82863368118177
ronde-van-vlaanderen/2008/result,Ronde van Vlaanderen / Tour des Flandres ME,275,,264000,3489.0641084951244,2,964,,0,0,0,2008-04-06,0.013216151926117895,554.0,433.20474362475517
itzulia-basque-country/2018/stage-4,Itzulia Basque Country,50,50,19400,63.0,1,824,,1,0,0,2018-04-05,0.0032474226804123712,123.0,54.58077322069674
tour-de-france/2013/stage-2,Tour de France,100,20,156000,2373.0,4,1690,,1,0,0,2013-06-30,0.015211538461538462,247.0,467.06612553877324
tirreno-adriatico/2020/stage-4,Tirreno-Adriatico,50,60,194000,3285.0,4,687,,1,0,0,2020-09-10,0.01693298969072165,1041.5,515.984496740195
giro-d-italia/2012/stage-16,Giro d'Italia,80,16,173000,2579.0,2,886,,1,0,0,2012-05-22,0.014907514450867052,728.0,181.71602088157655
omloop-het-nieuwsblad/2006/result,Omloop Het Volk,125,,202000,1713.9093881342826,2,542,,0,0,0,2006-02-25,0.008484699941258824,460.0,149.77391266969016
vuelta-a-espana/1983/prologue,Vuelta a España,80,,6800,61.891948543703165,,705,,1,0,0,1983-04-19,0.009101757138779877,28.5,20.450729161385013
amstel-gold-race/2011/result,Amstel Gold Race,225,,261000,3478.2361894262385,,1086,,0,0,0,2011-04-17,0.013326575438414708,259.0,245.2022526793084
tour-de-romandie/1973/stage-4b,Tour de Romandie,50,,27000,518.8465040809194,,352,,1,0,0,1973-05-12,0.0192165371881822,35.0,26.601796096420927
vuelta-a-espana/2002/stage-5,Vuelta a España,80,,198000,4874.0,5,1084,,1,0,0,2002-09-11,0.024616161616161616,964.0,569.8314029681213
tour-de-suisse/1986/stage-5,Tour de Suisse,50,,24000,270.6027851137155,,835,,1,0,0,1986-06-15,0.011275116046404814,99.0,54.048846220597326
tour-de-suisse/1989/stage-4,Tour de Suisse,50,,166500,778.4243189038593,,604,,1,0,0,1989-06-17,0.004675221134557713,28.5,33.942598604113975
tour-de-france/2015/stage-13,Tour de France,100,20,198500,2299.0,2,1812,,1,0,0,2015-07-17,0.011581863979848867,240.0,337.76923458069456
vuelta-a-espana/2017/stage-2,Vuelta a España,80,100,203400,588.0,1,899,,1,0,0,2017-08-20,0.0028908554572271384,13.0,123.64787354469284
tour-de-suisse/2016/stage-3,Tour de Suisse,50,60,192600,2129.0,2,680,,1,0,0,2016-06-13,0.011053997923156802,180.0,284.54800372848973
tour-de-suisse/2010/stage-1,Tour de Suisse,50,6,167500,1388.7491300896418,,1198,,1,0,0,2010-06-13,0.008291039582624726,115.0,226.02734497313378
tour-de-suisse/1971/stage-6,Tour de Suisse,50,,196000,4389.905827862265,,302,,1,0,0,1971-06-16,0.022397478713582986,0.0,0.0
paris-nice/2009/stage-6,Paris - Nice,30,,182500,2286.2012154774247,5,796,,1,0,0,2009-03-13,0.012527129947821505,814.0,415.25219702461675
giro-d-italia/1990/stage-19,Giro d'Italia,80,,39000,260.59425012609427,,1061,,1,0,0,1990-06-05,0.006681903849387032,128.5,43.443711404598716
itzulia-basque-country/2003/stage-4,Vuelta al País Vasco,50,,171000,2026.0338495998856,,910,,1,0,0,2003-04-10,0.011848151167250793,114.0,213.69940871844443
tour-de-france/1982/stage-12,Tour de France,100,,249000,4000.0,4,1492,,1,0,0,1982-07-15,0.01606425702811245,715.0,441.21448697001307
il-lombardia/1998/result,Giro di Lombardia,275,,253000,2664.9391232835715,,502,,0,0,0,1998-10-17,0.01053335621851214,721.0,308.2222988072045
world-championship/2011/result,World Championships ME - Road Race,350,,266000,1925.0,1,1319,,0,0,0,2011-09-25,0.007236842105263158,19.0,251.5235423129659
il-lombardia/2016/result,Il Lombardia,275,500,240000,5236.0,4,1191,,0,0,0,2016-10-01,0.021816666666666668,490.0,371.2929352752497
volta-a-catalunya/1984/stage-7b,Volta Ciclista a Catalunya,50,,116000,2271.6067428821248,,319,,1,0,0,1984-09-12,0.019582816748983833,15.0,4.744341042739714
paris-nice/1983/stage-2,Paris - Nice,50,,212000,2227.980982486576,,658,,1,0,0,1983-03-11,0.010509344257012151,0.0,0.0
world-championship/2017/result,World Championships ME - Road Race,350,600,267500,2787.522632450167,2,1327,,0,0,0,2017-09-24,0.010420645354953895,152.0,227.66082259976076
vuelta-a-espana/2007/stage-17,Vuelta a España,80,,175000,1116.0,1,995,,1,0,0,2007-09-19,0.006377142857142857,0.0,12.892186657863439
tour-de-france/1983/stage-20,Tour de France,100,,291000,3000.0,2,1269,,1,0,0,1983-07-22,0.010309278350515464,561.0,69.5542269823918
giro-d-italia/1998/stage-10,Giro d'Italia,80,,212000,1783.3700049544696,,923,,1,0,0,1998-05-26,0.008412122664879573,0.0,211.21859490275548
vuelta-a-espana/2004/stage-13,Vuelta a España,80,,172000,1804.0,1,1177,,1,0,0,2004-09-17,0.010488372093023255,0.0,7.4860033148943605
tour-de-france/1999/stage-12,Tour de France,100,,197000,4243.0,3,1255,,1,0,0,1999-07-16,0.021538071065989848,801.0,377.01424911667306
e3-harelbeke/1971/result,E3-Prijs Harelbeke,125,,235000,1630.9200513681474,,474,,0,0,0,1971-03-27,0.00694008532497084,48.0,106.20668282704335
itzulia-basque-country/2006/stage-2,Vuelta al País Vasco,50,,155000,2523.2873588793586,,842,,1,0,0,2006-04-04,0.016279273283092636,660.0,412.70297276689
vuelta-a-espana/1992/stage-6,Vuelta a España,80,,202800,727.0,,1033,,1,0,0,1992-05-02,0.0035848126232741616,51.0,16.127616066858735
tour-de-france/1983/stage-10,Tour de France,100,,201000,5500.0,4,1269,,1,0,0,1983-07-11,0.02736318407960199,1479.0,809.0701436403907
tour-de-france/1978/stage-10,Tour de France,100,,192000,3500.0,2,1241,,1,0,0,1978-07-10,0.018229166666666668,319.0,332.48176681098647
volta-a-catalunya/2022/stage-7,Volta Ciclista a Catalunya,50,50,138600,2121.0,2,722,17,1,0,0,2022-03-27,0.015303030303030303,280.0,183.78367516934375
tour-de-suisse/1992/stage-3,Tour de Suisse,50,,166000,468.43827969189624,,533,,1,0,0,1992-06-19,0.0028219173475415435,0.0,0.0
vuelta-a-espana/2019/stage-8,La Vuelta ciclista a España,80,100,166900,2291.0,2,798,,1,0,0,2019-08-31,0.013726782504493709,564.0,284.32977866837126
tour-de-suisse/2001/stage-3,Tour de Suisse,50,,144000,2524.6086721516226,,873,,1,0,0,2001-06-22,0.017532004667719602,466.0,204.3913939482174
tour-de-france/1981/stage-8,Tour de France,100,,182000,1267.0,1,1362,,1,0,0,1981-07-03,0.006961538461538462,0.0,62.576325043411565
vuelta-a-espana/2002/stage-7,Vuelta a España,80,,196800,2014.0,1,1084,,1,0,0,2002-09-13,0.010233739837398373,0.0,91.22551340469013
tirreno-adriatico/2002/stage-6,Tirreno-Adriatico,50,,208000,2961.5319810380133,,1056,,1,0,0,2002-03-19,0.014238134524221218,298.0,406.8120082493459
volta-a-catalunya/1989/stage-6a,Volta Ciclista a Catalunya,50,,122000,1664.4504749083862,,552,,1,0,0,1989-09-07,0.013643036679576937,0.0,0.0
vuelta-a-espana/1996/stage-7,Vuelta a España,80,,171000,2093.0,,988,,1,0,0,1996-09-13,0.012239766081871346,0.0,411.45879900607446
vuelta-a-espana/2005/stage-6,Vuelta a España,80,,217000,3559.0,5,960,,1,0,0,2005-09-01,0.016400921658986174,705.0,491.42946035652824
tour-de-france/2010/stage-19,Tour de France,100,20,52000,167.0,1,1685,,1,0,0,2010-07-24,0.0032115384615384614,450.0,130.50277771324485
dauphine/2008/prologue,Critérium du Dauphiné Libéré,50,,5600,36.01320360256477,,644,,1,0,0,2008-06-08,0.006430929214743709,28.0,9.690949079245945
giro-d-italia/1992/stage-13,Giro d'Italia,80,,205000,2719.9703590069767,,953,,1,0,0,1992-06-06,0.01326814809271696,265.0,85.282862678657
giro-d-italia/1999/stage-21,Giro d'Italia,80,,190000,3452.9394587651286,,1057,,1,0,0,1999-06-05,0.018173365572448044,1530.0,445.6148324904954
tour-de-france/1996/stage-6,Tour de France,100,,207000,1182.0,2,1872,,1,0,0,1996-07-05,0.005710144927536232,227.0,389.5786758638649
milano-sanremo/1992/result,Milano-Sanremo,275,,294000,3225.051284946645,,1723,,0,0,0,1992-03-21,0.010969562193696072,435.0,249.94765476479486
paris-nice/1999/stage-3,Paris - Nice,50,,204800,2585.6730915004746,,792,,1,0,0,1999-03-10,0.012625356892092161,15.0,181.37218555868978
tour-de-france/1981/stage-7,Tour de France,100,,227000,1731.0,1,1362,,1,0,0,1981-07-02,0.007625550660792952,0.0,42.03591786561342
vuelta-a-espana/1991/stage-13,Vuelta a España,80,,219000,1013.0,,1042,,1,0,0,1991-05-11,0.004625570776255708,0.0,0.0
tour-de-france/2013/stage-11,Tour de France,100,20,33000,283.0,1,1690,,1,0,0,2013-07-10,0.008575757575757575,256.0,77.50964323153698
dwars-door-vlaanderen/1978/result,Dwars door België / À travers la Belgique,75,,198000,4209.708671885829,,115,,0,0,0,1978-04-02,0.02126115490851429,0.0,65.82822810142517
tour-de-suisse/2002/stage-2,Tour de Suisse,50,,191000,2409.024934694211,,673,,1,0,0,2002-06-20,0.012612695993163408,0.0,225.10462922202032
giro-d-italia/2022/stage-19,Giro d'Italia,80,100,178000,3489.0,5,817,27,1,0,0,2022-05-27,0.01960112359550562,1460.0,671.5425934775741
tour-de-romandie/2000/stage-3b,Tour de Romandie,50,,24200,188.947181906452,,764,,1,0,0,2000-05-05,0.007807734789522809,162.5,68.43867196788881
paris-nice/1976/prologue,Paris - Nice,50,,6500,76.7610449023955,,779,,1,0,0,1976-03-07,0.011809391523445461,16.0,8.01308453777469
volta-a-catalunya/2003/stage-6,Volta a Catalunya,50,,13100,450.87646129416476,,515,,1,0,0,2003-06-21,0.03441805048047059,170.0,62.747528390443044
tour-de-france/1986/stage-23,Tour de France,100,,246500,2011.0,1,1872,,1,0,0,1986-07-27,0.008158215010141988,0.0,0.0
giro-d-italia/1996/stage-9,Giro d'Italia,80,,184000,2077.482059216249,,1034,,1,0,0,1996-05-27,0.011290663365305702,58.0,278.5898481558733
tour-de-france/2015/stage-19,Tour de France,100,20,138000,4545.0,5,1812,,1,0,0,2015-07-24,0.03293478260869565,1716.0,526.5098407640486
volta-a-catalunya/1999/stage-1,Volta Ciclista a Catalunya,50,,161200,2204.865637198223,,804,,1,0,0,1999-06-18,0.013677826533487735,0.0,181.89144272823324
tour-de-suisse/1978/stage-3,Tour de Suisse,50,,162000,1964.3055044700664,,691,,1,0,0,1978-06-17,0.012125342620185595,0.0,0.0
omloop-het-nieuwsblad/1994/result,Omloop Het Volk,125,,200000,1918.1692252335229,,621,,0,0,0,1994-02-26,0.009590846126167615,550.0,246.0483952693967
giro-d-italia/1993/stage-19,Giro d'Italia,80,,55000,214.68874454884144,,1089,,1,0,0,1993-06-11,0.003903431719069844,235.0,104.6899276548654
il-lombardia/2012/result,Il Lombardia,275,,251000,4576.0,2,1150,,0,0,0,2012-09-29,0.018231075697211156,100.0,283.02137037095395
tour-de-suisse/2008/stage-2,Tour de Suisse,50,,197400,2872.436233700861,,1041,,1,0,0,2008-06-15,0.014551348701625435,573.0,303.2601608972973
tour-de-romandie/2018/stage-5,Tour de Romandie,50,60,181800,1980.0,2,566,,1,0,0,2018-04-29,0.01089108910891089,0.0,4.339731250519169
tour-de-romandie/1988/stage-5b,Tour de Romandie,50,,90000,1821.7269182586015,,439,,1,0,0,1988-05-14,0.02024141020287335,34.0,25.459772190654025
tour-de-suisse/2004/stage-3,Tour de Suisse,50,,185000,1835.354378693187,,676,,1,0,0,2004-06-14,0.009920834479422633,386.0,148.68845934813933
dauphine/2007/stage-5,Critérium du Dauphiné Libéré,50,,195000,2688.8668545979267,,816,,1,0,0,2007-06-15,0.01378906079280988,207.0,375.0479593040079
tour-de-romandie/2001/stage-4,Tour de Romandie,50,,171500,2506.1152288076933,,597,,1,0,0,2001-05-12,0.01461291678605069,411.0,338.09700831684296
itzulia-basque-country/1998/stage-2,Vuelta Ciclista al País Vasco,50,,239000,2733.2214709083537,,982,,1,0,0,1998-04-07,0.011436073100034952,2.0,363.38787816876885
paris-nice/2018/stage-7,Paris - Nice,50,60,175000,4044.0,5,936,,1,0,0,2018-03-10,0.02310857142857143,1082.0,622.3361414171869
tour-de-suisse/2012/prologue,Tour de Suisse,50,6,7300,134.0,,917,,1,0,0,2012-06-09,0.018356164383561645,49.0,19.017320256152466
paris-nice/1987/stage-7b,Paris - Nice,50,,10000,169.87788141042256,,1164,,1,0,0,1987-03-15,0.016987788141042254,139.5,49.65323431722167
uae-tour/2020/stage-2,UAE Tour,50,40,168000,2770.0,2,747,,1,0,0,2020-02-24,0.01648809523809524,73.0,144.77451890594307
uae-tour/2019/stage-5,UAE Tour,50,40,181000,1223.0,2,751,,1,0,0,2019-02-28,0.006756906077348066,0.0,44.62120406098262
paris-roubaix/1970/result,Paris - Roubaix,275,,266000,1324.6934980595618,,661,,0,0,0,1970-04-12,0.004980050744584819,791.0,366.40028743837064
paris-nice/1995/stage-8a,Paris - Nice,50,,91400,1610.9462780180609,,861,,1,0,0,1995-03-12,0.017625232801072876,0.0,0.0
paris-nice/2013/stage-3,Paris - Nice,50,6,170500,1658.0,1,917,,1,0,0,2013-03-06,0.00972434017595308,178.0,227.38627320350565
paris-nice/2021/stage-2,Paris - Nice,50,60,188000,1057.0,1,1044,,1,0,0,2021-03-08,0.005622340425531915,0.0,49.213116316791634
tour-de-suisse/1980/stage-10b,Tour de Suisse,50,,85000,1670.1671595217588,,477,,1,0,0,1980-06-20,0.01964902540613834,0.0,0.0
world-championship/1999/result,World Championships - Road Race,350,,260000,3857.0,,1355,,0,0,0,1999-10-10,0.014834615384615385,86.0,344.3488457233746
tour-de-suisse/1986/stage-7,Tour de Suisse,50,,142000,1238.9892124989992,,835,,1,0,0,1986-06-17,0.00872527614435915,0.0,34.15259872981849
giro-d-italia/2006/stage-5,Giro d'Italia,80,,227000,329.0,1,997,,1,0,0,2006-05-12,0.0014493392070484582,0.0,21.45627180432175
paris-nice/1970/stage-7b,Paris - Nice,50,,78000,805.4833754639023,,1121,,1,0,0,1970-03-15,0.010326709941844902,0.0,0.0
tour-de-suisse/1990/stage-7,Tour de Suisse,50,,194500,2348.222287615176,,767,,1,0,0,1990-06-18,0.012073122301363372,0.0,40.00833246545858
vuelta-a-espana/2001/stage-16,Vuelta a España,80,,153300,1118.0,2,971,,1,0,0,2001-09-25,0.007292889758643183,332.0,259.1334729935458
tour-de-france/2000/stage-13,Tour de France,100,,185500,2270.0,1,1437,,1,0,0,2000-07-14,0.012237196765498653,606.0,135.69884997528666
tour-de-suisse/2017/stage-5,Tour de Suisse,50,60,222000,3399.0,4,855,,1,0,0,2017-06-14,0.01531081081081081,22.0,357.6742417520532
vuelta-a-espana/1996/stage-19,Vuelta a España,80,,217100,3307.0,,988,,1,0,0,1996-09-26,0.015232611699677568,1639.0,749.0387984844944
e3-harelbeke/1990/result,E3-Prijs Harelbeke,125,,201000,1591.6608499853587,,445,,0,0,0,1990-03-24,0.007918710696444571,146.0,60.248858063528345
san-sebastian/1995/result,Clasica Ciclista San Sebastian,225,,234000,3352.4509986134276,2,1346,,0,0,0,1995-08-12,0.014326713669288152,341.0,261.9959018078385
giro-d-italia/2001/stage-3,Giro d'Italia,80,,149000,1965.0,2,920,,1,0,0,2001-05-22,0.013187919463087248,0.0,139.17104487228985
tour-de-france/1979/stage-10,Tour de France,100,,124000,1131.0,2,1381,,1,0,0,1979-07-07,0.009120967741935484,573.0,108.63008895149119
tour-de-romandie/1984/prologue,Tour de Romandie,50,,6250,73.3904658801057,,491,,1,0,0,1984-05-08,0.011742474540816911,12.0,3.9051248379533274
world-championship/2000/result,World Championships ME - Road Race,350,,268900,3351.0,,1306,,0,0,0,2000-10-15,0.012461881740423949,500.0,351.5543955553944
tour-de-suisse/2018/stage-9,Tour de Suisse,50,60,34000,252.0,1,956,,1,0,0,2018-06-17,0.007411764705882353,182.0,110.77424929363924
la-fleche-wallone/2006/result,La Flèche Wallonne,225,,202000,2862.3181733081065,3,1098,,0,0,0,2006-04-19,0.014169891947069834,147.0,241.60077846349836
giro-d-italia/2001/stage-19,Giro d'Italia,80,,163000,518.0,1,920,,1,0,0,2001-06-08,0.0031779141104294477,21.0,36.37902047470613
dauphine/2023/stage-3,Critérium du Dauphiné,50,60,194100,2089.0,2,781,24,1,0,0,2023-06-06,0.010762493560020608,0.0,39.776753037671874
paris-nice/1999/stage-6,Paris - Nice,50,,198700,3684.6032628060666,,792,,1,0,0,1999-03-13,0.018543549385033047,748.0,655.9267967225462
tour-de-france/1997/stage-10,Tour de France,100,,252500,6000.0,5,1994,,1,0,0,1997-07-15,0.023762376237623763,2208.0,898.8854894894154
tour-de-france/2003/stage-15,Tour de France,70,,159500,4500.0,5,1688,,1,0,0,2003-07-21,0.02821316614420063,1517.5,703.5496589721446
giro-d-italia/2016/stage-4,Giro d'Italia,80,100,200000,2418.0,2,933,,1,0,0,2016-05-10,0.01209,318.0,334.5933614251012
dwars-door-vlaanderen/2017/result,Dwars door Vlaanderen / A travers la Flandre ME,225,300,203400,1432.0,2,656,,0,0,0,2017-03-22,0.00704031465093412,122.0,162.46054808262375
giro-d-italia/2002/stage-20,Giro d'Italia,80,,142000,418.9999999999998,1,920,,1,0,0,2002-06-02,0.0029507042253521113,17.0,24.787114147258634
liege-bastogne-liege/1984/result,Liège - Bastogne - Liège,275,,246700,1815.2400054472546,,742,,0,0,0,1984-04-15,0.007358086767114936,682.0,298.01844114894925
tour-de-suisse/2010/stage-6,Tour de Suisse,50,6,204100,1549.8116649615722,,1198,,1,0,0,2010-06-18,0.007593393752873945,300.0,53.91511803538442
uae-tour/2019/stage-6,UAE Tour,50,40,180000,1827.0,5,751,,1,0,0,2019-03-01,0.01015,589.0,478.96617664422615
tour-de-romandie/2000/stage-1,Tour de Romandie,50,,224300,3405.5092869339855,,764,,1,0,0,2000-05-03,0.01518283230911273,0.0,0.0
vuelta-a-espana/2005/stage-3,Vuelta a España,80,,153300,2029.0,1,960,,1,0,0,2005-08-29,0.013235485975212003,0.0,63.375043673030035
uae-tour/2022/stage-6,UAE Tour,50,40,180000,388.0,1,621,,1,0,0,2022-02-25,0.0021555555555555555,15.0,63.083531923949856
dauphine/2012/stage-4,Critérium du Dauphiné,50,6,53500,399.0000000000002,,1117,,1,0,0,2012-06-07,0.007457943925233649,377.0,160.56545176283336
tour-de-france/1986/stage-4,Tour de France,100,,243000,2270.0,1,1872,,1,0,0,1986-07-07,0.00934156378600823,2.0,46.00271515622362
tirreno-adriatico/1988/stage-6b,Tirreno-Adriatico,50,,18300,200.98667613040607,,724,,1,0,0,1988-03-16,0.01098287847707137,28.0,14.089469752078566
giro-d-italia/2011/stage-20,Giro d'Italia,80,16,242000,3512.0,5,891,,1,0,0,2011-05-28,0.014512396694214877,1970.0,871.9778783326674
tour-de-suisse/2022/stage-7,Tour de Suisse,50,60,194600,3881.0,5,767,28,1,0,0,2022-06-18,0.019943473792394657,771.0,572.2118216422659
tour-de-france/1978/stage-15,Tour de France,100,,196000,4761.0,4,1241,,1,0,0,1978-07-15,0.02429081632653061,235.0,267.1516362058124
paris-nice/2019/stage-8,Paris - Nice,50,60,110000,2165.0,4,1099,,1,0,0,2019-03-17,0.019681818181818182,722.0,382.15721007910287
giro-d-italia/2005/stage-3,Giro d'Italia,80,,210000,2462.0,2,929,,1,0,0,2005-05-10,0.011723809523809524,62.0,173.16831229523532
vuelta-a-espana/1995/stage-15,Vuelta a España,80,,154000,3099.0,,883,,1,0,0,1995-09-17,0.020123376623376623,24.0,10.144469252270243
tour-de-romandie/1999/stage-1,Tour de Romandie,50,,165400,2501.380569799787,,893,,1,0,0,1999-05-05,0.015123219889962436,351.0,305.8775450695979
paris-nice/2011/stage-3,Paris - Nice,50,6,202500,1954.0,1,1038,,1,0,0,2011-03-08,0.009649382716049383,0.0,116.20945913274366
tour-de-romandie/2006/stage-5,Tour de Romandie,50,,20400,216.7749056184698,,772,,1,0,0,2006-04-30,0.01062622086365048,140.0,60.521984801043196
vuelta-a-espana/2006/stage-7,Vuelta a España,80,,154000,2583.0,5,1026,,1,0,0,2006-09-01,0.016772727272727272,982.0,496.89340943885435
tirreno-adriatico/2018/stage-4,Tirreno-Adriatico,50,60,219000,4704.0,5,1196,,1,0,0,2018-03-10,0.02147945205479452,846.0,455.63128801565006
tour-de-france/1980/stage-21,Tour de France,100,,207000,1648.0,1,1224,,1,0,0,1980-07-19,0.00796135265700483,0.0,23.597001661121226
vuelta-a-espana/1988/stage-1,Vuelta a España,80,,17400,297.0,,828,,1,0,0,1988-04-25,0.01706896551724138,0.0,0.0
tour-de-suisse/1983/stage-8,Tour de Suisse,50,,206500,2823.2077674934067,,809,,1,0,0,1983-06-22,0.013671708317159354,0.0,0.0
tour-de-france/1999/stage-2,Tour de France,100,,176000,935.9999999999998,1,1255,,1,0,0,1999-07-05,0.0053181818181818165,363.0,436.64488329635276
tour-de-suisse/1989/stage-7,Tour de Suisse,50,,208500,2298.423638514101,,604,,1,0,0,1989-06-20,0.011023614573209118,18.0,8.252272414311102
milano-sanremo/2014/result,Milano-Sanremo,275,,294000,2201.0,1,1130,,0,0,0,2014-03-23,0.007486394557823129,329.0,342.69357659553316
tour-de-france/1986/stage-8,Tour de France,100,,204000,1991.0,1,1872,,1,0,0,1986-07-11,0.009759803921568628,0.0,9.501028935881203
giro-d-italia/2001/stage-21,Giro d'Italia,80,,121000,219.0,1,920,,1,0,0,2001-06-10,0.0018099173553719008,9.0,36.77187520511046
tour-de-suisse/2001/stage-2,Tour de Suisse,50,,162700,2177.1630668836237,,873,,1,0,0,2001-06-21,0.013381457079801007,173.0,64.00262218488983
vuelta-a-espana/2001/stage-21,Vuelta a España,80,,38000,414.0,1,971,,1,0,0,2001-09-30,0.010894736842105263,302.0,95.01219705599239
vuelta-a-espana/2013/stage-8,Vuelta a España,80,16,166600,2680.0,5,1128,,1,0,0,2013-08-31,0.016086434573829533,805.0,436.4995742783421
tirreno-adriatico/1998/stage-7,Tirreno-Adriatico,50,,164000,1198.5581930527524,,769,,1,0,0,1998-03-17,0.007308281664955807,0.0,59.9924726461041
vuelta-a-espana/1983/stage-17,Vuelta a España,80,,216000,3958.137193770027,,705,,1,0,0,1983-05-06,0.01832470923041679,1260.0,505.5793657104145
tirreno-adriatico/2016/stage-3,Tirreno-Adriatico,50,60,176000,1946.0,2,1133,,1,0,0,2016-03-11,0.011056818181818182,0.0,41.19286819122926
tour-de-france/1983/prologue,Tour de France,100,,5000,154.0,1,1269,,1,0,0,1983-07-01,0.0308,29.5,13.230230651173382
tour-de-suisse/2006/stage-6,Tour de Suisse,50,,212200,3846.628221349648,,972,,1,0,0,2006-06-15,0.018127371448396077,1061.5,626.0855970046049
tour-de-france/1987/stage-10,Tour de France,100,,87500,808.0,1,1812,,1,0,0,1987-07-10,0.009234285714285714,619.0,283.1630621129051
vuelta-a-espana/1996/stage-4,Vuelta a España,80,,166500,917.0,,988,,1,0,0,1996-09-10,0.005507507507507507,37.0,26.335612833409783
vuelta-a-espana/2002/stage-11,Vuelta a España,80,,166100,2609.0,4,1084,,1,0,0,2002-09-18,0.015707405177603852,694.0,370.56412654870115
paris-nice/1990/prologue,Paris - Nice,50,,7900,66.6136591722011,,995,,1,0,0,1990-03-04,0.008432108755974822,31.0,9.03652452606665
e3-harelbeke/2005/result,E3 Prijs Vlaanderen,125,,200000,1414.8898781510334,2,560,,0,0,0,2005-03-26,0.007074449390755167,170.0,56.6090755940558
san-sebastian/2005/result,Clasica Ciclista San Sebastian,225,,227000,3834.520118462281,2,972,,0,0,0,2005-08-13,0.01689215911216864,235.0,259.0032093369863
tour-de-france/2002/stage-11,Tour de France,70,,158000,4000.0,5,1489,,1,0,0,2002-07-18,0.02531645569620253,1219.0,622.701616284095
vuelta-a-espana/2002/stage-16,Vuelta a España,80,,154700,2373.0,2,1084,,1,0,0,2002-09-23,0.015339366515837104,538.0,284.33206728870334
giro-d-italia/2008/stage-5,Giro d'Italia,80,,203000,2835.0,3,1058,,1,0,0,2008-05-14,0.01396551724137931,183.0,334.8954724558939
vuelta-a-espana/1999/stage-2,Vuelta a España,80,,206000,1735.0,,1342,,1,0,0,1999-09-06,0.008422330097087379,0.0,100.29025824706746
strade-bianche/2009/result,Monte Paschi Eroica,75,,190000,2752.847837261344,3,460,,0,0,0,2009-03-07,0.014488672827691285,308.0,297.7688311420236
il-lombardia/2005/result,Giro di Lombardia,275,,246000,3895.0,,959,,0,0,0,2005-10-15,0.015833333333333335,395.0,226.31990880962178
volta-a-catalunya/2010/stage-5,Volta Ciclista a Catalunya,50,6,181200,2796.0262641477857,,722,,1,0,0,2010-03-26,0.015430608521786897,262.0,383.6111237963707
tirreno-adriatico/2007/stage-6,Tirreno-Adriatico,50,,164000,2988.779693193574,5,1148,,1,0,0,2007-03-19,0.018224266421912036,640.0,343.9422331065411
vuelta-a-espana/1988/stage-6,Vuelta a España,80,,202000,818.0,,828,,1,0,0,1988-04-30,0.00404950495049505,0.0,0.0
giro-d-italia/1998/stage-4,Giro d'Italia,80,,239000,2695.1820268905926,,923,,1,0,0,1998-05-20,0.011276912246404154,118.0,293.56979367394723
tour-de-france/1989/stage-13,Tour de France,100,,179000,1451.0,2,1849,,1,0,0,1989-07-14,0.008106145251396649,155.0,233.9522561299705
omloop-het-nieuwsblad/1977/result,Omloop Het Volk,125,,201000,1772.2532609690159,,595,,0,0,0,1977-03-05,0.008817180402830924,64.0,242.75551422584715
vuelta-a-espana/1990/stage-13,Vuelta a España,80,,193300,2000.0,,807,,1,0,0,1990-05-06,0.010346611484738748,180.0,57.03420026615609
tour-de-france/1986/stage-19,Tour de France,100,,179500,3000.0,4,1872,,1,0,0,1986-07-23,0.016713091922005572,450.0,277.76122172883726
vuelta-a-espana/2010/stage-9,Vuelta a España,80,16,187000,4329.0,2,1123,,1,0,0,2010-09-05,0.023149732620320856,886.0,495.19466447960383
tour-de-france/1980/stage-12,Tour de France,100,,193500,2746.0,2,1224,,1,0,0,1980-07-09,0.014191214470284238,85.0,11.264623870692132
dauphine/2013/stage-8,Critérium du Dauphiné,50,6,152000,3449.0,5,985,,1,0,0,2013-06-09,0.02269078947368421,809.0,528.0160804694891
volta-a-catalunya/2006/stage-3,Volta Ciclista a Catalunya,50,,176700,2130.8223328534464,1,882,,1,0,0,2006-05-17,0.01205898320799913,0.0,145.78292571953395
tour-de-romandie/1998/stage-4b,Tour de Romandie,50,,17600,246.1807577586851,,857,,1,0,0,1998-05-09,0.013987543054470744,138.0,58.495298145947686
tour-de-romandie/2013/stage-3,Tour de Romandie,50,6,181000,2075.0,2,956,,1,0,0,2013-04-26,0.011464088397790055,0.0,432.1348276975163
paris-nice/2019/stage-4,Paris - Nice,50,60,212000,2969.0,2,1099,,1,0,0,2019-03-13,0.014004716981132075,744.0,540.2019758057725
vuelta-a-espana/2016/stage-10,Vuelta a España,80,100,188700,3899.0,5,821,,1,0,0,2016-08-29,0.020662427133015367,977.0,551.0739160838688
vuelta-a-espana/2010/stage-7,Vuelta a España,80,16,187100,1161.0,1,1123,,1,0,0,2010-09-03,0.006205237840726884,0.0,40.890741509430214
giro-d-italia/2001/stage-13,Giro d'Italia,80,,225000,5906.0,5,920,,1,0,0,2001-06-01,0.026248888888888888,1234.0,627.407720170001
dwars-door-vlaanderen/2013/result,Dwars door Vlaanderen,125,,199700,1663.2226649375455,2,378,,0,0,0,2013-03-20,0.008328606234038785,141.0,75.2741022941521
volta-a-catalunya/1981/stage-6,Volta Ciclista a Catalunya,50,,183300,3653.19193396568,,388,,1,0,0,1981-09-09,0.01993012511710682,501.0,220.92023447389332
vuelta-a-espana/2006/stage-11,Vuelta a España,80,,173600,3158.0,2,1026,,1,0,0,2006-09-06,0.018191244239631338,904.0,199.46638633853013
tour-de-suisse/1971/stage-8a,Tour de Suisse,50,,110000,2237.9147156387467,,302,,1,0,0,1971-06-18,0.020344679233079515,0.0,0.0
tirreno-adriatico/2005/stage-1,Tirreno-Adriatico,50,,160000,1564.829811988579,,1040,,1,0,0,2005-03-09,0.009780186324928618,0.0,146.50857453714323
vuelta-a-espana/1987/stage-6,Vuelta a España,80,,220000,4500.0,,838,,1,0,0,1987-04-29,0.020454545454545454,140.5,46.432268473073286
tour-de-france/2019/stage-13,Tour de France,100,120,27200,391.0,1,1699,,1,0,0,2019-07-19,0.014375,232.0,93.9953699068843
vuelta-a-espana/1995/stage-19,Vuelta a España,80,,227700,1955.0,,883,,1,0,0,1995-09-22,0.008585858585858586,0.0,0.0
giro-d-italia/2017/stage-2,Giro d'Italia,80,100,221000,3518.0,2,881,,1,0,0,2017-05-06,0.015918552036199095,0.0,169.27073244288258
giro-d-italia/2010/stage-6,Giro d'Italia,80,16,172000,2420.0,2,878,,1,0,0,2010-05-14,0.014069767441860465,251.0,342.44696344816543
volta-a-catalunya/2007/stage-7,Volta Ciclista a Catalunya,50,,119300,1789.4026798212394,3,816,,1,0,0,2007-05-27,0.014999184239909803,28.0,172.473308464244
paris-nice/1996/stage-3,Paris - Nice,50,,172500,2767.6311768094247,,766,,1,0,0,1996-03-12,0.016044238706141592,82.0,146.52356132372876
vuelta-a-espana/1989/stage-11,Vuelta a España,80,,179000,2525.0,,803,,1,0,0,1989-05-04,0.014106145251396649,0.0,0.0
giro-d-italia/2018/stage-2,Giro d'Italia,80,100,167000,988.0,2,838,,1,0,0,2018-05-05,0.005916167664670659,0.0,35.833487614645165
ronde-van-vlaanderen/2010/result,Ronde van Vlaanderen / Tour des Flandres ME,275,,262000,2534.623089602313,2,890,,0,0,0,2010-04-04,0.00967413392977982,313.0,286.17367273692724
giro-d-italia/2005/stage-2,Giro d'Italia,80,,182000,1699.0,2,929,,1,0,0,2005-05-09,0.009335164835164835,0.0,73.56379901947703
vuelta-a-espana/1997/stage-10,Vuelta a España,80,,235000,1345.0,,1165,,1,0,0,1997-09-15,0.005723404255319149,25.0,132.87702759124633
volta-a-catalunya/2001/stage-2,Volta a Catalunya,50,,173500,1988.16621960855,,617,,1,0,0,2001-06-22,0.011459171294573774,12.0,175.98339835354636
tirreno-adriatico/2020/stage-6,Tirreno-Adriatico,50,60,171000,1480.0,2,687,,1,0,0,2020-09-12,0.008654970760233919,0.0,98.89021098518356
tour-de-suisse/1981/stage-8,Tour de Suisse,50,,185000,914.5454428762141,,516,,1,0,0,1981-06-18,0.004943488880411968,0.0,0.0
vuelta-a-espana/2006/stage-9,Vuelta a España,80,,207400,5856.0,5,1026,,1,0,0,2006-09-03,0.02823529411764706,1572.0,686.9162284581438
tour-de-france/1984/stage-17,Tour de France,100,,151000,5473.0,5,1632,,1,0,0,1984-07-16,0.03624503311258278,921.5,487.87810810404943
tour-de-france/1993/stage-10,Tour de France,100,,203000,5500.0,4,1804,,1,0,0,1993-07-14,0.027093596059113302,1302.0,687.9765703926794
vuelta-a-espana/2004/stage-11,Vuelta a España,50,,165000,1170.0,1,1177,,1,0,0,2004-09-14,0.007090909090909091,71.0,44.381556028692266
vuelta-a-espana/2009/stage-2,Vuelta a España,80,,203700,355.0,1,1220,,1,0,0,2009-08-30,0.0017427589592538047,18.0,41.920851889355156
volta-a-catalunya/2005/stage-2,Volta Ciclista a Catalunya,50,,186800,2572.7878285554903,,850,,1,0,0,2005-05-17,0.013772954114322753,0.0,81.779510118667
vuelta-a-espana/1981/stage-17,Vuelta a España,80,,150000,3144.6195128818667,,457,,1,0,0,1981-05-08,0.02096413008587911,868.0,580.7851871525472
paris-nice/2000/stage-7,Paris - Nice,50,,160100,2488.2542377347786,,880,,1,0,0,2000-03-12,0.015541875313771259,0.0,18.320542537287746
tour-de-romandie/1981/stage-4,Tour de Romandie,50,,121600,1677.0178445472325,,439,,1,0,0,1981-05-09,0.013791265168973952,118.0,62.090256884635295
tour-de-suisse/2013/stage-4,Tour de Suisse,50,6,174400,1697.0,2,960,,1,0,0,2013-06-11,0.009730504587155964,0.0,76.48178314026072
vuelta-a-espana/1998/stage-8,Vuelta a España,80,,182000,1954.0,,1309,,1,0,0,1998-09-12,0.010736263736263737,44.0,509.57812479487467
volta-a-catalunya/2023/stage-4,Volta Ciclista a Catalunya,50,50,188200,2437.0,2,704,20,1,0,0,2023-03-23,0.012948990435706695,0.0,116.12490141217525
dauphine/2018/stage-6,Critérium du Dauphiné,50,60,110000,4187.0,5,762,,1,0,0,2018-06-09,0.03806363636363636,1110.0,686.8688155444546
tour-de-romandie/2000/stage-5,Tour de Romandie,50,,177800,1287.3622682310815,,764,,1,0,0,2000-05-07,0.007240507695337917,0.0,26.826734142197868
dauphine/2016/prologue,Criterium du Dauphiné,50,60,4000,348.0,5,1182,,1,0,0,2016-06-05,0.087,106.0,56.394519110586316
tour-de-suisse/1976/stage-5,Tour de Suisse,50,,186500,4284.071787679277,,377,,1,0,0,1976-06-14,0.022970894303910333,182.0,83.61668493787589
paris-nice/2018/stage-2,Paris - Nice,50,60,187000,639.9999999999998,1,936,,1,0,0,2018-03-05,0.0034224598930481273,0.0,43.56166165845738
tour-de-romandie/1996/stage-5,Tour de Romandie,50,,105900,1478.8667686210051,,614,,1,0,0,1996-05-11,0.01396474757904632,0.0,0.0
giro-d-italia/2005/stage-4,Giro d'Italia,80,,220000,1583.0,2,929,,1,0,0,2005-05-11,0.007195454545454546,59.0,134.6964200827745
vuelta-a-espana/1982/stage-14,Vuelta a España,80,,153000,1472.3839255452883,,523,,1,0,0,1982-05-04,0.009623424349969205,0.0,113.53053921008804
paris-nice/2019/stage-2,Paris - Nice,50,60,163500,753.0000000000002,1,1099,,1,0,0,2019-03-11,0.004605504587155964,404.0,245.9620947483171
vuelta-a-espana/1981/stage-15a,Vuelta a España,80,,146000,1248.847051843121,,457,,1,0,0,1981-05-06,0.008553746930432336,23.0,39.60017320176428
tour-de-france/2018/stage-5,Tour de France,100,120,204500,2704.0,3,1689,,1,0,0,2018-07-11,0.013222493887530563,87.0,367.68929346090823
tour-de-france/1994/stage-9,Tour de France,100,,64000,829.0,1,1731,,1,0,0,1994-07-11,0.012953125,701.0,181.15294538685194
paris-nice/1996/stage-2,Paris - Nice,50,,160800,1855.5402795746106,,766,,1,0,0,1996-03-11,0.011539429599344593,0.0,0.0
paris-nice/2004/stage-6,Paris - Nice,50,,173500,2897.196561287858,,989,,1,0,0,2004-03-12,0.016698539258143272,402.0,410.12628148760814
tour-de-romandie/1996/stage-1,Tour de Romandie,50,,155800,1487.5641065278965,,614,,1,0,0,1996-05-07,0.00954790825756031,24.0,13.37640103223447
dauphine/1993/stage-6,Critérium du Dauphiné Libéré,50,,200000,3416.776211696036,,386,,1,0,0,1993-06-06,0.01708388105848018,487.5,282.97388964747654
tour-de-romandie/1994/stage-1,Tour de Romandie,50,,171000,1917.4091981216225,,780,,1,0,0,1994-05-05,0.01121291928726095,0.0,0.9486832980505139
vuelta-a-espana/2014/stage-11,Vuelta a España,80,16,153400,2432.0,5,1175,,1,0,0,2014-09-03,0.015853976531942635,694.0,352.72019928883395
vuelta-a-espana/2012/stage-6,Vuelta a España,80,16,174800,2291.0,3,852,,1,0,0,2012-08-23,0.013106407322654463,582.0,441.7213307502478
giro-d-italia/2008/stage-10,Giro d'Italia,80,,39000,741.0,2,1058,,1,0,0,2008-05-20,0.019,337.0,148.93517067816805
paris-nice/2021/stage-8,Paris - Nice,50,60,92700,2007.0,2,1044,,1,0,0,2021-03-14,0.021650485436893203,250.0,280.02222781234957
giro-d-italia/2004/stage-20,Giro d'Italia,80,,149000,266.0,1,621,,1,0,0,2004-05-30,0.0017852348993288591,38.0,26.24255061593168
paris-nice/1986/stage-7a,Paris - Nice,50,,101000,1622.2818140461227,,746,,1,0,0,1986-03-09,0.016062196178674482,0.0,0.0
paris-nice/1970/stage-4,Paris - Nice,50,,198000,1241.0516504915424,,1121,,1,0,0,1970-03-12,0.006267937628745164,0.0,0.0
volta-a-catalunya/1984/stage-1,Volta Ciclista a Catalunya,50,,175000,4025.408475627717,,319,,1,0,0,1984-09-06,0.023002334146444096,0.0,0.0
vuelta-a-espana/2020/stage-15,La Vuelta ciclista a España,80,100,230800,4448.0,2,692,,1,0,0,2020-11-05,0.01927209705372617,0.0,352.5749397257346
tour-de-france/1989/stage-7,Tour de France,100,,258500,1619.0,1,1849,,1,0,0,1989-07-08,0.006263056092843327,4.0,206.57906883169926
tour-de-france/1991/prologue,Tour de France,100,,5400,63.0,1,1933,,1,0,0,1991-07-06,0.011666666666666667,27.0,23.617063803792444
tour-de-france/2004/stage-16,Tour de France,70,,15500,1384.0,5,1555,,1,0,0,2004-07-21,0.08929032258064516,375.0,124.38736870060424
tour-de-romandie/1981/stage-1,Tour de Romandie,50,,213600,3304.361156427874,,439,,1,0,0,1981-05-06,0.015469855601254091,0.0,0.0
vuelta-a-espana/1994/stage-9,Vuelta a España,80,,166000,806.0,,791,,1,0,0,1994-05-03,0.004855421686746988,0.0,0.0
tour-de-france/2001/stage-15,Tour de France,100,,232500,3300.0,1,1496,,1,0,0,2001-07-24,0.014193548387096775,907.0,336.8030794361497
tirreno-adriatico/2007/stage-7,Tirreno-Adriatico,50,,177000,1893.4776405860503,1,1148,,1,0,0,2007-03-20,0.010697613788621753,0.0,25.339992142242924
tour-de-france/1979/stage-1,Tour de France,100,,225000,4000.0,4,1381,,1,0,0,1979-06-28,0.017777777777777778,877.0,447.16752066595046
giro-d-italia/2012/stage-11,Giro d'Italia,80,16,255000,2167.0,2,886,,1,0,0,2012-05-16,0.008498039215686275,46.0,243.5216812572816
paris-nice/1976/stage-7b,Paris - Nice,50,,9500,136.10403359238717,,779,,1,0,0,1976-03-14,0.014326740378146017,65.0,31.92800288807699
uae-tour/2019/stage-7,UAE Tour,50,40,145000,420.0000000000002,1,751,,1,0,0,2019-03-02,0.0028965517241379326,0.0,39.854473973613636
giro-d-italia/2023/stage-14,Giro d'Italia,80,180,194000,2336.0,2,835,13,1,0,0,2023-05-20,0.012041237113402062,1271.0,488.4628715310479
volta-a-catalunya/2001/stage-5,Volta a Catalunya,50,,178200,1304.4610615205875,,617,,1,0,0,2001-06-25,0.007320207977107674,300.0,73.36661306791379
giro-d-italia/1996/stage-12,Giro d'Italia,80,,195000,1920.3205150326285,,1034,,1,0,0,1996-05-30,0.009847797512987838,3.0,14.09822766425039
tour-de-france/1988/stage-13,Tour de France,100,,38000,1415.0,5,1941,,1,0,0,1988-07-15,0.03723684210526316,436.0,185.0625424652154
vuelta-a-espana/2019/stage-18,La Vuelta ciclista a España,80,100,178200,3689.0,5,798,,1,0,0,2019-09-12,0.02070145903479237,1292.0,474.5628809740031
tirreno-adriatico/1999/stage-3,Tirreno-Adriatico,50,,214000,1981.5170991684313,,1150,,1,0,0,1999-03-12,0.009259425697048745,0.0,115.69043556268332
tour-de-france/1979/stage-7,Tour de France,100,,161100,1845.0,2,1381,,1,0,0,1979-07-04,0.011452513966480447,252.0,87.22492758452701
amstel-gold-race/2003/result,Amstel Gold Race,225,,250700,3430.4928434175404,,1329,,0,0,0,2003-04-20,0.013683657133695813,221.0,156.18508392535873
vuelta-a-espana/2002/stage-15,Vuelta a España,80,,176700,4541.0,5,1084,,1,0,0,2002-09-22,0.025698924731182796,1194.0,509.70687952931695
tour-de-france/1991/stage-7,Tour de France,100,,196500,1707.0,1,1933,,1,0,0,1991-07-12,0.008687022900763359,0.0,71.674671862618
world-championship/2001/result,World Championships ME - Road Race,350,,254100,4565.0,,1347,,0,0,0,2001-10-14,0.017965367965367966,42.0,322.08076434336954
dauphine/2014/stage-5,Critérium du Dauphiné,50,6,184000,3479.0,2,941,,1,0,0,2014-06-12,0.018907608695652174,645.0,619.8503636298746
vuelta-a-espana/2020/stage-10,La Vuelta ciclista a España,80,100,185000,2302.0,3,692,,1,0,0,2020-10-30,0.012443243243243243,93.0,150.27128769420722
la-fleche-wallone/1990/result,La Flèche Wallonne,225,,208000,2769.594989030745,,1071,,0,0,0,1990-04-11,0.013315360524186274,157.0,90.52706744407438
giro-d-italia/2002/stage-7,Giro d'Italia,80,,159000,1235.0,2,920,,1,0,0,2002-05-19,0.007767295597484277,106.0,317.3948282166134
itzulia-basque-country/2015/stage-6,Vuelta Ciclista al País Vasco,50,6,18300,522.0,3,970,,1,0,0,2015-04-11,0.028524590163934428,154.5,84.90592701365738
giro-d-italia/2016/stage-5,Giro d'Italia,80,100,233000,3459.0,3,933,,1,0,0,2016-05-11,0.014845493562231759,108.0,161.50208414723483
omloop-het-nieuwsblad/2018/result,Omloop Het Nieuwsblad ME,225,300,196200,1652.0,2,727,,0,0,0,2018-02-24,0.008419979612640164,12.0,232.46020723698928
vuelta-a-espana/2008/stage-10,Vuelta a España,80,,151300,1225.0,1,1101,,1,0,0,2008-09-09,0.008096497025776602,0.0,31.378243309542988
tour-de-france/2014/stage-5,Tour de France,100,20,155500,475.0,1,1612,,1,0,0,2014-07-09,0.003054662379421222,805.0,473.1433291738454
vuelta-a-espana/1993/stage-2,Vuelta a España,80,,251100,1829.0,,819,,1,0,0,1993-04-27,0.0072839506172839505,0.0,69.02223017741757
itzulia-basque-country/2023/stage-1,Itzulia Basque Country,50,50,165400,2514.0,3,719,11,1,0,0,2023-04-03,0.015199516324062879,0.0,116.16167284186892
paris-nice/2011/stage-7,Paris - Nice,50,6,215500,3327.0,3,1038,,1,0,0,2011-03-12,0.015438515081206496,357.0,461.3367191646338
san-sebastian/2013/result,Clasica Ciclista San Sebastian,225,,232000,3514.0,2,779,,0,0,0,2013-07-27,0.015146551724137931,280.0,323.83068202271573
vuelta-a-espana/2021/stage-18,La Vuelta ciclista a España,80,100,162600,4951.0,5,1023,20,1,0,0,2021-09-02,0.030448954489544895,1573.5,809.2695531140117
il-lombardia/1977/result,Giro di Lombardia,275,,257000,3303.8116356274318,,467,,0,0,0,1977-10-08,0.012855298193102847,211.0,225.67628279326257
giro-d-italia/2001/stage-15,Giro d'Italia,80,,55500,539.9999999999998,1,920,,1,0,0,2001-06-03,0.009729729729729726,495.0,189.63677398197828
giro-d-italia/2000/stage-7,Giro d'Italia,80,,182000,2174.0,3,866,,1,0,0,2000-05-20,0.011945054945054946,51.0,212.16409375793376
volta-a-catalunya/2002/stage-4,Volta a Catalunya,50,,52000,1287.7159146223983,5,431,,1,0,0,2002-06-20,0.024763767588892274,730.0,407.868205674404
giro-d-italia/2001/stage-7,Giro d'Italia,80,,239000,2338.0,2,920,,1,0,0,2001-05-26,0.009782426778242677,128.0,313.1368540041469
vuelta-a-espana/2018/stage-17,La Vuelta ciclista a España,80,100,157000,3574.0,5,1036,,1,0,0,2018-09-12,0.022764331210191082,847.5,501.32163236159147
milano-sanremo/2015/result,Milano-Sanremo,275,,293000,2354.0,2,1218,,0,0,0,2015-03-22,0.008034129692832764,299.0,319.5285018315336
tour-de-france/2004/stage-5,Tour de France,100,,200500,2026.0,1,1555,,1,0,0,2004-07-08,0.010104738154613466,753.0,125.42590050997067
tour-de-france/1985/stage-6,Tour de France,100,,221500,2354.0,1,1470,,1,0,0,1985-07-04,0.010627539503386005,0.0,198.62896507056624
itzulia-basque-country/2006/stage-3,Vuelta al País Vasco,50,,170000,2310.473290015377,,842,,1,0,0,2006-04-05,0.013591019353031631,108.0,219.6442659732894
tour-de-france/2001/stage-17,Tour de France,100,,194000,3000.0,3,1496,,1,0,0,2001-07-26,0.015463917525773196,13.0,27.478829175131406
vuelta-a-espana/1992/stage-7,Vuelta a España,80,,49500,234.0,,1033,,1,0,0,1992-05-03,0.0047272727272727275,194.5,77.66600653714966
ronde-van-vlaanderen/2017/result,Ronde van Vlaanderen / Tour des Flandres ME,275,500,260000,2118.0,2,893,,0,0,0,2017-04-02,0.008146153846153846,210.0,221.01727990482763
vuelta-a-espana/2011/stage-18,Vuelta a España,80,16,169700,3618.0,2,1170,,1,0,0,2011-09-08,0.02131997642899234,462.0,250.83580621483256
giro-d-italia/2003/stage-9,Giro d'Italia,80,,160000,1319.0,2,734,,1,0,0,2003-05-19,0.00824375,17.0,56.46674840718004
tour-de-suisse/1998/stage-5,Tour de Suisse,50,,156100,3074.156069321073,,971,,1,0,0,1998-06-21,0.019693504608078623,1141.0,475.5924372539162
il-lombardia/2018/result,Il Lombardia,275,500,241000,3867.0,2,1025,,0,0,0,2018-10-13,0.01604564315352697,427.0,423.7987691072533
giro-d-italia/1995/stage-21,Giro d'Italia,80,,190000,1574.4259443002531,,1365,,1,0,0,1995-06-03,0.008286452338422385,25.0,164.43461575089006
tour-de-suisse/1976/stage-9a,Tour de Suisse,50,,81000,1620.5126788504017,,377,,1,0,0,1976-06-18,0.02000632936852348,0.0,0.0
tirreno-adriatico/2016/stage-7,Tirreno-Adriatico,50,60,10050,16.0,1,1133,,1,0,0,2016-03-15,0.0015920398009950248,59.5,28.158221799615845
tour-de-france/1997/prologue,Tour de France,100,,7300,128.0,1,1994,,1,0,0,1997-07-05,0.017534246575342465,37.0,15.662674955479702
vuelta-a-espana/1989/stage-9,Vuelta a España,80,,228000,2500.0,,803,,1,0,0,1989-05-02,0.010964912280701754,0.0,0.0
giro-d-italia/2022/stage-17,Giro d'Italia,80,100,168000,3950.0,4,817,16,1,0,0,2022-05-25,0.02351190476190476,1593.0,703.8787835510209
tour-de-france/1982/stage-10,Tour de France,100,,148000,1272.0,1,1492,,1,0,0,1982-07-13,0.008594594594594595,2.0,147.23288047608727
tirreno-adriatico/1990/stage-1,Tirreno-Adriatico,50,,15900,118.49620246912855,,590,,1,0,0,1990-03-07,0.007452591350259657,0.0,0.0
tour-de-france/1985/stage-2,Tour de France,100,,242000,2752.0,1,1470,,1,0,0,1985-06-30,0.01137190082644628,0.0,89.48149518234086
san-sebastian/1989/result,Clasica Ciclista San Sebastian,225,,244000,3436.865655373891,,1296,,0,0,0,1989-08-12,0.014085514981040537,179.0,109.69654445606236
tour-de-suisse/2014/stage-8,Tour de Suisse,50,6,219100,2938.0,5,944,,1,0,0,2014-06-21,0.013409402099497945,543.0,428.3346271796893
ronde-van-vlaanderen/1970/result,Ronde van Vlaanderen / Tour des Flandres,275,,265000,2493.323180039023,,747,,0,0,0,1970-04-05,0.009408766717128389,25.0,130.78289898402875
vuelta-a-espana/1991/stage-4,Vuelta a España,80,,292000,1629.0,,1042,,1,0,0,1991-05-02,0.005578767123287671,564.0,145.62417381739888
tour-de-romandie/1992/stage-5b,Tour de Romandie,50,,21800,553.3025780939975,,343,,1,0,0,1992-05-09,0.02538085220614667,29.0,14.170391667134682
volta-a-catalunya/2012/stage-5,Volta Ciclista a Catalunya,50,6,207100,2756.6326431596253,2,760,,1,0,0,2012-03-23,0.013310635650215476,508.0,400.2021945038617
vuelta-a-espana/2004/stage-3,Vuelta a España,80,,157000,1332.0,3,1177,,1,0,0,2004-09-06,0.008484076433121018,15.0,38.840742658280476
giro-d-italia/2015/stage-6,Giro d'Italia,80,16,183000,1625.0,2,861,,1,0,0,2015-05-14,0.008879781420765027,0.0,106.51582308453465
giro-d-italia/1993/stage-11,Giro d'Italia,80,,184000,1607.5239041016064,,1089,,1,0,0,1993-06-03,0.008736542957073948,7.0,3.056868404829434
tour-de-france/2010/stage-13,Tour de France,100,20,196000,2163.0,2,1685,,1,0,0,2010-07-17,0.011035714285714286,94.0,177.3042223752774
tour-de-romandie/1989/stage-1,Tour de Romandie,50,,198400,1158.3787366475838,,502,,1,0,0,1989-05-10,0.005838602503264031,0.0,0.0
volta-a-catalunya/2021/stage-7,Volta Ciclista a Catalunya,50,50,133000,2402.0,2,772,,1,0,0,2021-03-28,0.01806015037593985,306.0,206.48002523750014
tirreno-adriatico/2000/stage-4,Tirreno-Adriatico,50,,207000,1527.149926273142,,1197,,1,0,0,2000-03-11,0.007377535875715662,0.0,0.0
paris-nice/1980/stage-7b,Paris - Nice,50,,11000,44.47768544937253,,1128,,1,0,0,1980-03-12,0.004043425949942957,76.5,34.90754641244206
tour-de-france/2018/stage-8,Tour de France,100,120,181000,1284.0,1,1689,,1,0,0,2018-07-14,0.007093922651933701,0.0,105.33489843543006
tour-de-france/2023/stage-5,Tour de France,100,210,162700,3652.0,4,1584,22,1,0,0,2023-07-05,0.022446220036877688,1035.0,640.8995282868891
tour-de-france/1978/stage-2,Tour de France,100,,199000,1847.0,1,1241,,1,0,0,1978-07-01,0.00928140703517588,0.0,130.09948266387573
tour-de-france/1995/stage-9,Tour de France,100,,166000,5000.0,5,1871,,1,0,0,1995-07-11,0.030120481927710843,2090.0,673.112443913289
tour-de-france/1992/stage-3,Tour de France,100,,218000,1285.0,1,2047,,1,0,0,1992-07-07,0.005894495412844036,420.0,92.76861728853649
vuelta-a-espana/2004/stage-18,Vuelta a España,80,,196000,3614.0,4,1177,,1,0,0,2004-09-23,0.01843877551020408,404.0,497.2858667711386
amstel-gold-race/1979/result,Amstel Gold Race,225,,237000,2745.8296279376545,,393,,0,0,0,1979-04-14,0.011585779020833985,130.0,56.5807931532084
tour-de-france/1979/stage-23,Tour de France,100,,205000,1674.0,3,1381,,1,0,0,1979-07-21,0.008165853658536585,11.0,59.51550538115284
giro-d-italia/2018/stage-11,Giro d'Italia,80,100,156000,2027.0,3,838,,1,0,0,2018-05-16,0.012993589743589743,550.0,296.38740739019437
paris-nice/1975/stage-7b,Paris - Nice,50,,9500,140.60039465641194,,951,,1,0,0,1975-03-16,0.014800041542780204,47.5,17.62917691748196
tirreno-adriatico/1984/stage-4,Tirreno-Adriatico,50,,217000,2030.159727971097,,541,,1,0,0,1984-03-12,0.009355574783276945,0.0,0.0
world-championship/2021/result,World Championships ME - Road Race,350,600,268300,2250.0,2,1357,21,0,0,0,2021-09-26,0.008386134923592994,387.0,238.71555987204087
tirreno-adriatico/2009/stage-5,Tirreno-Adriatico,50,,30000,541.0,3,1206,,1,0,0,2009-03-15,0.018033333333333332,217.0,98.82383464413849
itzulia-basque-country/2006/stage-6,Vuelta al País Vasco,50,,24000,339.65894977060066,,842,,1,0,0,2006-04-08,0.014152456240441693,141.0,80.27417307157648
dauphine/2009/stage-4,Critérium du Dauphiné Libéré,50,,42400,361.46548481306036,,708,,1,0,0,2009-06-10,0.008525129358798593,242.0,112.53528735638051
paris-nice/2005/stage-5,Paris - Nice,50,,172500,1628.7854496697475,5,1091,,1,0,0,2005-03-11,0.009442234490839117,296.0,229.53982683458716
paris-nice/2022/stage-4,Paris - Nice,50,60,13400,188.0,1,1182,,1,0,0,2022-03-09,0.014029850746268656,97.5,47.22005388321245
tour-de-suisse/1987/stage-5,Tour de Suisse,50,,129500,1164.3686541660823,,673,,1,0,0,1987-06-20,0.008991263738734226,3.0,23.4117729168705
tour-de-romandie/1998/stage-5,Tour de Romandie,50,,167400,2645.6249324388814,,857,,1,0,0,1998-05-10,0.01580421106594314,0.0,0.0
giro-d-italia/2022/stage-12,Giro d'Italia,80,100,204000,2867.0,2,817,23,1,0,0,2022-05-19,0.014053921568627451,548.0,303.9483349251248
vuelta-a-espana/1981/stage-7,Vuelta a España,80,,181000,2282.550727113608,,457,,1,0,0,1981-04-28,0.012610777497865237,0.0,149.18300983200203
ronde-van-vlaanderen/2000/result,Ronde van Vlaanderen / Tour des Flandres,275,,269000,3228.4657967013786,2,995,,0,0,0,2000-04-03,0.012001731586250479,303.0,312.1363961869256
tour-de-suisse/1991/stage-9,Tour de Suisse,50,,206000,2430.079245748424,,796,,1,0,0,1991-06-27,0.011796501192953515,22.0,8.981462390204985
tour-de-suisse/2007/stage-2,Tour de Suisse,50,,228700,3030.3336620618384,,1089,,1,0,0,2007-06-18,0.013250256502238034,321.0,519.3433821687578
itzulia-basque-country/2016/stage-3,Vuelta Ciclista al País Vasco,50,50,193500,2839.0,2,943,,1,0,0,2016-04-06,0.014671834625322998,213.0,374.16911326883303
gp-quebec/2019/result,Grand Prix Cycliste de Québec,225,500,201600,2508.0,3,869,,0,0,0,2019-09-13,0.012440476190476191,86.0,174.23239695764474
vuelta-a-espana/1996/stage-22,Vuelta a España,80,,157600,1368.0,,988,,1,0,0,1996-09-29,0.00868020304568528,0.0,15.368784673294636
vuelta-a-espana/1981/stage-10,Vuelta a España,80,,223000,1922.68288618743,,457,,1,0,0,1981-05-01,0.008621896350616278,3.0,83.9154656962754
tour-de-suisse/1987/stage-3,Tour de Suisse,50,,141500,1303.2720394409994,,673,,1,0,0,1987-06-19,0.009210403105590102,7.0,3.0867098629086893
paris-nice/1975/stage-5,Paris - Nice,50,,166000,1757.9658959415783,,951,,1,0,0,1975-03-14,0.010590155999648063,0.0,0.0
tour-de-romandie/2023/stage-0,Tour de Romandie,50,60,6820,10.0,1,539,12,1,0,0,2023-04-25,0.001466275659824047,27.0,26.34808504624081
tour-de-suisse/2000/stage-9,Tour de Suisse,50,,150000,3017.9357094322922,,895,,1,0,0,2000-06-21,0.020119571396215282,1001.0,553.6687097297257
omloop-het-nieuwsblad/2017/result,Omloop Het Nieuwsblad ME,225,300,198300,1778.0,2,699,,0,0,0,2017-02-25,0.008966212808875442,304.0,221.90824582519994
tour-de-france/1980/stage-2,Tour de France,100,,276000,2228.0,1,1224,,1,0,0,1980-06-28,0.008072463768115943,593.0,156.3611204871595
vuelta-a-espana/2009/stage-8,Vuelta a España,80,,204700,5017.0,5,1220,,1,0,0,2009-09-06,0.02450903761602345,1119.0,599.5645986483769
vuelta-a-espana/1986/stage-21,Vuelta a España,80,,22000,418.31385363882896,,843,,1,0,0,1986-05-13,0.019014266074492227,35.0,21.339582418074112
tour-de-suisse/1986/prologue,Tour de Suisse,50,,8000,45.31958292646186,,835,,1,0,0,1986-06-10,0.005664947865807733,13.0,6.425643072011462
vuelta-a-espana/1993/stage-1,Vuelta a España,80,,10000,81.0,,819,,1,0,0,1993-04-26,0.0081,82.0,28.608838216877473
itzulia-basque-country/2007/stage-2,Vuelta al País Vasco,50,,191500,3435.7715291028153,,1002,,1,0,0,2007-04-10,0.01794136568722097,742.0,384.9733953659306
paris-nice/1999/stage-7,Paris - Nice,50,,157100,1660.0310870185858,,792,,1,0,0,1999-03-14,0.010566716021760571,0.0,8.50267467368264
tour-de-france/2003/stage-1,Tour de France,100,,168000,1476.0,2,1688,,1,0,0,2003-07-06,0.008785714285714286,0.0,28.133769053256103
vuelta-a-espana/2011/stage-14,Vuelta a España,80,16,173200,3631.0,5,1170,,1,0,0,2011-09-03,0.020964203233256352,1423.0,610.9466378115578
omloop-het-nieuwsblad/1991/result,Omloop Het Volk,125,,201000,1658.7190732185459,,418,,0,0,0,1991-03-02,0.008252333697604705,205.0,94.14190363383344
vuelta-a-espana/1984/stage-6,Vuelta a España,80,,113000,786.163366660345,,747,,1,0,0,1984-04-23,0.006957197935047301,5.0,12.481307421625015
tour-de-france/1983/stage-22,Tour de France,100,,195000,2046.0,1,1269,,1,0,0,1983-07-24,0.010492307692307693,1.0,58.05847875512696
tour-de-romandie/2011/stage-4,Tour de Romandie,50,6,20100,406.0,,660,,1,0,0,2011-04-30,0.020199004975124377,128.0,64.6205125196162
tour-de-romandie/1995/stage-2,Tour de Romandie,50,,178700,1801.3524820347106,,798,,1,0,0,1995-05-04,0.010080316071822666,0.0,0.0
giro-d-italia/2010/stage-2,Giro d'Italia,80,16,209000,684.0,1,878,,1,0,0,2010-05-09,0.0032727272727272726,37.0,76.60955036902799
amstel-gold-race/1978/result,Amstel Gold Race,225,,230000,2797.133787197912,,510,,0,0,0,1978-03-25,0.012161451248686575,370.0,125.21537966379303
tour-de-suisse/1991/stage-3,Tour de Suisse,50,,228000,3810.2508931607763,,796,,1,0,0,1991-06-21,0.016711626724389368,44.0,25.190606714937747
la-fleche-wallone/1988/result,La Flèche Wallonne,225,,243000,3481.2549486049875,,632,,0,0,0,1988-04-13,0.014326152051872376,269.0,263.9428591704573
tour-de-romandie/1984/stage-1,Tour de Romandie,50,,209500,3176.513317140326,,491,,1,0,0,1984-05-09,0.015162354735753345,166.0,37.968361713775195
tour-de-france/2008/stage-18,Tour de France,100,,196500,1905.0,4,1520,,1,0,0,2008-07-24,0.009694656488549619,410.0,112.24426094154083
vuelta-a-espana/1992/stage-11,Vuelta a España,80,,162900,780.0,,1033,,1,0,0,1992-05-07,0.004788213627992633,0.0,0.0
tour-de-romandie/2014/prologue,Tour de Romandie,50,6,5570,6.0,1,847,,1,0,0,2014-04-29,0.0010771992818671453,23.0,17.971719259902013
giro-d-italia/2020/stage-12,Giro d'Italia,80,100,204000,3815.0,2,765,,1,0,0,2020-10-15,0.01870098039215686,1505.0,604.4794180916452
dauphine/2021/stage-5,Critérium du Dauphiné,50,60,175400,2209.0,2,790,,1,0,0,2021-06-03,0.012594070695553022,150.0,257.546866970133
tour-de-france/2001/stage-8,Tour de France,100,,222500,2250.0,2,1496,,1,0,0,2001-07-15,0.010112359550561797,2154.0,551.0039941187192
vuelta-a-espana/2011/stage-11,Vuelta a España,80,16,171000,4166.0,5,1170,,1,0,0,2011-08-31,0.024362573099415204,1034.0,523.7277689183161
tour-de-romandie/2002/stage-1,Tour de Romandie,50,,187000,2268.0245886620028,,535,,1,0,0,2002-05-01,0.012128473736160442,109.0,179.83078650073358
giro-d-italia/2000/stage-15,Giro d'Italia,80,,171000,1807.0,2,866,,1,0,0,2000-05-29,0.010567251461988303,0.0,77.81663263397655
e3-harelbeke/2014/result,E3 Harelbeke,225,,211000,1886.0,2,734,,0,0,0,2014-03-28,0.008938388625592417,194.0,152.57400400928952
tour-de-suisse/1998/stage-2,Tour de Suisse,50,,159000,2547.184679705245,,971,,1,0,0,1998-06-18,0.016020029432108458,229.0,199.46671423567534
tour-de-france/2015/stage-17,Tour de France,100,20,161000,4208.0,5,1812,,1,0,0,2015-07-22,0.026136645962732918,1265.0,549.3524383236002
volta-a-catalunya/2022/stage-2,Volta Ciclista a Catalunya,50,50,202400,2166.0,2,722,,1,0,0,2022-03-22,0.010701581027667984,33.0,185.1055792559968
tour-de-suisse/2018/stage-7,Tour de Suisse,50,60,170000,2870.0,5,956,,1,0,0,2018-06-15,0.01688235294117647,1436.5,675.7621961041125
strade-bianche/2013/result,Strade Bianche,75,,188000,2933.0,3,538,,0,0,0,2013-03-02,0.015601063829787234,69.0,80.3250672276144
il-lombardia/2001/result,Giro di Lombardia,275,,256000,4242.0,,1009,,0,0,0,2001-10-21,0.0165703125,526.0,323.1161380005085
dwars-door-vlaanderen/1993/result,Dwars door België / À travers la Belgique,75,,200000,2132.5249828495894,,504,,0,0,0,1993-03-24,0.010662624914247947,6.0,78.17023639842634
e3-harelbeke/1981/result,E3-Prijs Harelbeke,125,,226000,1314.8294354895986,,258,,0,0,0,1981-03-28,0.005817829360573445,70.0,24.374944739106237
tour-de-suisse/2016/stage-2,Tour de Suisse,50,60,187600,2779.0,2,680,,1,0,0,2016-06-12,0.014813432835820895,3.0,129.13681474491935
tour-de-france/2010/stage-7,Tour de France,100,20,165500,3446.0,5,1685,,1,0,0,2010-07-10,0.020821752265861027,852.0,496.4371767598691
vuelta-a-espana/1990/stage-22,Vuelta a España,80,,176000,2500.0,,807,,1,0,0,1990-05-15,0.014204545454545454,0.0,0.0
vuelta-a-espana/2009/stage-20,Vuelta a España,80,,27800,310.0,1,1220,,1,0,0,2009-09-19,0.011151079136690648,177.5,84.51160395349723
tirreno-adriatico/2017/stage-4,Tirreno-Adriatico,50,60,171000,3453.0,5,1036,,1,0,0,2017-03-11,0.02019298245614035,946.0,556.9716055597727
volta-a-catalunya/1992/stage-5b,Volta Ciclista a Catalunya,50,,119800,2616.0,,758,,1,0,0,1992-09-13,0.021836393989983306,2.0,0.8944271909999159
tour-de-suisse/1985/stage-7,Tour de Suisse,50,,249000,3776.7769804279615,,699,,1,0,0,1985-06-17,0.015167779037863299,574.0,230.68737864622474
tour-de-romandie/2010/stage-3,Tour de Romandie,50,6,23400,404.0602830178743,,678,,1,0,0,2010-04-30,0.017267533462302323,157.0,78.04755160769223
world-championship/1989/result,World Championships - Road Race,350,,259350,3663.4574115859327,,1600,,0,0,0,1989-08-27,0.014125534650418095,74.0,285.56842269727906
giro-d-italia/2011/stage-21,Giro d'Italia,80,16,26000,37.0,1,891,,1,0,0,2011-05-29,0.0014230769230769232,186.0,68.80963583711308
vuelta-a-espana/1987/stage-1,Vuelta a España,80,,219000,2891.0,,838,,1,0,0,1987-04-24,0.013200913242009133,0.0,0.0
tour-de-france/2019/stage-6,Tour de France,100,120,160500,3944.0,5,1699,,1,0,0,2019-07-11,0.024573208722741432,1118.0,457.96763973659813
itzulia-basque-country/2002/stage-1,Vuelta al País Vasco,50,,139000,2695.338558808592,,966,,1,0,0,2002-04-08,0.01939092488351505,157.0,342.1527633467011
paris-nice/1998/prologue,Paris - Nice,50,,10200,172.79926351765198,,960,,1,0,0,1998-03-08,0.01694110426643647,67.0,26.441386846528996
paris-roubaix/2017/result,Paris-Roubaix,275,500,257000,1299.0,1,737,,0,0,0,2017-04-09,0.005054474708171206,581.0,417.77793471811384
giro-d-italia/2012/stage-8,Giro d'Italia,80,16,229000,4097.0,2,886,,1,0,0,2012-05-13,0.017890829694323145,879.0,475.4862242617149
giro-d-italia/2003/stage-13,Giro d'Italia,80,,155000,1064.0,2,734,,1,0,0,2003-05-23,0.006864516129032258,135.0,187.95281953555437
tour-de-france/1997/stage-1,Tour de France,100,,192000,2080.0,1,1994,,1,0,0,1997-07-06,0.010833333333333334,58.0,113.42816843258463
paris-nice/1983/stage-7a,Paris - Nice,50,,60000,483.0649633978576,,658,,1,0,0,1983-03-16,0.008051082723297626,5.0,5.270462766947299
tirreno-adriatico/2018/stage-3,Tirreno-Adriatico,50,60,239000,3177.0,3,1196,,1,0,0,2018-03-09,0.013292887029288703,391.5,285.4569143196323
vuelta-a-espana/1992/stage-12,Vuelta a España,80,,200100,2036.0,,1033,,1,0,0,1992-05-08,0.010174912543728137,12.0,5.059644256269407
tour-de-romandie/1991/stage-2,Tour de Romandie,50,,141300,1081.8315208733684,,521,,1,0,0,1991-05-09,0.007656274033074086,6.0,55.92137337369317
giro-d-italia/2005/prologue,Giro d'Italia,80,,1150,10.0,1,929,,1,0,0,2005-05-07,0.008695652173913044,8.0,3.229848506001728
vuelta-a-espana/2006/stage-5,Vuelta a España,80,,178000,4451.0,5,1026,,1,0,0,2006-08-30,0.02500561797752809,1330.0,649.0242620765932
tour-de-france/1997/stage-16,Tour de France,100,,181000,3500.0,2,1994,,1,0,0,1997-07-22,0.019337016574585635,1315.0,529.9257432988273
vuelta-a-espana/1998/stage-2,Vuelta a España,80,,235000,685.9999999999998,,1309,,1,0,0,1998-09-06,0.002919148936170212,0.0,85.13544494659257
vuelta-a-espana/2001/stage-20,Vuelta a España,80,,176300,2991.0,5,971,,1,0,0,2001-09-29,0.016965399886557004,1077.0,574.2479113319131
tour-de-france/2021/stage-12,Tour de France,100,120,159400,2052.0,2,1646,,1,0,0,2021-07-08,0.0128732747804266,953.0,235.87686071911844
vuelta-a-espana/2022/stage-7,La Vuelta ciclista a España,80,100,190000,3359.0,2,968,22,1,0,0,2022-08-26,0.01767894736842105,29.0,514.4127782673701
tour-de-suisse/1993/stage-6,Tour de Suisse,50,,12000,106.81339911308714,,655,,1,0,0,1993-06-20,0.008901116592757262,96.5,40.49540440318849
vuelta-a-espana/2022/stage-9,La Vuelta ciclista a España,80,100,171400,3675.0,5,968,24,1,0,0,2022-08-28,0.02144107351225204,829.0,506.2787863399388
itzulia-basque-country/2006/stage-4,Vuelta al País Vasco,50,,172000,2500.4752280955336,,842,,1,0,0,2006-04-06,0.014537646674974033,0.0,375.48326124170734
dauphine/2016/stage-3,Criterium du Dauphiné,50,60,187500,2386.0,2,1182,,1,0,0,2016-06-08,0.012725333333333333,2.0,302.8769641725111
tour-de-france/2023/stage-16,Tour de France,100,210,22400,635.9999999999998,5,1584,31,1,0,0,2023-07-18,0.028392857142857133,388.0,95.00543778786489
tour-de-suisse/2008/stage-4,Tour de Suisse,50,,170700,2117.8534720364323,,1041,,1,0,0,2008-06-17,0.01240687447004354,0.0,95.38254591569401
giro-d-italia/2011/stage-5,Giro d'Italia,80,16,191000,2723.0,3,891,,1,0,0,2011-05-11,0.014256544502617801,640.0,436.2004380569253
tour-de-romandie/1990/stage-1,Tour de Romandie,50,,174600,1798.8459790281868,,684,,1,0,0,1990-05-09,0.010302668837503933,29.0,15.569200364822851
tour-de-france/1997/stage-17,Tour de France,100,,218500,15.0,1,1994,,1,0,0,1997-07-23,6.864988558352403e-05,238.0,77.10247267898626
paris-nice/2015/stage-7,Paris - Nice,50,6,9600,518.0,5,1225,,1,0,0,2015-03-15,0.05395833333333333,134.0,70.77017179657835
paris-nice/2016/stage-6,Paris - Nice,50,60,177000,4160.0,5,1109,,1,0,0,2016-03-12,0.02350282485875706,1203.0,739.0421645434549
giro-d-italia/2006/stage-12,Giro d'Italia,80,,218000,2766.0,4,997,,1,0,0,2006-05-20,0.012688073394495413,789.0,369.1347548891949
vuelta-a-espana/2017/stage-5,Vuelta a España,80,100,157700,2909.0,3,899,,1,0,0,2017-08-23,0.018446417247939124,612.0,218.42615772492942
tour-de-france/1985/stage-12,Tour de France,100,,269000,6000.0,5,1470,,1,0,0,1985-07-10,0.022304832713754646,731.0,582.4935933221826
giro-d-italia/1999/stage-15,Giro d'Italia,80,,143000,2565.984460622692,5,1057,,1,0,0,1999-05-30,0.017943947277081762,519.0,244.34896114944874
dauphine/1989/stage-7,Critérium du Dauphiné Libéré,50,,163000,1120.7648857249053,,603,,1,0,0,1989-06-05,0.006875858194631321,26.0,25.826343140289914
tour-de-france/1979/stage-17,Tour de France,100,,166500,6000.0,5,1381,,1,0,0,1979-07-15,0.036036036036036036,734.0,348.8241099763529
paris-nice/2001/stage-5,Paris - Nice,50,,240300,3020.621602306684,,902,,1,0,0,2001-03-16,0.012570210579719868,79.0,578.4051400278383
vuelta-a-espana/1993/stage-11,Vuelta a España,80,,221000,4215.0,,819,,1,0,0,1993-05-06,0.019072398190045248,986.0,558.8592927558929
dwars-door-vlaanderen/1976/result,Dwars door België / À travers la Belgique,75,,206000,3932.9393806081653,,141,,0,0,0,1976-03-21,0.019091938740816335,300.0,173.54710040537495
tirreno-adriatico/2004/stage-2,Tirreno-Adriatico,50,,164000,2056.959265462447,1,926,,1,0,0,2004-03-11,0.012542434545502726,0.0,9.787390362638039
tour-de-france/2023/stage-6,Tour de France,100,210,144900,3894.0,5,1584,21,1,0,0,2023-07-06,0.026873706004140786,1402.0,678.9041326015255
tour-de-france/2012/stage-3,Tour de France,100,20,197000,1551.0,3,1703,,1,0,0,2012-07-03,0.007873096446700508,234.0,237.68803517840792
paris-roubaix/2010/result,Paris - Roubaix,275,,259000,2102.191854007023,1,752,,0,0,0,2010-04-11,0.00811657086489198,510.0,252.56534522727804
tour-de-suisse/1998/prologue,Tour de Suisse,50,,5600,113.5841618892332,,971,,1,0,0,1998-06-16,0.020282886051648786,28.0,14.44759712389044
paris-nice/2009/stage-8,Paris - Nice,30,,119000,2719.882530474053,4,796,,1,0,0,2009-03-15,0.022856155718269353,714.0,348.82482282767234
giro-d-italia/2018/stage-6,Giro d'Italia,80,100,164000,3307.0,5,838,,1,0,0,2018-05-10,0.020164634146341464,974.0,543.8990100440842
tour-de-suisse/1984/prologue,Tour de Suisse,50,,4000,31.777167357000963,,646,,1,0,0,1984-06-13,0.007944291839250241,9.0,4.00301610426869
giro-d-italia/2018/stage-16,Giro d'Italia,80,100,34200,223.0,1,838,,1,0,0,2018-05-22,0.00652046783625731,224.0,89.61594857498136
tirreno-adriatico/2017/stage-5,Tirreno-Adriatico,50,60,209000,3410.0,3,1036,,1,0,0,2017-03-12,0.01631578947368421,667.0,600.4435533330397
tour-de-france/1990/stage-6,Tour de France,100,,202500,2082.0,1,1959,,1,0,0,1990-07-06,0.010281481481481482,8.0,122.04645859081896
vuelta-a-espana/1991/stage-8,Vuelta a España,80,,47000,332.0000000000002,,1042,,1,0,0,1991-05-06,0.007063829787234048,130.5,53.36557139698137
dauphine/2005/stage-3,Critérium du Dauphiné Libéré,50,,46500,504.293895187875,,933,,1,0,0,2005-06-08,0.010845030004040324,298.0,121.08917936960475
tour-de-romandie/1987/stage-5a,Tour de Romandie,50,,66600,868.9524877911467,,251,,1,0,0,1987-05-10,0.01304733465151872,25.0,7.422616660938251
tour-de-suisse/2017/stage-7,Tour de Suisse,50,60,166300,2954.0,5,855,,1,0,0,2017-06-16,0.01776307877330126,1224.0,527.8503967785857
vuelta-a-espana/1996/stage-10,Vuelta a España,80,,46500,971.0,,988,,1,0,0,1996-09-17,0.020881720430107525,535.0,190.2763254048001
vuelta-a-espana/1987/stage-21,Vuelta a España,80,,160000,3762.0,,838,,1,0,0,1987-05-14,0.0235125,252.0,79.68939703624315
tour-de-suisse/1999/stage-2,Tour de Suisse,50,,220600,2736.1064872306947,,900,,1,0,0,1999-06-17,0.012403021247645942,0.0,99.77324798347114
vuelta-a-espana/2014/stage-6,Vuelta a España,80,16,167100,2977.0,3,1175,,1,0,0,2014-08-28,0.017815679233991622,638.0,349.6279735141494
tour-de-france/2013/stage-21,Tour de France,100,20,118000,766.0,1,1690,,1,0,0,2013-07-21,0.006491525423728814,10.0,57.39213055603091
vuelta-a-espana/2003/stage-4,Vuelta a España,80,,151000,2287.0,2,935,,1,0,0,2003-09-09,0.015145695364238411,94.0,152.23183071408621
itzulia-basque-country/2022/stage-5,Itzulia Basque Country,50,50,163760,3485.0,3,741,17,1,0,0,2022-04-08,0.02128114313629702,562.0,488.88161677863246
dauphine/1990/stage-2,Critérium du Dauphiné Libéré,50,,183900,1105.4030788756788,,637,,1,0,0,1990-05-31,0.0060108922179210374,0.0,0.0
vuelta-a-espana/2022/stage-10,La Vuelta ciclista a España,80,100,30900,179.0,1,968,,1,0,0,2022-08-30,0.005792880258899676,302.0,96.2855114061553
giro-d-italia/2018/stage-13,Giro d'Italia,80,100,180000,429.0,1,838,,1,0,0,2018-05-18,0.0023833333333333332,0.0,119.04779062173075
tour-de-france/2010/stage-9,Tour de France,100,20,204500,5144.0,4,1685,,1,0,0,2010-07-13,0.02515403422982885,1556.0,722.2812562182633
tour-de-suisse/1986/stage-6,Tour de Suisse,50,,222000,2972.228285108776,,835,,1,0,0,1986-06-16,0.013388415698688181,127.0,267.0248427893305
vuelta-a-espana/1985/stage-15,Vuelta a España,80,,208000,2532.0,,925,,1,0,0,1985-05-08,0.012173076923076924,0.0,0.0
world-championship/1985/result,World Championships - Road Race,350,,265500,3254.0,,1580,,0,0,0,1985-09-01,0.012256120527306968,70.0,66.32557439013867
tour-de-suisse/1983/stage-10,Tour de Suisse,50,,166000,1817.4649654428213,,809,,1,0,0,1983-06-24,0.010948584129173622,0.0,0.0
volta-a-catalunya/1992/stage-6,Volta Ciclista a Catalunya,50,,153000,1239.216765864256,,758,,1,0,0,1992-09-14,0.00809945598604089,5.0,22.1201265819163
tour-de-france/1992/stage-8,Tour de France,100,,206500,2609.0,1,2047,,1,0,0,1992-07-12,0.012634382566585957,258.0,252.3242766387267
giro-d-italia/1996/stage-19,Giro d'Italia,80,,62000,784.683884404008,,1034,,1,0,0,1996-06-06,0.012656191683935614,513.0,187.0089575117549
tour-de-france/1994/stage-20,Tour de France,100,,208500,2500.0,2,1731,,1,0,0,1994-07-23,0.011990407673860911,0.0,0.0
tour-de-france/1978/stage-13,Tour de France,100,,221000,5174.0,5,1241,,1,0,0,1978-07-13,0.023411764705882354,578.0,517.0641234751138
dauphine/2003/stage-1,Critérium du Dauphiné Libéré,50,,198000,2508.525224020666,,572,,1,0,0,2003-06-09,0.012669319313235687,0.0,268.2362085331059
ronde-van-vlaanderen/2001/result,Ronde van Vlaanderen / Tour des Flandres,275,,269000,3583.173806600732,2,1028,,0,0,0,2001-04-09,0.013320348723422795,246.0,251.71518497918342
volta-a-catalunya/1977/stage-7b,Volta Ciclista a Catalunya,50,,109800,1620.7701930472547,,490,,1,0,0,1977-09-14,0.01476111286928283,2.0,0.3920784235278427
vuelta-a-espana/1996/stage-20,Vuelta a España,80,,209500,4056.0,,988,,1,0,0,1996-09-27,0.01936038186157518,1538.0,674.7390622299487
la-fleche-wallone/1976/result,La Flèche Wallonne,225,,227000,2882.297596306101,,542,,0,0,0,1976-04-15,0.012697346239233924,683.5,299.03236805211765
tour-de-france/2007/stage-20,Tour de France,100,,146000,796.0,1,1612,,1,0,0,2007-07-29,0.005452054794520548,15.0,14.63910904771088
ronde-van-vlaanderen/2011/result,Ronde van Vlaanderen / Tour des Flandres ME,275,,258000,2043.0,2,1013,,0,0,0,2011-04-03,0.007918604651162791,757.0,422.5359904496033
vuelta-a-espana/1980/stage-9,Vuelta a España,80,,138000,1383.986695941982,,520,,1,0,0,1980-05-01,0.010028889101028855,349.0,37.54018395425316
giro-d-italia/2010/stage-20,Giro d'Italia,80,16,178000,4849.0,5,878,,1,0,0,2010-05-29,0.027241573033707864,1891.0,882.4471317061949
dauphine/2020/stage-2,Critérium du Dauphiné,50,60,135000,2878.0,5,1243,,1,0,0,2020-08-13,0.021318518518518518,1019.0,593.9795782792011
volta-a-catalunya/2009/stage-4,Volta Ciclista a Catalunya,50,,175700,3165.095413608175,5,668,,1,0,0,2009-05-21,0.01801420269555023,810.0,448.46158254824
vuelta-a-espana/2010/stage-13,Vuelta a España,80,16,193700,2305.0,1,1123,,1,0,0,2010-09-10,0.01189984512132163,0.0,48.167368679423184
la-fleche-wallone/2014/result,La Flèche Wallonne,225,,199000,2645.0,3,977,,0,0,0,2014-04-23,0.01329145728643216,257.0,179.64542636693926
omloop-het-nieuwsblad/1978/result,Omloop Het Volk,125,,218000,1650.3566858180432,,493,,0,0,0,1978-03-04,0.007570443512926803,38.0,99.15996634091393
tour-de-france/2004/stage-14,Tour de France,100,,192500,1808.0,1,1555,,1,0,0,2004-07-18,0.009392207792207792,852.0,208.7022025966691
ronde-van-vlaanderen/2015/result,Ronde van Vlaanderen / Tour des Flandres ME,275,,264900,2174.0,2,829,,0,0,0,2015-04-05,0.008206870517176293,428.0,267.57213229068316
paris-nice/1980/stage-2,Paris - Nice,50,,187000,1536.8063204009477,,1128,,1,0,0,1980-03-07,0.008218215617117367,71.0,21.66412894068489
tour-de-suisse/1975/stage-5,Tour de Suisse,50,,228000,2830.569419217294,,549,,1,0,0,1975-06-16,0.012414778154461816,0.0,0.0
tour-de-suisse/2017/stage-6,Tour de Suisse,50,60,166700,4195.0,4,855,,1,0,0,2017-06-15,0.02516496700659868,1499.0,818.3649463843782
dauphine/2011/stage-5,Critérium du Dauphiné,50,6,210000,3282.0,,958,,1,0,0,2011-06-10,0.01562857142857143,438.0,435.56813185328303
giro-d-italia/1993/stage-13,Giro d'Italia,80,,217000,2182.436693497938,,1089,,1,0,0,1993-06-05,0.010057311951603401,0.0,0.0
volta-a-catalunya/1992/stage-4,Volta Ciclista a Catalunya,50,,21500,181.8751563855035,,758,,1,0,0,1992-09-12,0.008459309599325743,16.0,13.863621460498695
dauphine/2008/stage-8,Critérium du Dauphiné Libéré,50,,128000,2191.393273860819,,644,,1,0,0,2008-06-15,0.01712025995203765,160.0,355.3549265618471
vuelta-a-espana/2021/stage-17,La Vuelta ciclista a España,80,100,185800,4519.0,5,1023,21,1,0,0,2021-09-01,0.024321851453175457,2126.0,839.5505998761017
tirreno-adriatico/2004/stage-7,Tirreno-Adriatico,50,,162000,2045.8557896974878,1,926,,1,0,0,2004-03-16,0.012628739442577086,0.0,12.41195415675672
tour-de-france/1991/stage-5,Tour de France,100,,149500,1191.0,1,1933,,1,0,0,1991-07-10,0.007966555183946488,13.0,24.90906386755014
giro-d-italia/1994/stage-12,Giro d'Italia,80,,204000,814.5554912084856,,1292,,1,0,0,1994-06-02,0.0039929190745514,2.0,0.8432740427115678
tour-de-suisse/2013/stage-7,Tour de Suisse,50,6,206000,3513.0,4,960,,1,0,0,2013-06-14,0.017053398058252428,1035.0,577.3540631069703
tirreno-adriatico/2000/stage-7,Tirreno-Adriatico,50,,214000,2509.0038027439136,,1197,,1,0,0,2000-03-14,0.011724316835251932,39.0,278.96687252501243
giro-d-italia/2002/stage-11,Giro d'Italia,50,,140000,2864.0,5,920,,1,0,0,2002-05-23,0.020457142857142858,496.0,337.4575306967536
vuelta-a-espana/2020/stage-17,La Vuelta ciclista a España,80,100,178200,4365.0,5,692,,1,0,0,2020-11-07,0.024494949494949497,1588.0,841.423440419193
dauphine/1984/stage-7b,Critérium du Dauphiné Libéré,50,,32000,485.70869047889346,,529,,1,0,0,1984-06-04,0.015178396577465421,217.0,93.22394383259972
paris-nice/1982/stage-7a,Paris - Nice,50,,60300,480.4590637448707,,721,,1,0,0,1982-03-18,0.0079678120024025,0.0,0.0
milano-sanremo/1990/result,Milano-Sanremo,275,,294000,2165.322597397826,,740,,0,0,0,1990-03-17,0.007365042848291925,62.0,169.36204226200547
tour-de-suisse/2007/stage-1,Tour de Suisse,50,,158600,1554.3049714681003,,1089,,1,0,0,2007-06-17,0.009800157449357505,0.0,111.22982880818925
tour-de-france/2002/stage-2,Tour de France,100,,181000,2860.0,1,1489,,1,0,0,2002-07-08,0.01580110497237569,0.0,95.34545683058222
tour-de-france/2007/prologue,Tour de France,100,,7900,33.0,1,1612,,1,0,0,2007-07-07,0.004177215189873418,56.0,15.51211545696474
tirreno-adriatico/1996/stage-2,Tirreno-Adriatico,50,,180000,1047.8985830089744,,585,,1,0,0,1996-03-14,0.005821658794494302,0.0,0.0
tour-de-france/2001/stage-20,Tour de France,100,,160500,1873.0,1,1496,,1,0,0,2001-07-29,0.011669781931464174,0.0,7.592575180566208
tour-de-france/1988/stage-14,Tour de France,100,,163000,3000.0,5,1941,,1,0,0,1988-07-17,0.018404907975460124,1011.0,394.7104393211446
paris-nice/1981/stage-4,Paris - Nice,50,,189000,2375.920985542098,,821,,1,0,0,1981-03-15,0.012571010505513748,309.0,112.54448009564928
tour-de-suisse/2015/stage-3,Tour de Suisse,50,6,117300,2213.0,5,1048,,1,0,0,2015-06-15,0.01886615515771526,528.0,405.3625396430476
tour-de-france/1999/stage-4,Tour de France,100,,194500,1158.0,1,1255,,1,0,0,1999-07-07,0.005953727506426735,0.0,5.633653516862033
dauphine/1989/stage-4,Critérium du Dauphiné Libéré,50,,155700,876.2858258692711,,603,,1,0,0,1989-06-02,0.005628039986315165,0.0,0.0
giro-d-italia/2019/stage-17,Giro d'Italia,80,100,181000,3482.0,5,896,,1,0,0,2019-05-29,0.01923756906077348,770.0,634.4018147731078
vuelta-a-espana/1982/stage-1a,Vuelta a España,80,,97000,1351.3967355834861,,523,,1,0,0,1982-04-21,0.013931925109108104,0.0,0.0
strade-bianche/2010/result,Montepaschi Strade Bianche - Eroica Toscana,75,,190000,2549.7301503585354,3,687,,0,0,0,2010-03-06,0.013419632370308082,375.0,181.30352452711
ronde-van-vlaanderen/2019/result,Ronde van Vlaanderen - Tour des Flandres ME,275,500,267000,2164.0,2,881,,0,0,0,2019-04-07,0.008104868913857678,377.0,213.19722869348146
tour-de-france/2019/stage-4,Tour de France,100,120,213500,1555.0,2,1699,,1,0,0,2019-07-09,0.007283372365339579,0.0,106.0585673474435
vuelta-a-espana/2018/stage-13,La Vuelta ciclista a España,80,100,174800,3334.0,5,1036,,1,0,0,2018-09-07,0.019073226544622426,677.0,656.9537748787324
dauphine/1992/stage-4,Critérium du Dauphiné Libéré,50,,164000,993.7481620851463,,492,,1,0,0,1992-06-04,0.006059440012714306,62.0,19.60612149304395
tour-de-france/2023/stage-13,Tour de France,100,210,137800,2413.0,5,1584,28,1,0,0,2023-07-14,0.01751088534107402,1339.0,515.9146813076417
tour-de-suisse/1975/stage-4,Tour de Suisse,50,,228000,2830.569419217294,,549,,1,0,0,1975-06-15,0.012414778154461816,0.0,0.0
la-fleche-wallone/2009/result,La Flèche Wallonne,225,,195500,2655.9037815281818,3,1032,,0,0,0,2009-04-22,0.013585185583264357,180.0,119.13797408051283
tirreno-adriatico/2015/stage-3,Tirreno-Adriatico,50,6,203000,1936.0,2,1017,,1,0,0,2015-03-13,0.009536945812807882,36.0,114.0538796860253
ronde-van-vlaanderen/1999/result,Ronde van Vlaanderen / Tour des Flandres,275,,270000,2793.679987482197,2,993,,0,0,0,1999-04-04,0.010346962916600729,112.0,276.20070102201635
volta-a-catalunya/2009/stage-5,Volta Ciclista a Catalunya,50,,201300,2130.4658355567944,1,668,,1,0,0,2009-05-22,0.01058353619253251,0.0,108.79748257549483
tour-de-romandie/2022/stage-4,Tour de Romandie,50,60,180100,4158.0,5,508,14,1,0,0,2022-04-30,0.02308717379233759,483.0,620.416617639889
tour-de-france/1985/stage-18a,Tour de France,100,,52500,2412.0,5,1470,,1,0,0,1985-07-17,0.04594285714285714,297.0,141.5686466170418
itzulia-basque-country/2001/stage-3,Vuelta al País Vasco,50,,162000,2731.2664593653185,,898,,1,0,0,2001-04-11,0.01685966950225505,457.0,387.7599099171441
tirreno-adriatico/1991/stage-7,Tirreno-Adriatico,50,,188000,2221.392308013756,,710,,1,0,0,1991-03-19,0.011815916531988064,0.0,0.0
vuelta-a-espana/2015/stage-17,Vuelta a España,80,16,38700,328.0000000000002,1,1115,,1,0,0,2015-09-09,0.008475452196382434,315.0,111.06735586682476
san-sebastian/1984/result,Clasica Ciclista San Sebastian,225,,244000,3034.5961196199496,,451,,0,0,0,1984-08-16,0.012436869342704712,176.0,132.05251364304655
gp-quebec/2022/result,Grand Prix Cycliste de Québec,225,500,201600,2508.0,3,866,18,0,0,0,2022-09-09,0.012440476190476191,167.0,229.26996220085823
milano-sanremo/2000/result,Milano-Sanremo,275,,294000,3137.593455031685,,1566,,0,0,0,2000-03-18,0.010672086581740426,214.0,236.11660018448842
tour-de-suisse/1987/stage-9,Tour de Suisse,50,,145500,1422.1158292351479,,673,,1,0,0,1987-06-24,0.00977399195350617,98.0,41.16869090839677
milano-sanremo/2005/result,Milano-Sanremo,275,,294000,2238.22235971363,,1305,,0,0,0,2005-03-19,0.007613001223515748,255.0,382.6959658846097
tour-de-france/1987/prologue,Tour de France,100,,6100,72.0,1,1812,,1,0,0,1987-07-01,0.01180327868852459,37.0,31.7929896914104
tour-de-romandie/2023/stage-4,Tour de Romandie,50,60,161600,4308.0,5,539,14,1,0,0,2023-04-29,0.026658415841584158,1085.0,791.7975235918145
giro-d-italia/2019/stage-7,Giro d'Italia,80,100,185000,2626.0,2,896,,1,0,0,2019-05-17,0.014194594594594595,376.0,466.716871707116
volta-a-catalunya/1995/stage-7,Volta Ciclista a Catalunya,50,,198400,3913.0,,737,,1,0,0,1995-06-22,0.019722782258064515,11.0,4.029823033857756
dauphine/2001/stage-4,Criterium du Dauphiné Libére,50,,43000,582.6798353643546,,442,,1,0,0,2001-06-14,0.013550693845682665,333.0,169.92257868166195
giro-d-italia/1993/stage-9,Giro d'Italia,80,,219000,2159.7976402089466,,1089,,1,0,0,1993-06-01,0.00986208968131939,7.0,3.3813212407775355
tour-de-france/2013/stage-6,Tour de France,100,20,176500,837.0,1,1690,,1,0,0,2013-07-04,0.004742209631728046,5.0,146.8703917975751
giro-d-italia/2013/stage-5,Giro d'Italia,80,16,203000,1490.0,2,930,,1,0,0,2013-05-08,0.0073399014778325125,75.0,317.7380482370166
vuelta-a-espana/1989/stage-12,Vuelta a España,80,,186500,4931.0,,803,,1,0,0,1989-05-05,0.026439678284182307,9.5,22.774498408917324
dauphine/2018/stage-2,Critérium du Dauphiné,50,60,181000,2336.0,4,762,,1,0,0,2018-06-05,0.012906077348066298,0.0,265.39641905817996
liege-bastogne-liege/2013/result,Liège - Bastogne - Liège,275,,257500,3755.0,3,1175,,0,0,0,2013-04-21,0.01458252427184466,316.0,300.2395056544918
tour-de-romandie/1993/stage-6,Tour de Romandie,50,,186400,1081.5136632792478,,551,,1,0,0,1993-05-09,0.0058021119274637755,0.0,0.0
giro-d-italia/2018/stage-17,Giro d'Italia,80,100,155000,2040.0,2,838,,1,0,0,2018-05-23,0.013161290322580645,23.0,262.24981155685083
vuelta-a-espana/2021/stage-11,La Vuelta ciclista a España,80,100,133600,2647.0,3,1023,,1,0,0,2021-08-25,0.019812874251497005,548.0,309.7989411640926
dauphine/2019/stage-7,Critérium du Dauphiné,50,60,133500,4343.0,5,973,,1,0,0,2019-06-15,0.03253183520599251,1216.0,593.9637616498771
dauphine/2002/stage-7,Critérium du Dauphiné Libéré,50,,150000,2050.172613786674,,602,,1,0,0,2002-06-16,0.013667817425244493,311.0,76.00243073686292
vuelta-a-espana/2003/stage-2,Vuelta a España,80,,148000,2045.0,4,935,,1,0,0,2003-09-07,0.013817567567567567,359.0,341.0110866156979
giro-d-italia/2023/stage-11,Giro d'Italia,80,180,219000,2430.0,2,835,15,1,0,0,2023-05-17,0.011095890410958905,0.0,215.3984288737897
vuelta-a-espana/1999/stage-9,Vuelta a España,80,,185800,2076.0,,1342,,1,0,0,1999-09-13,0.01117330462863294,510.5,413.37034880516677
giro-d-italia/2010/stage-17,Giro d'Italia,80,16,173000,2871.0,5,878,,1,0,0,2010-05-26,0.016595375722543354,826.0,282.02738958622655
tour-de-romandie/1992/stage-4a,Tour de Romandie,50,,124400,2267.946485094672,,343,,1,0,0,1992-05-09,0.018231081069892862,0.0,0.0
volta-a-catalunya/1981/stage-1,Volta Ciclista a Catalunya,50,,190000,4054.5002045881247,,388,,1,0,0,1981-09-04,0.02133947476099013,0.0,0.0
paris-roubaix/1996/result,Paris - Roubaix,275,,262000,3216.6338287819226,1,423,,0,0,0,1996-04-14,0.012277228354129475,465.0,245.3983129251951
tour-de-romandie/2007/prologue,Tour de Romandie,50,,3500,29.274721942296765,,674,,1,0,0,2007-05-01,0.008364206269227648,23.0,12.638467101489365
vuelta-a-espana/1994/stage-12,Vuelta a España,80,,226700,1078.0,,791,,1,0,0,1994-05-06,0.004755183061314513,6.0,2.5298221281347035
tour-de-france/1987/stage-15,Tour de France,100,,164000,1766.0,2,1812,,1,0,0,1987-07-15,0.010768292682926828,774.0,221.45023718476205
volta-a-catalunya/2015/stage-6,Volta Ciclista a Catalunya,50,6,194100,2463.0,2,817,,1,0,0,2015-03-28,0.01268933539412674,110.0,211.46433156110032
tour-de-suisse/2017/stage-2,Tour de Suisse,50,60,172700,2611.0,2,855,,1,0,0,2017-06-11,0.015118702953097857,593.0,354.7286838887953
giro-d-italia/2010/stage-7,Giro d'Italia,80,16,220000,2373.0,2,878,,1,0,0,2010-05-15,0.010786363636363636,1226.0,526.9221349092387
vuelta-a-espana/2009/stage-10,Vuelta a España,80,,162000,1529.0,2,1220,,1,0,0,2009-09-08,0.009438271604938271,601.0,313.26654353195846
tour-de-suisse/2013/stage-1,Tour de Suisse,50,6,8100,101.0,1,960,,1,0,0,2013-06-08,0.012469135802469136,49.0,18.835011690787645
dauphine/2005/stage-6,Critérium du Dauphiné Libéré,50,,155000,3359.601645230944,,933,,1,0,0,2005-06-11,0.021674849324070607,1244.0,632.9524477554271
paris-nice/2012/prologue,Paris - Nice,50,6,9400,87.0,2,1079,,1,0,0,2012-03-04,0.00925531914893617,43.0,32.41921628317971
volta-a-catalunya/2000/stage-8,Volta a Catalunya,50,,12800,385.4487977465542,5,697,,1,0,0,2000-06-22,0.030113187323949547,181.0,99.80375549241425
tour-de-france/2008/stage-13,Tour de France,100,,182000,1405.0,1,1520,,1,0,0,2008-07-18,0.00771978021978022,11.0,45.81424764165721
vuelta-a-espana/1987/stage-20,Vuelta a España,80,,183000,4541.0,,838,,1,0,0,1987-05-13,0.024814207650273225,100.0,31.622776601683793
vuelta-a-espana/1996/stage-13,Vuelta a España,80,,159000,3051.0,,988,,1,0,0,1996-09-20,0.01918867924528302,1081.0,469.5029713493658
tour-de-france/1987/stage-8,Tour de France,100,,205500,1351.0,1,1812,,1,0,0,1987-07-08,0.006574209245742093,0.0,96.57747641445862
dauphine/2011/stage-2,Critérium du Dauphiné,50,6,179000,1479.0,,958,,1,0,0,2011-06-07,0.008262569832402235,6.0,191.1909000892013
giro-d-italia/2001/stage-14,Giro d'Italia,80,,163000,3128.0,4,920,,1,0,0,2001-06-02,0.019190184049079753,0.0,0.0
tour-de-suisse/1982/stage-8,Tour de Suisse,50,,190000,2630.8542637257005,,657,,1,0,0,1982-06-24,0.013846601388030002,338.5,370.80817143099745
vuelta-a-espana/1981/stage-15b,Vuelta a España,80,,11300,286.64107360509206,,457,,1,0,0,1981-05-06,0.02536646669071611,87.5,63.838044105363274
tour-de-romandie/1981/stage-3,Tour de Romandie,50,,180900,2372.69928538103,,439,,1,0,0,1981-05-08,0.0131160822851356,15.0,14.046351839534706
vuelta-a-espana/2008/stage-20,Vuelta a España,80,,17100,724.0000000000002,5,1101,,1,0,0,2008-09-20,0.04233918128654972,261.0,94.1477088121335
tour-de-suisse/2000/stage-7,Tour de Suisse,50,,171000,2367.2894900458377,,895,,1,0,0,2000-06-19,0.01384379818740256,26.0,323.0261443107305
dauphine/1989/stage-6a,Critérium du Dauphiné Libéré,50,,84500,1512.3123967401118,,603,,1,0,0,1989-06-04,0.017897188127101914,29.0,12.887978895078934
dauphine/1992/stage-8,Critérium du Dauphiné Libéré,50,,32500,325.665199063621,,492,,1,0,0,1992-06-08,0.01002046766349603,87.5,41.32257924616462
paris-nice/2002/stage-1,Paris - Nice,50,,176000,2735.493234953273,,883,,1,0,0,2002-03-11,0.01554257519859814,0.0,4.691515396539337
vuelta-a-espana/2013/stage-4,Vuelta a España,80,16,189000,2799.0,3,1128,,1,0,0,2013-08-27,0.014809523809523809,161.5,401.77602407525063
dauphine/1992/stage-3,Critérium du Dauphiné Libéré,50,,176000,978.7118615201357,,492,,1,0,0,1992-06-03,0.005560862849546226,0.0,0.0
vuelta-a-espana/1998/stage-11,Vuelta a España,80,,186000,3709.0,,1309,,1,0,0,1998-09-16,0.019940860215053764,841.0,577.9257827810159
tour-de-romandie/2023/stage-1,Tour de Romandie,50,60,170900,2323.0,2,539,13,1,0,0,2023-04-26,0.013592744294909304,0.0,258.3606622497408
tour-de-suisse/1985/stage-8,Tour de Suisse,50,,232000,3636.2787318776163,,699,,1,0,0,1985-06-18,0.015673615223610417,27.0,11.022703842524301
e3-harelbeke/2023/result,E3 Saxo Classic,225,400,204100,2017.0,2,860,13,0,0,0,2023-03-24,0.009882410583047526,467.0,194.93301515146067
liege-bastogne-liege/2023/result,Liège-Bastogne-Liège,275,800,258100,4443.0,2,1042,12,0,0,0,2023-04-23,0.017214258039519564,624.0,381.4509709470007
vuelta-a-espana/2009/stage-21,Vuelta a España,80,,110200,903.0000000000002,1,1220,,1,0,0,2009-09-20,0.008194192377495465,16.0,21.38643282902818
giro-d-italia/2021/stage-12,Giro d'Italia,80,100,212000,4433.0,4,885,,1,0,0,2021-05-20,0.020910377358490564,1066.0,480.5767058290961
vuelta-a-espana/2002/stage-6,Vuelta a España,80,,153100,2817.0,5,1084,,1,0,0,2002-09-12,0.018399738732854342,751.0,405.09955318278185
world-championship/1974/result,World Championships - Road Race,350,,262500,4976.0,,1128,,0,0,0,1974-08-25,0.018956190476190477,238.5,351.29795278934796
vuelta-a-espana/2001/stage-6,Vuelta a España,80,,180600,2382.0,2,971,,1,0,0,2001-09-13,0.013189368770764119,191.0,473.5170118770229
vuelta-a-espana/2016/stage-19,Vuelta a España,80,100,37000,446.0,1,821,,1,0,0,2016-09-09,0.012054054054054054,371.0,130.8821713584517
volta-a-catalunya/1998/stage-2,Volta Ciclista a Catalunya,50,,172700,2103.0218205819865,,859,,1,0,0,1998-06-19,0.012177312221088515,0.0,92.15500572060684
giro-d-italia/2005/stage-20,Giro d'Italia,80,,119000,366.0,1,929,,1,0,0,2005-05-29,0.0030756302521008404,0.0,9.635818938861219
tour-de-romandie/2005/stage-3,Tour de Romandie,50,,146500,3720.7078422271215,,799,,1,0,0,2005-04-29,0.025397323155133936,795.0,593.3640974937534
vuelta-a-espana/2016/stage-16,Vuelta a España,80,100,156400,1514.0,2,821,,1,0,0,2016-09-05,0.009680306905370844,35.5,113.19695628754214
giro-d-italia/1992/stage-6,Giro d'Italia,80,,232000,1571.1045473793351,,953,,1,0,0,1992-05-30,0.006772002359393686,56.0,22.99009448533095
milano-sanremo/2013/result,Milano-Sanremo,275,,245000,310.0,2,1165,,0,0,0,2013-03-17,0.0012653061224489797,313.0,299.17569992844295
tour-de-romandie/1984/stage-3,Tour de Romandie,50,,137000,1333.2335341122496,,491,,1,0,0,1984-05-11,0.009731631635855836,0.0,0.0
tour-de-suisse/1970/stage-4,Tour de Suisse,50,,199000,4134.365728965939,,393,,1,0,0,1970-06-14,0.02077570718073336,0.0,0.0
tirreno-adriatico/1995/stage-6,Tirreno-Adriatico,50,,180000,1391.974091336193,,749,,1,0,0,1995-03-13,0.007733189396312183,0.0,0.0
giro-d-italia/2004/stage-5,Giro d'Italia,80,,177000,1549.0,3,621,,1,0,0,2004-05-13,0.008751412429378531,37.0,111.33460422062156
tour-de-suisse/2018/stage-4,Tour de Suisse,50,60,189000,2467.0,5,956,,1,0,0,2018-06-12,0.013052910052910052,127.0,254.63099391503064
giro-d-italia/2000/stage-8,Giro d'Italia,80,,255000,4138.0,4,866,,1,0,0,2000-05-21,0.016227450980392157,552.0,619.6915037926179
la-fleche-wallone/1989/result,La Flèche Wallonne,225,,253000,3737.996170457598,,684,,0,0,0,1989-04-12,0.01477468842078102,149.0,152.24012381609248
tour-de-france/1987/stage-20,Tour de France,100,,201000,5500.0,5,1812,,1,0,0,1987-07-21,0.02736318407960199,1119.5,544.6376956803258
giro-d-italia/2014/stage-2,Giro d'Italia,80,16,219000,1349.0,1,892,,1,0,0,2014-05-10,0.006159817351598174,3.0,33.762238124590915
tirreno-adriatico/1996/stage-3,Tirreno-Adriatico,50,,206000,1684.4641654508882,,585,,1,0,0,1996-03-15,0.008177010511897516,106.0,47.757721888716596
tour-de-france/1999/stage-17,Tour de France,100,,199000,1444.0,1,1255,,1,0,0,1999-07-22,0.007256281407035176,8.0,37.27613135999393
tour-de-france/1982/stage-8,Tour de France,100,,205000,2823.0,2,1492,,1,0,0,1982-07-11,0.013770731707317073,4.0,148.28143510449485
giro-d-italia/2009/stage-20,Giro d'Italia,80,,203000,1577.0,3,975,,1,0,0,2009-05-30,0.007768472906403941,120.0,267.48455494014553
world-championship/2009/result,World Championships ME - Road Race,350,,262200,4819.0,,1439,,0,0,0,2009-09-27,0.018379099923722348,320.0,250.71050214218997
volta-a-catalunya/1998/stage-7,Volta Ciclista a Catalunya,50,,231700,3681.7078321085664,5,859,,1,0,0,1998-06-24,0.015889977695764206,684.0,549.2321936321011
vuelta-a-espana/2011/stage-20,Vuelta a España,80,,187000,3206.0,2,1170,,1,0,0,2011-09-10,0.017144385026737968,623.0,423.96908547648076
tour-de-suisse/2003/stage-5,Tour de Suisse,50,,177800,3480.079835305571,,660,,1,0,0,2003-06-21,0.019573002448287802,1001.0,498.69946323297495
vuelta-a-espana/2014/stage-17,Vuelta a España,80,16,190700,2761.0,1,1175,,1,0,0,2014-09-10,0.014478238070267435,33.0,149.2596538923995
giro-d-italia/2009/stage-7,Giro d'Italia,80,,244000,2501.0,2,975,,1,0,0,2009-05-15,0.01025,58.0,119.81817080224498
tour-de-france/1993/stage-12,Tour de France,100,,286000,3500.0,2,1804,,1,0,0,1993-07-16,0.012237762237762238,1262.0,217.5107695751866
tour-de-france/1999/stage-20,Tour de France,100,,160000,1696.0,1,1255,,1,0,0,1999-07-25,0.0106,0.0,0.0
volta-a-catalunya/2012/stage-6,Volta Ciclista a Catalunya,50,6,169400,2322.8360841801086,2,760,,1,0,0,2012-03-24,0.01371213745088612,16.0,134.19725564445037
volta-a-catalunya/2017/stage-4,Volta Ciclista a Catalunya,50,50,134000,2217.0,4,883,,1,0,0,2017-03-23,0.016544776119402985,72.0,153.28795610286252
vuelta-a-espana/1986/stage-16,Vuelta a España,80,,264000,2500.0,,843,,1,0,0,1986-05-08,0.00946969696969697,15.0,5.186520991955976
tirreno-adriatico/2022/stage-4,Tirreno-Adriatico,50,60,202000,3092.0,3,1059,,1,0,0,2022-03-10,0.015306930693069307,526.0,500.01856740500523
paris-nice/1981/prologue,Paris - Nice,50,,7300,60.965584555608075,,821,,1,0,0,1981-03-11,0.008351449939124393,29.0,9.92063366585098
il-lombardia/2021/result,Il Lombardia,275,500,239000,4659.0,2,1069,13,0,0,0,2021-10-09,0.019493723849372386,666.0,498.5628089307813
vuelta-a-espana/1983/stage-11,Vuelta a España,80,,135000,1863.0596227853987,,705,,1,0,0,1983-04-30,0.013800441650262212,14.0,393.814096879377
giro-d-italia/1999/stage-7,Giro d'Italia,80,,153000,1451.9297922216415,,1057,,1,0,0,1999-05-21,0.009489737204063016,6.0,141.5951747307464
giro-d-italia/2018/stage-3,Giro d'Italia,80,100,229000,1771.0,2,838,,1,0,0,2018-05-06,0.007733624454148472,0.0,76.46104938866829
tour-de-suisse/2015/stage-6,Tour de Suisse,50,6,193100,1296.0,2,1048,,1,0,0,2015-06-18,0.006711548420507509,16.5,66.53547552035307
tirreno-adriatico/1994/stage-1,Tirreno-Adriatico,50,,99800,1605.5560996854706,,727,,1,0,0,1994-03-09,0.016087736469794296,0.0,0.0
volta-a-catalunya/2000/stage-7,Volta a Catalunya,50,,154000,4159.892594658377,,697,,1,0,0,2000-06-21,0.027012289575703747,1199.0,727.8154275876648
tirreno-adriatico/1997/stage-5,Tirreno-Adriatico,50,,187000,1765.4749051018393,,692,,1,0,0,1997-03-17,0.009441042273271869,0.0,0.0
tour-de-france/1991/stage-8,Tour de France,100,,73000,934.0,1,1933,,1,0,0,1991-07-13,0.012794520547945205,504.5,223.60880722803134
giro-d-italia/2004/stage-10,Giro d'Italia,80,,146000,2215.0,2,621,,1,0,0,2004-05-18,0.01517123287671233,0.0,249.34397719076867
itzulia-basque-country/1998/stage-1,Vuelta Ciclista al País Vasco,50,,116000,2404.312832915727,,982,,1,0,0,1998-04-06,0.02072683476651489,405.0,175.63133461523765
volta-a-catalunya/1981/prologue,Volta Ciclista a Catalunya,50,,3800,370.94483633534037,,388,,1,0,0,1981-09-03,0.09761706219351063,8.5,3.32665998663324
tour-de-suisse/1984/stage-6,Tour de Suisse,50,,230000,3595.7585017520505,,646,,1,0,0,1984-06-19,0.01563373261631326,117.0,86.35102778774552
tour-de-france/2009/stage-6,Tour de France,100,,181500,2227.0,3,1557,,1,0,0,2009-07-09,0.012269972451790633,70.0,168.91662376165158
vuelta-a-espana/2004/stage-2,Vuelta a España,80,,207000,1070.0,1,1177,,1,0,0,2004-09-05,0.005169082125603864,0.0,40.695925387263706
paris-nice/1975/prologue,Paris - Nice,50,,1700,103.9254804572497,,951,,1,0,0,1975-03-09,0.06113263556308806,4.0,1.866604008973459
tour-de-france/2003/stage-17,Tour de France,100,,181000,808.0,1,1688,,1,0,0,2003-07-24,0.004464088397790055,486.0,116.35016408286968
dauphine/2000/stage-2,Criterium du Dauphiné Libére,50,,210000,2577.0693080288,,494,,1,0,0,2000-06-06,0.012271758609660953,20.0,337.3387675685306
vuelta-a-espana/1984/stage-2,Vuelta a España,80,,202000,1906.73442263549,,747,,1,0,0,1984-04-19,0.009439279319977673,0.0,0.0
tour-de-suisse/1981/prologue,Tour de Suisse,50,,10000,59.1906859505616,,516,,1,0,0,1981-06-10,0.00591906859505616,0.0,0.0
vuelta-a-espana/2015/stage-7,Vuelta a España,80,16,191100,3318.0,5,1115,,1,0,0,2015-08-28,0.01736263736263736,1005.0,542.8431747454624
itzulia-basque-country/2007/stage-5,Vuelta al País Vasco,50,,169000,3636.542426023676,,1002,,1,0,0,2007-04-13,0.021518002520850153,906.0,546.1631677116098
world-championship/2008/result,World Championships ME - Road Race,350,,260000,4755.0,,1253,,0,0,0,2008-09-28,0.018288461538461538,293.0,257.7839116153669
milano-sanremo/1995/result,Milano-Sanremo,275,,294000,3147.820477023521,,1599,,0,0,0,1995-03-18,0.010706872370828303,395.0,227.4930808782638
tour-de-suisse/2004/stage-7,Tour de Suisse,50,,133000,2818.3719990612794,,676,,1,0,0,2004-06-18,0.021190766910235182,701.0,417.75650720665146
la-fleche-wallone/1970/result,La Flèche Wallonne,225,,225000,2699.713284805189,,546,,0,0,0,1970-04-19,0.011998725710245283,153.0,59.427427942989354
giro-d-italia/2014/stage-20,Giro d'Italia,80,16,167000,4150.0,5,892,,1,0,0,2014-05-31,0.024850299401197606,922.5,485.4118380963762
vuelta-a-espana/1992/stage-3,Vuelta a España,80,,205000,1072.0,,1033,,1,0,0,1992-04-29,0.005229268292682927,0.0,0.0
tirreno-adriatico/2017/stage-3,Tirreno-Adriatico,50,60,204000,2291.0,1,1036,,1,0,0,2017-03-10,0.011230392156862746,0.0,191.26963863457968
giro-d-italia/1992/stage-15,Giro d'Italia,80,,166000,891.3754075392724,,953,,1,0,0,1992-06-08,0.005369731370718508,53.0,28.233943322808376
tour-de-suisse/1996/stage-7,Tour de Suisse,50,,232000,3743.604336810112,,971,,1,0,0,1996-06-18,0.01613622558969876,1343.0,513.0317511390183
dauphine/2010/stage-4,Critérium du Dauphiné,50,6,49000,840.594386090007,,673,,1,0,0,2010-06-09,0.017154987471224632,328.0,130.89569206762056
vuelta-a-espana/1991/stage-20,Vuelta a España,80,,212700,3813.0,,1042,,1,0,0,1991-05-18,0.017926657263751762,6.0,3.0425553170226594
tour-de-suisse/2014/stage-7,Tour de Suisse,50,6,24700,408.0,2,944,,1,0,0,2014-06-20,0.01651821862348178,191.0,81.70888843486004
vuelta-a-espana/1980/stage-12,Vuelta a España,80,,133000,1406.8177608152473,,520,,1,0,0,1980-05-04,0.010577577148986822,373.0,111.49634796845301
tour-de-france/1988/prologue,Tour de France,100,,1000,44.0,1,1941,,1,0,0,1988-07-03,0.044,6.5,4.428361955665956
tour-de-suisse/1976/stage-9b,Tour de Suisse,50,,23500,500.39337609438553,,377,,1,0,0,1976-06-18,0.021293335152952574,30.5,17.352953639078276
tour-de-france/2016/stage-9,Tour de France,100,120,184000,4948.0,5,1758,,1,0,0,2016-07-10,0.02689130434782609,1870.0,687.3043889955574
dauphine/2004/stage-2,Critérium du Dauphiné Libéré,50,,181000,2566.960506249833,,737,,1,0,0,2004-06-08,0.014182102244474215,315.0,459.0361760642756
tour-de-suisse/1985/stage-5,Tour de Suisse,50,,175000,1942.479861802035,,699,,1,0,0,1985-06-15,0.011099884924583057,0.0,0.0
vuelta-a-espana/1985/stage-14,Vuelta a España,80,,201000,3000.0,,925,,1,0,0,1985-05-07,0.014925373134328358,341.0,146.22290076749525
giro-d-italia/2012/stage-18,Giro d'Italia,80,16,149000,1009.0,1,886,,1,0,0,2012-05-24,0.0067718120805369125,0.0,39.45439706917048
tour-de-france/1995/stage-17,Tour de France,100,,210000,2237.0,1,1871,,1,0,0,1995-07-20,0.010652380952380953,0.0,46.2863091398861
vuelta-a-espana/1985/stage-6,Vuelta a España,80,,145000,3500.0,,925,,1,0,0,1985-04-29,0.02413793103448276,345.0,202.83099085867815
itzulia-basque-country/2012/stage-6,Vuelta Ciclista al País Vasco,50,6,18900,290.0,,928,,1,0,0,2012-04-07,0.015343915343915344,123.0,69.11645411061154
dauphine/1990/stage-7,Critérium du Dauphiné Libéré,50,,177500,1080.2701171360352,,637,,1,0,0,1990-06-05,0.006086028828935409,0.0,0.0
amstel-gold-race/1975/result,Amstel Gold Race,225,,238000,2712.5578808786195,,301,,0,0,0,1975-03-29,0.011397302020498401,459.0,399.77055919614696
tour-de-france/2009/stage-11,Tour de France,100,,192000,1535.0,1,1557,,1,0,0,2009-07-15,0.007994791666666667,0.0,13.1022615930837
vuelta-a-espana/2014/stage-3,Vuelta a España,80,16,197800,2917.0,3,1175,,1,0,0,2014-08-25,0.01474721941354904,138.0,311.22920498102854
vuelta-a-espana/1990/stage-3,Vuelta a España,80,,204300,1105.0,,807,,1,0,0,1990-04-26,0.005408712677435144,0.0,0.0
tour-de-france/2009/stage-19,Tour de France,100,,178000,1891.0,4,1557,,1,0,0,2009-07-24,0.010623595505617978,121.0,440.683118149729
vuelta-a-espana/1995/prologue,Vuelta a España,80,,7000,19.0,,883,,1,0,0,1995-09-02,0.0027142857142857142,0.0,27.466887123737855
amstel-gold-race/1996/result,Amstel Gold Race,225,,253000,3463.466066108634,,1044,,0,0,0,1996-04-27,0.013689589194105274,91.0,292.67956151992814
tour-de-france/1991/stage-13,Tour de France,100,,232000,6000.0,5,1933,,1,0,0,1991-07-19,0.02586206896551724,2062.0,698.6793870379726
tour-de-suisse/1975/stage-8,Tour de Suisse,50,,174000,620.2864820087968,,549,,1,0,0,1975-06-19,0.0035648648391310165,0.0,0.0
tour-de-suisse/2021/stage-8,Tour de Suisse,50,60,159500,3489.0,4,670,,1,0,0,2021-06-13,0.02187460815047022,719.0,497.89266430279486
dauphine/2010/stage-2,Critérium du Dauphiné,50,6,191500,2441.8697458917836,,673,,1,0,0,2010-06-07,0.01275127804643229,71.0,192.15474094161263
tour-de-france/2001/stage-11,Tour de France,70,,32000,1863.0,5,1496,,1,0,0,2001-07-18,0.05821875,549.0,206.94241587587595
itzulia-basque-country/1990/stage-5b,Vuelta Ciclista al País Vasco,50,,7500,55.91481086309932,,567,,1,0,0,1990-04-09,0.007455308115079909,10.0,8.243515970479804
tour-de-france/2002/stage-6,Tour de France,100,,199500,2081.0,1,1489,,1,0,0,2002-07-12,0.01043107769423559,0.0,53.445697890015616
giro-d-italia/2001/stage-6,Giro d'Italia,80,,150000,1774.0,2,920,,1,0,0,2001-05-25,0.011826666666666666,0.0,85.66101742987146
tour-de-suisse/2008/stage-3,Tour de Suisse,50,,155200,1434.1338718233822,,1041,,1,0,0,2008-06-16,0.009240553297831071,0.0,68.64278211748379
paris-nice/2020/stage-1,Paris - Nice,50,60,154000,1501.0,2,1082,,1,0,0,2020-03-08,0.009746753246753247,196.0,302.93235203778005
tour-de-france/1983/stage-17,Tour de France,100,,223500,6500.0,5,1269,,1,0,0,1983-07-18,0.029082774049217,1026.5,768.642634778998
ronde-van-vlaanderen/2007/result,Ronde van Vlaanderen / Tour des Flandres ME,275,,259000,3829.015282230625,2,1016,,0,0,0,2007-04-08,0.014783842788535232,92.0,255.5708684542134
tour-de-romandie/1989/prologue,Tour de Romandie,50,,6600,68.51525247276913,,502,,1,0,0,1989-05-09,0.010381098859510475,6.0,2.6832815729997477
tour-de-suisse/1993/stage-4,Tour de Suisse,50,,212300,2218.4988144626327,,655,,1,0,0,1993-06-18,0.010449829554699164,58.0,23.678400846904058
tour-de-france/2018/stage-16,Tour de France,100,120,218000,3521.0,4,1689,,1,0,0,2018-07-24,0.01615137614678899,1145.0,622.7339302227975
vuelta-a-espana/1980/stage-1,Vuelta a España,80,,155000,1298.0035128543127,,520,,1,0,0,1980-04-23,0.008374216211963308,0.0,0.0
tour-de-romandie/2007/stage-1,Tour de Romandie,50,,157800,2126.7116239446354,,674,,1,0,0,2007-05-02,0.013477259974300606,0.0,327.5207177449195
paris-nice/1997/stage-1,Paris - Nice,50,,162500,1792.6223819702855,,779,,1,0,0,1997-03-10,0.011031522350586373,0.0,1.9756583222945239
giro-d-italia/2005/stage-10,Giro d'Italia,80,,212000,230.0,1,929,,1,0,0,2005-05-17,0.0010849056603773584,0.0,0.0
giro-d-italia/1996/stage-18,Giro d'Italia,80,,216000,2236.348254293306,,1034,,1,0,0,1996-06-05,0.010353464140246788,0.0,10.042027431526726
vuelta-a-espana/1995/stage-10,Vuelta a España,80,,162500,775.0,,883,,1,0,0,1995-09-12,0.0047692307692307695,0.0,0.0
paris-nice/1986/stage-6,Paris - Nice,50,,194000,2518.196990502838,,746,,1,0,0,1986-03-08,0.012980396858262052,88.0,16.051819820202006
tour-de-france/2008/stage-8,Tour de France,100,,172500,1892.0,2,1520,,1,0,0,2008-07-12,0.010968115942028985,0.0,54.932386041531245
tour-de-france/1994/stage-19,Tour de France,100,,47500,2386.0,5,1731,,1,0,0,1994-07-22,0.05023157894736842,614.0,202.27971378592292
tour-de-france/2013/stage-14,Tour de France,100,20,191000,2158.0,2,1690,,1,0,0,2013-07-13,0.011298429319371727,437.0,134.9625166797539
dauphine/2005/stage-1,Critérium du Dauphiné Libéré,50,,224000,2726.8904569905494,,933,,1,0,0,2005-06-06,0.012173618111564952,3.0,0.9870548797142227
vuelta-a-espana/2021/stage-13,La Vuelta ciclista a España,80,100,203700,1645.0,1,1023,33,1,0,0,2021-08-27,0.008075601374570448,65.0,58.06835944015426
tour-de-france/1997/stage-12,Tour de France,100,,55000,1380.0,2,1994,,1,0,0,1997-07-18,0.02509090909090909,550.5,154.34687153404175
paris-nice/2001/stage-1,Paris - Nice,50,,189200,2177.457685315062,,902,,1,0,0,2001-03-12,0.011508761550291026,17.0,175.57963043410422
paris-nice/1983/stage-3a,Paris - Nice,50,,89000,1511.8720770977475,,658,,1,0,0,1983-03-12,0.016987326708963454,0.0,0.0
vuelta-a-espana/1991/stage-18,Vuelta a España,80,,137500,389.9999999999998,,1042,,1,0,0,1991-05-16,0.0028363636363636347,8.0,2.730575755412026
giro-d-italia/1998/stage-5,Giro d'Italia,80,,206000,2103.3958340378063,,923,,1,0,0,1998-05-21,0.01021065938853304,0.0,195.6182422426733
giro-d-italia/2003/stage-20,Giro d'Italia,80,,133000,1002.0,1,734,,1,0,0,2003-05-31,0.007533834586466165,102.0,45.45623980095698
vuelta-a-espana/2007/stage-11,Vuelta a España,80,,191300,1755.0,1,995,,1,0,0,2007-09-12,0.009174072138003137,0.0,34.404567263751645
paris-nice/1975/stage-4,Paris - Nice,50,,223000,2180.122185128318,,951,,1,0,0,1975-03-13,0.009776332668736853,0.0,0.0
tour-de-romandie/2005/prologue,Tour de Romandie,50,,3400,71.54467838451001,,799,,1,0,0,2005-04-26,0.021042552466032354,15.0,7.959782458864865
vuelta-a-espana/2004/stage-20,Vuelta a España,80,,178000,3628.0,5,1177,,1,0,0,2004-09-25,0.02038202247191011,578.0,526.1017474890289
vuelta-a-espana/2019/stage-2,La Vuelta ciclista a España,80,100,199600,3238.0,4,798,,1,0,0,2019-08-25,0.016222444889779558,450.0,368.09840477696076
giro-d-italia/2005/stage-17,Giro d'Italia,80,,194000,4088.0,5,929,,1,0,0,2005-05-26,0.021072164948453608,1474.5,556.3703981206506
tour-de-romandie/2015/stage-5,Tour de Romandie,50,6,166100,3688.0,5,883,,1,0,0,2015-05-02,0.022203491872366046,842.0,717.6131646435754
dauphine/2004/prologue,Critérium du Dauphiné Libéré,50,,5400,76.33621610504179,,737,,1,0,0,2004-06-06,0.014136336315748479,38.5,17.696945515442128
itzulia-basque-country/2000/stage-1,Vuelta al País Vasco,50,,130000,1516.3808420780147,,992,,1,0,0,2000-04-03,0.011664468015984728,8.0,155.11159800615795
giro-d-italia/2021/stage-11,Giro d'Italia,80,100,162000,2364.0,2,885,,1,0,0,2021-05-19,0.014592592592592593,1355.0,504.8301965593602
giro-d-italia/2004/stage-15,Giro d'Italia,80,,234000,1355.0,1,621,,1,0,0,2004-05-24,0.00579059829059829,8.0,44.395848156327745
tour-de-france/1996/stage-19,Tour de France,100,,226500,1754.0,1,1872,,1,0,0,1996-07-19,0.0077439293598233995,0.0,15.035097021365058
tirreno-adriatico/2005/stage-4,Tirreno-Adriatico,50,,160000,2939.6839279942906,2,1040,,1,0,0,2005-03-12,0.018373024549964315,336.0,542.2188977958394
tour-de-suisse/2001/stage-4,Tour de Suisse,50,,220600,4137.520910468464,,873,,1,0,0,2001-06-23,0.01875576115352885,1507.0,623.7567884367152
tour-de-suisse/1993/stage-10,Tour de Suisse,50,,180000,1156.1604596064562,,655,,1,0,0,1993-06-24,0.006423113664480312,0.0,0.0
gp-montreal/2012/result,Grand Prix Cycliste de Montréal,225,,205700,2864.620148530744,3,856,,0,0,0,2012-09-09,0.013926203930630742,28.0,157.5347469329483
tour-de-suisse/1981/stage-3a,Tour de Suisse,50,,103000,1760.7133742026986,,516,,1,0,0,1981-06-13,0.017094304603909694,0.0,0.0
giro-d-italia/2011/stage-8,Giro d'Italia,80,16,217000,2082.0,3,891,,1,0,0,2011-05-14,0.009594470046082949,61.0,67.57528281973771
paris-nice/2023/stage-5,Paris - Nice,50,60,212400,1958.0,1,981,17,1,0,0,2023-03-09,0.009218455743879472,0.0,21.868617709451936
giro-d-italia/2008/stage-3,Giro d'Italia,80,,221000,2164.0,2,1058,,1,0,0,2008-05-12,0.00979185520361991,0.0,151.54776329808965
tour-de-france/1988/stage-1,Tour de France,100,,91500,459.0,1,1941,,1,0,0,1988-07-04,0.0050163934426229505,8.0,68.92095889189493
giro-d-italia/1993/stage-20,Giro d'Italia,80,,162000,1381.050669035847,,1089,,1,0,0,1993-06-12,0.008525004129850907,142.0,64.98776441615394
paris-nice/2003/stage-5,Paris - Nice,50,,152500,2711.6747911183797,,831,,1,0,0,2003-03-14,0.017781474040120523,296.0,254.8903309150064
vuelta-a-espana/2022/stage-16,La Vuelta ciclista a España,80,100,189400,1076.0,1,968,31,1,0,0,2022-09-06,0.005681098204857444,152.0,110.42711267519006
tour-de-romandie/1994/stage-5,Tour de Romandie,50,,24000,152.1097177613001,,780,,1,0,0,1994-05-08,0.006337904906720837,39.5,22.499629626581264
tour-de-romandie/1998/stage-1,Tour de Romandie,50,,169900,2522.6992362328874,,857,,1,0,0,1998-05-06,0.014848141472824528,720.0,399.19697047310547
giro-d-italia/1995/stage-10,Giro d'Italia,80,,42000,517.8500083529043,,1365,,1,0,0,1995-05-22,0.012329762103640578,185.0,70.61718517546039
tirreno-adriatico/1995/stage-8,Tirreno-Adriatico,50,,164000,2061.125730003866,,749,,1,0,0,1995-03-15,0.012567839817096743,0.0,0.0
vuelta-a-espana/2022/stage-12,La Vuelta ciclista a España,80,100,192700,3238.0,5,968,31,1,0,0,2022-09-01,0.016803321224701608,1445.0,590.5240453479876
giro-d-italia/1997/stage-1,Giro d'Italia,80,,128000,127.0,,792,,1,0,0,1997-05-17,0.0009921875,20.0,22.432241272254583
tour-de-france/2014/stage-8,Tour de France,100,20,161000,1872.0,5,1612,,1,0,0,2014-07-12,0.011627329192546583,1071.0,401.3402647105423
tour-de-suisse/2015/stage-5,Tour de Suisse,50,6,237300,4458.0,5,1048,,1,0,0,2015-06-17,0.018786346396965865,1287.0,630.0037958454857
tirreno-adriatico/1983/stage-2,Tirreno-Adriatico,50,,220000,3285.6291697072256,,463,,1,0,0,1983-03-13,0.014934678044123753,3.0,1.3416407864998738
vuelta-a-espana/1992/stage-16,Vuelta a España,80,,162000,1891.0,,1033,,1,0,0,1992-05-12,0.011672839506172839,0.0,5.464532103585
paris-nice/1982/stage-3,Paris - Nice,50,,182000,1379.266507607596,,721,,1,0,0,1982-03-14,0.00757838740443734,0.0,0.0
giro-d-italia/2008/stage-2,Giro d'Italia,80,,207000,3889.0,3,1058,,1,0,0,2008-05-11,0.01878743961352657,124.0,277.58914731650395
vuelta-a-espana/2009/stage-17,Vuelta a España,80,,175000,1337.0,1,1220,,1,0,0,2009-09-16,0.00764,0.0,40.876346051020874
paris-nice/2017/stage-3,Paris - Nice,50,60,190000,1727.0,2,1158,,1,0,0,2017-03-07,0.009089473684210526,0.0,59.225077636948626
volta-a-catalunya/2010/stage-4,Volta Ciclista a Catalunya,50,6,209700,2887.0798080055542,,722,,1,0,0,2010-03-25,0.013767667181714613,133.0,396.20485625032063
la-fleche-wallone/2019/result,La Flèche Wallonne,225,400,195000,2930.0,3,1017,,0,0,0,2019-04-24,0.015025641025641025,340.5,243.29676520263558
giro-d-italia/2007/stage-11,Giro d'Italia,80,,198000,1520.0,2,844,,1,0,0,2007-05-23,0.007676767676767677,0.0,24.178533799495614
e3-harelbeke/1980/result,E3-Prijs Harelbeke,125,,226000,1307.2240026796135,,358,,0,0,0,1980-03-22,0.005784177003007139,0.0,0.0
volta-a-catalunya/2023/stage-5,Volta Ciclista a Catalunya,50,50,176600,2644.0,5,704,22,1,0,0,2023-03-24,0.014971687429218573,604.0,391.4952333299499
giro-d-italia/2022/stage-20,Giro d'Italia,80,100,168000,4718.0,5,817,16,1,0,0,2022-05-28,0.02808333333333333,1468.0,845.843135100383
paris-nice/1982/stage-4,Paris - Nice,50,,175000,1844.2522458757144,,721,,1,0,0,1982-03-15,0.01053858426214694,0.0,0.0
vuelta-a-espana/2008/stage-6,Vuelta a España,80,,150100,1142.0,3,1101,,1,0,0,2008-09-04,0.007608261159227182,27.0,118.43354656497715
vuelta-a-espana/2005/stage-16,Vuelta a España,80,,162500,731.9999999999998,1,960,,1,0,0,2005-09-13,0.004504615384615383,34.0,39.593633619150864
omloop-het-nieuwsblad/1970/result,Omloop Het Volk,125,,195000,1611.4550054318788,,430,,0,0,0,1970-02-28,0.008263871822727583,87.0,80.64799500978991
giro-d-italia/2022/stage-21,Giro d'Italia,80,100,17400,317.0,2,817,,1,0,0,2022-05-29,0.018218390804597702,184.0,65.70589507188478
dauphine/2022/stage-4,Critérium du Dauphiné,50,60,31900,96.0,1,789,,1,0,0,2022-06-08,0.0030094043887147334,210.5,88.97141282487968
tour-de-france/2008/stage-14,Tour de France,100,,194500,1726.0,2,1520,,1,0,0,2008-07-19,0.008874035989717224,0.0,174.04470583707095
uae-tour/2019/stage-4,UAE Tour,50,40,197000,1438.0,3,751,,1,0,0,2019-02-27,0.007299492385786802,183.0,180.6587217493143
vuelta-a-espana/1993/stage-15,Vuelta a España,80,,226200,2014.0,,819,,1,0,0,1993-05-10,0.008903625110521663,404.0,429.3122406153474
tour-de-france/1982/stage-13,Tour de France,100,,122000,3406.0,5,1492,,1,0,0,1982-07-16,0.027918032786885247,508.0,303.325286867398
tour-de-suisse/1989/stage-3,Tour de Suisse,50,,199000,1339.3635812038856,,604,,1,0,0,1989-06-16,0.0067304702573059575,14.0,4.427188724235731
vuelta-a-espana/2021/stage-2,La Vuelta ciclista a España,80,100,166700,1049.0,1,1023,,1,0,0,2021-08-15,0.006292741451709658,38.0,89.02327839382683
la-fleche-wallone/2003/result,La Flèche Wallonne,225,,199500,2813.938101066029,3,1017,,0,0,0,2003-04-23,0.014104952887549017,155.5,272.5973058722017
tour-de-france/2001/stage-4,Tour de France,100,,215000,2901.0,2,1496,,1,0,0,2001-07-11,0.013493023255813953,971.0,528.2029643565066
tour-de-suisse/2023/stage-4,Tour de Suisse,50,60,152500,2795.0,4,855,25,1,0,0,2023-06-14,0.018327868852459017,1032.0,566.1324943126167
tirreno-adriatico/1998/stage-8,Tirreno-Adriatico,50,,133000,1245.01791245258,,769,,1,0,0,1998-03-18,0.009361036935733685,0.0,0.0
gp-montreal/2019/result,Grand Prix Cycliste de Montréal,225,500,219600,4793.0,2,869,,0,0,0,2019-09-15,0.021826047358834245,50.0,229.13531666228232
volta-a-catalunya/1994/stage-2,Volta Ciclista a Catalunya,50,,233900,2667.0,,379,,1,0,0,1994-09-09,0.011402308678922616,4.0,1.9321835661585918
tour-de-france/2000/stage-9,Tour de France,100,,181000,1762.0,1,1437,,1,0,0,2000-07-09,0.009734806629834255,0.0,59.049699433042115
giro-d-italia/1992/stage-3,Giro d'Italia,80,,38000,325.61624390254883,,953,,1,0,0,1992-05-27,0.008568848523751286,93.0,45.202753111828144
tour-de-france/1980/stage-1a,Tour de France,100,,132500,1546.0,2,1224,,1,0,0,1980-06-27,0.011667924528301886,0.0,41.08385551841018
liege-bastogne-liege/2014/result,Liège - Bastogne - Liège,275,,262900,4039.0,3,1176,,0,0,0,2014-04-27,0.015363255990871053,234.0,287.98504825325426
tour-de-france/2004/stage-7,Tour de France,100,,204500,2306.0,1,1555,,1,0,0,2004-07-10,0.011276283618581908,10.0,140.104290246132
itzulia-basque-country/2021/stage-1,Itzulia Basque Country,50,50,13890,318.0,3,936,,1,0,0,2021-04-05,0.022894168466522678,94.0,39.138993699252104
tour-de-romandie/1995/stage-6,Tour de Romandie,50,,174700,1780.244846347478,,798,,1,0,0,1995-05-07,0.01019029677359747,0.0,0.0
tour-de-france/1996/stage-4,Tour de France,100,,232000,2325.0,1,1872,,1,0,0,1996-07-03,0.01002155172413793,273.0,263.9344641808074
tour-de-france/1988/stage-21,Tour de France,100,,46000,576.0,2,1941,,1,0,0,1988-07-23,0.012521739130434783,290.0,120.49813752877208
tour-de-suisse/1972/stage-7,Tour de Suisse,50,,174000,2346.724495421064,,433,,1,0,0,1972-06-22,0.01348692238747738,0.0,0.0
tour-de-france/2000/stage-1,Tour de France,100,,16500,205.0,1,1437,,1,0,0,2000-07-01,0.012424242424242424,102.0,41.570305023420964
itzulia-basque-country/2002/stage-2,Vuelta al País Vasco,50,,183000,2662.1416889604616,,966,,1,0,0,2002-04-09,0.014547222344046238,6.0,456.68385402754797
tour-de-france/2005/stage-20,Tour de France,70,,55000,806.0,2,1535,,1,0,0,2005-07-23,0.014654545454545455,462.5,160.45243024449547
milano-sanremo/2002/result,Milano-Sanremo,275,,287000,2153.0349177378152,,1150,,0,0,0,2002-03-23,0.007501863824870437,218.0,305.18445129079674
tour-de-france/1992/prologue,Tour de France,100,,8000,148.0,1,2047,,1,0,0,1992-07-04,0.0185,40.0,16.68743821763988
paris-nice/1984/stage-3,Paris - Nice,50,,190000,2399.6853120277506,,778,,1,0,0,1984-03-10,0.012629922694882898,0.0,0.0
tour-de-france/2013/stage-18,Tour de France,100,20,172500,4789.0,5,1690,,1,0,0,2013-07-18,0.02776231884057971,1510.0,579.1694743337221
giro-d-italia/1995/stage-19,Giro d'Italia,80,,130000,1826.2623744679686,,1365,,1,0,0,1995-06-01,0.014048172111292065,298.0,134.1532509365394
tour-de-france/1996/stage-3,Tour de France,100,,195000,1512.0,1,1872,,1,0,0,1996-07-02,0.007753846153846154,0.0,33.23557456881499
omloop-het-nieuwsblad/2009/result,Omloop Het Nieuwsblad ME,125,,204500,1817.2388923466485,2,610,,0,0,0,2009-02-28,0.00888625375230635,45.0,295.02784420435023
tour-de-france/2011/stage-13,Tour de France,100,20,152500,2605.0,4,1713,,1,0,0,2011-07-15,0.017081967213114755,472.0,401.33164030207786
tour-de-france/2001/stage-18,Tour de France,70,,61000,541.0,2,1496,,1,0,0,2001-07-27,0.008868852459016393,553.5,183.2861645985742
tirreno-adriatico/1973/stage-4b,Tirreno-Adriatico,50,,68000,508.4748937103109,,536,,1,0,0,1973-03-16,0.0074775719663281014,0.0,0.0
tirreno-adriatico/1990/stage-8,Tirreno-Adriatico,50,,18300,206.64719384986302,,590,,1,0,0,1990-03-14,0.011292196385238417,31.5,11.948500603283522
tirreno-adriatico/2005/stage-3,Tirreno-Adriatico,50,,228000,2477.15733062082,2,1040,,1,0,0,2005-03-11,0.010864725134301843,111.0,238.9808147158677
itzulia-basque-country/2005/stage-3,Vuelta al País Vasco,50,,176000,1487.1488314642747,,1217,,1,0,0,2005-04-06,0.00844970926968338,0.0,168.60879749411689
tirreno-adriatico/2023/stage-6,Tirreno-Adriatico,50,60,193000,3610.0,3,1044,18,1,0,0,2023-03-11,0.018704663212435232,921.0,578.0483752668167
dauphine/2008/stage-5,Critérium du Dauphiné Libéré,50,,193000,2633.1934407959784,,644,,1,0,0,2008-06-12,0.01364348933054911,409.0,354.0699677569966
vuelta-a-espana/2003/stage-10,Vuelta a España,80,,194000,2237.0,1,935,,1,0,0,2003-09-15,0.011530927835051547,41.0,117.01367736438038
tour-de-suisse/2013/stage-2,Tour de Suisse,50,6,132300,3024.0,5,960,,1,0,0,2013-06-09,0.022857142857142857,567.0,317.515293860572
tour-de-france/2010/stage-5,Tour de France,100,20,187500,1374.0,1,1685,,1,0,0,2010-07-08,0.007328,0.0,66.12232628800373
volta-a-catalunya/1981/stage-2a,Volta Ciclista a Catalunya,50,,168000,3091.6513519802675,,388,,1,0,0,1981-09-05,0.018402686618930162,0.0,0.0
tour-de-suisse/1976/stage-7,Tour de Suisse,50,,163000,3514.8326192923905,,377,,1,0,0,1976-06-16,0.021563390302407302,59.5,44.83190827970632
tirreno-adriatico/2013/stage-2,Tirreno-Adriatico,50,6,232000,2039.0,1,1331,,1,0,0,2013-03-07,0.008788793103448276,0.0,10.091121786811224
giro-d-italia/2023/stage-6,Giro d'Italia,80,180,162000,2581.0,2,835,19,1,0,0,2023-05-11,0.0159320987654321,0.0,453.72858727267567
paris-nice/1972/stage-6,Paris - Nice,50,,189500,1306.7564336114492,,1086,,1,0,0,1972-03-15,0.006895812314572291,25.0,10.540925533894598
vuelta-a-espana/1983/stage-8,Vuelta a España,80,,38000,570.3996342678988,,705,,1,0,0,1983-04-27,0.015010516691260495,607.5,245.29829745275157
volta-a-catalunya/1992/stage-3,Volta Ciclista a Catalunya,50,,193000,3410.0,,758,,1,0,0,1992-09-11,0.01766839378238342,13.0,5.813776741499453
omloop-het-nieuwsblad/2003/result,Omloop Het Volk,125,,200000,2332.146123896102,2,773,,0,0,0,2003-03-01,0.01166073061948051,212.0,76.35805640387775
tour-de-france/2005/stage-19,Tour de France,100,,154000,2344.0,3,1535,,1,0,0,2005-07-22,0.015220779220779222,271.0,53.94992665546221
dauphine/2002/stage-4,Critérium du Dauphiné Libéré,50,,209000,2920.4148803104185,,602,,1,0,0,2002-06-13,0.0139732769392843,533.0,358.9203564212691
tour-de-france/1989/stage-9,Tour de France,100,,147000,4500.0,5,1849,,1,0,0,1989-07-10,0.030612244897959183,902.0,498.98325853997625
tour-de-france/1994/stage-4,Tour de France,100,,204500,2693.0,1,1731,,1,0,0,1994-07-06,0.013168704156479218,38.0,117.28601361383296
tour-de-suisse/1981/stage-4,Tour de Suisse,50,,190000,950.1381987778209,,516,,1,0,0,1981-06-14,0.005000727361988531,0.0,0.0
tour-de-france/2011/stage-7,Tour de France,100,20,215000,1304.0,1,1713,,1,0,0,2011-07-08,0.006065116279069767,113.0,118.79358060186402
giro-d-italia/1999/stage-12,Giro d'Italia,80,,168000,1274.9119443646603,,1057,,1,0,0,1999-05-26,0.0075887615735991685,0.0,26.94874034390385
il-lombardia/1991/result,Giro di Lombardia,275,,242000,3220.7568525340616,,906,,0,0,0,1991-10-19,0.013308912613777113,139.0,174.16015882609344
tour-de-france/2009/stage-10,Tour de France,100,,194500,2076.0,2,1557,,1,0,0,2009-07-14,0.010673521850899743,0.0,14.374694596555658
giro-d-italia/2019/stage-15,Giro d'Italia,80,100,232000,3122.0,3,896,,1,0,0,2019-05-26,0.013456896551724138,1370.0,837.4720897732107
vuelta-a-espana/2001/stage-9,Vuelta a España,80,,179200,650.0,1,971,,1,0,0,2001-09-16,0.003627232142857143,152.0,124.6290953275244
giro-d-italia/1996/stage-4,Giro d'Italia,80,,147000,1916.6562029853894,,1034,,1,0,0,1996-05-22,0.01303847757132918,0.0,238.97321991088046
vuelta-a-espana/1984/stage-5,Vuelta a España,80,,245000,1538.9615810433145,,747,,1,0,0,1984-04-22,0.0062814758409931205,0.0,14.486109331089091
giro-d-italia/2007/stage-9,Giro d'Italia,80,,177000,2272.0,2,844,,1,0,0,2007-05-21,0.012836158192090396,0.0,61.73112515205597
tour-de-france/2017/stage-8,Tour de France,100,120,187500,3591.0,4,1791,,1,0,0,2017-07-08,0.019152,1256.0,711.4817513310477
vuelta-a-espana/2012/stage-20,Vuelta a España,80,16,169500,4291.0,5,852,,1,0,0,2012-09-08,0.025315634218289085,1059.0,599.7739441698767
tour-de-france/2015/stage-3,Tour de France,100,20,159500,1435.0,3,1812,,1,0,0,2015-07-06,0.008996865203761755,268.5,274.8990633529272
tour-de-france/2011/stage-3,Tour de France,100,20,198000,1066.0,1,1713,,1,0,0,2011-07-04,0.005383838383838384,0.0,56.238581567530126
tour-de-suisse/1982/stage-6,Tour de Suisse,50,,256000,3089.168983235546,,657,,1,0,0,1982-06-22,0.01206706634076385,188.5,206.4914041794476
paris-nice/1994/stage-4,Paris - Nice,50,,156000,2124.6930318706127,,900,,1,0,0,1994-03-09,0.013619827127375722,1.0,0.21320071635561041
tour-de-france/2001/stage-6,Tour de France,100,,211500,2541.0,2,1496,,1,0,0,2001-07-13,0.01201418439716312,0.0,145.23258265965933
tour-de-france/2015/stage-12,Tour de France,100,20,195000,4948.0,5,1812,,1,0,0,2015-07-16,0.025374358974358975,2014.0,650.0625383581821
e3-harelbeke/2018/result,Record Bank E3 Harelbeke,225,400,206500,1859.0,2,850,,0,0,0,2018-03-23,0.009002421307506054,489.0,314.1617342974038
giro-d-italia/2013/stage-18,Giro d'Italia,80,16,20600,1086.0,5,930,,1,0,0,2013-05-23,0.05271844660194175,318.0,123.04000190258542
vuelta-a-espana/1981/stage-8a,Vuelta a España,80,,100000,1257.774831589993,,457,,1,0,0,1981-04-29,0.012577748315899931,109.0,24.373140954747704
tour-de-suisse/1975/stage-1,Tour de Suisse,50,,179000,1009.7857638374553,,549,,1,0,0,1975-06-12,0.005641261250488577,0.0,0.0
omloop-het-nieuwsblad/2008/result,Omloop Het Volk ME,125,,199000,1951.6797515553392,2,627,,0,0,0,2008-03-01,0.009807435937464016,395.0,313.86350961709746
tour-de-france/1991/stage-20,Tour de France,100,,160000,2910.0,2,1933,,1,0,0,1991-07-26,0.0181875,7.0,147.75239646220334
giro-d-italia/2019/stage-11,Giro d'Italia,80,100,221000,476.0,1,896,,1,0,0,2019-05-22,0.0021538461538461538,0.0,59.962125727321656
tirreno-adriatico/2011/stage-4,Tirreno-Adriatico,50,6,240000,3351.0,3,1216,,1,0,0,2011-03-12,0.0139625,787.0,450.27977914778666
giro-d-italia/2009/stage-11,Giro d'Italia,80,,214000,1278.0,2,975,,1,0,0,2009-05-20,0.00597196261682243,0.0,227.18727357491102
tour-de-france/1995/stage-12,Tour de France,100,,223000,4000.0,5,1871,,1,0,0,1995-07-14,0.017937219730941704,950.0,395.6364254976574
vuelta-a-espana/1989/stage-18,Vuelta a España,80,,153000,3500.0,,803,,1,0,0,1989-05-11,0.02287581699346405,32.0,23.490187076498323
e3-harelbeke/1999/result,E3-Prijs Harelbeke,125,,206000,1833.3629102801897,,900,,0,0,0,1999-03-27,0.008899819952816454,18.0,218.31187349221986
dauphine/1993/prologue,Critérium du Dauphiné Libéré,50,,4000,376.1423449884885,,386,,1,0,0,1993-05-31,0.09403558624712213,9.5,3.6651512019742563
tirreno-adriatico/1984/stage-3,Tirreno-Adriatico,50,,229000,2485.831850555706,,541,,1,0,0,1984-03-11,0.01085516091945723,16.0,4.131182235954578
giro-d-italia/1991/stage-11,Giro d'Italia,80,,223000,1434.568429664593,,908,,1,0,0,1991-06-06,0.006433042285491448,0.0,0.0
tour-de-france/1984/stage-9,Tour de France,100,,338000,2013.0,1,1632,,1,0,0,1984-07-07,0.005955621301775148,5.0,57.34084897078829
strade-bianche/2022/result,Strade Bianche,225,300,184000,3107.0,3,662,,0,0,0,2022-03-05,0.01688586956521739,494.0,302.553428093468
tour-de-france/2007/stage-12,Tour de France,100,,178500,2337.0,4,1612,,1,0,0,2007-07-20,0.013092436974789916,0.0,115.6765343599395
uae-tour/2021/stage-6,UAE Tour,50,40,165000,363.0,1,755,,1,0,0,2021-02-26,0.0022,0.0,67.37071339515471
giro-d-italia/1998/stage-1,Giro d'Italia,80,,162000,1889.3435760148743,,923,,1,0,0,1998-05-17,0.011662614666758483,0.0,14.249713955939148
vuelta-a-espana/1986/stage-3,Vuelta a España,80,,212000,1980.0,,843,,1,0,0,1986-04-25,0.009339622641509435,0.0,0.0
vuelta-a-espana/2015/stage-13,Vuelta a España,80,16,178000,2673.0,2,1115,,1,0,0,2015-09-04,0.01501685393258427,288.0,170.88373764800255
il-lombardia/1970/result,Giro di Lombardia,275,,266000,2761.1559114188753,,608,,0,0,0,1970-10-10,0.010380285381273967,466.0,176.72416594806592
itzulia-basque-country/2003/stage-2,Vuelta al País Vasco,50,,158000,2039.4866530749719,,910,,1,0,0,2003-04-08,0.012908143373892227,0.0,123.96627645525085
vuelta-a-espana/1985/stage-10,Vuelta a España,80,,209000,4000.0,,925,,1,0,0,1985-05-03,0.019138755980861243,1814.0,738.015301926009
la-fleche-wallone/2022/result,La Flèche Wallonne,225,400,202100,3160.0,3,971,14,0,0,0,2022-04-20,0.015635823849579417,127.0,281.1009930504271
giro-d-italia/2003/stage-11,Giro d'Italia,80,,222000,168.0,1,734,,1,0,0,2003-05-21,0.0007567567567567568,23.0,83.80102751400767
giro-d-italia/2010/stage-13,Giro d'Italia,80,16,223000,2036.0,2,878,,1,0,0,2010-05-21,0.009130044843049327,460.0,202.84605848189918
vuelta-a-espana/1983/stage-15a,Vuelta a España,80,,134000,991.515258549111,,705,,1,0,0,1983-05-04,0.0073993676011127685,23.0,4.55281926560962
vuelta-a-espana/2019/stage-16,La Vuelta ciclista a España,80,100,144400,4114.0,5,798,,1,0,0,2019-09-09,0.028490304709141274,1398.0,577.5009885430251
paris-roubaix/1987/result,Paris - Roubaix,275,,264000,2680.7446459058147,,613,,0,0,0,1987-04-12,0.010154335779946268,404.0,318.0488896493989
tirreno-adriatico/2009/stage-1,Tirreno-Adriatico,50,,147000,1104.0,2,1206,,1,0,0,2009-03-11,0.007510204081632653,117.0,139.3306572379239
strade-bianche/2020/result,Strade Bianche,225,300,184000,3073.0,3,804,,0,0,0,2020-08-01,0.01670108695652174,838.5,400.52373740846156
tour-de-suisse/2001/stage-7,Tour de Suisse,50,,25100,610.7624996372367,,873,,1,0,0,2001-06-26,0.02433316731622457,411.0,135.90582920540976
vuelta-a-espana/1998/stage-21,Vuelta a España,80,,39000,116.0,,1309,,1,0,0,1998-09-26,0.0029743589743589744,265.0,112.8505385395598
vuelta-a-espana/1988/stage-8,Vuelta a España,80,,176700,4000.0,,828,,1,0,0,1988-05-02,0.022637238256932653,114.5,46.43765234758918
tour-de-france/1992/stage-10,Tour de France,100,,217000,2000.0,1,2047,,1,0,0,1992-07-14,0.009216589861751152,0.0,209.8670557370638
tour-de-france/1982/stage-4,Tour de France,100,,207000,1972.0,1,1492,,1,0,0,1982-07-06,0.00952657004830918,0.0,137.2921963179675
giro-d-italia/2020/stage-14,Giro d'Italia,80,100,34100,716.0,1,765,,1,0,0,2020-10-17,0.02099706744868035,338.0,121.34798154115907
paris-nice/1992/stage-4,Paris - Nice,50,,176000,2745.58490251017,,877,,1,0,0,1992-03-12,0.015599914218807786,0.0,0.0
giro-d-italia/2006/stage-11,Giro d'Italia,80,,171000,1947.0,2,997,,1,0,0,2006-05-19,0.011385964912280703,665.0,313.95750380285824
giro-d-italia/1995/stage-4,Giro d'Italia,80,,192000,1251.1440011650282,,1365,,1,0,0,1995-05-16,0.006516375006067855,6.0,1.9321835661585915
tirreno-adriatico/2002/stage-7,Tirreno-Adriatico,50,,162000,1503.831569618123,,1056,,1,0,0,2002-03-20,0.009282910923568661,0.0,12.228252700557718
giro-d-italia/2012/stage-6,Giro d'Italia,80,16,210000,3661.0,2,886,,1,0,0,2012-05-11,0.017433333333333332,111.0,620.2855708781775
strade-bianche/2021/result,Strade Bianche,225,300,184000,3072.0,3,827,,0,0,0,2021-03-06,0.016695652173913042,632.5,357.0122044269738
tour-de-suisse/1983/stage-1,Tour de Suisse,50,,173000,2391.220393505383,,809,,1,0,0,1983-06-15,0.013822083199453081,0.0,291.6918352655133
giro-d-italia/1997/stage-5,Giro d'Italia,80,,215000,3703.9969803164017,,792,,1,0,0,1997-05-21,0.017227892931704195,846.0,449.91568544180376
tour-de-suisse/1994/stage-6,Tour de Suisse,50,,213000,2632.862203188926,,616,,1,0,0,1994-06-20,0.012360855414032515,62.5,50.04176033851904
tour-de-france/1990/stage-16,Tour de France,100,,215000,3999.0,5,1959,,1,0,0,1990-07-17,0.0186,1298.0,562.3833036990899
tour-de-france/2009/stage-21,Tour de France,100,,164000,521.0,1,1557,,1,0,0,2009-07-26,0.0031768292682926827,0.0,12.508874507445164
tirreno-adriatico/1997/prologue,Tirreno-Adriatico,50,,4000,29.153076193818833,,692,,1,0,0,1997-03-12,0.007288269048454708,9.0,3.740278404033922
tour-de-suisse/1970/stage-7,Tour de Suisse,50,,198000,4387.61220808114,,393,,1,0,0,1970-06-17,0.022159657616571415,354.0,189.59641346818773
vuelta-a-espana/2000/stage-15,Vuelta a España,80,,164000,2193.0,2,981,,1,0,0,2000-09-11,0.013371951219512195,316.0,78.5986412428914
vuelta-a-espana/1980/stage-10,Vuelta a España,80,,178000,3293.3662135612058,,520,,1,0,0,1980-05-02,0.018502057379557336,600.0,501.7397013228459
liege-bastogne-liege/1989/result,Liège - Bastogne - Liège,275,,268000,4097.698513176518,,1152,,0,0,0,1989-04-16,0.015289919825285514,260.0,354.95865916683044
volta-a-catalunya/2018/stage-2,Volta Ciclista a Catalunya,50,50,175600,3221.0,2,659,,1,0,0,2018-03-20,0.018342824601366742,0.0,78.76260387784194
uae-tour/2022/stage-4,UAE Tour,50,40,181000,2646.0,5,621,,1,0,0,2022-02-23,0.01461878453038674,490.0,469.69019480586803
itzulia-basque-country/2018/stage-1,Itzulia Basque Country,50,50,162100,2820.0,4,824,,1,0,0,2018-04-02,0.01739666872301049,315.0,193.75095846354412
tour-de-romandie/2018/stage-3,Tour de Romandie,50,60,9900,781.0,5,566,,1,0,0,2018-04-27,0.07888888888888888,237.0,111.78789624081642
tour-de-france/1991/stage-14,Tour de France,100,,172500,1912.0,1,1933,,1,0,0,1991-07-20,0.011084057971014492,96.0,31.222158276049097
itzulia-basque-country/2002/stage-5b,Vuelta al País Vasco,50,,15200,387.12631999152063,,966,,1,0,0,2002-04-12,0.02546883684154741,139.0,77.16468407547892
giro-d-italia/2017/stage-7,Giro d'Italia,80,100,224000,1340.0,2,881,,1,0,0,2017-05-12,0.005982142857142857,17.0,94.87625535536418
tirreno-adriatico/1998/stage-1,Tirreno-Adriatico,50,,133000,2135.6863532648513,,769,,1,0,0,1998-03-11,0.016057792129810913,0.0,299.98927595554113
tour-de-france/2013/stage-17,Tour de France,100,20,32000,928.0000000000002,2,1690,,1,0,0,2013-07-17,0.02900000000000001,353.0,121.65648153398809
giro-d-italia/1998/stage-8,Giro d'Italia,80,,191000,1176.1207044671153,,923,,1,0,0,1998-05-24,0.006157700023388038,0.0,170.52048076524662
giro-d-italia/2021/stage-4,Giro d'Italia,80,100,187000,3138.0,2,885,,1,0,0,2021-05-11,0.016780748663101603,835.0,556.2576032445376
paris-nice/1999/stage-4,Paris - Nice,50,,187000,3420.1589251058876,,792,,1,0,0,1999-03-11,0.01828961992035234,711.0,628.4573840988094
giro-d-italia/2016/stage-19,Giro d'Italia,80,100,162000,3905.0,5,933,,1,0,0,2016-05-27,0.02410493827160494,1506.0,723.0300254488601
tour-de-france/1982/stage-9b,Tour de France,100,,138000,1350.0,1,1492,,1,0,0,1982-07-12,0.009782608695652175,96.0,24.636276952762163
vuelta-a-espana/1990/stage-1,Vuelta a España,80,,11500,31.0,,807,,1,0,0,1990-04-24,0.0026956521739130435,13.0,6.092149515096105
tour-de-romandie/2000/stage-2,Tour de Romandie,50,,162100,2189.7097076475384,,764,,1,0,0,2000-05-04,0.013508388079256868,21.0,410.157687085469
tirreno-adriatico/1990/stage-2,Tirreno-Adriatico,50,,175000,773.9113091274505,,590,,1,0,0,1990-03-08,0.004422350337871146,108.0,45.20090952870552
tour-de-suisse/1978/stage-2,Tour de Suisse,50,,169500,1964.872441182064,,691,,1,0,0,1978-06-16,0.011592167794584449,0.0,0.0
volta-a-catalunya/1977/stage-4a,Volta Ciclista a Catalunya,50,,38900,477.4847588138382,,490,,1,0,0,1977-09-11,0.012274672463080673,103.0,78.44805299870076
giro-d-italia/2020/stage-20,Giro d'Italia,80,100,190000,3716.0,5,765,,1,0,0,2020-10-24,0.019557894736842104,1600.0,754.5645289007651
itzulia-basque-country/2019/stage-2,Itzulia Basque Country,50,50,149500,1887.0,3,762,,1,0,0,2019-04-09,0.012622073578595319,495.0,363.65646311724663
vuelta-a-espana/1999/stage-13,Vuelta a España,80,,149000,3001.0,,1342,,1,0,0,1999-09-18,0.020140939597315437,1260.0,463.03415872053205
dauphine/2014/stage-2,Critérium du Dauphiné,50,6,156000,3091.0,5,941,,1,0,0,2014-06-09,0.019814102564102563,674.0,418.24351275546394
tour-de-suisse/2017/stage-1,Tour de Suisse,50,60,6000,49.0,1,855,,1,0,0,2017-06-10,0.008166666666666666,35.0,12.857657276866215
vuelta-a-espana/2015/stage-20,Vuelta a España,80,16,175800,3812.0,4,1115,,1,0,0,2015-09-12,0.02168373151308305,1173.0,469.9210281974192
volta-a-catalunya/2018/stage-3,Volta Ciclista a Catalunya,50,50,153200,2782.0,4,659,,1,0,0,2018-03-21,0.018159268929503918,100.5,221.4839766456813
dauphine/1977/stage-7a,Critérium du Dauphiné Libéré,50,,89000,1556.4202071074878,,809,,1,0,0,1977-06-06,0.01748786749558975,0.0,0.0
tour-de-suisse/2023/stage-3,Tour de Suisse,50,60,143800,2617.0,5,855,22,1,0,0,2023-06-13,0.018198887343532685,614.0,406.60002888657795
volta-a-catalunya/2022/stage-5,Volta Ciclista a Catalunya,50,50,206300,2478.0,2,722,15,1,0,0,2022-03-25,0.012011633543383422,0.0,95.22951773638368
vuelta-a-espana/1989/stage-20,Vuelta a España,80,,47500,377.0,,803,,1,0,0,1989-05-13,0.007936842105263157,85.0,40.074375298381824
gp-quebec/2013/result,Grand Prix Cycliste de Québec,225,,201600,2842.629842894319,3,908,,0,0,0,2013-09-13,0.01410034644292817,72.0,135.53211661154205
tour-de-romandie/2018/stage-1,Tour de Romandie,50,60,166600,2486.0,2,566,,1,0,0,2018-04-25,0.014921968787515005,95.0,416.6346568130788
vuelta-a-espana/2020/stage-8,La Vuelta ciclista a España,80,100,164000,3021.0,5,692,,1,0,0,2020-10-28,0.018420731707317072,1020.0,474.6164865715201
tour-de-france/2003/stage-13,Tour de France,100,,197500,4000.0,5,1688,,1,0,0,2003-07-19,0.020253164556962026,1529.0,668.0222381422011
la-fleche-wallone/1987/result,La Flèche Wallonne,225,,245000,3249.8363115412753,,529,,0,0,0,1987-04-15,0.01326463800629092,281.0,247.1769416353202
tour-de-france/1993/stage-5,Tour de France,100,,225500,2350.0,1,1804,,1,0,0,1993-07-08,0.010421286031042129,1.0,27.381217668162538
vuelta-a-espana/1988/stage-2,Vuelta a España,80,,210000,4000.0,,828,,1,0,0,1988-04-26,0.01904761904761905,74.0,35.74539597393395
vuelta-a-espana/2015/stage-12,Vuelta a España,80,16,173000,2174.0,2,1115,,1,0,0,2015-09-03,0.012566473988439306,0.0,33.0758913000651
vuelta-a-espana/2011/stage-12,Vuelta a España,80,,160000,2433.0,3,1170,,1,0,0,2011-09-01,0.01520625,37.0,199.7281089266004
tour-de-france/1994/stage-8,Tour de France,100,,218500,2702.0,1,1731,,1,0,0,1994-07-10,0.012366132723112128,136.0,147.78843073711914
tour-de-france/1988/stage-7,Tour de France,100,,225000,2153.0,1,1941,,1,0,0,1988-07-09,0.009568888888888889,107.0,127.46469318748802
ronde-van-vlaanderen/1987/result,Ronde van Vlaanderen / Tour des Flandres,275,,274000,2169.1608862955554,,854,,0,0,0,1987-04-05,0.007916645570421736,302.0,161.30547530085113
volta-a-catalunya/2012/stage-1,Volta Ciclista a Catalunya,50,6,138900,1057.9893733794052,2,760,,1,0,0,2012-03-19,0.007616914135200901,92.0,35.51368311386033
tour-de-france/1986/stage-10,Tour de France,100,,183000,1626.0,1,1872,,1,0,0,1986-07-13,0.008885245901639345,162.0,43.70263944438795
tour-de-france/2003/stage-11,Tour de France,100,,153500,1858.0,2,1688,,1,0,0,2003-07-17,0.012104234527687297,42.0,88.08211162753597
vuelta-a-espana/1988/stage-20,Vuelta a España,80,,30000,427.0,,828,,1,0,0,1988-05-14,0.014233333333333334,92.5,32.38243694075883
tour-de-suisse/2012/stage-1,Tour de Suisse,50,6,218300,3542.0,,917,,1,0,0,2012-06-10,0.016225377920293174,370.0,274.57861032279106
world-championship/1978/result,World Championships - Road Race,350,,273720,5244.0,,1332,,0,0,0,1978-08-27,0.019158263919333625,119.0,348.2419348115478
giro-d-italia/2016/stage-10,Giro d'Italia,80,100,219000,4618.0,5,933,,1,0,0,2016-05-17,0.02108675799086758,1400.0,734.5648489846569
world-championship/1994/result,World Championships - Road Race,350,,251800,4687.0,,1310,,0,0,0,1994-08-28,0.018613979348689438,830.0,335.93466384243135
tour-de-france/2022/stage-10,Tour de France,100,120,148100,2733.0,5,1551,26,1,0,0,2022-07-12,0.018453747467927075,882.0,517.0027304284187
giro-d-italia/2005/stage-5,Giro d'Italia,80,,223000,3353.0,3,929,,1,0,0,2005-05-12,0.015035874439461883,47.0,299.7284056666966
paris-nice/2003/prologue,Paris - Nice,50,,4800,37.06253748231438,,831,,1,0,0,2003-03-09,0.007721361975482163,24.0,13.576181591421097
vuelta-a-espana/2005/stage-2,Vuelta a España,50,,189300,2065.0,2,960,,1,0,0,2005-08-28,0.010908610670892762,312.0,258.90246158776944
tour-de-romandie/2022/stage-2,Tour de Romandie,50,60,168200,2327.0,2,508,18,1,0,0,2022-04-28,0.013834720570749108,0.0,210.26322396424675
giro-d-italia/2016/stage-17,Giro d'Italia,80,100,196000,1567.0,2,933,,1,0,0,2016-05-25,0.007994897959183674,18.0,66.88430320731426
ronde-van-vlaanderen/1972/result,Ronde van Vlaanderen / Tour des Flandres,275,,250000,3775.0309715780913,,998,,0,0,0,1972-04-09,0.015100123886312366,193.0,129.92938442365093
tour-de-france/1990/stage-4,Tour de France,100,,203000,1952.0,1,1959,,1,0,0,1990-07-03,0.00961576354679803,21.0,19.936375801000843
dauphine/2022/stage-2,Critérium du Dauphiné,50,60,169800,2956.0,2,789,25,1,0,0,2022-06-06,0.017408716136631332,5.0,266.56844658794137
tour-de-france/1989/stage-3,Tour de France,100,,241000,3895.0,2,1849,,1,0,0,1989-07-03,0.01616182572614108,68.0,94.87671146286044
vuelta-a-espana/2013/stage-17,Vuelta a España,80,16,189000,2080.0,2,1128,,1,0,0,2013-09-11,0.011005291005291006,91.0,162.53225802691864
paris-roubaix/2001/result,Paris - Roubaix,275,,254500,1184.9049218796215,1,797,,0,0,0,2001-04-15,0.004655815017208729,483.0,537.4880332236112
vuelta-a-espana/1998/stage-16,Vuelta a España,80,,143700,2459.0,,1309,,1,0,0,1998-09-21,0.01711203897007655,385.0,322.4772449397504
tour-de-france/1987/stage-12,Tour de France,100,,228000,2211.0,1,1812,,1,0,0,1987-07-12,0.009697368421052632,0.0,30.940471691174373
san-sebastian/2003/result,Clasica Ciclista San Sebastian,225,,227000,3681.9025166314495,2,970,,0,0,0,2003-08-09,0.016219834875028413,410.0,265.8696351565045
tour-de-romandie/2015/stage-2,Tour de Romandie,50,6,166100,2603.0,4,883,,1,0,0,2015-04-29,0.01567128236002408,252.0,306.45944115334544
amstel-gold-race/2007/result,Amstel Gold Race,225,,253100,3448.156064590956,,1004,,0,0,0,2007-04-22,0.01362369049621081,287.0,238.9944740013346
vuelta-a-espana/2015/stage-19,Vuelta a España,80,16,185800,2331.0,3,1115,,1,0,0,2015-09-11,0.012545748116254037,1351.0,484.93994604471806
giro-d-italia/1994/stage-9,Giro d'Italia,80,,153000,906.7022973906621,,1292,,1,0,0,1994-05-30,0.0059261588064749154,0.0,0.0
tirreno-adriatico/2022/stage-7,Tirreno-Adriatico,50,60,159000,1296.0,2,1059,,1,0,0,2022-03-13,0.008150943396226415,0.0,36.48132572916655
tour-de-suisse/1981/stage-6,Tour de Suisse,50,,183000,889.0986256299732,,516,,1,0,0,1981-06-16,0.004858462435136465,0.0,0.0
paris-nice/2007/stage-2,Paris - Nice,50,,177000,2569.937255011169,3,823,,1,0,0,2007-03-13,0.014519419519837113,19.0,44.380391375061286
tour-de-france/2016/stage-5,Tour de France,100,120,216000,4105.0,4,1758,,1,0,0,2016-07-06,0.019004629629629628,1425.0,508.5074136882686
dauphine/2013/stage-2,Critérium du Dauphiné,50,6,183000,2533.0,2,985,,1,0,0,2013-06-03,0.013841530054644809,127.0,263.63814038408486
ronde-van-vlaanderen/2003/result,Ronde van Vlaanderen / Tour des Flandres,275,,254000,3874.6140718855436,2,999,,0,0,0,2003-04-06,0.015254386109785604,398.0,284.28394495461185
tirreno-adriatico/2004/stage-4,Tirreno-Adriatico,50,,179000,2483.017610324895,3,926,,1,0,0,2004-03-13,0.013871606761591592,136.5,227.10865894432567
tour-de-suisse/1974/stage-6,Tour de Suisse,50,,201000,1053.287509706266,,541,,1,0,0,1974-06-18,0.005240236366697841,9.0,3.6742346141747673
tour-de-suisse/1987/prologue,Tour de Suisse,50,,8500,31.585729111451656,,673,,1,0,0,1987-06-16,0.0037159681307590182,10.0,4.850544070285083
giro-d-italia/2004/stage-2,Giro d'Italia,80,,184000,2721.0,2,621,,1,0,0,2004-05-10,0.014788043478260869,159.0,365.18798517009816
vuelta-a-espana/2017/stage-17,Vuelta a España,80,100,180500,4022.0,4,899,,1,0,0,2017-09-06,0.022282548476454292,976.0,468.45601456125644
vuelta-a-espana/2002/stage-13,Vuelta a España,80,,189800,2208.0,2,1084,,1,0,0,2002-09-20,0.011633298208640674,501.0,276.0391224636521
giro-d-italia/2021/stage-9,Giro d'Italia,80,100,158000,3503.0,3,885,,1,0,0,2021-05-16,0.022170886075949366,545.0,589.1020972121493
volta-a-catalunya/2001/stage-3,Volta a Catalunya,50,,148600,2131.3356639083427,,617,,1,0,0,2001-06-23,0.014342770282021149,21.0,101.17824739182745
volta-a-catalunya/1996/stage-4,Volta Ciclista a Catalunya,50,,190000,6317.0,,327,,1,0,0,1996-06-17,0.03324736842105263,202.5,109.6734547038009
volta-a-catalunya/1984/prologue,Volta Ciclista a Catalunya,50,,3800,476.4182378560672,,319,,1,0,0,1984-09-05,0.12537322048843874,4.0,2.2940139493908926
vuelta-a-espana/1988/stage-11,Vuelta a España,80,,217200,4000.0,,828,,1,0,0,1988-05-05,0.01841620626151013,0.0,0.0
itzulia-basque-country/2014/stage-3,Vuelta Ciclista al País Vasco,50,6,194700,2431.0,2,912,,1,0,0,2014-04-09,0.01248587570621469,0.0,144.63586872493354
paris-nice/1976/stage-4,Paris - Nice,50,,188500,2287.3998161408786,,779,,1,0,0,1976-03-11,0.012134747035230126,0.0,0.0
paris-nice/1986/stage-2,Paris - Nice,50,,223000,3375.062152374195,,746,,1,0,0,1986-03-04,0.015134807858180247,0.0,0.0
tour-de-france/2005/stage-6,Tour de France,100,,199000,1750.0,2,1535,,1,0,0,2005-07-07,0.008793969849246231,7.0,121.54929806476395
tour-de-france/2021/stage-14,Tour de France,100,120,183700,2877.0,4,1646,,1,0,0,2021-07-10,0.015661404463799673,795.0,463.5274885397421
tour-de-france/2015/stage-1,Tour de France,100,20,13800,28.0,1,1812,,1,0,0,2015-07-04,0.002028985507246377,79.0,30.38285375650838
dauphine/2006/stage-4,Critérium du Dauphiné Libéré,50,,186000,2986.640103064294,,800,,1,0,0,2006-06-08,0.016057204855184377,773.0,474.307932497793
tour-de-romandie/2023/stage-3,Tour de Romandie,50,60,18750,377.0,2,539,17,1,0,0,2023-04-28,0.020106666666666665,110.0,68.29740785045075
vuelta-a-espana/2007/stage-10,Vuelta a España,80,,214000,4578.0,5,995,,1,0,0,2007-09-10,0.02139252336448598,1134.0,690.0939440183395
tour-de-france/1988/stage-5,Tour de France,100,,147500,1336.0,1,1941,,1,0,0,1988-07-07,0.009057627118644067,73.0,139.92251018119194
paris-roubaix/1990/result,Paris - Roubaix,275,,265000,1258.4589929855183,,763,,0,0,0,1990-04-08,0.0047489018603227105,701.0,610.9554178403877
giro-d-italia/2001/stage-17,Giro d'Italia,80,,119000,2447.0,4,920,,1,0,0,2001-06-06,0.020563025210084032,721.0,316.97753672855936
omloop-het-nieuwsblad/2020/result,Omloop Het Nieuwsblad ME,225,300,200000,1663.0,2,722,,0,0,0,2020-02-29,0.008315,243.0,199.31982165441505
san-sebastian/1992/result,Clasica Ciclista San Sebastian,225,,234000,3157.164139206709,,1087,,0,0,0,1992-08-08,0.013492154441054312,322.0,163.04495975826907
giro-d-italia/2002/stage-12,Giro d'Italia,80,,200000,3389.0,2,920,,1,0,0,2002-05-24,0.016945,816.0,505.24969599852693
vuelta-a-espana/2019/stage-11,La Vuelta ciclista a España,80,100,180000,3168.0,4,798,,1,0,0,2019-09-04,0.0176,1115.0,292.546948620355
vuelta-a-espana/2007/stage-12,Vuelta a España,80,,176000,1750.0,1,995,,1,0,0,2007-09-13,0.009943181818181818,0.0,98.53126715594757
vuelta-a-espana/1982/stage-3,Vuelta a España,80,,208000,1849.8998542431257,,523,,1,0,0,1982-04-23,0.008893749299245796,0.0,0.0
tour-de-france/2021/stage-6,Tour de France,100,120,160400,977.0,1,1646,,1,0,0,2021-07-01,0.006091022443890274,0.0,49.89768293416293
ronde-van-vlaanderen/1996/result,Ronde van Vlaanderen / Tour des Flandres,275,,269000,2188.375432947963,2,909,,0,0,0,1996-04-07,0.008135224657799119,751.0,365.93102539429725
paris-nice/2009/stage-4,Paris - Nice,30,,173500,2787.6185906326377,2,796,,1,0,0,2009-03-11,0.016066965940245752,167.0,235.98285749857817
vuelta-a-espana/2013/stage-13,Vuelta a España,80,16,169000,2392.0,4,1128,,1,0,0,2013-09-06,0.014153846153846154,296.0,365.2032657639788
tour-de-france/1993/prologue,Tour de France,100,,6800,110.0,1,1804,,1,0,0,1993-07-03,0.016176470588235296,48.0,16.852671562567718
tour-de-france/1987/stage-18,Tour de France,100,,36500,1988.0,5,1812,,1,0,0,1987-07-19,0.05446575342465754,611.5,249.16927331020023
dauphine/2006/prologue,Critérium du Dauphiné Libéré,18,,4100,83.3165144622767,,800,,1,0,0,2006-06-04,0.02032110108836017,19.0,7.328023086770977
tour-de-suisse/1990/stage-5,Tour de Suisse,50,,12000,127.75181944924225,,767,,1,0,0,1990-06-16,0.01064598495410352,6.5,17.00620801681289
tour-de-suisse/1996/stage-8,Tour de Suisse,50,,34600,381.24937289462946,,971,,1,0,0,1996-06-19,0.011018768002734956,295.0,99.57964917195493
paris-nice/1975/stage-6a,Paris - Nice,50,,13800,171.47010029933836,,951,,1,0,0,1975-03-15,0.012425369586908576,37.0,21.82353469689699
volta-a-catalunya/2014/stage-1,Volta Ciclista a Catalunya,50,6,165700,1917.0,2,896,,1,0,0,2014-03-24,0.011569100784550392,0.0,54.59986650238187
vuelta-a-espana/2017/stage-14,Vuelta a España,80,100,175000,3723.0,5,899,,1,0,0,2017-09-02,0.021274285714285714,1242.0,578.5589116690069
paris-nice/1997/stage-7a,Paris - Nice,50,,69800,972.5102916076025,,779,,1,0,0,1997-03-16,0.013932812200681984,0.0,0.0
volta-a-catalunya/2019/stage-1,Volta Ciclista a Catalunya,50,50,163700,3015.0,4,918,,1,0,0,2019-03-25,0.01841783750763592,162.0,326.41146281348483
dauphine/1977/stage-3,Critérium du Dauphiné Libéré,50,,186000,2200.7391814092816,,809,,1,0,0,1977-06-02,0.0118319310828456,0.0,0.0
tirreno-adriatico/1998/stage-4,Tirreno-Adriatico,50,,215000,2957.273557886731,,769,,1,0,0,1998-03-14,0.013754760734356887,4.0,130.29062647381346
tour-de-suisse/2014/stage-4,Tour de Suisse,50,6,160400,1241.0,3,944,,1,0,0,2014-06-17,0.0077369077306733165,4.0,97.57854326955415
itzulia-basque-country/2005/stage-1,Vuelta al País Vasco,50,,133000,1313.9872115619567,,1217,,1,0,0,2005-04-04,0.009879603094450802,21.0,118.28618104474846
giro-d-italia/2020/stage-11,Giro d'Italia,80,100,182000,1197.0,2,765,,1,0,0,2020-10-14,0.0065769230769230766,49.0,109.49936215441161
tour-de-suisse/2007/stage-3,Tour de Suisse,50,,167200,3427.757803296252,,1089,,1,0,0,2007-06-19,0.020500943799618733,864.0,453.60807286260626
tour-de-france/1985/stage-20,Tour de France,100,,225000,3000.0,3,1470,,1,0,0,1985-07-19,0.013333333333333334,54.0,226.59796195825848
liege-bastogne-liege/1980/result,Liège - Bastogne - Liège,275,,244000,2839.095071826438,,323,,0,0,0,1980-04-20,0.011635635540272287,755.0,341.7735535479039
giro-d-italia/2006/stage-18,Giro d'Italia,80,,224000,5741.0,5,997,,1,0,0,2006-05-26,0.025629464285714287,1530.0,890.1089877435908
liege-bastogne-liege/2000/result,Liège - Bastogne - Liège,275,,258000,3514.0208658724496,,1303,,0,0,0,2000-04-16,0.0136202359142343,454.0,194.00431447300844
tour-de-suisse/2006/stage-1,Tour de Suisse,50,,154800,1373.7047946024484,,972,,1,0,0,2006-06-10,0.00887406198063597,74.5,112.90493194838498
dauphine/1991/stage-6,Critérium du Dauphiné Libéré,50,,158000,1671.8980480017913,,830,,1,0,0,1991-06-09,0.010581633215201211,142.0,59.87245703252131
dwars-door-vlaanderen/1996/result,Dwars door België / À travers la Belgique,75,,210000,3916.8653663094483,,318,,0,0,0,1996-03-25,0.0186517398395688,229.0,67.06514568860466
vuelta-a-espana/1991/stage-14,Vuelta a España,80,,24100,1523.0,,1042,,1,0,0,1991-05-12,0.06319502074688797,184.0,67.77996262416596
itzulia-basque-country/2023/stage-4,Itzulia Basque Country,50,50,175700,3091.0,2,719,17,1,0,0,2023-04-06,0.01759248719408082,353.0,330.1339891894882
tour-de-suisse/2007/stage-6,Tour de Suisse,50,,125700,3968.858710294616,,1089,,1,0,0,2007-06-22,0.03157405497449973,1372.0,894.584283918198
tour-de-suisse/2003/stage-7,Tour de Suisse,50,,231000,3425.8406222041394,,660,,1,0,0,2003-06-23,0.014830478884000603,229.0,209.47699283290225
la-fleche-wallone/2002/result,La Flèche Wallonne,225,,198000,2937.78883842089,3,973,,0,0,0,2002-04-17,0.01483731736576207,337.0,220.04022601877023
vuelta-a-espana/2010/stage-11,Vuelta a España,80,16,208000,4199.0,5,1123,,1,0,0,2010-09-08,0.0201875,646.0,444.9383861035343
vuelta-a-espana/2020/stage-1,La Vuelta ciclista a España,80,100,173000,2975.0,2,692,,1,0,0,2020-10-20,0.017196531791907513,875.0,387.24505717398927
volta-a-catalunya/2004/stage-4,Volta a Catalunya,50,,12400,621.8945100232029,5,376,,1,0,0,2004-06-17,0.05015278306638733,224.0,114.94450179559912
paris-nice/1984/stage-2a,Paris - Nice,50,,101000,1757.3294018285535,,778,,1,0,0,1984-03-09,0.0173993010082035,0.0,0.0
tour-de-suisse/2014/stage-5,Tour de Suisse,50,6,183600,1763.0,2,944,,1,0,0,2014-06-18,0.00960239651416122,0.0,74.75452417815173
paris-nice/1983/stage-1,Paris - Nice,50,,196000,2122.9938643890696,,658,,1,0,0,1983-03-10,0.010831601348923824,0.0,0.0
vuelta-a-espana/2014/stage-13,Vuelta a España,80,16,188700,3236.0,2,1175,,1,0,0,2014-09-05,0.017148913619501854,185.0,404.4274934665857
paris-nice/2017/stage-2,Paris - Nice,50,60,195000,881.0,1,1158,,1,0,0,2017-03-06,0.004517948717948718,856.0,504.24011363748104
giro-d-italia/1996/stage-8,Giro d'Italia,80,,135000,903.5207875609169,,1034,,1,0,0,1996-05-26,0.00669274657452531,0.0,54.20402646158229
tour-de-france/2019/stage-19,Tour de France,100,,89000,2995.0,5,1699,,1,0,0,2019-07-26,0.033651685393258426,1020.0,538.8453284352938
paris-nice/2008/stage-7,Paris - Nice,30,,122500,2398.259661612741,,775,,1,0,0,2008-03-16,0.019577629890716253,209.0,390.47572364527673
tour-de-suisse/2001/stage-6,Tour de Suisse,50,,156600,2573.6691278009553,,873,,1,0,0,2001-06-25,0.016434668759903927,727.0,321.35727436548035
giro-d-italia/2018/stage-21,Giro d'Italia,80,100,115000,897.0,1,838,,1,0,0,2018-05-27,0.0078,0.0,0.0
volta-a-catalunya/1993/stage-1,Volta Ciclista a Catalunya,50,,181000,3683.0,,884,,1,0,0,1993-09-10,0.020348066298342543,0.0,0.0
vuelta-a-espana/1984/stage-16,Vuelta a España,80,,138000,1654.4387864209398,,747,,1,0,0,1984-05-03,0.011988686858122752,259.0,73.88651697911025
giro-d-italia/2007/stage-20,Giro d'Italia,80,,43000,410.9999999999998,1,844,,1,0,0,2007-06-02,0.009558139534883716,341.5,115.58554512805145
giro-d-italia/2021/stage-19,Giro d'Italia,80,100,166000,2811.0,5,885,,1,0,0,2021-05-28,0.016933734939759037,1172.0,571.8628848691872
giro-d-italia/2014/stage-19,Giro d'Italia,80,16,26800,1679.0,5,892,,1,0,0,2014-05-30,0.06264925373134328,570.5,205.98138984171572
tour-de-suisse/1977/stage-3a,Tour de Suisse,50,,108500,1492.4577029915365,,627,,1,0,0,1977-06-18,0.013755370534484208,0.0,0.0
dauphine/1990/stage-1,Critérium du Dauphiné Libéré,50,,139000,1331.5317685161665,,637,,1,0,0,1990-05-30,0.0095793652411235,0.0,0.0
tour-de-suisse/2010/stage-3,Tour de Suisse,50,6,192200,1502.0896871720763,,1198,,1,0,0,2010-06-15,0.007815242909324019,0.0,0.0
vuelta-a-espana/2007/stage-18,Vuelta a España,80,,153500,2895.0,2,995,,1,0,0,2007-09-20,0.018859934853420194,1051.0,664.0557229392656
tour-de-romandie/1995/stage-3,Tour de Romandie,50,,163300,1498.2397182524282,,798,,1,0,0,1995-05-05,0.009174768635960982,69.0,36.713303674099755
tirreno-adriatico/2016/stage-6,Tirreno-Adriatico,50,60,210000,1277.0,3,1133,,1,0,0,2016-03-14,0.006080952380952381,75.0,158.34298094576843
tour-de-suisse/1971/stage-5,Tour de Suisse,50,,189500,4602.582746491311,,302,,1,0,0,1971-06-15,0.02428803560153726,91.0,43.02034402465885
vuelta-a-espana/2018/stage-4,La Vuelta ciclista a España,80,100,161400,3300.0,5,1036,,1,0,0,2018-08-28,0.020446096654275093,843.0,398.15676888737863
vuelta-a-espana/1983/stage-9,Vuelta a España,80,,183000,1583.4354912382114,,705,,1,0,0,1983-04-28,0.008652652957585855,43.0,24.016827960994878
volta-a-catalunya/2012/stage-7,Volta Ciclista a Catalunya,50,6,119800,2111.5416981221083,2,760,,1,0,0,2012-03-25,0.01762555674559356,40.0,277.8337062093275
paris-nice/1997/stage-7b,Paris - Nice,50,,19900,173.22152321098883,,779,,1,0,0,1997-03-16,0.008704599156331098,45.0,13.208749094126173
tour-de-france/1982/stage-19,Tour de France,100,,48000,508.0,2,1492,,1,0,0,1982-07-23,0.010583333333333333,388.5,183.5338193825401
tour-de-romandie/2009/stage-5,Tour de Romandie,50,,150500,2316.292779343849,,714,,1,0,0,2009-05-03,0.015390649696636869,0.0,297.95677067167315
dauphine/1983/stage-7b,Critérium du Dauphiné Libéré,50,,33000,365.1802874059442,,621,,1,0,0,1983-06-06,0.011066069315331644,78.0,48.95984749431586
dauphine/2022/stage-6,Critérium du Dauphiné,50,60,196500,2958.0,2,789,22,1,0,0,2022-06-10,0.015053435114503817,32.0,103.63758457321462
world-championship/2019/result,World Championships ME - Road Race,350,600,260700,3220.0,2,1443,,0,0,0,2019-09-29,0.012351361718450325,113.5,282.96556950726364
tirreno-adriatico/2012/stage-2,Tirreno-Adriatico,50,6,230000,3084.0,1,1188,,1,0,0,2012-03-08,0.013408695652173914,0.0,93.41408976413926
paris-roubaix/1983/result,Paris - Roubaix,275,,274000,2309.2707465676694,,339,,0,0,0,1983-04-10,0.008427995425429451,782.0,580.3921903537779
dauphine/2001/stage-7,Criterium du Dauphiné Libére,50,,125000,1804.305663216921,,442,,1,0,0,2001-06-17,0.014434445305735368,401.0,151.84757867011731
itzulia-basque-country/2003/stage-5b,Vuelta al País Vasco,50,,13000,303.5543009231228,,910,,1,0,0,2003-04-11,0.023350330840240217,90.0,58.345325968531924
vuelta-a-espana/1982/stage-7,Vuelta a España,80,,146000,1347.4684960883462,,523,,1,0,0,1982-04-27,0.009229236274577713,57.0,203.37470940421568
omloop-het-nieuwsblad/2023/result,Omloop Het Nieuwsblad ME,225,300,207300,1616.0,2,677,,0,0,0,2023-02-25,0.007795465508924264,166.0,266.1561026310348
tour-de-france/1981/stage-6,Tour de France,100,,26700,475.0,2,1362,,1,0,0,1981-07-01,0.017790262172284643,196.5,72.55253793293623
tour-de-suisse/1997/stage-1,Tour de Suisse,50,,193100,2007.407252517473,,1161,,1,0,0,1997-06-18,0.010395687480670497,0.0,151.7357919519456
giro-d-italia/2000/stage-1,Giro d'Italia,80,,125000,691.0,2,866,,1,0,0,2000-05-14,0.005528,0.0,75.27814798087769
giro-d-italia/2002/stage-17,Giro d'Italia,80,,222000,4962.0,5,920,,1,0,0,2002-05-30,0.022351351351351353,2048.0,728.7784250770986
giro-d-italia/2012/stage-19,Giro d'Italia,80,16,198000,5807.0,5,886,,1,0,0,2012-05-25,0.02932828282828283,1590.0,837.4079276792156
e3-harelbeke/2021/result,E3 Saxo Bank Classic,225,400,203900,2000.0,2,714,,0,0,0,2021-03-26,0.00980872976949485,650.0,298.8290852280243
giro-d-italia/2015/stage-3,Giro d'Italia,80,16,136000,2797.0,4,861,,1,0,0,2015-05-11,0.020566176470588234,847.0,575.6999664971939
paris-nice/1990/stage-1,Paris - Nice,50,,184000,1518.3770194090635,,995,,1,0,0,1990-03-05,0.008252049018527519,0.0,0.0
liege-bastogne-liege/2016/result,Liège - Bastogne - Liège,275,500,248000,4015.0,3,1075,,0,0,0,2016-04-24,0.016189516129032258,327.0,298.71063840050306
tour-de-france/2012/stage-6,Tour de France,100,20,205000,1535.0,1,1703,,1,0,0,2012-07-06,0.00748780487804878,129.0,310.27309510878814
giro-d-italia/1999/stage-4,Giro d'Italia,80,,186000,1908.282206716913,,1057,,1,0,0,1999-05-18,0.010259581756542542,37.5,96.89480025245734
tour-de-romandie/2016/prologue,Tour de Romandie,50,60,3950,69.0,2,917,,1,0,0,2016-04-26,0.017468354430379748,30.5,14.790591465926909
tour-de-suisse/1988/stage-6,Tour de Suisse,50,,18500,219.8894874460484,,548,,1,0,0,1988-06-19,0.011885918240326941,66.5,32.14481122807986
tour-de-france/1992/stage-12,Tour de France,100,,192000,4500.0,3,2047,,1,0,0,1992-07-17,0.0234375,372.0,375.7406950005789
vuelta-a-espana/2005/stage-13,Vuelta a España,80,,196000,2334.0,5,960,,1,0,0,2005-09-09,0.011908163265306122,228.0,313.88114132777406
giro-d-italia/2007/stage-3,Giro d'Italia,80,,180000,2044.0,2,844,,1,0,0,2007-05-14,0.011355555555555556,0.0,141.53812853681922
giro-d-italia/2007/stage-4,Giro d'Italia,80,,154000,3433.0,5,844,,1,0,0,2007-05-16,0.022292207792207794,323.0,14981.861942742657
tour-de-romandie/1988/stage-2,Tour de Romandie,50,,160300,1502.05440293121,,439,,1,0,0,1988-05-12,0.009370270760643855,0.0,0.0
tour-de-france/1987/stage-16,Tour de France,100,,216500,2919.0,5,1812,,1,0,0,1987-07-16,0.013482678983833719,1027.0,181.80965255642255
tour-de-france/1986/stage-11,Tour de France,100,,258500,1946.0,1,1872,,1,0,0,1986-07-14,0.007528046421663443,30.0,5.862035568686213
vuelta-a-espana/1984/stage-17,Vuelta a España,80,,258000,2665.582641082624,,747,,1,0,0,1984-05-04,0.010331715663110945,313.0,326.54344924132874
tour-de-france/2014/stage-16,Tour de France,100,20,237500,4047.0,4,1612,,1,0,0,2014-07-22,0.01704,1244.0,482.37150781878455
tour-de-france/1979/stage-2,Tour de France,100,,23900,1452.0,5,1381,,1,0,0,1979-06-29,0.06075313807531381,443.0,169.14307695401067
tour-de-france/1985/stage-1,Tour de France,100,,256000,2500.0,1,1470,,1,0,0,1985-06-29,0.009765625,0.0,93.90445933510883
tour-de-france/2003/stage-5,Tour de France,100,,196500,2316.0,1,1688,,1,0,0,2003-07-10,0.011786259541984733,0.0,12.627894938189348
paris-nice/1995/stage-1,Paris - Nice,50,,161300,2456.041152722303,,861,,1,0,0,1995-03-05,0.015226541554385017,0.0,0.0
itzulia-basque-country/2018/stage-2,Itzulia Basque Country,50,50,166700,3232.0,4,824,,1,0,0,2018-04-03,0.019388122375524897,234.0,205.30494177441952
giro-d-italia/1991/stage-18,Giro d'Italia,80,,163000,2074.53298692971,,908,,1,0,0,1991-06-13,0.012727196238832578,0.0,0.0
giro-d-italia/1993/stage-17,Giro d'Italia,80,,223000,2866.7937949675033,,1089,,1,0,0,1993-06-09,0.012855577555908087,556.0,216.27821588561957
paris-roubaix/2006/result,Paris - Roubaix,275,,259000,1966.746487796564,1,641,,0,0,0,2006-04-09,0.007593615782998317,409.0,441.8424269949557
vuelta-a-espana/1995/stage-18,Vuelta a España,80,,157800,3097.0,,883,,1,0,0,1995-09-21,0.019626108998732572,0.0,0.0
paris-nice/1996/stage-1,Paris - Nice,50,,178000,1447.5167096470923,,766,,1,0,0,1996-03-10,0.008132116346331979,0.0,0.0
dauphine/2015/stage-2,Critérium du Dauphiné,50,6,173000,2226.0,2,997,,1,0,0,2015-06-08,0.012867052023121387,0.0,94.69191417695176
milano-sanremo/2010/result,Milano-Sanremo,275,,298000,2219.9236262413474,,1322,,0,0,0,2010-03-20,0.007449408141749488,100.0,302.8999990800998
ronde-van-vlaanderen/1976/result,Ronde van Vlaanderen / Tour des Flandres,275,,261000,1696.4005768805246,,805,,0,0,0,1976-04-04,0.006499619068507757,675.0,321.3031037212183
tour-de-france/1985/stage-8,Tour de France,100,,75000,1191.0,2,1470,,1,0,0,1985-07-06,0.01588,545.5,280.32347747965554
giro-d-italia/2005/stage-11,Giro d'Italia,80,,150000,3798.0,5,929,,1,0,0,2005-05-18,0.02532,1296.0,711.342171331455
ronde-van-vlaanderen/1978/result,Ronde van Vlaanderen / Tour des Flandres,275,,260000,2782.0901761338205,,714,,0,0,0,1978-04-09,0.010700346831283925,50.0,129.19623317522328
tour-de-romandie/2009/prologue,Tour de Romandie,50,,3100,30.355347585644722,,714,,1,0,0,2009-04-28,0.009792047608272491,13.0,5.827332658015413
volta-a-catalunya/2003/stage-2,Volta a Catalunya,50,,183600,3786.919009049677,,515,,1,0,0,2003-06-17,0.020625920528593012,1208.0,579.4918642805145
tour-de-suisse/1974/stage-9b,Tour de Suisse,50,,24600,340.716125510133,,541,,1,0,0,1974-06-21,0.01385024900447695,75.0,41.906642273828936
vuelta-a-espana/2007/stage-16,Vuelta a España,80,,161500,2827.0,2,995,,1,0,0,2007-09-18,0.017504643962848298,463.0,143.34005492195556
tour-de-france/1994/stage-18,Tour de France,100,,174500,4500.0,4,1731,,1,0,0,1994-07-21,0.025787965616045846,1247.0,475.0548540654773
giro-d-italia/2011/stage-18,Giro d'Italia,80,16,151000,2094.0,2,891,,1,0,0,2011-05-26,0.013867549668874173,364.0,281.952453895624
tirreno-adriatico/2010/stage-3,Tirreno-Adriatico,50,6,159000,1556.0,1,1176,,1,0,0,2010-03-12,0.009786163522012578,0.0,305.5692246324772
tour-de-suisse/2004/stage-8,Tour de Suisse,50,,91000,1593.3593713053392,,676,,1,0,0,2004-06-19,0.017509443640718013,266.0,228.03042066552368
vuelta-a-espana/2006/stage-18,Vuelta a España,80,,153000,2987.0,5,1026,,1,0,0,2006-09-14,0.019522875816993464,875.0,491.47698305782546
giro-d-italia/2012/stage-7,Giro d'Italia,80,16,205000,3855.0,3,886,,1,0,0,2012-05-12,0.018804878048780487,684.0,521.1987320662115
paris-nice/2010/stage-7,Paris - Nice,30,6,119000,1661.7980071008951,4,1192,,1,0,0,2010-03-14,0.01396468913530164,168.0,184.54864160925388
giro-d-italia/2014/stage-17,Giro d'Italia,80,16,208000,1823.0,1,892,,1,0,0,2014-05-28,0.008764423076923078,936.0,331.75466653194707
tour-de-france/1994/stage-11,Tour de France,100,,263500,3500.0,5,1731,,1,0,0,1994-07-13,0.013282732447817837,654.0,350.75961795027297
tour-de-france/1995/stage-8,Tour de France,100,,54000,937.0,3,1871,,1,0,0,1995-07-09,0.01735185185185185,564.0,177.37666652033587
vuelta-a-espana/2021/stage-21,La Vuelta ciclista a España,80,100,33800,641.0,1,1023,,1,0,0,2021-09-05,0.018964497041420118,292.0,112.7224275366853
tour-de-france/2007/stage-15,Tour de France,100,,196000,5445.0,4,1612,,1,0,0,2007-07-23,0.02778061224489796,1705.0,709.2781502101326
giro-d-italia/1999/stage-17,Giro d'Italia,80,,212000,2327.554112300809,1,1057,,1,0,0,1999-06-01,0.010979028831607588,0.0,90.41615955855873
tour-de-france/1987/stage-5,Tour de France,100,,112500,1548.0,2,1812,,1,0,0,1987-07-05,0.01376,13.0,107.47333406981458
giro-d-italia/2006/stage-8,Giro d'Italia,80,,127000,1384.0,2,997,,1,0,0,2006-05-15,0.01089763779527559,0.0,232.31804928677295
volta-a-catalunya/1999/stage-3,Volta Ciclista a Catalunya,50,,155600,2256.942225542223,,804,,1,0,0,1999-06-20,0.01450477008703228,540.0,111.06014598907494
giro-d-italia/2023/stage-1,Giro d'Italia,80,180,19600,171.0,1,835,24,1,0,0,2023-05-06,0.008724489795918368,151.0,53.74453773749853
tour-de-france/1987/stage-3,Tour de France,100,,219000,2188.7696526047657,2,1812,,1,0,0,1987-07-04,0.009994381975364227,355.0,279.0955082829303
vuelta-a-espana/1982/stage-8,Vuelta a España,80,,216000,1762.0974008041096,,523,,1,0,0,1982-04-28,0.008157858337056062,6.0,1.8973665961010275
giro-d-italia/2011/stage-9,Giro d'Italia,80,16,169000,4091.0,5,891,,1,0,0,2011-05-15,0.024207100591715977,1426.0,569.679879387495
tour-de-france/2012/prologue,Tour de France,100,20,6400,79.0,1,1703,,1,0,0,2012-06-30,0.01234375,31.0,11.491226567203464
tour-de-france/2014/stage-1,Tour de France,100,20,190500,2092.0,2,1612,,1,0,0,2014-07-05,0.010981627296587927,0.0,116.14480565056823
tour-de-suisse/2006/stage-2,Tour de Suisse,50,,155900,1453.8678323133415,,972,,1,0,0,2006-06-11,0.009325643568398599,308.0,37.826934833590606
vuelta-a-espana/1987/prologue,Vuelta a España,80,,6600,194.0,,838,,1,0,0,1987-04-23,0.029393939393939392,16.5,7.024560089033651
paris-nice/2012/stage-4,Paris - Nice,50,6,183000,2650.0,3,1079,,1,0,0,2012-03-07,0.01448087431693989,92.0,303.36590497876597
tour-de-suisse/1996/stage-2,Tour de Suisse,50,,218600,2110.051576244576,,971,,1,0,0,1996-06-13,0.009652568967267046,0.0,0.0
tirreno-adriatico/2000/stage-8,Tirreno-Adriatico,50,,166000,1270.6092040807064,,1197,,1,0,0,2000-03-15,0.007654272313739195,0.0,0.0
tour-de-romandie/2013/stage-4,Tour de Romandie,50,6,182000,3736.0,5,956,,1,0,0,2013-04-27,0.02052747252747253,828.0,673.8121802059005
omloop-het-nieuwsblad/2016/result,Omloop Het Nieuwsblad ME,125,200,200800,1813.0,2,661,,0,0,0,2016-02-27,0.009028884462151394,281.0,399.3521757467948
tour-de-france/2005/stage-15,Tour de France,70,,206000,5633.0,5,1535,,1,0,0,2005-07-17,0.027344660194174756,2169.0,835.4682840766432
vuelta-a-espana/1999/stage-19,Vuelta a España,80,,184600,2795.0,,1342,,1,0,0,1999-09-24,0.015140845070422536,721.0,429.66308479765127
omloop-het-nieuwsblad/1998/result,Omloop Het Volk,125,,202000,1777.08176391111,,556,,0,0,0,1998-02-28,0.008797434474807476,454.0,300.6700399104124
giro-d-italia/2017/stage-13,Giro d'Italia,80,100,167000,399.0000000000002,1,881,,1,0,0,2017-05-19,0.002389221556886229,16.0,100.96021426713031
vuelta-a-espana/2019/stage-21,La Vuelta ciclista a España,80,100,106600,763.0,1,798,,1,0,0,2019-09-15,0.007157598499061914,0.0,44.54209849133397
paris-roubaix/1975/result,Paris - Roubaix,275,,277500,1344.9442496137322,,626,,0,0,0,1975-04-13,0.00484664594455399,854.0,328.8828303956172
tour-de-france/2012/stage-12,Tour de France,100,20,226000,3399.0,4,1703,,1,0,0,2012-07-13,0.015039823008849557,589.0,140.49076996920786
tour-de-france/2002/stage-12,Tour de France,70,,199500,5000.0,5,1489,,1,0,0,2002-07-19,0.02506265664160401,1448.0,911.4302662195591
vuelta-a-espana/2019/stage-17,La Vuelta ciclista a España,80,100,219600,2395.0,3,798,,1,0,0,2019-09-11,0.010906193078324225,1416.0,676.1061087502807
omloop-het-nieuwsblad/1993/result,Omloop Het Volk,125,,202000,1675.1853578510045,,579,,0,0,0,1993-02-27,0.008292996821044576,8.0,171.503789447352
tour-de-suisse/1987/stage-6,Tour de Suisse,50,,265500,3191.996587625676,,673,,1,0,0,1987-06-21,0.012022586017422508,105.0,44.68121209508214
giro-d-italia/2002/stage-18,Giro d'Italia,80,,143000,1913.0,2,920,,1,0,0,2002-05-31,0.013377622377622378,0.0,101.6815179342548
tour-de-suisse/1980/stage-8b,Tour de Suisse,50,,11300,134.28860887272913,,477,,1,0,0,1980-06-18,0.011883947687852135,19.5,23.200574705525437
vuelta-a-espana/1994/stage-16,Vuelta a España,80,,147700,2424.0,,791,,1,0,0,1994-05-10,0.016411645226811104,123.0,64.17380912629214
vuelta-a-espana/2008/stage-3,Vuelta a España,80,,168300,2142.0,2,1101,,1,0,0,2008-09-01,0.012727272727272728,0.0,302.5401904386002
tour-de-france/2005/stage-7,Tour de France,100,,228000,1314.0,2,1535,,1,0,0,2005-07-08,0.005763157894736842,0.0,11.562638995970026
world-championship/1991/result,World Championships - Road Race,350,,252800,4402.0,,1794,,0,0,0,1991-08-25,0.017412974683544302,564.5,330.32315649875085
tirreno-adriatico/2008/stage-4,Tirreno-Adriatico,30,,166000,1657.1215029336731,1,1136,,1,0,0,2008-03-15,0.009982659656226947,14.0,187.0715028503046
amstel-gold-race/1983/result,Amstel Gold Race,225,,242000,3559.468318118119,,637,,0,0,0,1983-04-23,0.014708546769083137,168.0,201.74393518669996
volta-a-catalunya/1984/stage-4a,Volta Ciclista a Catalunya,50,,138000,2166.250512325739,,319,,1,0,0,1984-09-09,0.015697467480621296,0.0,11.46492234794656
giro-d-italia/2008/stage-4,Giro d'Italia,80,,183000,2459.0,2,1058,,1,0,0,2008-05-13,0.013437158469945355,0.0,237.0864650261475
giro-d-italia/2020/stage-13,Giro d'Italia,80,100,192000,827.0,1,765,,1,0,0,2020-10-16,0.004307291666666667,214.5,358.6769707044974
paris-nice/1985/stage-7a,Paris - Nice,50,,100000,1715.7097741943612,,815,,1,0,0,1985-03-10,0.017157097741943614,19.0,4.905778905196061
vuelta-a-espana/2010/stage-3,Vuelta a España,80,16,156000,2868.0,3,1123,,1,0,0,2010-08-30,0.018384615384615385,660.0,617.0267802626653
tour-de-suisse/1976/prologue,Tour de Suisse,50,,4000,394.4518853626955,,377,,1,0,0,1976-06-09,0.09861297134067389,11.0,4.898979485566356
giro-d-italia/2000/stage-13,Giro d'Italia,80,,195000,4602.0,4,866,,1,0,0,2000-05-27,0.0236,1052.0,469.47341286415116
vuelta-a-espana/1994/stage-6,Vuelta a España,80,,151700,2767.0,,791,,1,0,0,1994-04-30,0.01823994726433751,83.0,46.47687597074485
vuelta-a-espana/2008/stage-5,Vuelta a España,80,,42500,215.0,1,1101,,1,0,0,2008-09-03,0.005058823529411765,234.0,113.77314275269704
tour-de-france/2010/stage-2,Tour de France,100,20,201000,2708.0,2,1685,,1,0,0,2010-07-05,0.013472636815920399,236.0,268.05257872297375
giro-d-italia/1990/stage-13,Giro d'Italia,80,,224000,2201.7390361914386,,1061,,1,0,0,1990-05-30,0.009829192125854636,0.0,0.0
vuelta-a-espana/2011/stage-9,Vuelta a España,80,16,179500,2741.0,5,1170,,1,0,0,2011-08-28,0.015270194986072424,758.0,478.62883576022165
vuelta-a-espana/1982/stage-4,Vuelta a España,80,,196000,2193.5213636046587,,523,,1,0,0,1982-04-24,0.011191435528595198,45.0,127.2311620230814
vuelta-a-espana/1992/stage-9,Vuelta a España,80,,144000,4615.0,,1033,,1,0,0,1992-05-05,0.03204861111111111,307.0,180.10385892589863
tour-de-france/2012/stage-8,Tour de France,100,20,157500,3072.0,4,1703,,1,0,0,2012-07-08,0.019504761904761903,739.0,1895.400867216577
tour-de-france/1984/stage-14,Tour de France,100,,227500,3500.0,2,1632,,1,0,0,1984-07-12,0.015384615384615385,1090.0,307.07352903261506
volta-a-catalunya/1998/stage-4,Volta Ciclista a Catalunya,50,,197500,2967.9774843979594,,859,,1,0,0,1998-06-21,0.015027734098217517,0.0,22.133136739637333
vuelta-a-espana/1984/stage-19,Vuelta a España,80,,139000,1553.3174935752447,,747,,1,0,0,1984-05-06,0.011174945996944206,0.0,0.0
volta-a-catalunya/1997/stage-6,Volta Ciclista a Catalunya,50,,160700,1810.9989388708414,,419,,1,0,0,1997-06-24,0.011269439569824775,23.0,13.8824429486392
tour-de-france/2021/stage-9,Tour de France,100,120,144900,4628.0,5,1646,,1,0,0,2021-07-04,0.03193926846100759,1897.0,575.6572594348006
vuelta-a-espana/2017/stage-4,Vuelta a España,80,100,198200,1835.0,2,899,,1,0,0,2017-08-22,0.00925832492431887,0.0,112.36894880627855
vuelta-a-espana/1997/stage-11,Vuelta a España,80,,198000,1501.0,,1165,,1,0,0,1997-09-16,0.007580808080808081,19.0,299.8252086180162
giro-d-italia/2010/stage-10,Giro d'Italia,80,16,220000,2292.0,2,878,,1,0,0,2010-05-18,0.010418181818181818,3.0,143.65400122778982
vuelta-a-espana/1999/stage-3,Vuelta a España,80,,222800,755.0,,1342,,1,0,0,1999-09-07,0.003388689407540395,0.0,179.04005933030828
tour-de-france/1991/stage-19,Tour de France,100,,177000,3000.0,2,1933,,1,0,0,1991-07-25,0.01694915254237288,110.0,265.3387719726553
tour-de-suisse/2017/stage-4,Tour de Suisse,50,60,143200,2896.0,5,855,,1,0,0,2017-06-13,0.020223463687150837,847.0,419.31145852851506
dauphine/2002/stage-6,Critérium du Dauphiné Libéré,50,,146000,3767.3815591592556,,602,,1,0,0,2002-06-15,0.02580398328191271,891.0,659.1257404598113
vuelta-a-espana/1981/stage-14,Vuelta a España,80,,197000,3059.7441587865724,,457,,1,0,0,1981-05-05,0.015531696237495292,890.0,412.8617168435735
tour-de-france/2021/stage-8,Tour de France,100,120,150800,3557.0,4,1646,,1,0,0,2021-07-03,0.023587533156498672,2101.0,656.6227550699133
tour-de-france/1981/stage-13,Tour de France,100,,157000,854.0,1,1362,,1,0,0,1981-07-09,0.005439490445859872,0.0,53.74512365947583
vuelta-a-espana/2015/stage-21,Vuelta a España,80,100,98800,726.0,1,1115,,1,0,0,2015-09-13,0.007348178137651822,20.0,42.150739930568605
omloop-het-nieuwsblad/2010/result,Omloop Het Nieuwsblad ME,125,,204400,2422.0734973717867,2,878,,0,0,0,2010-02-27,0.01184967464467606,299.0,282.7342338734506
vuelta-a-espana/1997/stage-7,Vuelta a España,80,,219200,5218.0,,1165,,1,0,0,1997-09-12,0.023804744525547445,1166.0,694.901182183909
tour-de-france/1994/stage-7,Tour de France,100,,259500,1993.0,1,1731,,1,0,0,1994-07-09,0.007680154142581888,0.0,172.0171336245335
tour-de-france/1997/stage-7,Tour de France,100,,194000,1616.0,1,1994,,1,0,0,1997-07-12,0.008329896907216494,50.0,88.69075167853902
vuelta-a-espana/2013/stage-12,Vuelta a España,80,16,164200,1765.0,1,1128,,1,0,0,2013-09-05,0.010749086479902558,59.0,174.09367248000143
paris-nice/2006/prologue,Paris - Nice,50,,4800,72.88890216811205,1,795,,1,0,0,2006-03-05,0.01518518795169001,21.0,10.699667815410763
amstel-gold-race/1984/result,Amstel Gold Race,225,,247000,3490.1457853401807,,451,,0,0,0,1984-04-21,0.01413014487991976,617.0,299.0453764151814
tour-de-france/1984/stage-1,Tour de France,100,,148500,948.0,1,1632,,1,0,0,1984-06-30,0.006383838383838384,0.0,0.0
tour-de-france/2009/stage-2,Tour de France,100,,187000,2387.0,2,1557,,1,0,0,2009-07-05,0.012764705882352942,0.0,0.0
giro-d-italia/2010/stage-15,Giro d'Italia,80,16,218000,3915.0,5,878,,1,0,0,2010-05-23,0.017958715596330277,1355.0,547.6311661395632
paris-nice/2013/stage-7,Paris - Nice,50,6,9600,527.0,5,917,,1,0,0,2013-03-10,0.05489583333333333,167.0,70.68623077712172
tour-de-suisse/1978/stage-9a,Tour de Suisse,50,,97500,1573.8682284265715,,691,,1,0,0,1978-06-23,0.016142238240272527,0.0,0.0
giro-d-italia/2019/stage-21,Giro d'Italia,80,100,17000,297.0,2,896,,1,0,0,2019-06-02,0.017470588235294116,116.5,58.43680222394466
vuelta-a-espana/2016/stage-17,Vuelta a España,80,100,177500,3460.0,5,821,,1,0,0,2016-09-07,0.019492957746478873,708.0,349.97430684310314
tour-de-france/1983/stage-4,Tour de France,100,,299000,2469.0,2,1269,,1,0,0,1983-07-05,0.00825752508361204,290.0,107.61055239407196
tour-de-suisse/1996/stage-6,Tour de Suisse,50,,198000,3425.3047982930684,,971,,1,0,0,1996-06-17,0.017299519183298324,1019.0,446.06497413166846
paris-nice/2018/stage-8,Paris - Nice,50,60,110000,2165.0,4,936,,1,0,0,2018-03-11,0.019681818181818182,845.0,509.2165589016614
dauphine/2019/stage-5,Critérium du Dauphiné,50,60,201000,2098.0,2,973,,1,0,0,2019-06-13,0.010437810945273632,0.0,118.06948823758366
tour-de-suisse/1984/stage-2,Tour de Suisse,50,,176500,1135.4106911425574,,646,,1,0,0,1984-06-15,0.006432921762847351,0.0,0.0
giro-d-italia/2022/stage-10,Giro d'Italia,80,100,196000,1764.0,2,817,25,1,0,0,2022-05-17,0.009,231.0,424.8305848362854
tirreno-adriatico/2003/stage-6,Tirreno-Adriatico,50,,179000,2716.1773683645165,,882,,1,0,0,2003-03-18,0.015174175242259868,99.0,353.4418437780708
dauphine/2009/stage-8,Critérium du Dauphiné Libéré,50,,146000,2424.349517218862,,708,,1,0,0,2009-06-14,0.016605133679581247,237.0,243.8075974955786
tour-de-romandie/1984/stage-4,Tour de Romandie,50,,205600,1935.7122325961539,,491,,1,0,0,1984-05-12,0.009414942765545496,0.0,11.129112402035611
paris-nice/2008/stage-2,Paris - Nice,30,,201000,2646.5212586966068,,775,,1,0,0,2008-03-11,0.013166772431326402,176.0,409.2033940980614
paris-nice/1986/stage-5,Paris - Nice,50,,180000,1205.62042081424,,746,,1,0,0,1986-03-07,0.0066978912267457785,66.0,58.75811543125135
e3-harelbeke/2004/result,E3 Prijs Vlaanderen,125,,195000,1735.8846470976125,2,563,,0,0,0,2004-03-27,0.008901972549218526,22.0,190.60173611885546
vuelta-a-espana/2006/stage-19,Vuelta a España,80,,205300,2998.0,1,1026,,1,0,0,2006-09-15,0.014603019970774476,676.0,157.16151797049582
tour-de-suisse/1983/stage-7,Tour de Suisse,50,,218500,3456.976912673684,,809,,1,0,0,1983-06-21,0.01582140463466217,89.0,36.33409785128381
tour-de-romandie/1983/stage-2,Tour de Romandie,50,,142700,1580.603796894933,,478,,1,0,0,1983-05-05,0.011076410629957486,0.0,2.7386127875258306
vuelta-a-espana/1995/stage-4,Vuelta a España,80,,82600,2429.0,,883,,1,0,0,1995-09-06,0.02940677966101695,0.0,0.0
tour-de-romandie/2011/stage-2,Tour de Romandie,50,6,168300,2648.0,,660,,1,0,0,2011-04-28,0.015733808674985146,127.0,291.3159076765599
san-sebastian/1991/result,Clasica Ciclista San Sebastian,225,,238000,3437.9497042462585,,1483,,0,0,0,1991-08-10,0.014445166824564112,306.0,164.70182379339212
tour-de-suisse/1998/stage-3,Tour de Suisse,50,,208000,2393.991878054578,,971,,1,0,0,1998-06-19,0.011509576336800857,88.0,250.6719493172235
itzulia-basque-country/1990/stage-3,Vuelta Ciclista al País Vasco,50,,183000,1396.085028926802,,567,,1,0,0,1990-04-07,0.00762887993949072,16.0,4.96655480858378
tour-de-france/1999/stage-10,Tour de France,100,,218000,5500.0,5,1255,,1,0,0,1999-07-14,0.02522935779816514,2060.0,785.6598804537338
gp-montreal/2018/result,Grand Prix Cycliste de Montréal,225,500,195200,3564.0,2,736,,0,0,0,2018-09-09,0.018258196721311477,118.0,201.6507116593343
san-sebastian/1983/result,Clasica Ciclista San Sebastian,225,,244000,3119.3312207814033,,390,,0,0,0,1983-08-17,0.012784144347464768,285.0,271.4495858526486
vuelta-a-espana/1997/stage-9,Vuelta a España,80,,38000,238.0,,1165,,1,0,0,1997-09-14,0.006263157894736842,272.0,111.67112606825006
gp-quebec/2015/result,Grand Prix Cycliste de Québec,225,80,201600,3042.286878566427,2,889,,0,0,0,2015-09-11,0.015090708723047751,131.0,70.80035213789776
vuelta-a-espana/1986/stage-18,Vuelta a España,80,,191000,2500.0,,843,,1,0,0,1986-05-10,0.013089005235602094,692.5,350.92731746453876
strade-bianche/2017/result,Strade Bianche,225,300,175000,2938.0,3,745,,0,0,0,2017-03-04,0.016788571428571427,818.0,379.82561956352157
giro-d-italia/2022/stage-1,Giro d'Italia,80,100,195000,1390.0,3,817,23,1,0,0,2022-05-06,0.007128205128205128,76.0,126.95009738065959
volta-a-catalunya/2016/stage-6,Volta Ciclista a Catalunya,50,50,197200,2123.0,2,1045,,1,0,0,2016-03-26,0.010765720081135903,0.0,151.25194525491642
tour-de-france/1984/stage-21,Tour de France,100,,320500,3000.0,2,1632,,1,0,0,1984-07-20,0.0093603744149766,0.0,113.09832470759837
giro-d-italia/1990/stage-3,Giro d'Italia,80,,190000,2299.169575730048,,1061,,1,0,0,1990-05-20,0.012100892503842359,49.5,18.98654494343004
vuelta-a-espana/2019/stage-13,La Vuelta ciclista a España,80,100,166400,4179.0,5,798,,1,0,0,2019-09-06,0.025114182692307693,1111.0,540.7365950372248
giro-d-italia/2015/stage-19,Giro d'Italia,80,16,236000,5113.0,5,861,,1,0,0,2015-05-29,0.021665254237288135,2562.0,1059.4257971193522
dauphine/2002/stage-2,Critérium du Dauphiné Libéré,50,,174000,2902.3814120045063,,602,,1,0,0,2002-06-11,0.016680352942554634,660.0,444.3215410468642
tour-de-france/1994/stage-16,Tour de France,100,,224500,5000.0,5,1731,,1,0,0,1994-07-19,0.022271714922048998,1029.0,489.129469107324
dauphine/2005/stage-2,Critérium du Dauphiné Libéré,50,,187000,1966.7430920136526,,933,,1,0,0,2005-06-07,0.010517342738040922,196.0,121.09473806287086
world-championship/1986/result,World Championships - Road Race,350,,261000,4230.0,,1601,,0,0,0,1986-09-06,0.016206896551724137,9.0,73.54777036408332
giro-d-italia/1996/stage-10,Giro d'Italia,80,,164000,1450.926795659011,,1034,,1,0,0,1996-05-28,0.008847114607676896,346.0,257.4250225779152
giro-d-italia/2022/stage-3,Giro d'Italia,80,100,201000,1150.0,1,817,19,1,0,0,2022-05-08,0.0057213930348258705,0.0,14.068438744452001
tirreno-adriatico/2010/stage-6,Tirreno-Adriatico,50,6,134000,2190.0,2,1176,,1,0,0,2010-03-15,0.016343283582089554,652.0,431.5931589917324
milano-sanremo/2019/result,Milano-Sanremo,275,500,291000,2060.0,2,1171,,0,0,0,2019-03-23,0.007079037800687285,158.0,309.96190587064234
giro-d-italia/2006/stage-3,Giro d'Italia,80,,193000,2581.0,2,997,,1,0,0,2006-05-09,0.013373056994818652,0.0,37.180935787107636
tour-de-france/1990/stage-5,Tour de France,100,,301000,3365.0,1,1959,,1,0,0,1990-07-04,0.011179401993355481,270.0,155.8822662819252
milano-sanremo/1996/result,Milano-Sanremo,275,,294000,3142.2790358978755,,1580,,0,0,0,1996-03-23,0.010688023931625427,350.0,225.25059808594784
tirreno-adriatico/2003/stage-1,Tirreno-Adriatico,50,,178000,2674.8503547492337,,882,,1,0,0,2003-03-13,0.015027249183984459,0.0,6.125735150790311
paris-nice/1993/stage-1,Paris - Nice,50,,208500,1515.0270270050587,,1182,,1,0,0,1993-03-08,0.007266316676283255,0.0,0.0
giro-d-italia/1993/stage-1a,Giro d'Italia,80,,85000,1410.0,,1089,,1,0,0,1993-05-23,0.016588235294117647,34.0,7.602631123499284
amstel-gold-race/2013/result,Amstel Gold Race,225,,251800,3500.0,2,1149,,0,0,0,2013-04-14,0.013899920571882446,97.5,231.8923996144506
vuelta-a-espana/1981/stage-11,Vuelta a España,80,,193000,2645.354453503505,,457,,1,0,0,1981-05-02,0.013706499759085517,86.0,387.06765101158646
giro-d-italia/2014/stage-5,Giro d'Italia,80,16,203000,2413.0,3,892,,1,0,0,2014-05-14,0.011886699507389163,372.0,13276.859136438841
tour-de-romandie/1999/stage-2,Tour de Romandie,50,,171300,1949.2365755596725,,893,,1,0,0,1999-05-06,0.011379081001515893,134.0,163.19713284587243
paris-nice/1976/stage-6b,Paris - Nice,50,,97000,1706.09117969785,,779,,1,0,0,1976-03-13,0.017588568862864435,2.0,0.8498365855987974
vuelta-a-espana/2017/stage-13,Vuelta a España,80,100,198400,1938.0,2,899,,1,0,0,2017-09-01,0.009768145161290322,187.0,134.0677888182841
itzulia-basque-country/2021/stage-6,Itzulia Basque Country,50,50,111900,3291.0,4,936,,1,0,0,2021-04-10,0.02941018766756032,743.0,351.68945759853375
giro-d-italia/2021/stage-6,Giro d'Italia,80,100,160000,3595.0,5,885,,1,0,0,2021-05-13,0.02246875,1287.5,594.7120809384301
tour-de-romandie/2009/stage-2,Tour de Romandie,50,,161500,2337.434739405404,,714,,1,0,0,2009-04-30,0.014473280120157299,284.0,292.45959377742963
tour-de-suisse/1989/stage-10,Tour de Suisse,50,,160500,1148.747923075923,,604,,1,0,0,1989-06-23,0.007157307931937215,0.0,0.0
dauphine/1984/stage-2,Critérium du Dauphiné Libéré,50,,202000,1048.907971290098,,529,,1,0,0,1984-05-30,0.005192613719257911,0.0,0.0
giro-d-italia/1995/stage-9,Giro d'Italia,80,,165000,928.0784941511247,,1365,,1,0,0,1995-05-21,0.005624718146370453,0.0,0.0
vuelta-a-espana/1997/stage-21,Vuelta a España,80,,43000,477.0,,1165,,1,0,0,1997-09-27,0.011093023255813954,141.0,57.593707014910045
volta-a-catalunya/2001/stage-6,Volta a Catalunya,50,,184200,2613.559136128919,,617,,1,0,0,2001-06-26,0.01418870323631335,742.0,432.67432168507537
tour-de-romandie/2002/stage-2,Tour de Romandie,50,,172800,4552.571577080731,,535,,1,0,0,2002-05-02,0.026345900330328305,1860.0,837.2977918022137
vuelta-a-espana/2011/stage-15,Vuelta a España,80,16,144000,3765.0,5,1170,,1,0,0,2011-09-04,0.026145833333333333,924.5,427.4590755835012
volta-a-catalunya/2015/stage-2,Volta Ciclista a Catalunya,50,6,191800,2364.0,3,817,,1,0,0,2015-03-24,0.01232533889468196,0.0,247.06922717599574
paris-nice/1990/stage-5,Paris - Nice,50,,164000,1342.3196093887748,,995,,1,0,0,1990-03-09,0.008184875667004723,81.0,32.1291395651269
dauphine/2015/stage-6,Critérium du Dauphiné,50,6,183000,3562.0,5,997,,1,0,0,2015-06-12,0.01946448087431694,2185.0,876.083359600757
paris-nice/2000/stage-3,Paris - Nice,50,,178000,2759.1376286484847,,880,,1,0,0,2000-03-08,0.015500773194654408,10.0,2.1821789023599236
san-sebastian/2017/result,Clásica Ciclista San Sebastian,225,400,231000,4156.0,2,800,,0,0,0,2017-07-29,0.017991341991341992,197.5,270.8742425522513
gp-quebec/2010/result,Grand Prix Cycliste de Quebec,225,,189000,2455.1716784773084,3,824,,0,0,0,2010-09-10,0.01299032634114978,29.0,209.22335269989514
giro-d-italia/2014/stage-10,Giro d'Italia,80,16,173000,403.0000000000002,1,892,,1,0,0,2014-05-20,0.0023294797687861287,83.0,129.25853051250306
giro-d-italia/2020/stage-2,Giro d'Italia,80,100,149000,2359.0,3,765,,1,0,0,2020-10-04,0.01583221476510067,98.0,151.58952210141146
tour-de-france/1982/stage-21,Tour de France,100,,186000,2180.0,1,1492,,1,0,0,1982-07-25,0.011720430107526882,0.0,13.272819667858217
tirreno-adriatico/1993/stage-3,Tirreno-Adriatico,50,,184000,1299.1329104175823,,568,,1,0,0,1993-03-12,0.007060504947921643,0.0,0.0
tour-de-france/2016/stage-21,Tour de France,100,120,113000,713.0,1,1758,,1,0,0,2016-07-24,0.006309734513274336,0.0,74.51349461457146
tour-de-france/2010/stage-8,Tour de France,100,20,189000,3636.0,5,1685,,1,0,0,2010-07-11,0.019238095238095238,1292.0,677.3876166215376
giro-d-italia/2017/stage-3,Giro d'Italia,80,100,148000,1441.0,1,881,,1,0,0,2017-05-07,0.009736486486486487,77.0,120.70208593927663
paris-roubaix/2000/result,Paris - Roubaix,275,,273000,2494.8810168558057,1,808,,0,0,0,2000-04-10,0.00913875830350112,270.0,327.6655580751782
paris-nice/1976/stage-2,Paris - Nice,50,,185000,1598.9650563941918,,779,,1,0,0,1976-03-09,0.008643054358887523,0.0,0.0
volta-a-catalunya/2016/stage-7,Volta Ciclista a Catalunya,50,50,136400,1880.0,2,1045,,1,0,0,2016-03-27,0.01378299120234604,209.0,176.29333491799377
giro-d-italia/2010/stage-1,Giro d'Italia,80,16,8400,60.0,1,878,,1,0,0,2010-05-08,0.007142857142857143,43.0,18.663940939449986
