method,clusters_size,n_cluster,silhouette_score,coph_corr,features
single,[5228   21    1],3,0.6579530333261966,0.708399007813515,"['length', 'climb/length', 'startlist_quality']"
single,[   6 5222   21    1],4,0.6144026680772114,0.708399007813515,"['length', 'climb/length', 'startlist_quality']"
single,[   6 5222    2   19    1],5,0.6141140486280344,0.708399007813515,"['length', 'climb/length', 'startlist_quality']"
single,[   6 5222    2    3   16    1],6,0.6113350031666414,0.708399007813515,"['length', 'climb/length', 'startlist_quality']"
single,[   2 5247    1],3,0.5994812242985557,0.655289418232598,"['length', 'climb_total', 'climb/length']"
single,[5248    1    1],3,0.5900803689736516,0.6638022397006643,"['length', 'climb/length', 'median_delta']"
average,[  28    2 5220],3,0.5892704967187208,0.8011844286909774,"['climb/length', 'median_delta', 'startlist_quality']"
single,[   2 5244    3    1],4,0.5737154669115513,0.655289418232598,"['length', 'climb_total', 'climb/length']"
single,[   2   22 5222    2    1    1],6,0.5658786849832845,0.655289418232598,"['length', 'climb_total', 'climb/length']"
single,[   2   22 5221    1    2    1    1],7,0.5625151207400703,0.655289418232598,"['length', 'climb_total', 'climb/length']"
average,[ 508 3967  775],3,0.5585681601133116,0.8339195974760166,"['points', 'climb_total', 'median_delta']"
single,[   2 5244    2    1    1],5,0.5581122275300053,0.655289418232598,"['length', 'climb_total', 'climb/length']"
ward,[ 508  453 4289],3,0.5463467594610601,0.755229231536732,"['points', 'climb/length', 'median_delta']"
average,[ 508  711 4031],3,0.5462675584569302,0.8380949270320813,"['points', 'length', 'climb_total']"
average,[   2  506 3967  775],4,0.5441848576578165,0.8339195974760166,"['points', 'climb_total', 'median_delta']"
ward,[ 508  680 4062],3,0.5429342577642773,0.8028647541340176,"['points', 'length', 'climb_total']"
average,[  55  508 4687],3,0.5408192569021182,0.8486401110887601,"['points', 'length', 'climb/length']"
ward,[3641  508 1101],3,0.5382137954454679,0.7398065612348762,"['points', 'climb_total', 'median_delta']"
single,[5221   28    1],3,0.5356052442470257,0.6186599160911422,"['climb_total', 'climb/length', 'startlist_quality']"
single,[5221   27    1    1],4,0.5348070448781113,0.6186599160911422,"['climb_total', 'climb/length', 'startlist_quality']"
average,[  28 4682  540],3,0.5345007653452603,0.810091730956877,"['climb_total', 'climb/length', 'median_delta']"
single,[5221    6   21    1    1],5,0.530855687856171,0.6186599160911422,"['climb_total', 'climb/length', 'startlist_quality']"
complete,[  56  508 4686],3,0.529375080277445,0.7979311454580628,"['points', 'climb_total', 'climb/length']"
average,[ 507    1  711 4031],4,0.5293104095477238,0.8380949270320813,"['points', 'length', 'climb_total']"
average,[  57  508 4685],3,0.5291473930378088,0.8241312523049772,"['points', 'climb_total', 'climb/length']"
single,[   2 5247    1],3,0.5274552442840506,0.5848569109151751,"['length', 'median_delta', 'startlist_quality']"
average,[   2  506 3967  774    1],5,0.5261756943830811,0.8339195974760166,"['points', 'climb_total', 'median_delta']"
complete,[ 103  508 4639],3,0.5187674911641521,0.7101808296301673,"['points', 'length', 'climb/length']"
average,[  28 4682    6  534],4,0.5161656827931861,0.810091730956877,"['climb_total', 'climb/length', 'median_delta']"
average,[  26  224 4492  508],4,0.5129089784120834,0.8650005482223623,"['points', 'climb/length', 'median_delta']"
average,[ 508  684  844 3214],4,0.5088947755003643,0.8517649088446797,"['points', 'length', 'startlist_quality']"
single,[4742  507    1],3,0.5080987664946683,0.5807048766712455,"['points', 'climb/length', 'median_delta']"
single,[4742  507    1],3,0.507568639831237,0.5749379737370216,"['points', 'climb_total', 'median_delta']"
ward,[ 508  707  593 3442],4,0.5070308222964272,0.8275380545611692,"['points', 'length', 'startlist_quality']"
ward,[ 508 1349  686 2707],4,0.5069355710210101,0.7477734020947466,"['points', 'length', 'median_delta']"
average,[  40  508 4702],3,0.5063849299239359,0.8333786206708368,"['points', 'climb/length', 'startlist_quality']"
average,[   2  506 3967   10  764    1],6,0.5055470955637911,0.8339195974760166,"['points', 'climb_total', 'median_delta']"
complete,[3704  508   61  977],4,0.505099630047199,0.7376555532823066,"['points', 'climb_total', 'climb/length', 'median_delta']"
single,[4742   53  455],3,0.5043528871346584,0.6642148845382484,"['points', 'length', 'startlist_quality']"
average,[ 508  134  550  844 3214],5,0.5042300398755293,0.8517649088446797,"['points', 'length', 'startlist_quality']"
average,[  36 5191   23],3,0.5040759784145393,0.7235966603965633,"['climb_total', 'climb/length', 'median_delta', 'startlist_quality']"
single,[4742   53  455],3,0.5037992467536987,0.6187829831853149,"['points', 'length', 'climb_total']"
single,[   2 4742  506],3,0.5035697716145009,0.6159399057376367,"['points', 'length', 'median_delta']"
average,[  26  224 4492    2  506],5,0.5028349524202862,0.8650005482223623,"['points', 'climb/length', 'median_delta']"
ward,[3734  508 1008],3,0.5004284262439368,0.797871539184922,"['points', 'median_delta', 'startlist_quality']"
single,[4742   53  455],3,0.49909433143513054,0.6331987565727503,"['points', 'length', 'climb/length']"
single,[5221   28    1],3,0.497251144536763,0.6577326421685586,"['length', 'climb_total', 'climb/length', 'startlist_quality']"
average,[  36 5191   22    1],4,0.4968761533035017,0.7235966603965633,"['climb_total', 'climb/length', 'median_delta', 'startlist_quality']"
average,[  26  224 5000],3,0.4967274258980089,0.8650005482223623,"['points', 'climb/length', 'median_delta']"
single,[5221   27    1    1],4,0.49638065137794757,0.6577326421685586,"['length', 'climb_total', 'climb/length', 'startlist_quality']"
average,[ 508  179 4563],3,0.49599630610002265,0.8608467270688923,"['points', 'length', 'median_delta']"
complete,[ 253  508 4489],3,0.4946841305193186,0.8220538653295212,"['points', 'median_delta', 'startlist_quality']"
average,[  29 4563  658],3,0.494360412686073,0.7778042313834607,"['length', 'climb_total', 'climb/length']"
complete,[ 508  230 4512],3,0.4939011635385181,0.8328899753721735,"['points', 'length', 'median_delta']"
complete,[  69  508 4673],3,0.4938197243738101,0.8253409968641661,"['points', 'climb_total', 'median_delta']"
average,[   2    2  504 3967   10  764    1],7,0.4935160580706014,0.8339195974760166,"['points', 'climb_total', 'median_delta']"
average,[  26    5  219 4492    2  506],6,0.49333879782857626,0.8650005482223623,"['points', 'climb/length', 'median_delta']"
average,[  53  455  134  550  844 3214],6,0.4919842964137492,0.8517649088446797,"['points', 'length', 'startlist_quality']"
average,[ 508 4475  267],3,0.49065759761584665,0.8466127492428348,"['points', 'median_delta', 'startlist_quality']"
single,[5220    1    6   21    1    1],6,0.48984649389394525,0.6186599160911422,"['climb_total', 'climb/length', 'startlist_quality']"
single,[5220    1    6    2   19    1    1],7,0.4897574817927765,0.6186599160911422,"['climb_total', 'climb/length', 'startlist_quality']"
single,[5221    7   19    1    1    1],6,0.48934238006338593,0.6993785232518946,"['climb/length', 'median_delta', 'startlist_quality']"
single,[5228   20    1    1],4,0.4890414959120411,0.6993785232518946,"['climb/length', 'median_delta', 'startlist_quality']"
ward,[3734  508  547  461],4,0.4885072505928699,0.797871539184922,"['points', 'median_delta', 'startlist_quality']"
complete,[4000  508   30   80  632],5,0.48824826481656525,0.7370294740594558,"['points', 'climb/length', 'median_delta']"
single,[5221    2    5   19    1    1    1],7,0.48820962670342627,0.6993785232518946,"['climb/length', 'median_delta', 'startlist_quality']"
average,[   2  506    3  176  683 1051 2829],7,0.4876110535966961,0.8608467270688923,"['points', 'length', 'median_delta']"
complete,[ 508  230  950 2915  647],5,0.4875974211656444,0.8328899753721735,"['points', 'length', 'median_delta']"
single,[5228   19    1    1    1],5,0.48747932328457466,0.6993785232518946,"['climb/length', 'median_delta', 'startlist_quality']"
average,[   2    2  452   52 3967   10  764    1],8,0.4862167635405659,0.8339195974760166,"['points', 'climb_total', 'median_delta']"
average,[   2  506  179 4563],4,0.48470625246690663,0.8608467270688923,"['points', 'length', 'median_delta']"
ward,[ 680 3362  508  700],4,0.48436494358999665,0.7769080701909101,"['points', 'length', 'climb_total', 'median_delta']"
single,[5248    1    1],3,0.48414945538977794,0.6993785232518946,"['climb/length', 'median_delta', 'startlist_quality']"
average,[  55 3479 1207  506    3],5,0.48275321467821386,0.7797286036471732,"['points', 'climb_total', 'climb/length', 'median_delta']"
single,[4742   53  455],3,0.4825063732884056,0.5990778683951654,"['points', 'climb_total', 'climb/length']"
average,[ 508  684 4058],3,0.4818896746980851,0.8517649088446797,"['points', 'length', 'startlist_quality']"
complete,[  56  508  790 3896],4,0.4805087558071477,0.7979311454580628,"['points', 'climb_total', 'climb/length']"
complete,[   2  506  230  950 2915  647],6,0.48025210337635144,0.8328899753721735,"['points', 'length', 'median_delta']"
average,[   2  506 4475  267],4,0.4792789836163417,0.8466127492428348,"['points', 'median_delta', 'startlist_quality']"
single,[5248    1    1],3,0.47911273023148765,0.6684329031312753,"['climb_total', 'climb/length', 'median_delta']"
complete,[  52  201  508  902  602 2985],6,0.4788677989541068,0.8220538653295212,"['points', 'median_delta', 'startlist_quality']"
single,[4742   53  455],3,0.47753163479188204,0.6072572232266966,"['points', 'median_delta', 'startlist_quality']"
single,[   2 4740   53  455],4,0.4773118082441541,0.5990778683951654,"['points', 'climb_total', 'climb/length']"
average,[  57  508  492 4193],4,0.47649423634130633,0.8241312523049772,"['points', 'climb_total', 'climb/length']"
complete,[   2  506    5  225  950 2915  647],7,0.47647002552247986,0.8328899753721735,"['points', 'length', 'median_delta']"
single,[5247    1    1    1],4,0.4762514697625664,0.6684329031312753,"['climb_total', 'climb/length', 'median_delta']"
average,[  54    1 3479 1207  506    3],6,0.4759868229923448,0.7797286036471732,"['points', 'climb_total', 'climb/length', 'median_delta']"
average,[  56 4712  482],3,0.47587815632215,0.817222247152381,"['length', 'climb/length', 'median_delta']"
ward,[ 508 3737 1005],3,0.4758443399238536,0.7542873365938703,"['points', 'length', 'climb/length']"
single,[   2 4742   53  453],4,0.4754964952217394,0.6159399057376367,"['points', 'length', 'median_delta']"
single,[4742   53  454    1],4,0.47485108682481225,0.5807048766712455,"['points', 'climb/length', 'median_delta']"
single,[4742   53  454    1],4,0.4745994140091889,0.5749379737370216,"['points', 'climb_total', 'median_delta']"
ward,[ 508  314 1035  686 2707],5,0.47224205526921026,0.7477734020947466,"['points', 'length', 'median_delta']"
average,[  55  508  832 3855],4,0.47089990287259675,0.8486401110887601,"['points', 'length', 'climb/length']"
ward,[ 508 3737  223  782],4,0.4697697203592534,0.7542873365938703,"['points', 'length', 'climb/length']"
single,[4742   53  455],3,0.46925116789961646,0.6549228806980254,"['points', 'climb/length', 'startlist_quality']"
average,[  29 4563   81  577],4,0.46914161394761333,0.7778042313834607,"['length', 'climb_total', 'climb/length']"
average,[  26    5  219 3345  956  191    2  506],8,0.46895519218603365,0.8650005482223623,"['points', 'climb/length', 'median_delta']"
single,[   3    1    2   16 4720   53  455],7,0.4687187245563942,0.6549228806980254,"['points', 'climb/length', 'startlist_quality']"
single,[4742   53  455],3,0.4682243360069986,0.6461705991799473,"['points', 'climb_total', 'startlist_quality']"
average,[  26    5  219 3345 1147    2  506],7,0.4679914202529809,0.8650005482223623,"['points', 'climb/length', 'median_delta']"
average,[  57  508 4685],3,0.467686147201051,0.8189888002129369,"['points', 'length', 'climb_total', 'climb/length']"
complete,[  52  201   77  431  902  602 2985],7,0.4663773632569057,0.8220538653295212,"['points', 'median_delta', 'startlist_quality']"
single,[5246    1    1    1    1],5,0.4661527718067208,0.517273402682464,"['length', 'climb_total', 'median_delta']"
single,[5248    1    1],3,0.46608595488793575,0.517273402682464,"['length', 'climb_total', 'median_delta']"
single,[5247    1    1    1],4,0.4658365172044034,0.517273402682464,"['length', 'climb_total', 'median_delta']"
average,[   2  506  179  683 3880],5,0.46536693504632864,0.8608467270688923,"['points', 'length', 'median_delta']"
complete,[  52  201   77    2  429  902  602 2985],8,0.4649541714644209,0.8220538653295212,"['points', 'median_delta', 'startlist_quality']"
single,[   3    1    2   16    6 4714   53  455],8,0.46455345752022703,0.6549228806980254,"['points', 'climb/length', 'startlist_quality']"
single,[   4 4738   53  455],4,0.4640950457410534,0.6549228806980254,"['points', 'climb/length', 'startlist_quality']"
ward,[4042  508  700],3,0.46392619560579795,0.7769080701909101,"['points', 'length', 'climb_total', 'median_delta']"
ward,[ 947  687 3616],3,0.4635942803525583,0.7110764500761447,"['length', 'climb_total', 'median_delta']"
single,[   4    2 4736   53  455],5,0.4632574421621589,0.6549228806980254,"['points', 'climb/length', 'startlist_quality']"
single,[5219    1    1    6    2   19    1    1],8,0.4619205618845839,0.6186599160911422,"['climb_total', 'climb/length', 'startlist_quality']"
single,[   3    1    2 4736   53  455],6,0.46174815186321844,0.6549228806980254,"['points', 'climb/length', 'startlist_quality']"
average,[  27   28  508  832 3855],5,0.46171747826992743,0.8486401110887601,"['points', 'length', 'climb/length']"
complete,[3704  508   61  789  188],5,0.46098908890799273,0.7376555532823066,"['points', 'climb_total', 'climb/length', 'median_delta']"
ward,[ 508  707 4035],3,0.46053757234367326,0.8275380545611692,"['points', 'length', 'startlist_quality']"
ward,[3260  508 1482],3,0.4602347226642566,0.6670755758476412,"['points', 'climb_total', 'climb/length', 'median_delta']"
average,[  54    1 3479 1207  506    2    1],7,0.4600569844488243,0.7797286036471732,"['points', 'climb_total', 'climb/length', 'median_delta']"
average,[   2  506 4475  227   40],5,0.460056653232634,0.8466127492428348,"['points', 'median_delta', 'startlist_quality']"
average,[   2  506    3  176  683 3880],6,0.4591487117594978,0.8608467270688923,"['points', 'length', 'median_delta']"
single,[   2 4739    1   53  455],5,0.45875377004550405,0.5990778683951654,"['points', 'climb_total', 'climb/length']"
average,[  57  508  635 4050],4,0.45734345096567997,0.8189888002129369,"['points', 'length', 'climb_total', 'climb/length']"
single,[4742   53  453    2],4,0.45718756203673255,0.6072572232266966,"['points', 'median_delta', 'startlist_quality']"
average,[ 508  369 4373],3,0.4566748375494927,0.8211064726405677,"['points', 'length', 'climb_total', 'median_delta']"
average,[  56 4970  224],3,0.45657272243782854,0.7984894591823992,"['length', 'climb_total', 'climb/length', 'median_delta']"
average,[  30  508 4712],3,0.4562071775817606,0.8348932356893539,"['points', 'length', 'climb/length', 'median_delta']"
average,[  56 4712   11  471],4,0.45490254028922616,0.817222247152381,"['length', 'climb/length', 'median_delta']"
complete,[ 508  230  950 3562],4,0.4542585603322307,0.8328899753721735,"['points', 'length', 'median_delta']"
average,[  11   29  508 4702],4,0.4541572011308192,0.8333786206708368,"['points', 'climb/length', 'startlist_quality']"
average,[  28    2 4496  724],4,0.454059875752998,0.8011844286909774,"['climb/length', 'median_delta', 'startlist_quality']"
single,[   1    1 4742   53  453],5,0.45370483891684055,0.6159399057376367,"['points', 'length', 'median_delta']"
ward,[ 735 3695  820],3,0.4536721452318632,0.7000494204087092,"['length', 'climb/length', 'median_delta']"
complete,[ 354  508 4388],3,0.4524139278257022,0.7361618381943185,"['points', 'length', 'climb_total', 'median_delta']"
average,[  55 4686  509],3,0.4520044499901953,0.7797286036471732,"['points', 'climb_total', 'climb/length', 'median_delta']"
single,[   1    1 4741    1   53  453],6,0.4519836206038509,0.6159399057376367,"['points', 'length', 'median_delta']"
complete,[  56  117  391  790 3896],5,0.45118505546197635,0.7979311454580628,"['points', 'climb_total', 'climb/length']"
average,[  54    1 3479 1207    2  504    2    1],8,0.4509147993903671,0.7797286036471732,"['points', 'climb_total', 'climb/length', 'median_delta']"
average,[ 508  369  685 3688],4,0.4505622602537688,0.8211064726405677,"['points', 'length', 'climb_total', 'median_delta']"
average,[  11    7   22  508 4702],5,0.4499282130992213,0.8333786206708368,"['points', 'climb/length', 'startlist_quality']"
ward,[2889  579  104  508 1170],5,0.4495422471746202,0.674894237502734,"['points', 'length', 'climb/length', 'median_delta']"
ward,[2889  683  508 1170],4,0.44928744021021877,0.674894237502734,"['points', 'length', 'climb/length', 'median_delta']"
complete,[  56  628  508 4058],4,0.44844075873777667,0.7546519469896821,"['points', 'length', 'climb/length', 'median_delta']"
average,[  57  507    1  492 4193],5,0.44842831094418495,0.8241312523049772,"['points', 'climb_total', 'climb/length']"
complete,[ 107  508 4635],3,0.44776742070396175,0.6437907507003353,"['points', 'length', 'climb_total', 'climb/length']"
average,[  54  508 4688],3,0.4472296998951165,0.818475803529342,"['points', 'length', 'climb/length', 'startlist_quality']"
complete,[  28  251 4971],3,0.44702908118233836,0.5785015069039837,"['climb_total', 'climb/length', 'median_delta', 'startlist_quality']"
ward,[ 735 3695   91  729],4,0.44676366122232675,0.7000494204087092,"['length', 'climb/length', 'median_delta']"
single,[4742   53  454    1],4,0.4460022018423324,0.6461705991799473,"['points', 'climb_total', 'startlist_quality']"
single,[4742   52    1  454    1],5,0.4456677095303868,0.6461705991799473,"['points', 'climb_total', 'startlist_quality']"
complete,[4508   30  712],3,0.44564485205264687,0.7370294740594558,"['points', 'climb/length', 'median_delta']"
complete,[  27   29  117  391  790 3896],6,0.44497517856404806,0.7979311454580628,"['points', 'climb_total', 'climb/length']"
average,[   2  506  542 3933  227   40],6,0.4406290919024201,0.8466127492428348,"['points', 'median_delta', 'startlist_quality']"
average,[  28   29  507    1  492 4193],6,0.4404971323615007,0.8241312523049772,"['points', 'climb_total', 'climb/length']"
single,[4742   53  453    1    1],5,0.4403986379938169,0.6072572232266966,"['points', 'median_delta', 'startlist_quality']"
single,[4742   53  453    1    1],5,0.4398206768219637,0.5807048766712455,"['points', 'climb/length', 'median_delta']"
ward,[3785  508  957],3,0.43925265197830593,0.7235126128442191,"['points', 'climb_total', 'median_delta', 'startlist_quality']"
average,[   2  506  369  685 3688],5,0.43794078652253404,0.8211064726405677,"['points', 'length', 'climb_total', 'median_delta']"
average,[ 508  905 3837],3,0.43767559607381207,0.8043783632652045,"['points', 'climb_total', 'startlist_quality']"
average,[  12   42  508 4688],4,0.4371955536751162,0.818475803529342,"['points', 'length', 'climb/length', 'startlist_quality']"
single,[4742   53  453    1    1],5,0.43672968221265024,0.5749379737370216,"['points', 'climb_total', 'median_delta']"
average,[  11    7   22  508 3857  845],6,0.4358892721204869,0.8333786206708368,"['points', 'climb/length', 'startlist_quality']"
average,[  28   77 4605    6  534],5,0.4349019641906099,0.810091730956877,"['climb_total', 'climb/length', 'median_delta']"
average,[  27    1   77 4605    6  534],6,0.43284527794374117,0.810091730956877,"['climb_total', 'climb/length', 'median_delta']"
single,[4742   52    1  453    1    1],6,0.43266331876670827,0.5749379737370216,"['points', 'climb_total', 'median_delta']"
average,[  29  508 4713],3,0.4325018241781131,0.7924475994204241,"['points', 'climb_total', 'climb/length', 'startlist_quality']"
ward,[ 508  871 3871],3,0.4321399271007507,0.7276846801069429,"['points', 'climb_total', 'startlist_quality']"
single,[   2   22 5219    2    1    2    1    1],8,0.4316771790120997,0.655289418232598,"['length', 'climb_total', 'climb/length']"
single,[4742   51    1    1  453    1    1],7,0.431519893249172,0.5749379737370216,"['points', 'climb_total', 'median_delta']"
complete,[3704  508   61  789   45  143],6,0.4313413043235175,0.7376555532823066,"['points', 'climb_total', 'climb/length', 'median_delta']"
average,[5203   18   29],3,0.4306776471547391,0.7694490930220816,"['length', 'climb_total', 'climb/length', 'startlist_quality']"
single,[4741    1   53  453    1    1],6,0.4304264323009593,0.5807048766712455,"['points', 'climb/length', 'median_delta']"
average,[  27   28  508  832 3413  442],6,0.4303490095397795,0.8486401110887601,"['points', 'length', 'climb/length']"
complete,[ 508  377  884 3481],4,0.42946356703313965,0.772524159777811,"['points', 'length', 'climb_total']"
single,[5248    1    1],3,0.42940131402393905,0.5373400586002761,"['points', 'climb_total', 'climb/length', 'median_delta']"
average,[  28    2 4496  655   69],5,0.4292535839051717,0.8011844286909774,"['climb/length', 'median_delta', 'startlist_quality']"
single,[   2 5245    1    1    1],5,0.429111065328542,0.6684329031312753,"['climb_total', 'climb/length', 'median_delta']"
complete,[  69  508 3986  687],4,0.42906005617394305,0.8253409968641661,"['points', 'climb_total', 'median_delta']"
single,[   2    2 5243    1    1    1],6,0.42895209504209303,0.6684329031312753,"['climb_total', 'climb/length', 'median_delta']"
ward,[ 662  773 3815],3,0.4289240451691706,0.6925810125318884,"['length', 'climb_total', 'climb/length']"
complete,[ 265  295 4690],3,0.4284631859054339,0.7050285641136939,"['climb/length', 'median_delta', 'startlist_quality']"
average,[  28   29   36  471    1  492 4193],7,0.42827350076686793,0.8241312523049772,"['points', 'climb_total', 'climb/length']"
average,[   2  506    3  366  685 3688],6,0.4280425402047875,0.8211064726405677,"['points', 'length', 'climb_total', 'median_delta']"
ward,[ 508 3478  621  643],4,0.42787383399797174,0.7237743129499625,"['points', 'climb/length', 'startlist_quality']"
average,[  57  508  635 3547  503],5,0.42696617075746457,0.8189888002129369,"['points', 'length', 'climb_total', 'climb/length']"
average,[ 508  718 4024],3,0.42627287003489517,0.8051293996915647,"['points', 'length', 'climb_total', 'startlist_quality']"
average,[  27   28  508  515  317 3413  442],7,0.4261201089792896,0.8486401110887601,"['points', 'length', 'climb/length']"
complete,[ 253  508  902 3587],4,0.4260277861684559,0.8220538653295212,"['points', 'median_delta', 'startlist_quality']"
average,[  30    2  506   92  566 3350  696    8],8,0.42593905494351564,0.8348932356893539,"['points', 'length', 'climb/length', 'median_delta']"
ward,[ 508  680 1207 2855],4,0.4256588683788304,0.8028647541340176,"['points', 'length', 'climb_total']"
single,[4742   53  200  255],4,0.42552467726931353,0.6187829831853149,"['points', 'length', 'climb_total']"
average,[   2  506    3  176  683 1051    3 2826],8,0.4251541811945408,0.8608467270688923,"['points', 'length', 'median_delta']"
average,[ 277    2 4971],3,0.4247753502251981,0.7790903682452285,"['climb_total', 'median_delta', 'startlist_quality']"
ward,[ 508 3478 1264],3,0.424615550844732,0.7237743129499625,"['points', 'climb/length', 'startlist_quality']"
complete,[3704  508   32   29  789   45  143],7,0.4244615520555581,0.7376555532823066,"['points', 'climb_total', 'climb/length', 'median_delta']"
single,[4742   52    1  200  255],5,0.42436684742696146,0.6187829831853149,"['points', 'length', 'climb_total']"
complete,[4212   61  977],3,0.4240117610615669,0.7376555532823066,"['points', 'climb_total', 'climb/length', 'median_delta']"
average,[  55 4686  506    3],4,0.42374097405542127,0.7797286036471732,"['points', 'climb_total', 'climb/length', 'median_delta']"
complete,[ 309 3691    2  506   30   80  305  327],8,0.42369510072044564,0.7370294740594558,"['points', 'climb/length', 'median_delta']"
average,[  36  197 5017],3,0.42339628526909623,0.7545201908029431,"['length', 'climb_total', 'climb/length', 'median_delta', 'startlist_quality']"
single,[4742   53  455],3,0.4231131466238315,0.5601262463056875,"['points', 'length', 'climb_total', 'climb/length']"
single,[5248    1    1],3,0.42250336726744364,0.6418531234253422,"['climb_total', 'climb/length', 'median_delta', 'startlist_quality']"
single,[4742   53  200  255],4,0.42177640107952247,0.6642148845382484,"['points', 'length', 'startlist_quality']"
average,[  30  508   92 3916  704],5,0.4214114982702,0.8348932356893539,"['points', 'length', 'climb/length', 'median_delta']"
average,[  52  292 4398  508],4,0.42099427969262093,0.8076228357880288,"['points', 'climb/length', 'median_delta', 'startlist_quality']"
complete,[4000  508   30   80  305  327],6,0.42038192688791726,0.7370294740594558,"['points', 'climb/length', 'median_delta']"
single,[4742   53  255  200],4,0.4203011373734024,0.6331987565727503,"['points', 'length', 'climb/length']"
ward,[ 508  581  800 3361],4,0.4200620704135264,0.7759047214647473,"['points', 'length', 'climb_total', 'startlist_quality']"
average,[ 508 3838  902    1    1],5,0.4194196311662692,0.7819670240211375,"['points', 'climb_total', 'median_delta', 'startlist_quality']"
single,[4741    1   51    1    1  453    1    1],8,0.41919525470290786,0.5749379737370216,"['points', 'climb_total', 'median_delta']"
ward,[3943  508  799],3,0.41887234992174144,0.7032871276372122,"['points', 'climb_total', 'climb/length', 'median_delta', 'startlist_quality']"
ward,[ 506  808 3936],3,0.41798398014889043,0.6879460582845404,"['length', 'climb_total', 'climb/length', 'median_delta']"
ward,[ 508 1349 3393],3,0.4171207301420559,0.7477734020947466,"['points', 'length', 'median_delta']"
average,[  53  455  134  550  844    5 3209],7,0.4166662436195516,0.8517649088446797,"['points', 'length', 'startlist_quality']"
single,[   2 4740   53  455],4,0.41617192806275316,0.5601262463056875,"['points', 'length', 'climb_total', 'climb/length']"
complete,[  52  201  508  902 3587],5,0.4156735783770673,0.8220538653295212,"['points', 'median_delta', 'startlist_quality']"
average,[   2    2  504    3  366  685 3688],7,0.4153874309254608,0.8211064726405677,"['points', 'length', 'climb_total', 'median_delta']"
ward,[ 886 2848  508  547  461],5,0.41531797843166157,0.797871539184922,"['points', 'median_delta', 'startlist_quality']"
average,[  11    7   22  508 3857  173  672],7,0.4148457612100744,0.8333786206708368,"['points', 'climb/length', 'startlist_quality']"
ward,[2096  508 2646],3,0.4147173859280022,0.5889858797956461,"['points', 'climb_total', 'climb/length']"
average,[5159   57   34],3,0.41435511032142486,0.7574632341305175,"['length', 'climb/length', 'startlist_quality']"
average,[  27    1   77 4605    6   11  523],7,0.4137431320948556,0.810091730956877,"['climb_total', 'climb/length', 'median_delta']"
ward,[2096  508 2054  496   96],5,0.41359399632208843,0.5889858797956461,"['points', 'climb_total', 'climb/length']"
single,[4742   53  455],3,0.4133349482305204,0.5772703096966425,"['points', 'length', 'climb_total', 'startlist_quality']"
average,[  56  829 3883   11  471],5,0.413315197813244,0.817222247152381,"['length', 'climb/length', 'median_delta']"
complete,[4000    2  506   30   80  305  327],7,0.4126339846039678,0.7370294740594558,"['points', 'climb/length', 'median_delta']"
average,[5159   57   12   22],4,0.4115996116980617,0.7574632341305175,"['length', 'climb/length', 'startlist_quality']"
complete,[ 146  208  508 4388],4,0.41023644394140646,0.7361618381943185,"['points', 'length', 'climb_total', 'median_delta']"
average,[   2    2  504    3  365    1  685 3688],8,0.41019544798769025,0.8211064726405677,"['points', 'length', 'climb_total', 'median_delta']"
complete,[   2  506    5  225  950 2915  215  432],8,0.4100271273115882,0.8328899753721735,"['points', 'length', 'median_delta']"
single,[   2 4742  506],3,0.4097353589812604,0.570004110379665,"['points', 'length', 'median_delta', 'startlist_quality']"
average,[  57    2  506  635 3547  503],6,0.4090151008998371,0.8189888002129369,"['points', 'length', 'climb_total', 'climb/length']"
average,[  29 1585 2978   81  577],5,0.40878794876337865,0.7778042313834607,"['length', 'climb_total', 'climb/length']"
single,[5220    1   27    1    1],5,0.4087683138521453,0.6577326421685586,"['length', 'climb_total', 'climb/length', 'startlist_quality']"
single,[5220    1    6   21    1    1],6,0.40862994345024983,0.6577326421685586,"['length', 'climb_total', 'climb/length', 'startlist_quality']"
single,[5248    1    1],3,0.4085746765419446,0.6187413973304775,"['length', 'climb_total', 'climb/length', 'median_delta']"
single,[4720   22   53  455],4,0.408496738742226,0.6236635398754447,"['points', 'length', 'climb/length', 'startlist_quality']"
average,[  57  271 4922],3,0.4084377873766973,0.7972674724321313,"['points', 'climb_total', 'climb/length', 'median_delta', 'startlist_quality']"
average,[  30   26  829 3883   11  471],6,0.4079663740449318,0.817222247152381,"['length', 'climb/length', 'median_delta']"
average,[   2  506 3838  902    1    1],6,0.4076416324557715,0.7819670240211375,"['points', 'climb_total', 'median_delta', 'startlist_quality']"
average,[  30   25    1  829 3883   11  471],7,0.4071497832014869,0.817222247152381,"['length', 'climb/length', 'median_delta']"
average,[  30  508   92 3916  696    8],6,0.4068233982097717,0.8348932356893539,"['points', 'length', 'climb/length', 'median_delta']"
single,[4742   53  455],3,0.40681905354637987,0.6236635398754447,"['points', 'length', 'climb/length', 'startlist_quality']"
average,[  27   28  455   53  515  317 3413  442],8,0.406202127379188,0.8486401110887601,"['points', 'length', 'climb/length']"
average,[ 508 4545  197],3,0.4061907772773222,0.8101429583930069,"['points', 'length', 'median_delta', 'startlist_quality']"
single,[4720    4   18   53  455],5,0.4060589897030978,0.6236635398754447,"['points', 'length', 'climb/length', 'startlist_quality']"
complete,[  80  468 4702],3,0.4060228507246185,0.7211903640357452,"['points', 'climb/length', 'median_delta', 'startlist_quality']"
complete,[ 254  209 4787],3,0.4058967741655379,0.7115806485839256,"['length', 'climb/length', 'median_delta']"
ward,[2497  865  508 1380],4,0.405699440082312,0.6279445431802297,"['points', 'length', 'climb_total', 'climb/length', 'median_delta']"
single,[5247    1    1    1],4,0.4056784208727073,0.6187413973304775,"['length', 'climb_total', 'climb/length', 'median_delta']"
ward,[ 666  667 3917],3,0.40563538579856184,0.7030391448721947,"['climb/length', 'median_delta', 'startlist_quality']"
single,[4720    4    2   16   53  455],6,0.40536289555916805,0.6236635398754447,"['points', 'length', 'climb/length', 'startlist_quality']"
ward,[2096  508 2054  592],4,0.40522851596464343,0.5889858797956461,"['points', 'climb_total', 'climb/length']"
average,[  27    1   77 4605    6   11    8  515],8,0.4048176259422166,0.810091730956877,"['climb_total', 'climb/length', 'median_delta']"
single,[5220    1    2    5   19    1    1    1],8,0.4048049026102448,0.6993785232518946,"['climb/length', 'median_delta', 'startlist_quality']"
average,[  52   40  252 4398  508],5,0.40443795676868954,0.8076228357880288,"['points', 'climb/length', 'median_delta', 'startlist_quality']"
ward,[3572  508 1170],3,0.4043994567894331,0.674894237502734,"['points', 'length', 'climb/length', 'median_delta']"
ward,[3190  508  571  981],4,0.4042010911280424,0.6519124156984761,"['points', 'climb/length', 'median_delta', 'startlist_quality']"
single,[4720    3    1    2   16   53  455],7,0.4041861867870674,0.6236635398754447,"['points', 'length', 'climb/length', 'startlist_quality']"
complete,[3704  508   32   29  222  567   45  143],8,0.40364787929877094,0.7376555532823066,"['points', 'climb_total', 'climb/length', 'median_delta']"
average,[  28   29    2  506  635 3547  503],7,0.40332801288369047,0.8189888002129369,"['points', 'length', 'climb_total', 'climb/length']"
ward,[ 508  305  864  136  547  564 2326],7,0.40292289158336914,0.7109069363807681,"['points', 'length', 'median_delta', 'startlist_quality']"
ward,[ 508  581 4161],3,0.4027664714254554,0.7759047214647473,"['points', 'length', 'climb_total', 'startlist_quality']"
single,[4741  508    1],3,0.40258877249066516,0.5879463538442302,"['points', 'climb_total', 'climb/length', 'startlist_quality']"
average,[  52  292 4906],3,0.4022006483978396,0.8076228357880288,"['points', 'climb/length', 'median_delta', 'startlist_quality']"
single,[   6 4714    3    1    2   16   53  455],8,0.4013186392286514,0.6236635398754447,"['points', 'length', 'climb/length', 'startlist_quality']"
average,[ 508  718  838 3186],4,0.4009863667022122,0.8051293996915647,"['points', 'length', 'climb_total', 'startlist_quality']"
single,[5246    1    1    1    1],5,0.40087060899568955,0.6187413973304775,"['length', 'climb_total', 'climb/length', 'median_delta']"
single,[   2 5244    1    1    1    1],6,0.40068512500070036,0.6187413973304775,"['length', 'climb_total', 'climb/length', 'median_delta']"
single,[   2 4713   26    1   53  200  255],7,0.40025721506223755,0.5990778683951654,"['points', 'climb_total', 'climb/length']"
ward,[ 508  305  864  683  564 2326],6,0.40023018050479114,0.7109069363807681,"['points', 'length', 'median_delta', 'startlist_quality']"
average,[  56  257 4428  509],4,0.40020260541320385,0.8167321008405499,"['points', 'length', 'climb_total', 'climb/length', 'median_delta']"
single,[   6 5220    1    1    2    3   16    1],8,0.4000945081055411,0.708399007813515,"['length', 'climb/length', 'startlist_quality']"
single,[   6 5221    1    2    3   16    1],7,0.4000047525649461,0.708399007813515,"['length', 'climb/length', 'startlist_quality']"
single,[4741    1   53  255  200],5,0.3998664342421679,0.6331987565727503,"['points', 'length', 'climb/length']"
complete,[ 200  826  506 3718],4,0.39955042272227437,0.6981328110645961,"['points', 'length', 'climb_total', 'climb/length', 'median_delta']"
average,[  56  257 4937],3,0.3993727482214656,0.8167321008405499,"['points', 'length', 'climb_total', 'climb/length', 'median_delta']"
single,[   2 5243    1    1    1    1    1],7,0.3990471752913074,0.6187413973304775,"['length', 'climb_total', 'climb/length', 'median_delta']"
complete,[ 203  305  377  884 3481],5,0.3988163845351538,0.772524159777811,"['points', 'length', 'climb_total']"
single,[   2 4713   26    1   52    1  200  255],8,0.3987712568463906,0.5990778683951654,"['points', 'climb_total', 'climb/length']"
average,[ 741  861  459 3189],4,0.3971687003201277,0.7467389004434132,"['length', 'median_delta', 'startlist_quality']"
ward,[ 508 1169  683  564 2326],5,0.39645458968300107,0.7109069363807681,"['points', 'length', 'median_delta', 'startlist_quality']"
single,[   2 4739    1   53  455],5,0.3964139911857232,0.5601262463056875,"['points', 'length', 'climb_total', 'climb/length']"
average,[ 257    3  677 4313],4,0.39627792975711357,0.8039576841175359,"['length', 'climb_total', 'median_delta']"
average,[  30    2  506   92 3916  696    8],7,0.3959924625696241,0.8348932356893539,"['points', 'length', 'climb/length', 'median_delta']"
average,[ 741  861 3648],3,0.3957154558535841,0.7467389004434132,"['length', 'median_delta', 'startlist_quality']"
complete,[4508   30   80  632],4,0.39483256936673794,0.7370294740594558,"['points', 'climb/length', 'median_delta']"
complete,[  56  628  508 2990 1068],5,0.3945432968024089,0.7546519469896821,"['points', 'length', 'climb/length', 'median_delta']"
average,[  55  508 4687],3,0.3945201493025587,0.7809247187934857,"['points', 'length', 'climb_total', 'climb/length', 'startlist_quality']"
ward,[3260  508  666  816],4,0.3939277710530456,0.6670755758476412,"['points', 'climb_total', 'climb/length', 'median_delta']"
complete,[  63  532  508 4147],4,0.39350985349918277,0.7531584861114095,"['points', 'climb_total', 'climb/length', 'startlist_quality']"
single,[4742   53  454    1],4,0.39332317822645185,0.5772703096966425,"['points', 'length', 'climb_total', 'startlist_quality']"
ward,[ 846  641 3763],3,0.3931556069067359,0.7210878096257433,"['length', 'median_delta', 'startlist_quality']"
ward,[ 520 3265  508  957],4,0.3929681525849481,0.7235126128442191,"['points', 'climb_total', 'median_delta', 'startlist_quality']"
single,[4742   52    1  454    1],5,0.3929538821889021,0.5772703096966425,"['points', 'length', 'climb_total', 'startlist_quality']"
average,[  28   29    2   36  470  635 3547  503],8,0.3923283617022361,0.8189888002129369,"['points', 'length', 'climb_total', 'climb/length']"
average,[   2  506 4545  197],4,0.3921531086820469,0.8101429583930069,"['points', 'length', 'median_delta', 'startlist_quality']"
complete,[4360  508  382],3,0.39133067394449195,0.7590354712647444,"['points', 'climb_total', 'startlist_quality']"
ward,[3190  508 1552],3,0.39112643521994395,0.6519124156984761,"['points', 'climb/length', 'median_delta', 'startlist_quality']"
average,[ 254  487  861  459 3189],5,0.39090338862037,0.7467389004434132,"['length', 'median_delta', 'startlist_quality']"
single,[4742  506    1    1],4,0.3905130454666016,0.545012695798925,"['points', 'length', 'climb_total', 'median_delta']"
single,[   1    1 4741    1   53  254  199],7,0.39050991954358144,0.6159399057376367,"['points', 'length', 'median_delta']"
average,[  56  257 4428    3  506],5,0.39038973380815356,0.8167321008405499,"['points', 'length', 'climb_total', 'climb/length', 'median_delta']"
complete,[ 620 3740  508  382],4,0.3902160499242581,0.7590354712647444,"['points', 'climb_total', 'startlist_quality']"
complete,[ 508 4363  183  196],4,0.3901913007922776,0.6806215282832905,"['points', 'climb/length', 'startlist_quality']"
average,[   2  506 3838   35  867    1    1],7,0.3899129451259144,0.7819670240211375,"['points', 'climb_total', 'median_delta', 'startlist_quality']"
single,[5219    1    1    6   21    1    1],7,0.38986447782247524,0.6577326421685586,"['length', 'climb_total', 'climb/length', 'startlist_quality']"
single,[5219    1    1    6    2   19    1    1],8,0.3897614816189653,0.6577326421685586,"['length', 'climb_total', 'climb/length', 'startlist_quality']"
single,[   2 4739    1   53  200  255],6,0.38919395530757855,0.5990778683951654,"['points', 'climb_total', 'climb/length']"
average,[  28    2 4496  655   45   24],6,0.38906422822982756,0.8011844286909774,"['climb/length', 'median_delta', 'startlist_quality']"
complete,[ 633  508 4109],3,0.3889683958795498,0.7036740216941264,"['points', 'length', 'median_delta', 'startlist_quality']"
average,[  20    8    2 4496  655   45   24],7,0.38891697126812097,0.8011844286909774,"['climb/length', 'median_delta', 'startlist_quality']"
ward,[3362  508 1380],3,0.38884419474898246,0.6279445431802297,"['points', 'length', 'climb_total', 'climb/length', 'median_delta']"
average,[ 257    3 4990],3,0.3882178570510708,0.8039576841175359,"['length', 'climb_total', 'median_delta']"
complete,[  29  507 4714],3,0.38811741441902037,0.5806783254734893,"['climb_total', 'climb/length', 'median_delta']"
single,[   1    1 4740    1    1   53  254  199],8,0.38710985265975095,0.6159399057376367,"['points', 'length', 'median_delta']"
complete,[  28   35  532  508 4147],5,0.38706291921857605,0.7531584861114095,"['points', 'climb_total', 'climb/length', 'startlist_quality']"
average,[  34  425 4791],3,0.38666511862734176,0.757722336928237,"['climb_total', 'climb/length', 'startlist_quality']"
single,[ 506 4742    1    1],4,0.38663925147636286,0.5600640372432811,"['points', 'length', 'climb/length', 'median_delta']"
average,[ 254  487  127  734  459 3189],6,0.3859201781410438,0.7467389004434132,"['length', 'median_delta', 'startlist_quality']"
average,[  57  271 4414  508],4,0.38563254532249974,0.7972674724321313,"['points', 'climb_total', 'climb/length', 'median_delta', 'startlist_quality']"
average,[   7  250    3  677 4313],5,0.38533646163145674,0.8039576841175359,"['length', 'climb_total', 'median_delta']"
average,[  20    8    2 4496  440  215   45   24],8,0.3851481592270703,0.8011844286909774,"['climb/length', 'median_delta', 'startlist_quality']"
average,[  52  455    1  711    6 2719 1306],7,0.38512102839213863,0.8380949270320813,"['points', 'length', 'climb_total']"
average,[  52  139  316    1  711    6 2719 1306],8,0.38485309217525826,0.8380949270320813,"['points', 'length', 'climb_total']"
average,[  56  256    1 4428    3  506],6,0.3846931199677398,0.8167321008405499,"['points', 'length', 'climb_total', 'climb/length', 'median_delta']"
complete,[ 151  508 4591],3,0.38441965947942075,0.6847211965557118,"['points', 'length', 'climb/length', 'startlist_quality']"
single,[   2 4742   53  453],4,0.38403672655590104,0.570004110379665,"['points', 'length', 'median_delta', 'startlist_quality']"
average,[ 646 4557   18   29],4,0.3835450029214943,0.7694490930220816,"['length', 'climb_total', 'climb/length', 'startlist_quality']"
ward,[ 508 1169  683 2890],4,0.3835270971586769,0.7109069363807681,"['points', 'length', 'median_delta', 'startlist_quality']"
complete,[ 611 3641  998],3,0.3825267224283815,0.7507726753156932,"['points', 'climb_total', 'median_delta', 'startlist_quality']"
average,[   7  250    3  677  870 3443],6,0.3820881729790695,0.8039576841175359,"['length', 'climb_total', 'median_delta']"
single,[   2 4741    1   53  453],5,0.3818647903403446,0.570004110379665,"['points', 'length', 'median_delta', 'startlist_quality']"
average,[  56 4970   11  213],4,0.38136227112330856,0.7984894591823992,"['length', 'climb_total', 'climb/length', 'median_delta']"
single,[5248    1    1],3,0.3811059192744232,0.5115175869937222,"['points', 'length', 'climb_total', 'climb/length', 'median_delta']"
ward,[ 846  641  696 3067],4,0.38056327617921965,0.7210878096257433,"['length', 'median_delta', 'startlist_quality']"
ward,[3877  508  865],3,0.3802820891691035,0.7192327789766192,"['points', 'length', 'climb/length', 'median_delta', 'startlist_quality']"
single,[4742   52    1  200  254    1],6,0.3798414289223928,0.6461705991799473,"['points', 'climb_total', 'startlist_quality']"
average,[ 507    1  718  838 3186],5,0.3789418569628095,0.8051293996915647,"['points', 'length', 'climb_total', 'startlist_quality']"
average,[ 508 4740    1    1],4,0.3788977223641481,0.7819670240211375,"['points', 'climb_total', 'median_delta', 'startlist_quality']"
average,[  12   20   22  508  629 3257  697  105],8,0.3788656661930737,0.818475803529342,"['points', 'length', 'climb/length', 'startlist_quality']"
ward,[ 886  553 2295  508  547  224  237],7,0.37720411065670006,0.797871539184922,"['points', 'median_delta', 'startlist_quality']"
average,[   2  506 4545   21  176],5,0.37705751367252605,0.8101429583930069,"['points', 'length', 'median_delta', 'startlist_quality']"
single,[  22 4719   53  455    1],5,0.37686982421081666,0.5879463538442302,"['points', 'climb_total', 'climb/length', 'startlist_quality']"
complete,[ 232   33  295 4690],4,0.3767970782570674,0.7050285641136939,"['climb/length', 'median_delta', 'startlist_quality']"
average,[  49  294 4399  508],4,0.376758261936882,0.7983756013466786,"['points', 'length', 'climb/length', 'median_delta', 'startlist_quality']"
single,[  22    6 4713   53  455    1],6,0.37639765302686456,0.5879463538442302,"['points', 'climb_total', 'climb/length', 'startlist_quality']"
average,[  57  270    1 4414  508],5,0.37565791141204125,0.7972674724321313,"['points', 'climb_total', 'climb/length', 'median_delta', 'startlist_quality']"
average,[  24   28   40  252 4398  508],6,0.37539693718261974,0.8076228357880288,"['points', 'climb/length', 'median_delta', 'startlist_quality']"
complete,[ 508 3510 1232],3,0.37488052207199374,0.7555167839513077,"['points', 'length', 'startlist_quality']"
single,[ 506 4741    1    1    1],5,0.3747494542318061,0.5600640372432811,"['points', 'length', 'climb/length', 'median_delta']"
average,[ 254  443   44  127  734  459 3189],7,0.37415647688000114,0.7467389004434132,"['length', 'median_delta', 'startlist_quality']"
single,[   2 5242    1    1    1    1    1    1],8,0.37371650847117516,0.6187413973304775,"['length', 'climb_total', 'climb/length', 'median_delta']"
average,[  11    7   22  508 3398  459  173  672],8,0.3736160418398283,0.8333786206708368,"['points', 'climb/length', 'startlist_quality']"
average,[  12   42  508 3886  802],5,0.37323604433621577,0.818475803529342,"['points', 'length', 'climb/length', 'startlist_quality']"
average,[ 230  508 4512],3,0.3730425994640045,0.7732183608526605,"['points', 'length', 'climb_total', 'median_delta', 'startlist_quality']"
single,[5247    1    1    1],4,0.37275091113318526,0.6418531234253422,"['climb_total', 'climb/length', 'median_delta', 'startlist_quality']"
average,[  53  455  134  550    5  839    5 3209],8,0.37250776034241734,0.8517649088446797,"['points', 'length', 'startlist_quality']"
single,[5246    1    1    1    1],5,0.37228378290531344,0.6418531234253422,"['climb_total', 'climb/length', 'median_delta', 'startlist_quality']"
ward,[ 683 1027 3540],3,0.3719058418857799,0.7326035862378151,"['length', 'climb_total', 'startlist_quality']"
complete,[  56  628 4566],3,0.3714162799370993,0.7546519469896821,"['points', 'length', 'climb/length', 'median_delta']"
average,[ 758 3376 1116],3,0.37089586504591404,0.7569679615489687,"['length', 'climb_total', 'startlist_quality']"
single,[4742   53  199  254    1    1],6,0.3707726188473726,0.6072572232266966,"['points', 'median_delta', 'startlist_quality']"
single,[5248    1    1],3,0.3707117824194834,0.5591404224661157,"['length', 'climb_total', 'startlist_quality']"
average,[  49  294 4907],3,0.3700658664061917,0.7983756013466786,"['points', 'length', 'climb/length', 'median_delta', 'startlist_quality']"
average,[  29 1585  211 2767   81  577],6,0.3699561558677691,0.7778042313834607,"['length', 'climb_total', 'climb/length']"
ward,[ 886  553 2295  508  547  461],6,0.36995289470183246,0.797871539184922,"['points', 'median_delta', 'startlist_quality']"
ward,[ 508  314 1035  686  861 1846],6,0.3696868774634337,0.7477734020947466,"['points', 'length', 'median_delta']"
average,[  55 4885  310],3,0.36942196807914446,0.7534224625675697,"['length', 'climb/length', 'median_delta', 'startlist_quality']"
average,[ 186   68  443   44  127  734  459 3189],8,0.36930814372067183,0.7467389004434132,"['length', 'median_delta', 'startlist_quality']"
single,[4742  506    1    1],4,0.36848117115022383,0.5724983625872333,"['points', 'climb/length', 'median_delta', 'startlist_quality']"
single,[5248    1    1],3,0.368208469227019,0.6242654551305306,"['climb_total', 'median_delta', 'startlist_quality']"
average,[  55  508  640 4047],4,0.36813716084195947,0.7809247187934857,"['points', 'length', 'climb_total', 'climb/length', 'startlist_quality']"
average,[  56  256    1  628 3800    3  506],7,0.36799570708679663,0.8167321008405499,"['points', 'length', 'climb_total', 'climb/length', 'median_delta']"
single,[4741   53  455    1],4,0.3678945516841713,0.5879463538442302,"['points', 'climb_total', 'climb/length', 'startlist_quality']"
average,[   4   25 1585  211 2767   81  577],7,0.36785250102499073,0.7778042313834607,"['length', 'climb_total', 'climb/length']"
single,[4742  453   53    1    1],5,0.36745250660503137,0.545012695798925,"['points', 'length', 'climb_total', 'median_delta']"
complete,[  66  701  508 3975],4,0.36702980047591466,0.7030225942783361,"['points', 'length', 'climb_total', 'climb/length', 'median_delta', 'startlist_quality']"
complete,[  56   87  541  508 2990 1068],6,0.36671347416599054,0.7546519469896821,"['points', 'length', 'climb/length', 'median_delta']"
single,[4741    1   53  199  254    1    1],7,0.36576936497227497,0.5807048766712455,"['points', 'climb/length', 'median_delta']"
average,[  30   25    1  829 2811 1072   11  471],8,0.36571845384242857,0.817222247152381,"['length', 'climb/length', 'median_delta']"
complete,[ 314  194  533 2977  259  973],6,0.3655473155088387,0.7555167839513077,"['points', 'length', 'startlist_quality']"
average,[  56  638 4332   11  213],5,0.3653054753099613,0.7984894591823992,"['length', 'climb_total', 'climb/length', 'median_delta']"
single,[4741  508    1],3,0.3649057846013441,0.5582352132927761,"['points', 'length', 'climb_total', 'climb/length', 'startlist_quality']"
average,[  24   28   40  252 4398    2  506],7,0.3648531123004351,0.8076228357880288,"['points', 'climb/length', 'median_delta', 'startlist_quality']"
single,[4740  506    1    1    1    1],6,0.36478246183567636,0.5373400586002761,"['points', 'climb_total', 'climb/length', 'median_delta']"
average,[ 229    1  508 4512],4,0.3646983492457883,0.7732183608526605,"['points', 'length', 'climb_total', 'median_delta', 'startlist_quality']"
ward,[ 685  693 3872],3,0.36456719545967553,0.7096112295683156,"['length', 'climb_total', 'median_delta', 'startlist_quality']"
complete,[ 198  783 2752  919  598],5,0.36456449084379633,0.6670583593808997,"['length', 'climb_total', 'median_delta']"
ward,[ 508   53  400 2029  909 1351],6,0.36429256779371477,0.755229231536732,"['points', 'climb/length', 'median_delta']"
single,[   2 5246    1    1],4,0.3641825477117205,0.5848569109151751,"['length', 'median_delta', 'startlist_quality']"
single,[5248    1    1],3,0.364176595494452,0.5985385458561421,"['length', 'climb_total', 'climb/length', 'median_delta', 'startlist_quality']"
average,[  55    1  256    1  628 3800    3  506],8,0.3640879350228514,0.8167321008405499,"['points', 'length', 'climb_total', 'climb/length', 'median_delta']"
single,[   1    1 4741    1   53  453],6,0.36402721905909513,0.570004110379665,"['points', 'length', 'median_delta', 'startlist_quality']"
ward,[ 691  586 2307  508 1158],5,0.3637669149931374,0.6373698773093583,"['points', 'length', 'climb_total', 'median_delta', 'startlist_quality']"
average,[  29  508   82 4631],4,0.3635537970565791,0.7924475994204241,"['points', 'climb_total', 'climb/length', 'startlist_quality']"
average,[ 508  905   60 3777],4,0.3635330570007591,0.8043783632652045,"['points', 'climb_total', 'startlist_quality']"
single,[5245    1    1    1    1    1],6,0.3632682961918817,0.517273402682464,"['length', 'climb_total', 'median_delta']"
single,[5243    1    1    1    1    1    1    1],8,0.36307671724583934,0.517273402682464,"['length', 'climb_total', 'median_delta']"
single,[4742  453   52    1    1    1],6,0.3630755130505604,0.545012695798925,"['points', 'length', 'climb_total', 'median_delta']"
single,[5244    1    1    1    1    1    1],7,0.3627444943698383,0.517273402682464,"['length', 'climb_total', 'median_delta']"
average,[  13   42  508  640 4047],5,0.36251867401792054,0.7809247187934857,"['points', 'length', 'climb_total', 'climb/length', 'startlist_quality']"
ward,[ 508  631  633  564 2914],5,0.36228183202006037,0.7131359113288437,"['points', 'length', 'climb/length', 'startlist_quality']"
complete,[  56   87  541  508 2990  574  494],7,0.36197621524077267,0.7546519469896821,"['points', 'length', 'climb/length', 'median_delta']"
complete,[  29   78  508  619 2012  391 1613],7,0.36189502742901514,0.6437907507003353,"['points', 'length', 'climb_total', 'climb/length']"
average,[  12   20   22  508 3886  802],6,0.3617925578475195,0.818475803529342,"['points', 'length', 'climb/length', 'startlist_quality']"
ward,[1080  529 3641],3,0.36165772741732777,0.6321961618894612,"['climb_total', 'median_delta', 'startlist_quality']"
ward,[2497   55  810  508  542  838],6,0.36164886687205977,0.6279445431802297,"['points', 'length', 'climb_total', 'climb/length', 'median_delta']"
average,[  30  508   92 4620],4,0.36148702574893,0.8348932356893539,"['points', 'length', 'climb/length', 'median_delta']"
ward,[ 508  871 1486 2385],4,0.36130367184580464,0.7276846801069429,"['points', 'climb_total', 'startlist_quality']"
average,[  55    1  638 4332   11  213],6,0.3612077176863901,0.7984894591823992,"['length', 'climb_total', 'climb/length', 'median_delta']"
single,[4741    1  453   52    1    1    1],7,0.36073147597876093,0.545012695798925,"['points', 'length', 'climb_total', 'median_delta']"
complete,[  30   26   87  541  508 2990  574  494],8,0.3597977284568557,0.7546519469896821,"['points', 'length', 'climb/length', 'median_delta']"
ward,[1933 1708  508 1101],4,0.359263332767675,0.7398065612348762,"['points', 'climb_total', 'median_delta']"
average,[ 624  134 3376 1116],4,0.35909643390457996,0.7569679615489687,"['length', 'climb_total', 'startlist_quality']"
ward,[1415  746  508 2581],4,0.3586403502242886,0.5610275729786651,"['points', 'length', 'climb_total', 'climb/length']"
average,[   2  506  701  578 3266   21  176],7,0.35793746469537646,0.8101429583930069,"['points', 'length', 'median_delta', 'startlist_quality']"
average,[  29  508   82  576 4055],5,0.35756517702961926,0.7924475994204241,"['points', 'climb_total', 'climb/length', 'startlist_quality']"
average,[  27   28    1  638 4332   11  213],7,0.357550884619444,0.7984894591823992,"['length', 'climb_total', 'climb/length', 'median_delta']"
ward,[ 656 3221  508  865],4,0.35722174072198387,0.7192327789766192,"['points', 'length', 'climb/length', 'median_delta', 'startlist_quality']"
ward,[ 662   56  717 1591 2224],5,0.35711443834454953,0.6925810125318884,"['length', 'climb_total', 'climb/length']"
ward,[1415  746  508 2004   55  522],6,0.3565006938784237,0.5610275729786651,"['points', 'length', 'climb_total', 'climb/length']"
ward,[ 662   56  717 1591  476 1748],6,0.3562711048047285,0.6925810125318884,"['length', 'climb_total', 'climb/length']"
complete,[ 162   36  783 2752  919  598],6,0.3561614493564618,0.6670583593808997,"['length', 'climb_total', 'median_delta']"
single,[  22    6 4713   53  454    1    1],7,0.35570903857914743,0.5879463538442302,"['points', 'climb_total', 'climb/length', 'startlist_quality']"
ward,[1933 1708  508  331  770],5,0.35565938049526813,0.7398065612348762,"['points', 'climb_total', 'median_delta']"
complete,[  28  226  209 4787],4,0.35539165536180756,0.7115806485839256,"['length', 'climb/length', 'median_delta']"
single,[4740    1    1   53  199  254    1    1],8,0.35537967143800836,0.5807048766712455,"['points', 'climb/length', 'median_delta']"
single,[  21    1    6 4713   53  454    1    1],8,0.35501749407741623,0.5879463538442302,"['points', 'climb_total', 'climb/length', 'startlist_quality']"
average,[   2  506  542 3932    1  227   40],7,0.35447586923087737,0.8466127492428348,"['points', 'median_delta', 'startlist_quality']"
ward,[ 508  453 2029 2260],4,0.3542070037698396,0.755229231536732,"['points', 'climb/length', 'median_delta']"
average,[  27   28    1  638 3230 1102   11  213],8,0.3538761236295962,0.7984894591823992,"['length', 'climb_total', 'climb/length', 'median_delta']"
average,[4426  733   57   12   22],5,0.3537986354309433,0.7574632341305175,"['length', 'climb/length', 'startlist_quality']"
complete,[ 124  966 4160],3,0.3537747545123334,0.6562891248649975,"['climb_total', 'climb/length', 'startlist_quality']"
complete,[  80  531 3641  998],4,0.3536703053315343,0.7507726753156932,"['points', 'climb_total', 'median_delta', 'startlist_quality']"
average,[4618  631    1],3,0.35355738930408465,0.755850987404212,"['length', 'climb_total', 'median_delta', 'startlist_quality']"
ward,[ 508  453 2029  909 1351],5,0.3533084190314152,0.755229231536732,"['points', 'climb/length', 'median_delta']"
ward,[ 743  696 3811],3,0.35301500381077316,0.5753332093357181,"['length', 'climb/length', 'startlist_quality']"
average,[5248    1    1],3,0.3526937714510849,0.7819670240211375,"['points', 'climb_total', 'median_delta', 'startlist_quality']"
ward,[1415  746  508 2004  577],5,0.35268583329530256,0.5610275729786651,"['points', 'length', 'climb_total', 'climb/length']"
ward,[2497  865  508  542  838],5,0.3524943733466651,0.6279445431802297,"['points', 'length', 'climb_total', 'climb/length', 'median_delta']"
ward,[ 508  314 1035  686  861  323 1523],7,0.3524697987948719,0.7477734020947466,"['points', 'length', 'median_delta']"
average,[  57    5  265    1 4414  508],6,0.3521234876865948,0.7972674724321313,"['points', 'climb_total', 'climb/length', 'median_delta', 'startlist_quality']"
single,[4741    1   52    1  200  254    1],7,0.3519745461025976,0.6461705991799473,"['points', 'climb_total', 'startlist_quality']"
average,[   2  506  125  576  578 3266   21  176],8,0.3516839702930464,0.8101429583930069,"['points', 'length', 'median_delta', 'startlist_quality']"
ward,[ 508  484  387 1486 2385],5,0.35161697868436353,0.7276846801069429,"['points', 'climb_total', 'startlist_quality']"
single,[4740    1    1  453   52    1    1    1],8,0.3514386637997889,0.545012695798925,"['points', 'length', 'climb_total', 'median_delta']"
complete,[ 232   33  102  193 3676 1014],6,0.35143296803449076,0.7050285641136939,"['climb/length', 'median_delta', 'startlist_quality']"
average,[ 708 3910  631    1],4,0.35123570426715633,0.755850987404212,"['length', 'climb_total', 'median_delta', 'startlist_quality']"
ward,[ 685  693  515 3357],4,0.3510401421338141,0.7096112295683156,"['length', 'climb_total', 'median_delta', 'startlist_quality']"
complete,[ 232   11   22  102  193 3676 1014],7,0.35097028501894717,0.7050285641136939,"['climb/length', 'median_delta', 'startlist_quality']"
average,[  36 4078 1113   22    1],5,0.350965637631404,0.7235966603965633,"['climb_total', 'climb/length', 'median_delta', 'startlist_quality']"
complete,[  28  226  209  620  827 3340],6,0.3505296841266651,0.7115806485839256,"['length', 'climb/length', 'median_delta']"
ward,[ 508 1624 2113  223  782],5,0.3502755505054098,0.7542873365938703,"['points', 'length', 'climb/length']"
average,[  15   42    5  265    1 4414  508],7,0.35000141760789344,0.7972674724321313,"['points', 'climb_total', 'climb/length', 'median_delta', 'startlist_quality']"
average,[   6   23  508   20   62  576  653 3402],8,0.34998857382526166,0.7924475994204241,"['points', 'climb_total', 'climb/length', 'startlist_quality']"
single,[ 453   53 4741    1    1    1],6,0.34997893511548783,0.5600640372432811,"['points', 'length', 'climb/length', 'median_delta']"
ward,[ 662   56  717  696  895  476 1748],7,0.3495204061339411,0.6925810125318884,"['length', 'climb_total', 'climb/length']"
complete,[ 232   33  295 3676 1014],5,0.3494367169745039,0.7050285641136939,"['climb/length', 'median_delta', 'startlist_quality']"
complete,[ 107  508 2631 2004],4,0.34938535205437193,0.6437907507003353,"['points', 'length', 'climb_total', 'climb/length']"
complete,[  27   29  117  391  790 1631 2265],7,0.34928050713330944,0.7979311454580628,"['points', 'climb_total', 'climb/length']"
ward,[ 662  773 1591 2224],4,0.3491849341009852,0.6925810125318884,"['length', 'climb_total', 'climb/length']"
ward,[  56  951 1367 2876],4,0.3491249898829899,0.6873650444954112,"['climb_total', 'climb/length', 'median_delta']"
complete,[  80  531 3641  490  508],5,0.3491219756470712,0.7507726753156932,"['points', 'climb_total', 'median_delta', 'startlist_quality']"
ward,[ 508  781 3961],3,0.34865159522821515,0.6887478822711822,"['points', 'length', 'climb_total', 'climb/length', 'startlist_quality']"
average,[   2  435   71  542 3932    1  227   40],8,0.348126783495167,0.8466127492428348,"['points', 'median_delta', 'startlist_quality']"
complete,[  65 4469  716],3,0.3474118402108403,0.6564431872374078,"['length', 'climb_total', 'climb/length', 'median_delta', 'startlist_quality']"
single,[ 453   53 4740    1    1    1    1],7,0.3471395797453667,0.5600640372432811,"['points', 'length', 'climb/length', 'median_delta']"
single,[4742  453   53    1    1],5,0.3470654069673208,0.5724983625872333,"['points', 'climb/length', 'median_delta', 'startlist_quality']"
ward,[ 508  102  605  593 1194 2248],6,0.34706254711755313,0.8275380545611692,"['points', 'length', 'startlist_quality']"
ward,[2161  508 2581],3,0.34667168751963523,0.5610275729786651,"['points', 'length', 'climb_total', 'climb/length']"
average,[  48  372  508 4322],4,0.34634827339842184,0.7655135120433892,"['points', 'length', 'climb_total', 'climb/length', 'median_delta', 'startlist_quality']"
average,[   7  250    3  677  870   59 3384],7,0.3457072840023022,0.8039576841175359,"['length', 'climb_total', 'median_delta']"
average,[  49   29  265 4399  508],5,0.3454048784438938,0.7983756013466786,"['points', 'length', 'climb/length', 'median_delta', 'startlist_quality']"
ward,[ 691 2893  508 1158],4,0.3452636686664465,0.6373698773093583,"['points', 'length', 'climb_total', 'median_delta', 'startlist_quality']"
average,[ 681 3745  628  105   57   12   22],7,0.34446188470744676,0.7574632341305175,"['length', 'climb/length', 'startlist_quality']"
complete,[  28  226  156   53  620  827 3340],7,0.3444002443364866,0.7115806485839256,"['length', 'climb/length', 'median_delta']"
average,[  15   42    5  264    1    1 4414  508],8,0.344398860414843,0.7972674724321313,"['points', 'climb_total', 'climb/length', 'median_delta', 'startlist_quality']"
average,[ 508  770  135   60 3777],5,0.3443375701825851,0.8043783632652045,"['points', 'climb_total', 'startlist_quality']"
single,[  20 4721    1  453   53    1    1],7,0.34424981042512875,0.5724983625872333,"['points', 'climb/length', 'median_delta', 'startlist_quality']"
complete,[ 508  377 4365],3,0.3441440774499775,0.772524159777811,"['points', 'length', 'climb_total']"
complete,[ 314  194  533 2977  259  442  531],7,0.34408834442028524,0.7555167839513077,"['points', 'length', 'startlist_quality']"
average,[  55 4885  282   28],4,0.3440589970315081,0.7534224625675697,"['length', 'climb/length', 'median_delta', 'startlist_quality']"
complete,[3696  508 1046],3,0.34386808821224374,0.6025579683623913,"['points', 'length', 'climb_total', 'startlist_quality']"
complete,[  29   78  215  293  619 2012  391 1613],8,0.3434665907031448,0.6437907507003353,"['points', 'length', 'climb_total', 'climb/length']"
ward,[ 508 1264  564 2914],4,0.3431816725610526,0.7131359113288437,"['points', 'length', 'climb/length', 'startlist_quality']"
average,[ 624  134 3376  545  571],5,0.3428306927225648,0.7569679615489687,"['length', 'climb_total', 'startlist_quality']"
average,[ 507    1  711    6 4025],5,0.3427223750472338,0.8380949270320813,"['points', 'length', 'climb_total']"
complete,[ 620 3740  508  134  248],5,0.34259850105591694,0.7590354712647444,"['points', 'climb_total', 'startlist_quality']"
single,[5248    1    1],3,0.3425514820038609,0.5410526049260764,"['points', 'climb_total', 'climb/length', 'median_delta', 'startlist_quality']"
average,[  24   28   40   24  228 4398    2  506],8,0.34224527940772387,0.8076228357880288,"['points', 'climb/length', 'median_delta', 'startlist_quality']"
complete,[ 232   11   22  102  193 3676  747  267],8,0.34221074508327237,0.7050285641136939,"['climb/length', 'median_delta', 'startlist_quality']"
complete,[  28   96  966 4160],4,0.342101685172574,0.6562891248649975,"['climb_total', 'climb/length', 'startlist_quality']"
ward,[ 656  474 2747  508   56  809],6,0.3420773543075317,0.7192327789766192,"['points', 'length', 'climb/length', 'median_delta', 'startlist_quality']"
ward,[ 508  680 1207 1157 1698],5,0.3420116378039058,0.8028647541340176,"['points', 'length', 'climb_total']"
single,[4740  453   53    1    1    1    1],7,0.3418356802539982,0.5373400586002761,"['points', 'climb_total', 'climb/length', 'median_delta']"
average,[   7  245    5    3  677  870   59 3384],8,0.3418159987014666,0.8039576841175359,"['length', 'climb_total', 'median_delta']"
complete,[  28  226  156    9   44  620  827 3340],8,0.34179759354871964,0.7115806485839256,"['length', 'climb/length', 'median_delta']"
single,[4741  506    1    1    1],5,0.34173191211095194,0.545106769685485,"['points', 'climb_total', 'median_delta', 'startlist_quality']"
complete,[ 162   36  783 2752  919  118  480],7,0.3413057516632766,0.6670583593808997,"['length', 'climb_total', 'median_delta']"
average,[   2  506  701 3844   21  176],6,0.34129428375808735,0.8101429583930069,"['points', 'length', 'median_delta', 'startlist_quality']"
complete,[ 200  617  209  506 3718],5,0.3408962012177358,0.6981328110645961,"['points', 'length', 'climb_total', 'climb/length', 'median_delta']"
ward,[  56  231  720 1367 2876],5,0.34083365180219605,0.6873650444954112,"['climb_total', 'climb/length', 'median_delta']"
ward,[ 508  707  593 1194 2248],5,0.3405461996101178,0.8275380545611692,"['points', 'length', 'startlist_quality']"
ward,[ 508  314  592  443  686  861  323 1523],8,0.3405438880462134,0.7477734020947466,"['points', 'length', 'median_delta']"
complete,[  36   44  468 3222  972  508],6,0.34051629772275327,0.7211903640357452,"['points', 'climb/length', 'median_delta', 'startlist_quality']"
average,[  14   41 4885  282   28],5,0.3404017372583153,0.7534224625675697,"['length', 'climb/length', 'median_delta', 'startlist_quality']"
ward,[ 142  520   56  717  696  895  476 1748],8,0.340184204662432,0.6925810125318884,"['length', 'climb_total', 'climb/length']"
complete,[  53 1907 3290],3,0.34002504153759117,0.5575457667908718,"['length', 'climb_total', 'climb/length']"
complete,[  69  293    2  213  532 3454  267  420],8,0.339750186230193,0.8253409968641661,"['points', 'climb_total', 'median_delta']"
complete,[  69  293  215  532 3454  267  420],7,0.3397135133066034,0.8253409968641661,"['points', 'climb_total', 'median_delta']"
single,[4739    1  453   53    1    1    1    1],8,0.3394420149605501,0.5373400586002761,"['points', 'climb_total', 'climb/length', 'median_delta']"
average,[  52  455    1  711    6 4025],6,0.33928564713671927,0.8380949270320813,"['points', 'length', 'climb_total']"
ward,[ 642  700 3908],3,0.3382464764045857,0.6753361617755771,"['length', 'climb_total', 'climb/length', 'median_delta', 'startlist_quality']"
single,[5245    1    1    1    1    1],6,0.3381277834846235,0.6418531234253422,"['climb_total', 'climb/length', 'median_delta', 'startlist_quality']"
single,[4740    1    1   52    1  200  254    1],8,0.3377675900877619,0.6461705991799473,"['points', 'climb_total', 'startlist_quality']"
ward,[ 886  553  604 1691  508  547  224  237],8,0.33717731663549827,0.797871539184922,"['points', 'median_delta', 'startlist_quality']"
single,[4741    1  453   53    1    1],6,0.33679794249727246,0.5724983625872333,"['points', 'climb/length', 'median_delta', 'startlist_quality']"
average,[  49   29    4  261 4399  508],6,0.33667064358969373,0.7983756013466786,"['points', 'length', 'climb/length', 'median_delta', 'startlist_quality']"
ward,[ 508   53  400 2029  909  264 1087],7,0.33666781168992177,0.755229231536732,"['points', 'climb/length', 'median_delta']"
complete,[  28  226  209  620 4167],5,0.33664199370466175,0.7115806485839256,"['length', 'climb/length', 'median_delta']"
single,[5247    1    1    1],4,0.3364290274102658,0.6242654551305306,"['climb_total', 'median_delta', 'startlist_quality']"
single,[5243    1    1    1    1    1    1    1],8,0.3362916676886495,0.6418531234253422,"['climb_total', 'climb/length', 'median_delta', 'startlist_quality']"
single,[5244    1    1    1    1    1    1],7,0.33624467071272046,0.6418531234253422,"['climb_total', 'climb/length', 'median_delta', 'startlist_quality']"
single,[  22 4719   53  455    1],5,0.3359387266688946,0.5582352132927761,"['points', 'length', 'climb_total', 'climb/length', 'startlist_quality']"
average,[ 229    1  508  725 3787],5,0.3358515587491469,0.7732183608526605,"['points', 'length', 'climb_total', 'median_delta', 'startlist_quality']"
single,[5246    1    1    1    1],5,0.33552911717164935,0.6242654551305306,"['climb_total', 'median_delta', 'startlist_quality']"
average,[ 708 3910   18  613    1],5,0.33543690045681995,0.755850987404212,"['length', 'climb_total', 'median_delta', 'startlist_quality']"
complete,[ 508 4363  183   22  174],5,0.3349918285183692,0.6806215282832905,"['points', 'climb/length', 'startlist_quality']"
single,[5245    1    1    1    1    1],6,0.33487767045011946,0.6242654551305306,"['climb_total', 'median_delta', 'startlist_quality']"
average,[ 277    2  594  830 3547],5,0.33481190139273814,0.7790903682452285,"['climb_total', 'median_delta', 'startlist_quality']"
single,[5244    1    1    1    1    1    1],7,0.3344803408526278,0.6242654551305306,"['climb_total', 'median_delta', 'startlist_quality']"
ward,[ 508 1169 3573],3,0.33442665532073224,0.7109069363807681,"['points', 'length', 'median_delta', 'startlist_quality']"
average,[  34  425   61 4730],4,0.3338789079726483,0.757722336928237,"['climb_total', 'climb/length', 'startlist_quality']"
ward,[1007 1367 2876],3,0.33354540593232557,0.6873650444954112,"['climb_total', 'climb/length', 'median_delta']"
single,[   5 5243    1    1],4,0.33320926322625116,0.5591404224661157,"['length', 'climb_total', 'startlist_quality']"
average,[  20   14  425   61 4730],5,0.3331252397547327,0.757722336928237,"['climb_total', 'climb/length', 'startlist_quality']"
complete,[ 508  879 3484  183   22  174],6,0.3330936047674367,0.6806215282832905,"['points', 'climb/length', 'startlist_quality']"
ward,[ 656  474 2747  508  865],5,0.3329464858303382,0.7192327789766192,"['points', 'length', 'climb/length', 'median_delta', 'startlist_quality']"
complete,[  94 3507 1649],3,0.3323965135701856,0.575112325612352,"['length', 'climb_total', 'climb/length', 'median_delta']"
ward,[1933  193 1515  508  331  770],6,0.3323602764815962,0.7398065612348762,"['points', 'climb_total', 'median_delta']"
single,[   5    2 5241    1    1],5,0.33224270836457914,0.5591404224661157,"['length', 'climb_total', 'startlist_quality']"
complete,[ 246   41  346  508  598 2484  295  732],8,0.33212313487846584,0.7036740216941264,"['points', 'length', 'median_delta', 'startlist_quality']"
complete,[ 246  387  508 4109],4,0.331685342695877,0.7036740216941264,"['points', 'length', 'median_delta', 'startlist_quality']"
average,[  29  508   20   62  576 4055],6,0.33160606909627316,0.7924475994204241,"['points', 'climb_total', 'climb/length', 'startlist_quality']"
ward,[ 508  781  652  694 2615],5,0.331522399294701,0.6887478822711822,"['points', 'length', 'climb_total', 'climb/length', 'startlist_quality']"
average,[  12   20   22  508 3886  697  105],7,0.3313793207797724,0.818475803529342,"['points', 'length', 'climb/length', 'startlist_quality']"
average,[  19  210    1  508  725 3787],6,0.3310043248214381,0.7732183608526605,"['points', 'length', 'climb_total', 'median_delta', 'startlist_quality']"
average,[   6   23  508   20   62  576 4055],7,0.33099213834807606,0.7924475994204241,"['points', 'climb_total', 'climb/length', 'startlist_quality']"
ward,[ 508  305  864  136  547  564 1593  733],8,0.3309426840108278,0.7109069363807681,"['points', 'length', 'median_delta', 'startlist_quality']"
complete,[  29   78  508 2631 2004],5,0.3307698658002451,0.6437907507003353,"['points', 'length', 'climb_total', 'climb/length']"
average,[  90  187    2  594  830 3547],6,0.3305581620294449,0.7790903682452285,"['climb_total', 'median_delta', 'startlist_quality']"
average,[  13   42  508  640  634 3413],6,0.33000726892480853,0.7809247187934857,"['points', 'length', 'climb_total', 'climb/length', 'startlist_quality']"
single,[  20 4720    1    1  453   53    1    1],8,0.3299823346189787,0.5724983625872333,"['points', 'climb/length', 'median_delta', 'startlist_quality']"
ward,[ 680 1098 2264  508  700],5,0.3298396537336801,0.7769080701909101,"['points', 'length', 'climb_total', 'median_delta']"
single,[5243    1    1    1    1    1    1    1],8,0.32844298984223913,0.6242654551305306,"['climb_total', 'median_delta', 'startlist_quality']"
single,[5248    1    1],3,0.32836903848646437,0.545106769685485,"['points', 'climb_total', 'median_delta', 'startlist_quality']"
complete,[  29  104  403 2492  330 1719  173],7,0.32827932409012656,0.5806783254734893,"['climb_total', 'climb/length', 'median_delta']"
ward,[2096  508  587 1467  496   96],6,0.32809017943413277,0.5889858797956461,"['points', 'climb_total', 'climb/length']"
ward,[ 508   53  400 2029  326  583  264 1087],8,0.3278605840294174,0.755229231536732,"['points', 'climb/length', 'median_delta']"
ward,[ 508  781  652 3309],4,0.3274232400815096,0.6887478822711822,"['points', 'length', 'climb_total', 'climb/length', 'startlist_quality']"
single,[   2 4713   26    1   52    1  200  255],8,0.32727157020992387,0.5601262463056875,"['points', 'length', 'climb_total', 'climb/length']"
single,[4741   53  455    1],4,0.3270151983303064,0.5582352132927761,"['points', 'length', 'climb_total', 'climb/length', 'startlist_quality']"
average,[  90    5  182    2  594  830 3547],7,0.3267776137944337,0.7790903682452285,"['climb_total', 'median_delta', 'startlist_quality']"
complete,[  66   87  614  508 3975],5,0.3266718258071512,0.7030225942783361,"['points', 'length', 'climb_total', 'climb/length', 'median_delta', 'startlist_quality']"
average,[  13   22   20  508  640  634 3413],7,0.3266610963619605,0.7809247187934857,"['points', 'length', 'climb_total', 'climb/length', 'startlist_quality']"
average,[   2  506   55 3783   35  867    1    1],8,0.32637882759674003,0.7819670240211375,"['points', 'climb_total', 'median_delta', 'startlist_quality']"
ward,[ 508  680 1207 1157  679 1019],6,0.32604376528663676,0.8028647541340176,"['points', 'length', 'climb_total']"
complete,[ 162   36  783 2752  834   85  118  480],8,0.32595470237506285,0.6670583593808997,"['length', 'climb_total', 'median_delta']"
ward,[ 691  586 2307  508  689  469],6,0.32590887296020316,0.6373698773093583,"['points', 'length', 'climb_total', 'median_delta', 'startlist_quality']"
average,[   3  505  770  135   60 3777],6,0.3258372485031055,0.8043783632652045,"['points', 'climb_total', 'startlist_quality']"
ward,[ 947  687 1211 2405],4,0.3257729376361412,0.7110764500761447,"['length', 'climb_total', 'median_delta']"
average,[  48  372 4830],3,0.3255640149444152,0.7655135120433892,"['points', 'length', 'climb_total', 'climb/length', 'median_delta', 'startlist_quality']"
single,[5248    1    1],3,0.32542713303551385,0.6365950686107028,"['length', 'climb/length', 'median_delta', 'startlist_quality']"
average,[  20   14    2  423   61 4730],6,0.32501182701601405,0.757722336928237,"['climb_total', 'climb/length', 'startlist_quality']"
average,[ 646 4241  316   18   29],5,0.32491921140046104,0.7694490930220816,"['length', 'climb_total', 'climb/length', 'startlist_quality']"
complete,[  28   96  966  635 3525],5,0.324825110609296,0.6562891248649975,"['climb_total', 'climb/length', 'startlist_quality']"
single,[4741  453   53    1    1    1],6,0.3247803268120298,0.545106769685485,"['points', 'climb_total', 'median_delta', 'startlist_quality']"
complete,[  55  909 4286],3,0.3245814939145836,0.6316805290673182,"['length', 'climb/length', 'median_delta', 'startlist_quality']"
average,[ 507    1  718  838 3123   63],6,0.32453127698470635,0.8051293996915647,"['points', 'length', 'climb_total', 'startlist_quality']"
complete,[  36   44   26  442 3222  972  508],7,0.3244432236430051,0.7211903640357452,"['points', 'climb/length', 'median_delta', 'startlist_quality']"
ward,[ 508  102  605  593 1194  612 1636],7,0.3238340312054285,0.8275380545611692,"['points', 'length', 'startlist_quality']"
complete,[  80  468 3222 1480],4,0.3232693129797686,0.7211903640357452,"['points', 'climb/length', 'median_delta', 'startlist_quality']"
average,[  49   29    4  261 4399    2  506],7,0.32302611482093135,0.7983756013466786,"['points', 'length', 'climb/length', 'median_delta', 'startlist_quality']"
ward,[ 506   87  721 1681 2255],5,0.3226210218274116,0.6879460582845404,"['length', 'climb_total', 'climb/length', 'median_delta']"
complete,[  16  502 1119  646 2967],5,0.3213061112806863,0.649142340939677,"['length', 'median_delta', 'startlist_quality']"
complete,[ 200  826 4224],3,0.32128110223954864,0.6981328110645961,"['points', 'length', 'climb_total', 'climb/length', 'median_delta']"
ward,[ 508  581  800  846 2515],5,0.32085098583331184,0.7759047214647473,"['points', 'length', 'climb_total', 'startlist_quality']"
ward,[ 508  581  294  506  846 2515],6,0.32020317989041447,0.7759047214647473,"['points', 'length', 'climb_total', 'startlist_quality']"
single,[5248    1    1],3,0.3201686185222222,0.5724983625872333,"['points', 'climb/length', 'median_delta', 'startlist_quality']"
complete,[  41   25   87  614  508 3975],6,0.3201679536993171,0.7030225942783361,"['points', 'length', 'climb_total', 'climb/length', 'median_delta', 'startlist_quality']"
complete,[  26   77  508  168 2176  595 1700],7,0.319218453235522,0.7101808296301673,"['points', 'length', 'climb/length']"
ward,[ 708  650 2101  508 1283],5,0.31919830686036743,0.5906190582996697,"['points', 'length', 'climb_total', 'climb/length', 'median_delta', 'startlist_quality']"
complete,[  29  104  403 2492   30  300 1719  173],8,0.31907645736761014,0.5806783254734893,"['climb_total', 'climb/length', 'median_delta']"
ward,[ 508 1575 1903  621  212  431],6,0.3190203823867654,0.7237743129499625,"['points', 'climb/length', 'startlist_quality']"
average,[4426  628  105   57   12   22],6,0.31897218338074707,0.7574632341305175,"['length', 'climb/length', 'startlist_quality']"
ward,[ 508  680  257  950 1157  679 1019],7,0.3189615174140023,0.8028647541340176,"['points', 'length', 'climb_total']"
single,[   7   19 4714    1    1   53  255  200],8,0.3188316595496575,0.6331987565727503,"['points', 'length', 'climb/length']"
complete,[  29  104  403 2492  330 1892],6,0.3187850259488264,0.5806783254734893,"['climb_total', 'climb/length', 'median_delta']"
average,[ 507    1  718  397  441 3123   63],7,0.3187817059439657,0.8051293996915647,"['points', 'length', 'climb_total', 'startlist_quality']"
complete,[  53 1907  409 2881],4,0.31877383534128306,0.5575457667908718,"['length', 'climb_total', 'climb/length']"
complete,[  27   29  117  391  108  682 1631 2265],8,0.3187538515073978,0.7979311454580628,"['points', 'climb_total', 'climb/length']"
average,[ 507    1  137  581  397  441 3123   63],8,0.3186524027415802,0.8051293996915647,"['points', 'length', 'climb_total', 'startlist_quality']"
complete,[  28   35  532  508 3266  881],6,0.31846663704216666,0.7531584861114095,"['points', 'climb_total', 'climb/length', 'startlist_quality']"
single,[4742   52    1  200  254    1],6,0.31842497696390965,0.5772703096966425,"['points', 'length', 'climb_total', 'startlist_quality']"
average,[  19  209    1    1  508  725 3787],7,0.3183121952593605,0.7732183608526605,"['points', 'length', 'climb_total', 'median_delta', 'startlist_quality']"
single,[   2 4739    1   53  200  255],6,0.31824475150439063,0.5601262463056875,"['points', 'length', 'climb_total', 'climb/length']"
complete,[  63  532 4655],3,0.31824461885366206,0.7531584861114095,"['points', 'climb_total', 'climb/length', 'startlist_quality']"
complete,[  36   44   26  174  268 3222  972  508],8,0.3178494289933442,0.7211903640357452,"['points', 'climb/length', 'median_delta', 'startlist_quality']"
complete,[  66  701 4483],3,0.3178115386258013,0.7030225942783361,"['points', 'length', 'climb_total', 'climb/length', 'median_delta', 'startlist_quality']"
ward,[ 508 1575 1903  621  212   22  409],7,0.3177948183226147,0.7237743129499625,"['points', 'climb/length', 'startlist_quality']"
complete,[ 620 3740  269  239  134  248],6,0.31756414214505735,0.7590354712647444,"['points', 'climb_total', 'startlist_quality']"
complete,[  68 4007 1175],3,0.31748288736169056,0.6930826799765013,"['points', 'length', 'climb_total', 'climb/length', 'startlist_quality']"
single,[  22    6 4713   53  454    1    1],7,0.31736170008059406,0.5582352132927761,"['points', 'length', 'climb_total', 'climb/length', 'startlist_quality']"
single,[  22 4719   53  454    1    1],6,0.3172144213602637,0.5582352132927761,"['points', 'length', 'climb_total', 'climb/length', 'startlist_quality']"
single,[   2 4739    1   52    1  200  255],7,0.31647814606374225,0.5601262463056875,"['points', 'length', 'climb_total', 'climb/length']"
complete,[  68 4007  508  667],4,0.31617690095410744,0.6930826799765013,"['points', 'length', 'climb_total', 'climb/length', 'startlist_quality']"
average,[  19   29  372  508 4322],5,0.31602508779598704,0.7655135120433892,"['points', 'length', 'climb_total', 'climb/length', 'median_delta', 'startlist_quality']"
ward,[3584  508 1158],3,0.31573859880276306,0.6373698773093583,"['points', 'length', 'climb_total', 'median_delta', 'startlist_quality']"
complete,[  29  507 2492  330 1892],5,0.31517840482397047,0.5806783254734893,"['climb_total', 'climb/length', 'median_delta']"
complete,[  36   44  468 3222 1480],5,0.3149850031332303,0.7211903640357452,"['points', 'climb/length', 'median_delta', 'startlist_quality']"
single,[4740  506    1    1    1    1],6,0.31470876408387827,0.5115175869937222,"['points', 'length', 'climb_total', 'climb/length', 'median_delta']"
complete,[  28  172  617  209  506 3718],6,0.31431107085364207,0.6981328110645961,"['points', 'length', 'climb_total', 'climb/length', 'median_delta']"
average,[  36 4078   59 1054   22    1],6,0.314146850038523,0.7235966603965633,"['climb_total', 'climb/length', 'median_delta', 'startlist_quality']"
ward,[ 486 1610  508  587 1467  496   96],7,0.31359247312973065,0.5889858797956461,"['points', 'climb_total', 'climb/length']"
single,[5247    1    1    1],4,0.31329366050214735,0.5985385458561421,"['length', 'climb_total', 'climb/length', 'median_delta', 'startlist_quality']"
ward,[ 708 2751  508 1283],4,0.3130568566124822,0.5906190582996697,"['points', 'length', 'climb_total', 'climb/length', 'median_delta', 'startlist_quality']"
single,[5246    1    1    1    1],5,0.31288075699745427,0.5985385458561421,"['length', 'climb_total', 'climb/length', 'median_delta', 'startlist_quality']"
average,[  21   15 4078   59 1054   22    1],7,0.3127815919320156,0.7235966603965633,"['climb_total', 'climb/length', 'median_delta', 'startlist_quality']"
single,[5248    1    1],3,0.31245053734022327,0.545012695798925,"['points', 'length', 'climb_total', 'median_delta']"
ward,[ 508  680  257  950  183  974  679 1019],8,0.31216600589896776,0.8028647541340176,"['points', 'length', 'climb_total']"
average,[  20   14    2  423   61 4097  633],7,0.3120280771587125,0.757722336928237,"['climb_total', 'climb/length', 'startlist_quality']"
ward,[1603 1286  579  104  508 1170],6,0.31184314086175985,0.674894237502734,"['points', 'length', 'climb/length', 'median_delta']"
average,[  21   28   29    4  261 4399    2  506],8,0.31174622465290364,0.7983756013466786,"['points', 'length', 'climb/length', 'median_delta', 'startlist_quality']"
single,[5248    1    1],3,0.3115948349493505,0.5600640372432811,"['points', 'length', 'climb/length', 'median_delta']"
single,[5247    1    1    1],4,0.3114277375131887,0.5410526049260764,"['points', 'climb_total', 'climb/length', 'median_delta', 'startlist_quality']"
ward,[ 508 1575 1903  621  643],5,0.3114059538697258,0.7237743129499625,"['points', 'climb/length', 'startlist_quality']"
average,[ 277    2  594 4377],4,0.31137897229033246,0.7790903682452285,"['climb_total', 'median_delta', 'startlist_quality']"
ward,[ 698  779 3773],3,0.31134635101362973,0.6717942866768426,"['length', 'climb_total', 'climb/length', 'startlist_quality']"
ward,[ 680 1098  645 1619  508  700],6,0.31111666231319135,0.7769080701909101,"['points', 'length', 'climb_total', 'median_delta']"
complete,[ 885 3226 1139],3,0.31103008059775716,0.6649060552799058,"['length', 'climb_total', 'startlist_quality']"
average,[ 681  196 3549  628  105   57   12   22],8,0.31065276184979407,0.7574632341305175,"['length', 'climb/length', 'startlist_quality']"
ward,[ 508 1264 3478],3,0.3105272490697495,0.7131359113288437,"['points', 'length', 'climb/length', 'startlist_quality']"
ward,[ 506  808 1681 2255],4,0.3103707266196236,0.6879460582845404,"['length', 'climb_total', 'climb/length', 'median_delta']"
complete,[ 214 3892 1144],3,0.3098820160476668,0.7115582529154958,"['climb_total', 'median_delta', 'startlist_quality']"
ward,[1415  746  508  674 1330   55  522],7,0.30984660350862975,0.5610275729786651,"['points', 'length', 'climb_total', 'climb/length']"
average,[  13   22   20  508   97  543  634 3413],8,0.30961859290075394,0.7809247187934857,"['points', 'length', 'climb_total', 'climb/length', 'startlist_quality']"
ward,[ 508 2150  533 2059],4,0.30940452027273596,0.5585671297744618,"['points', 'climb_total', 'climb/length', 'startlist_quality']"
single,[   7 4733    1    1   53  255  200],7,0.3088961100802388,0.6331987565727503,"['points', 'length', 'climb/length']"
ward,[ 508 2150 2592],3,0.3086020475620062,0.5585671297744618,"['points', 'climb_total', 'climb/length', 'startlist_quality']"
complete,[  16  293  209 1119  646 2967],6,0.3085893840314265,0.649142340939677,"['length', 'median_delta', 'startlist_quality']"
ward,[1094  109  586  784 2677],5,0.30816616237432626,0.5785911968304551,"['length', 'climb/length', 'median_delta', 'startlist_quality']"
average,[  90    5  182    2   20  574  830 3547],8,0.30749317364628675,0.7790903682452285,"['climb_total', 'median_delta', 'startlist_quality']"
ward,[ 642  700  661 3247],4,0.3071315890894024,0.6753361617755771,"['length', 'climb_total', 'climb/length', 'median_delta', 'startlist_quality']"
ward,[ 508 1624  658 1455   29  194  469  313],8,0.30684060115302675,0.7542873365938703,"['points', 'length', 'climb/length']"
average,[  19  209    1    1    2  506  725 3787],8,0.3067784501036305,0.7732183608526605,"['points', 'length', 'climb_total', 'median_delta', 'startlist_quality']"
single,[5247    1    1    1],4,0.3063642813905545,0.5373400586002761,"['points', 'climb_total', 'climb/length', 'median_delta']"
ward,[1603 1286  579  104  508  195  975],7,0.30575365556909156,0.674894237502734,"['points', 'length', 'climb/length', 'median_delta']"
single,[4741    1   52    1  200  254    1],7,0.30574942767261215,0.5772703096966425,"['points', 'length', 'climb_total', 'startlist_quality']"
ward,[ 283  664  687 1211  397 1361  359  288],8,0.3056738602689615,0.7110764500761447,"['length', 'climb_total', 'median_delta']"
average,[  19   29  371    1  508 4322],6,0.30543409556910195,0.7655135120433892,"['points', 'length', 'climb_total', 'climb/length', 'median_delta', 'startlist_quality']"
single,[5248    1    1],3,0.3051831801065913,0.5253978537551136,"['points', 'length', 'climb_total', 'climb/length', 'median_delta', 'startlist_quality']"
complete,[  80  207  324 2787  854  490  508],7,0.30482242880004096,0.7507726753156932,"['points', 'climb_total', 'median_delta', 'startlist_quality']"
complete,[ 200  685 3226 1139],4,0.30480285916046757,0.6649060552799058,"['length', 'climb_total', 'startlist_quality']"
ward,[ 486  514 1096  508  587 1467  496   96],8,0.3046971850711477,0.5889858797956461,"['points', 'climb_total', 'climb/length']"
average,[  19   29  371    1  508  638 3684],7,0.3046197983387375,0.7655135120433892,"['points', 'length', 'climb_total', 'climb/length', 'median_delta', 'startlist_quality']"
complete,[  26   77  508 2344  595 1700],6,0.30448611815661086,0.7101808296301673,"['points', 'length', 'climb/length']"
average,[ 708  474 3436   18  613    1],6,0.30442793683316266,0.755850987404212,"['length', 'climb_total', 'median_delta', 'startlist_quality']"
single,[4740    1    1   53  255  200],6,0.304330476602975,0.6331987565727503,"['points', 'length', 'climb/length']"
ward,[ 508 1624  658 1455  223  782],6,0.30426162002083085,0.7542873365938703,"['points', 'length', 'climb/length']"
ward,[1639  769 2842],3,0.30417750220631284,0.5546495379693048,"['climb_total', 'climb/length', 'median_delta', 'startlist_quality']"
ward,[ 456 1565 2383  129  400  317],6,0.3039118611639427,0.5069393671784274,"['climb_total', 'climb/length', 'startlist_quality']"
ward,[ 283  664  687 1211  397 1361  647],7,0.3038965341258989,0.7110764500761447,"['length', 'climb_total', 'median_delta']"
ward,[ 283  664  687 1211 2405],5,0.3038539910444925,0.7110764500761447,"['length', 'climb_total', 'median_delta']"
complete,[  16  293  209  148  971  646 2967],7,0.3031847593101577,0.649142340939677,"['length', 'median_delta', 'startlist_quality']"
ward,[  56  231  720 1367 1757  709  410],7,0.30314800810669057,0.6873650444954112,"['climb_total', 'climb/length', 'median_delta']"
complete,[  53  652  794 3751],4,0.302999477868295,0.6428607371428169,"['length', 'climb_total', 'climb/length', 'startlist_quality']"
complete,[  80  207  265   59 2787  854  490  508],8,0.30294374328455737,0.7507726753156932,"['points', 'climb_total', 'median_delta', 'startlist_quality']"
complete,[ 246  387  508 3082 1027],5,0.302725110897854,0.7036740216941264,"['points', 'length', 'median_delta', 'startlist_quality']"
ward,[ 283  664  687 1211  397 2008],6,0.3027144860910336,0.7110764500761447,"['length', 'climb_total', 'median_delta']"
ward,[ 680 1098  645 1619  508  186  514],7,0.30255101503317194,0.7769080701909101,"['points', 'length', 'climb_total', 'median_delta']"
ward,[ 508 1520  112  518  533 2059],6,0.30236705268403863,0.5585671297744618,"['points', 'climb_total', 'climb/length', 'startlist_quality']"
ward,[ 508 1624  658 1455  223  469  313],7,0.30230976555613187,0.7542873365938703,"['points', 'length', 'climb/length']"
ward,[1904  537 1502  508   69  730],6,0.3022368636270091,0.7032871276372122,"['points', 'climb_total', 'climb/length', 'median_delta', 'startlist_quality']"
complete,[  80  531 2787  854  490  508],6,0.30200633374243824,0.7507726753156932,"['points', 'climb_total', 'median_delta', 'startlist_quality']"
single,[4740    1  453   53    1    1    1],7,0.30161692319805117,0.545106769685485,"['points', 'climb_total', 'median_delta', 'startlist_quality']"
ward,[ 456 1565 2383  129  717],5,0.30144479907418664,0.5069393671784274,"['climb_total', 'climb/length', 'startlist_quality']"
complete,[3696  508  249  797],4,0.3014339448863283,0.6025579683623913,"['points', 'length', 'climb_total', 'startlist_quality']"
complete,[  28  182  357  508  604 2877  694],7,0.30133292527004873,0.6557309006239581,"['points', 'length', 'climb/length', 'median_delta', 'startlist_quality']"
complete,[ 508  879 1683 1801  183   22  174],7,0.3013240877276274,0.6806215282832905,"['points', 'climb/length', 'startlist_quality']"
single,[5246    1    1    1    1],5,0.30112974954153027,0.5373400586002761,"['points', 'climb_total', 'climb/length', 'median_delta']"
ward,[ 140  706  201  440  696 1988  565  514],8,0.3006853292231644,0.7210878096257433,"['length', 'median_delta', 'startlist_quality']"
ward,[1094  695  784 2677],4,0.30040637030906847,0.5785911968304551,"['length', 'climb/length', 'median_delta', 'startlist_quality']"
complete,[  29  507 2492 2222],4,0.2999320685713815,0.5806783254734893,"['climb_total', 'climb/length', 'median_delta']"
ward,[  56  231  720  120 1247 1757  709  410],8,0.2993978978833034,0.6873650444954112,"['climb_total', 'climb/length', 'median_delta']"
ward,[1415  482  264  508  674 1330   55  522],8,0.29908325767000565,0.5610275729786651,"['points', 'length', 'climb_total', 'climb/length']"
complete,[4871  183  196],3,0.2989812449303915,0.6806215282832905,"['points', 'climb/length', 'startlist_quality']"
ward,[ 106  602  650 2101  508  775  508],7,0.29894071707183295,0.5906190582996697,"['points', 'length', 'climb_total', 'climb/length', 'median_delta', 'startlist_quality']"
average,[  36  197 4233  784],4,0.29887250298637746,0.7545201908029431,"['length', 'climb_total', 'climb/length', 'median_delta', 'startlist_quality']"
ward,[1094  695 3461],3,0.29833228484274504,0.5785911968304551,"['length', 'climb/length', 'median_delta', 'startlist_quality']"
single,[4740    1  453   52    1    1    1    1],8,0.2982492148754198,0.545106769685485,"['points', 'climb_total', 'median_delta', 'startlist_quality']"
average,[  14   41 4212  673  282   28],6,0.29808946836973094,0.7534224625675697,"['length', 'climb/length', 'median_delta', 'startlist_quality']"
ward,[ 506   87  721 1681  871 1384],6,0.29764651641531065,0.6879460582845404,"['length', 'climb_total', 'climb/length', 'median_delta']"
ward,[ 140  706  201  440  696 1988 1079],7,0.2976140566100941,0.7210878096257433,"['length', 'median_delta', 'startlist_quality']"
complete,[ 508 3510  259  973],4,0.2975707988080298,0.7555167839513077,"['points', 'length', 'startlist_quality']"
ward,[ 210  298  102  605  593 1194  612 1636],8,0.29710917795570785,0.8275380545611692,"['points', 'length', 'startlist_quality']"
average,[ 708  474 3436   18  306  307    1],7,0.29698380891853543,0.755850987404212,"['length', 'climb_total', 'median_delta', 'startlist_quality']"
ward,[ 698  779  427 3346],4,0.2964957219169831,0.6717942866768426,"['length', 'climb_total', 'climb/length', 'startlist_quality']"
single,[5247    1    1    1],4,0.2964151101054458,0.6365950686107028,"['length', 'climb/length', 'median_delta', 'startlist_quality']"
average,[  19   29  370    1    1  508  638 3684],8,0.2958021408902565,0.7655135120433892,"['points', 'length', 'climb_total', 'climb/length', 'median_delta', 'startlist_quality']"
ward,[3459  508 1283],3,0.295150861861559,0.5906190582996697,"['points', 'length', 'climb_total', 'climb/length', 'median_delta', 'startlist_quality']"
ward,[1078  206 1976  508  241  425  704  112],8,0.29507971906832875,0.6670755758476412,"['points', 'climb_total', 'climb/length', 'median_delta']"
ward,[1078 2182  508  666  816],5,0.2950384595830957,0.6670755758476412,"['points', 'climb_total', 'climb/length', 'median_delta']"
complete,[ 124   90 3892 1144],4,0.29494328274919435,0.7115582529154958,"['climb_total', 'median_delta', 'startlist_quality']"
complete,[  69  508 3986  267  420],5,0.29468309066019666,0.8253409968641661,"['points', 'climb_total', 'median_delta']"
ward,[1080  529 1975 1666],4,0.2946708409472577,0.6321961618894612,"['climb_total', 'median_delta', 'startlist_quality']"
ward,[1603 1286  579  104  508  195  400  575],8,0.29462706921411197,0.674894237502734,"['points', 'length', 'climb/length', 'median_delta']"
ward,[1078 2182  508  666  704  112],6,0.2945022865535316,0.6670755758476412,"['points', 'climb_total', 'climb/length', 'median_delta']"
complete,[  26   77  508  168 1544  632  595 1700],8,0.29429307596453486,0.7101808296301673,"['points', 'length', 'climb/length']"
ward,[ 697  383  529 1975 1666],5,0.2940623627975447,0.6321961618894612,"['climb_total', 'median_delta', 'startlist_quality']"
ward,[1316 1181   55  810  508  542  838],7,0.2937510169517797,0.6279445431802297,"['points', 'length', 'climb_total', 'climb/length', 'median_delta']"
ward,[ 520 1336 1929  508  957],5,0.29369440556464377,0.7235126128442191,"['points', 'climb_total', 'median_delta', 'startlist_quality']"
ward,[ 735 1748  978  969   91  729],6,0.29369272695376836,0.7000494204087092,"['length', 'climb/length', 'median_delta']"
ward,[ 140  706  641  696 1988 1079],6,0.2932238991973244,0.7210878096257433,"['length', 'median_delta', 'startlist_quality']"
ward,[ 640 1293  193  772  743  508  331  770],8,0.29232043222312004,0.7398065612348762,"['points', 'climb_total', 'median_delta']"
complete,[ 198 3535 1517],3,0.29195887147293537,0.6670583593808997,"['length', 'climb_total', 'median_delta']"
ward,[ 520 1336 1929  508  559  398],6,0.29174828508481193,0.7235126128442191,"['points', 'climb_total', 'median_delta', 'startlist_quality']"
single,[4740  453   53    1    1    1    1],7,0.2916619517776181,0.5115175869937222,"['points', 'length', 'climb_total', 'climb/length', 'median_delta']"
ward,[1904  537 1502  508  799],5,0.29131078359350515,0.7032871276372122,"['points', 'climb_total', 'climb/length', 'median_delta', 'startlist_quality']"
single,[ 506 4741    1    1    1],5,0.29112766184673444,0.5194930651507245,"['points', 'length', 'climb_total', 'median_delta', 'startlist_quality']"
complete,[  28   96  459  507  635 3525],6,0.29105825364470117,0.6562891248649975,"['climb_total', 'climb/length', 'startlist_quality']"
complete,[  68  577 3430  508  667],5,0.2907054678487722,0.6930826799765013,"['points', 'length', 'climb_total', 'climb/length', 'startlist_quality']"
complete,[  28   35  289  243  508 3266  881],7,0.2905611963963225,0.7531584861114095,"['points', 'climb_total', 'climb/length', 'startlist_quality']"
ward,[ 735 1748 1947   91  729],5,0.29034730667801256,0.7000494204087092,"['length', 'climb/length', 'median_delta']"
ward,[ 456 1565 2383  846],4,0.29031836248087073,0.5069393671784274,"['climb_total', 'climb/length', 'startlist_quality']"
ward,[ 680 1098  645  282 1337  508  186  514],8,0.29025879622680545,0.7769080701909101,"['points', 'length', 'climb_total', 'median_delta']"
complete,[ 246   41  346  508 3082 1027],6,0.28996866411454303,0.7036740216941264,"['points', 'length', 'median_delta', 'startlist_quality']"
ward,[ 508 1520  630  533 2059],5,0.2897180957232475,0.5585671297744618,"['points', 'climb_total', 'climb/length', 'startlist_quality']"
average,[  36    3  194 4233  784],5,0.2897146920067263,0.7545201908029431,"['length', 'climb_total', 'climb/length', 'median_delta', 'startlist_quality']"
ward,[1316 1181   55  507  303  508  542  838],8,0.28963986951766585,0.6279445431802297,"['points', 'length', 'climb_total', 'climb/length', 'median_delta']"
single,[5248    1    1],3,0.28948143286503686,0.5013957037398995,"['length', 'climb_total', 'median_delta', 'startlist_quality']"
complete,[  28  182  357  508  117  487 2877  694],8,0.2894376532749602,0.6557309006239581,"['points', 'length', 'climb/length', 'median_delta', 'startlist_quality']"
ward,[ 846  641  696 1988 1079],5,0.28933999413540623,0.7210878096257433,"['length', 'median_delta', 'startlist_quality']"
single,[4739    1  453   53    1    1    1    1],8,0.2892480844708151,0.5115175869937222,"['points', 'length', 'climb_total', 'climb/length', 'median_delta']"
average,[   4   25 1585  211 2767   81    7  570],8,0.2890964561899604,0.7778042313834607,"['length', 'climb_total', 'climb/length']"
complete,[  22  129  508  628  534 2855  435  139],8,0.28899228774216107,0.6847211965557118,"['points', 'length', 'climb/length', 'startlist_quality']"
ward,[ 708  650 2101  508  775  508],6,0.28872526834012935,0.5906190582996697,"['points', 'length', 'climb_total', 'climb/length', 'median_delta', 'startlist_quality']"
complete,[  28   57   39  459  507  635 3525],7,0.2883727148932107,0.6562891248649975,"['climb_total', 'climb/length', 'startlist_quality']"
complete,[  53  563 2939  790  269  636],6,0.2883152723963848,0.7004915475527621,"['length', 'climb/length', 'startlist_quality']"
average,[  21   15    3  194 4233  784],6,0.28808979694570686,0.7545201908029431,"['length', 'climb_total', 'climb/length', 'median_delta', 'startlist_quality']"
ward,[ 508  484  387  750  736 1297  207  881],8,0.2880740068309841,0.7276846801069429,"['points', 'climb_total', 'startlist_quality']"
complete,[  28   24   11  289  243  508 3266  881],8,0.28783551490394793,0.7531584861114095,"['points', 'climb_total', 'climb/length', 'startlist_quality']"
single,[   1    1 4741    1   53  199  254],7,0.28777714460671483,0.570004110379665,"['points', 'length', 'median_delta', 'startlist_quality']"
ward,[ 532 1107  769 2842],4,0.28770887907003323,0.5546495379693048,"['climb_total', 'climb/length', 'median_delta', 'startlist_quality']"
ward,[ 683 1027  659 2881],4,0.2874107048259771,0.7326035862378151,"['length', 'climb_total', 'startlist_quality']"
ward,[ 640 1293  193 1515  508  331  770],7,0.28713962426655215,0.7398065612348762,"['points', 'climb_total', 'median_delta']"
complete,[  40   28  577 3430  508  667],6,0.2868747451562411,0.6930826799765013,"['points', 'length', 'climb_total', 'climb/length', 'startlist_quality']"
complete,[  40   28  577 2333 1097  508  667],7,0.28683974667826817,0.6930826799765013,"['points', 'length', 'climb_total', 'climb/length', 'startlist_quality']"
average,[ 624  134 3282   94  545  571],6,0.2868145009432112,0.7569679615489687,"['length', 'climb_total', 'startlist_quality']"
complete,[  11   42  563 2939  790  269  636],7,0.2863260969851814,0.7004915475527621,"['length', 'climb/length', 'startlist_quality']"
ward,[ 508  581  294  117  389  846 1433 1082],8,0.2861815525183235,0.7759047214647473,"['points', 'length', 'climb_total', 'startlist_quality']"
complete,[  28  172  617   28  181  506 3718],7,0.2861248559875044,0.6981328110645961,"['points', 'length', 'climb_total', 'climb/length', 'median_delta']"
ward,[ 169  566 1748  978  372  597   91  729],8,0.2859849556412242,0.7000494204087092,"['length', 'climb/length', 'median_delta']"
ward,[ 269  825  109  586  784 2677],6,0.2846355713135135,0.5785911968304551,"['length', 'climb/length', 'median_delta', 'startlist_quality']"
average,[  20   14    2  166  257   61 4097  633],8,0.28435640084110647,0.757722336928237,"['climb_total', 'climb/length', 'startlist_quality']"
ward,[  56  231  720 1367 1757 1119],6,0.28416086727438505,0.6873650444954112,"['climb_total', 'climb/length', 'median_delta']"
ward,[1078 2182  508  241  425  704  112],7,0.2839391118104895,0.6670755758476412,"['points', 'climb_total', 'climb/length', 'median_delta']"
complete,[  92  416  879 1683 1801  183   22  174],8,0.28358932077218024,0.6806215282832905,"['points', 'climb/length', 'startlist_quality']"
ward,[ 169  566 1748  978  969   91  729],7,0.28338009262368574,0.7000494204087092,"['length', 'climb/length', 'median_delta']"
ward,[ 532   68 1039  769 2842],5,0.2830005356838202,0.5546495379693048,"['climb_total', 'climb/length', 'median_delta', 'startlist_quality']"
complete,[  53  652 4545],3,0.28298635031307406,0.6428607371428169,"['length', 'climb_total', 'climb/length', 'startlist_quality']"
ward,[ 508  484  387 1486 1297 1088],6,0.2827531256277982,0.7276846801069429,"['points', 'climb_total', 'startlist_quality']"
complete,[  94 3507  175 1474],4,0.28235924093012277,0.575112325612352,"['length', 'climb_total', 'climb/length', 'median_delta']"
ward,[ 508  581  294  506  846 1433 1082],7,0.28199523713223995,0.7759047214647473,"['points', 'length', 'climb_total', 'startlist_quality']"
ward,[1496 1694  508  571  680   28  273],7,0.2818031287365887,0.6519124156984761,"['points', 'climb/length', 'median_delta', 'startlist_quality']"
single,[5247    1    1    1],4,0.2817353323373522,0.5013957037398995,"['length', 'climb_total', 'median_delta', 'startlist_quality']"
single,[5246    1    1    1    1],5,0.281657019607603,0.5410526049260764,"['points', 'climb_total', 'climb/length', 'median_delta', 'startlist_quality']"
average,[  28   29   36  471    1  492  195 3998],8,0.2816394997217703,0.8241312523049772,"['points', 'climb_total', 'climb/length']"
ward,[ 683  446  581  659 2881],5,0.2813374108907317,0.7326035862378151,"['length', 'climb_total', 'startlist_quality']"
single,[5245    1    1    1    1    1],6,0.28115273080305186,0.5410526049260764,"['points', 'climb_total', 'climb/length', 'median_delta', 'startlist_quality']"
complete,[  65   29  797 2710  175  952  522],7,0.28041002622839983,0.575112325612352,"['length', 'climb_total', 'climb/length', 'median_delta']"
single,[  22    6 4712    1   53  454    1    1],8,0.27987518982768056,0.5582352132927761,"['points', 'length', 'climb_total', 'climb/length', 'startlist_quality']"
ward,[ 656  474 1731 1016  508   56  480  329],8,0.27952764051098966,0.7192327789766192,"['points', 'length', 'climb/length', 'median_delta', 'startlist_quality']"
ward,[ 508 1575  823 1080  621  212   22  409],8,0.27882221780968897,0.7237743129499625,"['points', 'climb/length', 'startlist_quality']"
ward,[1496 1694  508  571  680  301],6,0.27702479460400226,0.6519124156984761,"['points', 'climb/length', 'median_delta', 'startlist_quality']"
complete,[ 200  685 3226   66 1073],5,0.2765619091002764,0.6649060552799058,"['length', 'climb_total', 'startlist_quality']"
average,[  14   41 4212  551  122  282   28],7,0.2763548658186209,0.7534224625675697,"['length', 'climb/length', 'median_delta', 'startlist_quality']"
average,[ 624  134 3282   94  545  226  345],7,0.27629301925705296,0.7569679615489687,"['length', 'climb_total', 'startlist_quality']"
single,[4740    1    1   52    1  200  254    1],8,0.2760152363433556,0.5772703096966425,"['points', 'length', 'climb_total', 'startlist_quality']"
complete,[1169 2527  508  249  797],5,0.27590767455494336,0.6025579683623913,"['points', 'length', 'climb_total', 'startlist_quality']"
complete,[ 314  194 3510  259  973],5,0.2751898691847498,0.7555167839513077,"['points', 'length', 'startlist_quality']"
complete,[  53  438  214  794 3751],5,0.27481369138640876,0.6428607371428169,"['length', 'climb_total', 'climb/length', 'startlist_quality']"
ward,[ 121  570  586 1145 1162  508  689  469],8,0.2743069310209573,0.6373698773093583,"['points', 'length', 'climb_total', 'median_delta', 'startlist_quality']"
ward,[ 508  484  387  750  736 1297 1088],7,0.2741980181082834,0.7276846801069429,"['points', 'climb_total', 'startlist_quality']"
single,[5245    1    1    1    1    1],6,0.2741274279744674,0.5985385458561421,"['length', 'climb_total', 'climb/length', 'median_delta', 'startlist_quality']"
ward,[ 520 1336  793 1136  508  559  202  196],8,0.27387241990710826,0.7235126128442191,"['points', 'climb_total', 'median_delta', 'startlist_quality']"
ward,[ 508  631  113  520  564 1637 1277],7,0.2736149463686934,0.7131359113288437,"['points', 'length', 'climb/length', 'startlist_quality']"
average,[  14   20   21 4212  551  122  282   28],8,0.273441699128352,0.7534224625675697,"['length', 'climb/length', 'median_delta', 'startlist_quality']"
single,[5244    1    1    1    1    1    1],7,0.2723088346432621,0.5985385458561421,"['length', 'climb_total', 'climb/length', 'median_delta', 'startlist_quality']"
complete,[  65   29  797 2710  175  952  184  338],8,0.27197226056643153,0.575112325612352,"['length', 'climb_total', 'climb/length', 'median_delta']"
complete,[ 210  357  508 4175],4,0.2717287337008244,0.6557309006239581,"['points', 'length', 'climb/length', 'median_delta', 'startlist_quality']"
average,[  21   15  104 3974   59 1054   22    1],8,0.2709249101092174,0.7235966603965633,"['climb_total', 'climb/length', 'median_delta', 'startlist_quality']"
ward,[ 656  474 1731 1016  508   56  809],7,0.27051118412237096,0.7192327789766192,"['points', 'length', 'climb/length', 'median_delta', 'startlist_quality']"
complete,[  40   28  577 2333 1097  508  241  426],8,0.2691377637627662,0.6930826799765013,"['points', 'length', 'climb_total', 'climb/length', 'startlist_quality']"
average,[ 624  134 3282   94  545  226    5  340],8,0.2691274118556632,0.7569679615489687,"['length', 'climb_total', 'startlist_quality']"
ward,[ 691  586 1145 1162  508  689  469],7,0.268919914898573,0.6373698773093583,"['points', 'length', 'climb_total', 'median_delta', 'startlist_quality']"
ward,[ 685  202  491  515 2050 1307],6,0.2688529613777788,0.7096112295683156,"['length', 'climb_total', 'median_delta', 'startlist_quality']"
single,[5247    1    1    1],4,0.2684286830260358,0.6638022397006643,"['length', 'climb/length', 'median_delta']"
ward,[2021 2383  846],3,0.26825609829342106,0.5069393671784274,"['climb_total', 'climb/length', 'startlist_quality']"
complete,[ 518 1119 3613],3,0.26802186335218886,0.649142340939677,"['length', 'median_delta', 'startlist_quality']"
ward,[ 685  693  515 2050 1307],5,0.2678148488388492,0.7096112295683156,"['length', 'climb_total', 'median_delta', 'startlist_quality']"
complete,[ 203   97  208  377  884 1414  868 1199],8,0.26775925067090944,0.772524159777811,"['points', 'length', 'climb_total']"
ward,[ 520 1336  793 1136  508  559  398],7,0.267711630564293,0.7235126128442191,"['points', 'climb_total', 'median_delta', 'startlist_quality']"
single,[5247    1    1    1],4,0.26759543932913094,0.545106769685485,"['points', 'climb_total', 'median_delta', 'startlist_quality']"
complete,[ 246   41  346  508 3082  295  732],7,0.2670823536992601,0.7036740216941264,"['points', 'length', 'median_delta', 'startlist_quality']"
average,[  21   15    3  194 4233   57  727],7,0.2669479053833747,0.7545201908029431,"['length', 'climb_total', 'climb/length', 'median_delta', 'startlist_quality']"
ward,[ 743  696 2286 1525],4,0.26694472746624665,0.5753332093357181,"['length', 'climb/length', 'startlist_quality']"
ward,[ 508  781   28  624  694  578 2037],7,0.2669343663840963,0.6887478822711822,"['points', 'length', 'climb_total', 'climb/length', 'startlist_quality']"
complete,[ 124   90 3265  627  380  764],6,0.26650922145686134,0.7115582529154958,"['climb_total', 'median_delta', 'startlist_quality']"
complete,[  65 4469  228  488],4,0.2664545915522408,0.6564431872374078,"['length', 'climb_total', 'climb/length', 'median_delta', 'startlist_quality']"
complete,[  53  563 3729  269  636],5,0.2657394935738947,0.7004915475527621,"['length', 'climb/length', 'startlist_quality']"
ward,[ 685  202  491  515 2050  801  506],7,0.2657346954993268,0.7096112295683156,"['length', 'climb_total', 'median_delta', 'startlist_quality']"
ward,[1496 1694  508  571  981],5,0.26569321049157224,0.6519124156984761,"['points', 'climb/length', 'median_delta', 'startlist_quality']"
average,[ 646 4241   56  260   18   29],6,0.2656049911261321,0.7694490930220816,"['length', 'climb_total', 'climb/length', 'startlist_quality']"
ward,[ 121  564  202  491  515 2050  801  506],8,0.2654808409423418,0.7096112295683156,"['length', 'climb_total', 'median_delta', 'startlist_quality']"
single,[   1    1  506 4741    1],5,0.26487419610711976,0.5615405851439877,"['points', 'length', 'climb/length', 'median_delta', 'startlist_quality']"
ward,[ 743  696 2286   63 1462],5,0.264864224706635,0.5753332093357181,"['length', 'climb/length', 'startlist_quality']"
single,[5248    1    1],3,0.2646752873035025,0.5194930651507245,"['points', 'length', 'climb_total', 'median_delta', 'startlist_quality']"
ward,[ 508  781  652  694  578 2037],6,0.26421950036860953,0.6887478822711822,"['points', 'length', 'climb_total', 'climb/length', 'startlist_quality']"
complete,[  29   78  508 2631  391 1613],6,0.26397390996844255,0.6437907507003353,"['points', 'length', 'climb_total', 'climb/length']"
complete,[  65  805 3664  228  488],5,0.26396690779986426,0.6564431872374078,"['length', 'climb_total', 'climb/length', 'median_delta', 'startlist_quality']"
ward,[ 508  631  113  331  189  564 1637 1277],8,0.2638459584619747,0.7131359113288437,"['points', 'length', 'climb/length', 'startlist_quality']"
complete,[  69  293  215 3986  267  420],6,0.26332881940075603,0.8253409968641661,"['points', 'climb_total', 'median_delta']"
single,[ 506 4740    1    1    1    1],6,0.26321028502992705,0.5194930651507245,"['points', 'length', 'climb_total', 'median_delta', 'startlist_quality']"
ward,[ 506   87  721  822  859  871 1384],7,0.26298874373676145,0.6879460582845404,"['length', 'climb_total', 'climb/length', 'median_delta']"
complete,[  28  172  617   28  181  506 1364 2354],8,0.26291104143071414,0.6981328110645961,"['points', 'length', 'climb_total', 'climb/length', 'median_delta']"
single,[   1    1  506 4740    1    1],6,0.26282942364049244,0.5615405851439877,"['points', 'length', 'climb/length', 'median_delta', 'startlist_quality']"
single,[5247    1    1    1],4,0.2625910521609772,0.5253978537551136,"['points', 'length', 'climb_total', 'climb/length', 'median_delta', 'startlist_quality']"
ward,[ 508  631  633  564 1637 1277],6,0.2625525332643979,0.7131359113288437,"['points', 'length', 'climb/length', 'startlist_quality']"
complete,[  40   25  805 3664  228  488],6,0.262466976707335,0.6564431872374078,"['length', 'climb_total', 'climb/length', 'median_delta', 'startlist_quality']"
complete,[ 124   90 3892  380  764],5,0.2619621913833589,0.7115582529154958,"['climb_total', 'median_delta', 'startlist_quality']"
average,[  21   15    3  194 3178 1055   57  727],8,0.261952753720042,0.7545201908029431,"['length', 'climb_total', 'climb/length', 'median_delta', 'startlist_quality']"
ward,[506  87 721 822 859 871 843 541],8,0.261640177272444,0.6879460582845404,"['length', 'climb_total', 'climb/length', 'median_delta']"
complete,[ 203  305  377  884 1414  868 1199],7,0.26160237859584956,0.772524159777811,"['points', 'length', 'climb_total']"
ward,[1904 2039  508  799],4,0.2612834998618691,0.7032871276372122,"['points', 'climb_total', 'climb/length', 'median_delta', 'startlist_quality']"
ward,[ 508 1520  112  518  533  819 1240],7,0.26106166201572517,0.5585671297744618,"['points', 'climb_total', 'climb/length', 'startlist_quality']"
complete,[  11   42  563 2939  790  269  296  340],8,0.2608482436164149,0.7004915475527621,"['length', 'climb/length', 'startlist_quality']"
ward,[ 508 1520  112  153  365  533  819 1240],8,0.26073783698074005,0.5585671297744618,"['points', 'climb_total', 'climb/length', 'startlist_quality']"
ward,[1496  736  958  508  571  680   28  273],8,0.2600358857498923,0.6519124156984761,"['points', 'climb/length', 'median_delta', 'startlist_quality']"
single,[5246    1    1    1    1],5,0.2600205452473373,0.5013957037398995,"['length', 'climb_total', 'median_delta', 'startlist_quality']"
complete,[  65   29 3507  175 1474],5,0.2598173876758006,0.575112325612352,"['length', 'climb_total', 'climb/length', 'median_delta']"
ward,[ 743  159  537 2286   63 1462],6,0.25973281463531045,0.5753332093357181,"['length', 'climb/length', 'startlist_quality']"
ward,[ 697  193  190  529 1975  797  869],7,0.2596309953274065,0.6321961618894612,"['climb_total', 'median_delta', 'startlist_quality']"
complete,[  55  909  831 3455],4,0.2587312406885263,0.6316805290673182,"['length', 'climb/length', 'median_delta', 'startlist_quality']"
ward,[ 508  781   28  134  490  694  578 2037],8,0.25850044882749446,0.6887478822711822,"['points', 'length', 'climb_total', 'climb/length', 'startlist_quality']"
complete,[ 103  508 2344 2295],4,0.25719740224171084,0.7101808296301673,"['points', 'length', 'climb/length']"
ward,[ 697  383  529 1975  797  869],6,0.2571044712347006,0.6321961618894612,"['climb_total', 'median_delta', 'startlist_quality']"
ward,[1350  554  537 1502  508   69  730],7,0.2571014033145427,0.7032871276372122,"['points', 'climb_total', 'climb/length', 'median_delta', 'startlist_quality']"
ward,[  64  634  512  267  427 1538 1808],7,0.25696514716865304,0.6717942866768426,"['length', 'climb_total', 'climb/length', 'startlist_quality']"
complete,[  41   25   87  614  508  530 3445],7,0.25596390065103125,0.7030225942783361,"['points', 'length', 'climb_total', 'climb/length', 'median_delta', 'startlist_quality']"
ward,[ 697  193  190  529  658 1317  797  869],8,0.25556100221719447,0.6321961618894612,"['climb_total', 'median_delta', 'startlist_quality']"
ward,[1350  554  537 1502  508   69  200  530],8,0.25554953309458467,0.7032871276372122,"['points', 'climb_total', 'climb/length', 'median_delta', 'startlist_quality']"
complete,[ 151  508 4017  574],4,0.25480328564377697,0.6847211965557118,"['points', 'length', 'climb/length', 'startlist_quality']"
complete,[ 203  305  377  884 1414 2067],6,0.2545990455858338,0.772524159777811,"['points', 'length', 'climb_total']"
complete,[  16  502 1119 3613],4,0.2545648667346825,0.649142340939677,"['length', 'median_delta', 'startlist_quality']"
average,[  61  585 4241   56  260   18   29],7,0.2544840811708746,0.7694490930220816,"['length', 'climb_total', 'climb/length', 'startlist_quality']"
ward,[  64  634  779  427 1538 1808],6,0.25439312251096285,0.6717942866768426,"['length', 'climb_total', 'climb/length', 'startlist_quality']"
average,[  61  585 4241   56  260   18    8   21],8,0.25412403928327637,0.7694490930220816,"['length', 'climb_total', 'climb/length', 'startlist_quality']"
average,[ 708  474 3378   58   18  306  307    1],8,0.25352548321869395,0.755850987404212,"['length', 'climb_total', 'median_delta', 'startlist_quality']"
complete,[ 314  194  533  297 2680  259  442  531],8,0.2525084635085868,0.7555167839513077,"['points', 'length', 'startlist_quality']"
ward,[ 471  195  667 1711 2206],5,0.2522542383103272,0.7030391448721947,"['climb/length', 'median_delta', 'startlist_quality']"
complete,[  53 1907  409 1743 1138],5,0.2513031879962808,0.5575457667908718,"['length', 'climb_total', 'climb/length']"
single,[ 453   53 4740    1    1    1    1],7,0.2512219801828864,0.5194930651507245,"['points', 'length', 'climb_total', 'median_delta', 'startlist_quality']"
complete,[  53 4292  905],3,0.25033089543540893,0.7004915475527621,"['length', 'climb/length', 'startlist_quality']"
single,[5247    1    1    1],4,0.2499609134730621,0.5115175869937222,"['points', 'length', 'climb_total', 'climb/length', 'median_delta']"
single,[ 453   53 4739    1    1    1    1    1],8,0.24941689105328138,0.5194930651507245,"['points', 'length', 'climb_total', 'median_delta', 'startlist_quality']"
complete,[ 198 3535  919  598],4,0.24854155409616782,0.6670583593808997,"['length', 'climb_total', 'median_delta']"
complete,[  41   25   87  362  252  508  530 3445],8,0.24756493094391946,0.7030225942783361,"['points', 'length', 'climb_total', 'climb/length', 'median_delta', 'startlist_quality']"
ward,[ 666  667 1711 2206],4,0.24728861131694668,0.7030391448721947,"['climb/length', 'median_delta', 'startlist_quality']"
single,[   1    1  453   53 4740    1    1],7,0.24723885004728433,0.5615405851439877,"['points', 'length', 'climb/length', 'median_delta', 'startlist_quality']"
average,[   3  454   51  770  135   60    2 3775],8,0.24571157501335852,0.8043783632652045,"['points', 'climb_total', 'startlist_quality']"
single,[4741    1   53  199  254    1    1],7,0.24544158801141827,0.6072572232266966,"['points', 'median_delta', 'startlist_quality']"
single,[5246    1    1    1    1],5,0.24492363900062397,0.5115175869937222,"['points', 'length', 'climb_total', 'climb/length', 'median_delta']"
ward,[ 642  109  591  661  999 2248],6,0.24464086227757725,0.6753361617755771,"['length', 'climb_total', 'climb/length', 'median_delta', 'startlist_quality']"
average,[   3  505  770  135   60    2 3775],7,0.24411738503802155,0.8043783632652045,"['points', 'climb_total', 'startlist_quality']"
complete,[ 151  508  628 3389  435  139],6,0.24399717517785674,0.6847211965557118,"['points', 'length', 'climb/length', 'startlist_quality']"
complete,[  26   77  508 2344 2295],5,0.24306831971074297,0.7101808296301673,"['points', 'length', 'climb/length']"
complete,[  22  129  508  628 3389  435  139],7,0.24305597877773008,0.6847211965557118,"['points', 'length', 'climb/length', 'startlist_quality']"
single,[5246    1    1    1    1],5,0.24197730049483454,0.6638022397006643,"['length', 'climb/length', 'median_delta']"
ward,[ 698  779  427 1538 1808],5,0.24139251317383362,0.6717942866768426,"['length', 'climb_total', 'climb/length', 'startlist_quality']"
single,[   2 5243    1    1    1    1    1],7,0.2412251844417533,0.6638022397006643,"['length', 'climb/length', 'median_delta']"
single,[   2 5244    1    1    1    1],6,0.24108827258266866,0.6638022397006643,"['length', 'climb/length', 'median_delta']"
complete,[  28  182  357  508  604 3571],6,0.24093584658509254,0.6557309006239581,"['points', 'length', 'climb/length', 'median_delta', 'startlist_quality']"
ward,[ 106  602  650  995 1106  508  775  508],8,0.240490900987207,0.5906190582996697,"['points', 'length', 'climb_total', 'climb/length', 'median_delta', 'startlist_quality']"
complete,[ 146  208  508 2831 1557],5,0.24007837601778054,0.7361618381943185,"['points', 'length', 'climb_total', 'median_delta']"
complete,[1361   67  400  508 2914],5,0.23995447492067945,0.5075495325897715,"['points', 'climb_total', 'climb/length', 'median_delta', 'startlist_quality']"
ward,[ 642  700  661  999 2248],5,0.23942007577038082,0.6753361617755771,"['length', 'climb_total', 'climb/length', 'median_delta', 'startlist_quality']"
single,[5245    1    1    1    1    1],6,0.23849483210576164,0.5013957037398995,"['length', 'climb_total', 'median_delta', 'startlist_quality']"
single,[5244    1    1    1    1    1    1],7,0.238276517378999,0.5013957037398995,"['length', 'climb_total', 'median_delta', 'startlist_quality']"
ward,[ 122  561  446  581  659 1839 1042],7,0.2371883433497336,0.7326035862378151,"['length', 'climb_total', 'startlist_quality']"
single,[   1    1  453   53 4739    1    1    1],8,0.23664590503504768,0.5615405851439877,"['points', 'length', 'climb/length', 'median_delta', 'startlist_quality']"
ward,[ 456 1565 1181 1202  129  400  317],7,0.23621276124444107,0.5069393671784274,"['climb_total', 'climb/length', 'startlist_quality']"
single,[   2 5242    1    1    1    1    1    1],8,0.23549477428840748,0.5013957037398995,"['length', 'climb_total', 'median_delta', 'startlist_quality']"
ward,[ 122  561  446  581  659 1839  475  567],8,0.23499129644968422,0.7326035862378151,"['length', 'climb_total', 'startlist_quality']"
ward,[ 456  726  839 1181 1202  129  400  317],8,0.2341818237567961,0.5069393671784274,"['climb_total', 'climb/length', 'startlist_quality']"
ward,[ 642  109  591  327  334  999 2248],7,0.23409719237613943,0.6753361617755771,"['length', 'climb_total', 'climb/length', 'median_delta', 'startlist_quality']"
complete,[  28   57   39  459  507  635 1920 1605],8,0.23392565180134325,0.6562891248649975,"['climb_total', 'climb/length', 'startlist_quality']"
ward,[ 683  446  581  659 1839 1042],6,0.23349842008972077,0.7326035862378151,"['length', 'climb_total', 'startlist_quality']"
complete,[  28  251 3370   98 1503],5,0.23293730330026893,0.5785015069039837,"['climb_total', 'climb/length', 'median_delta', 'startlist_quality']"
single,[5246    1    1    1    1],5,0.2327511464920751,0.5253978537551136,"['points', 'length', 'climb_total', 'climb/length', 'median_delta', 'startlist_quality']"
complete,[  28  251 3370 1601],4,0.23272189058796972,0.5785015069039837,"['climb_total', 'climb/length', 'median_delta', 'startlist_quality']"
complete,[  55  152  757  831 3455],5,0.2314259636408319,0.6316805290673182,"['length', 'climb/length', 'median_delta', 'startlist_quality']"
complete,[ 146    3  205  508 2831 1557],6,0.230949579521184,0.7361618381943185,"['points', 'length', 'climb_total', 'median_delta']"
ward,[  64  634  512  267  427 1538  828  980],8,0.22942647318745843,0.6717942866768426,"['length', 'climb_total', 'climb/length', 'startlist_quality']"
complete,[ 124   90 3265  627  380  122  642],7,0.22694760381628942,0.7115582529154958,"['climb_total', 'median_delta', 'startlist_quality']"
complete,[1361   67   31  369  508 2914],6,0.22652476755239848,0.5075495325897715,"['points', 'climb_total', 'climb/length', 'median_delta', 'startlist_quality']"
ward,[ 392  250  109  591  327  334  999 2248],8,0.2264550140701585,0.6753361617755771,"['length', 'climb_total', 'climb/length', 'median_delta', 'startlist_quality']"
complete,[1361   41   26   31  369  508 2914],7,0.22598366434607733,0.5075495325897715,"['points', 'climb_total', 'climb/length', 'median_delta', 'startlist_quality']"
ward,[ 129  614  159  537 1211 1075   63 1462],8,0.2254168802184089,0.5753332093357181,"['length', 'climb/length', 'startlist_quality']"
single,[5226   20    1    1    1    1],6,0.22443910882589466,0.6365950686107028,"['length', 'climb/length', 'median_delta', 'startlist_quality']"
complete,[ 200  685  984 2242   66  215  858],7,0.22360857744083124,0.6649060552799058,"['length', 'climb_total', 'startlist_quality']"
complete,[ 200  685  984  312 1930   66  215  858],8,0.22344924070977046,0.6649060552799058,"['length', 'climb_total', 'startlist_quality']"
ward,[ 743  159  537 1211 1075   63 1462],7,0.2230881133830567,0.5753332093357181,"['length', 'climb/length', 'startlist_quality']"
single,[5226   19    1    1    1    1    1],7,0.22306834660721298,0.6365950686107028,"['length', 'climb/length', 'median_delta', 'startlist_quality']"
complete,[ 124   13   77 3265  627  380  122  642],8,0.2227404879931896,0.7115582529154958,"['climb_total', 'median_delta', 'startlist_quality']"
complete,[  53  195 1597  115  409 1743 1138],7,0.2226767989673107,0.5575457667908718,"['length', 'climb_total', 'climb/length']"
single,[5225    1   19    1    1    1    1    1],8,0.22244780969288167,0.6365950686107028,"['length', 'climb/length', 'median_delta', 'startlist_quality']"
complete,[  53  195 1712  409 1743 1138],6,0.22171392742044885,0.5575457667908718,"['length', 'climb_total', 'climb/length']"
single,[5244    1    1    1    1    1    1],7,0.22047886173182593,0.5410526049260764,"['points', 'climb_total', 'climb/length', 'median_delta', 'startlist_quality']"
complete,[  24   29  195 1597  115  409 1743 1138],8,0.2193545007534699,0.5575457667908718,"['length', 'climb_total', 'climb/length']"
complete,[  55  152  757  831  572 2883],6,0.21921378190602797,0.6316805290673182,"['length', 'climb/length', 'median_delta', 'startlist_quality']"
complete,[ 200  685  984 2242   66 1073],6,0.21907068352246595,0.6649060552799058,"['length', 'climb_total', 'startlist_quality']"
complete,[  28   82  169 3370   98 1503],6,0.21882146868936564,0.5785015069039837,"['climb_total', 'climb/length', 'median_delta', 'startlist_quality']"
complete,[ 699  127 1107  662  376 2279],6,0.21874265348843672,0.5491327366388559,"['length', 'climb_total', 'median_delta', 'startlist_quality']"
single,[   2 5247    1],3,0.21738849675441793,0.5615405851439877,"['points', 'length', 'climb/length', 'median_delta', 'startlist_quality']"
single,[5246    1    1    1    1],5,0.21584292525409346,0.6365950686107028,"['length', 'climb/length', 'median_delta', 'startlist_quality']"
complete,[ 826 1769 2655],3,0.21451327707887138,0.5491327366388559,"['length', 'climb_total', 'median_delta', 'startlist_quality']"
ward,[ 471   28  167  667 1711  700 1506],7,0.214432623695233,0.7030391448721947,"['climb/length', 'median_delta', 'startlist_quality']"
complete,[  53  438  214  794 1445 2306],6,0.21435255436841935,0.6428607371428169,"['length', 'climb_total', 'climb/length', 'startlist_quality']"
ward,[ 471   28  167  667  467 1244  700 1506],8,0.2134780030272158,0.7030391448721947,"['climb/length', 'median_delta', 'startlist_quality']"
complete,[ 699  127 1769  376 2279],5,0.21342146485490987,0.5491327366388559,"['length', 'climb_total', 'median_delta', 'startlist_quality']"
single,[4741    1   52    1  200  255],6,0.212722833927142,0.6187829831853149,"['points', 'length', 'climb_total']"
ward,[ 532   68 1039  769 1281 1561],6,0.21255492990414057,0.5546495379693048,"['climb_total', 'climb/length', 'median_delta', 'startlist_quality']"
ward,[ 471  195  667 1711  700 1506],6,0.2125511062041481,0.7030391448721947,"['climb/length', 'median_delta', 'startlist_quality']"
ward,[ 147  385   68 1039  190  579 1281 1561],8,0.2123212839405581,0.5546495379693048,"['climb_total', 'climb/length', 'median_delta', 'startlist_quality']"
single,[   2 5242    1    1    1    1    1    1],8,0.21223814262654075,0.6638022397006643,"['length', 'climb/length', 'median_delta']"
complete,[1361   41   26   31  103  266  508 2914],8,0.21110710908565064,0.5075495325897715,"['points', 'climb_total', 'climb/length', 'median_delta', 'startlist_quality']"
ward,[ 269  825  109  586  784  813 1864],7,0.21095488211954674,0.5785911968304551,"['length', 'climb/length', 'median_delta', 'startlist_quality']"
ward,[ 269  825  109  586  183  601  813 1864],8,0.2099441347297384,0.5785911968304551,"['length', 'climb/length', 'median_delta', 'startlist_quality']"
single,[5247    1    1    1],4,0.20958763915020384,0.5194930651507245,"['points', 'length', 'climb_total', 'median_delta', 'startlist_quality']"
single,[4741    1   52    1  200  254    1],7,0.2095775981330571,0.6187829831853149,"['points', 'length', 'climb_total']"
ward,[ 532   68 1039  190  579 1281 1561],7,0.2092738694177128,0.5546495379693048,"['climb_total', 'climb/length', 'median_delta', 'startlist_quality']"
single,[ 453   53 4739    1    1    1    1    1],8,0.20854607768729577,0.5600640372432811,"['points', 'length', 'climb/length', 'median_delta']"
complete,[ 210  357 4683],3,0.20820607841817826,0.6557309006239581,"['points', 'length', 'climb/length', 'median_delta', 'startlist_quality']"
complete,[  55  152  757  133  698  572 2883],7,0.20732288785511324,0.6316805290673182,"['length', 'climb/length', 'median_delta', 'startlist_quality']"
complete,[  19   36  152  757  133  698  572 2883],8,0.20546481058886656,0.6316805290673182,"['length', 'climb/length', 'median_delta', 'startlist_quality']"
complete,[  53  438  214  145  649 1445 2306],7,0.2041670085657663,0.6428607371428169,"['length', 'climb_total', 'climb/length', 'startlist_quality']"
complete,[  28  182  357  508 4175],5,0.203942264515878,0.6557309006239581,"['points', 'length', 'climb/length', 'median_delta', 'startlist_quality']"
single,[5243    1    1    1    1    1    1    1],8,0.2031603849897946,0.5410526049260764,"['points', 'climb_total', 'climb/length', 'median_delta', 'startlist_quality']"
single,[   2    2 5242    1    1    1    1],7,0.20306812502232224,0.6684329031312753,"['climb_total', 'climb/length', 'median_delta']"
complete,[ 146    3  205  316  192 2831 1557],7,0.19968158654505241,0.7361618381943185,"['points', 'length', 'climb_total', 'median_delta']"
complete,[  40   25  805 1874 1790  228  488],7,0.19736545385258528,0.6564431872374078,"['length', 'climb_total', 'climb/length', 'median_delta', 'startlist_quality']"
single,[   2    2 5241    1    1    1    1    1],8,0.19501976838686652,0.6684329031312753,"['climb_total', 'climb/length', 'median_delta']"
complete,[ 128  184 1790  508 2640],5,0.19312518395607087,0.5380487415962762,"['points', 'length', 'climb_total', 'median_delta', 'startlist_quality']"
complete,[ 699  127 1769 2655],4,0.19264032003640116,0.5491327366388559,"['length', 'climb_total', 'median_delta', 'startlist_quality']"
complete,[  53 4292  269  636],4,0.1921748908998053,0.7004915475527621,"['length', 'climb/length', 'startlist_quality']"
complete,[  53  438  129   85  145  649 1445 2306],8,0.19197572204634444,0.6428607371428169,"['length', 'climb_total', 'climb/length', 'startlist_quality']"
complete,[  16  293  209  148  971  646 1454 1513],8,0.1909822589528741,0.649142340939677,"['length', 'median_delta', 'startlist_quality']"
complete,[  40   25  805 1874 1790  228   75  413],8,0.19064772513390518,0.6564431872374078,"['length', 'climb_total', 'climb/length', 'median_delta', 'startlist_quality']"
complete,[  28   82  169 3370   98  987  516],7,0.18974123137861415,0.5785015069039837,"['climb_total', 'climb/length', 'median_delta', 'startlist_quality']"
complete,[ 151  508 4017  435  139],5,0.1881268346820524,0.6847211965557118,"['points', 'length', 'climb/length', 'startlist_quality']"
single,[5243    1    1    1    1    1    1    1],8,0.18458001516484135,0.5985385458561421,"['length', 'climb_total', 'climb/length', 'median_delta', 'startlist_quality']"
single,[   1    1 5247    1],4,0.18450447812527718,0.5615405851439877,"['points', 'length', 'climb/length', 'median_delta', 'startlist_quality']"
complete,[ 699  127 1107  662  376  147 2132],7,0.18332967706560988,0.5491327366388559,"['length', 'climb_total', 'median_delta', 'startlist_quality']"
complete,[ 128  184  189 1601  508  180  702 1758],8,0.18103674081798263,0.5380487415962762,"['points', 'length', 'climb_total', 'median_delta', 'startlist_quality']"
complete,[ 699   21  106 1107  662  376  147 2132],8,0.18002615799906058,0.5491327366388559,"['length', 'climb_total', 'median_delta', 'startlist_quality']"
single,[4740    1    1   52    1  200  254    1],8,0.17970151026224915,0.6187829831853149,"['points', 'length', 'climb_total']"
complete,[  65   29 3507  175  952  522],6,0.17538344766036507,0.575112325612352,"['length', 'climb_total', 'climb/length', 'median_delta']"
single,[5245    1    1    1    1    1],6,0.1730395069837389,0.5253978537551136,"['points', 'length', 'climb_total', 'climb/length', 'median_delta', 'startlist_quality']"
single,[5244    1    1    1    1    1    1],7,0.17259566178635954,0.5253978537551136,"['points', 'length', 'climb_total', 'climb/length', 'median_delta', 'startlist_quality']"
complete,[ 620 1462 2278  269  239  134  248],7,0.16978360902474762,0.7590354712647444,"['points', 'climb_total', 'startlist_quality']"
complete,[ 620 1462 2278  269   84  155  134  248],8,0.16836355723211394,0.7590354712647444,"['points', 'climb_total', 'startlist_quality']"
complete,[1428  400 3422],3,0.16720562122943308,0.5075495325897715,"['points', 'climb_total', 'climb/length', 'median_delta', 'startlist_quality']"
single,[  94 4648   53  200  255],5,0.16569761619609796,0.6642148845382484,"['points', 'length', 'startlist_quality']"
complete,[ 146    3  205  316  192 2831  420 1137],8,0.16425837353716866,0.7361618381943185,"['points', 'length', 'climb_total', 'median_delta']"
complete,[1169  764 1763  508  249  797],6,0.16135686906579477,0.6025579683623913,"['points', 'length', 'climb_total', 'startlist_quality']"
complete,[ 128  184 1790  508  180 2460],6,0.15824312071751848,0.5380487415962762,"['points', 'length', 'climb_total', 'median_delta', 'startlist_quality']"
complete,[1169  764 1763  508  249  145  652],7,0.15821270654232336,0.6025579683623913,"['points', 'length', 'climb_total', 'startlist_quality']"
complete,[1361   67  400 3422],4,0.15684752599681506,0.5075495325897715,"['points', 'climb_total', 'climb/length', 'median_delta', 'startlist_quality']"
single,[5243    1    1    1    1    1    1    1],8,0.1547502367273474,0.5253978537551136,"['points', 'length', 'climb_total', 'climb/length', 'median_delta', 'startlist_quality']"
complete,[  28   82  169 1335 2035   98  987  516],8,0.1518928101204901,0.5785015069039837,"['climb_total', 'climb/length', 'median_delta', 'startlist_quality']"
complete,[ 312 1790 3148],3,0.15136273424966454,0.5380487415962762,"['points', 'length', 'climb_total', 'median_delta', 'startlist_quality']"
single,[   1    1 4740    1    1   53  199  254],8,0.14113075733441258,0.570004110379665,"['points', 'length', 'median_delta', 'startlist_quality']"
complete,[ 128  184  189 1601  508  180 2460],7,0.1405846355927496,0.5380487415962762,"['points', 'length', 'climb_total', 'median_delta', 'startlist_quality']"
complete,[1169  764 1763  141  367  249  145  652],8,0.1380763108161671,0.6025579683623913,"['points', 'length', 'climb_total', 'startlist_quality']"
complete,[ 128  184 1790 3148],4,0.13072979674648397,0.5380487415962762,"['points', 'length', 'climb_total', 'median_delta', 'startlist_quality']"
single,[  94    2 4646   53  200  255],6,0.10992841538576556,0.6642148845382484,"['points', 'length', 'startlist_quality']"
single,[  94    2    5 4641   53  200  255],7,0.0929441159429363,0.6642148845382484,"['points', 'length', 'startlist_quality']"
single,[   2 5245    1    1    1],5,0.08243187249598295,0.5848569109151751,"['length', 'median_delta', 'startlist_quality']"
single,[   1    1 5245    1    1    1],6,0.08004493830170221,0.5848569109151751,"['length', 'median_delta', 'startlist_quality']"
single,[  93 4648    1   53  199  254    1    1],8,0.03992555826181665,0.6072572232266966,"['points', 'median_delta', 'startlist_quality']"
single,[  93    1    2    5 4641   53  200  255],8,0.028242704021137603,0.6642148845382484,"['points', 'length', 'startlist_quality']"
single,[   5    2 5240    1    1    1],6,0.006850606647132457,0.5591404224661157,"['length', 'climb_total', 'startlist_quality']"
single,[   1    1 5244    1    1    1    1],7,0.003743129471126248,0.5848569109151751,"['length', 'median_delta', 'startlist_quality']"
single,[   1    1 5243    1    1    1    1    1],8,0.003305070357676404,0.5848569109151751,"['length', 'median_delta', 'startlist_quality']"
single,[   5    2 5239    1    1    1    1],7,-0.006896467230328567,0.5591404224661157,"['length', 'climb_total', 'startlist_quality']"
single,[   5    2 5238    1    1    1    1    1],8,-0.03442428317083459,0.5591404224661157,"['length', 'climb_total', 'startlist_quality']"
